TimeStampUTC,WPointID,tplusH,GHI,temp,Rainfall,latitude,longitude
2026-04-02 01:00:00+00:00,63,1,0.0,3.8,0.0,46.375,14.0625
2026-04-02 01:00:00+00:00,76,1,0.0,4.6,0.0,46.3125,14.1875
2026-04-02 01:00:00+00:00,106,1,0.0,4.2,0.0,46.25,14.375
2026-04-02 01:00:00+00:00,122,1,0.0,5.6,0.0,46.0,14.4375
2026-04-02 01:00:00+00:00,127,1,0.0,5.4,0.0,46.125,14.5
2026-04-02 01:00:00+00:00,129,1,0.0,6.0,0.0,46.0,14.5
2026-04-02 01:00:00+00:00,177,1,0.0,3.2,0.0,45.625,14.8125
2026-04-02 01:00:00+00:00,194,1,0.0,5.9,0.0,46.5,15.0625
2026-04-02 01:00:00+00:00,236,1,0.0,7.1,0.0,45.8125,15.1875
2026-04-02 01:00:00+00:00,325,1,0.0,6.9,0.0,46.5625,15.625
2026-04-02 01:00:00+00:00,391,1,0.0,6.5,0.0,46.6875,16.0625
2026-04-02 01:00:00+00:00,422,1,0.0,6.0,0.0,46.25,15.25
2026-04-02 01:00:00+00:00,425,1,0.0,7.6,0.0,45.9375,15.5
2026-04-02 01:00:00+00:00,426,1,0.0,10.6,0.0,45.5625,13.75
2026-04-02 02:00:00+00:00,63,2,0.0,3.8,0.0,46.375,14.0625
2026-04-02 02:00:00+00:00,76,2,0.0,4.7,0.0,46.3125,14.1875
2026-04-02 02:00:00+00:00,106,2,0.0,4.3,0.0,46.25,14.375
2026-04-02 02:00:00+00:00,122,2,0.0,5.6,0.0,46.0,14.4375
2026-04-02 02:00:00+00:00,127,2,0.0,4.9,0.0,46.125,14.5
2026-04-02 02:00:00+00:00,129,2,0.0,6.1,0.0,46.0,14.5
2026-04-02 02:00:00+00:00,177,2,0.0,3.1,0.0,45.625,14.8125
2026-04-02 02:00:00+00:00,194,2,0.0,5.8,0.0,46.5,15.0625
2026-04-02 02:00:00+00:00,236,2,0.0,7.1,0.0,45.8125,15.1875
2026-04-02 02:00:00+00:00,325,2,0.0,6.9,0.0,46.5625,15.625
2026-04-02 02:00:00+00:00,391,2,0.0,6.4,0.0,46.6875,16.0625
2026-04-02 02:00:00+00:00,422,2,0.0,6.3,0.0,46.25,15.25
2026-04-02 02:00:00+00:00,425,2,0.0,7.6,0.0,45.9375,15.5
2026-04-02 02:00:00+00:00,426,2,0.0,10.6,0.0,45.5625,13.75
2026-04-02 03:00:00+00:00,63,3,0.0,3.6,0.0,46.375,14.0625
2026-04-02 03:00:00+00:00,76,3,0.0,4.6,0.0,46.3125,14.1875
2026-04-02 03:00:00+00:00,106,3,0.0,4.1,0.0,46.25,14.375
2026-04-02 03:00:00+00:00,122,3,0.0,5.6,0.0,46.0,14.4375
2026-04-02 03:00:00+00:00,127,3,0.0,4.5,0.0,46.125,14.5
2026-04-02 03:00:00+00:00,129,3,0.0,6.4,0.0,46.0,14.5
2026-04-02 03:00:00+00:00,177,3,0.0,2.9,0.0,45.625,14.8125
2026-04-02 03:00:00+00:00,194,3,0.0,5.6,0.0,46.5,15.0625
2026-04-02 03:00:00+00:00,236,3,0.0,7.0,0.0,45.8125,15.1875
2026-04-02 03:00:00+00:00,325,3,0.0,6.9,0.0,46.5625,15.625
2026-04-02 03:00:00+00:00,391,3,0.0,6.5,0.0,46.6875,16.0625
2026-04-02 03:00:00+00:00,422,3,0.0,6.4,0.0,46.25,15.25
2026-04-02 03:00:00+00:00,425,3,0.0,7.4,0.0,45.9375,15.5
2026-04-02 03:00:00+00:00,426,3,0.0,10.4,0.0,45.5625,13.75
2026-04-02 04:00:00+00:00,63,1,0.0,3.8,0.0,46.375,14.0625
2026-04-02 04:00:00+00:00,76,1,0.0,4.7,0.0,46.3125,14.1875
2026-04-02 04:00:00+00:00,106,1,0.0,4.1,0.0,46.25,14.375
2026-04-02 04:00:00+00:00,122,1,0.0,5.4,0.0,46.0,14.4375
2026-04-02 04:00:00+00:00,127,1,0.0,4.5,0.0,46.125,14.5
2026-04-02 04:00:00+00:00,129,1,0.0,6.2,0.0,46.0,14.5
2026-04-02 04:00:00+00:00,177,1,0.0,2.9,0.0,45.625,14.8125
2026-04-02 04:00:00+00:00,194,1,0.0,5.4,0.0,46.5,15.0625
2026-04-02 04:00:00+00:00,236,1,0.0,6.9,0.0,45.8125,15.1875
2026-04-02 04:00:00+00:00,325,1,0.0,7.1,0.0,46.5625,15.625
2026-04-02 04:00:00+00:00,391,1,0.0,6.6,0.0,46.6875,16.0625
2026-04-02 04:00:00+00:00,422,1,0.0,6.5,0.0,46.25,15.25
2026-04-02 04:00:00+00:00,425,1,0.0,7.3,0.0,45.9375,15.5
2026-04-02 04:00:00+00:00,426,1,0.0,10.4,0.0,45.5625,13.75
2026-04-02 05:00:00+00:00,63,2,2.0,3.8,0.0,46.375,14.0625
2026-04-02 05:00:00+00:00,76,2,2.0,4.5,0.0,46.3125,14.1875
2026-04-02 05:00:00+00:00,106,2,2.0,4.3,0.0,46.25,14.375
2026-04-02 05:00:00+00:00,122,2,2.0,5.5,0.0,46.0,14.4375
2026-04-02 05:00:00+00:00,127,2,2.0,4.0,0.0,46.125,14.5
2026-04-02 05:00:00+00:00,129,2,2.0,6.1,0.0,46.0,14.5
2026-04-02 05:00:00+00:00,177,2,1.0,2.8,0.0,45.625,14.8125
2026-04-02 05:00:00+00:00,194,2,2.0,5.1,0.0,46.5,15.0625
2026-04-02 05:00:00+00:00,236,2,2.0,6.8,0.0,45.8125,15.1875
2026-04-02 05:00:00+00:00,325,2,2.0,7.0,0.0,46.5625,15.625
2026-04-02 05:00:00+00:00,391,2,3.0,6.6,0.0,46.6875,16.0625
2026-04-02 05:00:00+00:00,422,2,2.0,6.1,0.0,46.25,15.25
2026-04-02 05:00:00+00:00,425,2,2.0,7.2,0.0,45.9375,15.5
2026-04-02 05:00:00+00:00,426,2,1.0,10.3,0.0,45.5625,13.75
2026-04-02 06:00:00+00:00,63,3,59.0,4.6,0.0,46.375,14.0625
2026-04-02 06:00:00+00:00,63,6,61.0,4.3,0.0,46.375,14.0625
2026-04-02 06:00:00+00:00,76,3,65.0,5.7,0.0,46.3125,14.1875
2026-04-02 06:00:00+00:00,76,6,63.0,5.6,0.0,46.3125,14.1875
2026-04-02 06:00:00+00:00,106,3,67.0,5.0,0.0,46.25,14.375
2026-04-02 06:00:00+00:00,106,6,64.0,4.9,0.0,46.25,14.375
2026-04-02 06:00:00+00:00,122,3,50.0,6.3,0.0,46.0,14.4375
2026-04-02 06:00:00+00:00,122,6,54.0,6.2,0.0,46.0,14.4375
2026-04-02 06:00:00+00:00,127,3,63.0,4.1,0.0,46.125,14.5
2026-04-02 06:00:00+00:00,127,6,68.0,4.1,0.0,46.125,14.5
2026-04-02 06:00:00+00:00,129,3,50.0,6.8,0.0,46.0,14.5
2026-04-02 06:00:00+00:00,129,6,58.0,7.0,0.0,46.0,14.5
2026-04-02 06:00:00+00:00,177,3,52.0,3.2,0.0,45.625,14.8125
2026-04-02 06:00:00+00:00,177,6,53.0,3.1,0.0,45.625,14.8125
2026-04-02 06:00:00+00:00,194,3,57.0,5.6,0.0,46.5,15.0625
2026-04-02 06:00:00+00:00,194,6,56.0,5.6,0.0,46.5,15.0625
2026-04-02 06:00:00+00:00,236,3,35.0,7.0,0.0,45.8125,15.1875
2026-04-02 06:00:00+00:00,236,6,46.0,7.1,0.0,45.8125,15.1875
2026-04-02 06:00:00+00:00,325,3,35.0,7.4,0.0,46.5625,15.625
2026-04-02 06:00:00+00:00,325,6,43.0,7.4,0.0,46.5625,15.625
2026-04-02 06:00:00+00:00,391,3,38.0,7.0,0.0,46.6875,16.0625
2026-04-02 06:00:00+00:00,391,6,35.0,7.1,0.0,46.6875,16.0625
2026-04-02 06:00:00+00:00,422,3,55.0,6.2,0.0,46.25,15.25
2026-04-02 06:00:00+00:00,422,6,53.0,6.3,0.0,46.25,15.25
2026-04-02 06:00:00+00:00,425,3,51.0,7.7,0.0,45.9375,15.5
2026-04-02 06:00:00+00:00,425,6,56.0,7.8,0.0,45.9375,15.5
2026-04-02 06:00:00+00:00,426,3,59.0,10.6,0.0,45.5625,13.75
2026-04-02 06:00:00+00:00,426,6,62.0,10.7,0.0,45.5625,13.75
2026-04-02 07:00:00+00:00,63,1,166.0,6.2,0.0,46.375,14.0625
2026-04-02 07:00:00+00:00,76,1,188.0,7.2,0.0,46.3125,14.1875
2026-04-02 07:00:00+00:00,106,1,180.0,6.4,0.0,46.25,14.375
2026-04-02 07:00:00+00:00,122,1,156.0,7.8,0.0,46.0,14.4375
2026-04-02 07:00:00+00:00,127,1,172.0,6.0,0.0,46.125,14.5
2026-04-02 07:00:00+00:00,129,1,147.0,8.3,0.0,46.0,14.5
2026-04-02 07:00:00+00:00,177,1,101.0,3.8,0.0,45.625,14.8125
2026-04-02 07:00:00+00:00,194,1,119.0,6.9,0.0,46.5,15.0625
2026-04-02 07:00:00+00:00,236,1,129.0,8.0,0.0,45.8125,15.1875
2026-04-02 07:00:00+00:00,325,1,93.0,8.1,0.0,46.5625,15.625
2026-04-02 07:00:00+00:00,391,1,115.0,7.8,0.0,46.6875,16.0625
2026-04-02 07:00:00+00:00,422,1,151.0,7.7,0.0,46.25,15.25
2026-04-02 07:00:00+00:00,425,1,153.0,8.5,0.0,45.9375,15.5
2026-04-02 07:00:00+00:00,426,1,196.0,11.5,0.0,45.5625,13.75
2026-04-02 08:00:00+00:00,63,2,299.0,7.4,0.0,46.375,14.0625
2026-04-02 08:00:00+00:00,76,2,342.0,8.5,0.0,46.3125,14.1875
2026-04-02 08:00:00+00:00,106,2,345.0,8.6,0.0,46.25,14.375
2026-04-02 08:00:00+00:00,122,2,277.0,9.4,0.0,46.0,14.4375
2026-04-02 08:00:00+00:00,127,2,304.0,8.2,0.0,46.125,14.5
2026-04-02 08:00:00+00:00,129,2,265.0,9.9,0.0,46.0,14.5
2026-04-02 08:00:00+00:00,177,2,217.0,4.8,0.0,45.625,14.8125
2026-04-02 08:00:00+00:00,194,2,240.0,8.1,0.0,46.5,15.0625
2026-04-02 08:00:00+00:00,236,2,195.0,8.9,0.0,45.8125,15.1875
2026-04-02 08:00:00+00:00,325,2,126.0,8.5,0.0,46.5625,15.625
2026-04-02 08:00:00+00:00,391,2,243.0,8.7,0.0,46.6875,16.0625
2026-04-02 08:00:00+00:00,422,2,222.0,8.8,0.0,46.25,15.25
2026-04-02 08:00:00+00:00,425,2,229.0,9.2,0.0,45.9375,15.5
2026-04-02 08:00:00+00:00,426,2,375.0,12.7,0.0,45.5625,13.75
2026-04-02 09:00:00+00:00,63,3,431.0,8.4,0.0,46.375,14.0625
2026-04-02 09:00:00+00:00,63,6,426.0,8.5,0.0,46.375,14.0625
2026-04-02 09:00:00+00:00,76,3,454.0,9.5,0.0,46.3125,14.1875
2026-04-02 09:00:00+00:00,76,6,474.0,9.7,0.0,46.3125,14.1875
2026-04-02 09:00:00+00:00,106,3,501.0,10.1,0.0,46.25,14.375
2026-04-02 09:00:00+00:00,106,6,474.0,9.9,0.0,46.25,14.375
2026-04-02 09:00:00+00:00,122,3,396.0,11.1,0.0,46.0,14.4375
2026-04-02 09:00:00+00:00,122,6,442.0,11.3,0.0,46.0,14.4375
2026-04-02 09:00:00+00:00,127,3,444.0,10.0,0.0,46.125,14.5
2026-04-02 09:00:00+00:00,127,6,473.0,10.5,0.0,46.125,14.5
2026-04-02 09:00:00+00:00,129,3,380.0,11.5,0.0,46.0,14.5
2026-04-02 09:00:00+00:00,129,6,419.0,11.6,0.0,46.0,14.5
2026-04-02 09:00:00+00:00,177,3,273.0,5.6,0.0,45.625,14.8125
2026-04-02 09:00:00+00:00,177,6,328.0,5.6,0.0,45.625,14.8125
2026-04-02 09:00:00+00:00,194,3,291.0,8.8,0.0,46.5,15.0625
2026-04-02 09:00:00+00:00,194,6,279.0,8.6,0.0,46.5,15.0625
2026-04-02 09:00:00+00:00,236,3,292.0,10.1,0.0,45.8125,15.1875
2026-04-02 09:00:00+00:00,236,6,341.0,10.1,0.0,45.8125,15.1875
2026-04-02 09:00:00+00:00,325,3,179.0,9.0,0.0,46.5625,15.625
2026-04-02 09:00:00+00:00,325,6,214.0,8.8,0.0,46.5625,15.625
2026-04-02 09:00:00+00:00,391,3,237.0,9.5,0.0,46.6875,16.0625
2026-04-02 09:00:00+00:00,391,6,305.0,9.6,0.0,46.6875,16.0625
2026-04-02 09:00:00+00:00,422,3,263.0,10.7,0.0,46.25,15.25
2026-04-02 09:00:00+00:00,422,6,282.0,10.8,0.0,46.25,15.25
2026-04-02 09:00:00+00:00,425,3,366.0,10.4,0.0,45.9375,15.5
2026-04-02 09:00:00+00:00,425,6,408.0,10.3,0.0,45.9375,15.5
2026-04-02 09:00:00+00:00,426,3,567.0,14.0,0.0,45.5625,13.75
2026-04-02 09:00:00+00:00,426,6,548.0,14.1,0.0,45.5625,13.75
2026-04-02 10:00:00+00:00,63,1,567.0,9.1,0.0,46.375,14.0625
2026-04-02 10:00:00+00:00,76,1,594.0,10.3,0.0,46.3125,14.1875
2026-04-02 10:00:00+00:00,106,1,453.0,10.4,0.0,46.25,14.375
2026-04-02 10:00:00+00:00,122,1,391.0,11.4,0.0,46.0,14.4375
2026-04-02 10:00:00+00:00,127,1,417.0,11.3,0.0,46.125,14.5
2026-04-02 10:00:00+00:00,129,1,367.0,11.6,0.0,46.0,14.5
2026-04-02 10:00:00+00:00,177,1,262.0,5.8,0.0,45.625,14.8125
2026-04-02 10:00:00+00:00,194,1,318.0,9.3,0.0,46.5,15.0625
2026-04-02 10:00:00+00:00,236,1,328.0,10.5,0.0,45.8125,15.1875
2026-04-02 10:00:00+00:00,325,1,204.0,9.4,0.0,46.5625,15.625
2026-04-02 10:00:00+00:00,391,1,293.0,10.0,0.0,46.6875,16.0625
2026-04-02 10:00:00+00:00,422,1,320.0,11.6,0.0,46.25,15.25
2026-04-02 10:00:00+00:00,425,1,477.0,11.0,0.0,45.9375,15.5
2026-04-02 10:00:00+00:00,426,1,656.0,14.6,0.0,45.5625,13.75
2026-04-02 11:00:00+00:00,63,2,593.0,9.8,0.0,46.375,14.0625
2026-04-02 11:00:00+00:00,76,2,618.0,10.8,0.0,46.3125,14.1875
2026-04-02 11:00:00+00:00,106,2,530.0,11.4,0.0,46.25,14.375
2026-04-02 11:00:00+00:00,122,2,401.0,12.1,0.0,46.0,14.4375
2026-04-02 11:00:00+00:00,127,2,372.0,11.8,0.0,46.125,14.5
2026-04-02 11:00:00+00:00,129,2,437.0,12.2,0.0,46.0,14.5
2026-04-02 11:00:00+00:00,177,2,300.0,6.5,0.0,45.625,14.8125
2026-04-02 11:00:00+00:00,194,2,340.0,10.0,0.0,46.5,15.0625
2026-04-02 11:00:00+00:00,236,2,422.0,11.4,0.0,45.8125,15.1875
2026-04-02 11:00:00+00:00,325,2,210.0,9.9,0.0,46.5625,15.625
2026-04-02 11:00:00+00:00,391,2,296.0,10.4,0.0,46.6875,16.0625
2026-04-02 11:00:00+00:00,422,2,278.0,11.8,0.0,46.25,15.25
2026-04-02 11:00:00+00:00,425,2,508.0,11.7,0.0,45.9375,15.5
2026-04-02 11:00:00+00:00,426,2,688.0,15.4,0.0,45.5625,13.75
2026-04-02 12:00:00+00:00,63,3,636.0,10.6,0.0,46.375,14.0625
2026-04-02 12:00:00+00:00,63,6,626.0,10.8,0.0,46.375,14.0625
2026-04-02 12:00:00+00:00,76,3,599.0,11.5,0.0,46.3125,14.1875
2026-04-02 12:00:00+00:00,76,6,567.0,11.6,0.0,46.3125,14.1875
2026-04-02 12:00:00+00:00,106,3,528.0,12.6,0.0,46.25,14.375
2026-04-02 12:00:00+00:00,106,6,595.0,13.4,0.0,46.25,14.375
2026-04-02 12:00:00+00:00,122,3,376.0,12.7,0.0,46.0,14.4375
2026-04-02 12:00:00+00:00,122,6,382.0,13.1,0.0,46.0,14.4375
2026-04-02 12:00:00+00:00,127,3,448.0,12.7,0.0,46.125,14.5
2026-04-02 12:00:00+00:00,127,6,445.0,13.2,0.0,46.125,14.5
2026-04-02 12:00:00+00:00,129,3,375.0,12.7,0.0,46.0,14.5
2026-04-02 12:00:00+00:00,129,6,364.0,13.1,0.0,46.0,14.5
2026-04-02 12:00:00+00:00,177,3,383.0,7.5,0.0,45.625,14.8125
2026-04-02 12:00:00+00:00,177,6,395.0,8.0,0.0,45.625,14.8125
2026-04-02 12:00:00+00:00,194,3,356.0,10.6,0.0,46.5,15.0625
2026-04-02 12:00:00+00:00,194,6,340.0,10.6,0.0,46.5,15.0625
2026-04-02 12:00:00+00:00,236,3,393.0,11.6,0.0,45.8125,15.1875
2026-04-02 12:00:00+00:00,236,6,449.0,12.2,0.0,45.8125,15.1875
2026-04-02 12:00:00+00:00,325,3,212.0,10.3,0.0,46.5625,15.625
2026-04-02 12:00:00+00:00,325,6,221.0,10.7,0.0,46.5625,15.625
2026-04-02 12:00:00+00:00,391,3,327.0,11.1,0.0,46.6875,16.0625
2026-04-02 12:00:00+00:00,391,6,434.0,11.8,0.0,46.6875,16.0625
2026-04-02 12:00:00+00:00,422,3,312.0,12.5,0.0,46.25,15.25
2026-04-02 12:00:00+00:00,422,6,412.0,12.9,0.0,46.25,15.25
2026-04-02 12:00:00+00:00,425,3,505.0,12.0,0.0,45.9375,15.5
2026-04-02 12:00:00+00:00,425,6,498.0,12.4,0.0,45.9375,15.5
2026-04-02 12:00:00+00:00,426,3,653.0,15.9,0.0,45.5625,13.75
2026-04-02 12:00:00+00:00,426,6,702.0,16.5,0.0,45.5625,13.75
2026-04-02 13:00:00+00:00,63,1,530.0,10.4,0.0,46.375,14.0625
2026-04-02 13:00:00+00:00,76,1,503.0,11.5,0.0,46.3125,14.1875
2026-04-02 13:00:00+00:00,106,1,538.0,13.2,0.0,46.25,14.375
2026-04-02 13:00:00+00:00,122,1,406.0,12.9,0.0,46.0,14.4375
2026-04-02 13:00:00+00:00,127,1,480.0,13.2,0.0,46.125,14.5
2026-04-02 13:00:00+00:00,129,1,393.0,13.0,0.0,46.0,14.5
2026-04-02 13:00:00+00:00,177,1,310.0,7.3,0.0,45.625,14.8125
2026-04-02 13:00:00+00:00,194,1,367.0,11.0,0.0,46.5,15.0625
2026-04-02 13:00:00+00:00,236,1,285.0,11.6,0.0,45.8125,15.1875
2026-04-02 13:00:00+00:00,325,1,229.0,11.0,0.0,46.5625,15.625
2026-04-02 13:00:00+00:00,391,1,383.0,11.6,0.0,46.6875,16.0625
2026-04-02 13:00:00+00:00,422,1,326.0,13.1,0.0,46.25,15.25
2026-04-02 13:00:00+00:00,425,1,436.0,12.0,0.0,45.9375,15.5
2026-04-02 13:00:00+00:00,426,1,607.0,15.8,0.0,45.5625,13.75
2026-04-02 14:00:00+00:00,63,2,429.0,10.2,0.0,46.375,14.0625
2026-04-02 14:00:00+00:00,76,2,414.0,11.3,0.0,46.3125,14.1875
2026-04-02 14:00:00+00:00,106,2,462.0,13.2,0.0,46.25,14.375
2026-04-02 14:00:00+00:00,122,2,356.0,13.0,0.0,46.0,14.4375
2026-04-02 14:00:00+00:00,127,2,357.0,13.3,0.0,46.125,14.5
2026-04-02 14:00:00+00:00,129,2,343.0,13.1,0.0,46.0,14.5
2026-04-02 14:00:00+00:00,177,2,240.0,7.4,0.0,45.625,14.8125
2026-04-02 14:00:00+00:00,194,2,314.0,11.1,0.0,46.5,15.0625
2026-04-02 14:00:00+00:00,236,2,282.0,11.7,0.0,45.8125,15.1875
2026-04-02 14:00:00+00:00,325,2,164.0,11.0,0.0,46.5625,15.625
2026-04-02 14:00:00+00:00,391,2,294.0,11.6,0.0,46.6875,16.0625
2026-04-02 14:00:00+00:00,422,2,335.0,13.3,0.0,46.25,15.25
2026-04-02 14:00:00+00:00,425,2,384.0,12.2,0.0,45.9375,15.5
2026-04-02 14:00:00+00:00,426,2,506.0,15.9,0.0,45.5625,13.75
2026-04-02 15:00:00+00:00,63,3,327.0,10.2,0.0,46.375,14.0625
2026-04-02 15:00:00+00:00,63,6,343.0,10.4,0.0,46.375,14.0625
2026-04-02 15:00:00+00:00,76,3,315.0,11.2,0.0,46.3125,14.1875
2026-04-02 15:00:00+00:00,76,6,310.0,11.3,0.0,46.3125,14.1875
2026-04-02 15:00:00+00:00,106,3,290.0,12.8,0.0,46.25,14.375
2026-04-02 15:00:00+00:00,106,6,303.0,12.8,0.0,46.25,14.375
2026-04-02 15:00:00+00:00,122,3,262.0,12.9,0.0,46.0,14.4375
2026-04-02 15:00:00+00:00,122,6,293.0,12.9,0.0,46.0,14.4375
2026-04-02 15:00:00+00:00,127,3,245.0,13.0,0.0,46.125,14.5
2026-04-02 15:00:00+00:00,127,6,226.0,12.8,0.0,46.125,14.5
2026-04-02 15:00:00+00:00,129,3,275.0,13.1,0.0,46.0,14.5
2026-04-02 15:00:00+00:00,129,6,306.0,13.0,0.0,46.0,14.5
2026-04-02 15:00:00+00:00,177,3,218.0,7.3,0.0,45.625,14.8125
2026-04-02 15:00:00+00:00,177,6,189.0,7.4,0.0,45.625,14.8125
2026-04-02 15:00:00+00:00,194,3,215.0,10.9,0.0,46.5,15.0625
2026-04-02 15:00:00+00:00,194,6,264.0,10.8,0.0,46.5,15.0625
2026-04-02 15:00:00+00:00,236,3,255.0,11.9,0.0,45.8125,15.1875
2026-04-02 15:00:00+00:00,236,6,243.0,11.9,0.0,45.8125,15.1875
2026-04-02 15:00:00+00:00,325,3,99.0,10.9,0.1,46.5625,15.625
2026-04-02 15:00:00+00:00,325,6,73.0,10.2,0.2,46.5625,15.625
2026-04-02 15:00:00+00:00,391,3,228.0,11.7,0.0,46.6875,16.0625
2026-04-02 15:00:00+00:00,391,6,225.0,11.0,0.0,46.6875,16.0625
2026-04-02 15:00:00+00:00,422,3,223.0,12.9,0.0,46.25,15.25
2026-04-02 15:00:00+00:00,422,6,201.0,12.3,0.0,46.25,15.25
2026-04-02 15:00:00+00:00,425,3,328.0,12.5,0.0,45.9375,15.5
2026-04-02 15:00:00+00:00,425,6,279.0,12.3,0.0,45.9375,15.5
2026-04-02 15:00:00+00:00,426,3,349.0,15.9,0.0,45.5625,13.75
2026-04-02 15:00:00+00:00,426,6,353.0,16.1,0.0,45.5625,13.75
2026-04-02 16:00:00+00:00,63,1,187.0,9.6,0.0,46.375,14.0625
2026-04-02 16:00:00+00:00,76,1,196.0,10.5,0.0,46.3125,14.1875
2026-04-02 16:00:00+00:00,106,1,166.0,12.2,0.0,46.25,14.375
2026-04-02 16:00:00+00:00,122,1,143.0,12.3,0.0,46.0,14.4375
2026-04-02 16:00:00+00:00,127,1,150.0,12.6,0.0,46.125,14.5
2026-04-02 16:00:00+00:00,129,1,149.0,12.5,0.0,46.0,14.5
2026-04-02 16:00:00+00:00,177,1,134.0,7.3,0.0,45.625,14.8125
2026-04-02 16:00:00+00:00,194,1,133.0,10.6,0.0,46.5,15.0625
2026-04-02 16:00:00+00:00,236,1,149.0,11.7,0.0,45.8125,15.1875
2026-04-02 16:00:00+00:00,325,1,58.0,11.2,0.1,46.5625,15.625
2026-04-02 16:00:00+00:00,391,1,154.0,11.5,0.0,46.6875,16.0625
2026-04-02 16:00:00+00:00,422,1,143.0,12.4,0.0,46.25,15.25
2026-04-02 16:00:00+00:00,425,1,179.0,12.0,0.0,45.9375,15.5
2026-04-02 16:00:00+00:00,426,1,202.0,15.2,0.0,45.5625,13.75
2026-04-02 17:00:00+00:00,63,2,75.0,9.1,0.0,46.375,14.0625
2026-04-02 17:00:00+00:00,76,2,78.0,9.9,0.0,46.3125,14.1875
2026-04-02 17:00:00+00:00,106,2,67.0,11.4,0.0,46.25,14.375
2026-04-02 17:00:00+00:00,122,2,49.0,11.8,0.0,46.0,14.4375
2026-04-02 17:00:00+00:00,127,2,56.0,11.8,0.0,46.125,14.5
2026-04-02 17:00:00+00:00,129,2,50.0,12.0,0.0,46.0,14.5
2026-04-02 17:00:00+00:00,177,2,43.0,6.9,0.0,45.625,14.8125
2026-04-02 17:00:00+00:00,194,2,48.0,10.0,0.0,46.5,15.0625
2026-04-02 17:00:00+00:00,236,2,47.0,11.2,0.0,45.8125,15.1875
2026-04-02 17:00:00+00:00,325,2,28.0,11.1,0.0,46.5625,15.625
2026-04-02 17:00:00+00:00,391,2,57.0,11.0,0.0,46.6875,16.0625
2026-04-02 17:00:00+00:00,422,2,50.0,12.1,0.0,46.25,15.25
2026-04-02 17:00:00+00:00,425,2,61.0,11.7,0.0,45.9375,15.5
2026-04-02 17:00:00+00:00,426,2,84.0,14.9,0.0,45.5625,13.75
2026-04-02 18:00:00+00:00,63,3,6.0,8.1,0.0,46.375,14.0625
2026-04-02 18:00:00+00:00,63,6,5.0,8.0,0.0,46.375,14.0625
2026-04-02 18:00:00+00:00,76,3,6.0,9.0,0.0,46.3125,14.1875
2026-04-02 18:00:00+00:00,76,6,6.0,9.0,0.0,46.3125,14.1875
2026-04-02 18:00:00+00:00,106,3,5.0,10.2,0.0,46.25,14.375
2026-04-02 18:00:00+00:00,106,6,5.0,10.1,0.0,46.25,14.375
2026-04-02 18:00:00+00:00,122,3,4.0,10.8,0.0,46.0,14.4375
2026-04-02 18:00:00+00:00,122,6,4.0,11.0,0.0,46.0,14.4375
2026-04-02 18:00:00+00:00,127,3,4.0,10.7,0.0,46.125,14.5
2026-04-02 18:00:00+00:00,127,6,4.0,10.7,0.0,46.125,14.5
2026-04-02 18:00:00+00:00,129,3,4.0,11.0,0.0,46.0,14.5
2026-04-02 18:00:00+00:00,129,6,4.0,11.2,0.0,46.0,14.5
2026-04-02 18:00:00+00:00,177,3,2.0,6.5,0.0,45.625,14.8125
2026-04-02 18:00:00+00:00,177,6,2.0,6.4,0.0,45.625,14.8125
2026-04-02 18:00:00+00:00,194,3,3.0,9.5,0.0,46.5,15.0625
2026-04-02 18:00:00+00:00,194,6,3.0,9.2,0.0,46.5,15.0625
2026-04-02 18:00:00+00:00,236,3,3.0,10.6,0.0,45.8125,15.1875
2026-04-02 18:00:00+00:00,236,6,2.0,10.4,0.0,45.8125,15.1875
2026-04-02 18:00:00+00:00,325,3,2.0,10.1,0.0,46.5625,15.625
2026-04-02 18:00:00+00:00,325,6,2.0,10.1,0.0,46.5625,15.625
2026-04-02 18:00:00+00:00,391,3,3.0,10.2,0.2,46.6875,16.0625
2026-04-02 18:00:00+00:00,391,6,3.0,9.9,0.0,46.6875,16.0625
2026-04-02 18:00:00+00:00,422,3,3.0,11.4,0.0,46.25,15.25
2026-04-02 18:00:00+00:00,422,6,2.0,11.1,0.0,46.25,15.25
2026-04-02 18:00:00+00:00,425,3,3.0,11.1,0.0,45.9375,15.5
2026-04-02 18:00:00+00:00,425,6,2.0,11.1,0.1,45.9375,15.5
2026-04-02 18:00:00+00:00,426,3,7.0,14.0,0.0,45.5625,13.75
2026-04-02 18:00:00+00:00,426,6,6.0,14.0,0.0,45.5625,13.75
2026-04-02 19:00:00+00:00,63,1,0.0,7.6,0.0,46.375,14.0625
2026-04-02 19:00:00+00:00,76,1,0.0,8.5,0.0,46.3125,14.1875
2026-04-02 19:00:00+00:00,106,1,0.0,9.3,0.0,46.25,14.375
2026-04-02 19:00:00+00:00,122,1,0.0,10.2,0.0,46.0,14.4375
2026-04-02 19:00:00+00:00,127,1,0.0,10.2,0.0,46.125,14.5
2026-04-02 19:00:00+00:00,129,1,0.0,10.6,0.0,46.0,14.5
2026-04-02 19:00:00+00:00,177,1,0.0,6.3,0.0,45.625,14.8125
2026-04-02 19:00:00+00:00,194,1,0.0,9.0,0.0,46.5,15.0625
2026-04-02 19:00:00+00:00,236,1,0.0,10.2,0.0,45.8125,15.1875
2026-04-02 19:00:00+00:00,325,1,0.0,9.2,0.1,46.5625,15.625
2026-04-02 19:00:00+00:00,391,1,0.0,9.6,0.2,46.6875,16.0625
2026-04-02 19:00:00+00:00,422,1,0.0,10.8,0.0,46.25,15.25
2026-04-02 19:00:00+00:00,425,1,0.0,11.0,0.0,45.9375,15.5
2026-04-02 19:00:00+00:00,426,1,0.0,13.7,0.0,45.5625,13.75
2026-04-02 20:00:00+00:00,63,2,0.0,7.1,0.0,46.375,14.0625
2026-04-02 20:00:00+00:00,76,2,0.0,8.1,0.0,46.3125,14.1875
2026-04-02 20:00:00+00:00,106,2,0.0,8.6,0.0,46.25,14.375
2026-04-02 20:00:00+00:00,122,2,0.0,9.7,0.0,46.0,14.4375
2026-04-02 20:00:00+00:00,127,2,0.0,9.6,0.0,46.125,14.5
2026-04-02 20:00:00+00:00,129,2,0.0,10.0,0.0,46.0,14.5
2026-04-02 20:00:00+00:00,177,2,0.0,6.2,0.1,45.625,14.8125
2026-04-02 20:00:00+00:00,194,2,0.0,8.6,0.0,46.5,15.0625
2026-04-02 20:00:00+00:00,236,2,0.0,9.6,0.0,45.8125,15.1875
2026-04-02 20:00:00+00:00,325,2,0.0,9.0,0.0,46.5625,15.625
2026-04-02 20:00:00+00:00,391,2,0.0,9.3,0.1,46.6875,16.0625
2026-04-02 20:00:00+00:00,422,2,0.0,9.9,0.0,46.25,15.25
2026-04-02 20:00:00+00:00,425,2,0.0,10.8,0.1,45.9375,15.5
2026-04-02 20:00:00+00:00,426,2,0.0,13.4,0.0,45.5625,13.75
2026-04-02 21:00:00+00:00,63,3,0.0,6.8,0.1,46.375,14.0625
2026-04-02 21:00:00+00:00,63,6,0.0,6.9,0.1,46.375,14.0625
2026-04-02 21:00:00+00:00,76,3,0.0,7.8,0.0,46.3125,14.1875
2026-04-02 21:00:00+00:00,76,6,0.0,7.8,0.0,46.3125,14.1875
2026-04-02 21:00:00+00:00,106,3,0.0,8.4,0.0,46.25,14.375
2026-04-02 21:00:00+00:00,106,6,0.0,8.5,0.0,46.25,14.375
2026-04-02 21:00:00+00:00,122,3,0.0,9.4,0.0,46.0,14.4375
2026-04-02 21:00:00+00:00,122,6,0.0,9.3,0.0,46.0,14.4375
2026-04-02 21:00:00+00:00,127,3,0.0,8.9,0.0,46.125,14.5
2026-04-02 21:00:00+00:00,127,6,0.0,8.8,0.0,46.125,14.5
2026-04-02 21:00:00+00:00,129,3,0.0,9.7,0.0,46.0,14.5
2026-04-02 21:00:00+00:00,129,6,0.0,9.4,0.0,46.0,14.5
2026-04-02 21:00:00+00:00,177,3,0.0,6.3,0.0,45.625,14.8125
2026-04-02 21:00:00+00:00,177,6,0.0,6.2,0.0,45.625,14.8125
2026-04-02 21:00:00+00:00,194,3,0.0,8.2,0.0,46.5,15.0625
2026-04-02 21:00:00+00:00,194,6,0.0,8.0,0.0,46.5,15.0625
2026-04-02 21:00:00+00:00,236,3,0.0,9.3,0.0,45.8125,15.1875
2026-04-02 21:00:00+00:00,236,6,0.0,9.4,0.0,45.8125,15.1875
2026-04-02 21:00:00+00:00,325,3,0.0,8.7,0.2,46.5625,15.625
2026-04-02 21:00:00+00:00,325,6,0.0,8.7,0.2,46.5625,15.625
2026-04-02 21:00:00+00:00,391,3,0.0,8.9,0.0,46.6875,16.0625
2026-04-02 21:00:00+00:00,391,6,0.0,8.6,0.1,46.6875,16.0625
2026-04-02 21:00:00+00:00,422,3,0.0,8.7,0.2,46.25,15.25
2026-04-02 21:00:00+00:00,422,6,0.0,8.8,0.1,46.25,15.25
2026-04-02 21:00:00+00:00,425,3,0.0,10.8,0.0,45.9375,15.5
2026-04-02 21:00:00+00:00,425,6,0.0,10.7,0.0,45.9375,15.5
2026-04-02 21:00:00+00:00,426,3,0.0,12.9,0.0,45.5625,13.75
2026-04-02 21:00:00+00:00,426,6,0.0,12.8,0.0,45.5625,13.75
2026-04-02 22:00:00+00:00,63,1,0.0,6.5,0.0,46.375,14.0625
2026-04-02 22:00:00+00:00,76,1,0.0,7.6,0.0,46.3125,14.1875
2026-04-02 22:00:00+00:00,106,1,0.0,8.0,0.0,46.25,14.375
2026-04-02 22:00:00+00:00,122,1,0.0,8.8,0.0,46.0,14.4375
2026-04-02 22:00:00+00:00,127,1,0.0,8.1,0.0,46.125,14.5
2026-04-02 22:00:00+00:00,129,1,0.0,8.7,0.0,46.0,14.5
2026-04-02 22:00:00+00:00,177,1,0.0,6.2,0.1,45.625,14.8125
2026-04-02 22:00:00+00:00,194,1,0.0,8.1,0.0,46.5,15.0625
2026-04-02 22:00:00+00:00,236,1,0.0,9.1,0.0,45.8125,15.1875
2026-04-02 22:00:00+00:00,325,1,0.0,8.8,0.1,46.5625,15.625
2026-04-02 22:00:00+00:00,391,1,0.0,8.7,0.0,46.6875,16.0625
2026-04-02 22:00:00+00:00,422,1,0.0,8.5,0.2,46.25,15.25
2026-04-02 22:00:00+00:00,425,1,0.0,10.8,0.0,45.9375,15.5
2026-04-02 22:00:00+00:00,426,1,0.0,12.7,0.0,45.5625,13.75
2026-04-02 23:00:00+00:00,63,2,0.0,6.3,0.0,46.375,14.0625
2026-04-02 23:00:00+00:00,76,2,0.0,7.6,0.0,46.3125,14.1875
2026-04-02 23:00:00+00:00,106,2,0.0,8.0,0.0,46.25,14.375
2026-04-02 23:00:00+00:00,122,2,0.0,8.3,0.0,46.0,14.4375
2026-04-02 23:00:00+00:00,127,2,0.0,7.9,0.0,46.125,14.5
2026-04-02 23:00:00+00:00,129,2,0.0,8.0,0.0,46.0,14.5
2026-04-02 23:00:00+00:00,177,2,0.0,6.3,0.0,45.625,14.8125
2026-04-02 23:00:00+00:00,194,2,0.0,7.6,0.0,46.5,15.0625
2026-04-02 23:00:00+00:00,236,2,0.0,9.2,0.0,45.8125,15.1875
2026-04-02 23:00:00+00:00,325,2,0.0,8.7,0.1,46.5625,15.625
2026-04-02 23:00:00+00:00,391,2,0.0,8.3,0.0,46.6875,16.0625
2026-04-02 23:00:00+00:00,422,2,0.0,8.3,0.1,46.25,15.25
2026-04-02 23:00:00+00:00,425,2,0.0,10.6,0.0,45.9375,15.5
2026-04-02 23:00:00+00:00,426,2,0.0,12.3,0.0,45.5625,13.75
2026-04-03 00:00:00+00:00,63,3,0.0,5.9,0.0,46.375,14.0625
2026-04-03 00:00:00+00:00,63,6,0.0,5.6,0.0,46.375,14.0625
2026-04-03 00:00:00+00:00,63,24,0.0,5.8,0.0,46.375,14.0625
2026-04-03 00:00:00+00:00,76,3,0.0,7.7,0.0,46.3125,14.1875
2026-04-03 00:00:00+00:00,76,6,0.0,7.6,0.0,46.3125,14.1875
2026-04-03 00:00:00+00:00,76,24,0.0,7.2,0.0,46.3125,14.1875
2026-04-03 00:00:00+00:00,106,3,0.0,7.9,0.0,46.25,14.375
2026-04-03 00:00:00+00:00,106,6,0.0,8.1,0.0,46.25,14.375
2026-04-03 00:00:00+00:00,106,24,0.0,7.5,0.0,46.25,14.375
2026-04-03 00:00:00+00:00,122,3,0.0,7.8,0.0,46.0,14.4375
2026-04-03 00:00:00+00:00,122,6,0.0,7.5,0.0,46.0,14.4375
2026-04-03 00:00:00+00:00,122,24,0.0,8.4,0.0,46.0,14.4375
2026-04-03 00:00:00+00:00,127,3,0.0,7.6,0.0,46.125,14.5
2026-04-03 00:00:00+00:00,127,6,0.0,7.6,0.0,46.125,14.5
2026-04-03 00:00:00+00:00,127,24,0.0,8.0,0.0,46.125,14.5
2026-04-03 00:00:00+00:00,129,3,0.0,7.7,0.0,46.0,14.5
2026-04-03 00:00:00+00:00,129,6,0.0,7.4,0.0,46.0,14.5
2026-04-03 00:00:00+00:00,129,24,0.0,8.4,0.0,46.0,14.5
2026-04-03 00:00:00+00:00,177,3,0.0,6.1,0.1,45.625,14.8125
2026-04-03 00:00:00+00:00,177,6,0.0,6.2,0.1,45.625,14.8125
2026-04-03 00:00:00+00:00,177,24,0.0,5.7,0.1,45.625,14.8125
2026-04-03 00:00:00+00:00,194,3,0.0,7.3,0.0,46.5,15.0625
2026-04-03 00:00:00+00:00,194,6,0.0,7.0,0.0,46.5,15.0625
2026-04-03 00:00:00+00:00,194,24,0.0,6.8,0.0,46.5,15.0625
2026-04-03 00:00:00+00:00,236,3,0.0,8.9,0.0,45.8125,15.1875
2026-04-03 00:00:00+00:00,236,6,0.0,9.0,0.1,45.8125,15.1875
2026-04-03 00:00:00+00:00,236,24,0.0,8.9,0.0,45.8125,15.1875
2026-04-03 00:00:00+00:00,325,3,0.0,8.9,0.2,46.5625,15.625
2026-04-03 00:00:00+00:00,325,6,0.0,8.9,0.1,46.5625,15.625
2026-04-03 00:00:00+00:00,325,24,0.0,9.0,0.0,46.5625,15.625
2026-04-03 00:00:00+00:00,391,3,0.0,8.1,0.1,46.6875,16.0625
2026-04-03 00:00:00+00:00,391,6,0.0,7.6,0.2,46.6875,16.0625
2026-04-03 00:00:00+00:00,391,24,0.0,7.9,0.0,46.6875,16.0625
2026-04-03 00:00:00+00:00,422,3,0.0,7.7,0.0,46.25,15.25
2026-04-03 00:00:00+00:00,422,6,0.0,7.3,0.0,46.25,15.25
2026-04-03 00:00:00+00:00,422,24,0.0,8.3,0.0,46.25,15.25
2026-04-03 00:00:00+00:00,425,3,0.0,10.5,0.1,45.9375,15.5
2026-04-03 00:00:00+00:00,425,6,0.0,10.6,0.0,45.9375,15.5
2026-04-03 00:00:00+00:00,425,24,0.0,10.3,0.1,45.9375,15.5
2026-04-03 00:00:00+00:00,426,3,0.0,11.5,0.0,45.5625,13.75
2026-04-03 00:00:00+00:00,426,6,0.0,12.0,0.0,45.5625,13.75
2026-04-03 00:00:00+00:00,426,24,0.0,11.8,0.0,45.5625,13.75
2026-04-03 03:00:00+00:00,63,6,0.0,4.8,0.0,46.375,14.0625
2026-04-03 03:00:00+00:00,63,24,0.0,4.4,0.0,46.375,14.0625
2026-04-03 03:00:00+00:00,76,6,0.0,6.8,0.0,46.3125,14.1875
2026-04-03 03:00:00+00:00,76,24,0.0,6.9,0.0,46.3125,14.1875
2026-04-03 03:00:00+00:00,106,6,0.0,7.4,0.0,46.25,14.375
2026-04-03 03:00:00+00:00,106,24,0.0,7.0,0.0,46.25,14.375
2026-04-03 03:00:00+00:00,122,6,0.0,7.3,0.0,46.0,14.4375
2026-04-03 03:00:00+00:00,122,24,0.0,7.0,0.0,46.0,14.4375
2026-04-03 03:00:00+00:00,127,6,0.0,7.0,0.0,46.125,14.5
2026-04-03 03:00:00+00:00,127,24,0.0,6.6,0.0,46.125,14.5
2026-04-03 03:00:00+00:00,129,6,0.0,7.5,0.0,46.0,14.5
2026-04-03 03:00:00+00:00,129,24,0.0,6.9,0.0,46.0,14.5
2026-04-03 03:00:00+00:00,177,6,0.0,5.6,0.0,45.625,14.8125
2026-04-03 03:00:00+00:00,177,24,0.0,4.6,0.0,45.625,14.8125
2026-04-03 03:00:00+00:00,194,6,0.0,6.2,0.0,46.5,15.0625
2026-04-03 03:00:00+00:00,194,24,0.0,6.2,0.0,46.5,15.0625
2026-04-03 03:00:00+00:00,236,6,0.0,8.2,0.0,45.8125,15.1875
2026-04-03 03:00:00+00:00,236,24,0.0,7.7,0.0,45.8125,15.1875
2026-04-03 03:00:00+00:00,325,6,0.0,9.1,0.0,46.5625,15.625
2026-04-03 03:00:00+00:00,325,24,0.0,8.9,0.0,46.5625,15.625
2026-04-03 03:00:00+00:00,391,6,0.0,7.5,0.0,46.6875,16.0625
2026-04-03 03:00:00+00:00,391,24,0.0,7.2,0.0,46.6875,16.0625
2026-04-03 03:00:00+00:00,422,6,0.0,7.7,0.0,46.25,15.25
2026-04-03 03:00:00+00:00,422,24,0.0,7.3,0.0,46.25,15.25
2026-04-03 03:00:00+00:00,425,6,0.0,10.1,0.1,45.9375,15.5
2026-04-03 03:00:00+00:00,425,24,0.0,9.5,0.0,45.9375,15.5
2026-04-03 03:00:00+00:00,426,6,0.0,10.7,0.0,45.5625,13.75
2026-04-03 03:00:00+00:00,426,24,0.0,11.7,0.0,45.5625,13.75
2026-04-03 06:00:00+00:00,63,24,81.0,4.9,0.0,46.375,14.0625
2026-04-03 06:00:00+00:00,76,24,79.0,7.6,0.0,46.3125,14.1875
2026-04-03 06:00:00+00:00,106,24,85.0,7.9,0.0,46.25,14.375
2026-04-03 06:00:00+00:00,122,24,78.0,6.4,0.0,46.0,14.4375
2026-04-03 06:00:00+00:00,127,24,78.0,5.7,0.0,46.125,14.5
2026-04-03 06:00:00+00:00,129,24,78.0,6.2,0.0,46.0,14.5
2026-04-03 06:00:00+00:00,177,24,59.0,5.8,0.0,45.625,14.8125
2026-04-03 06:00:00+00:00,194,24,83.0,6.8,0.0,46.5,15.0625
2026-04-03 06:00:00+00:00,236,24,54.0,6.7,0.0,45.8125,15.1875
2026-04-03 06:00:00+00:00,325,24,52.0,9.5,0.0,46.5625,15.625
2026-04-03 06:00:00+00:00,391,24,65.0,7.9,0.0,46.6875,16.0625
2026-04-03 06:00:00+00:00,422,24,58.0,7.7,0.0,46.25,15.25
2026-04-03 06:00:00+00:00,425,24,59.0,9.9,0.0,45.9375,15.5
2026-04-03 06:00:00+00:00,426,24,75.0,10.7,0.0,45.5625,13.75
2026-04-03 09:00:00+00:00,63,24,582.0,10.5,0.0,46.375,14.0625
2026-04-03 09:00:00+00:00,76,24,570.0,11.5,0.0,46.3125,14.1875
2026-04-03 09:00:00+00:00,106,24,551.0,13.4,0.0,46.25,14.375
2026-04-03 09:00:00+00:00,122,24,493.0,12.7,0.0,46.0,14.4375
2026-04-03 09:00:00+00:00,127,24,551.0,12.3,0.0,46.125,14.5
2026-04-03 09:00:00+00:00,129,24,467.0,12.7,0.0,46.0,14.5
2026-04-03 09:00:00+00:00,177,24,403.0,9.2,0.0,45.625,14.8125
2026-04-03 09:00:00+00:00,194,24,532.0,11.5,0.0,46.5,15.0625
2026-04-03 09:00:00+00:00,236,24,464.0,12.9,0.0,45.8125,15.1875
2026-04-03 09:00:00+00:00,325,24,448.0,12.5,0.0,46.5625,15.625
2026-04-03 09:00:00+00:00,391,24,465.0,12.9,0.0,46.6875,16.0625
2026-04-03 09:00:00+00:00,422,24,390.0,12.3,0.0,46.25,15.25
2026-04-03 09:00:00+00:00,425,24,319.0,13.0,0.0,45.9375,15.5
2026-04-03 09:00:00+00:00,426,24,561.0,16.3,0.0,45.5625,13.75
2026-04-03 12:00:00+00:00,63,24,785.0,13.3,0.0,46.375,14.0625
2026-04-03 12:00:00+00:00,76,24,783.0,14.3,0.0,46.3125,14.1875
2026-04-03 12:00:00+00:00,106,24,770.0,15.9,0.0,46.25,14.375
2026-04-03 12:00:00+00:00,122,24,624.0,16.0,0.0,46.0,14.4375
2026-04-03 12:00:00+00:00,127,24,570.0,15.3,0.0,46.125,14.5
2026-04-03 12:00:00+00:00,129,24,544.0,16.2,0.0,46.0,14.5
2026-04-03 12:00:00+00:00,177,24,708.0,12.1,0.0,45.625,14.8125
2026-04-03 12:00:00+00:00,194,24,597.0,14.5,0.0,46.5,15.0625
2026-04-03 12:00:00+00:00,236,24,744.0,16.1,0.0,45.8125,15.1875
2026-04-03 12:00:00+00:00,325,24,748.0,15.6,0.0,46.5625,15.625
2026-04-03 12:00:00+00:00,391,24,712.0,15.8,0.0,46.6875,16.0625
2026-04-03 12:00:00+00:00,422,24,755.0,16.7,0.0,46.25,15.25
2026-04-03 12:00:00+00:00,425,24,728.0,16.0,0.0,45.9375,15.5
2026-04-03 12:00:00+00:00,426,24,755.0,18.8,0.0,45.5625,13.75
2026-04-03 15:00:00+00:00,63,24,481.0,12.9,0.0,46.375,14.0625
2026-04-03 15:00:00+00:00,76,24,489.0,14.0,0.0,46.3125,14.1875
2026-04-03 15:00:00+00:00,106,24,477.0,16.0,0.0,46.25,14.375
2026-04-03 15:00:00+00:00,122,24,381.0,16.5,0.0,46.0,14.4375
2026-04-03 15:00:00+00:00,127,24,360.0,16.4,0.0,46.125,14.5
2026-04-03 15:00:00+00:00,129,24,385.0,16.7,0.0,46.0,14.5
2026-04-03 15:00:00+00:00,177,24,386.0,11.9,0.0,45.625,14.8125
2026-04-03 15:00:00+00:00,194,24,400.0,14.2,0.0,46.5,15.0625
2026-04-03 15:00:00+00:00,236,24,421.0,16.1,0.0,45.8125,15.1875
2026-04-03 15:00:00+00:00,325,24,395.0,15.4,0.0,46.5625,15.625
2026-04-03 15:00:00+00:00,391,24,433.0,15.6,0.0,46.6875,16.0625
2026-04-03 15:00:00+00:00,422,24,451.0,16.4,0.0,46.25,15.25
2026-04-03 15:00:00+00:00,425,24,460.0,16.5,0.0,45.9375,15.5
2026-04-03 15:00:00+00:00,426,24,475.0,18.1,0.0,45.5625,13.75
2026-04-03 18:00:00+00:00,63,24,10.0,9.2,0.0,46.375,14.0625
2026-04-03 18:00:00+00:00,76,24,10.0,9.8,0.0,46.3125,14.1875
2026-04-03 18:00:00+00:00,106,24,9.0,12.0,0.0,46.25,14.375
2026-04-03 18:00:00+00:00,122,24,8.0,12.6,0.0,46.0,14.4375
2026-04-03 18:00:00+00:00,127,24,6.0,12.7,0.0,46.125,14.5
2026-04-03 18:00:00+00:00,129,24,8.0,12.7,0.0,46.0,14.5
2026-04-03 18:00:00+00:00,177,24,8.0,8.8,0.0,45.625,14.8125
2026-04-03 18:00:00+00:00,194,24,6.0,10.7,0.0,46.5,15.0625
2026-04-03 18:00:00+00:00,236,24,6.0,12.7,0.0,45.8125,15.1875
2026-04-03 18:00:00+00:00,325,24,5.0,12.1,0.0,46.5625,15.625
2026-04-03 18:00:00+00:00,391,24,5.0,12.0,0.0,46.6875,16.0625
2026-04-03 18:00:00+00:00,422,24,6.0,13.0,0.0,46.25,15.25
2026-04-03 18:00:00+00:00,425,24,5.0,13.3,0.0,45.9375,15.5
2026-04-03 18:00:00+00:00,426,24,9.0,14.9,0.0,45.5625,13.75
2026-04-03 21:00:00+00:00,63,24,0.0,5.1,0.0,46.375,14.0625
2026-04-03 21:00:00+00:00,76,24,0.0,7.0,0.0,46.3125,14.1875
2026-04-03 21:00:00+00:00,106,24,0.0,8.1,0.0,46.25,14.375
2026-04-03 21:00:00+00:00,122,24,0.0,9.8,0.0,46.0,14.4375
2026-04-03 21:00:00+00:00,127,24,0.0,9.5,0.0,46.125,14.5
2026-04-03 21:00:00+00:00,129,24,0.0,9.2,0.0,46.0,14.5
2026-04-03 21:00:00+00:00,177,24,0.0,6.7,0.0,45.625,14.8125
2026-04-03 21:00:00+00:00,194,24,0.0,7.8,0.0,46.5,15.0625
2026-04-03 21:00:00+00:00,236,24,0.0,9.2,0.0,45.8125,15.1875
2026-04-03 21:00:00+00:00,325,24,0.0,9.4,0.0,46.5625,15.625
2026-04-03 21:00:00+00:00,391,24,0.0,9.0,0.0,46.6875,16.0625
2026-04-03 21:00:00+00:00,422,24,0.0,10.1,0.0,46.25,15.25
2026-04-03 21:00:00+00:00,425,24,0.0,10.8,0.0,45.9375,15.5
2026-04-03 21:00:00+00:00,426,24,0.0,11.8,0.0,45.5625,13.75
2026-04-03 01:00:00+00:00,63,1,0.0,6.0,0.0,46.375,14.0625
2026-04-03 01:00:00+00:00,76,1,0.0,7.6,0.0,46.3125,14.1875
2026-04-03 01:00:00+00:00,106,1,0.0,7.8,0.0,46.25,14.375
2026-04-03 01:00:00+00:00,122,1,0.0,7.3,0.0,46.0,14.4375
2026-04-03 01:00:00+00:00,127,1,0.0,7.8,0.0,46.125,14.5
2026-04-03 01:00:00+00:00,129,1,0.0,7.4,0.0,46.0,14.5
2026-04-03 01:00:00+00:00,177,1,0.0,5.8,0.1,45.625,14.8125
2026-04-03 01:00:00+00:00,194,1,0.0,7.4,0.0,46.5,15.0625
2026-04-03 01:00:00+00:00,236,1,0.0,9.1,0.0,45.8125,15.1875
2026-04-03 01:00:00+00:00,325,1,0.0,9.3,0.0,46.5625,15.625
2026-04-03 01:00:00+00:00,391,1,0.0,8.0,0.0,46.6875,16.0625
2026-04-03 01:00:00+00:00,422,1,0.0,8.0,0.0,46.25,15.25
2026-04-03 01:00:00+00:00,425,1,0.0,10.6,0.1,45.9375,15.5
2026-04-03 01:00:00+00:00,426,1,0.0,11.8,0.0,45.5625,13.75
2026-04-03 02:00:00+00:00,63,2,0.0,5.7,0.0,46.375,14.0625
2026-04-03 02:00:00+00:00,76,2,0.0,7.4,0.0,46.3125,14.1875
2026-04-03 02:00:00+00:00,106,2,0.0,7.5,0.0,46.25,14.375
2026-04-03 02:00:00+00:00,122,2,0.0,7.1,0.0,46.0,14.4375
2026-04-03 02:00:00+00:00,127,2,0.0,7.6,0.0,46.125,14.5
2026-04-03 02:00:00+00:00,129,2,0.0,7.2,0.0,46.0,14.5
2026-04-03 02:00:00+00:00,177,2,0.0,5.7,0.1,45.625,14.8125
2026-04-03 02:00:00+00:00,194,2,0.0,6.9,0.0,46.5,15.0625
2026-04-03 02:00:00+00:00,236,2,0.0,8.9,0.1,45.8125,15.1875
2026-04-03 02:00:00+00:00,325,2,0.0,9.4,0.0,46.5625,15.625
2026-04-03 02:00:00+00:00,391,2,0.0,7.8,0.0,46.6875,16.0625
2026-04-03 02:00:00+00:00,422,2,0.0,7.9,0.0,46.25,15.25
2026-04-03 02:00:00+00:00,425,2,0.0,10.5,0.0,45.9375,15.5
2026-04-03 02:00:00+00:00,426,2,0.0,11.3,0.0,45.5625,13.75
2026-04-03 03:00:00+00:00,63,3,0.0,5.2,0.0,46.375,14.0625
2026-04-03 03:00:00+00:00,76,3,0.0,7.1,0.0,46.3125,14.1875
2026-04-03 03:00:00+00:00,106,3,0.0,7.4,0.0,46.25,14.375
2026-04-03 03:00:00+00:00,122,3,0.0,7.4,0.0,46.0,14.4375
2026-04-03 03:00:00+00:00,127,3,0.0,7.2,0.0,46.125,14.5
2026-04-03 03:00:00+00:00,129,3,0.0,7.4,0.0,46.0,14.5
2026-04-03 03:00:00+00:00,177,3,0.0,5.5,0.1,45.625,14.8125
2026-04-03 03:00:00+00:00,194,3,0.0,6.5,0.0,46.5,15.0625
2026-04-03 03:00:00+00:00,236,3,0.0,8.4,0.0,45.8125,15.1875
2026-04-03 03:00:00+00:00,325,3,0.0,9.4,0.0,46.5625,15.625
2026-04-03 03:00:00+00:00,391,3,0.0,7.6,0.0,46.6875,16.0625
2026-04-03 03:00:00+00:00,422,3,0.0,7.6,0.0,46.25,15.25
2026-04-03 03:00:00+00:00,425,3,0.0,10.4,0.2,45.9375,15.5
2026-04-03 03:00:00+00:00,426,3,0.0,11.0,0.0,45.5625,13.75
2026-04-03 04:00:00+00:00,63,1,0.0,5.1,0.0,46.375,14.0625
2026-04-03 04:00:00+00:00,76,1,0.0,6.7,0.0,46.3125,14.1875
2026-04-03 04:00:00+00:00,106,1,0.0,6.9,0.0,46.25,14.375
2026-04-03 04:00:00+00:00,122,1,0.0,7.0,0.0,46.0,14.4375
2026-04-03 04:00:00+00:00,127,1,0.0,7.5,0.0,46.125,14.5
2026-04-03 04:00:00+00:00,129,1,0.0,7.0,0.0,46.0,14.5
2026-04-03 04:00:00+00:00,177,1,0.0,4.7,0.1,45.625,14.8125
2026-04-03 04:00:00+00:00,194,1,0.0,6.0,0.0,46.5,15.0625
2026-04-03 04:00:00+00:00,236,1,0.0,8.1,0.0,45.8125,15.1875
2026-04-03 04:00:00+00:00,325,1,0.0,9.2,0.0,46.5625,15.625
2026-04-03 04:00:00+00:00,391,1,0.0,7.1,0.0,46.6875,16.0625
2026-04-03 04:00:00+00:00,422,1,0.0,7.2,0.0,46.25,15.25
2026-04-03 04:00:00+00:00,425,1,0.0,10.1,0.0,45.9375,15.5
2026-04-03 04:00:00+00:00,426,1,0.0,11.4,0.0,45.5625,13.75
2026-04-03 05:00:00+00:00,63,2,2.0,4.4,0.0,46.375,14.0625
2026-04-03 05:00:00+00:00,76,2,2.0,6.5,0.0,46.3125,14.1875
2026-04-03 05:00:00+00:00,106,2,2.0,6.5,0.0,46.25,14.375
2026-04-03 05:00:00+00:00,122,2,2.0,6.6,0.0,46.0,14.4375
2026-04-03 05:00:00+00:00,127,2,2.0,7.0,0.0,46.125,14.5
2026-04-03 05:00:00+00:00,129,2,2.0,6.5,0.0,46.0,14.5
2026-04-03 05:00:00+00:00,177,2,2.0,4.4,0.1,45.625,14.8125
2026-04-03 05:00:00+00:00,194,2,4.0,5.7,0.0,46.5,15.0625
2026-04-03 05:00:00+00:00,236,2,3.0,7.4,0.0,45.8125,15.1875
2026-04-03 05:00:00+00:00,325,2,4.0,9.1,0.0,46.5625,15.625
2026-04-03 05:00:00+00:00,391,2,6.0,6.8,0.0,46.6875,16.0625
2026-04-03 05:00:00+00:00,422,2,5.0,7.0,0.0,46.25,15.25
2026-04-03 05:00:00+00:00,425,2,4.0,9.7,0.0,45.9375,15.5
2026-04-03 05:00:00+00:00,426,2,2.0,11.2,0.0,45.5625,13.75
2026-04-03 06:00:00+00:00,63,3,78.0,5.2,0.0,46.375,14.0625
2026-04-03 06:00:00+00:00,63,6,72.0,5.4,0.0,46.375,14.0625
2026-04-03 06:00:00+00:00,76,3,81.0,7.7,0.0,46.3125,14.1875
2026-04-03 06:00:00+00:00,76,6,75.0,7.9,0.0,46.3125,14.1875
2026-04-03 06:00:00+00:00,106,3,83.0,7.5,0.0,46.25,14.375
2026-04-03 06:00:00+00:00,106,6,80.0,7.9,0.0,46.25,14.375
2026-04-03 06:00:00+00:00,122,3,86.0,7.3,0.0,46.0,14.4375
2026-04-03 06:00:00+00:00,122,6,82.0,7.4,0.0,46.0,14.4375
2026-04-03 06:00:00+00:00,127,3,87.0,7.0,0.0,46.125,14.5
2026-04-03 06:00:00+00:00,127,6,85.0,6.7,0.0,46.125,14.5
2026-04-03 06:00:00+00:00,129,3,88.0,7.2,0.0,46.0,14.5
2026-04-03 06:00:00+00:00,129,6,81.0,7.7,0.0,46.0,14.5
2026-04-03 06:00:00+00:00,177,3,63.0,5.8,0.0,45.625,14.8125
2026-04-03 06:00:00+00:00,177,6,55.0,6.0,0.1,45.625,14.8125
2026-04-03 06:00:00+00:00,194,3,87.0,6.7,0.0,46.5,15.0625
2026-04-03 06:00:00+00:00,194,6,83.0,6.7,0.0,46.5,15.0625
2026-04-03 06:00:00+00:00,236,3,81.0,7.4,0.0,45.8125,15.1875
2026-04-03 06:00:00+00:00,236,6,66.0,7.6,0.0,45.8125,15.1875
2026-04-03 06:00:00+00:00,325,3,83.0,9.5,0.0,46.5625,15.625
2026-04-03 06:00:00+00:00,325,6,63.0,9.7,0.0,46.5625,15.625
2026-04-03 06:00:00+00:00,391,3,86.0,7.9,0.0,46.6875,16.0625
2026-04-03 06:00:00+00:00,391,6,74.0,8.4,0.0,46.6875,16.0625
2026-04-03 06:00:00+00:00,422,3,91.0,7.8,0.0,46.25,15.25
2026-04-03 06:00:00+00:00,422,6,87.0,7.9,0.0,46.25,15.25
2026-04-03 06:00:00+00:00,425,3,79.0,10.5,0.0,45.9375,15.5
2026-04-03 06:00:00+00:00,425,6,61.0,10.6,0.0,45.9375,15.5
2026-04-03 06:00:00+00:00,426,3,78.0,10.9,0.0,45.5625,13.75
2026-04-03 06:00:00+00:00,426,6,69.0,11.2,0.0,45.5625,13.75
2026-04-03 07:00:00+00:00,63,1,240.0,8.1,0.0,46.375,14.0625
2026-04-03 07:00:00+00:00,76,1,233.0,9.2,0.0,46.3125,14.1875
2026-04-03 07:00:00+00:00,106,1,230.0,9.7,0.0,46.25,14.375
2026-04-03 07:00:00+00:00,122,1,240.0,9.5,0.0,46.0,14.4375
2026-04-03 07:00:00+00:00,127,1,225.0,8.7,0.0,46.125,14.5
2026-04-03 07:00:00+00:00,129,1,239.0,9.5,0.0,46.0,14.5
2026-04-03 07:00:00+00:00,177,1,207.0,7.5,0.0,45.625,14.8125
2026-04-03 07:00:00+00:00,194,1,221.0,8.8,0.0,46.5,15.0625
2026-04-03 07:00:00+00:00,236,1,202.0,9.5,0.0,45.8125,15.1875
2026-04-03 07:00:00+00:00,325,1,198.0,10.5,0.0,46.5625,15.625
2026-04-03 07:00:00+00:00,391,1,186.0,9.6,0.0,46.6875,16.0625
2026-04-03 07:00:00+00:00,422,1,228.0,9.7,0.0,46.25,15.25
2026-04-03 07:00:00+00:00,425,1,208.0,11.7,0.0,45.9375,15.5
2026-04-03 07:00:00+00:00,426,1,236.0,12.1,0.0,45.5625,13.75
2026-04-03 08:00:00+00:00,63,2,406.0,9.5,0.0,46.375,14.0625
2026-04-03 08:00:00+00:00,76,2,416.0,10.5,0.0,46.3125,14.1875
2026-04-03 08:00:00+00:00,106,2,393.0,12.0,0.0,46.25,14.375
2026-04-03 08:00:00+00:00,122,2,374.0,11.9,0.0,46.0,14.4375
2026-04-03 08:00:00+00:00,127,2,363.0,10.9,0.0,46.125,14.5
2026-04-03 08:00:00+00:00,129,2,381.0,11.9,0.0,46.0,14.5
2026-04-03 08:00:00+00:00,177,2,332.0,8.5,0.0,45.625,14.8125
2026-04-03 08:00:00+00:00,194,2,351.0,10.3,0.0,46.5,15.0625
2026-04-03 08:00:00+00:00,236,2,335.0,11.6,0.0,45.8125,15.1875
2026-04-03 08:00:00+00:00,325,2,298.0,11.3,0.0,46.5625,15.625
2026-04-03 08:00:00+00:00,391,2,312.0,11.3,0.0,46.6875,16.0625
2026-04-03 08:00:00+00:00,422,2,340.0,11.8,0.0,46.25,15.25
2026-04-03 08:00:00+00:00,425,2,297.0,12.6,0.0,45.9375,15.5
2026-04-03 08:00:00+00:00,426,2,395.0,14.3,0.0,45.5625,13.75
2026-04-03 09:00:00+00:00,63,3,538.0,10.4,0.0,46.375,14.0625
2026-04-03 09:00:00+00:00,63,6,544.0,10.4,0.0,46.375,14.0625
2026-04-03 09:00:00+00:00,76,3,547.0,11.5,0.0,46.3125,14.1875
2026-04-03 09:00:00+00:00,76,6,548.0,11.4,0.0,46.3125,14.1875
2026-04-03 09:00:00+00:00,106,3,567.0,13.4,0.0,46.25,14.375
2026-04-03 09:00:00+00:00,106,6,575.0,13.4,0.0,46.25,14.375
2026-04-03 09:00:00+00:00,122,3,535.0,13.5,0.0,46.0,14.4375
2026-04-03 09:00:00+00:00,122,6,562.0,13.6,0.0,46.0,14.4375
2026-04-03 09:00:00+00:00,127,3,542.0,12.9,0.0,46.125,14.5
2026-04-03 09:00:00+00:00,127,6,572.0,12.8,0.0,46.125,14.5
2026-04-03 09:00:00+00:00,129,3,532.0,13.5,0.0,46.0,14.5
2026-04-03 09:00:00+00:00,129,6,553.0,13.6,0.0,46.0,14.5
2026-04-03 09:00:00+00:00,177,3,417.0,9.4,0.0,45.625,14.8125
2026-04-03 09:00:00+00:00,177,6,444.0,9.5,0.0,45.625,14.8125
2026-04-03 09:00:00+00:00,194,3,522.0,11.7,0.0,46.5,15.0625
2026-04-03 09:00:00+00:00,194,6,533.0,11.7,0.0,46.5,15.0625
2026-04-03 09:00:00+00:00,236,3,459.0,13.1,0.0,45.8125,15.1875
2026-04-03 09:00:00+00:00,236,6,481.0,13.2,0.0,45.8125,15.1875
2026-04-03 09:00:00+00:00,325,3,417.0,12.5,0.0,46.5625,15.625
2026-04-03 09:00:00+00:00,325,6,470.0,12.7,0.0,46.5625,15.625
2026-04-03 09:00:00+00:00,391,3,411.0,12.6,0.0,46.6875,16.0625
2026-04-03 09:00:00+00:00,391,6,440.0,12.6,0.0,46.6875,16.0625
2026-04-03 09:00:00+00:00,422,3,415.0,13.0,0.0,46.25,15.25
2026-04-03 09:00:00+00:00,422,6,510.0,13.4,0.0,46.25,15.25
2026-04-03 09:00:00+00:00,425,3,354.0,13.3,0.0,45.9375,15.5
2026-04-03 09:00:00+00:00,425,6,416.0,13.5,0.0,45.9375,15.5
2026-04-03 09:00:00+00:00,426,3,508.0,15.6,0.0,45.5625,13.75
2026-04-03 09:00:00+00:00,426,6,545.0,15.9,0.0,45.5625,13.75
2026-04-03 10:00:00+00:00,63,1,691.0,11.8,0.0,46.375,14.0625
2026-04-03 10:00:00+00:00,76,1,671.0,12.7,0.0,46.3125,14.1875
2026-04-03 10:00:00+00:00,106,1,668.0,14.5,0.0,46.25,14.375
2026-04-03 10:00:00+00:00,122,1,681.0,14.8,0.0,46.0,14.4375
2026-04-03 10:00:00+00:00,127,1,671.0,14.3,0.0,46.125,14.5
2026-04-03 10:00:00+00:00,129,1,675.0,14.8,0.0,46.0,14.5
2026-04-03 10:00:00+00:00,177,1,469.0,10.1,0.0,45.625,14.8125
2026-04-03 10:00:00+00:00,194,1,662.0,13.0,0.0,46.5,15.0625
2026-04-03 10:00:00+00:00,236,1,484.0,14.4,0.0,45.8125,15.1875
2026-04-03 10:00:00+00:00,325,1,605.0,14.1,0.0,46.5625,15.625
2026-04-03 10:00:00+00:00,391,1,540.0,14.1,0.0,46.6875,16.0625
2026-04-03 10:00:00+00:00,422,1,594.0,15.1,0.0,46.25,15.25
2026-04-03 10:00:00+00:00,425,1,466.0,14.3,0.0,45.9375,15.5
2026-04-03 10:00:00+00:00,426,1,696.0,17.8,0.0,45.5625,13.75
2026-04-03 11:00:00+00:00,63,2,777.0,12.9,0.0,46.375,14.0625
2026-04-03 11:00:00+00:00,76,2,774.0,13.9,0.0,46.3125,14.1875
2026-04-03 11:00:00+00:00,106,2,761.0,15.6,0.0,46.25,14.375
2026-04-03 11:00:00+00:00,122,2,719.0,15.7,0.0,46.0,14.4375
2026-04-03 11:00:00+00:00,127,2,716.0,15.3,0.0,46.125,14.5
2026-04-03 11:00:00+00:00,129,2,709.0,15.8,0.0,46.0,14.5
2026-04-03 11:00:00+00:00,177,2,542.0,11.0,0.0,45.625,14.8125
2026-04-03 11:00:00+00:00,194,2,655.0,14.0,0.0,46.5,15.0625
2026-04-03 11:00:00+00:00,236,2,639.0,15.5,0.0,45.8125,15.1875
2026-04-03 11:00:00+00:00,325,2,706.0,15.1,0.0,46.5625,15.625
2026-04-03 11:00:00+00:00,391,2,649.0,15.2,0.0,46.6875,16.0625
2026-04-03 11:00:00+00:00,422,2,687.0,16.2,0.0,46.25,15.25
2026-04-03 11:00:00+00:00,425,2,571.0,15.3,0.0,45.9375,15.5
2026-04-03 11:00:00+00:00,426,2,741.0,18.6,0.0,45.5625,13.75
2026-04-03 12:00:00+00:00,63,3,785.0,13.6,0.0,46.375,14.0625
2026-04-03 12:00:00+00:00,63,6,782.0,13.3,0.0,46.375,14.0625
2026-04-03 12:00:00+00:00,76,3,784.0,14.7,0.0,46.3125,14.1875
2026-04-03 12:00:00+00:00,76,6,783.0,14.4,0.0,46.3125,14.1875
2026-04-03 12:00:00+00:00,106,3,780.0,16.5,0.0,46.25,14.375
2026-04-03 12:00:00+00:00,106,6,782.0,16.2,0.0,46.25,14.375
2026-04-03 12:00:00+00:00,122,3,738.0,16.7,0.0,46.0,14.4375
2026-04-03 12:00:00+00:00,122,6,719.0,16.5,0.0,46.0,14.4375
2026-04-03 12:00:00+00:00,127,3,703.0,16.1,0.0,46.125,14.5
2026-04-03 12:00:00+00:00,127,6,723.0,15.9,0.0,46.125,14.5
2026-04-03 12:00:00+00:00,129,3,711.0,16.8,0.0,46.0,14.5
2026-04-03 12:00:00+00:00,129,6,682.0,16.7,0.0,46.0,14.5
2026-04-03 12:00:00+00:00,177,3,618.0,11.9,0.0,45.625,14.8125
2026-04-03 12:00:00+00:00,177,6,655.0,11.8,0.0,45.625,14.8125
2026-04-03 12:00:00+00:00,194,3,646.0,14.7,0.0,46.5,15.0625
2026-04-03 12:00:00+00:00,194,6,685.0,14.6,0.0,46.5,15.0625
2026-04-03 12:00:00+00:00,236,3,691.0,16.2,0.0,45.8125,15.1875
2026-04-03 12:00:00+00:00,236,6,667.0,15.8,0.0,45.8125,15.1875
2026-04-03 12:00:00+00:00,325,3,728.0,15.9,0.0,46.5625,15.625
2026-04-03 12:00:00+00:00,325,6,704.0,15.5,0.0,46.5625,15.625
2026-04-03 12:00:00+00:00,391,3,689.0,16.0,0.0,46.6875,16.0625
2026-04-03 12:00:00+00:00,391,6,677.0,15.6,0.0,46.6875,16.0625
2026-04-03 12:00:00+00:00,422,3,710.0,16.9,0.0,46.25,15.25
2026-04-03 12:00:00+00:00,422,6,689.0,16.5,0.0,46.25,15.25
2026-04-03 12:00:00+00:00,425,3,634.0,16.0,0.0,45.9375,15.5
2026-04-03 12:00:00+00:00,425,6,668.0,15.8,0.0,45.9375,15.5
2026-04-03 12:00:00+00:00,426,3,763.0,19.2,0.0,45.5625,13.75
2026-04-03 12:00:00+00:00,426,6,758.0,18.9,0.0,45.5625,13.75
2026-04-03 13:00:00+00:00,63,1,740.0,14.3,0.0,46.375,14.0625
2026-04-03 13:00:00+00:00,76,1,735.0,15.3,0.0,46.3125,14.1875
2026-04-03 13:00:00+00:00,106,1,730.0,17.0,0.0,46.25,14.375
2026-04-03 13:00:00+00:00,122,1,626.0,17.5,0.0,46.0,14.4375
2026-04-03 13:00:00+00:00,127,1,610.0,16.8,0.0,46.125,14.5
2026-04-03 13:00:00+00:00,129,1,591.0,17.8,0.0,46.0,14.5
2026-04-03 13:00:00+00:00,177,1,629.0,12.4,0.0,45.625,14.8125
2026-04-03 13:00:00+00:00,194,1,624.0,15.3,0.0,46.5,15.0625
2026-04-03 13:00:00+00:00,236,1,641.0,16.5,0.0,45.8125,15.1875
2026-04-03 13:00:00+00:00,325,1,699.0,16.5,0.0,46.5625,15.625
2026-04-03 13:00:00+00:00,391,1,673.0,16.5,0.0,46.6875,16.0625
2026-04-03 13:00:00+00:00,422,1,718.0,17.4,0.0,46.25,15.25
2026-04-03 13:00:00+00:00,425,1,625.0,16.6,0.0,45.9375,15.5
2026-04-03 13:00:00+00:00,426,1,729.0,19.4,0.0,45.5625,13.75
2026-04-03 14:00:00+00:00,63,2,625.0,14.2,0.0,46.375,14.0625
2026-04-03 14:00:00+00:00,76,2,640.0,15.2,0.0,46.3125,14.1875
2026-04-03 14:00:00+00:00,106,2,626.0,17.0,0.0,46.25,14.375
2026-04-03 14:00:00+00:00,122,2,542.0,17.5,0.0,46.0,14.4375
2026-04-03 14:00:00+00:00,127,2,491.0,17.2,0.0,46.125,14.5
2026-04-03 14:00:00+00:00,129,2,535.0,17.7,0.0,46.0,14.5
2026-04-03 14:00:00+00:00,177,2,514.0,12.4,0.0,45.625,14.8125
2026-04-03 14:00:00+00:00,194,2,538.0,15.1,0.0,46.5,15.0625
2026-04-03 14:00:00+00:00,236,2,608.0,16.6,0.0,45.8125,15.1875
2026-04-03 14:00:00+00:00,325,2,577.0,16.5,0.0,46.5625,15.625
2026-04-03 14:00:00+00:00,391,2,538.0,16.5,0.0,46.6875,16.0625
2026-04-03 14:00:00+00:00,422,2,615.0,17.5,0.0,46.25,15.25
2026-04-03 14:00:00+00:00,425,2,598.0,16.9,0.0,45.9375,15.5
2026-04-03 14:00:00+00:00,426,2,590.0,18.5,0.0,45.5625,13.75
2026-04-03 15:00:00+00:00,63,3,470.0,13.6,0.0,46.375,14.0625
2026-04-03 15:00:00+00:00,63,6,471.0,13.4,0.0,46.375,14.0625
2026-04-03 15:00:00+00:00,76,3,494.0,14.7,0.0,46.3125,14.1875
2026-04-03 15:00:00+00:00,76,6,491.0,14.4,0.0,46.3125,14.1875
2026-04-03 15:00:00+00:00,106,3,476.0,16.6,0.0,46.25,14.375
2026-04-03 15:00:00+00:00,106,6,477.0,16.3,0.0,46.25,14.375
2026-04-03 15:00:00+00:00,122,3,397.0,17.0,0.0,46.0,14.4375
2026-04-03 15:00:00+00:00,122,6,389.0,17.0,0.0,46.0,14.4375
2026-04-03 15:00:00+00:00,127,3,382.0,16.9,0.0,46.125,14.5
2026-04-03 15:00:00+00:00,127,6,398.0,17.0,0.0,46.125,14.5
2026-04-03 15:00:00+00:00,129,3,387.0,17.0,0.0,46.0,14.5
2026-04-03 15:00:00+00:00,129,6,375.0,17.1,0.0,46.0,14.5
2026-04-03 15:00:00+00:00,177,3,442.0,12.2,0.0,45.625,14.8125
2026-04-03 15:00:00+00:00,177,6,416.0,12.1,0.0,45.625,14.8125
2026-04-03 15:00:00+00:00,194,3,416.0,14.5,0.0,46.5,15.0625
2026-04-03 15:00:00+00:00,194,6,370.0,14.4,0.0,46.5,15.0625
2026-04-03 15:00:00+00:00,236,3,469.0,16.3,0.0,45.8125,15.1875
2026-04-03 15:00:00+00:00,236,6,468.0,16.3,0.0,45.8125,15.1875
2026-04-03 15:00:00+00:00,325,3,406.0,15.9,0.0,46.5625,15.625
2026-04-03 15:00:00+00:00,325,6,400.0,15.8,0.0,46.5625,15.625
2026-04-03 15:00:00+00:00,391,3,382.0,15.9,0.0,46.6875,16.0625
2026-04-03 15:00:00+00:00,391,6,404.0,15.9,0.0,46.6875,16.0625
2026-04-03 15:00:00+00:00,422,3,459.0,17.0,0.0,46.25,15.25
2026-04-03 15:00:00+00:00,422,6,457.0,16.9,0.0,46.25,15.25
2026-04-03 15:00:00+00:00,425,3,463.0,16.7,0.0,45.9375,15.5
2026-04-03 15:00:00+00:00,425,6,461.0,16.6,0.0,45.9375,15.5
2026-04-03 15:00:00+00:00,426,3,471.0,17.4,0.0,45.5625,13.75
2026-04-03 15:00:00+00:00,426,6,460.0,17.3,0.0,45.5625,13.75
2026-04-03 16:00:00+00:00,63,1,308.0,12.8,0.0,46.375,14.0625
2026-04-03 16:00:00+00:00,76,1,309.0,13.9,0.0,46.3125,14.1875
2026-04-03 16:00:00+00:00,106,1,301.0,16.1,0.0,46.25,14.375
2026-04-03 16:00:00+00:00,122,1,247.0,16.3,0.0,46.0,14.4375
2026-04-03 16:00:00+00:00,127,1,212.0,16.1,0.0,46.125,14.5
2026-04-03 16:00:00+00:00,129,1,267.0,16.6,0.0,46.0,14.5
2026-04-03 16:00:00+00:00,177,1,272.0,11.7,0.0,45.625,14.8125
2026-04-03 16:00:00+00:00,194,1,283.0,13.7,0.0,46.5,15.0625
2026-04-03 16:00:00+00:00,236,1,269.0,15.8,0.0,45.8125,15.1875
2026-04-03 16:00:00+00:00,325,1,247.0,15.3,0.0,46.5625,15.625
2026-04-03 16:00:00+00:00,391,1,253.0,15.3,0.0,46.6875,16.0625
2026-04-03 16:00:00+00:00,422,1,272.0,16.5,0.0,46.25,15.25
2026-04-03 16:00:00+00:00,425,1,277.0,16.3,0.0,45.9375,15.5
2026-04-03 16:00:00+00:00,426,1,296.0,17.4,0.0,45.5625,13.75
2026-04-03 17:00:00+00:00,63,2,127.0,11.7,0.0,46.375,14.0625
2026-04-03 17:00:00+00:00,76,2,125.0,12.9,0.0,46.3125,14.1875
2026-04-03 17:00:00+00:00,106,2,122.0,15.1,0.0,46.25,14.375
2026-04-03 17:00:00+00:00,122,2,111.0,15.3,0.0,46.0,14.4375
2026-04-03 17:00:00+00:00,127,2,98.0,15.0,0.0,46.125,14.5
2026-04-03 17:00:00+00:00,129,2,110.0,15.7,0.0,46.0,14.5
2026-04-03 17:00:00+00:00,177,2,107.0,10.8,0.0,45.625,14.8125
2026-04-03 17:00:00+00:00,194,2,111.0,12.5,0.0,46.5,15.0625
2026-04-03 17:00:00+00:00,236,2,108.0,15.2,0.0,45.8125,15.1875
2026-04-03 17:00:00+00:00,325,2,97.0,14.1,0.0,46.5625,15.625
2026-04-03 17:00:00+00:00,391,2,98.0,14.3,0.0,46.6875,16.0625
2026-04-03 17:00:00+00:00,422,2,105.0,15.3,0.0,46.25,15.25
2026-04-03 17:00:00+00:00,425,2,103.0,15.8,0.0,45.9375,15.5
2026-04-03 17:00:00+00:00,426,2,112.0,16.6,0.0,45.5625,13.75
2026-04-03 18:00:00+00:00,63,3,10.0,9.7,0.0,46.375,14.0625
2026-04-03 18:00:00+00:00,63,6,10.0,9.3,0.0,46.375,14.0625
2026-04-03 18:00:00+00:00,76,3,10.0,10.2,0.0,46.3125,14.1875
2026-04-03 18:00:00+00:00,76,6,10.0,10.0,0.0,46.3125,14.1875
2026-04-03 18:00:00+00:00,106,3,9.0,12.9,0.0,46.25,14.375
2026-04-03 18:00:00+00:00,106,6,8.0,12.2,0.0,46.25,14.375
2026-04-03 18:00:00+00:00,122,3,8.0,12.8,0.0,46.0,14.4375
2026-04-03 18:00:00+00:00,122,6,8.0,12.8,0.0,46.0,14.4375
2026-04-03 18:00:00+00:00,127,3,8.0,13.0,0.0,46.125,14.5
2026-04-03 18:00:00+00:00,127,6,8.0,12.6,0.0,46.125,14.5
2026-04-03 18:00:00+00:00,129,3,8.0,12.9,0.0,46.0,14.5
2026-04-03 18:00:00+00:00,129,6,8.0,12.9,0.0,46.0,14.5
2026-04-03 18:00:00+00:00,177,3,7.0,8.6,0.0,45.625,14.8125
2026-04-03 18:00:00+00:00,177,6,7.0,8.5,0.0,45.625,14.8125
2026-04-03 18:00:00+00:00,194,3,7.0,10.9,0.0,46.5,15.0625
2026-04-03 18:00:00+00:00,194,6,6.0,10.8,0.0,46.5,15.0625
2026-04-03 18:00:00+00:00,236,3,7.0,12.8,0.0,45.8125,15.1875
2026-04-03 18:00:00+00:00,236,6,6.0,12.5,0.0,45.8125,15.1875
2026-04-03 18:00:00+00:00,325,3,5.0,12.4,0.0,46.5625,15.625
2026-04-03 18:00:00+00:00,325,6,5.0,12.3,0.0,46.5625,15.625
2026-04-03 18:00:00+00:00,391,3,5.0,12.2,0.0,46.6875,16.0625
2026-04-03 18:00:00+00:00,391,6,5.0,12.1,0.0,46.6875,16.0625
2026-04-03 18:00:00+00:00,422,3,7.0,13.9,0.0,46.25,15.25
2026-04-03 18:00:00+00:00,422,6,6.0,13.5,0.0,46.25,15.25
2026-04-03 18:00:00+00:00,425,3,5.0,13.6,0.0,45.9375,15.5
2026-04-03 18:00:00+00:00,425,6,5.0,13.3,0.0,45.9375,15.5
2026-04-03 18:00:00+00:00,426,3,9.0,15.1,0.0,45.5625,13.75
2026-04-03 18:00:00+00:00,426,6,9.0,15.0,0.0,45.5625,13.75
2026-04-03 19:00:00+00:00,63,1,0.0,8.7,0.0,46.375,14.0625
2026-04-03 19:00:00+00:00,76,1,0.0,8.9,0.0,46.3125,14.1875
2026-04-03 19:00:00+00:00,106,1,0.0,11.4,0.0,46.25,14.375
2026-04-03 19:00:00+00:00,122,1,0.0,11.9,0.0,46.0,14.4375
2026-04-03 19:00:00+00:00,127,1,0.0,11.9,0.0,46.125,14.5
2026-04-03 19:00:00+00:00,129,1,0.0,11.3,0.0,46.0,14.5
2026-04-03 19:00:00+00:00,177,1,0.0,7.9,0.0,45.625,14.8125
2026-04-03 19:00:00+00:00,194,1,0.0,10.0,0.0,46.5,15.0625
2026-04-03 19:00:00+00:00,236,1,0.0,11.2,0.0,45.8125,15.1875
2026-04-03 19:00:00+00:00,325,1,0.0,11.4,0.0,46.5625,15.625
2026-04-03 19:00:00+00:00,391,1,0.0,10.9,0.0,46.6875,16.0625
2026-04-03 19:00:00+00:00,422,1,0.0,12.3,0.0,46.25,15.25
2026-04-03 19:00:00+00:00,425,1,0.0,12.5,0.0,45.9375,15.5
2026-04-03 19:00:00+00:00,426,1,0.0,13.6,0.0,45.5625,13.75
2026-04-03 20:00:00+00:00,63,2,0.0,7.5,0.0,46.375,14.0625
2026-04-03 20:00:00+00:00,76,2,0.0,8.1,0.0,46.3125,14.1875
2026-04-03 20:00:00+00:00,106,2,0.0,10.5,0.0,46.25,14.375
2026-04-03 20:00:00+00:00,122,2,0.0,10.5,0.0,46.0,14.4375
2026-04-03 20:00:00+00:00,127,2,0.0,11.1,0.0,46.125,14.5
2026-04-03 20:00:00+00:00,129,2,0.0,9.8,0.0,46.0,14.5
2026-04-03 20:00:00+00:00,177,2,0.0,7.1,0.0,45.625,14.8125
2026-04-03 20:00:00+00:00,194,2,0.0,9.1,0.0,46.5,15.0625
2026-04-03 20:00:00+00:00,236,2,0.0,10.3,0.0,45.8125,15.1875
2026-04-03 20:00:00+00:00,325,2,0.0,10.2,0.0,46.5625,15.625
2026-04-03 20:00:00+00:00,391,2,0.0,9.7,0.0,46.6875,16.0625
2026-04-03 20:00:00+00:00,422,2,0.0,11.0,0.0,46.25,15.25
2026-04-03 20:00:00+00:00,425,2,0.0,11.6,0.0,45.9375,15.5
2026-04-03 20:00:00+00:00,426,2,0.0,12.8,0.0,45.5625,13.75
2026-04-03 21:00:00+00:00,63,3,0.0,5.9,0.0,46.375,14.0625
2026-04-03 21:00:00+00:00,63,6,0.0,5.3,0.0,46.375,14.0625
2026-04-03 21:00:00+00:00,76,3,0.0,7.5,0.0,46.3125,14.1875
2026-04-03 21:00:00+00:00,76,6,0.0,7.3,0.0,46.3125,14.1875
2026-04-03 21:00:00+00:00,106,3,0.0,9.4,0.0,46.25,14.375
2026-04-03 21:00:00+00:00,106,6,0.0,9.0,0.0,46.25,14.375
2026-04-03 21:00:00+00:00,122,3,0.0,9.3,0.0,46.0,14.4375
2026-04-03 21:00:00+00:00,122,6,0.0,9.3,0.0,46.0,14.4375
2026-04-03 21:00:00+00:00,127,3,0.0,9.7,0.0,46.125,14.5
2026-04-03 21:00:00+00:00,127,6,0.0,9.6,0.0,46.125,14.5
2026-04-03 21:00:00+00:00,129,3,0.0,8.1,0.0,46.0,14.5
2026-04-03 21:00:00+00:00,129,6,0.0,8.3,0.0,46.0,14.5
2026-04-03 21:00:00+00:00,177,3,0.0,6.2,0.0,45.625,14.8125
2026-04-03 21:00:00+00:00,177,6,0.0,6.6,0.0,45.625,14.8125
2026-04-03 21:00:00+00:00,194,3,0.0,8.3,0.0,46.5,15.0625
2026-04-03 21:00:00+00:00,194,6,0.0,8.2,0.0,46.5,15.0625
2026-04-03 21:00:00+00:00,236,3,0.0,9.5,0.0,45.8125,15.1875
2026-04-03 21:00:00+00:00,236,6,0.0,9.4,0.0,45.8125,15.1875
2026-04-03 21:00:00+00:00,325,3,0.0,9.6,0.0,46.5625,15.625
2026-04-03 21:00:00+00:00,325,6,0.0,9.4,0.0,46.5625,15.625
2026-04-03 21:00:00+00:00,391,3,0.0,9.0,0.0,46.6875,16.0625
2026-04-03 21:00:00+00:00,391,6,0.0,9.1,0.0,46.6875,16.0625
2026-04-03 21:00:00+00:00,422,3,0.0,10.1,0.0,46.25,15.25
2026-04-03 21:00:00+00:00,422,6,0.0,9.8,0.0,46.25,15.25
2026-04-03 21:00:00+00:00,425,3,0.0,10.8,0.0,45.9375,15.5
2026-04-03 21:00:00+00:00,425,6,0.0,10.7,0.0,45.9375,15.5
2026-04-03 21:00:00+00:00,426,3,0.0,11.8,0.0,45.5625,13.75
2026-04-03 21:00:00+00:00,426,6,0.0,11.6,0.0,45.5625,13.75
2026-04-03 22:00:00+00:00,63,1,0.0,4.6,0.0,46.375,14.0625
2026-04-03 22:00:00+00:00,76,1,0.0,6.7,0.0,46.3125,14.1875
2026-04-03 22:00:00+00:00,106,1,0.0,8.2,0.0,46.25,14.375
2026-04-03 22:00:00+00:00,122,1,0.0,7.9,0.0,46.0,14.4375
2026-04-03 22:00:00+00:00,127,1,0.0,8.2,0.0,46.125,14.5
2026-04-03 22:00:00+00:00,129,1,0.0,6.6,0.0,46.0,14.5
2026-04-03 22:00:00+00:00,177,1,0.0,5.9,0.0,45.625,14.8125
2026-04-03 22:00:00+00:00,194,1,0.0,7.5,0.0,46.5,15.0625
2026-04-03 22:00:00+00:00,236,1,0.0,9.0,0.0,45.8125,15.1875
2026-04-03 22:00:00+00:00,325,1,0.0,8.4,0.0,46.5625,15.625
2026-04-03 22:00:00+00:00,391,1,0.0,8.0,0.0,46.6875,16.0625
2026-04-03 22:00:00+00:00,422,1,0.0,8.8,0.0,46.25,15.25
2026-04-03 22:00:00+00:00,425,1,0.0,9.5,0.0,45.9375,15.5
2026-04-03 22:00:00+00:00,426,1,0.0,11.3,0.0,45.5625,13.75
2026-04-03 23:00:00+00:00,63,2,0.0,4.0,0.0,46.375,14.0625
2026-04-03 23:00:00+00:00,76,2,0.0,6.3,0.0,46.3125,14.1875
2026-04-03 23:00:00+00:00,106,2,0.0,7.5,0.0,46.25,14.375
2026-04-03 23:00:00+00:00,122,2,0.0,7.0,0.0,46.0,14.4375
2026-04-03 23:00:00+00:00,127,2,0.0,6.9,0.0,46.125,14.5
2026-04-03 23:00:00+00:00,129,2,0.0,5.6,0.0,46.0,14.5
2026-04-03 23:00:00+00:00,177,2,0.0,5.1,0.0,45.625,14.8125
2026-04-03 23:00:00+00:00,194,2,0.0,6.7,0.0,46.5,15.0625
2026-04-03 23:00:00+00:00,236,2,0.0,8.4,0.0,45.8125,15.1875
2026-04-03 23:00:00+00:00,325,2,0.0,7.7,0.0,46.5625,15.625
2026-04-03 23:00:00+00:00,391,2,0.0,7.1,0.0,46.6875,16.0625
2026-04-03 23:00:00+00:00,422,2,0.0,8.2,0.0,46.25,15.25
2026-04-03 23:00:00+00:00,425,2,0.0,8.4,0.0,45.9375,15.5
2026-04-03 23:00:00+00:00,426,2,0.0,11.1,0.0,45.5625,13.75
2026-04-04 00:00:00+00:00,63,3,0.0,3.5,0.0,46.375,14.0625
2026-04-04 00:00:00+00:00,63,6,0.0,4.0,0.0,46.375,14.0625
2026-04-04 00:00:00+00:00,63,24,0.0,4.1,0.0,46.375,14.0625
2026-04-04 00:00:00+00:00,76,3,0.0,6.2,0.0,46.3125,14.1875
2026-04-04 00:00:00+00:00,76,6,0.0,6.3,0.0,46.3125,14.1875
2026-04-04 00:00:00+00:00,76,24,0.0,5.9,0.0,46.3125,14.1875
2026-04-04 00:00:00+00:00,106,3,0.0,7.0,0.0,46.25,14.375
2026-04-04 00:00:00+00:00,106,6,0.0,7.3,0.0,46.25,14.375
2026-04-04 00:00:00+00:00,106,24,0.0,7.7,0.0,46.25,14.375
2026-04-04 00:00:00+00:00,122,3,0.0,6.1,0.0,46.0,14.4375
2026-04-04 00:00:00+00:00,122,6,0.0,6.2,0.0,46.0,14.4375
2026-04-04 00:00:00+00:00,122,24,0.0,6.7,0.0,46.0,14.4375
2026-04-04 00:00:00+00:00,127,3,0.0,5.7,0.0,46.125,14.5
2026-04-04 00:00:00+00:00,127,6,0.0,5.9,0.0,46.125,14.5
2026-04-04 00:00:00+00:00,127,24,0.0,6.2,0.0,46.125,14.5
2026-04-04 00:00:00+00:00,129,3,0.0,4.8,0.0,46.0,14.5
2026-04-04 00:00:00+00:00,129,6,0.0,5.3,0.0,46.0,14.5
2026-04-04 00:00:00+00:00,129,24,0.0,5.4,0.0,46.0,14.5
2026-04-04 00:00:00+00:00,177,3,0.0,4.6,0.0,45.625,14.8125
2026-04-04 00:00:00+00:00,177,6,0.0,5.1,0.0,45.625,14.8125
2026-04-04 00:00:00+00:00,177,24,0.0,5.6,0.0,45.625,14.8125
2026-04-04 00:00:00+00:00,194,3,0.0,6.3,0.0,46.5,15.0625
2026-04-04 00:00:00+00:00,194,6,0.0,6.5,0.0,46.5,15.0625
2026-04-04 00:00:00+00:00,194,24,0.0,6.2,0.0,46.5,15.0625
2026-04-04 00:00:00+00:00,236,3,0.0,7.5,0.0,45.8125,15.1875
2026-04-04 00:00:00+00:00,236,6,0.0,7.4,0.0,45.8125,15.1875
2026-04-04 00:00:00+00:00,236,24,0.0,6.9,0.0,45.8125,15.1875
2026-04-04 00:00:00+00:00,325,3,0.0,6.9,0.0,46.5625,15.625
2026-04-04 00:00:00+00:00,325,6,0.0,7.2,0.0,46.5625,15.625
2026-04-04 00:00:00+00:00,325,24,0.0,7.1,0.0,46.5625,15.625
2026-04-04 00:00:00+00:00,391,3,0.0,6.6,0.0,46.6875,16.0625
2026-04-04 00:00:00+00:00,391,6,0.0,7.3,0.0,46.6875,16.0625
2026-04-04 00:00:00+00:00,391,24,0.0,8.3,0.0,46.6875,16.0625
2026-04-04 00:00:00+00:00,422,3,0.0,7.3,0.0,46.25,15.25
2026-04-04 00:00:00+00:00,422,6,0.0,7.2,0.0,46.25,15.25
2026-04-04 00:00:00+00:00,422,24,0.0,7.6,0.0,46.25,15.25
2026-04-04 00:00:00+00:00,425,3,0.0,7.3,0.0,45.9375,15.5
2026-04-04 00:00:00+00:00,425,6,0.0,7.8,0.0,45.9375,15.5
2026-04-04 00:00:00+00:00,425,24,0.0,8.1,0.0,45.9375,15.5
2026-04-04 00:00:00+00:00,426,3,0.0,11.3,0.0,45.5625,13.75
2026-04-04 00:00:00+00:00,426,6,0.0,11.4,0.0,45.5625,13.75
2026-04-04 00:00:00+00:00,426,24,0.0,11.2,0.0,45.5625,13.75
2026-04-04 03:00:00+00:00,63,6,0.0,3.7,0.0,46.375,14.0625
2026-04-04 03:00:00+00:00,63,24,0.0,4.3,0.0,46.375,14.0625
2026-04-04 03:00:00+00:00,76,6,0.0,5.6,0.0,46.3125,14.1875
2026-04-04 03:00:00+00:00,76,24,0.0,5.4,0.0,46.3125,14.1875
2026-04-04 03:00:00+00:00,106,6,0.0,6.0,0.0,46.25,14.375
2026-04-04 03:00:00+00:00,106,24,0.0,6.0,0.0,46.25,14.375
2026-04-04 03:00:00+00:00,122,6,0.0,3.9,0.0,46.0,14.4375
2026-04-04 03:00:00+00:00,122,24,0.0,4.2,0.0,46.0,14.4375
2026-04-04 03:00:00+00:00,127,6,0.0,4.1,0.0,46.125,14.5
2026-04-04 03:00:00+00:00,127,24,0.0,4.3,0.0,46.125,14.5
2026-04-04 03:00:00+00:00,129,6,0.0,3.2,0.0,46.0,14.5
2026-04-04 03:00:00+00:00,129,24,0.0,3.9,0.0,46.0,14.5
2026-04-04 03:00:00+00:00,177,6,0.0,4.3,0.0,45.625,14.8125
2026-04-04 03:00:00+00:00,177,24,0.0,4.6,0.0,45.625,14.8125
2026-04-04 03:00:00+00:00,194,6,0.0,5.8,0.0,46.5,15.0625
2026-04-04 03:00:00+00:00,194,24,0.0,5.8,0.0,46.5,15.0625
2026-04-04 03:00:00+00:00,236,6,0.0,5.2,0.0,45.8125,15.1875
2026-04-04 03:00:00+00:00,236,24,0.0,4.9,0.0,45.8125,15.1875
2026-04-04 03:00:00+00:00,325,6,0.0,5.1,0.0,46.5625,15.625
2026-04-04 03:00:00+00:00,325,24,0.0,6.3,0.0,46.5625,15.625
2026-04-04 03:00:00+00:00,391,6,0.0,5.7,0.0,46.6875,16.0625
2026-04-04 03:00:00+00:00,391,24,0.0,6.8,0.0,46.6875,16.0625
2026-04-04 03:00:00+00:00,422,6,0.0,6.2,0.0,46.25,15.25
2026-04-04 03:00:00+00:00,422,24,0.0,6.2,0.0,46.25,15.25
2026-04-04 03:00:00+00:00,425,6,0.0,6.0,0.0,45.9375,15.5
2026-04-04 03:00:00+00:00,425,24,0.0,6.8,0.0,45.9375,15.5
2026-04-04 03:00:00+00:00,426,6,0.0,10.4,0.0,45.5625,13.75
2026-04-04 03:00:00+00:00,426,24,0.0,10.1,0.0,45.5625,13.75
2026-04-04 06:00:00+00:00,63,24,91.0,5.6,0.0,46.375,14.0625
2026-04-04 06:00:00+00:00,76,24,91.0,6.6,0.0,46.3125,14.1875
2026-04-04 06:00:00+00:00,106,24,93.0,6.6,0.0,46.25,14.375
2026-04-04 06:00:00+00:00,122,24,88.0,4.8,0.0,46.0,14.4375
2026-04-04 06:00:00+00:00,127,24,89.0,4.3,0.0,46.125,14.5
2026-04-04 06:00:00+00:00,129,24,86.0,4.5,0.0,46.0,14.5
2026-04-04 06:00:00+00:00,177,24,97.0,4.6,0.0,45.625,14.8125
2026-04-04 06:00:00+00:00,194,24,92.0,6.6,0.0,46.5,15.0625
2026-04-04 06:00:00+00:00,236,24,96.0,4.8,0.0,45.8125,15.1875
2026-04-04 06:00:00+00:00,325,24,87.0,7.6,0.0,46.5625,15.625
2026-04-04 06:00:00+00:00,391,24,94.0,6.7,0.0,46.6875,16.0625
2026-04-04 06:00:00+00:00,422,24,81.0,6.2,0.0,46.25,15.25
2026-04-04 06:00:00+00:00,425,24,102.0,6.6,0.0,45.9375,15.5
2026-04-04 06:00:00+00:00,426,24,84.0,10.1,0.0,45.5625,13.75
2026-04-04 09:00:00+00:00,63,24,563.0,11.7,0.0,46.375,14.0625
2026-04-04 09:00:00+00:00,76,24,553.0,12.9,0.0,46.3125,14.1875
2026-04-04 09:00:00+00:00,106,24,524.0,12.3,0.0,46.25,14.375
2026-04-04 09:00:00+00:00,122,24,510.0,13.2,0.0,46.0,14.4375
2026-04-04 09:00:00+00:00,127,24,533.0,11.9,0.0,46.125,14.5
2026-04-04 09:00:00+00:00,129,24,500.0,12.7,0.0,46.0,14.5
2026-04-04 09:00:00+00:00,177,24,602.0,11.4,0.0,45.625,14.8125
2026-04-04 09:00:00+00:00,194,24,482.0,12.8,0.0,46.5,15.0625
2026-04-04 09:00:00+00:00,236,24,571.0,13.5,0.0,45.8125,15.1875
2026-04-04 09:00:00+00:00,325,24,429.0,14.9,0.0,46.5625,15.625
2026-04-04 09:00:00+00:00,391,24,502.0,13.9,0.0,46.6875,16.0625
2026-04-04 09:00:00+00:00,422,24,557.0,14.3,0.0,46.25,15.25
2026-04-04 09:00:00+00:00,425,24,564.0,13.9,0.0,45.9375,15.5
2026-04-04 09:00:00+00:00,426,24,514.0,15.9,0.0,45.5625,13.75
2026-04-04 12:00:00+00:00,63,24,646.0,14.9,0.0,46.375,14.0625
2026-04-04 12:00:00+00:00,76,24,606.0,15.4,0.0,46.3125,14.1875
2026-04-04 12:00:00+00:00,106,24,477.0,15.5,0.0,46.25,14.375
2026-04-04 12:00:00+00:00,122,24,599.0,17.3,0.0,46.0,14.4375
2026-04-04 12:00:00+00:00,127,24,599.0,16.2,0.0,46.125,14.5
2026-04-04 12:00:00+00:00,129,24,623.0,17.2,0.0,46.0,14.5
2026-04-04 12:00:00+00:00,177,24,631.0,13.9,0.0,45.625,14.8125
2026-04-04 12:00:00+00:00,194,24,526.0,15.8,0.0,46.5,15.0625
2026-04-04 12:00:00+00:00,236,24,529.0,16.7,0.0,45.8125,15.1875
2026-04-04 12:00:00+00:00,325,24,640.0,17.6,0.0,46.5625,15.625
2026-04-04 12:00:00+00:00,391,24,555.0,17.1,0.0,46.6875,16.0625
2026-04-04 12:00:00+00:00,422,24,668.0,18.1,0.0,46.25,15.25
2026-04-04 12:00:00+00:00,425,24,587.0,17.2,0.0,45.9375,15.5
2026-04-04 12:00:00+00:00,426,24,655.0,16.7,0.0,45.5625,13.75
2026-04-04 15:00:00+00:00,63,24,214.0,14.5,0.0,46.375,14.0625
2026-04-04 15:00:00+00:00,76,24,240.0,15.6,0.0,46.3125,14.1875
2026-04-04 15:00:00+00:00,106,24,238.0,17.0,0.0,46.25,14.375
2026-04-04 15:00:00+00:00,122,24,397.0,18.2,0.0,46.0,14.4375
2026-04-04 15:00:00+00:00,127,24,336.0,18.1,0.0,46.125,14.5
2026-04-04 15:00:00+00:00,129,24,385.0,18.5,0.0,46.0,14.5
2026-04-04 15:00:00+00:00,177,24,263.0,14.5,0.0,45.625,14.8125
2026-04-04 15:00:00+00:00,194,24,261.0,16.4,0.0,46.5,15.0625
2026-04-04 15:00:00+00:00,236,24,231.0,17.5,0.0,45.8125,15.1875
2026-04-04 15:00:00+00:00,325,24,179.0,17.1,0.0,46.5625,15.625
2026-04-04 15:00:00+00:00,391,24,211.0,17.1,0.0,46.6875,16.0625
2026-04-04 15:00:00+00:00,422,24,241.0,18.0,0.0,46.25,15.25
2026-04-04 15:00:00+00:00,425,24,234.0,17.7,0.0,45.9375,15.5
2026-04-04 15:00:00+00:00,426,24,331.0,16.3,0.0,45.5625,13.75
2026-04-04 18:00:00+00:00,63,24,7.0,11.2,0.0,46.375,14.0625
2026-04-04 18:00:00+00:00,76,24,7.0,12.6,0.0,46.3125,14.1875
2026-04-04 18:00:00+00:00,106,24,6.0,14.6,0.0,46.25,14.375
2026-04-04 18:00:00+00:00,122,24,8.0,13.9,0.0,46.0,14.4375
2026-04-04 18:00:00+00:00,127,24,8.0,14.6,0.0,46.125,14.5
2026-04-04 18:00:00+00:00,129,24,9.0,14.1,0.0,46.0,14.5
2026-04-04 18:00:00+00:00,177,24,8.0,10.4,0.0,45.625,14.8125
2026-04-04 18:00:00+00:00,194,24,5.0,14.0,0.0,46.5,15.0625
2026-04-04 18:00:00+00:00,236,24,6.0,13.9,0.0,45.8125,15.1875
2026-04-04 18:00:00+00:00,325,24,5.0,15.0,0.0,46.5625,15.625
2026-04-04 18:00:00+00:00,391,24,3.0,14.9,0.0,46.6875,16.0625
2026-04-04 18:00:00+00:00,422,24,4.0,15.6,0.0,46.25,15.25
2026-04-04 18:00:00+00:00,425,24,6.0,13.9,0.0,45.9375,15.5
2026-04-04 18:00:00+00:00,426,24,10.0,13.8,0.0,45.5625,13.75
2026-04-04 21:00:00+00:00,63,24,0.0,9.0,0.0,46.375,14.0625
2026-04-04 21:00:00+00:00,76,24,0.0,10.0,0.0,46.3125,14.1875
2026-04-04 21:00:00+00:00,106,24,0.0,11.4,0.0,46.25,14.375
2026-04-04 21:00:00+00:00,122,24,0.0,9.4,0.0,46.0,14.4375
2026-04-04 21:00:00+00:00,127,24,0.0,10.7,0.0,46.125,14.5
2026-04-04 21:00:00+00:00,129,24,0.0,9.5,0.0,46.0,14.5
2026-04-04 21:00:00+00:00,177,24,0.0,8.1,0.0,45.625,14.8125
2026-04-04 21:00:00+00:00,194,24,0.0,11.6,0.0,46.5,15.0625
2026-04-04 21:00:00+00:00,236,24,0.0,11.3,0.0,45.8125,15.1875
2026-04-04 21:00:00+00:00,325,24,0.0,12.6,0.0,46.5625,15.625
2026-04-04 21:00:00+00:00,391,24,0.0,12.2,0.0,46.6875,16.0625
2026-04-04 21:00:00+00:00,422,24,0.0,12.2,0.0,46.25,15.25
2026-04-04 21:00:00+00:00,425,24,0.0,12.2,0.0,45.9375,15.5
2026-04-04 21:00:00+00:00,426,24,0.0,10.9,0.0,45.5625,13.75
2026-04-04 01:00:00+00:00,63,1,0.0,4.2,0.0,46.375,14.0625
2026-04-04 01:00:00+00:00,76,1,0.0,5.5,0.0,46.3125,14.1875
2026-04-04 01:00:00+00:00,106,1,0.0,6.6,0.0,46.25,14.375
2026-04-04 01:00:00+00:00,122,1,0.0,4.6,0.0,46.0,14.4375
2026-04-04 01:00:00+00:00,127,1,0.0,4.5,0.0,46.125,14.5
2026-04-04 01:00:00+00:00,129,1,0.0,3.3,0.0,46.0,14.5
2026-04-04 01:00:00+00:00,177,1,0.0,4.1,0.0,45.625,14.8125
2026-04-04 01:00:00+00:00,194,1,0.0,5.9,0.0,46.5,15.0625
2026-04-04 01:00:00+00:00,236,1,0.0,7.2,0.0,45.8125,15.1875
2026-04-04 01:00:00+00:00,325,1,0.0,5.0,0.0,46.5625,15.625
2026-04-04 01:00:00+00:00,391,1,0.0,4.6,0.0,46.6875,16.0625
2026-04-04 01:00:00+00:00,422,1,0.0,5.6,0.0,46.25,15.25
2026-04-04 01:00:00+00:00,425,1,0.0,5.1,0.0,45.9375,15.5
2026-04-04 01:00:00+00:00,426,1,0.0,11.2,0.0,45.5625,13.75
2026-04-04 02:00:00+00:00,63,2,0.0,4.3,0.0,46.375,14.0625
2026-04-04 02:00:00+00:00,76,2,0.0,5.6,0.0,46.3125,14.1875
2026-04-04 02:00:00+00:00,106,2,0.0,6.2,0.0,46.25,14.375
2026-04-04 02:00:00+00:00,122,2,0.0,4.2,0.0,46.0,14.4375
2026-04-04 02:00:00+00:00,127,2,0.0,4.2,0.0,46.125,14.5
2026-04-04 02:00:00+00:00,129,2,0.0,2.8,0.0,46.0,14.5
2026-04-04 02:00:00+00:00,177,2,0.0,4.0,0.0,45.625,14.8125
2026-04-04 02:00:00+00:00,194,2,0.0,5.6,0.0,46.5,15.0625
2026-04-04 02:00:00+00:00,236,2,0.0,6.1,0.0,45.8125,15.1875
2026-04-04 02:00:00+00:00,325,2,0.0,4.7,0.0,46.5625,15.625
2026-04-04 02:00:00+00:00,391,2,0.0,4.1,0.0,46.6875,16.0625
2026-04-04 02:00:00+00:00,422,2,0.0,5.3,0.0,46.25,15.25
2026-04-04 02:00:00+00:00,425,2,0.0,4.1,0.0,45.9375,15.5
2026-04-04 02:00:00+00:00,426,2,0.0,11.0,0.0,45.5625,13.75
2026-04-04 03:00:00+00:00,63,3,0.0,4.5,0.0,46.375,14.0625
2026-04-04 03:00:00+00:00,76,3,0.0,5.7,0.0,46.3125,14.1875
2026-04-04 03:00:00+00:00,106,3,0.0,5.9,0.0,46.25,14.375
2026-04-04 03:00:00+00:00,122,3,0.0,3.8,0.0,46.0,14.4375
2026-04-04 03:00:00+00:00,127,3,0.0,3.6,0.0,46.125,14.5
2026-04-04 03:00:00+00:00,129,3,0.0,2.8,0.0,46.0,14.5
2026-04-04 03:00:00+00:00,177,3,0.0,4.4,0.0,45.625,14.8125
2026-04-04 03:00:00+00:00,194,3,0.0,5.9,0.0,46.5,15.0625
2026-04-04 03:00:00+00:00,236,3,0.0,4.6,0.0,45.8125,15.1875
2026-04-04 03:00:00+00:00,325,3,0.0,4.4,0.0,46.5625,15.625
2026-04-04 03:00:00+00:00,391,3,0.0,3.8,0.0,46.6875,16.0625
2026-04-04 03:00:00+00:00,422,3,0.0,5.3,0.0,46.25,15.25
2026-04-04 03:00:00+00:00,425,3,0.0,4.1,0.0,45.9375,15.5
2026-04-04 03:00:00+00:00,426,3,0.0,10.3,0.0,45.5625,13.75
2026-04-04 04:00:00+00:00,63,1,0.0,4.2,0.0,46.375,14.0625
2026-04-04 04:00:00+00:00,76,1,0.0,5.3,0.0,46.3125,14.1875
2026-04-04 04:00:00+00:00,106,1,0.0,4.8,0.0,46.25,14.375
2026-04-04 04:00:00+00:00,122,1,0.0,2.5,0.0,46.0,14.4375
2026-04-04 04:00:00+00:00,127,1,0.0,2.5,0.0,46.125,14.5
2026-04-04 04:00:00+00:00,129,1,0.0,1.7,0.0,46.0,14.5
2026-04-04 04:00:00+00:00,177,1,0.0,4.1,0.0,45.625,14.8125
2026-04-04 04:00:00+00:00,194,1,0.0,5.6,0.0,46.5,15.0625
2026-04-04 04:00:00+00:00,236,1,0.0,2.1,0.0,45.8125,15.1875
2026-04-04 04:00:00+00:00,325,1,0.0,3.8,0.0,46.5625,15.625
2026-04-04 04:00:00+00:00,391,1,0.0,2.2,0.0,46.6875,16.0625
2026-04-04 04:00:00+00:00,422,1,0.0,4.0,0.0,46.25,15.25
2026-04-04 04:00:00+00:00,425,1,0.0,2.3,0.0,45.9375,15.5
2026-04-04 04:00:00+00:00,426,1,0.0,9.4,0.0,45.5625,13.75
2026-04-04 05:00:00+00:00,63,2,3.0,4.0,0.0,46.375,14.0625
2026-04-04 05:00:00+00:00,76,2,4.0,5.4,0.0,46.3125,14.1875
2026-04-04 05:00:00+00:00,106,2,3.0,4.9,0.0,46.25,14.375
2026-04-04 05:00:00+00:00,122,2,3.0,2.5,0.0,46.0,14.4375
2026-04-04 05:00:00+00:00,127,2,3.0,2.2,0.0,46.125,14.5
2026-04-04 05:00:00+00:00,129,2,3.0,2.3,0.0,46.0,14.5
2026-04-04 05:00:00+00:00,177,2,4.0,4.0,0.0,45.625,14.8125
2026-04-04 05:00:00+00:00,194,2,3.0,5.6,0.0,46.5,15.0625
2026-04-04 05:00:00+00:00,236,2,5.0,1.8,0.0,45.8125,15.1875
2026-04-04 05:00:00+00:00,325,2,5.0,4.5,0.0,46.5625,15.625
2026-04-04 05:00:00+00:00,391,2,6.0,2.0,0.0,46.6875,16.0625
2026-04-04 05:00:00+00:00,422,2,4.0,4.1,0.0,46.25,15.25
2026-04-04 05:00:00+00:00,425,2,6.0,2.5,0.0,45.9375,15.5
2026-04-04 05:00:00+00:00,426,2,2.0,8.7,0.0,45.5625,13.75
2026-04-04 06:00:00+00:00,63,3,88.0,4.8,0.0,46.375,14.0625
2026-04-04 06:00:00+00:00,63,6,90.0,5.1,0.0,46.375,14.0625
2026-04-04 06:00:00+00:00,76,3,93.0,6.6,0.0,46.3125,14.1875
2026-04-04 06:00:00+00:00,76,6,92.0,6.9,0.0,46.3125,14.1875
2026-04-04 06:00:00+00:00,106,3,92.0,6.0,0.0,46.25,14.375
2026-04-04 06:00:00+00:00,106,6,91.0,6.6,0.0,46.25,14.375
2026-04-04 06:00:00+00:00,122,3,78.0,3.9,0.0,46.0,14.4375
2026-04-04 06:00:00+00:00,122,6,77.0,5.1,0.0,46.0,14.4375
2026-04-04 06:00:00+00:00,127,3,79.0,3.0,0.0,46.125,14.5
2026-04-04 06:00:00+00:00,127,6,79.0,4.2,0.0,46.125,14.5
2026-04-04 06:00:00+00:00,129,3,76.0,3.7,0.0,46.0,14.5
2026-04-04 06:00:00+00:00,129,6,74.0,4.9,0.0,46.0,14.5
2026-04-04 06:00:00+00:00,177,3,100.0,5.1,0.0,45.625,14.8125
2026-04-04 06:00:00+00:00,177,6,96.0,5.4,0.0,45.625,14.8125
2026-04-04 06:00:00+00:00,194,3,82.0,6.7,0.0,46.5,15.0625
2026-04-04 06:00:00+00:00,194,6,83.0,7.1,0.0,46.5,15.0625
2026-04-04 06:00:00+00:00,236,3,89.0,3.6,0.0,45.8125,15.1875
2026-04-04 06:00:00+00:00,236,6,92.0,4.7,0.0,45.8125,15.1875
2026-04-04 06:00:00+00:00,325,3,77.0,6.5,0.0,46.5625,15.625
2026-04-04 06:00:00+00:00,325,6,77.0,6.8,0.0,46.5625,15.625
2026-04-04 06:00:00+00:00,391,3,88.0,3.3,0.0,46.6875,16.0625
2026-04-04 06:00:00+00:00,391,6,89.0,4.8,0.0,46.6875,16.0625
2026-04-04 06:00:00+00:00,422,3,86.0,5.4,0.0,46.25,15.25
2026-04-04 06:00:00+00:00,422,6,85.0,6.6,0.0,46.25,15.25
2026-04-04 06:00:00+00:00,425,3,96.0,4.1,0.0,45.9375,15.5
2026-04-04 06:00:00+00:00,425,6,92.0,5.7,0.0,45.9375,15.5
2026-04-04 06:00:00+00:00,426,3,85.0,9.3,0.0,45.5625,13.75
2026-04-04 06:00:00+00:00,426,6,81.0,9.8,0.0,45.5625,13.75
2026-04-04 07:00:00+00:00,63,1,227.0,6.7,0.0,46.375,14.0625
2026-04-04 07:00:00+00:00,76,1,262.0,9.3,0.0,46.3125,14.1875
2026-04-04 07:00:00+00:00,106,1,260.0,8.5,0.0,46.25,14.375
2026-04-04 07:00:00+00:00,122,1,243.0,7.6,0.0,46.0,14.4375
2026-04-04 07:00:00+00:00,127,1,248.0,5.7,0.0,46.125,14.5
2026-04-04 07:00:00+00:00,129,1,234.0,6.5,0.0,46.0,14.5
2026-04-04 07:00:00+00:00,177,1,273.0,8.0,0.0,45.625,14.8125
2026-04-04 07:00:00+00:00,194,1,220.0,9.2,0.0,46.5,15.0625
2026-04-04 07:00:00+00:00,236,1,248.0,7.4,0.0,45.8125,15.1875
2026-04-04 07:00:00+00:00,325,1,208.0,10.3,0.0,46.5625,15.625
2026-04-04 07:00:00+00:00,391,1,251.0,7.5,0.0,46.6875,16.0625
2026-04-04 07:00:00+00:00,422,1,247.0,8.8,0.0,46.25,15.25
2026-04-04 07:00:00+00:00,425,1,264.0,8.1,0.0,45.9375,15.5
2026-04-04 07:00:00+00:00,426,1,251.0,12.3,0.0,45.5625,13.75
2026-04-04 08:00:00+00:00,63,2,379.0,9.1,0.0,46.375,14.0625
2026-04-04 08:00:00+00:00,76,2,404.0,11.3,0.0,46.3125,14.1875
2026-04-04 08:00:00+00:00,106,2,399.0,10.6,0.0,46.25,14.375
2026-04-04 08:00:00+00:00,122,2,418.0,10.3,0.0,46.0,14.4375
2026-04-04 08:00:00+00:00,127,2,407.0,8.7,0.0,46.125,14.5
2026-04-04 08:00:00+00:00,129,2,415.0,9.3,0.0,46.0,14.5
2026-04-04 08:00:00+00:00,177,2,447.0,9.8,0.0,45.625,14.8125
2026-04-04 08:00:00+00:00,194,2,350.0,11.2,0.0,46.5,15.0625
2026-04-04 08:00:00+00:00,236,2,437.0,11.2,0.0,45.8125,15.1875
2026-04-04 08:00:00+00:00,325,2,308.0,13.6,0.0,46.5625,15.625
2026-04-04 08:00:00+00:00,391,2,413.0,11.2,0.0,46.6875,16.0625
2026-04-04 08:00:00+00:00,422,2,363.0,11.3,0.0,46.25,15.25
2026-04-04 08:00:00+00:00,425,2,440.0,11.3,0.0,45.9375,15.5
2026-04-04 08:00:00+00:00,426,2,432.0,14.8,0.0,45.5625,13.75
2026-04-04 09:00:00+00:00,63,3,502.0,11.1,0.0,46.375,14.0625
2026-04-04 09:00:00+00:00,63,6,503.0,11.4,0.0,46.375,14.0625
2026-04-04 09:00:00+00:00,76,3,499.0,12.4,0.0,46.3125,14.1875
2026-04-04 09:00:00+00:00,76,6,510.0,12.9,0.0,46.3125,14.1875
2026-04-04 09:00:00+00:00,106,3,481.0,12.4,0.0,46.25,14.375
2026-04-04 09:00:00+00:00,106,6,510.0,12.6,0.0,46.25,14.375
2026-04-04 09:00:00+00:00,122,3,484.0,12.6,0.0,46.0,14.4375
2026-04-04 09:00:00+00:00,122,6,528.0,13.1,0.0,46.0,14.4375
2026-04-04 09:00:00+00:00,127,3,467.0,11.3,0.0,46.125,14.5
2026-04-04 09:00:00+00:00,127,6,533.0,12.0,0.0,46.125,14.5
2026-04-04 09:00:00+00:00,129,3,487.0,12.0,0.0,46.0,14.5
2026-04-04 09:00:00+00:00,129,6,527.0,12.6,0.0,46.0,14.5
2026-04-04 09:00:00+00:00,177,3,600.0,11.3,0.0,45.625,14.8125
2026-04-04 09:00:00+00:00,177,6,592.0,11.5,0.0,45.625,14.8125
2026-04-04 09:00:00+00:00,194,3,414.0,12.5,0.0,46.5,15.0625
2026-04-04 09:00:00+00:00,194,6,531.0,13.5,0.0,46.5,15.0625
2026-04-04 09:00:00+00:00,236,3,587.0,13.6,0.0,45.8125,15.1875
2026-04-04 09:00:00+00:00,236,6,587.0,13.6,0.0,45.8125,15.1875
2026-04-04 09:00:00+00:00,325,3,476.0,15.4,0.0,46.5625,15.625
2026-04-04 09:00:00+00:00,325,6,520.0,15.6,0.0,46.5625,15.625
2026-04-04 09:00:00+00:00,391,3,540.0,13.9,0.0,46.6875,16.0625
2026-04-04 09:00:00+00:00,391,6,556.0,13.8,0.0,46.6875,16.0625
2026-04-04 09:00:00+00:00,422,3,509.0,14.3,0.0,46.25,15.25
2026-04-04 09:00:00+00:00,422,6,547.0,14.5,0.0,46.25,15.25
2026-04-04 09:00:00+00:00,425,3,571.0,13.9,0.0,45.9375,15.5
2026-04-04 09:00:00+00:00,425,6,578.0,14.0,0.0,45.9375,15.5
2026-04-04 09:00:00+00:00,426,3,511.0,15.5,0.0,45.5625,13.75
2026-04-04 09:00:00+00:00,426,6,553.0,15.8,0.0,45.5625,13.75
2026-04-04 10:00:00+00:00,63,1,613.0,13.7,0.0,46.375,14.0625
2026-04-04 10:00:00+00:00,76,1,606.0,14.4,0.0,46.3125,14.1875
2026-04-04 10:00:00+00:00,106,1,506.0,14.3,0.0,46.25,14.375
2026-04-04 10:00:00+00:00,122,1,465.0,14.7,0.0,46.0,14.4375
2026-04-04 10:00:00+00:00,127,1,442.0,13.8,0.0,46.125,14.5
2026-04-04 10:00:00+00:00,129,1,457.0,14.3,0.0,46.0,14.5
2026-04-04 10:00:00+00:00,177,1,645.0,12.6,0.0,45.625,14.8125
2026-04-04 10:00:00+00:00,194,1,287.0,13.2,0.1,46.5,15.0625
2026-04-04 10:00:00+00:00,236,1,636.0,15.7,0.0,45.8125,15.1875
2026-04-04 10:00:00+00:00,325,1,470.0,16.5,0.0,46.5625,15.625
2026-04-04 10:00:00+00:00,391,1,537.0,15.9,0.0,46.6875,16.0625
2026-04-04 10:00:00+00:00,422,1,565.0,16.7,0.0,46.25,15.25
2026-04-04 10:00:00+00:00,425,1,607.0,16.0,0.0,45.9375,15.5
2026-04-04 10:00:00+00:00,426,1,586.0,16.3,0.0,45.5625,13.75
2026-04-04 11:00:00+00:00,63,2,696.0,15.0,0.0,46.375,14.0625
2026-04-04 11:00:00+00:00,76,2,732.0,15.6,0.0,46.3125,14.1875
2026-04-04 11:00:00+00:00,106,2,696.0,15.8,0.0,46.25,14.375
2026-04-04 11:00:00+00:00,122,2,593.0,16.6,0.0,46.0,14.4375
2026-04-04 11:00:00+00:00,127,2,666.0,15.8,0.0,46.125,14.5
2026-04-04 11:00:00+00:00,129,2,558.0,16.4,0.0,46.0,14.5
2026-04-04 11:00:00+00:00,177,2,507.0,12.9,0.0,45.625,14.8125
2026-04-04 11:00:00+00:00,194,2,418.0,15.0,0.0,46.5,15.0625
2026-04-04 11:00:00+00:00,236,2,589.0,16.6,0.0,45.8125,15.1875
2026-04-04 11:00:00+00:00,325,2,430.0,16.8,0.0,46.5625,15.625
2026-04-04 11:00:00+00:00,391,2,392.0,15.9,0.0,46.6875,16.0625
2026-04-04 11:00:00+00:00,422,2,515.0,16.5,0.1,46.25,15.25
2026-04-04 11:00:00+00:00,425,2,597.0,17.0,0.0,45.9375,15.5
2026-04-04 11:00:00+00:00,426,2,563.0,16.6,0.0,45.5625,13.75
2026-04-04 12:00:00+00:00,63,3,644.0,15.5,0.0,46.375,14.0625
2026-04-04 12:00:00+00:00,63,6,696.0,15.3,0.0,46.375,14.0625
2026-04-04 12:00:00+00:00,76,3,669.0,16.2,0.0,46.3125,14.1875
2026-04-04 12:00:00+00:00,76,6,713.0,15.8,0.0,46.3125,14.1875
2026-04-04 12:00:00+00:00,106,3,698.0,16.8,0.0,46.25,14.375
2026-04-04 12:00:00+00:00,106,6,663.0,16.1,0.0,46.25,14.375
2026-04-04 12:00:00+00:00,122,3,673.0,17.9,0.0,46.0,14.4375
2026-04-04 12:00:00+00:00,122,6,682.0,17.3,0.0,46.0,14.4375
2026-04-04 12:00:00+00:00,127,3,699.0,17.0,0.0,46.125,14.5
2026-04-04 12:00:00+00:00,127,6,703.0,16.4,0.0,46.125,14.5
2026-04-04 12:00:00+00:00,129,3,648.0,17.8,0.0,46.0,14.5
2026-04-04 12:00:00+00:00,129,6,675.0,17.1,0.0,46.0,14.5
2026-04-04 12:00:00+00:00,177,3,403.0,13.2,0.0,45.625,14.8125
2026-04-04 12:00:00+00:00,177,6,443.0,13.2,0.0,45.625,14.8125
2026-04-04 12:00:00+00:00,194,3,639.0,16.5,0.0,46.5,15.0625
2026-04-04 12:00:00+00:00,194,6,697.0,16.2,0.0,46.5,15.0625
2026-04-04 12:00:00+00:00,236,3,365.0,16.3,0.0,45.8125,15.1875
2026-04-04 12:00:00+00:00,236,6,422.0,16.3,0.0,45.8125,15.1875
2026-04-04 12:00:00+00:00,325,3,568.0,17.5,0.0,46.5625,15.625
2026-04-04 12:00:00+00:00,325,6,563.0,17.4,0.0,46.5625,15.625
2026-04-04 12:00:00+00:00,391,3,506.0,17.3,0.0,46.6875,16.0625
2026-04-04 12:00:00+00:00,391,6,516.0,17.1,0.0,46.6875,16.0625
2026-04-04 12:00:00+00:00,422,3,606.0,17.7,0.0,46.25,15.25
2026-04-04 12:00:00+00:00,422,6,613.0,17.5,0.0,46.25,15.25
2026-04-04 12:00:00+00:00,425,3,475.0,17.1,0.0,45.9375,15.5
2026-04-04 12:00:00+00:00,425,6,534.0,16.8,0.0,45.9375,15.5
2026-04-04 12:00:00+00:00,426,3,653.0,17.2,0.0,45.5625,13.75
2026-04-04 12:00:00+00:00,426,6,635.0,17.0,0.0,45.5625,13.75
2026-04-04 13:00:00+00:00,63,1,472.0,15.6,0.0,46.375,14.0625
2026-04-04 13:00:00+00:00,76,1,502.0,16.3,0.0,46.3125,14.1875
2026-04-04 13:00:00+00:00,106,1,526.0,17.2,0.0,46.25,14.375
2026-04-04 13:00:00+00:00,122,1,629.0,18.7,0.0,46.0,14.4375
2026-04-04 13:00:00+00:00,127,1,666.0,17.9,0.0,46.125,14.5
2026-04-04 13:00:00+00:00,129,1,624.0,18.6,0.0,46.0,14.5
2026-04-04 13:00:00+00:00,177,1,550.0,14.5,0.0,45.625,14.8125
2026-04-04 13:00:00+00:00,194,1,570.0,17.1,0.0,46.5,15.0625
2026-04-04 13:00:00+00:00,236,1,486.0,17.7,0.0,45.8125,15.1875
2026-04-04 13:00:00+00:00,325,1,541.0,18.1,0.0,46.5625,15.625
2026-04-04 13:00:00+00:00,391,1,615.0,18.3,0.0,46.6875,16.0625
2026-04-04 13:00:00+00:00,422,1,672.0,18.5,0.0,46.25,15.25
2026-04-04 13:00:00+00:00,425,1,525.0,18.0,0.0,45.9375,15.5
2026-04-04 13:00:00+00:00,426,1,666.0,17.4,0.0,45.5625,13.75
2026-04-04 14:00:00+00:00,63,2,376.0,15.6,0.0,46.375,14.0625
2026-04-04 14:00:00+00:00,76,2,354.0,16.2,0.0,46.3125,14.1875
2026-04-04 14:00:00+00:00,106,2,382.0,17.5,0.0,46.25,14.375
2026-04-04 14:00:00+00:00,122,2,560.0,19.0,0.0,46.0,14.4375
2026-04-04 14:00:00+00:00,127,2,535.0,18.2,0.0,46.125,14.5
2026-04-04 14:00:00+00:00,129,2,569.0,18.9,0.0,46.0,14.5
2026-04-04 14:00:00+00:00,177,2,506.0,14.7,0.0,45.625,14.8125
2026-04-04 14:00:00+00:00,194,2,463.0,17.0,0.0,46.5,15.0625
2026-04-04 14:00:00+00:00,236,2,476.0,17.9,0.0,45.8125,15.1875
2026-04-04 14:00:00+00:00,325,2,404.0,18.1,0.0,46.5625,15.625
2026-04-04 14:00:00+00:00,391,2,406.0,18.0,0.0,46.6875,16.0625
2026-04-04 14:00:00+00:00,422,2,549.0,18.8,0.0,46.25,15.25
2026-04-04 14:00:00+00:00,425,2,495.0,18.2,0.0,45.9375,15.5
2026-04-04 14:00:00+00:00,426,2,555.0,17.1,0.0,45.5625,13.75
2026-04-04 15:00:00+00:00,63,3,218.0,14.9,0.0,46.375,14.0625
2026-04-04 15:00:00+00:00,63,6,202.0,14.4,0.0,46.375,14.0625
2026-04-04 15:00:00+00:00,76,3,215.0,15.7,0.0,46.3125,14.1875
2026-04-04 15:00:00+00:00,76,6,197.0,15.5,0.0,46.3125,14.1875
2026-04-04 15:00:00+00:00,106,3,227.0,17.1,0.0,46.25,14.375
2026-04-04 15:00:00+00:00,106,6,206.0,16.8,0.0,46.25,14.375
2026-04-04 15:00:00+00:00,122,3,382.0,18.8,0.0,46.0,14.4375
2026-04-04 15:00:00+00:00,122,6,327.0,18.4,0.0,46.0,14.4375
2026-04-04 15:00:00+00:00,127,3,335.0,18.0,0.0,46.125,14.5
2026-04-04 15:00:00+00:00,127,6,255.0,17.9,0.0,46.125,14.5
2026-04-04 15:00:00+00:00,129,3,392.0,18.8,0.0,46.0,14.5
2026-04-04 15:00:00+00:00,129,6,321.0,18.7,0.0,46.0,14.5
2026-04-04 15:00:00+00:00,177,3,335.0,14.7,0.0,45.625,14.8125
2026-04-04 15:00:00+00:00,177,6,339.0,14.6,0.0,45.625,14.8125
2026-04-04 15:00:00+00:00,194,3,310.0,16.7,0.0,46.5,15.0625
2026-04-04 15:00:00+00:00,194,6,259.0,16.5,0.0,46.5,15.0625
2026-04-04 15:00:00+00:00,236,3,325.0,17.9,0.0,45.8125,15.1875
2026-04-04 15:00:00+00:00,236,6,332.0,17.8,0.0,45.8125,15.1875
2026-04-04 15:00:00+00:00,325,3,282.0,17.7,0.0,46.5625,15.625
2026-04-04 15:00:00+00:00,325,6,262.0,17.5,0.0,46.5625,15.625
2026-04-04 15:00:00+00:00,391,3,295.0,18.0,0.0,46.6875,16.0625
2026-04-04 15:00:00+00:00,391,6,243.0,17.7,0.0,46.6875,16.0625
2026-04-04 15:00:00+00:00,422,3,362.0,18.5,0.0,46.25,15.25
2026-04-04 15:00:00+00:00,422,6,329.0,18.4,0.0,46.25,15.25
2026-04-04 15:00:00+00:00,425,3,381.0,18.2,0.0,45.9375,15.5
2026-04-04 15:00:00+00:00,425,6,359.0,17.9,0.0,45.9375,15.5
2026-04-04 15:00:00+00:00,426,3,392.0,16.7,0.0,45.5625,13.75
2026-04-04 15:00:00+00:00,426,6,372.0,16.5,0.0,45.5625,13.75
2026-04-04 16:00:00+00:00,63,1,163.0,14.8,0.0,46.375,14.0625
2026-04-04 16:00:00+00:00,76,1,151.0,15.8,0.0,46.3125,14.1875
2026-04-04 16:00:00+00:00,106,1,134.0,17.4,0.0,46.25,14.375
2026-04-04 16:00:00+00:00,122,1,220.0,18.9,0.0,46.0,14.4375
2026-04-04 16:00:00+00:00,127,1,185.0,18.4,0.0,46.125,14.5
2026-04-04 16:00:00+00:00,129,1,221.0,19.1,0.0,46.0,14.5
2026-04-04 16:00:00+00:00,177,1,223.0,14.9,0.0,45.625,14.8125
2026-04-04 16:00:00+00:00,194,1,170.0,16.6,0.0,46.5,15.0625
2026-04-04 16:00:00+00:00,236,1,211.0,18.1,0.0,45.8125,15.1875
2026-04-04 16:00:00+00:00,325,1,138.0,17.6,0.0,46.5625,15.625
2026-04-04 16:00:00+00:00,391,1,143.0,17.8,0.0,46.6875,16.0625
2026-04-04 16:00:00+00:00,422,1,185.0,18.6,0.0,46.25,15.25
2026-04-04 16:00:00+00:00,425,1,243.0,18.3,0.0,45.9375,15.5
2026-04-04 16:00:00+00:00,426,1,285.0,16.4,0.0,45.5625,13.75
2026-04-04 17:00:00+00:00,63,2,87.0,14.0,0.0,46.375,14.0625
2026-04-04 17:00:00+00:00,76,2,76.0,15.1,0.0,46.3125,14.1875
2026-04-04 17:00:00+00:00,106,2,69.0,16.4,0.0,46.25,14.375
2026-04-04 17:00:00+00:00,122,2,95.0,17.6,0.0,46.0,14.4375
2026-04-04 17:00:00+00:00,127,2,76.0,17.3,0.0,46.125,14.5
2026-04-04 17:00:00+00:00,129,2,93.0,17.9,0.0,46.0,14.5
2026-04-04 17:00:00+00:00,177,2,99.0,13.9,0.0,45.625,14.8125
2026-04-04 17:00:00+00:00,194,2,76.0,15.8,0.0,46.5,15.0625
2026-04-04 17:00:00+00:00,236,2,84.0,17.4,0.0,45.8125,15.1875
2026-04-04 17:00:00+00:00,325,2,52.0,17.0,0.0,46.5625,15.625
2026-04-04 17:00:00+00:00,391,2,53.0,16.9,0.0,46.6875,16.0625
2026-04-04 17:00:00+00:00,422,2,65.0,17.6,0.0,46.25,15.25
2026-04-04 17:00:00+00:00,425,2,87.0,17.4,0.0,45.9375,15.5
2026-04-04 17:00:00+00:00,426,2,118.0,15.5,0.0,45.5625,13.75
2026-04-04 18:00:00+00:00,63,3,7.0,11.8,0.0,46.375,14.0625
2026-04-04 18:00:00+00:00,63,6,6.0,11.9,0.0,46.375,14.0625
2026-04-04 18:00:00+00:00,76,3,7.0,13.1,0.0,46.3125,14.1875
2026-04-04 18:00:00+00:00,76,6,5.0,12.8,0.0,46.3125,14.1875
2026-04-04 18:00:00+00:00,106,3,7.0,15.3,0.0,46.25,14.375
2026-04-04 18:00:00+00:00,106,6,6.0,14.1,0.0,46.25,14.375
2026-04-04 18:00:00+00:00,122,3,8.0,14.7,0.0,46.0,14.4375
2026-04-04 18:00:00+00:00,122,6,8.0,13.9,0.0,46.0,14.4375
2026-04-04 18:00:00+00:00,127,3,7.0,15.3,0.0,46.125,14.5
2026-04-04 18:00:00+00:00,127,6,7.0,14.6,0.0,46.125,14.5
2026-04-04 18:00:00+00:00,129,3,8.0,15.6,0.0,46.0,14.5
2026-04-04 18:00:00+00:00,129,6,8.0,14.6,0.0,46.0,14.5
2026-04-04 18:00:00+00:00,177,3,7.0,11.4,0.0,45.625,14.8125
2026-04-04 18:00:00+00:00,177,6,5.0,11.3,0.0,45.625,14.8125
2026-04-04 18:00:00+00:00,194,3,4.0,14.1,0.0,46.5,15.0625
2026-04-04 18:00:00+00:00,194,6,3.0,13.8,0.0,46.5,15.0625
2026-04-04 18:00:00+00:00,236,3,6.0,14.8,0.0,45.8125,15.1875
2026-04-04 18:00:00+00:00,236,6,4.0,14.3,0.0,45.8125,15.1875
2026-04-04 18:00:00+00:00,325,3,4.0,15.0,0.0,46.5625,15.625
2026-04-04 18:00:00+00:00,325,6,3.0,15.0,0.0,46.5625,15.625
2026-04-04 18:00:00+00:00,391,3,3.0,14.1,0.0,46.6875,16.0625
2026-04-04 18:00:00+00:00,391,6,2.0,13.9,0.0,46.6875,16.0625
2026-04-04 18:00:00+00:00,422,3,4.0,15.5,0.0,46.25,15.25
2026-04-04 18:00:00+00:00,422,6,4.0,15.5,0.0,46.25,15.25
2026-04-04 18:00:00+00:00,425,3,5.0,14.5,0.0,45.9375,15.5
2026-04-04 18:00:00+00:00,425,6,6.0,14.3,0.0,45.9375,15.5
2026-04-04 18:00:00+00:00,426,3,10.0,14.2,0.0,45.5625,13.75
2026-04-04 18:00:00+00:00,426,6,9.0,14.2,0.0,45.5625,13.75
2026-04-04 19:00:00+00:00,63,1,0.0,10.7,0.0,46.375,14.0625
2026-04-04 19:00:00+00:00,76,1,0.0,12.4,0.0,46.3125,14.1875
2026-04-04 19:00:00+00:00,106,1,0.0,14.2,0.0,46.25,14.375
2026-04-04 19:00:00+00:00,122,1,0.0,12.9,0.0,46.0,14.4375
2026-04-04 19:00:00+00:00,127,1,0.0,14.1,0.0,46.125,14.5
2026-04-04 19:00:00+00:00,129,1,0.0,13.2,0.0,46.0,14.5
2026-04-04 19:00:00+00:00,177,1,0.0,10.4,0.0,45.625,14.8125
2026-04-04 19:00:00+00:00,194,1,0.0,13.3,0.0,46.5,15.0625
2026-04-04 19:00:00+00:00,236,1,0.0,13.0,0.0,45.8125,15.1875
2026-04-04 19:00:00+00:00,325,1,0.0,14.7,0.0,46.5625,15.625
2026-04-04 19:00:00+00:00,391,1,0.0,13.2,0.0,46.6875,16.0625
2026-04-04 19:00:00+00:00,422,1,0.0,14.6,0.0,46.25,15.25
2026-04-04 19:00:00+00:00,425,1,0.0,13.3,0.0,45.9375,15.5
2026-04-04 19:00:00+00:00,426,1,0.0,13.7,0.0,45.5625,13.75
2026-04-04 20:00:00+00:00,63,2,0.0,9.8,0.0,46.375,14.0625
2026-04-04 20:00:00+00:00,76,2,0.0,11.5,0.0,46.3125,14.1875
2026-04-04 20:00:00+00:00,106,2,0.0,12.7,0.0,46.25,14.375
2026-04-04 20:00:00+00:00,122,2,0.0,11.1,0.0,46.0,14.4375
2026-04-04 20:00:00+00:00,127,2,0.0,12.6,0.0,46.125,14.5
2026-04-04 20:00:00+00:00,129,2,0.0,11.3,0.0,46.0,14.5
2026-04-04 20:00:00+00:00,177,2,0.0,9.7,0.0,45.625,14.8125
2026-04-04 20:00:00+00:00,194,2,0.0,12.6,0.0,46.5,15.0625
2026-04-04 20:00:00+00:00,236,2,0.0,12.3,0.0,45.8125,15.1875
2026-04-04 20:00:00+00:00,325,2,0.0,14.1,0.0,46.5625,15.625
2026-04-04 20:00:00+00:00,391,2,0.0,12.3,0.0,46.6875,16.0625
2026-04-04 20:00:00+00:00,422,2,0.0,13.7,0.0,46.25,15.25
2026-04-04 20:00:00+00:00,425,2,0.0,12.6,0.0,45.9375,15.5
2026-04-04 20:00:00+00:00,426,2,0.0,12.5,0.0,45.5625,13.75
2026-04-04 21:00:00+00:00,63,3,0.0,9.3,0.0,46.375,14.0625
2026-04-04 21:00:00+00:00,63,6,0.0,9.6,0.0,46.375,14.0625
2026-04-04 21:00:00+00:00,76,3,0.0,10.8,0.0,46.3125,14.1875
2026-04-04 21:00:00+00:00,76,6,0.0,10.8,0.0,46.3125,14.1875
2026-04-04 21:00:00+00:00,106,3,0.0,11.6,0.0,46.25,14.375
2026-04-04 21:00:00+00:00,106,6,0.0,11.5,0.0,46.25,14.375
2026-04-04 21:00:00+00:00,122,3,0.0,9.9,0.0,46.0,14.4375
2026-04-04 21:00:00+00:00,122,6,0.0,10.0,0.0,46.0,14.4375
2026-04-04 21:00:00+00:00,127,3,0.0,11.5,0.0,46.125,14.5
2026-04-04 21:00:00+00:00,127,6,0.0,11.2,0.0,46.125,14.5
2026-04-04 21:00:00+00:00,129,3,0.0,9.8,0.0,46.0,14.5
2026-04-04 21:00:00+00:00,129,6,0.0,9.7,0.0,46.0,14.5
2026-04-04 21:00:00+00:00,177,3,0.0,8.9,0.0,45.625,14.8125
2026-04-04 21:00:00+00:00,177,6,0.0,8.8,0.0,45.625,14.8125
2026-04-04 21:00:00+00:00,194,3,0.0,12.1,0.0,46.5,15.0625
2026-04-04 21:00:00+00:00,194,6,0.0,11.8,0.0,46.5,15.0625
2026-04-04 21:00:00+00:00,236,3,0.0,11.8,0.0,45.8125,15.1875
2026-04-04 21:00:00+00:00,236,6,0.0,11.8,0.0,45.8125,15.1875
2026-04-04 21:00:00+00:00,325,3,0.0,13.5,0.0,46.5625,15.625
2026-04-04 21:00:00+00:00,325,6,0.0,13.4,0.0,46.5625,15.625
2026-04-04 21:00:00+00:00,391,3,0.0,12.1,0.0,46.6875,16.0625
2026-04-04 21:00:00+00:00,391,6,0.0,11.7,0.0,46.6875,16.0625
2026-04-04 21:00:00+00:00,422,3,0.0,12.8,0.0,46.25,15.25
2026-04-04 21:00:00+00:00,422,6,0.0,12.4,0.0,46.25,15.25
2026-04-04 21:00:00+00:00,425,3,0.0,11.8,0.0,45.9375,15.5
2026-04-04 21:00:00+00:00,425,6,0.0,12.0,0.0,45.9375,15.5
2026-04-04 21:00:00+00:00,426,3,0.0,11.5,0.0,45.5625,13.75
2026-04-04 21:00:00+00:00,426,6,0.0,11.7,0.0,45.5625,13.75
2026-04-04 22:00:00+00:00,63,1,0.0,9.0,0.0,46.375,14.0625
2026-04-04 22:00:00+00:00,76,1,0.0,10.4,0.0,46.3125,14.1875
2026-04-04 22:00:00+00:00,106,1,0.0,10.7,0.0,46.25,14.375
2026-04-04 22:00:00+00:00,122,1,0.0,8.7,0.0,46.0,14.4375
2026-04-04 22:00:00+00:00,127,1,0.0,10.2,0.0,46.125,14.5
2026-04-04 22:00:00+00:00,129,1,0.0,8.7,0.0,46.0,14.5
2026-04-04 22:00:00+00:00,177,1,0.0,7.5,0.0,45.625,14.8125
2026-04-04 22:00:00+00:00,194,1,0.0,11.8,0.0,46.5,15.0625
2026-04-04 22:00:00+00:00,236,1,0.0,10.7,0.0,45.8125,15.1875
2026-04-04 22:00:00+00:00,325,1,0.0,12.9,0.0,46.5625,15.625
2026-04-04 22:00:00+00:00,391,1,0.0,11.2,0.0,46.6875,16.0625
2026-04-04 22:00:00+00:00,422,1,0.0,11.3,0.0,46.25,15.25
2026-04-04 22:00:00+00:00,425,1,0.0,10.8,0.0,45.9375,15.5
2026-04-04 22:00:00+00:00,426,1,0.0,10.4,0.0,45.5625,13.75
2026-04-04 23:00:00+00:00,63,2,0.0,8.6,0.0,46.375,14.0625
2026-04-04 23:00:00+00:00,76,2,0.0,10.1,0.0,46.3125,14.1875
2026-04-04 23:00:00+00:00,106,2,0.0,9.9,0.0,46.25,14.375
2026-04-04 23:00:00+00:00,122,2,0.0,7.9,0.0,46.0,14.4375
2026-04-04 23:00:00+00:00,127,2,0.0,9.2,0.0,46.125,14.5
2026-04-04 23:00:00+00:00,129,2,0.0,7.8,0.0,46.0,14.5
2026-04-04 23:00:00+00:00,177,2,0.0,7.4,0.0,45.625,14.8125
2026-04-04 23:00:00+00:00,194,2,0.0,11.4,0.0,46.5,15.0625
2026-04-04 23:00:00+00:00,236,2,0.0,10.7,0.0,45.8125,15.1875
2026-04-04 23:00:00+00:00,325,2,0.0,11.9,0.0,46.5625,15.625
2026-04-04 23:00:00+00:00,391,2,0.0,11.0,0.0,46.6875,16.0625
2026-04-04 23:00:00+00:00,422,2,0.0,10.7,0.0,46.25,15.25
2026-04-04 23:00:00+00:00,425,2,0.0,10.3,0.0,45.9375,15.5
2026-04-04 23:00:00+00:00,426,2,0.0,10.0,0.0,45.5625,13.75
2026-04-05 00:00:00+00:00,63,3,0.0,8.4,0.0,46.375,14.0625
2026-04-05 00:00:00+00:00,63,6,0.0,8.3,0.0,46.375,14.0625
2026-04-05 00:00:00+00:00,63,24,0.0,7.8,0.0,46.375,14.0625
2026-04-05 00:00:00+00:00,76,3,0.0,9.7,0.0,46.3125,14.1875
2026-04-05 00:00:00+00:00,76,6,0.0,10.1,0.0,46.3125,14.1875
2026-04-05 00:00:00+00:00,76,24,0.0,9.4,0.0,46.3125,14.1875
2026-04-05 00:00:00+00:00,106,3,0.0,9.6,0.0,46.25,14.375
2026-04-05 00:00:00+00:00,106,6,0.0,9.9,0.0,46.25,14.375
2026-04-05 00:00:00+00:00,106,24,0.0,9.1,0.0,46.25,14.375
2026-04-05 00:00:00+00:00,122,3,0.0,7.2,0.0,46.0,14.4375
2026-04-05 00:00:00+00:00,122,6,0.0,7.3,0.0,46.0,14.4375
2026-04-05 00:00:00+00:00,122,24,0.0,6.8,0.0,46.0,14.4375
2026-04-05 00:00:00+00:00,127,3,0.0,8.2,0.0,46.125,14.5
2026-04-05 00:00:00+00:00,127,6,0.0,8.3,0.0,46.125,14.5
2026-04-05 00:00:00+00:00,127,24,0.0,7.5,0.0,46.125,14.5
2026-04-05 00:00:00+00:00,129,3,0.0,7.1,0.0,46.0,14.5
2026-04-05 00:00:00+00:00,129,6,0.0,7.0,0.0,46.0,14.5
2026-04-05 00:00:00+00:00,129,24,0.0,6.8,0.0,46.0,14.5
2026-04-05 00:00:00+00:00,177,3,0.0,7.7,0.0,45.625,14.8125
2026-04-05 00:00:00+00:00,177,6,0.0,8.4,0.0,45.625,14.8125
2026-04-05 00:00:00+00:00,177,24,0.0,6.7,0.0,45.625,14.8125
2026-04-05 00:00:00+00:00,194,3,0.0,11.2,0.0,46.5,15.0625
2026-04-05 00:00:00+00:00,194,6,0.0,11.1,0.0,46.5,15.0625
2026-04-05 00:00:00+00:00,194,24,0.0,9.9,0.0,46.5,15.0625
2026-04-05 00:00:00+00:00,236,3,0.0,10.4,0.0,45.8125,15.1875
2026-04-05 00:00:00+00:00,236,6,0.0,10.6,0.0,45.8125,15.1875
2026-04-05 00:00:00+00:00,236,24,0.0,9.2,0.0,45.8125,15.1875
2026-04-05 00:00:00+00:00,325,3,0.0,11.3,0.0,46.5625,15.625
2026-04-05 00:00:00+00:00,325,6,0.0,11.2,0.0,46.5625,15.625
2026-04-05 00:00:00+00:00,325,24,0.0,10.4,0.0,46.5625,15.625
2026-04-05 00:00:00+00:00,391,3,0.0,10.9,0.0,46.6875,16.0625
2026-04-05 00:00:00+00:00,391,6,0.0,11.0,0.0,46.6875,16.0625
2026-04-05 00:00:00+00:00,391,24,0.0,11.2,0.0,46.6875,16.0625
2026-04-05 00:00:00+00:00,422,3,0.0,9.9,0.0,46.25,15.25
2026-04-05 00:00:00+00:00,422,6,0.0,10.1,0.0,46.25,15.25
2026-04-05 00:00:00+00:00,422,24,0.0,9.0,0.0,46.25,15.25
2026-04-05 00:00:00+00:00,425,3,0.0,10.1,0.0,45.9375,15.5
2026-04-05 00:00:00+00:00,425,6,0.0,10.2,0.0,45.9375,15.5
2026-04-05 00:00:00+00:00,425,24,0.0,10.5,0.0,45.9375,15.5
2026-04-05 00:00:00+00:00,426,3,0.0,9.9,0.0,45.5625,13.75
2026-04-05 00:00:00+00:00,426,6,0.0,10.0,0.0,45.5625,13.75
2026-04-05 00:00:00+00:00,426,24,0.0,9.3,0.0,45.5625,13.75
2026-04-05 03:00:00+00:00,63,6,0.0,7.1,0.0,46.375,14.0625
2026-04-05 03:00:00+00:00,63,24,0.0,6.7,0.0,46.375,14.0625
2026-04-05 03:00:00+00:00,76,6,0.0,8.7,0.0,46.3125,14.1875
2026-04-05 03:00:00+00:00,76,24,0.0,8.4,0.0,46.3125,14.1875
2026-04-05 03:00:00+00:00,106,6,0.0,9.1,0.0,46.25,14.375
2026-04-05 03:00:00+00:00,106,24,0.0,7.7,0.0,46.25,14.375
2026-04-05 03:00:00+00:00,122,6,0.0,5.7,0.0,46.0,14.4375
2026-04-05 03:00:00+00:00,122,24,0.0,4.9,0.0,46.0,14.4375
2026-04-05 03:00:00+00:00,127,6,0.0,5.6,0.0,46.125,14.5
2026-04-05 03:00:00+00:00,127,24,0.0,4.9,0.0,46.125,14.5
2026-04-05 03:00:00+00:00,129,6,0.0,6.0,0.0,46.0,14.5
2026-04-05 03:00:00+00:00,129,24,0.0,5.1,0.0,46.0,14.5
2026-04-05 03:00:00+00:00,177,6,0.0,6.3,0.0,45.625,14.8125
2026-04-05 03:00:00+00:00,177,24,0.0,6.6,0.0,45.625,14.8125
2026-04-05 03:00:00+00:00,194,6,0.0,10.0,0.0,46.5,15.0625
2026-04-05 03:00:00+00:00,194,24,0.0,8.8,0.0,46.5,15.0625
2026-04-05 03:00:00+00:00,236,6,0.0,9.2,0.0,45.8125,15.1875
2026-04-05 03:00:00+00:00,236,24,0.0,7.5,0.0,45.8125,15.1875
2026-04-05 03:00:00+00:00,325,6,0.0,9.9,0.0,46.5625,15.625
2026-04-05 03:00:00+00:00,325,24,0.0,9.9,0.0,46.5625,15.625
2026-04-05 03:00:00+00:00,391,6,0.0,9.1,0.0,46.6875,16.0625
2026-04-05 03:00:00+00:00,391,24,0.0,9.9,0.0,46.6875,16.0625
2026-04-05 03:00:00+00:00,422,6,0.0,8.3,0.0,46.25,15.25
2026-04-05 03:00:00+00:00,422,24,0.0,7.9,0.0,46.25,15.25
2026-04-05 03:00:00+00:00,425,6,0.0,9.5,0.0,45.9375,15.5
2026-04-05 03:00:00+00:00,425,24,0.0,9.0,0.0,45.9375,15.5
2026-04-05 03:00:00+00:00,426,6,0.0,9.3,0.0,45.5625,13.75
2026-04-05 03:00:00+00:00,426,24,0.0,8.7,0.0,45.5625,13.75
2026-04-05 06:00:00+00:00,63,24,94.0,6.8,0.0,46.375,14.0625
2026-04-05 06:00:00+00:00,76,24,93.0,9.0,0.0,46.3125,14.1875
2026-04-05 06:00:00+00:00,106,24,96.0,8.4,0.0,46.25,14.375
2026-04-05 06:00:00+00:00,122,24,92.0,6.3,0.0,46.0,14.4375
2026-04-05 06:00:00+00:00,127,24,91.0,4.5,0.0,46.125,14.5
2026-04-05 06:00:00+00:00,129,24,93.0,6.1,0.0,46.0,14.5
2026-04-05 06:00:00+00:00,177,24,103.0,8.0,0.0,45.625,14.8125
2026-04-05 06:00:00+00:00,194,24,101.0,9.4,0.0,46.5,15.0625
2026-04-05 06:00:00+00:00,236,24,102.0,7.7,0.0,45.8125,15.1875
2026-04-05 06:00:00+00:00,325,24,105.0,10.0,0.0,46.5625,15.625
2026-04-05 06:00:00+00:00,391,24,109.0,9.3,0.0,46.6875,16.0625
2026-04-05 06:00:00+00:00,422,24,102.0,7.6,0.0,46.25,15.25
2026-04-05 06:00:00+00:00,425,24,104.0,8.4,0.0,45.9375,15.5
2026-04-05 06:00:00+00:00,426,24,87.0,9.3,0.0,45.5625,13.75
2026-04-05 09:00:00+00:00,63,24,592.0,14.6,0.0,46.375,14.0625
2026-04-05 09:00:00+00:00,76,24,589.0,15.8,0.0,46.3125,14.1875
2026-04-05 09:00:00+00:00,106,24,586.0,15.6,0.0,46.25,14.375
2026-04-05 09:00:00+00:00,122,24,587.0,15.9,0.0,46.0,14.4375
2026-04-05 09:00:00+00:00,127,24,583.0,14.7,0.0,46.125,14.5
2026-04-05 09:00:00+00:00,129,24,587.0,15.5,0.0,46.0,14.5
2026-04-05 09:00:00+00:00,177,24,614.0,15.3,0.0,45.625,14.8125
2026-04-05 09:00:00+00:00,194,24,593.0,16.7,0.0,46.5,15.0625
2026-04-05 09:00:00+00:00,236,24,603.0,16.8,0.0,45.8125,15.1875
2026-04-05 09:00:00+00:00,325,24,590.0,17.7,0.0,46.5625,15.625
2026-04-05 09:00:00+00:00,391,24,595.0,16.7,0.0,46.6875,16.0625
2026-04-05 09:00:00+00:00,422,24,596.0,17.4,0.0,46.25,15.25
2026-04-05 09:00:00+00:00,425,24,599.0,16.6,0.0,45.9375,15.5
2026-04-05 09:00:00+00:00,426,24,583.0,17.4,0.0,45.5625,13.75
2026-04-05 12:00:00+00:00,63,24,782.0,19.1,0.0,46.375,14.0625
2026-04-05 12:00:00+00:00,76,24,781.0,19.9,0.0,46.3125,14.1875
2026-04-05 12:00:00+00:00,106,24,778.0,20.2,0.0,46.25,14.375
2026-04-05 12:00:00+00:00,122,24,778.0,22.0,0.0,46.0,14.4375
2026-04-05 12:00:00+00:00,127,24,772.0,20.8,0.0,46.125,14.5
2026-04-05 12:00:00+00:00,129,24,776.0,21.9,0.0,46.0,14.5
2026-04-05 12:00:00+00:00,177,24,794.0,19.7,0.0,45.625,14.8125
2026-04-05 12:00:00+00:00,194,24,770.0,20.7,0.0,46.5,15.0625
2026-04-05 12:00:00+00:00,236,24,778.0,21.4,0.0,45.8125,15.1875
2026-04-05 12:00:00+00:00,325,24,754.0,22.4,0.0,46.5625,15.625
2026-04-05 12:00:00+00:00,391,24,754.0,21.3,0.0,46.6875,16.0625
2026-04-05 12:00:00+00:00,422,24,771.0,22.3,0.0,46.25,15.25
2026-04-05 12:00:00+00:00,425,24,771.0,21.7,0.0,45.9375,15.5
2026-04-05 12:00:00+00:00,426,24,769.0,19.3,0.0,45.5625,13.75
2026-04-05 15:00:00+00:00,63,24,465.0,18.8,0.0,46.375,14.0625
2026-04-05 15:00:00+00:00,76,24,487.0,20.0,0.0,46.3125,14.1875
2026-04-05 15:00:00+00:00,106,24,480.0,21.2,0.0,46.25,14.375
2026-04-05 15:00:00+00:00,122,24,475.0,21.3,0.0,46.0,14.4375
2026-04-05 15:00:00+00:00,127,24,474.0,21.6,0.0,46.125,14.5
2026-04-05 15:00:00+00:00,129,24,474.0,21.7,0.0,46.0,14.5
2026-04-05 15:00:00+00:00,177,24,479.0,19.0,0.0,45.625,14.8125
2026-04-05 15:00:00+00:00,194,24,469.0,21.8,0.0,46.5,15.0625
2026-04-05 15:00:00+00:00,236,24,468.0,22.5,0.0,45.8125,15.1875
2026-04-05 15:00:00+00:00,325,24,455.0,23.1,0.0,46.5625,15.625
2026-04-05 15:00:00+00:00,391,24,447.0,22.0,0.0,46.6875,16.0625
2026-04-05 15:00:00+00:00,422,24,465.0,23.4,0.0,46.25,15.25
2026-04-05 15:00:00+00:00,425,24,462.0,23.3,0.0,45.9375,15.5
2026-04-05 15:00:00+00:00,426,24,476.0,19.3,0.0,45.5625,13.75
2026-04-05 18:00:00+00:00,63,24,11.0,13.5,0.0,46.375,14.0625
2026-04-05 18:00:00+00:00,76,24,11.0,14.5,0.0,46.3125,14.1875
2026-04-05 18:00:00+00:00,106,24,11.0,15.3,0.0,46.25,14.375
2026-04-05 18:00:00+00:00,122,24,10.0,15.8,0.0,46.0,14.4375
2026-04-05 18:00:00+00:00,127,24,10.0,15.8,0.0,46.125,14.5
2026-04-05 18:00:00+00:00,129,24,9.0,15.8,0.0,46.0,14.5
2026-04-05 18:00:00+00:00,177,24,9.0,12.2,0.0,45.625,14.8125
2026-04-05 18:00:00+00:00,194,24,8.0,16.4,0.0,46.5,15.0625
2026-04-05 18:00:00+00:00,236,24,8.0,17.1,0.0,45.8125,15.1875
2026-04-05 18:00:00+00:00,325,24,6.0,18.9,0.0,46.5625,15.625
2026-04-05 18:00:00+00:00,391,24,6.0,17.2,0.0,46.6875,16.0625
2026-04-05 18:00:00+00:00,422,24,8.0,18.1,0.0,46.25,15.25
2026-04-05 18:00:00+00:00,425,24,7.0,17.7,0.0,45.9375,15.5
2026-04-05 18:00:00+00:00,426,24,12.0,15.7,0.0,45.5625,13.75
2026-04-05 21:00:00+00:00,63,24,0.0,9.7,0.0,46.375,14.0625
2026-04-05 21:00:00+00:00,76,24,0.0,11.0,0.0,46.3125,14.1875
2026-04-05 21:00:00+00:00,106,24,0.0,10.6,0.0,46.25,14.375
2026-04-05 21:00:00+00:00,122,24,0.0,11.0,0.0,46.0,14.4375
2026-04-05 21:00:00+00:00,127,24,0.0,11.7,0.0,46.125,14.5
2026-04-05 21:00:00+00:00,129,24,0.0,11.0,0.0,46.0,14.5
2026-04-05 21:00:00+00:00,177,24,0.0,7.3,0.0,45.625,14.8125
2026-04-05 21:00:00+00:00,194,24,0.0,13.2,0.0,46.5,15.0625
2026-04-05 21:00:00+00:00,236,24,0.0,11.8,0.0,45.8125,15.1875
2026-04-05 21:00:00+00:00,325,24,0.0,14.6,0.0,46.5625,15.625
2026-04-05 21:00:00+00:00,391,24,0.0,13.1,0.0,46.6875,16.0625
2026-04-05 21:00:00+00:00,422,24,0.0,11.4,0.0,46.25,15.25
2026-04-05 21:00:00+00:00,425,24,0.0,12.0,0.0,45.9375,15.5
2026-04-05 21:00:00+00:00,426,24,0.0,11.6,0.0,45.5625,13.75
2026-04-05 01:00:00+00:00,63,1,0.0,7.6,0.0,46.375,14.0625
2026-04-05 01:00:00+00:00,76,1,0.0,9.3,0.0,46.3125,14.1875
2026-04-05 01:00:00+00:00,106,1,0.0,9.8,0.0,46.25,14.375
2026-04-05 01:00:00+00:00,122,1,0.0,6.0,0.0,46.0,14.4375
2026-04-05 01:00:00+00:00,127,1,0.0,7.2,0.0,46.125,14.5
2026-04-05 01:00:00+00:00,129,1,0.0,6.0,0.0,46.0,14.5
2026-04-05 01:00:00+00:00,177,1,0.0,7.4,0.0,45.625,14.8125
2026-04-05 01:00:00+00:00,194,1,0.0,11.2,0.0,46.5,15.0625
2026-04-05 01:00:00+00:00,236,1,0.0,10.1,0.0,45.8125,15.1875
2026-04-05 01:00:00+00:00,325,1,0.0,10.7,0.0,46.5625,15.625
2026-04-05 01:00:00+00:00,391,1,0.0,10.4,0.0,46.6875,16.0625
2026-04-05 01:00:00+00:00,422,1,0.0,9.0,0.0,46.25,15.25
2026-04-05 01:00:00+00:00,425,1,0.0,10.0,0.0,45.9375,15.5
2026-04-05 01:00:00+00:00,426,1,0.0,9.7,0.0,45.5625,13.75
2026-04-05 02:00:00+00:00,63,2,0.0,7.3,0.0,46.375,14.0625
2026-04-05 02:00:00+00:00,76,2,0.0,9.1,0.0,46.3125,14.1875
2026-04-05 02:00:00+00:00,106,2,0.0,9.6,0.0,46.25,14.375
2026-04-05 02:00:00+00:00,122,2,0.0,5.6,0.0,46.0,14.4375
2026-04-05 02:00:00+00:00,127,2,0.0,6.4,0.0,46.125,14.5
2026-04-05 02:00:00+00:00,129,2,0.0,5.6,0.0,46.0,14.5
2026-04-05 02:00:00+00:00,177,2,0.0,7.4,0.0,45.625,14.8125
2026-04-05 02:00:00+00:00,194,2,0.0,10.5,0.0,46.5,15.0625
2026-04-05 02:00:00+00:00,236,2,0.0,9.8,0.0,45.8125,15.1875
2026-04-05 02:00:00+00:00,325,2,0.0,10.5,0.0,46.5625,15.625
2026-04-05 02:00:00+00:00,391,2,0.0,10.0,0.0,46.6875,16.0625
2026-04-05 02:00:00+00:00,422,2,0.0,8.5,0.0,46.25,15.25
2026-04-05 02:00:00+00:00,425,2,0.0,9.8,0.0,45.9375,15.5
2026-04-05 02:00:00+00:00,426,2,0.0,9.3,0.0,45.5625,13.75
2026-04-05 03:00:00+00:00,63,3,0.0,6.9,0.0,46.375,14.0625
2026-04-05 03:00:00+00:00,76,3,0.0,8.7,0.0,46.3125,14.1875
2026-04-05 03:00:00+00:00,106,3,0.0,9.1,0.0,46.25,14.375
2026-04-05 03:00:00+00:00,122,3,0.0,5.7,0.0,46.0,14.4375
2026-04-05 03:00:00+00:00,127,3,0.0,5.5,0.0,46.125,14.5
2026-04-05 03:00:00+00:00,129,3,0.0,5.8,0.0,46.0,14.5
2026-04-05 03:00:00+00:00,177,3,0.0,7.5,0.0,45.625,14.8125
2026-04-05 03:00:00+00:00,194,3,0.0,10.1,0.0,46.5,15.0625
2026-04-05 03:00:00+00:00,236,3,0.0,9.4,0.0,45.8125,15.1875
2026-04-05 03:00:00+00:00,325,3,0.0,10.2,0.0,46.5625,15.625
2026-04-05 03:00:00+00:00,391,3,0.0,9.2,0.0,46.6875,16.0625
2026-04-05 03:00:00+00:00,422,3,0.0,8.2,0.0,46.25,15.25
2026-04-05 03:00:00+00:00,425,3,0.0,9.5,0.0,45.9375,15.5
2026-04-05 03:00:00+00:00,426,3,0.0,9.2,0.0,45.5625,13.75
2026-04-05 04:00:00+00:00,63,1,0.0,5.9,0.0,46.375,14.0625
2026-04-05 04:00:00+00:00,76,1,0.0,8.1,0.0,46.3125,14.1875
2026-04-05 04:00:00+00:00,106,1,0.0,8.2,0.0,46.25,14.375
2026-04-05 04:00:00+00:00,122,1,0.0,4.5,0.0,46.0,14.4375
2026-04-05 04:00:00+00:00,127,1,0.0,4.3,0.0,46.125,14.5
2026-04-05 04:00:00+00:00,129,1,0.0,4.4,0.0,46.0,14.5
2026-04-05 04:00:00+00:00,177,1,0.0,5.3,0.0,45.625,14.8125
2026-04-05 04:00:00+00:00,194,1,0.0,9.1,0.0,46.5,15.0625
2026-04-05 04:00:00+00:00,236,1,0.0,8.0,0.0,45.8125,15.1875
2026-04-05 04:00:00+00:00,325,1,0.0,9.1,0.0,46.5625,15.625
2026-04-05 04:00:00+00:00,391,1,0.0,8.0,0.0,46.6875,16.0625
2026-04-05 04:00:00+00:00,422,1,0.0,7.0,0.0,46.25,15.25
2026-04-05 04:00:00+00:00,425,1,0.0,8.3,0.0,45.9375,15.5
2026-04-05 04:00:00+00:00,426,1,0.0,8.5,0.0,45.5625,13.75
2026-04-05 05:00:00+00:00,63,2,4.0,5.5,0.0,46.375,14.0625
2026-04-05 05:00:00+00:00,76,2,4.0,7.8,0.0,46.3125,14.1875
2026-04-05 05:00:00+00:00,106,2,5.0,7.7,0.0,46.25,14.375
2026-04-05 05:00:00+00:00,122,2,4.0,4.3,0.0,46.0,14.4375
2026-04-05 05:00:00+00:00,127,2,4.0,3.5,0.0,46.125,14.5
2026-04-05 05:00:00+00:00,129,2,4.0,4.2,0.0,46.0,14.5
2026-04-05 05:00:00+00:00,177,2,5.0,5.0,0.0,45.625,14.8125
2026-04-05 05:00:00+00:00,194,2,6.0,8.3,0.0,46.5,15.0625
2026-04-05 05:00:00+00:00,236,2,6.0,7.2,0.0,45.8125,15.1875
2026-04-05 05:00:00+00:00,325,2,7.0,8.8,0.0,46.5625,15.625
2026-04-05 05:00:00+00:00,391,2,8.0,7.7,0.0,46.6875,16.0625
2026-04-05 05:00:00+00:00,422,2,6.0,6.8,0.0,46.25,15.25
2026-04-05 05:00:00+00:00,425,2,6.0,7.6,0.0,45.9375,15.5
2026-04-05 05:00:00+00:00,426,2,3.0,8.2,0.0,45.5625,13.75
2026-04-05 06:00:00+00:00,63,3,93.0,6.5,0.0,46.375,14.0625
2026-04-05 06:00:00+00:00,63,6,94.0,7.1,0.0,46.375,14.0625
2026-04-05 06:00:00+00:00,76,3,94.0,9.2,0.0,46.3125,14.1875
2026-04-05 06:00:00+00:00,76,6,94.0,9.5,0.0,46.3125,14.1875
2026-04-05 06:00:00+00:00,106,3,97.0,8.8,0.0,46.25,14.375
2026-04-05 06:00:00+00:00,106,6,98.0,9.4,0.0,46.25,14.375
2026-04-05 06:00:00+00:00,122,3,92.0,6.2,0.0,46.0,14.4375
2026-04-05 06:00:00+00:00,122,6,93.0,6.5,0.0,46.0,14.4375
2026-04-05 06:00:00+00:00,127,3,90.0,4.6,0.0,46.125,14.5
2026-04-05 06:00:00+00:00,127,6,92.0,5.0,0.0,46.125,14.5
2026-04-05 06:00:00+00:00,129,3,93.0,5.7,0.0,46.0,14.5
2026-04-05 06:00:00+00:00,129,6,94.0,6.3,0.0,46.0,14.5
2026-04-05 06:00:00+00:00,177,3,104.0,7.1,0.0,45.625,14.8125
2026-04-05 06:00:00+00:00,177,6,104.0,7.6,0.0,45.625,14.8125
2026-04-05 06:00:00+00:00,194,3,101.0,9.5,0.0,46.5,15.0625
2026-04-05 06:00:00+00:00,194,6,102.0,10.6,0.0,46.5,15.0625
2026-04-05 06:00:00+00:00,236,3,103.0,8.5,0.0,45.8125,15.1875
2026-04-05 06:00:00+00:00,236,6,100.0,9.4,0.0,45.8125,15.1875
2026-04-05 06:00:00+00:00,325,3,104.0,10.3,0.0,46.5625,15.625
2026-04-05 06:00:00+00:00,325,6,102.0,10.9,0.0,46.5625,15.625
2026-04-05 06:00:00+00:00,391,3,107.0,8.8,0.0,46.6875,16.0625
2026-04-05 06:00:00+00:00,391,6,107.0,9.2,0.0,46.6875,16.0625
2026-04-05 06:00:00+00:00,422,3,102.0,8.3,0.0,46.25,15.25
2026-04-05 06:00:00+00:00,422,6,102.0,8.8,0.0,46.25,15.25
2026-04-05 06:00:00+00:00,425,3,104.0,8.9,0.0,45.9375,15.5
2026-04-05 06:00:00+00:00,425,6,104.0,9.7,0.0,45.9375,15.5
2026-04-05 06:00:00+00:00,426,3,87.0,9.5,0.0,45.5625,13.75
2026-04-05 06:00:00+00:00,426,6,87.0,9.8,0.0,45.5625,13.75
2026-04-05 07:00:00+00:00,63,1,262.0,9.6,0.0,46.375,14.0625
2026-04-05 07:00:00+00:00,76,1,262.0,12.1,0.0,46.3125,14.1875
2026-04-05 07:00:00+00:00,106,1,266.0,11.6,0.0,46.25,14.375
2026-04-05 07:00:00+00:00,122,1,260.0,10.6,0.0,46.0,14.4375
2026-04-05 07:00:00+00:00,127,1,256.0,7.8,0.0,46.125,14.5
2026-04-05 07:00:00+00:00,129,1,260.0,9.5,0.0,46.0,14.5
2026-04-05 07:00:00+00:00,177,1,279.0,10.6,0.0,45.625,14.8125
2026-04-05 07:00:00+00:00,194,1,269.0,12.3,0.0,46.5,15.0625
2026-04-05 07:00:00+00:00,236,1,273.0,12.0,0.0,45.8125,15.1875
2026-04-05 07:00:00+00:00,325,1,271.0,13.9,0.0,46.5625,15.625
2026-04-05 07:00:00+00:00,391,1,274.0,12.7,0.0,46.6875,16.0625
2026-04-05 07:00:00+00:00,422,1,270.0,11.9,0.0,46.25,15.25
2026-04-05 07:00:00+00:00,425,1,274.0,12.4,0.0,45.9375,15.5
2026-04-05 07:00:00+00:00,426,1,253.0,13.0,0.0,45.5625,13.75
2026-04-05 08:00:00+00:00,63,2,438.0,12.7,0.0,46.375,14.0625
2026-04-05 08:00:00+00:00,76,2,439.0,14.2,0.0,46.3125,14.1875
2026-04-05 08:00:00+00:00,106,2,442.0,13.6,0.0,46.25,14.375
2026-04-05 08:00:00+00:00,122,2,435.0,13.5,0.0,46.0,14.4375
2026-04-05 08:00:00+00:00,127,2,433.0,11.6,0.0,46.125,14.5
2026-04-05 08:00:00+00:00,129,2,435.0,12.6,0.0,46.0,14.5
2026-04-05 08:00:00+00:00,177,2,459.0,13.2,0.0,45.625,14.8125
2026-04-05 08:00:00+00:00,194,2,442.0,14.7,0.0,46.5,15.0625
2026-04-05 08:00:00+00:00,236,2,450.0,14.8,0.0,45.8125,15.1875
2026-04-05 08:00:00+00:00,325,2,442.0,16.0,0.0,46.5625,15.625
2026-04-05 08:00:00+00:00,391,2,446.0,15.2,0.0,46.6875,16.0625
2026-04-05 08:00:00+00:00,422,2,445.0,14.8,0.0,46.25,15.25
2026-04-05 08:00:00+00:00,425,2,448.0,14.6,0.0,45.9375,15.5
2026-04-05 08:00:00+00:00,426,2,429.0,15.8,0.0,45.5625,13.75
2026-04-05 09:00:00+00:00,63,3,595.0,15.0,0.0,46.375,14.0625
2026-04-05 09:00:00+00:00,63,6,592.0,14.8,0.0,46.375,14.0625
2026-04-05 09:00:00+00:00,76,3,593.0,16.0,0.0,46.3125,14.1875
2026-04-05 09:00:00+00:00,76,6,592.0,16.0,0.0,46.3125,14.1875
2026-04-05 09:00:00+00:00,106,3,596.0,15.8,0.0,46.25,14.375
2026-04-05 09:00:00+00:00,106,6,595.0,15.7,0.0,46.25,14.375
2026-04-05 09:00:00+00:00,122,3,589.0,16.3,0.0,46.0,14.4375
2026-04-05 09:00:00+00:00,122,6,590.0,16.3,0.0,46.0,14.4375
2026-04-05 09:00:00+00:00,127,3,587.0,15.0,0.0,46.125,14.5
2026-04-05 09:00:00+00:00,127,6,587.0,15.0,0.0,46.125,14.5
2026-04-05 09:00:00+00:00,129,3,589.0,15.7,0.0,46.0,14.5
2026-04-05 09:00:00+00:00,129,6,589.0,15.8,0.0,46.0,14.5
2026-04-05 09:00:00+00:00,177,3,614.0,15.5,0.0,45.625,14.8125
2026-04-05 09:00:00+00:00,177,6,615.0,15.5,0.0,45.625,14.8125
2026-04-05 09:00:00+00:00,194,3,592.0,16.7,0.0,46.5,15.0625
2026-04-05 09:00:00+00:00,194,6,592.0,16.7,0.0,46.5,15.0625
2026-04-05 09:00:00+00:00,236,3,603.0,17.0,0.0,45.8125,15.1875
2026-04-05 09:00:00+00:00,236,6,603.0,17.0,0.0,45.8125,15.1875
2026-04-05 09:00:00+00:00,325,3,590.0,18.0,0.0,46.5625,15.625
2026-04-05 09:00:00+00:00,325,6,590.0,17.8,0.0,46.5625,15.625
2026-04-05 09:00:00+00:00,391,3,594.0,17.3,0.0,46.6875,16.0625
2026-04-05 09:00:00+00:00,391,6,594.0,17.2,0.0,46.6875,16.0625
2026-04-05 09:00:00+00:00,422,3,596.0,17.4,0.0,46.25,15.25
2026-04-05 09:00:00+00:00,422,6,595.0,17.3,0.0,46.25,15.25
2026-04-05 09:00:00+00:00,425,3,599.0,16.6,0.0,45.9375,15.5
2026-04-05 09:00:00+00:00,425,6,598.0,16.5,0.0,45.9375,15.5
2026-04-05 09:00:00+00:00,426,3,583.0,17.2,0.0,45.5625,13.75
2026-04-05 09:00:00+00:00,426,6,581.0,16.8,0.0,45.5625,13.75
2026-04-05 10:00:00+00:00,63,1,710.0,16.9,0.0,46.375,14.0625
2026-04-05 10:00:00+00:00,76,1,707.0,17.5,0.0,46.3125,14.1875
2026-04-05 10:00:00+00:00,106,1,707.0,17.5,0.0,46.25,14.375
2026-04-05 10:00:00+00:00,122,1,704.0,18.4,0.0,46.0,14.4375
2026-04-05 10:00:00+00:00,127,1,702.0,17.2,0.0,46.125,14.5
2026-04-05 10:00:00+00:00,129,1,704.0,18.0,0.0,46.0,14.5
2026-04-05 10:00:00+00:00,177,1,726.0,17.6,0.0,45.625,14.8125
2026-04-05 10:00:00+00:00,194,1,703.0,18.2,0.0,46.5,15.0625
2026-04-05 10:00:00+00:00,236,1,715.0,19.0,0.0,45.8125,15.1875
2026-04-05 10:00:00+00:00,325,1,698.0,19.6,0.0,46.5625,15.625
2026-04-05 10:00:00+00:00,391,1,701.0,19.2,0.0,46.6875,16.0625
2026-04-05 10:00:00+00:00,422,1,706.0,19.7,0.0,46.25,15.25
2026-04-05 10:00:00+00:00,425,1,709.0,18.5,0.0,45.9375,15.5
2026-04-05 10:00:00+00:00,426,1,698.0,18.3,0.0,45.5625,13.75
2026-04-05 11:00:00+00:00,63,2,774.0,18.3,0.0,46.375,14.0625
2026-04-05 11:00:00+00:00,76,2,773.0,18.9,0.0,46.3125,14.1875
2026-04-05 11:00:00+00:00,106,2,769.0,19.1,0.0,46.25,14.375
2026-04-05 11:00:00+00:00,122,2,767.0,20.7,0.0,46.0,14.4375
2026-04-05 11:00:00+00:00,127,2,763.0,19.2,0.0,46.125,14.5
2026-04-05 11:00:00+00:00,129,2,766.0,20.1,0.0,46.0,14.5
2026-04-05 11:00:00+00:00,177,2,790.0,19.1,0.0,45.625,14.8125
2026-04-05 11:00:00+00:00,194,2,763.0,19.7,0.0,46.5,15.0625
2026-04-05 11:00:00+00:00,236,2,774.0,20.2,0.0,45.8125,15.1875
2026-04-05 11:00:00+00:00,325,2,756.0,21.2,0.0,46.5625,15.625
2026-04-05 11:00:00+00:00,391,2,756.0,20.5,0.0,46.6875,16.0625
2026-04-05 11:00:00+00:00,422,2,765.0,21.3,0.0,46.25,15.25
2026-04-05 11:00:00+00:00,425,2,767.0,20.4,0.0,45.9375,15.5
2026-04-05 11:00:00+00:00,426,2,762.0,18.8,0.0,45.5625,13.75
2026-04-05 12:00:00+00:00,63,3,778.0,19.2,0.0,46.375,14.0625
2026-04-05 12:00:00+00:00,63,6,775.0,19.4,0.0,46.375,14.0625
2026-04-05 12:00:00+00:00,76,3,781.0,20.0,0.0,46.3125,14.1875
2026-04-05 12:00:00+00:00,76,6,780.0,20.2,0.0,46.3125,14.1875
2026-04-05 12:00:00+00:00,106,3,778.0,20.5,0.0,46.25,14.375
2026-04-05 12:00:00+00:00,106,6,779.0,20.6,0.0,46.25,14.375
2026-04-05 12:00:00+00:00,122,3,778.0,22.2,0.0,46.0,14.4375
2026-04-05 12:00:00+00:00,122,6,778.0,22.2,0.0,46.0,14.4375
2026-04-05 12:00:00+00:00,127,3,772.0,21.2,0.0,46.125,14.5
2026-04-05 12:00:00+00:00,127,6,772.0,21.4,0.0,46.125,14.5
2026-04-05 12:00:00+00:00,129,3,776.0,22.3,0.0,46.0,14.5
2026-04-05 12:00:00+00:00,129,6,777.0,22.5,0.0,46.0,14.5
2026-04-05 12:00:00+00:00,177,3,793.0,19.7,0.0,45.625,14.8125
2026-04-05 12:00:00+00:00,177,6,795.0,19.8,0.0,45.625,14.8125
2026-04-05 12:00:00+00:00,194,3,768.0,20.8,0.0,46.5,15.0625
2026-04-05 12:00:00+00:00,194,6,761.0,20.9,0.0,46.5,15.0625
2026-04-05 12:00:00+00:00,236,3,775.0,21.3,0.0,45.8125,15.1875
2026-04-05 12:00:00+00:00,236,6,775.0,21.4,0.0,45.8125,15.1875
2026-04-05 12:00:00+00:00,325,3,757.0,22.5,0.0,46.5625,15.625
2026-04-05 12:00:00+00:00,325,6,754.0,22.6,0.0,46.5625,15.625
2026-04-05 12:00:00+00:00,391,3,754.0,21.4,0.0,46.6875,16.0625
2026-04-05 12:00:00+00:00,391,6,754.0,21.5,0.0,46.6875,16.0625
2026-04-05 12:00:00+00:00,422,3,769.0,22.5,0.0,46.25,15.25
2026-04-05 12:00:00+00:00,422,6,767.0,22.6,0.0,46.25,15.25
2026-04-05 12:00:00+00:00,425,3,769.0,21.9,0.0,45.9375,15.5
2026-04-05 12:00:00+00:00,425,6,768.0,21.8,0.0,45.9375,15.5
2026-04-05 12:00:00+00:00,426,3,770.0,19.1,0.0,45.5625,13.75
2026-04-05 12:00:00+00:00,426,6,770.0,19.0,0.0,45.5625,13.75
2026-04-05 13:00:00+00:00,63,1,718.0,19.5,0.0,46.375,14.0625
2026-04-05 13:00:00+00:00,76,1,739.0,20.7,0.0,46.3125,14.1875
2026-04-05 13:00:00+00:00,106,1,730.0,21.6,0.0,46.25,14.375
2026-04-05 13:00:00+00:00,122,1,729.0,22.5,0.0,46.0,14.4375
2026-04-05 13:00:00+00:00,127,1,724.0,22.4,0.0,46.125,14.5
2026-04-05 13:00:00+00:00,129,1,728.0,22.8,0.0,46.0,14.5
2026-04-05 13:00:00+00:00,177,1,739.0,20.1,0.0,45.625,14.8125
2026-04-05 13:00:00+00:00,194,1,719.0,21.7,0.0,46.5,15.0625
2026-04-05 13:00:00+00:00,236,1,721.0,22.2,0.0,45.8125,15.1875
2026-04-05 13:00:00+00:00,325,1,706.0,23.3,0.0,46.5625,15.625
2026-04-05 13:00:00+00:00,391,1,700.0,22.3,0.0,46.6875,16.0625
2026-04-05 13:00:00+00:00,422,1,718.0,23.3,0.0,46.25,15.25
2026-04-05 13:00:00+00:00,425,1,715.0,22.9,0.0,45.9375,15.5
2026-04-05 13:00:00+00:00,426,1,723.0,19.4,0.0,45.5625,13.75
2026-04-05 14:00:00+00:00,63,2,619.0,19.3,0.0,46.375,14.0625
2026-04-05 14:00:00+00:00,76,2,635.0,20.5,0.0,46.3125,14.1875
2026-04-05 14:00:00+00:00,106,2,628.0,21.9,0.0,46.25,14.375
2026-04-05 14:00:00+00:00,122,2,626.0,22.1,0.0,46.0,14.4375
2026-04-05 14:00:00+00:00,127,2,622.0,22.3,0.0,46.125,14.5
2026-04-05 14:00:00+00:00,129,2,625.0,22.4,0.0,46.0,14.5
2026-04-05 14:00:00+00:00,177,2,632.0,19.6,0.0,45.625,14.8125
2026-04-05 14:00:00+00:00,194,2,614.0,22.0,0.0,46.5,15.0625
2026-04-05 14:00:00+00:00,236,2,617.0,22.6,0.0,45.8125,15.1875
2026-04-05 14:00:00+00:00,325,2,603.0,23.6,0.0,46.5625,15.625
2026-04-05 14:00:00+00:00,391,2,595.0,22.7,0.0,46.6875,16.0625
2026-04-05 14:00:00+00:00,422,2,614.0,23.6,0.0,46.25,15.25
2026-04-05 14:00:00+00:00,425,2,610.0,23.3,0.0,45.9375,15.5
2026-04-05 14:00:00+00:00,426,2,622.0,19.4,0.0,45.5625,13.75
2026-04-05 15:00:00+00:00,63,3,479.0,18.7,0.0,46.375,14.0625
2026-04-05 15:00:00+00:00,63,6,468.0,18.6,0.0,46.375,14.0625
2026-04-05 15:00:00+00:00,76,3,484.0,19.9,0.0,46.3125,14.1875
2026-04-05 15:00:00+00:00,76,6,484.0,19.8,0.0,46.3125,14.1875
2026-04-05 15:00:00+00:00,106,3,483.0,21.1,0.0,46.25,14.375
2026-04-05 15:00:00+00:00,106,6,480.0,21.0,0.0,46.25,14.375
2026-04-05 15:00:00+00:00,122,3,479.0,21.2,0.0,46.0,14.4375
2026-04-05 15:00:00+00:00,122,6,477.0,21.1,0.0,46.0,14.4375
2026-04-05 15:00:00+00:00,127,3,476.0,21.5,0.0,46.125,14.5
2026-04-05 15:00:00+00:00,127,6,475.0,21.3,0.0,46.125,14.5
2026-04-05 15:00:00+00:00,129,3,478.0,21.5,0.0,46.0,14.5
2026-04-05 15:00:00+00:00,129,6,477.0,21.4,0.0,46.0,14.5
2026-04-05 15:00:00+00:00,177,3,487.0,18.7,0.0,45.625,14.8125
2026-04-05 15:00:00+00:00,177,6,487.0,18.4,0.0,45.625,14.8125
2026-04-05 15:00:00+00:00,194,3,462.0,21.8,0.0,46.5,15.0625
2026-04-05 15:00:00+00:00,194,6,453.0,21.8,0.0,46.5,15.0625
2026-04-05 15:00:00+00:00,236,3,469.0,22.4,0.0,45.8125,15.1875
2026-04-05 15:00:00+00:00,236,6,468.0,22.4,0.0,45.8125,15.1875
2026-04-05 15:00:00+00:00,325,3,455.0,23.5,0.0,46.5625,15.625
2026-04-05 15:00:00+00:00,325,6,453.0,23.3,0.0,46.5625,15.625
2026-04-05 15:00:00+00:00,391,3,448.0,22.6,0.0,46.6875,16.0625
2026-04-05 15:00:00+00:00,391,6,447.0,22.4,0.0,46.6875,16.0625
2026-04-05 15:00:00+00:00,422,3,465.0,23.4,0.0,46.25,15.25
2026-04-05 15:00:00+00:00,422,6,465.0,23.3,0.0,46.25,15.25
2026-04-05 15:00:00+00:00,425,3,462.0,23.4,0.0,45.9375,15.5
2026-04-05 15:00:00+00:00,425,6,461.0,23.2,0.0,45.9375,15.5
2026-04-05 15:00:00+00:00,426,3,477.0,19.0,0.0,45.5625,13.75
2026-04-05 15:00:00+00:00,426,6,476.0,18.8,0.0,45.5625,13.75
2026-04-05 16:00:00+00:00,63,1,306.0,17.8,0.0,46.375,14.0625
2026-04-05 16:00:00+00:00,76,1,307.0,19.1,0.0,46.3125,14.1875
2026-04-05 16:00:00+00:00,106,1,307.0,20.2,0.0,46.25,14.375
2026-04-05 16:00:00+00:00,122,1,303.0,20.4,0.0,46.0,14.4375
2026-04-05 16:00:00+00:00,127,1,301.0,20.6,0.0,46.125,14.5
2026-04-05 16:00:00+00:00,129,1,302.0,20.8,0.0,46.0,14.5
2026-04-05 16:00:00+00:00,177,1,309.0,17.9,0.0,45.625,14.8125
2026-04-05 16:00:00+00:00,194,1,292.0,21.5,0.0,46.5,15.0625
2026-04-05 16:00:00+00:00,236,1,294.0,22.3,0.0,45.8125,15.1875
2026-04-05 16:00:00+00:00,325,1,282.0,23.3,0.0,46.5625,15.625
2026-04-05 16:00:00+00:00,391,1,276.0,22.7,0.0,46.6875,16.0625
2026-04-05 16:00:00+00:00,422,1,291.0,23.2,0.0,46.25,15.25
2026-04-05 16:00:00+00:00,425,1,288.0,23.4,0.0,45.9375,15.5
2026-04-05 16:00:00+00:00,426,1,304.0,18.5,0.0,45.5625,13.75
2026-04-05 17:00:00+00:00,63,2,128.0,16.4,0.0,46.375,14.0625
2026-04-05 17:00:00+00:00,76,2,127.0,17.5,0.0,46.3125,14.1875
2026-04-05 17:00:00+00:00,106,2,126.0,18.5,0.0,46.25,14.375
2026-04-05 17:00:00+00:00,122,2,124.0,18.6,0.0,46.0,14.4375
2026-04-05 17:00:00+00:00,127,2,123.0,18.8,0.0,46.125,14.5
2026-04-05 17:00:00+00:00,129,2,123.0,19.1,0.0,46.0,14.5
2026-04-05 17:00:00+00:00,177,2,126.0,16.1,0.0,45.625,14.8125
2026-04-05 17:00:00+00:00,194,2,116.0,19.9,0.0,46.5,15.0625
2026-04-05 17:00:00+00:00,236,2,117.0,21.2,0.0,45.8125,15.1875
2026-04-05 17:00:00+00:00,325,2,110.0,21.9,0.0,46.5625,15.625
2026-04-05 17:00:00+00:00,391,2,104.0,21.0,0.0,46.6875,16.0625
2026-04-05 17:00:00+00:00,422,2,115.0,21.4,0.0,46.25,15.25
2026-04-05 17:00:00+00:00,425,2,113.0,21.9,0.0,45.9375,15.5
2026-04-05 17:00:00+00:00,426,2,128.0,17.1,0.0,45.5625,13.75
2026-04-05 18:00:00+00:00,63,3,11.0,13.6,0.0,46.375,14.0625
2026-04-05 18:00:00+00:00,63,6,11.0,13.3,0.0,46.375,14.0625
2026-04-05 18:00:00+00:00,76,3,11.0,14.6,0.0,46.3125,14.1875
2026-04-05 18:00:00+00:00,76,6,11.0,14.4,0.0,46.3125,14.1875
2026-04-05 18:00:00+00:00,106,3,10.0,15.4,0.0,46.25,14.375
2026-04-05 18:00:00+00:00,106,6,10.0,15.1,0.0,46.25,14.375
2026-04-05 18:00:00+00:00,122,3,10.0,15.9,0.0,46.0,14.4375
2026-04-05 18:00:00+00:00,122,6,9.0,15.6,0.0,46.0,14.4375
2026-04-05 18:00:00+00:00,127,3,10.0,15.9,0.0,46.125,14.5
2026-04-05 18:00:00+00:00,127,6,10.0,15.6,0.0,46.125,14.5
2026-04-05 18:00:00+00:00,129,3,10.0,16.0,0.0,46.0,14.5
2026-04-05 18:00:00+00:00,129,6,10.0,15.6,0.0,46.0,14.5
2026-04-05 18:00:00+00:00,177,3,9.0,12.0,0.0,45.625,14.8125
2026-04-05 18:00:00+00:00,177,6,9.0,11.7,0.0,45.625,14.8125
2026-04-05 18:00:00+00:00,194,3,8.0,16.4,0.0,46.5,15.0625
2026-04-05 18:00:00+00:00,194,6,8.0,16.1,0.0,46.5,15.0625
2026-04-05 18:00:00+00:00,236,3,8.0,17.4,0.0,45.8125,15.1875
2026-04-05 18:00:00+00:00,236,6,8.0,16.8,0.0,45.8125,15.1875
2026-04-05 18:00:00+00:00,325,3,7.0,19.3,0.0,46.5625,15.625
2026-04-05 18:00:00+00:00,325,6,6.0,18.7,0.0,46.5625,15.625
2026-04-05 18:00:00+00:00,391,3,6.0,17.6,0.0,46.6875,16.0625
2026-04-05 18:00:00+00:00,391,6,6.0,17.4,0.0,46.6875,16.0625
2026-04-05 18:00:00+00:00,422,3,8.0,17.6,0.0,46.25,15.25
2026-04-05 18:00:00+00:00,422,6,8.0,17.1,0.0,46.25,15.25
2026-04-05 18:00:00+00:00,425,3,7.0,17.7,0.0,45.9375,15.5
2026-04-05 18:00:00+00:00,425,6,7.0,17.2,0.0,45.9375,15.5
2026-04-05 18:00:00+00:00,426,3,12.0,15.4,0.0,45.5625,13.75
2026-04-05 18:00:00+00:00,426,6,12.0,15.3,0.0,45.5625,13.75
2026-04-05 19:00:00+00:00,63,1,0.0,11.9,0.0,46.375,14.0625
2026-04-05 19:00:00+00:00,76,1,0.0,13.3,0.0,46.3125,14.1875
2026-04-05 19:00:00+00:00,106,1,0.0,13.7,0.0,46.25,14.375
2026-04-05 19:00:00+00:00,122,1,0.0,14.5,0.0,46.0,14.4375
2026-04-05 19:00:00+00:00,127,1,0.0,14.4,0.0,46.125,14.5
2026-04-05 19:00:00+00:00,129,1,0.0,14.2,0.0,46.0,14.5
2026-04-05 19:00:00+00:00,177,1,0.0,9.9,0.0,45.625,14.8125
2026-04-05 19:00:00+00:00,194,1,0.0,14.7,0.0,46.5,15.0625
2026-04-05 19:00:00+00:00,236,1,0.0,15.1,0.0,45.8125,15.1875
2026-04-05 19:00:00+00:00,325,1,0.0,17.1,0.0,46.5625,15.625
2026-04-05 19:00:00+00:00,391,1,0.0,16.0,0.0,46.6875,16.0625
2026-04-05 19:00:00+00:00,422,1,0.0,15.3,0.0,46.25,15.25
2026-04-05 19:00:00+00:00,425,1,0.0,15.7,0.0,45.9375,15.5
2026-04-05 19:00:00+00:00,426,1,0.0,14.7,0.0,45.5625,13.75
2026-04-05 20:00:00+00:00,63,2,0.0,10.7,0.0,46.375,14.0625
2026-04-05 20:00:00+00:00,76,2,0.0,12.2,0.0,46.3125,14.1875
2026-04-05 20:00:00+00:00,106,2,0.0,11.8,0.0,46.25,14.375
2026-04-05 20:00:00+00:00,122,2,0.0,12.9,0.0,46.0,14.4375
2026-04-05 20:00:00+00:00,127,2,0.0,13.1,0.0,46.125,14.5
2026-04-05 20:00:00+00:00,129,2,0.0,12.8,0.0,46.0,14.5
2026-04-05 20:00:00+00:00,177,2,0.0,8.6,0.0,45.625,14.8125
2026-04-05 20:00:00+00:00,194,2,0.0,13.7,0.0,46.5,15.0625
2026-04-05 20:00:00+00:00,236,2,0.0,13.1,0.0,45.8125,15.1875
2026-04-05 20:00:00+00:00,325,2,0.0,15.5,0.0,46.5625,15.625
2026-04-05 20:00:00+00:00,391,2,0.0,14.5,0.0,46.6875,16.0625
2026-04-05 20:00:00+00:00,422,2,0.0,12.8,0.0,46.25,15.25
2026-04-05 20:00:00+00:00,425,2,0.0,13.8,0.0,45.9375,15.5
2026-04-05 20:00:00+00:00,426,2,0.0,13.0,0.0,45.5625,13.75
2026-04-05 21:00:00+00:00,63,3,0.0,10.1,0.0,46.375,14.0625
2026-04-05 21:00:00+00:00,63,6,0.0,10.3,0.0,46.375,14.0625
2026-04-05 21:00:00+00:00,76,3,0.0,11.4,0.0,46.3125,14.1875
2026-04-05 21:00:00+00:00,76,6,0.0,11.5,0.0,46.3125,14.1875
2026-04-05 21:00:00+00:00,106,3,0.0,10.8,0.0,46.25,14.375
2026-04-05 21:00:00+00:00,106,6,0.0,11.0,0.0,46.25,14.375
2026-04-05 21:00:00+00:00,122,3,0.0,11.5,0.0,46.0,14.4375
2026-04-05 21:00:00+00:00,122,6,0.0,11.2,0.0,46.0,14.4375
2026-04-05 21:00:00+00:00,127,3,0.0,12.0,0.0,46.125,14.5
2026-04-05 21:00:00+00:00,127,6,0.0,11.8,0.0,46.125,14.5
2026-04-05 21:00:00+00:00,129,3,0.0,11.4,0.0,46.0,14.5
2026-04-05 21:00:00+00:00,129,6,0.0,11.1,0.0,46.0,14.5
2026-04-05 21:00:00+00:00,177,3,0.0,7.5,0.0,45.625,14.8125
2026-04-05 21:00:00+00:00,177,6,0.0,7.3,0.0,45.625,14.8125
2026-04-05 21:00:00+00:00,194,3,0.0,13.1,0.0,46.5,15.0625
2026-04-05 21:00:00+00:00,194,6,0.0,13.4,0.0,46.5,15.0625
2026-04-05 21:00:00+00:00,236,3,0.0,11.8,0.0,45.8125,15.1875
2026-04-05 21:00:00+00:00,236,6,0.0,11.6,0.0,45.8125,15.1875
2026-04-05 21:00:00+00:00,325,3,0.0,14.5,0.0,46.5625,15.625
2026-04-05 21:00:00+00:00,325,6,0.0,14.2,0.0,46.5625,15.625
2026-04-05 21:00:00+00:00,391,3,0.0,13.5,0.0,46.6875,16.0625
2026-04-05 21:00:00+00:00,391,6,0.0,13.8,0.0,46.6875,16.0625
2026-04-05 21:00:00+00:00,422,3,0.0,11.5,0.0,46.25,15.25
2026-04-05 21:00:00+00:00,422,6,0.0,11.9,0.0,46.25,15.25
2026-04-05 21:00:00+00:00,425,3,0.0,12.2,0.0,45.9375,15.5
2026-04-05 21:00:00+00:00,425,6,0.0,12.0,0.0,45.9375,15.5
2026-04-05 21:00:00+00:00,426,3,0.0,11.1,0.0,45.5625,13.75
2026-04-05 21:00:00+00:00,426,6,0.0,11.1,0.0,45.5625,13.75
2026-04-05 22:00:00+00:00,63,1,0.0,9.6,0.0,46.375,14.0625
2026-04-05 22:00:00+00:00,76,1,0.0,11.0,0.0,46.3125,14.1875
2026-04-05 22:00:00+00:00,106,1,0.0,10.3,0.0,46.25,14.375
2026-04-05 22:00:00+00:00,122,1,0.0,10.7,0.0,46.0,14.4375
2026-04-05 22:00:00+00:00,127,1,0.0,11.1,0.0,46.125,14.5
2026-04-05 22:00:00+00:00,129,1,0.0,10.8,0.0,46.0,14.5
2026-04-05 22:00:00+00:00,177,1,0.0,6.2,0.0,45.625,14.8125
2026-04-05 22:00:00+00:00,194,1,0.0,12.5,0.0,46.5,15.0625
2026-04-05 22:00:00+00:00,236,1,0.0,10.1,0.0,45.8125,15.1875
2026-04-05 22:00:00+00:00,325,1,0.0,13.8,0.0,46.5625,15.625
2026-04-05 22:00:00+00:00,391,1,0.0,13.3,0.0,46.6875,16.0625
2026-04-05 22:00:00+00:00,422,1,0.0,11.1,0.0,46.25,15.25
2026-04-05 22:00:00+00:00,425,1,0.0,10.8,0.0,45.9375,15.5
2026-04-05 22:00:00+00:00,426,1,0.0,10.2,0.0,45.5625,13.75
2026-04-05 23:00:00+00:00,63,2,0.0,9.0,0.0,46.375,14.0625
2026-04-05 23:00:00+00:00,76,2,0.0,10.1,0.0,46.3125,14.1875
2026-04-05 23:00:00+00:00,106,2,0.0,9.7,0.0,46.25,14.375
2026-04-05 23:00:00+00:00,122,2,0.0,10.0,0.0,46.0,14.4375
2026-04-05 23:00:00+00:00,127,2,0.0,9.7,0.0,46.125,14.5
2026-04-05 23:00:00+00:00,129,2,0.0,10.0,0.0,46.0,14.5
2026-04-05 23:00:00+00:00,177,2,0.0,6.1,0.0,45.625,14.8125
2026-04-05 23:00:00+00:00,194,2,0.0,12.1,0.0,46.5,15.0625
2026-04-05 23:00:00+00:00,236,2,0.0,9.9,0.0,45.8125,15.1875
2026-04-05 23:00:00+00:00,325,2,0.0,13.5,0.0,46.5625,15.625
2026-04-05 23:00:00+00:00,391,2,0.0,13.2,0.0,46.6875,16.0625
2026-04-05 23:00:00+00:00,422,2,0.0,10.3,0.0,46.25,15.25
2026-04-05 23:00:00+00:00,425,2,0.0,10.2,0.0,45.9375,15.5
2026-04-05 23:00:00+00:00,426,2,0.0,9.9,0.0,45.5625,13.75
2026-04-06 00:00:00+00:00,63,3,0.0,8.6,0.0,46.375,14.0625
2026-04-06 00:00:00+00:00,63,6,0.0,8.6,0.0,46.375,14.0625
2026-04-06 00:00:00+00:00,63,24,0.0,7.8,0.0,46.375,14.0625
2026-04-06 00:00:00+00:00,76,3,0.0,9.9,0.0,46.3125,14.1875
2026-04-06 00:00:00+00:00,76,6,0.0,10.0,0.0,46.3125,14.1875
2026-04-06 00:00:00+00:00,76,24,0.0,9.6,0.0,46.3125,14.1875
2026-04-06 00:00:00+00:00,106,3,0.0,9.3,0.0,46.25,14.375
2026-04-06 00:00:00+00:00,106,6,0.0,9.5,0.0,46.25,14.375
2026-04-06 00:00:00+00:00,106,24,0.0,9.2,0.0,46.25,14.375
2026-04-06 00:00:00+00:00,122,3,0.0,9.3,0.0,46.0,14.4375
2026-04-06 00:00:00+00:00,122,6,0.0,9.5,0.0,46.0,14.4375
2026-04-06 00:00:00+00:00,122,24,0.0,8.1,0.0,46.0,14.4375
2026-04-06 00:00:00+00:00,127,3,0.0,8.3,0.0,46.125,14.5
2026-04-06 00:00:00+00:00,127,6,0.0,8.7,0.0,46.125,14.5
2026-04-06 00:00:00+00:00,127,24,0.0,8.1,0.0,46.125,14.5
2026-04-06 00:00:00+00:00,129,3,0.0,9.5,0.0,46.0,14.5
2026-04-06 00:00:00+00:00,129,6,0.0,9.7,0.0,46.0,14.5
2026-04-06 00:00:00+00:00,129,24,0.0,8.2,0.0,46.0,14.5
2026-04-06 00:00:00+00:00,177,3,0.0,6.1,0.0,45.625,14.8125
2026-04-06 00:00:00+00:00,177,6,0.0,6.2,0.0,45.625,14.8125
2026-04-06 00:00:00+00:00,177,24,0.0,5.9,0.0,45.625,14.8125
2026-04-06 00:00:00+00:00,194,3,0.0,11.9,0.0,46.5,15.0625
2026-04-06 00:00:00+00:00,194,6,0.0,12.0,0.0,46.5,15.0625
2026-04-06 00:00:00+00:00,194,24,0.0,12.1,0.0,46.5,15.0625
2026-04-06 00:00:00+00:00,236,3,0.0,9.5,0.0,45.8125,15.1875
2026-04-06 00:00:00+00:00,236,6,0.0,9.6,0.0,45.8125,15.1875
2026-04-06 00:00:00+00:00,236,24,0.0,9.1,0.0,45.8125,15.1875
2026-04-06 00:00:00+00:00,325,3,0.0,13.0,0.0,46.5625,15.625
2026-04-06 00:00:00+00:00,325,6,0.0,13.2,0.0,46.5625,15.625
2026-04-06 00:00:00+00:00,325,24,0.0,12.8,0.0,46.5625,15.625
2026-04-06 00:00:00+00:00,391,3,0.0,13.0,0.0,46.6875,16.0625
2026-04-06 00:00:00+00:00,391,6,0.0,12.9,0.0,46.6875,16.0625
2026-04-06 00:00:00+00:00,391,24,0.0,12.7,0.0,46.6875,16.0625
2026-04-06 00:00:00+00:00,422,3,0.0,9.7,0.0,46.25,15.25
2026-04-06 00:00:00+00:00,422,6,0.0,10.0,0.0,46.25,15.25
2026-04-06 00:00:00+00:00,422,24,0.0,9.6,0.0,46.25,15.25
2026-04-06 00:00:00+00:00,425,3,0.0,9.5,0.0,45.9375,15.5
2026-04-06 00:00:00+00:00,425,6,0.0,9.6,0.0,45.9375,15.5
2026-04-06 00:00:00+00:00,425,24,0.0,9.3,0.0,45.9375,15.5
2026-04-06 00:00:00+00:00,426,3,0.0,9.7,0.0,45.5625,13.75
2026-04-06 00:00:00+00:00,426,6,0.0,9.8,0.0,45.5625,13.75
2026-04-06 00:00:00+00:00,426,24,0.0,9.9,0.0,45.5625,13.75
2026-04-06 03:00:00+00:00,63,6,0.0,8.4,0.0,46.375,14.0625
2026-04-06 03:00:00+00:00,63,24,0.0,7.8,0.0,46.375,14.0625
2026-04-06 03:00:00+00:00,76,6,0.0,10.0,0.0,46.3125,14.1875
2026-04-06 03:00:00+00:00,76,24,0.0,9.6,0.0,46.3125,14.1875
2026-04-06 03:00:00+00:00,106,6,0.0,8.6,0.0,46.25,14.375
2026-04-06 03:00:00+00:00,106,24,0.0,7.9,0.0,46.25,14.375
2026-04-06 03:00:00+00:00,122,6,0.0,8.3,0.0,46.0,14.4375
2026-04-06 03:00:00+00:00,122,24,0.0,7.1,0.0,46.0,14.4375
2026-04-06 03:00:00+00:00,127,6,0.0,6.6,0.0,46.125,14.5
2026-04-06 03:00:00+00:00,127,24,0.0,6.4,0.0,46.125,14.5
2026-04-06 03:00:00+00:00,129,6,0.0,8.4,0.0,46.0,14.5
2026-04-06 03:00:00+00:00,129,24,0.0,7.2,0.0,46.0,14.5
2026-04-06 03:00:00+00:00,177,6,0.0,5.9,0.0,45.625,14.8125
2026-04-06 03:00:00+00:00,177,24,0.0,6.2,0.0,45.625,14.8125
2026-04-06 03:00:00+00:00,194,6,0.0,10.8,0.0,46.5,15.0625
2026-04-06 03:00:00+00:00,194,24,0.0,10.3,0.0,46.5,15.0625
2026-04-06 03:00:00+00:00,236,6,0.0,8.9,0.0,45.8125,15.1875
2026-04-06 03:00:00+00:00,236,24,0.0,8.5,0.0,45.8125,15.1875
2026-04-06 03:00:00+00:00,325,6,0.0,11.1,0.0,46.5625,15.625
2026-04-06 03:00:00+00:00,325,24,0.0,12.0,0.0,46.5625,15.625
2026-04-06 03:00:00+00:00,391,6,0.0,11.0,0.0,46.6875,16.0625
2026-04-06 03:00:00+00:00,391,24,0.0,10.4,0.0,46.6875,16.0625
2026-04-06 03:00:00+00:00,422,6,0.0,8.6,0.0,46.25,15.25
2026-04-06 03:00:00+00:00,422,24,0.0,8.4,0.0,46.25,15.25
2026-04-06 03:00:00+00:00,425,6,0.0,9.2,0.0,45.9375,15.5
2026-04-06 03:00:00+00:00,425,24,0.0,8.3,0.0,45.9375,15.5
2026-04-06 03:00:00+00:00,426,6,0.0,9.3,0.0,45.5625,13.75
2026-04-06 03:00:00+00:00,426,24,0.0,9.7,0.0,45.5625,13.75
2026-04-06 06:00:00+00:00,63,24,80.0,8.8,0.0,46.375,14.0625
2026-04-06 06:00:00+00:00,76,24,76.0,11.0,0.0,46.3125,14.1875
2026-04-06 06:00:00+00:00,106,24,76.0,9.0,0.0,46.25,14.375
2026-04-06 06:00:00+00:00,122,24,81.0,8.4,0.0,46.0,14.4375
2026-04-06 06:00:00+00:00,127,24,73.0,6.9,0.0,46.125,14.5
2026-04-06 06:00:00+00:00,129,24,80.0,7.8,0.0,46.0,14.5
2026-04-06 06:00:00+00:00,177,24,83.0,8.0,0.0,45.625,14.8125
2026-04-06 06:00:00+00:00,194,24,58.0,11.5,0.0,46.5,15.0625
2026-04-06 06:00:00+00:00,236,24,79.0,9.6,0.0,45.8125,15.1875
2026-04-06 06:00:00+00:00,325,24,78.0,12.8,0.0,46.5625,15.625
2026-04-06 06:00:00+00:00,391,24,77.0,11.8,0.0,46.6875,16.0625
2026-04-06 06:00:00+00:00,422,24,72.0,9.4,0.0,46.25,15.25
2026-04-06 06:00:00+00:00,425,24,91.0,9.7,0.0,45.9375,15.5
2026-04-06 06:00:00+00:00,426,24,83.0,11.0,0.0,45.5625,13.75
2026-04-06 09:00:00+00:00,63,24,564.0,16.5,0.0,46.375,14.0625
2026-04-06 09:00:00+00:00,76,24,539.0,17.4,0.0,46.3125,14.1875
2026-04-06 09:00:00+00:00,106,24,535.0,16.4,0.0,46.25,14.375
2026-04-06 09:00:00+00:00,122,24,558.0,17.4,0.0,46.0,14.4375
2026-04-06 09:00:00+00:00,127,24,562.0,16.0,0.0,46.125,14.5
2026-04-06 09:00:00+00:00,129,24,557.0,16.9,0.0,46.0,14.5
2026-04-06 09:00:00+00:00,177,24,616.0,16.5,0.0,45.625,14.8125
2026-04-06 09:00:00+00:00,194,24,557.0,18.5,0.0,46.5,15.0625
2026-04-06 09:00:00+00:00,236,24,599.0,18.4,0.0,45.8125,15.1875
2026-04-06 09:00:00+00:00,325,24,485.0,17.4,0.0,46.5625,15.625
2026-04-06 09:00:00+00:00,391,24,360.0,15.7,0.0,46.6875,16.0625
2026-04-06 09:00:00+00:00,422,24,579.0,18.6,0.0,46.25,15.25
2026-04-06 09:00:00+00:00,425,24,590.0,18.6,0.0,45.9375,15.5
2026-04-06 09:00:00+00:00,426,24,586.0,18.0,0.0,45.5625,13.75
2026-04-06 12:00:00+00:00,63,24,576.0,19.3,0.0,46.375,14.0625
2026-04-06 12:00:00+00:00,76,24,752.0,20.1,0.0,46.3125,14.1875
2026-04-06 12:00:00+00:00,106,24,770.0,21.0,0.0,46.25,14.375
2026-04-06 12:00:00+00:00,122,24,773.0,22.3,0.0,46.0,14.4375
2026-04-06 12:00:00+00:00,127,24,770.0,21.4,0.0,46.125,14.5
2026-04-06 12:00:00+00:00,129,24,772.0,22.3,0.0,46.0,14.5
2026-04-06 12:00:00+00:00,177,24,766.0,19.5,0.0,45.625,14.8125
2026-04-06 12:00:00+00:00,194,24,716.0,20.7,0.0,46.5,15.0625
2026-04-06 12:00:00+00:00,236,24,772.0,22.0,0.0,45.8125,15.1875
2026-04-06 12:00:00+00:00,325,24,751.0,20.6,0.0,46.5625,15.625
2026-04-06 12:00:00+00:00,391,24,746.0,19.9,0.0,46.6875,16.0625
2026-04-06 12:00:00+00:00,422,24,764.0,21.4,0.0,46.25,15.25
2026-04-06 12:00:00+00:00,425,24,765.0,21.7,0.0,45.9375,15.5
2026-04-06 12:00:00+00:00,426,24,766.0,19.6,0.0,45.5625,13.75
2026-04-06 15:00:00+00:00,63,24,320.0,19.2,0.0,46.375,14.0625
2026-04-06 15:00:00+00:00,76,24,377.0,20.1,0.0,46.3125,14.1875
2026-04-06 15:00:00+00:00,106,24,342.0,21.5,0.0,46.25,14.375
2026-04-06 15:00:00+00:00,122,24,448.0,23.0,0.0,46.0,14.4375
2026-04-06 15:00:00+00:00,127,24,408.0,22.4,0.0,46.125,14.5
2026-04-06 15:00:00+00:00,129,24,437.0,23.1,0.0,46.0,14.5
2026-04-06 15:00:00+00:00,177,24,304.0,19.6,0.0,45.625,14.8125
2026-04-06 15:00:00+00:00,194,24,447.0,20.8,0.0,46.5,15.0625
2026-04-06 15:00:00+00:00,236,24,462.0,22.5,0.0,45.8125,15.1875
2026-04-06 15:00:00+00:00,325,24,309.0,20.6,0.0,46.5625,15.625
2026-04-06 15:00:00+00:00,391,24,295.0,20.0,0.0,46.6875,16.0625
2026-04-06 15:00:00+00:00,422,24,458.0,22.0,0.0,46.25,15.25
2026-04-06 15:00:00+00:00,425,24,457.0,22.0,0.0,45.9375,15.5
2026-04-06 15:00:00+00:00,426,24,472.0,19.0,0.0,45.5625,13.75
2026-04-06 18:00:00+00:00,63,24,12.0,14.7,0.0,46.375,14.0625
2026-04-06 18:00:00+00:00,76,24,11.0,15.8,0.0,46.3125,14.1875
2026-04-06 18:00:00+00:00,106,24,11.0,17.1,0.0,46.25,14.375
2026-04-06 18:00:00+00:00,122,24,9.0,16.9,0.0,46.0,14.4375
2026-04-06 18:00:00+00:00,127,24,10.0,17.5,0.0,46.125,14.5
2026-04-06 18:00:00+00:00,129,24,9.0,17.3,0.0,46.0,14.5
2026-04-06 18:00:00+00:00,177,24,9.0,14.1,0.0,45.625,14.8125
2026-04-06 18:00:00+00:00,194,24,6.0,16.5,0.0,46.5,15.0625
2026-04-06 18:00:00+00:00,236,24,8.0,17.3,0.0,45.8125,15.1875
2026-04-06 18:00:00+00:00,325,24,4.0,17.3,0.0,46.5625,15.625
2026-04-06 18:00:00+00:00,391,24,4.0,16.0,0.0,46.6875,16.0625
2026-04-06 18:00:00+00:00,422,24,7.0,16.9,0.0,46.25,15.25
2026-04-06 18:00:00+00:00,425,24,7.0,17.2,0.0,45.9375,15.5
2026-04-06 18:00:00+00:00,426,24,12.0,15.8,0.0,45.5625,13.75
2026-04-06 21:00:00+00:00,63,24,0.0,11.1,0.0,46.375,14.0625
2026-04-06 21:00:00+00:00,76,24,0.0,13.2,0.0,46.3125,14.1875
2026-04-06 21:00:00+00:00,106,24,0.0,12.8,0.0,46.25,14.375
2026-04-06 21:00:00+00:00,122,24,0.0,10.9,0.0,46.0,14.4375
2026-04-06 21:00:00+00:00,127,24,0.0,12.7,0.0,46.125,14.5
2026-04-06 21:00:00+00:00,129,24,0.0,10.4,0.0,46.0,14.5
2026-04-06 21:00:00+00:00,177,24,0.0,10.9,0.0,45.625,14.8125
2026-04-06 21:00:00+00:00,194,24,0.0,13.6,0.0,46.5,15.0625
2026-04-06 21:00:00+00:00,236,24,0.0,12.4,0.0,45.8125,15.1875
2026-04-06 21:00:00+00:00,325,24,0.0,14.6,0.0,46.5625,15.625
2026-04-06 21:00:00+00:00,391,24,0.0,13.1,0.0,46.6875,16.0625
2026-04-06 21:00:00+00:00,422,24,0.0,13.7,0.0,46.25,15.25
2026-04-06 21:00:00+00:00,425,24,0.0,13.9,0.0,45.9375,15.5
2026-04-06 21:00:00+00:00,426,24,0.0,12.1,0.0,45.5625,13.75
2026-04-06 01:00:00+00:00,63,1,0.0,8.7,0.0,46.375,14.0625
2026-04-06 01:00:00+00:00,76,1,0.0,9.5,0.0,46.3125,14.1875
2026-04-06 01:00:00+00:00,106,1,0.0,9.3,0.0,46.25,14.375
2026-04-06 01:00:00+00:00,122,1,0.0,8.4,0.0,46.0,14.4375
2026-04-06 01:00:00+00:00,127,1,0.0,7.9,0.0,46.125,14.5
2026-04-06 01:00:00+00:00,129,1,0.0,8.7,0.0,46.0,14.5
2026-04-06 01:00:00+00:00,177,1,0.0,5.5,0.0,45.625,14.8125
2026-04-06 01:00:00+00:00,194,1,0.0,11.5,0.0,46.5,15.0625
2026-04-06 01:00:00+00:00,236,1,0.0,8.6,0.0,45.8125,15.1875
2026-04-06 01:00:00+00:00,325,1,0.0,12.4,0.0,46.5625,15.625
2026-04-06 01:00:00+00:00,391,1,0.0,12.7,0.0,46.6875,16.0625
2026-04-06 01:00:00+00:00,422,1,0.0,8.8,0.0,46.25,15.25
2026-04-06 01:00:00+00:00,425,1,0.0,9.2,0.0,45.9375,15.5
2026-04-06 01:00:00+00:00,426,1,0.0,9.1,0.0,45.5625,13.75
2026-04-06 02:00:00+00:00,63,2,0.0,8.4,0.0,46.375,14.0625
2026-04-06 02:00:00+00:00,76,2,0.0,9.8,0.0,46.3125,14.1875
2026-04-06 02:00:00+00:00,106,2,0.0,9.1,0.0,46.25,14.375
2026-04-06 02:00:00+00:00,122,2,0.0,8.0,0.0,46.0,14.4375
2026-04-06 02:00:00+00:00,127,2,0.0,7.5,0.0,46.125,14.5
2026-04-06 02:00:00+00:00,129,2,0.0,8.1,0.0,46.0,14.5
2026-04-06 02:00:00+00:00,177,2,0.0,5.9,0.0,45.625,14.8125
2026-04-06 02:00:00+00:00,194,2,0.0,11.0,0.0,46.5,15.0625
2026-04-06 02:00:00+00:00,236,2,0.0,8.6,0.0,45.8125,15.1875
2026-04-06 02:00:00+00:00,325,2,0.0,11.0,0.0,46.5625,15.625
2026-04-06 02:00:00+00:00,391,2,0.0,11.6,0.0,46.6875,16.0625
2026-04-06 02:00:00+00:00,422,2,0.0,8.6,0.0,46.25,15.25
2026-04-06 02:00:00+00:00,425,2,0.0,9.2,0.0,45.9375,15.5
2026-04-06 02:00:00+00:00,426,2,0.0,9.2,0.0,45.5625,13.75
2026-04-06 03:00:00+00:00,63,3,0.0,8.2,0.0,46.375,14.0625
2026-04-06 03:00:00+00:00,76,3,0.0,10.0,0.0,46.3125,14.1875
2026-04-06 03:00:00+00:00,106,3,0.0,8.9,0.0,46.25,14.375
2026-04-06 03:00:00+00:00,122,3,0.0,8.0,0.0,46.0,14.4375
2026-04-06 03:00:00+00:00,127,3,0.0,7.0,0.0,46.125,14.5
2026-04-06 03:00:00+00:00,129,3,0.0,7.9,0.0,46.0,14.5
2026-04-06 03:00:00+00:00,177,3,0.0,6.1,0.0,45.625,14.8125
2026-04-06 03:00:00+00:00,194,3,0.0,10.8,0.0,46.5,15.0625
2026-04-06 03:00:00+00:00,236,3,0.0,8.5,0.0,45.8125,15.1875
2026-04-06 03:00:00+00:00,325,3,0.0,10.8,0.0,46.5625,15.625
2026-04-06 03:00:00+00:00,391,3,0.0,10.9,0.0,46.6875,16.0625
2026-04-06 03:00:00+00:00,422,3,0.0,8.4,0.0,46.25,15.25
2026-04-06 03:00:00+00:00,425,3,0.0,9.1,0.0,45.9375,15.5
2026-04-06 03:00:00+00:00,426,3,0.0,9.4,0.0,45.5625,13.75
2026-04-06 04:00:00+00:00,63,1,0.0,7.5,0.0,46.375,14.0625
2026-04-06 04:00:00+00:00,76,1,0.0,9.3,0.0,46.3125,14.1875
2026-04-06 04:00:00+00:00,106,1,0.0,8.3,0.0,46.25,14.375
2026-04-06 04:00:00+00:00,122,1,0.0,7.0,0.0,46.0,14.4375
2026-04-06 04:00:00+00:00,127,1,0.0,6.6,0.0,46.125,14.5
2026-04-06 04:00:00+00:00,129,1,0.0,7.1,0.0,46.0,14.5
2026-04-06 04:00:00+00:00,177,1,0.0,5.5,0.0,45.625,14.8125
2026-04-06 04:00:00+00:00,194,1,0.0,10.1,0.0,46.5,15.0625
2026-04-06 04:00:00+00:00,236,1,0.0,8.2,0.0,45.8125,15.1875
2026-04-06 04:00:00+00:00,325,1,0.0,9.7,0.0,46.5625,15.625
2026-04-06 04:00:00+00:00,391,1,0.0,9.1,0.0,46.6875,16.0625
2026-04-06 04:00:00+00:00,422,1,0.0,7.5,0.0,46.25,15.25
2026-04-06 04:00:00+00:00,425,1,0.0,8.0,0.0,45.9375,15.5
2026-04-06 04:00:00+00:00,426,1,0.0,9.1,0.0,45.5625,13.75
2026-04-06 05:00:00+00:00,63,2,5.0,7.4,0.0,46.375,14.0625
2026-04-06 05:00:00+00:00,76,2,5.0,9.4,0.0,46.3125,14.1875
2026-04-06 05:00:00+00:00,106,2,5.0,8.2,0.0,46.25,14.375
2026-04-06 05:00:00+00:00,122,2,5.0,6.7,0.0,46.0,14.4375
2026-04-06 05:00:00+00:00,127,2,6.0,6.6,0.0,46.125,14.5
2026-04-06 05:00:00+00:00,129,2,5.0,6.6,0.0,46.0,14.5
2026-04-06 05:00:00+00:00,177,2,5.0,5.9,0.0,45.625,14.8125
2026-04-06 05:00:00+00:00,194,2,5.0,10.0,0.0,46.5,15.0625
2026-04-06 05:00:00+00:00,236,2,7.0,7.9,0.0,45.8125,15.1875
2026-04-06 05:00:00+00:00,325,2,6.0,9.5,0.0,46.5625,15.625
2026-04-06 05:00:00+00:00,391,2,6.0,8.3,0.0,46.6875,16.0625
2026-04-06 05:00:00+00:00,422,2,6.0,7.6,0.0,46.25,15.25
2026-04-06 05:00:00+00:00,425,2,7.0,7.5,0.0,45.9375,15.5
2026-04-06 05:00:00+00:00,426,2,3.0,9.0,0.0,45.5625,13.75
2026-04-06 06:00:00+00:00,63,3,94.0,9.0,0.0,46.375,14.0625
2026-04-06 06:00:00+00:00,63,6,96.0,9.6,0.0,46.375,14.0625
2026-04-06 06:00:00+00:00,76,3,92.0,11.4,0.0,46.3125,14.1875
2026-04-06 06:00:00+00:00,76,6,93.0,11.7,0.0,46.3125,14.1875
2026-04-06 06:00:00+00:00,106,3,89.0,8.8,0.0,46.25,14.375
2026-04-06 06:00:00+00:00,106,6,91.0,9.2,0.0,46.25,14.375
2026-04-06 06:00:00+00:00,122,3,94.0,8.7,0.0,46.0,14.4375
2026-04-06 06:00:00+00:00,122,6,92.0,9.4,0.0,46.0,14.4375
2026-04-06 06:00:00+00:00,127,3,91.0,7.4,0.0,46.125,14.5
2026-04-06 06:00:00+00:00,127,6,87.0,7.8,0.0,46.125,14.5
2026-04-06 06:00:00+00:00,129,3,95.0,8.2,0.0,46.0,14.5
2026-04-06 06:00:00+00:00,129,6,91.0,9.0,0.0,46.0,14.5
2026-04-06 06:00:00+00:00,177,3,105.0,8.3,0.0,45.625,14.8125
2026-04-06 06:00:00+00:00,177,6,104.0,8.5,0.0,45.625,14.8125
2026-04-06 06:00:00+00:00,194,3,76.0,11.9,0.0,46.5,15.0625
2026-04-06 06:00:00+00:00,194,6,86.0,12.0,0.0,46.5,15.0625
2026-04-06 06:00:00+00:00,236,3,104.0,9.3,0.0,45.8125,15.1875
2026-04-06 06:00:00+00:00,236,6,105.0,9.7,0.0,45.8125,15.1875
2026-04-06 06:00:00+00:00,325,3,76.0,12.5,0.0,46.5625,15.625
2026-04-06 06:00:00+00:00,325,6,88.0,13.4,0.0,46.5625,15.625
2026-04-06 06:00:00+00:00,391,3,88.0,10.6,0.0,46.6875,16.0625
2026-04-06 06:00:00+00:00,391,6,84.0,11.7,0.0,46.6875,16.0625
2026-04-06 06:00:00+00:00,422,3,85.0,9.1,0.0,46.25,15.25
2026-04-06 06:00:00+00:00,422,6,97.0,9.6,0.0,46.25,15.25
2026-04-06 06:00:00+00:00,425,3,103.0,9.4,0.0,45.9375,15.5
2026-04-06 06:00:00+00:00,425,6,91.0,10.3,0.0,45.9375,15.5
2026-04-06 06:00:00+00:00,426,3,92.0,10.4,0.0,45.5625,13.75
2026-04-06 06:00:00+00:00,426,6,92.0,10.7,0.0,45.5625,13.75
2026-04-06 07:00:00+00:00,63,1,266.0,12.8,0.0,46.375,14.0625
2026-04-06 07:00:00+00:00,76,1,261.0,14.9,0.0,46.3125,14.1875
2026-04-06 07:00:00+00:00,106,1,244.0,12.1,0.0,46.25,14.375
2026-04-06 07:00:00+00:00,122,1,252.0,12.7,0.0,46.0,14.4375
2026-04-06 07:00:00+00:00,127,1,242.0,10.2,0.0,46.125,14.5
2026-04-06 07:00:00+00:00,129,1,252.0,11.6,0.0,46.0,14.5
2026-04-06 07:00:00+00:00,177,1,281.0,13.1,0.0,45.625,14.8125
2026-04-06 07:00:00+00:00,194,1,193.0,14.6,0.0,46.5,15.0625
2026-04-06 07:00:00+00:00,236,1,273.0,12.5,0.0,45.8125,15.1875
2026-04-06 07:00:00+00:00,325,1,178.0,15.6,0.0,46.5625,15.625
2026-04-06 07:00:00+00:00,391,1,186.0,13.5,0.0,46.6875,16.0625
2026-04-06 07:00:00+00:00,422,1,244.0,13.4,0.0,46.25,15.25
2026-04-06 07:00:00+00:00,425,1,268.0,13.9,0.0,45.9375,15.5
2026-04-06 07:00:00+00:00,426,1,259.0,14.0,0.0,45.5625,13.75
2026-04-06 08:00:00+00:00,63,2,439.0,15.7,0.0,46.375,14.0625
2026-04-06 08:00:00+00:00,76,2,430.0,16.8,0.0,46.3125,14.1875
2026-04-06 08:00:00+00:00,106,2,432.0,14.7,0.0,46.25,14.375
2026-04-06 08:00:00+00:00,122,2,416.0,15.4,0.0,46.0,14.4375
2026-04-06 08:00:00+00:00,127,2,410.0,13.5,0.0,46.125,14.5
2026-04-06 08:00:00+00:00,129,2,410.0,14.4,0.0,46.0,14.5
2026-04-06 08:00:00+00:00,177,2,459.0,15.3,0.0,45.625,14.8125
2026-04-06 08:00:00+00:00,194,2,343.0,16.9,0.0,46.5,15.0625
2026-04-06 08:00:00+00:00,236,2,445.0,16.1,0.0,45.8125,15.1875
2026-04-06 08:00:00+00:00,325,2,338.0,18.6,0.0,46.5625,15.625
2026-04-06 08:00:00+00:00,391,2,276.0,16.4,0.0,46.6875,16.0625
2026-04-06 08:00:00+00:00,422,2,382.0,16.6,0.0,46.25,15.25
2026-04-06 08:00:00+00:00,425,2,444.0,17.0,0.0,45.9375,15.5
2026-04-06 08:00:00+00:00,426,2,432.0,16.9,0.0,45.5625,13.75
2026-04-06 09:00:00+00:00,63,3,597.0,17.8,0.0,46.375,14.0625
2026-04-06 09:00:00+00:00,63,6,591.0,17.5,0.0,46.375,14.0625
2026-04-06 09:00:00+00:00,76,3,593.0,18.1,0.0,46.3125,14.1875
2026-04-06 09:00:00+00:00,76,6,585.0,17.8,0.0,46.3125,14.1875
2026-04-06 09:00:00+00:00,106,3,588.0,17.2,0.0,46.25,14.375
2026-04-06 09:00:00+00:00,106,6,581.0,17.1,0.0,46.25,14.375
2026-04-06 09:00:00+00:00,122,3,587.0,18.3,0.0,46.0,14.4375
2026-04-06 09:00:00+00:00,122,6,587.0,18.3,0.0,46.0,14.4375
2026-04-06 09:00:00+00:00,127,3,579.0,16.6,0.0,46.125,14.5
2026-04-06 09:00:00+00:00,127,6,579.0,16.8,0.0,46.125,14.5
2026-04-06 09:00:00+00:00,129,3,587.0,17.6,0.0,46.0,14.5
2026-04-06 09:00:00+00:00,129,6,588.0,17.7,0.0,46.0,14.5
2026-04-06 09:00:00+00:00,177,3,614.0,17.2,0.0,45.625,14.8125
2026-04-06 09:00:00+00:00,177,6,613.0,17.0,0.0,45.625,14.8125
2026-04-06 09:00:00+00:00,194,3,535.0,19.1,0.0,46.5,15.0625
2026-04-06 09:00:00+00:00,194,6,499.0,18.8,0.0,46.5,15.0625
2026-04-06 09:00:00+00:00,236,3,582.0,18.6,0.0,45.8125,15.1875
2026-04-06 09:00:00+00:00,236,6,584.0,18.7,0.0,45.8125,15.1875
2026-04-06 09:00:00+00:00,325,3,458.0,18.9,0.0,46.5625,15.625
2026-04-06 09:00:00+00:00,325,6,449.0,18.7,0.0,46.5625,15.625
2026-04-06 09:00:00+00:00,391,3,336.0,17.4,0.0,46.6875,16.0625
2026-04-06 09:00:00+00:00,391,6,327.0,17.1,0.0,46.6875,16.0625
2026-04-06 09:00:00+00:00,422,3,553.0,19.1,0.0,46.25,15.25
2026-04-06 09:00:00+00:00,422,6,554.0,18.9,0.0,46.25,15.25
2026-04-06 09:00:00+00:00,425,3,570.0,19.1,0.0,45.9375,15.5
2026-04-06 09:00:00+00:00,425,6,562.0,19.2,0.0,45.9375,15.5
2026-04-06 09:00:00+00:00,426,3,583.0,17.7,0.0,45.5625,13.75
2026-04-06 09:00:00+00:00,426,6,584.0,17.8,0.0,45.5625,13.75
2026-04-06 10:00:00+00:00,63,1,696.0,19.3,0.0,46.375,14.0625
2026-04-06 10:00:00+00:00,76,1,716.0,19.4,0.0,46.3125,14.1875
2026-04-06 10:00:00+00:00,106,1,706.0,19.3,0.0,46.25,14.375
2026-04-06 10:00:00+00:00,122,1,705.0,20.3,0.0,46.0,14.4375
2026-04-06 10:00:00+00:00,127,1,703.0,19.3,0.0,46.125,14.5
2026-04-06 10:00:00+00:00,129,1,704.0,20.0,0.0,46.0,14.5
2026-04-06 10:00:00+00:00,177,1,728.0,18.5,0.0,45.625,14.8125
2026-04-06 10:00:00+00:00,194,1,700.0,21.1,0.0,46.5,15.0625
2026-04-06 10:00:00+00:00,236,1,681.0,20.7,0.0,45.8125,15.1875
2026-04-06 10:00:00+00:00,325,1,655.0,19.8,0.0,46.5625,15.625
2026-04-06 10:00:00+00:00,391,1,639.0,18.8,0.0,46.6875,16.0625
2026-04-06 10:00:00+00:00,422,1,693.0,21.0,0.0,46.25,15.25
2026-04-06 10:00:00+00:00,425,1,670.0,20.7,0.0,45.9375,15.5
2026-04-06 10:00:00+00:00,426,1,697.0,18.5,0.0,45.5625,13.75
2026-04-06 11:00:00+00:00,63,2,649.0,19.8,0.0,46.375,14.0625
2026-04-06 11:00:00+00:00,76,2,762.0,20.2,0.0,46.3125,14.1875
2026-04-06 11:00:00+00:00,106,2,766.0,20.9,0.0,46.25,14.375
2026-04-06 11:00:00+00:00,122,2,768.0,21.9,0.0,46.0,14.4375
2026-04-06 11:00:00+00:00,127,2,766.0,21.0,0.0,46.125,14.5
2026-04-06 11:00:00+00:00,129,2,768.0,21.8,0.0,46.0,14.5
2026-04-06 11:00:00+00:00,177,2,785.0,19.3,0.0,45.625,14.8125
2026-04-06 11:00:00+00:00,194,2,755.0,21.9,0.0,46.5,15.0625
2026-04-06 11:00:00+00:00,236,2,760.0,21.8,0.0,45.8125,15.1875
2026-04-06 11:00:00+00:00,325,2,729.0,20.5,0.0,46.5625,15.625
2026-04-06 11:00:00+00:00,391,2,741.0,19.8,0.0,46.6875,16.0625
2026-04-06 11:00:00+00:00,422,2,762.0,22.1,0.0,46.25,15.25
2026-04-06 11:00:00+00:00,425,2,750.0,21.6,0.0,45.9375,15.5
2026-04-06 11:00:00+00:00,426,2,759.0,19.3,0.0,45.5625,13.75
2026-04-06 12:00:00+00:00,63,3,532.0,19.9,0.0,46.375,14.0625
2026-04-06 12:00:00+00:00,63,6,529.0,19.9,0.0,46.375,14.0625
2026-04-06 12:00:00+00:00,76,3,701.0,20.7,0.0,46.3125,14.1875
2026-04-06 12:00:00+00:00,76,6,664.0,20.6,0.0,46.3125,14.1875
2026-04-06 12:00:00+00:00,106,3,773.0,21.7,0.0,46.25,14.375
2026-04-06 12:00:00+00:00,106,6,776.0,21.7,0.0,46.25,14.375
2026-04-06 12:00:00+00:00,122,3,775.0,23.0,0.0,46.0,14.4375
2026-04-06 12:00:00+00:00,122,6,776.0,23.0,0.0,46.0,14.4375
2026-04-06 12:00:00+00:00,127,3,773.0,22.1,0.0,46.125,14.5
2026-04-06 12:00:00+00:00,127,6,773.0,22.1,0.0,46.125,14.5
2026-04-06 12:00:00+00:00,129,3,775.0,23.0,0.0,46.0,14.5
2026-04-06 12:00:00+00:00,129,6,775.0,23.0,0.0,46.0,14.5
2026-04-06 12:00:00+00:00,177,3,788.0,20.0,0.0,45.625,14.8125
2026-04-06 12:00:00+00:00,177,6,788.0,19.9,0.0,45.625,14.8125
2026-04-06 12:00:00+00:00,194,3,657.0,22.1,0.0,46.5,15.0625
2026-04-06 12:00:00+00:00,194,6,679.0,22.1,0.0,46.5,15.0625
2026-04-06 12:00:00+00:00,236,3,771.0,22.6,0.0,45.8125,15.1875
2026-04-06 12:00:00+00:00,236,6,772.0,22.4,0.0,45.8125,15.1875
2026-04-06 12:00:00+00:00,325,3,724.0,21.1,0.0,46.5625,15.625
2026-04-06 12:00:00+00:00,325,6,717.0,21.0,0.0,46.5625,15.625
2026-04-06 12:00:00+00:00,391,3,749.0,20.5,0.0,46.6875,16.0625
2026-04-06 12:00:00+00:00,391,6,744.0,20.6,0.0,46.6875,16.0625
2026-04-06 12:00:00+00:00,422,3,763.0,22.6,0.0,46.25,15.25
2026-04-06 12:00:00+00:00,422,6,764.0,22.4,0.0,46.25,15.25
2026-04-06 12:00:00+00:00,425,3,767.0,22.1,0.0,45.9375,15.5
2026-04-06 12:00:00+00:00,425,6,765.0,22.2,0.0,45.9375,15.5
2026-04-06 12:00:00+00:00,426,3,765.0,19.5,0.0,45.5625,13.75
2026-04-06 12:00:00+00:00,426,6,766.0,19.4,0.0,45.5625,13.75
2026-04-06 13:00:00+00:00,63,1,534.0,20.4,0.0,46.375,14.0625
2026-04-06 13:00:00+00:00,76,1,656.0,21.4,0.0,46.3125,14.1875
2026-04-06 13:00:00+00:00,106,1,713.0,22.4,0.0,46.25,14.375
2026-04-06 13:00:00+00:00,122,1,725.0,23.8,0.0,46.0,14.4375
2026-04-06 13:00:00+00:00,127,1,724.0,22.9,0.0,46.125,14.5
2026-04-06 13:00:00+00:00,129,1,725.0,24.0,0.0,46.0,14.5
2026-04-06 13:00:00+00:00,177,1,736.0,20.8,0.0,45.625,14.8125
2026-04-06 13:00:00+00:00,194,1,587.0,22.4,0.0,46.5,15.0625
2026-04-06 13:00:00+00:00,236,1,722.0,23.2,0.0,45.8125,15.1875
2026-04-06 13:00:00+00:00,325,1,592.0,21.4,0.0,46.5625,15.625
2026-04-06 13:00:00+00:00,391,1,688.0,21.3,0.0,46.6875,16.0625
2026-04-06 13:00:00+00:00,422,1,665.0,22.5,0.0,46.25,15.25
2026-04-06 13:00:00+00:00,425,1,712.0,23.0,0.0,45.9375,15.5
2026-04-06 13:00:00+00:00,426,1,715.0,19.2,0.0,45.5625,13.75
2026-04-06 14:00:00+00:00,63,2,413.0,20.1,0.0,46.375,14.0625
2026-04-06 14:00:00+00:00,76,2,528.0,21.2,0.0,46.3125,14.1875
2026-04-06 14:00:00+00:00,106,2,551.0,22.5,0.0,46.25,14.375
2026-04-06 14:00:00+00:00,122,2,603.0,23.9,0.0,46.0,14.4375
2026-04-06 14:00:00+00:00,127,2,609.0,23.2,0.0,46.125,14.5
2026-04-06 14:00:00+00:00,129,2,591.0,24.1,0.0,46.0,14.5
2026-04-06 14:00:00+00:00,177,2,591.0,20.8,0.0,45.625,14.8125
2026-04-06 14:00:00+00:00,194,2,476.0,22.2,0.0,46.5,15.0625
2026-04-06 14:00:00+00:00,236,2,616.0,23.3,0.0,45.8125,15.1875
2026-04-06 14:00:00+00:00,325,2,479.0,21.2,0.0,46.5625,15.625
2026-04-06 14:00:00+00:00,391,2,585.0,21.4,0.0,46.6875,16.0625
2026-04-06 14:00:00+00:00,422,2,462.0,22.0,0.0,46.25,15.25
2026-04-06 14:00:00+00:00,425,2,608.0,22.8,0.0,45.9375,15.5
2026-04-06 14:00:00+00:00,426,2,614.0,19.3,0.0,45.5625,13.75
2026-04-06 15:00:00+00:00,63,3,329.0,19.8,0.0,46.375,14.0625
2026-04-06 15:00:00+00:00,63,6,319.0,19.6,0.0,46.375,14.0625
2026-04-06 15:00:00+00:00,76,3,383.0,20.7,0.0,46.3125,14.1875
2026-04-06 15:00:00+00:00,76,6,402.0,20.4,0.0,46.3125,14.1875
2026-04-06 15:00:00+00:00,106,3,363.0,22.1,0.0,46.25,14.375
2026-04-06 15:00:00+00:00,106,6,386.0,21.8,0.0,46.25,14.375
2026-04-06 15:00:00+00:00,122,3,438.0,23.7,0.0,46.0,14.4375
2026-04-06 15:00:00+00:00,122,6,442.0,23.3,0.0,46.0,14.4375
2026-04-06 15:00:00+00:00,127,3,450.0,23.1,0.0,46.125,14.5
2026-04-06 15:00:00+00:00,127,6,443.0,22.7,0.0,46.125,14.5
2026-04-06 15:00:00+00:00,129,3,419.0,23.8,0.0,46.0,14.5
2026-04-06 15:00:00+00:00,129,6,435.0,23.5,0.0,46.0,14.5
2026-04-06 15:00:00+00:00,177,3,327.0,20.1,0.0,45.625,14.8125
2026-04-06 15:00:00+00:00,177,6,335.0,19.9,0.0,45.625,14.8125
2026-04-06 15:00:00+00:00,194,3,318.0,21.0,0.0,46.5,15.0625
2026-04-06 15:00:00+00:00,194,6,344.0,20.8,0.0,46.5,15.0625
2026-04-06 15:00:00+00:00,236,3,455.0,22.9,0.0,45.8125,15.1875
2026-04-06 15:00:00+00:00,236,6,454.0,22.7,0.0,45.8125,15.1875
2026-04-06 15:00:00+00:00,325,3,349.0,20.9,0.0,46.5625,15.625
2026-04-06 15:00:00+00:00,325,6,358.0,20.8,0.0,46.5625,15.625
2026-04-06 15:00:00+00:00,391,3,405.0,20.9,0.0,46.6875,16.0625
2026-04-06 15:00:00+00:00,391,6,425.0,20.7,0.0,46.6875,16.0625
2026-04-06 15:00:00+00:00,422,3,336.0,21.5,0.0,46.25,15.25
2026-04-06 15:00:00+00:00,422,6,299.0,21.4,0.0,46.25,15.25
2026-04-06 15:00:00+00:00,425,3,431.0,22.2,0.0,45.9375,15.5
2026-04-06 15:00:00+00:00,425,6,450.0,21.9,0.0,45.9375,15.5
2026-04-06 15:00:00+00:00,426,3,470.0,19.3,0.0,45.5625,13.75
2026-04-06 15:00:00+00:00,426,6,471.0,19.0,0.0,45.5625,13.75
2026-04-06 16:00:00+00:00,63,1,197.0,19.5,0.0,46.375,14.0625
2026-04-06 16:00:00+00:00,76,1,205.0,20.5,0.0,46.3125,14.1875
2026-04-06 16:00:00+00:00,106,1,205.0,22.2,0.0,46.25,14.375
2026-04-06 16:00:00+00:00,122,1,270.0,22.7,0.0,46.0,14.4375
2026-04-06 16:00:00+00:00,127,1,241.0,23.0,0.0,46.125,14.5
2026-04-06 16:00:00+00:00,129,1,267.0,23.5,0.0,46.0,14.5
2026-04-06 16:00:00+00:00,177,1,209.0,20.0,0.0,45.625,14.8125
2026-04-06 16:00:00+00:00,194,1,204.0,20.7,0.0,46.5,15.0625
2026-04-06 16:00:00+00:00,236,1,292.0,22.9,0.0,45.8125,15.1875
2026-04-06 16:00:00+00:00,325,1,220.0,20.7,0.0,46.5625,15.625
2026-04-06 16:00:00+00:00,391,1,201.0,20.5,0.0,46.6875,16.0625
2026-04-06 16:00:00+00:00,422,1,213.0,21.6,0.0,46.25,15.25
2026-04-06 16:00:00+00:00,425,1,224.0,22.1,0.0,45.9375,15.5
2026-04-06 16:00:00+00:00,426,1,300.0,18.9,0.0,45.5625,13.75
2026-04-06 17:00:00+00:00,63,2,109.0,18.3,0.0,46.375,14.0625
2026-04-06 17:00:00+00:00,76,2,99.0,19.4,0.0,46.3125,14.1875
2026-04-06 17:00:00+00:00,106,2,89.0,21.3,0.0,46.25,14.375
2026-04-06 17:00:00+00:00,122,2,106.0,20.8,0.0,46.0,14.4375
2026-04-06 17:00:00+00:00,127,2,88.0,21.3,0.0,46.125,14.5
2026-04-06 17:00:00+00:00,129,2,104.0,21.2,0.0,46.0,14.5
2026-04-06 17:00:00+00:00,177,2,89.0,18.3,0.0,45.625,14.8125
2026-04-06 17:00:00+00:00,194,2,73.0,19.2,0.0,46.5,15.0625
2026-04-06 17:00:00+00:00,236,2,115.0,21.7,0.0,45.8125,15.1875
2026-04-06 17:00:00+00:00,325,2,80.0,19.7,0.0,46.5625,15.625
2026-04-06 17:00:00+00:00,391,2,72.0,19.0,0.0,46.6875,16.0625
2026-04-06 17:00:00+00:00,422,2,99.0,20.0,0.0,46.25,15.25
2026-04-06 17:00:00+00:00,425,2,82.0,20.9,0.0,45.9375,15.5
2026-04-06 17:00:00+00:00,426,2,127.0,17.3,0.0,45.5625,13.75
2026-04-06 18:00:00+00:00,63,3,12.0,14.9,0.0,46.375,14.0625
2026-04-06 18:00:00+00:00,63,6,12.0,15.0,0.0,46.375,14.0625
2026-04-06 18:00:00+00:00,76,3,12.0,16.3,0.0,46.3125,14.1875
2026-04-06 18:00:00+00:00,76,6,12.0,15.9,0.0,46.3125,14.1875
2026-04-06 18:00:00+00:00,106,3,11.0,18.2,0.0,46.25,14.375
2026-04-06 18:00:00+00:00,106,6,11.0,16.9,0.0,46.25,14.375
2026-04-06 18:00:00+00:00,122,3,8.0,17.9,0.0,46.0,14.4375
2026-04-06 18:00:00+00:00,122,6,8.0,17.6,0.0,46.0,14.4375
2026-04-06 18:00:00+00:00,127,3,8.0,18.4,0.0,46.125,14.5
2026-04-06 18:00:00+00:00,127,6,8.0,18.0,0.0,46.125,14.5
2026-04-06 18:00:00+00:00,129,3,8.0,18.2,0.0,46.0,14.5
2026-04-06 18:00:00+00:00,129,6,8.0,18.0,0.0,46.0,14.5
2026-04-06 18:00:00+00:00,177,3,8.0,14.9,0.0,45.625,14.8125
2026-04-06 18:00:00+00:00,177,6,9.0,13.9,0.0,45.625,14.8125
2026-04-06 18:00:00+00:00,194,3,7.0,17.0,0.0,46.5,15.0625
2026-04-06 18:00:00+00:00,194,6,5.0,16.5,0.0,46.5,15.0625
2026-04-06 18:00:00+00:00,236,3,8.0,18.1,0.0,45.8125,15.1875
2026-04-06 18:00:00+00:00,236,6,8.0,17.5,0.0,45.8125,15.1875
2026-04-06 18:00:00+00:00,325,3,6.0,17.7,0.0,46.5625,15.625
2026-04-06 18:00:00+00:00,325,6,5.0,17.4,0.0,46.5625,15.625
2026-04-06 18:00:00+00:00,391,3,3.0,16.8,0.0,46.6875,16.0625
2026-04-06 18:00:00+00:00,391,6,4.0,16.4,0.0,46.6875,16.0625
2026-04-06 18:00:00+00:00,422,3,8.0,17.2,0.0,46.25,15.25
2026-04-06 18:00:00+00:00,422,6,7.0,16.9,0.0,46.25,15.25
2026-04-06 18:00:00+00:00,425,3,6.0,18.0,0.0,45.9375,15.5
2026-04-06 18:00:00+00:00,425,6,6.0,17.9,0.0,45.9375,15.5
2026-04-06 18:00:00+00:00,426,3,12.0,15.5,0.0,45.5625,13.75
2026-04-06 18:00:00+00:00,426,6,12.0,15.5,0.0,45.5625,13.75
2026-04-06 19:00:00+00:00,63,1,0.0,13.2,0.0,46.375,14.0625
2026-04-06 19:00:00+00:00,76,1,0.0,15.0,0.0,46.3125,14.1875
2026-04-06 19:00:00+00:00,106,1,0.0,14.9,0.0,46.25,14.375
2026-04-06 19:00:00+00:00,122,1,0.0,16.0,0.0,46.0,14.4375
2026-04-06 19:00:00+00:00,127,1,0.0,16.0,0.0,46.125,14.5
2026-04-06 19:00:00+00:00,129,1,0.0,16.0,0.0,46.0,14.5
2026-04-06 19:00:00+00:00,177,1,0.0,13.4,0.0,45.625,14.8125
2026-04-06 19:00:00+00:00,194,1,0.0,15.4,0.0,46.5,15.0625
2026-04-06 19:00:00+00:00,236,1,0.0,15.9,0.0,45.8125,15.1875
2026-04-06 19:00:00+00:00,325,1,0.0,16.6,0.0,46.5625,15.625
2026-04-06 19:00:00+00:00,391,1,0.0,15.8,0.0,46.6875,16.0625
2026-04-06 19:00:00+00:00,422,1,0.0,16.3,0.0,46.25,15.25
2026-04-06 19:00:00+00:00,425,1,0.0,16.7,0.0,45.9375,15.5
2026-04-06 19:00:00+00:00,426,1,0.0,14.7,0.0,45.5625,13.75
2026-04-06 20:00:00+00:00,63,2,0.0,12.1,0.0,46.375,14.0625
2026-04-06 20:00:00+00:00,76,2,0.0,14.1,0.0,46.3125,14.1875
2026-04-06 20:00:00+00:00,106,2,0.0,14.1,0.0,46.25,14.375
2026-04-06 20:00:00+00:00,122,2,0.0,13.0,0.0,46.0,14.4375
2026-04-06 20:00:00+00:00,127,2,0.0,14.2,0.0,46.125,14.5
2026-04-06 20:00:00+00:00,129,2,0.0,12.7,0.0,46.0,14.5
2026-04-06 20:00:00+00:00,177,2,0.0,11.9,0.0,45.625,14.8125
2026-04-06 20:00:00+00:00,194,2,0.0,14.1,0.0,46.5,15.0625
2026-04-06 20:00:00+00:00,236,2,0.0,14.0,0.0,45.8125,15.1875
2026-04-06 20:00:00+00:00,325,2,0.0,15.4,0.0,46.5625,15.625
2026-04-06 20:00:00+00:00,391,2,0.0,14.2,0.0,46.6875,16.0625
2026-04-06 20:00:00+00:00,422,2,0.0,15.1,0.0,46.25,15.25
2026-04-06 20:00:00+00:00,425,2,0.0,15.5,0.0,45.9375,15.5
2026-04-06 20:00:00+00:00,426,2,0.0,12.9,0.0,45.5625,13.75
2026-04-06 21:00:00+00:00,63,3,0.0,11.0,0.0,46.375,14.0625
2026-04-06 21:00:00+00:00,63,6,0.0,11.2,0.0,46.375,14.0625
2026-04-06 21:00:00+00:00,76,3,0.0,13.6,0.0,46.3125,14.1875
2026-04-06 21:00:00+00:00,76,6,0.0,13.3,0.0,46.3125,14.1875
2026-04-06 21:00:00+00:00,106,3,0.0,12.7,0.0,46.25,14.375
2026-04-06 21:00:00+00:00,106,6,0.0,12.3,0.0,46.25,14.375
2026-04-06 21:00:00+00:00,122,3,0.0,11.0,0.0,46.0,14.4375
2026-04-06 21:00:00+00:00,122,6,0.0,10.5,0.0,46.0,14.4375
2026-04-06 21:00:00+00:00,127,3,0.0,12.9,0.0,46.125,14.5
2026-04-06 21:00:00+00:00,127,6,0.0,12.4,0.0,46.125,14.5
2026-04-06 21:00:00+00:00,129,3,0.0,10.6,0.0,46.0,14.5
2026-04-06 21:00:00+00:00,129,6,0.0,10.2,0.0,46.0,14.5
2026-04-06 21:00:00+00:00,177,3,0.0,10.9,0.0,45.625,14.8125
2026-04-06 21:00:00+00:00,177,6,0.0,11.3,0.0,45.625,14.8125
2026-04-06 21:00:00+00:00,194,3,0.0,13.3,0.0,46.5,15.0625
2026-04-06 21:00:00+00:00,194,6,0.0,13.2,0.0,46.5,15.0625
2026-04-06 21:00:00+00:00,236,3,0.0,12.4,0.0,45.8125,15.1875
2026-04-06 21:00:00+00:00,236,6,0.0,12.0,0.0,45.8125,15.1875
2026-04-06 21:00:00+00:00,325,3,0.0,14.8,0.0,46.5625,15.625
2026-04-06 21:00:00+00:00,325,6,0.0,14.7,0.0,46.5625,15.625
2026-04-06 21:00:00+00:00,391,3,0.0,12.8,0.0,46.6875,16.0625
2026-04-06 21:00:00+00:00,391,6,0.0,12.5,0.0,46.6875,16.0625
2026-04-06 21:00:00+00:00,422,3,0.0,14.2,0.0,46.25,15.25
2026-04-06 21:00:00+00:00,422,6,0.0,13.8,0.0,46.25,15.25
2026-04-06 21:00:00+00:00,425,3,0.0,14.7,0.0,45.9375,15.5
2026-04-06 21:00:00+00:00,425,6,0.0,14.5,0.0,45.9375,15.5
2026-04-06 21:00:00+00:00,426,3,0.0,11.9,0.0,45.5625,13.75
2026-04-06 21:00:00+00:00,426,6,0.0,11.9,0.0,45.5625,13.75
2026-04-06 22:00:00+00:00,63,1,0.0,10.5,0.0,46.375,14.0625
2026-04-06 22:00:00+00:00,76,1,0.0,12.8,0.0,46.3125,14.1875
2026-04-06 22:00:00+00:00,106,1,0.0,12.3,0.0,46.25,14.375
2026-04-06 22:00:00+00:00,122,1,0.0,9.6,0.0,46.0,14.4375
2026-04-06 22:00:00+00:00,127,1,0.0,11.4,0.0,46.125,14.5
2026-04-06 22:00:00+00:00,129,1,0.0,8.9,0.0,46.0,14.5
2026-04-06 22:00:00+00:00,177,1,0.0,9.3,0.0,45.625,14.8125
2026-04-06 22:00:00+00:00,194,1,0.0,12.6,0.0,46.5,15.0625
2026-04-06 22:00:00+00:00,236,1,0.0,10.8,0.0,45.8125,15.1875
2026-04-06 22:00:00+00:00,325,1,0.0,13.4,0.0,46.5625,15.625
2026-04-06 22:00:00+00:00,391,1,0.0,11.4,0.0,46.6875,16.0625
2026-04-06 22:00:00+00:00,422,1,0.0,13.2,0.0,46.25,15.25
2026-04-06 22:00:00+00:00,425,1,0.0,13.8,0.0,45.9375,15.5
2026-04-06 22:00:00+00:00,426,1,0.0,11.0,0.0,45.5625,13.75
2026-04-06 23:00:00+00:00,63,2,0.0,10.3,0.0,46.375,14.0625
2026-04-06 23:00:00+00:00,76,2,0.0,12.1,0.0,46.3125,14.1875
2026-04-06 23:00:00+00:00,106,2,0.0,12.0,0.0,46.25,14.375
2026-04-06 23:00:00+00:00,122,2,0.0,8.9,0.0,46.0,14.4375
2026-04-06 23:00:00+00:00,127,2,0.0,10.4,0.0,46.125,14.5
2026-04-06 23:00:00+00:00,129,2,0.0,8.1,0.0,46.0,14.5
2026-04-06 23:00:00+00:00,177,2,0.0,9.1,0.0,45.625,14.8125
2026-04-06 23:00:00+00:00,194,2,0.0,12.2,0.0,46.5,15.0625
2026-04-06 23:00:00+00:00,236,2,0.0,10.3,0.0,45.8125,15.1875
2026-04-06 23:00:00+00:00,325,2,0.0,12.3,0.0,46.5625,15.625
2026-04-06 23:00:00+00:00,391,2,0.0,10.2,0.0,46.6875,16.0625
2026-04-06 23:00:00+00:00,422,2,0.0,12.4,0.0,46.25,15.25
2026-04-06 23:00:00+00:00,425,2,0.0,13.4,0.0,45.9375,15.5
2026-04-06 23:00:00+00:00,426,2,0.0,10.5,0.0,45.5625,13.75
2026-04-07 00:00:00+00:00,63,3,0.0,9.8,0.0,46.375,14.0625
2026-04-07 00:00:00+00:00,63,6,0.0,10.0,0.0,46.375,14.0625
2026-04-07 00:00:00+00:00,63,24,0.0,9.8,0.0,46.375,14.0625
2026-04-07 00:00:00+00:00,76,3,0.0,11.1,0.0,46.3125,14.1875
2026-04-07 00:00:00+00:00,76,6,0.0,11.3,0.0,46.3125,14.1875
2026-04-07 00:00:00+00:00,76,24,0.0,11.5,0.0,46.3125,14.1875
2026-04-07 00:00:00+00:00,106,3,0.0,11.1,0.0,46.25,14.375
2026-04-07 00:00:00+00:00,106,6,0.0,11.4,0.0,46.25,14.375
2026-04-07 00:00:00+00:00,106,24,0.0,11.4,0.0,46.25,14.375
2026-04-07 00:00:00+00:00,122,3,0.0,9.4,0.0,46.0,14.4375
2026-04-07 00:00:00+00:00,122,6,0.0,9.7,0.0,46.0,14.4375
2026-04-07 00:00:00+00:00,122,24,0.0,8.5,0.0,46.0,14.4375
2026-04-07 00:00:00+00:00,127,3,0.0,9.9,0.0,46.125,14.5
2026-04-07 00:00:00+00:00,127,6,0.0,10.4,0.0,46.125,14.5
2026-04-07 00:00:00+00:00,127,24,0.0,9.2,0.0,46.125,14.5
2026-04-07 00:00:00+00:00,129,3,0.0,9.0,0.0,46.0,14.5
2026-04-07 00:00:00+00:00,129,6,0.0,9.7,0.0,46.0,14.5
2026-04-07 00:00:00+00:00,129,24,0.0,8.1,0.0,46.0,14.5
2026-04-07 00:00:00+00:00,177,3,0.0,8.5,0.0,45.625,14.8125
2026-04-07 00:00:00+00:00,177,6,0.0,8.8,0.0,45.625,14.8125
2026-04-07 00:00:00+00:00,177,24,0.0,8.8,0.0,45.625,14.8125
2026-04-07 00:00:00+00:00,194,3,0.0,11.2,0.0,46.5,15.0625
2026-04-07 00:00:00+00:00,194,6,0.0,11.7,0.0,46.5,15.0625
2026-04-07 00:00:00+00:00,194,24,0.0,11.9,0.0,46.5,15.0625
2026-04-07 00:00:00+00:00,236,3,0.0,10.1,0.0,45.8125,15.1875
2026-04-07 00:00:00+00:00,236,6,0.0,10.1,0.0,45.8125,15.1875
2026-04-07 00:00:00+00:00,236,24,0.0,10.1,0.0,45.8125,15.1875
2026-04-07 00:00:00+00:00,325,3,0.0,11.7,0.0,46.5625,15.625
2026-04-07 00:00:00+00:00,325,6,0.0,12.0,0.0,46.5625,15.625
2026-04-07 00:00:00+00:00,325,24,0.0,12.3,0.0,46.5625,15.625
2026-04-07 00:00:00+00:00,391,3,0.0,9.7,0.0,46.6875,16.0625
2026-04-07 00:00:00+00:00,391,6,0.0,10.2,0.0,46.6875,16.0625
2026-04-07 00:00:00+00:00,391,24,0.0,10.6,0.0,46.6875,16.0625
2026-04-07 00:00:00+00:00,422,3,0.0,12.0,0.0,46.25,15.25
2026-04-07 00:00:00+00:00,422,6,0.0,12.3,0.0,46.25,15.25
2026-04-07 00:00:00+00:00,422,24,0.0,11.9,0.0,46.25,15.25
2026-04-07 00:00:00+00:00,425,3,0.0,12.9,0.0,45.9375,15.5
2026-04-07 00:00:00+00:00,425,6,0.0,12.9,0.0,45.9375,15.5
2026-04-07 00:00:00+00:00,425,24,0.0,12.6,0.0,45.9375,15.5
2026-04-07 00:00:00+00:00,426,3,0.0,10.3,0.0,45.5625,13.75
2026-04-07 00:00:00+00:00,426,6,0.0,10.8,0.0,45.5625,13.75
2026-04-07 00:00:00+00:00,426,24,0.0,11.0,0.0,45.5625,13.75
2026-04-07 03:00:00+00:00,63,6,0.0,8.1,0.0,46.375,14.0625
2026-04-07 03:00:00+00:00,63,24,0.0,8.7,0.0,46.375,14.0625
2026-04-07 03:00:00+00:00,76,6,0.0,9.3,0.0,46.3125,14.1875
2026-04-07 03:00:00+00:00,76,24,0.0,9.7,0.0,46.3125,14.1875
2026-04-07 03:00:00+00:00,106,6,0.0,10.0,0.0,46.25,14.375
2026-04-07 03:00:00+00:00,106,24,0.0,10.2,0.0,46.25,14.375
2026-04-07 03:00:00+00:00,122,6,0.0,8.4,0.0,46.0,14.4375
2026-04-07 03:00:00+00:00,122,24,0.0,8.1,0.0,46.0,14.4375
2026-04-07 03:00:00+00:00,127,6,0.0,8.9,0.0,46.125,14.5
2026-04-07 03:00:00+00:00,127,24,0.0,8.8,0.0,46.125,14.5
2026-04-07 03:00:00+00:00,129,6,0.0,8.0,0.0,46.0,14.5
2026-04-07 03:00:00+00:00,129,24,0.0,8.1,0.0,46.0,14.5
2026-04-07 03:00:00+00:00,177,6,0.0,6.9,0.0,45.625,14.8125
2026-04-07 03:00:00+00:00,177,24,0.0,6.8,0.0,45.625,14.8125
2026-04-07 03:00:00+00:00,194,6,0.0,8.1,0.0,46.5,15.0625
2026-04-07 03:00:00+00:00,194,24,0.0,9.3,0.0,46.5,15.0625
2026-04-07 03:00:00+00:00,236,6,0.0,8.6,0.0,45.8125,15.1875
2026-04-07 03:00:00+00:00,236,24,0.0,7.9,0.0,45.8125,15.1875
2026-04-07 03:00:00+00:00,325,6,0.0,9.7,0.0,46.5625,15.625
2026-04-07 03:00:00+00:00,325,24,0.0,10.2,0.0,46.5625,15.625
2026-04-07 03:00:00+00:00,391,6,0.0,7.6,0.0,46.6875,16.0625
2026-04-07 03:00:00+00:00,391,24,0.0,9.0,0.0,46.6875,16.0625
2026-04-07 03:00:00+00:00,422,6,0.0,9.3,0.0,46.25,15.25
2026-04-07 03:00:00+00:00,422,24,0.0,10.0,0.0,46.25,15.25
2026-04-07 03:00:00+00:00,425,6,0.0,9.8,0.0,45.9375,15.5
2026-04-07 03:00:00+00:00,425,24,0.0,10.0,0.0,45.9375,15.5
2026-04-07 03:00:00+00:00,426,6,0.0,9.9,0.0,45.5625,13.75
2026-04-07 03:00:00+00:00,426,24,0.0,9.8,0.0,45.5625,13.75
2026-04-07 06:00:00+00:00,63,24,101.0,7.8,0.0,46.375,14.0625
2026-04-07 06:00:00+00:00,76,24,102.0,9.5,0.0,46.3125,14.1875
2026-04-07 06:00:00+00:00,106,24,103.0,9.8,0.0,46.25,14.375
2026-04-07 06:00:00+00:00,122,24,102.0,8.8,0.0,46.0,14.4375
2026-04-07 06:00:00+00:00,127,24,102.0,8.3,0.0,46.125,14.5
2026-04-07 06:00:00+00:00,129,24,103.0,7.6,0.0,46.0,14.5
2026-04-07 06:00:00+00:00,177,24,111.0,7.8,0.0,45.625,14.8125
2026-04-07 06:00:00+00:00,194,24,90.0,10.5,0.0,46.5,15.0625
2026-04-07 06:00:00+00:00,236,24,114.0,8.6,0.0,45.8125,15.1875
2026-04-07 06:00:00+00:00,325,24,88.0,10.5,0.0,46.5625,15.625
2026-04-07 06:00:00+00:00,391,24,88.0,9.0,0.0,46.6875,16.0625
2026-04-07 06:00:00+00:00,422,24,102.0,9.5,0.0,46.25,15.25
2026-04-07 06:00:00+00:00,425,24,108.0,9.5,0.0,45.9375,15.5
2026-04-07 06:00:00+00:00,426,24,94.0,12.5,0.0,45.5625,13.75
2026-04-07 09:00:00+00:00,63,24,599.0,14.4,0.0,46.375,14.0625
2026-04-07 09:00:00+00:00,76,24,602.0,14.6,0.0,46.3125,14.1875
2026-04-07 09:00:00+00:00,106,24,596.0,15.2,0.0,46.25,14.375
2026-04-07 09:00:00+00:00,122,24,601.0,16.2,0.0,46.0,14.4375
2026-04-07 09:00:00+00:00,127,24,599.0,15.6,0.0,46.125,14.5
2026-04-07 09:00:00+00:00,129,24,602.0,16.5,0.0,46.0,14.5
2026-04-07 09:00:00+00:00,177,24,620.0,13.1,0.0,45.625,14.8125
2026-04-07 09:00:00+00:00,194,24,506.0,15.4,0.0,46.5,15.0625
2026-04-07 09:00:00+00:00,236,24,620.0,16.4,0.0,45.8125,15.1875
2026-04-07 09:00:00+00:00,325,24,558.0,14.0,0.0,46.5625,15.625
2026-04-07 09:00:00+00:00,391,24,567.0,13.9,0.0,46.6875,16.0625
2026-04-07 09:00:00+00:00,422,24,575.0,15.8,0.0,46.25,15.25
2026-04-07 09:00:00+00:00,425,24,613.0,16.5,0.0,45.9375,15.5
2026-04-07 09:00:00+00:00,426,24,587.0,20.0,0.0,45.5625,13.75
2026-04-07 12:00:00+00:00,63,24,776.0,18.2,0.0,46.375,14.0625
2026-04-07 12:00:00+00:00,76,24,780.0,18.1,0.0,46.3125,14.1875
2026-04-07 12:00:00+00:00,106,24,780.0,18.7,0.0,46.25,14.375
2026-04-07 12:00:00+00:00,122,24,780.0,19.9,0.0,46.0,14.4375
2026-04-07 12:00:00+00:00,127,24,776.0,19.2,0.0,46.125,14.5
2026-04-07 12:00:00+00:00,129,24,779.0,20.0,0.0,46.0,14.5
2026-04-07 12:00:00+00:00,177,24,752.0,16.8,0.0,45.625,14.8125
2026-04-07 12:00:00+00:00,194,24,771.0,18.8,0.0,46.5,15.0625
2026-04-07 12:00:00+00:00,236,24,779.0,19.6,0.0,45.8125,15.1875
2026-04-07 12:00:00+00:00,325,24,763.0,17.7,0.0,46.5625,15.625
2026-04-07 12:00:00+00:00,391,24,764.0,16.8,0.0,46.6875,16.0625
2026-04-07 12:00:00+00:00,422,24,777.0,19.8,0.0,46.25,15.25
2026-04-07 12:00:00+00:00,425,24,775.0,19.3,0.0,45.9375,15.5
2026-04-07 12:00:00+00:00,426,24,756.0,20.3,0.0,45.5625,13.75
2026-04-07 15:00:00+00:00,63,24,461.0,19.7,0.0,46.375,14.0625
2026-04-07 15:00:00+00:00,76,24,488.0,20.5,0.0,46.3125,14.1875
2026-04-07 15:00:00+00:00,106,24,475.0,21.2,0.0,46.25,14.375
2026-04-07 15:00:00+00:00,122,24,479.0,22.5,0.0,46.0,14.4375
2026-04-07 15:00:00+00:00,127,24,475.0,21.7,0.0,46.125,14.5
2026-04-07 15:00:00+00:00,129,24,480.0,22.5,0.0,46.0,14.5
2026-04-07 15:00:00+00:00,177,24,470.0,19.1,0.0,45.625,14.8125
2026-04-07 15:00:00+00:00,194,24,466.0,20.3,0.0,46.5,15.0625
2026-04-07 15:00:00+00:00,236,24,472.0,21.2,0.0,45.8125,15.1875
2026-04-07 15:00:00+00:00,325,24,456.0,19.9,0.0,46.5625,15.625
2026-04-07 15:00:00+00:00,391,24,448.0,19.2,0.0,46.6875,16.0625
2026-04-07 15:00:00+00:00,422,24,467.0,21.6,0.0,46.25,15.25
2026-04-07 15:00:00+00:00,425,24,463.0,21.1,0.0,45.9375,15.5
2026-04-07 15:00:00+00:00,426,24,468.0,19.3,0.0,45.5625,13.75
2026-04-07 18:00:00+00:00,63,24,13.0,14.6,0.0,46.375,14.0625
2026-04-07 18:00:00+00:00,76,24,12.0,15.5,0.0,46.3125,14.1875
2026-04-07 18:00:00+00:00,106,24,12.0,16.4,0.0,46.25,14.375
2026-04-07 18:00:00+00:00,122,24,11.0,17.1,0.0,46.0,14.4375
2026-04-07 18:00:00+00:00,127,24,11.0,17.3,0.0,46.125,14.5
2026-04-07 18:00:00+00:00,129,24,11.0,17.3,0.0,46.0,14.5
2026-04-07 18:00:00+00:00,177,24,10.0,13.6,0.0,45.625,14.8125
2026-04-07 18:00:00+00:00,194,24,9.0,15.7,0.0,46.5,15.0625
2026-04-07 18:00:00+00:00,236,24,9.0,16.0,0.0,45.8125,15.1875
2026-04-07 18:00:00+00:00,325,24,9.0,15.7,0.0,46.5625,15.625
2026-04-07 18:00:00+00:00,391,24,7.0,14.1,0.0,46.6875,16.0625
2026-04-07 18:00:00+00:00,422,24,9.0,15.5,0.0,46.25,15.25
2026-04-07 18:00:00+00:00,425,24,8.0,15.2,0.0,45.9375,15.5
2026-04-07 18:00:00+00:00,426,24,13.0,15.7,0.0,45.5625,13.75
2026-04-07 21:00:00+00:00,63,24,0.0,9.9,0.0,46.375,14.0625
2026-04-07 21:00:00+00:00,76,24,0.0,11.8,0.0,46.3125,14.1875
2026-04-07 21:00:00+00:00,106,24,0.0,11.5,0.0,46.25,14.375
2026-04-07 21:00:00+00:00,122,24,0.0,10.1,0.0,46.0,14.4375
2026-04-07 21:00:00+00:00,127,24,0.0,11.2,0.0,46.125,14.5
2026-04-07 21:00:00+00:00,129,24,0.0,9.9,0.0,46.0,14.5
2026-04-07 21:00:00+00:00,177,24,0.0,8.5,0.0,45.625,14.8125
2026-04-07 21:00:00+00:00,194,24,0.0,11.3,0.0,46.5,15.0625
2026-04-07 21:00:00+00:00,236,24,0.0,10.7,0.0,45.8125,15.1875
2026-04-07 21:00:00+00:00,325,24,0.0,12.0,0.0,46.5625,15.625
2026-04-07 21:00:00+00:00,391,24,0.0,10.2,0.0,46.6875,16.0625
2026-04-07 21:00:00+00:00,422,24,0.0,11.6,0.0,46.25,15.25
2026-04-07 21:00:00+00:00,425,24,0.0,12.0,0.0,45.9375,15.5
2026-04-07 21:00:00+00:00,426,24,0.0,12.0,0.0,45.5625,13.75
2026-04-07 01:00:00+00:00,63,1,0.0,9.7,0.0,46.375,14.0625
2026-04-07 01:00:00+00:00,76,1,0.0,10.1,0.0,46.3125,14.1875
2026-04-07 01:00:00+00:00,106,1,0.0,10.9,0.0,46.25,14.375
2026-04-07 01:00:00+00:00,122,1,0.0,9.2,0.0,46.0,14.4375
2026-04-07 01:00:00+00:00,127,1,0.0,10.1,0.0,46.125,14.5
2026-04-07 01:00:00+00:00,129,1,0.0,9.5,0.0,46.0,14.5
2026-04-07 01:00:00+00:00,177,1,0.0,7.6,0.0,45.625,14.8125
2026-04-07 01:00:00+00:00,194,1,0.0,9.9,0.0,46.5,15.0625
2026-04-07 01:00:00+00:00,236,1,0.0,9.7,0.0,45.8125,15.1875
2026-04-07 01:00:00+00:00,325,1,0.0,10.8,0.0,46.5625,15.625
2026-04-07 01:00:00+00:00,391,1,0.0,8.6,0.0,46.6875,16.0625
2026-04-07 01:00:00+00:00,422,1,0.0,10.6,0.0,46.25,15.25
2026-04-07 01:00:00+00:00,425,1,0.0,11.8,0.0,45.9375,15.5
2026-04-07 01:00:00+00:00,426,1,0.0,9.6,0.0,45.5625,13.75
2026-04-07 02:00:00+00:00,63,2,0.0,8.8,0.0,46.375,14.0625
2026-04-07 02:00:00+00:00,76,2,0.0,9.8,0.0,46.3125,14.1875
2026-04-07 02:00:00+00:00,106,2,0.0,10.5,0.0,46.25,14.375
2026-04-07 02:00:00+00:00,122,2,0.0,9.1,0.0,46.0,14.4375
2026-04-07 02:00:00+00:00,127,2,0.0,9.8,0.0,46.125,14.5
2026-04-07 02:00:00+00:00,129,2,0.0,9.4,0.0,46.0,14.5
2026-04-07 02:00:00+00:00,177,2,0.0,7.2,0.0,45.625,14.8125
2026-04-07 02:00:00+00:00,194,2,0.0,9.0,0.0,46.5,15.0625
2026-04-07 02:00:00+00:00,236,2,0.0,9.3,0.0,45.8125,15.1875
2026-04-07 02:00:00+00:00,325,2,0.0,10.1,0.0,46.5625,15.625
2026-04-07 02:00:00+00:00,391,2,0.0,7.9,0.0,46.6875,16.0625
2026-04-07 02:00:00+00:00,422,2,0.0,9.8,0.0,46.25,15.25
2026-04-07 02:00:00+00:00,425,2,0.0,10.5,0.0,45.9375,15.5
2026-04-07 02:00:00+00:00,426,2,0.0,9.6,0.0,45.5625,13.75
2026-04-07 03:00:00+00:00,63,3,0.0,8.0,0.0,46.375,14.0625
2026-04-07 03:00:00+00:00,76,3,0.0,9.2,0.0,46.3125,14.1875
2026-04-07 03:00:00+00:00,106,3,0.0,9.8,0.0,46.25,14.375
2026-04-07 03:00:00+00:00,122,3,0.0,8.5,0.0,46.0,14.4375
2026-04-07 03:00:00+00:00,127,3,0.0,8.9,0.0,46.125,14.5
2026-04-07 03:00:00+00:00,129,3,0.0,8.3,0.0,46.0,14.5
2026-04-07 03:00:00+00:00,177,3,0.0,6.7,0.0,45.625,14.8125
2026-04-07 03:00:00+00:00,194,3,0.0,8.4,0.0,46.5,15.0625
2026-04-07 03:00:00+00:00,236,3,0.0,8.6,0.0,45.8125,15.1875
2026-04-07 03:00:00+00:00,325,3,0.0,9.7,0.0,46.5625,15.625
2026-04-07 03:00:00+00:00,391,3,0.0,7.1,0.0,46.6875,16.0625
2026-04-07 03:00:00+00:00,422,3,0.0,9.0,0.0,46.25,15.25
2026-04-07 03:00:00+00:00,425,3,0.0,9.4,0.0,45.9375,15.5
2026-04-07 03:00:00+00:00,426,3,0.0,9.6,0.0,45.5625,13.75
2026-04-07 04:00:00+00:00,63,1,0.0,6.7,0.0,46.375,14.0625
2026-04-07 04:00:00+00:00,76,1,0.0,8.2,0.0,46.3125,14.1875
2026-04-07 04:00:00+00:00,106,1,0.0,8.5,0.0,46.25,14.375
2026-04-07 04:00:00+00:00,122,1,0.0,7.4,0.0,46.0,14.4375
2026-04-07 04:00:00+00:00,127,1,0.0,7.7,0.0,46.125,14.5
2026-04-07 04:00:00+00:00,129,1,0.0,6.8,0.0,46.0,14.5
2026-04-07 04:00:00+00:00,177,1,0.0,6.0,0.0,45.625,14.8125
2026-04-07 04:00:00+00:00,194,1,0.0,8.0,0.0,46.5,15.0625
2026-04-07 04:00:00+00:00,236,1,0.0,7.4,0.0,45.8125,15.1875
2026-04-07 04:00:00+00:00,325,1,0.0,8.7,0.0,46.5625,15.625
2026-04-07 04:00:00+00:00,391,1,0.0,5.5,0.0,46.6875,16.0625
2026-04-07 04:00:00+00:00,422,1,0.0,7.8,0.0,46.25,15.25
2026-04-07 04:00:00+00:00,425,1,0.0,8.3,0.0,45.9375,15.5
2026-04-07 04:00:00+00:00,426,1,0.0,9.5,0.0,45.5625,13.75
2026-04-07 05:00:00+00:00,63,2,6.0,6.2,0.0,46.375,14.0625
2026-04-07 05:00:00+00:00,76,2,6.0,7.9,0.0,46.3125,14.1875
2026-04-07 05:00:00+00:00,106,2,6.0,8.1,0.0,46.25,14.375
2026-04-07 05:00:00+00:00,122,2,6.0,6.8,0.0,46.0,14.4375
2026-04-07 05:00:00+00:00,127,2,7.0,6.5,0.0,46.125,14.5
2026-04-07 05:00:00+00:00,129,2,6.0,5.7,0.0,46.0,14.5
2026-04-07 05:00:00+00:00,177,2,7.0,5.9,0.0,45.625,14.8125
2026-04-07 05:00:00+00:00,194,2,7.0,7.9,0.0,46.5,15.0625
2026-04-07 05:00:00+00:00,236,2,8.0,6.9,0.0,45.8125,15.1875
2026-04-07 05:00:00+00:00,325,2,9.0,8.5,0.0,46.5625,15.625
2026-04-07 05:00:00+00:00,391,2,10.0,5.1,0.0,46.6875,16.0625
2026-04-07 05:00:00+00:00,422,2,8.0,7.0,0.0,46.25,15.25
2026-04-07 05:00:00+00:00,425,2,8.0,7.4,0.0,45.9375,15.5
2026-04-07 05:00:00+00:00,426,2,5.0,10.0,0.0,45.5625,13.75
2026-04-07 06:00:00+00:00,63,3,99.0,7.4,0.0,46.375,14.0625
2026-04-07 06:00:00+00:00,63,6,100.0,7.6,0.0,46.375,14.0625
2026-04-07 06:00:00+00:00,76,3,100.0,9.3,0.0,46.3125,14.1875
2026-04-07 06:00:00+00:00,76,6,101.0,9.7,0.0,46.3125,14.1875
2026-04-07 06:00:00+00:00,106,3,103.0,9.5,0.0,46.25,14.375
2026-04-07 06:00:00+00:00,106,6,105.0,9.9,0.0,46.25,14.375
2026-04-07 06:00:00+00:00,122,3,101.0,8.5,0.0,46.0,14.4375
2026-04-07 06:00:00+00:00,122,6,102.0,8.8,0.0,46.0,14.4375
2026-04-07 06:00:00+00:00,127,3,101.0,7.5,0.0,46.125,14.5
2026-04-07 06:00:00+00:00,127,6,102.0,7.8,0.0,46.125,14.5
2026-04-07 06:00:00+00:00,129,3,102.0,7.4,0.0,46.0,14.5
2026-04-07 06:00:00+00:00,129,6,103.0,7.6,0.0,46.0,14.5
2026-04-07 06:00:00+00:00,177,3,111.0,8.0,0.0,45.625,14.8125
2026-04-07 06:00:00+00:00,177,6,109.0,8.2,0.0,45.625,14.8125
2026-04-07 06:00:00+00:00,194,3,98.0,10.0,0.0,46.5,15.0625
2026-04-07 06:00:00+00:00,194,6,92.0,10.0,0.0,46.5,15.0625
2026-04-07 06:00:00+00:00,236,3,114.0,8.2,0.0,45.8125,15.1875
2026-04-07 06:00:00+00:00,236,6,115.0,8.2,0.0,45.8125,15.1875
2026-04-07 06:00:00+00:00,325,3,105.0,9.5,0.0,46.5625,15.625
2026-04-07 06:00:00+00:00,325,6,106.0,9.9,0.0,46.5625,15.625
2026-04-07 06:00:00+00:00,391,3,113.0,6.7,0.0,46.6875,16.0625
2026-04-07 06:00:00+00:00,391,6,112.0,7.5,0.0,46.6875,16.0625
2026-04-07 06:00:00+00:00,422,3,106.0,8.2,0.0,46.25,15.25
2026-04-07 06:00:00+00:00,422,6,109.0,8.5,0.0,46.25,15.25
2026-04-07 06:00:00+00:00,425,3,112.0,9.0,0.0,45.9375,15.5
2026-04-07 06:00:00+00:00,425,6,113.0,9.3,0.0,45.9375,15.5
2026-04-07 06:00:00+00:00,426,3,95.0,12.0,0.0,45.5625,13.75
2026-04-07 06:00:00+00:00,426,6,96.0,12.5,0.0,45.5625,13.75
2026-04-07 07:00:00+00:00,63,1,267.0,10.2,0.0,46.375,14.0625
2026-04-07 07:00:00+00:00,76,1,269.0,11.4,0.0,46.3125,14.1875
2026-04-07 07:00:00+00:00,106,1,272.0,12.1,0.0,46.25,14.375
2026-04-07 07:00:00+00:00,122,1,268.0,11.9,0.0,46.0,14.4375
2026-04-07 07:00:00+00:00,127,1,271.0,11.7,0.0,46.125,14.5
2026-04-07 07:00:00+00:00,129,1,268.0,11.6,0.0,46.0,14.5
2026-04-07 07:00:00+00:00,177,1,288.0,10.1,0.0,45.625,14.8125
2026-04-07 07:00:00+00:00,194,1,265.0,12.4,0.0,46.5,15.0625
2026-04-07 07:00:00+00:00,236,1,288.0,12.3,0.0,45.8125,15.1875
2026-04-07 07:00:00+00:00,325,1,271.0,11.2,0.0,46.5625,15.625
2026-04-07 07:00:00+00:00,391,1,282.0,10.3,0.0,46.6875,16.0625
2026-04-07 07:00:00+00:00,422,1,271.0,11.8,0.0,46.25,15.25
2026-04-07 07:00:00+00:00,425,1,288.0,13.2,0.0,45.9375,15.5
2026-04-07 07:00:00+00:00,426,1,263.0,16.4,0.0,45.5625,13.75
2026-04-07 08:00:00+00:00,63,2,445.0,12.1,0.0,46.375,14.0625
2026-04-07 08:00:00+00:00,76,2,443.0,12.6,0.0,46.3125,14.1875
2026-04-07 08:00:00+00:00,106,2,445.0,13.6,0.0,46.25,14.375
2026-04-07 08:00:00+00:00,122,2,446.0,14.3,0.0,46.0,14.4375
2026-04-07 08:00:00+00:00,127,2,445.0,13.7,0.0,46.125,14.5
2026-04-07 08:00:00+00:00,129,2,445.0,14.6,0.0,46.0,14.5
2026-04-07 08:00:00+00:00,177,2,463.0,11.6,0.0,45.625,14.8125
2026-04-07 08:00:00+00:00,194,2,444.0,13.8,0.0,46.5,15.0625
2026-04-07 08:00:00+00:00,236,2,461.0,14.5,0.0,45.8125,15.1875
2026-04-07 08:00:00+00:00,325,2,450.0,12.7,0.0,46.5625,15.625
2026-04-07 08:00:00+00:00,391,2,458.0,12.4,0.0,46.6875,16.0625
2026-04-07 08:00:00+00:00,422,2,451.0,14.1,0.0,46.25,15.25
2026-04-07 08:00:00+00:00,425,2,464.0,15.1,0.0,45.9375,15.5
2026-04-07 08:00:00+00:00,426,2,439.0,18.8,0.0,45.5625,13.75
2026-04-07 09:00:00+00:00,63,3,599.0,13.8,0.0,46.375,14.0625
2026-04-07 09:00:00+00:00,63,6,581.0,13.8,0.0,46.375,14.0625
2026-04-07 09:00:00+00:00,76,3,597.0,14.0,0.0,46.3125,14.1875
2026-04-07 09:00:00+00:00,76,6,579.0,14.0,0.0,46.3125,14.1875
2026-04-07 09:00:00+00:00,106,3,600.0,14.9,0.0,46.25,14.375
2026-04-07 09:00:00+00:00,106,6,571.0,14.8,0.0,46.25,14.375
2026-04-07 09:00:00+00:00,122,3,599.0,15.9,0.0,46.0,14.4375
2026-04-07 09:00:00+00:00,122,6,593.0,15.8,0.0,46.0,14.4375
2026-04-07 09:00:00+00:00,127,3,596.0,15.3,0.0,46.125,14.5
2026-04-07 09:00:00+00:00,127,6,571.0,15.1,0.0,46.125,14.5
2026-04-07 09:00:00+00:00,129,3,598.0,16.1,0.0,46.0,14.5
2026-04-07 09:00:00+00:00,129,6,591.0,16.1,0.0,46.0,14.5
2026-04-07 09:00:00+00:00,177,3,613.0,12.9,0.0,45.625,14.8125
2026-04-07 09:00:00+00:00,177,6,593.0,12.7,0.0,45.625,14.8125
2026-04-07 09:00:00+00:00,194,3,596.0,15.3,0.0,46.5,15.0625
2026-04-07 09:00:00+00:00,194,6,590.0,15.3,0.0,46.5,15.0625
2026-04-07 09:00:00+00:00,236,3,580.0,16.2,0.0,45.8125,15.1875
2026-04-07 09:00:00+00:00,236,6,559.0,15.9,0.0,45.8125,15.1875
2026-04-07 09:00:00+00:00,325,3,599.0,14.3,0.0,46.5625,15.625
2026-04-07 09:00:00+00:00,325,6,594.0,13.8,0.0,46.5625,15.625
2026-04-07 09:00:00+00:00,391,3,607.0,13.9,0.0,46.6875,16.0625
2026-04-07 09:00:00+00:00,391,6,600.0,13.5,0.0,46.6875,16.0625
2026-04-07 09:00:00+00:00,422,3,606.0,15.7,0.0,46.25,15.25
2026-04-07 09:00:00+00:00,422,6,599.0,15.4,0.0,46.25,15.25
2026-04-07 09:00:00+00:00,425,3,614.0,16.4,0.0,45.9375,15.5
2026-04-07 09:00:00+00:00,425,6,607.0,16.1,0.0,45.9375,15.5
2026-04-07 09:00:00+00:00,426,3,594.0,20.3,0.0,45.5625,13.75
2026-04-07 09:00:00+00:00,426,6,591.0,20.1,0.0,45.5625,13.75
2026-04-07 10:00:00+00:00,63,1,713.0,15.5,0.0,46.375,14.0625
2026-04-07 10:00:00+00:00,76,1,706.0,15.5,0.0,46.3125,14.1875
2026-04-07 10:00:00+00:00,106,1,710.0,16.1,0.0,46.25,14.375
2026-04-07 10:00:00+00:00,122,1,705.0,17.2,0.0,46.0,14.4375
2026-04-07 10:00:00+00:00,127,1,709.0,16.7,0.0,46.125,14.5
2026-04-07 10:00:00+00:00,129,1,703.0,17.4,0.0,46.0,14.5
2026-04-07 10:00:00+00:00,177,1,723.0,14.1,0.0,45.625,14.8125
2026-04-07 10:00:00+00:00,194,1,707.0,16.5,0.0,46.5,15.0625
2026-04-07 10:00:00+00:00,236,1,634.0,17.5,0.0,45.8125,15.1875
2026-04-07 10:00:00+00:00,325,1,706.0,15.9,0.0,46.5625,15.625
2026-04-07 10:00:00+00:00,391,1,710.0,15.2,0.0,46.6875,16.0625
2026-04-07 10:00:00+00:00,422,1,715.0,17.7,0.0,46.25,15.25
2026-04-07 10:00:00+00:00,425,1,705.0,17.6,0.0,45.9375,15.5
2026-04-07 10:00:00+00:00,426,1,689.0,21.2,0.0,45.5625,13.75
2026-04-07 11:00:00+00:00,63,2,777.0,17.1,0.0,46.375,14.0625
2026-04-07 11:00:00+00:00,76,2,773.0,17.0,0.0,46.3125,14.1875
2026-04-07 11:00:00+00:00,106,2,772.0,17.5,0.0,46.25,14.375
2026-04-07 11:00:00+00:00,122,2,750.0,18.5,0.0,46.0,14.4375
2026-04-07 11:00:00+00:00,127,2,759.0,18.0,0.0,46.125,14.5
2026-04-07 11:00:00+00:00,129,2,750.0,18.7,0.0,46.0,14.5
2026-04-07 11:00:00+00:00,177,2,776.0,15.5,0.0,45.625,14.8125
2026-04-07 11:00:00+00:00,194,2,771.0,17.8,0.0,46.5,15.0625
2026-04-07 11:00:00+00:00,236,2,752.0,18.5,0.0,45.8125,15.1875
2026-04-07 11:00:00+00:00,325,2,763.0,17.6,0.0,46.5625,15.625
2026-04-07 11:00:00+00:00,391,2,762.0,16.6,0.0,46.6875,16.0625
2026-04-07 11:00:00+00:00,422,2,775.0,19.1,0.0,46.25,15.25
2026-04-07 11:00:00+00:00,425,2,769.0,18.8,0.0,45.9375,15.5
2026-04-07 11:00:00+00:00,426,2,676.0,19.8,0.0,45.5625,13.75
2026-04-07 12:00:00+00:00,63,3,781.0,18.3,0.0,46.375,14.0625
2026-04-07 12:00:00+00:00,63,6,782.0,18.5,0.0,46.375,14.0625
2026-04-07 12:00:00+00:00,76,3,781.0,18.2,0.0,46.3125,14.1875
2026-04-07 12:00:00+00:00,76,6,782.0,18.4,0.0,46.3125,14.1875
2026-04-07 12:00:00+00:00,106,3,780.0,18.7,0.0,46.25,14.375
2026-04-07 12:00:00+00:00,106,6,781.0,18.8,0.0,46.25,14.375
2026-04-07 12:00:00+00:00,122,3,773.0,19.9,0.0,46.0,14.4375
2026-04-07 12:00:00+00:00,122,6,779.0,20.0,0.0,46.0,14.4375
2026-04-07 12:00:00+00:00,127,3,775.0,19.1,0.0,46.125,14.5
2026-04-07 12:00:00+00:00,127,6,777.0,19.3,0.0,46.125,14.5
2026-04-07 12:00:00+00:00,129,3,772.0,20.0,0.0,46.0,14.5
2026-04-07 12:00:00+00:00,129,6,778.0,20.1,0.0,46.0,14.5
2026-04-07 12:00:00+00:00,177,3,745.0,16.7,0.0,45.625,14.8125
2026-04-07 12:00:00+00:00,177,6,776.0,17.1,0.0,45.625,14.8125
2026-04-07 12:00:00+00:00,194,3,775.0,19.0,0.0,46.5,15.0625
2026-04-07 12:00:00+00:00,194,6,776.0,19.1,0.0,46.5,15.0625
2026-04-07 12:00:00+00:00,236,3,769.0,19.4,0.0,45.8125,15.1875
2026-04-07 12:00:00+00:00,236,6,777.0,19.6,0.0,45.8125,15.1875
2026-04-07 12:00:00+00:00,325,3,763.0,18.8,0.0,46.5625,15.625
2026-04-07 12:00:00+00:00,325,6,764.0,18.9,0.0,46.5625,15.625
2026-04-07 12:00:00+00:00,391,3,760.0,17.6,0.0,46.6875,16.0625
2026-04-07 12:00:00+00:00,391,6,761.0,17.7,0.0,46.6875,16.0625
2026-04-07 12:00:00+00:00,422,3,776.0,20.0,0.0,46.25,15.25
2026-04-07 12:00:00+00:00,422,6,777.0,20.1,0.0,46.25,15.25
2026-04-07 12:00:00+00:00,425,3,771.0,19.8,0.0,45.9375,15.5
2026-04-07 12:00:00+00:00,425,6,776.0,19.9,0.0,45.9375,15.5
2026-04-07 12:00:00+00:00,426,3,695.0,19.9,0.0,45.5625,13.75
2026-04-07 12:00:00+00:00,426,6,718.0,19.9,0.0,45.5625,13.75
2026-04-07 13:00:00+00:00,63,1,721.0,19.2,0.0,46.375,14.0625
2026-04-07 13:00:00+00:00,76,1,729.0,19.4,0.0,46.3125,14.1875
2026-04-07 13:00:00+00:00,106,1,729.0,19.7,0.0,46.25,14.375
2026-04-07 13:00:00+00:00,122,1,728.0,20.9,0.0,46.0,14.4375
2026-04-07 13:00:00+00:00,127,1,724.0,20.1,0.0,46.125,14.5
2026-04-07 13:00:00+00:00,129,1,726.0,21.0,0.0,46.0,14.5
2026-04-07 13:00:00+00:00,177,1,734.0,17.7,0.0,45.625,14.8125
2026-04-07 13:00:00+00:00,194,1,722.0,19.8,0.0,46.5,15.0625
2026-04-07 13:00:00+00:00,236,1,724.0,20.3,0.0,45.8125,15.1875
2026-04-07 13:00:00+00:00,325,1,698.0,19.4,0.0,46.5625,15.625
2026-04-07 13:00:00+00:00,391,1,694.0,18.3,0.0,46.6875,16.0625
2026-04-07 13:00:00+00:00,422,1,721.0,20.7,0.0,46.25,15.25
2026-04-07 13:00:00+00:00,425,1,719.0,20.6,0.0,45.9375,15.5
2026-04-07 13:00:00+00:00,426,1,709.0,20.1,0.0,45.5625,13.75
2026-04-07 14:00:00+00:00,63,2,611.0,19.6,0.0,46.375,14.0625
2026-04-07 14:00:00+00:00,76,2,627.0,20.1,0.0,46.3125,14.1875
2026-04-07 14:00:00+00:00,106,2,626.0,20.4,0.0,46.25,14.375
2026-04-07 14:00:00+00:00,122,2,625.0,21.4,0.0,46.0,14.4375
2026-04-07 14:00:00+00:00,127,2,621.0,20.7,0.0,46.125,14.5
2026-04-07 14:00:00+00:00,129,2,623.0,21.4,0.0,46.0,14.5
2026-04-07 14:00:00+00:00,177,2,635.0,18.2,0.0,45.625,14.8125
2026-04-07 14:00:00+00:00,194,2,617.0,20.2,0.0,46.5,15.0625
2026-04-07 14:00:00+00:00,236,2,620.0,20.7,0.0,45.8125,15.1875
2026-04-07 14:00:00+00:00,325,2,600.0,19.7,0.0,46.5625,15.625
2026-04-07 14:00:00+00:00,391,2,591.0,19.0,0.0,46.6875,16.0625
2026-04-07 14:00:00+00:00,422,2,614.0,21.1,0.0,46.25,15.25
2026-04-07 14:00:00+00:00,425,2,612.0,20.9,0.0,45.9375,15.5
2026-04-07 14:00:00+00:00,426,2,621.0,19.7,0.0,45.5625,13.75
2026-04-07 15:00:00+00:00,63,3,478.0,19.5,0.0,46.375,14.0625
2026-04-07 15:00:00+00:00,63,6,459.0,19.3,0.0,46.375,14.0625
2026-04-07 15:00:00+00:00,76,3,483.0,20.1,0.0,46.3125,14.1875
2026-04-07 15:00:00+00:00,76,6,487.0,20.1,0.0,46.3125,14.1875
2026-04-07 15:00:00+00:00,106,3,476.0,20.6,0.0,46.25,14.375
2026-04-07 15:00:00+00:00,106,6,475.0,20.7,0.0,46.25,14.375
2026-04-07 15:00:00+00:00,122,3,478.0,21.7,0.0,46.0,14.4375
2026-04-07 15:00:00+00:00,122,6,479.0,22.2,0.0,46.0,14.4375
2026-04-07 15:00:00+00:00,127,3,473.0,21.0,0.0,46.125,14.5
2026-04-07 15:00:00+00:00,127,6,474.0,21.1,0.0,46.125,14.5
2026-04-07 15:00:00+00:00,129,3,477.0,21.6,0.0,46.0,14.5
2026-04-07 15:00:00+00:00,129,6,478.0,22.1,0.0,46.0,14.5
2026-04-07 15:00:00+00:00,177,3,484.0,18.3,0.0,45.625,14.8125
2026-04-07 15:00:00+00:00,177,6,470.0,19.1,0.0,45.625,14.8125
2026-04-07 15:00:00+00:00,194,3,468.0,20.1,0.0,46.5,15.0625
2026-04-07 15:00:00+00:00,194,6,468.0,20.1,0.0,46.5,15.0625
2026-04-07 15:00:00+00:00,236,3,470.0,20.6,0.0,45.8125,15.1875
2026-04-07 15:00:00+00:00,236,6,470.0,20.6,0.0,45.8125,15.1875
2026-04-07 15:00:00+00:00,325,3,456.0,19.7,0.0,46.5625,15.625
2026-04-07 15:00:00+00:00,325,6,457.0,19.9,0.0,46.5625,15.625
2026-04-07 15:00:00+00:00,391,3,451.0,19.0,0.0,46.6875,16.0625
2026-04-07 15:00:00+00:00,391,6,451.0,19.4,0.0,46.6875,16.0625
2026-04-07 15:00:00+00:00,422,3,467.0,21.3,0.0,46.25,15.25
2026-04-07 15:00:00+00:00,422,6,467.0,21.7,0.0,46.25,15.25
2026-04-07 15:00:00+00:00,425,3,463.0,20.9,0.0,45.9375,15.5
2026-04-07 15:00:00+00:00,425,6,463.0,21.1,0.0,45.9375,15.5
2026-04-07 15:00:00+00:00,426,3,477.0,19.0,0.0,45.5625,13.75
2026-04-07 15:00:00+00:00,426,6,476.0,18.9,0.0,45.5625,13.75
2026-04-07 16:00:00+00:00,63,1,303.0,18.9,0.0,46.375,14.0625
2026-04-07 16:00:00+00:00,76,1,310.0,20.0,0.0,46.3125,14.1875
2026-04-07 16:00:00+00:00,106,1,303.0,21.2,0.0,46.25,14.375
2026-04-07 16:00:00+00:00,122,1,305.0,22.0,0.0,46.0,14.4375
2026-04-07 16:00:00+00:00,127,1,303.0,21.7,0.0,46.125,14.5
2026-04-07 16:00:00+00:00,129,1,304.0,22.4,0.0,46.0,14.5
2026-04-07 16:00:00+00:00,177,1,305.0,19.0,0.0,45.625,14.8125
2026-04-07 16:00:00+00:00,194,1,292.0,20.0,0.0,46.5,15.0625
2026-04-07 16:00:00+00:00,236,1,295.0,20.6,0.0,45.8125,15.1875
2026-04-07 16:00:00+00:00,325,1,284.0,19.8,0.0,46.5625,15.625
2026-04-07 16:00:00+00:00,391,1,280.0,19.0,0.0,46.6875,16.0625
2026-04-07 16:00:00+00:00,422,1,295.0,21.7,0.0,46.25,15.25
2026-04-07 16:00:00+00:00,425,1,290.0,21.0,0.0,45.9375,15.5
2026-04-07 16:00:00+00:00,426,1,306.0,18.9,0.0,45.5625,13.75
2026-04-07 17:00:00+00:00,63,2,133.0,17.4,0.0,46.375,14.0625
2026-04-07 17:00:00+00:00,76,2,132.0,18.7,0.0,46.3125,14.1875
2026-04-07 17:00:00+00:00,106,2,128.0,20.3,0.0,46.25,14.375
2026-04-07 17:00:00+00:00,122,2,128.0,19.9,0.0,46.0,14.4375
2026-04-07 17:00:00+00:00,127,2,128.0,20.5,0.0,46.125,14.5
2026-04-07 17:00:00+00:00,129,2,128.0,20.4,0.0,46.0,14.5
2026-04-07 17:00:00+00:00,177,2,127.0,17.7,0.0,45.625,14.8125
2026-04-07 17:00:00+00:00,194,2,116.0,19.0,0.0,46.5,15.0625
2026-04-07 17:00:00+00:00,236,2,120.0,19.7,0.0,45.8125,15.1875
2026-04-07 17:00:00+00:00,325,2,113.0,18.9,0.0,46.5625,15.625
2026-04-07 17:00:00+00:00,391,2,109.0,17.9,0.0,46.6875,16.0625
2026-04-07 17:00:00+00:00,422,2,120.0,20.0,0.0,46.25,15.25
2026-04-07 17:00:00+00:00,425,2,115.0,19.7,0.0,45.9375,15.5
2026-04-07 17:00:00+00:00,426,2,131.0,17.6,0.0,45.5625,13.75
2026-04-07 18:00:00+00:00,63,3,13.0,14.4,0.0,46.375,14.0625
2026-04-07 18:00:00+00:00,63,6,13.0,14.3,0.0,46.375,14.0625
2026-04-07 18:00:00+00:00,76,3,13.0,15.7,0.0,46.3125,14.1875
2026-04-07 18:00:00+00:00,76,6,13.0,15.2,0.0,46.3125,14.1875
2026-04-07 18:00:00+00:00,106,3,12.0,17.3,0.0,46.25,14.375
2026-04-07 18:00:00+00:00,106,6,13.0,16.3,0.0,46.25,14.375
2026-04-07 18:00:00+00:00,122,3,11.0,17.2,0.0,46.0,14.4375
2026-04-07 18:00:00+00:00,122,6,11.0,16.8,0.0,46.0,14.4375
2026-04-07 18:00:00+00:00,127,3,11.0,17.2,0.0,46.125,14.5
2026-04-07 18:00:00+00:00,127,6,11.0,16.8,0.0,46.125,14.5
2026-04-07 18:00:00+00:00,129,3,11.0,17.5,0.0,46.0,14.5
2026-04-07 18:00:00+00:00,129,6,11.0,17.0,0.0,46.0,14.5
2026-04-07 18:00:00+00:00,177,3,11.0,13.2,0.0,45.625,14.8125
2026-04-07 18:00:00+00:00,177,6,10.0,13.2,0.0,45.625,14.8125
2026-04-07 18:00:00+00:00,194,3,9.0,15.7,0.0,46.5,15.0625
2026-04-07 18:00:00+00:00,194,6,10.0,15.3,0.0,46.5,15.0625
2026-04-07 18:00:00+00:00,236,3,10.0,16.2,0.0,45.8125,15.1875
2026-04-07 18:00:00+00:00,236,6,9.0,15.9,0.0,45.8125,15.1875
2026-04-07 18:00:00+00:00,325,3,8.0,16.0,0.0,46.5625,15.625
2026-04-07 18:00:00+00:00,325,6,8.0,15.4,0.0,46.5625,15.625
2026-04-07 18:00:00+00:00,391,3,7.0,14.1,0.0,46.6875,16.0625
2026-04-07 18:00:00+00:00,391,6,8.0,13.6,0.0,46.6875,16.0625
2026-04-07 18:00:00+00:00,422,3,10.0,16.2,0.0,46.25,15.25
2026-04-07 18:00:00+00:00,422,6,9.0,15.9,0.0,46.25,15.25
2026-04-07 18:00:00+00:00,425,3,8.0,15.8,0.0,45.9375,15.5
2026-04-07 18:00:00+00:00,425,6,8.0,15.4,0.0,45.9375,15.5
2026-04-07 18:00:00+00:00,426,3,13.0,16.0,0.0,45.5625,13.75
2026-04-07 18:00:00+00:00,426,6,14.0,15.7,0.0,45.5625,13.75
2026-04-07 19:00:00+00:00,63,1,0.0,12.5,0.0,46.375,14.0625
2026-04-07 19:00:00+00:00,76,1,0.0,14.5,0.0,46.3125,14.1875
2026-04-07 19:00:00+00:00,106,1,0.0,16.0,0.0,46.25,14.375
2026-04-07 19:00:00+00:00,122,1,0.0,15.9,0.0,46.0,14.4375
2026-04-07 19:00:00+00:00,127,1,0.0,15.7,0.0,46.125,14.5
2026-04-07 19:00:00+00:00,129,1,0.0,16.0,0.0,46.0,14.5
2026-04-07 19:00:00+00:00,177,1,0.0,11.1,0.0,45.625,14.8125
2026-04-07 19:00:00+00:00,194,1,0.0,14.3,0.0,46.5,15.0625
2026-04-07 19:00:00+00:00,236,1,0.0,14.7,0.0,45.8125,15.1875
2026-04-07 19:00:00+00:00,325,1,0.0,15.0,0.0,46.5625,15.625
2026-04-07 19:00:00+00:00,391,1,0.0,12.7,0.0,46.6875,16.0625
2026-04-07 19:00:00+00:00,422,1,0.0,14.8,0.0,46.25,15.25
2026-04-07 19:00:00+00:00,425,1,0.0,14.5,0.0,45.9375,15.5
2026-04-07 19:00:00+00:00,426,1,0.0,14.8,0.0,45.5625,13.75
2026-04-07 20:00:00+00:00,63,2,0.0,10.9,0.0,46.375,14.0625
2026-04-07 20:00:00+00:00,76,2,0.0,13.4,0.0,46.3125,14.1875
2026-04-07 20:00:00+00:00,106,2,0.0,13.1,0.0,46.25,14.375
2026-04-07 20:00:00+00:00,122,2,0.0,14.0,0.0,46.0,14.4375
2026-04-07 20:00:00+00:00,127,2,0.0,13.5,0.0,46.125,14.5
2026-04-07 20:00:00+00:00,129,2,0.0,14.7,0.0,46.0,14.5
2026-04-07 20:00:00+00:00,177,2,0.0,9.5,0.0,45.625,14.8125
2026-04-07 20:00:00+00:00,194,2,0.0,13.2,0.0,46.5,15.0625
2026-04-07 20:00:00+00:00,236,2,0.0,13.0,0.0,45.8125,15.1875
2026-04-07 20:00:00+00:00,325,2,0.0,14.0,0.0,46.5625,15.625
2026-04-07 20:00:00+00:00,391,2,0.0,11.8,0.0,46.6875,16.0625
2026-04-07 20:00:00+00:00,422,2,0.0,13.6,0.0,46.25,15.25
2026-04-07 20:00:00+00:00,425,2,0.0,13.9,0.0,45.9375,15.5
2026-04-07 20:00:00+00:00,426,2,0.0,13.0,0.0,45.5625,13.75
2026-04-07 21:00:00+00:00,63,3,0.0,10.0,0.0,46.375,14.0625
2026-04-07 21:00:00+00:00,63,6,0.0,9.8,0.0,46.375,14.0625
2026-04-07 21:00:00+00:00,76,3,0.0,12.4,0.0,46.3125,14.1875
2026-04-07 21:00:00+00:00,76,6,0.0,12.2,0.0,46.3125,14.1875
2026-04-07 21:00:00+00:00,106,3,0.0,11.8,0.0,46.25,14.375
2026-04-07 21:00:00+00:00,106,6,0.0,11.5,0.0,46.25,14.375
2026-04-07 21:00:00+00:00,122,3,0.0,11.5,0.0,46.0,14.4375
2026-04-07 21:00:00+00:00,122,6,0.0,10.6,0.0,46.0,14.4375
2026-04-07 21:00:00+00:00,127,3,0.0,12.1,0.0,46.125,14.5
2026-04-07 21:00:00+00:00,127,6,0.0,11.7,0.0,46.125,14.5
2026-04-07 21:00:00+00:00,129,3,0.0,11.8,0.0,46.0,14.5
2026-04-07 21:00:00+00:00,129,6,0.0,10.8,0.0,46.0,14.5
2026-04-07 21:00:00+00:00,177,3,0.0,8.9,0.0,45.625,14.8125
2026-04-07 21:00:00+00:00,177,6,0.0,9.0,0.0,45.625,14.8125
2026-04-07 21:00:00+00:00,194,3,0.0,12.3,0.0,46.5,15.0625
2026-04-07 21:00:00+00:00,194,6,0.0,11.9,0.0,46.5,15.0625
2026-04-07 21:00:00+00:00,236,3,0.0,12.0,0.0,45.8125,15.1875
2026-04-07 21:00:00+00:00,236,6,0.0,11.2,0.0,45.8125,15.1875
2026-04-07 21:00:00+00:00,325,3,0.0,13.4,0.0,46.5625,15.625
2026-04-07 21:00:00+00:00,325,6,0.0,13.0,0.0,46.5625,15.625
2026-04-07 21:00:00+00:00,391,3,0.0,11.7,0.0,46.6875,16.0625
2026-04-07 21:00:00+00:00,391,6,0.0,10.5,0.0,46.6875,16.0625
2026-04-07 21:00:00+00:00,422,3,0.0,13.5,0.0,46.25,15.25
2026-04-07 21:00:00+00:00,422,6,0.0,12.0,0.0,46.25,15.25
2026-04-07 21:00:00+00:00,425,3,0.0,14.0,0.0,45.9375,15.5
2026-04-07 21:00:00+00:00,425,6,0.0,12.7,0.0,45.9375,15.5
2026-04-07 21:00:00+00:00,426,3,0.0,12.2,0.0,45.5625,13.75
2026-04-07 21:00:00+00:00,426,6,0.0,12.0,0.0,45.5625,13.75
2026-04-07 22:00:00+00:00,63,1,0.0,9.1,0.0,46.375,14.0625
2026-04-07 22:00:00+00:00,76,1,0.0,11.6,0.0,46.3125,14.1875
2026-04-07 22:00:00+00:00,106,1,0.0,11.6,0.0,46.25,14.375
2026-04-07 22:00:00+00:00,122,1,0.0,9.5,0.0,46.0,14.4375
2026-04-07 22:00:00+00:00,127,1,0.0,11.1,0.0,46.125,14.5
2026-04-07 22:00:00+00:00,129,1,0.0,9.2,0.0,46.0,14.5
2026-04-07 22:00:00+00:00,177,1,0.0,9.5,0.0,45.625,14.8125
2026-04-07 22:00:00+00:00,194,1,0.0,11.0,0.0,46.5,15.0625
2026-04-07 22:00:00+00:00,236,1,0.0,12.2,0.0,45.8125,15.1875
2026-04-07 22:00:00+00:00,325,1,0.0,11.7,0.0,46.5625,15.625
2026-04-07 22:00:00+00:00,391,1,0.0,10.5,0.0,46.6875,16.0625
2026-04-07 22:00:00+00:00,422,1,0.0,13.3,0.0,46.25,15.25
2026-04-07 22:00:00+00:00,425,1,0.0,14.1,0.0,45.9375,15.5
2026-04-07 22:00:00+00:00,426,1,0.0,11.7,0.0,45.5625,13.75
2026-04-07 23:00:00+00:00,63,2,0.0,8.3,0.0,46.375,14.0625
2026-04-07 23:00:00+00:00,76,2,0.0,10.8,0.0,46.3125,14.1875
2026-04-07 23:00:00+00:00,106,2,0.0,11.7,0.0,46.25,14.375
2026-04-07 23:00:00+00:00,122,2,0.0,9.9,0.0,46.0,14.4375
2026-04-07 23:00:00+00:00,127,2,0.0,9.9,0.0,46.125,14.5
2026-04-07 23:00:00+00:00,129,2,0.0,9.3,0.0,46.0,14.5
2026-04-07 23:00:00+00:00,177,2,0.0,9.8,0.0,45.625,14.8125
2026-04-07 23:00:00+00:00,194,2,0.0,9.6,0.0,46.5,15.0625
2026-04-07 23:00:00+00:00,236,2,0.0,13.2,0.0,45.8125,15.1875
2026-04-07 23:00:00+00:00,325,2,0.0,10.4,0.0,46.5625,15.625
2026-04-07 23:00:00+00:00,391,2,0.0,9.3,0.0,46.6875,16.0625
2026-04-07 23:00:00+00:00,422,2,0.0,11.8,0.0,46.25,15.25
2026-04-07 23:00:00+00:00,425,2,0.0,12.5,0.0,45.9375,15.5
2026-04-07 23:00:00+00:00,426,2,0.0,11.8,0.0,45.5625,13.75
2026-04-08 00:00:00+00:00,63,3,0.0,9.4,0.0,46.375,14.0625
2026-04-08 00:00:00+00:00,63,6,0.0,8.4,0.0,46.375,14.0625
2026-04-08 00:00:00+00:00,63,24,0.0,8.4,0.0,46.375,14.0625
2026-04-08 00:00:00+00:00,76,3,0.0,10.4,0.0,46.3125,14.1875
2026-04-08 00:00:00+00:00,76,6,0.0,10.0,0.0,46.3125,14.1875
2026-04-08 00:00:00+00:00,76,24,0.0,10.1,0.0,46.3125,14.1875
2026-04-08 00:00:00+00:00,106,3,0.0,9.5,0.0,46.25,14.375
2026-04-08 00:00:00+00:00,106,6,0.0,9.5,0.0,46.25,14.375
2026-04-08 00:00:00+00:00,106,24,0.0,9.2,0.0,46.25,14.375
2026-04-08 00:00:00+00:00,122,3,0.0,10.4,0.0,46.0,14.4375
2026-04-08 00:00:00+00:00,122,6,0.0,10.2,0.0,46.0,14.4375
2026-04-08 00:00:00+00:00,122,24,0.0,10.2,0.0,46.0,14.4375
2026-04-08 00:00:00+00:00,127,3,0.0,10.2,0.0,46.125,14.5
2026-04-08 00:00:00+00:00,127,6,0.0,10.4,0.0,46.125,14.5
2026-04-08 00:00:00+00:00,127,24,0.0,9.8,0.0,46.125,14.5
2026-04-08 00:00:00+00:00,129,3,0.0,11.1,0.0,46.0,14.5
2026-04-08 00:00:00+00:00,129,6,0.0,11.0,0.0,46.0,14.5
2026-04-08 00:00:00+00:00,129,24,0.0,11.0,0.0,46.0,14.5
2026-04-08 00:00:00+00:00,177,3,0.0,7.9,0.0,45.625,14.8125
2026-04-08 00:00:00+00:00,177,6,0.0,8.2,0.0,45.625,14.8125
2026-04-08 00:00:00+00:00,177,24,0.0,8.1,0.0,45.625,14.8125
2026-04-08 00:00:00+00:00,194,3,0.0,8.3,0.0,46.5,15.0625
2026-04-08 00:00:00+00:00,194,6,0.0,8.8,0.0,46.5,15.0625
2026-04-08 00:00:00+00:00,194,24,0.0,8.4,0.0,46.5,15.0625
2026-04-08 00:00:00+00:00,236,3,0.0,11.7,0.0,45.8125,15.1875
2026-04-08 00:00:00+00:00,236,6,0.0,11.7,0.0,45.8125,15.1875
2026-04-08 00:00:00+00:00,236,24,0.0,10.9,0.0,45.8125,15.1875
2026-04-08 00:00:00+00:00,325,3,0.0,9.1,0.0,46.5625,15.625
2026-04-08 00:00:00+00:00,325,6,0.0,9.0,0.0,46.5625,15.625
2026-04-08 00:00:00+00:00,325,24,0.0,8.6,0.0,46.5625,15.625
2026-04-08 00:00:00+00:00,391,3,0.0,8.7,0.0,46.6875,16.0625
2026-04-08 00:00:00+00:00,391,6,0.0,8.3,0.0,46.6875,16.0625
2026-04-08 00:00:00+00:00,391,24,0.0,8.1,0.0,46.6875,16.0625
2026-04-08 00:00:00+00:00,422,3,0.0,10.6,0.0,46.25,15.25
2026-04-08 00:00:00+00:00,422,6,0.0,10.5,0.0,46.25,15.25
2026-04-08 00:00:00+00:00,422,24,0.0,10.0,0.0,46.25,15.25
2026-04-08 00:00:00+00:00,425,3,0.0,11.1,0.0,45.9375,15.5
2026-04-08 00:00:00+00:00,425,6,0.0,11.1,0.0,45.9375,15.5
2026-04-08 00:00:00+00:00,425,24,0.0,10.4,0.0,45.9375,15.5
2026-04-08 00:00:00+00:00,426,3,0.0,11.9,0.0,45.5625,13.75
2026-04-08 00:00:00+00:00,426,6,0.0,12.1,0.0,45.5625,13.75
2026-04-08 00:00:00+00:00,426,24,0.0,11.5,0.0,45.5625,13.75
2026-04-08 03:00:00+00:00,63,6,0.0,6.0,0.0,46.375,14.0625
2026-04-08 03:00:00+00:00,63,24,0.0,5.7,0.0,46.375,14.0625
2026-04-08 03:00:00+00:00,76,6,0.0,6.8,0.0,46.3125,14.1875
2026-04-08 03:00:00+00:00,76,24,0.0,6.2,0.0,46.3125,14.1875
2026-04-08 03:00:00+00:00,106,6,0.0,6.8,0.0,46.25,14.375
2026-04-08 03:00:00+00:00,106,24,0.0,6.6,0.0,46.25,14.375
2026-04-08 03:00:00+00:00,122,6,0.0,8.0,0.0,46.0,14.4375
2026-04-08 03:00:00+00:00,122,24,0.0,8.1,0.0,46.0,14.4375
2026-04-08 03:00:00+00:00,127,6,0.0,7.4,0.0,46.125,14.5
2026-04-08 03:00:00+00:00,127,24,0.0,7.5,0.0,46.125,14.5
2026-04-08 03:00:00+00:00,129,6,0.0,8.1,0.0,46.0,14.5
2026-04-08 03:00:00+00:00,129,24,0.0,8.2,0.0,46.0,14.5
2026-04-08 03:00:00+00:00,177,6,0.0,4.9,0.0,45.625,14.8125
2026-04-08 03:00:00+00:00,177,24,0.0,4.5,0.0,45.625,14.8125
2026-04-08 03:00:00+00:00,194,6,0.0,5.5,0.0,46.5,15.0625
2026-04-08 03:00:00+00:00,194,24,0.0,4.8,0.0,46.5,15.0625
2026-04-08 03:00:00+00:00,236,6,0.0,7.9,0.0,45.8125,15.1875
2026-04-08 03:00:00+00:00,236,24,0.0,7.3,0.0,45.8125,15.1875
2026-04-08 03:00:00+00:00,325,6,0.0,6.2,0.0,46.5625,15.625
2026-04-08 03:00:00+00:00,325,24,0.0,5.8,0.0,46.5625,15.625
2026-04-08 03:00:00+00:00,391,6,0.0,5.7,0.0,46.6875,16.0625
2026-04-08 03:00:00+00:00,391,24,0.0,4.4,0.0,46.6875,16.0625
2026-04-08 03:00:00+00:00,422,6,0.0,7.5,0.0,46.25,15.25
2026-04-08 03:00:00+00:00,422,24,0.0,6.8,0.0,46.25,15.25
2026-04-08 03:00:00+00:00,425,6,0.0,7.2,0.0,45.9375,15.5
2026-04-08 03:00:00+00:00,425,24,0.0,6.3,0.0,45.9375,15.5
2026-04-08 03:00:00+00:00,426,6,0.0,13.1,0.0,45.5625,13.75
2026-04-08 03:00:00+00:00,426,24,0.0,13.1,0.0,45.5625,13.75
2026-04-08 06:00:00+00:00,63,24,107.0,4.8,0.0,46.375,14.0625
2026-04-08 06:00:00+00:00,76,24,107.0,5.6,0.0,46.3125,14.1875
2026-04-08 06:00:00+00:00,106,24,113.0,6.0,0.0,46.25,14.375
2026-04-08 06:00:00+00:00,122,24,110.0,7.5,0.0,46.0,14.4375
2026-04-08 06:00:00+00:00,127,24,112.0,6.5,0.0,46.125,14.5
2026-04-08 06:00:00+00:00,129,24,111.0,7.6,0.0,46.0,14.5
2026-04-08 06:00:00+00:00,177,24,115.0,4.3,0.0,45.625,14.8125
2026-04-08 06:00:00+00:00,194,24,116.0,6.0,0.0,46.5,15.0625
2026-04-08 06:00:00+00:00,236,24,119.0,6.7,0.0,45.8125,15.1875
2026-04-08 06:00:00+00:00,325,24,122.0,6.6,0.0,46.5625,15.625
2026-04-08 06:00:00+00:00,391,24,130.0,5.6,0.0,46.6875,16.0625
2026-04-08 06:00:00+00:00,422,24,115.0,7.1,0.0,46.25,15.25
2026-04-08 06:00:00+00:00,425,24,116.0,6.7,0.0,45.9375,15.5
2026-04-08 06:00:00+00:00,426,24,101.0,13.1,0.0,45.5625,13.75
2026-04-08 09:00:00+00:00,63,24,609.0,9.2,0.0,46.375,14.0625
2026-04-08 09:00:00+00:00,76,24,610.0,9.3,0.0,46.3125,14.1875
2026-04-08 09:00:00+00:00,106,24,616.0,10.4,0.0,46.25,14.375
2026-04-08 09:00:00+00:00,122,24,615.0,11.4,0.0,46.0,14.4375
2026-04-08 09:00:00+00:00,127,24,616.0,11.0,0.0,46.125,14.5
2026-04-08 09:00:00+00:00,129,24,615.0,11.6,0.0,46.0,14.5
2026-04-08 09:00:00+00:00,177,24,631.0,8.2,0.0,45.625,14.8125
2026-04-08 09:00:00+00:00,194,24,620.0,10.6,0.0,46.5,15.0625
2026-04-08 09:00:00+00:00,236,24,626.0,11.9,0.0,45.8125,15.1875
2026-04-08 09:00:00+00:00,325,24,624.0,10.4,0.0,46.5625,15.625
2026-04-08 09:00:00+00:00,391,24,638.0,11.5,0.0,46.6875,16.0625
2026-04-08 09:00:00+00:00,422,24,623.0,11.3,0.0,46.25,15.25
2026-04-08 09:00:00+00:00,425,24,623.0,11.5,0.0,45.9375,15.5
2026-04-08 09:00:00+00:00,426,24,551.0,16.6,0.0,45.5625,13.75
2026-04-08 12:00:00+00:00,63,24,796.0,13.3,0.0,46.375,14.0625
2026-04-08 12:00:00+00:00,76,24,792.0,13.2,0.0,46.3125,14.1875
2026-04-08 12:00:00+00:00,106,24,794.0,14.0,0.0,46.25,14.375
2026-04-08 12:00:00+00:00,122,24,791.0,14.9,0.0,46.0,14.4375
2026-04-08 12:00:00+00:00,127,24,790.0,14.5,0.0,46.125,14.5
2026-04-08 12:00:00+00:00,129,24,791.0,15.1,0.0,46.0,14.5
2026-04-08 12:00:00+00:00,177,24,808.0,11.3,0.0,45.625,14.8125
2026-04-08 12:00:00+00:00,194,24,797.0,14.4,0.0,46.5,15.0625
2026-04-08 12:00:00+00:00,236,24,802.0,15.3,0.0,45.8125,15.1875
2026-04-08 12:00:00+00:00,325,24,794.0,14.2,0.0,46.5625,15.625
2026-04-08 12:00:00+00:00,391,24,800.0,14.3,0.0,46.6875,16.0625
2026-04-08 12:00:00+00:00,422,24,796.0,15.0,0.0,46.25,15.25
2026-04-08 12:00:00+00:00,425,24,797.0,14.9,0.0,45.9375,15.5
2026-04-08 12:00:00+00:00,426,24,663.0,20.0,0.0,45.5625,13.75
2026-04-08 15:00:00+00:00,63,24,493.0,14.4,0.0,46.375,14.0625
2026-04-08 15:00:00+00:00,76,24,488.0,14.1,0.0,46.3125,14.1875
2026-04-08 15:00:00+00:00,106,24,491.0,15.2,0.0,46.25,14.375
2026-04-08 15:00:00+00:00,122,24,488.0,16.2,0.0,46.0,14.4375
2026-04-08 15:00:00+00:00,127,24,488.0,15.5,0.0,46.125,14.5
2026-04-08 15:00:00+00:00,129,24,486.0,16.4,0.0,46.0,14.5
2026-04-08 15:00:00+00:00,177,24,496.0,11.9,0.0,45.625,14.8125
2026-04-08 15:00:00+00:00,194,24,484.0,15.2,0.0,46.5,15.0625
2026-04-08 15:00:00+00:00,236,24,487.0,16.0,0.0,45.8125,15.1875
2026-04-08 15:00:00+00:00,325,24,476.0,14.8,0.0,46.5625,15.625
2026-04-08 15:00:00+00:00,391,24,475.0,15.1,0.0,46.6875,16.0625
2026-04-08 15:00:00+00:00,422,24,484.0,15.8,0.0,46.25,15.25
2026-04-08 15:00:00+00:00,425,24,481.0,15.6,0.0,45.9375,15.5
2026-04-08 15:00:00+00:00,426,24,478.0,19.4,0.0,45.5625,13.75
2026-04-08 18:00:00+00:00,63,24,15.0,9.6,0.0,46.375,14.0625
2026-04-08 18:00:00+00:00,76,24,14.0,9.6,0.0,46.3125,14.1875
2026-04-08 18:00:00+00:00,106,24,14.0,10.8,0.0,46.25,14.375
2026-04-08 18:00:00+00:00,122,24,13.0,11.8,0.0,46.0,14.4375
2026-04-08 18:00:00+00:00,127,24,13.0,11.5,0.0,46.125,14.5
2026-04-08 18:00:00+00:00,129,24,13.0,11.8,0.0,46.0,14.5
2026-04-08 18:00:00+00:00,177,24,12.0,7.1,0.0,45.625,14.8125
2026-04-08 18:00:00+00:00,194,24,11.0,10.1,0.0,46.5,15.0625
2026-04-08 18:00:00+00:00,236,24,11.0,11.0,0.0,45.8125,15.1875
2026-04-08 18:00:00+00:00,325,24,9.0,10.8,0.0,46.5625,15.625
2026-04-08 18:00:00+00:00,391,24,8.0,9.7,0.0,46.6875,16.0625
2026-04-08 18:00:00+00:00,422,24,11.0,11.3,0.0,46.25,15.25
2026-04-08 18:00:00+00:00,425,24,10.0,11.0,0.0,45.9375,15.5
2026-04-08 18:00:00+00:00,426,24,16.0,14.9,0.0,45.5625,13.75
2026-04-08 21:00:00+00:00,63,24,0.0,5.5,0.0,46.375,14.0625
2026-04-08 21:00:00+00:00,76,24,0.0,7.3,0.0,46.3125,14.1875
2026-04-08 21:00:00+00:00,106,24,0.0,7.8,0.0,46.25,14.375
2026-04-08 21:00:00+00:00,122,24,0.0,7.5,0.0,46.0,14.4375
2026-04-08 21:00:00+00:00,127,24,0.0,7.0,0.0,46.125,14.5
2026-04-08 21:00:00+00:00,129,24,0.0,6.9,0.0,46.0,14.5
2026-04-08 21:00:00+00:00,177,24,0.0,5.0,0.0,45.625,14.8125
2026-04-08 21:00:00+00:00,194,24,0.0,5.9,0.0,46.5,15.0625
2026-04-08 21:00:00+00:00,236,24,0.0,5.9,0.0,45.8125,15.1875
2026-04-08 21:00:00+00:00,325,24,0.0,7.1,0.0,46.5625,15.625
2026-04-08 21:00:00+00:00,391,24,0.0,7.0,0.0,46.6875,16.0625
2026-04-08 21:00:00+00:00,422,24,0.0,7.2,0.0,46.25,15.25
2026-04-08 21:00:00+00:00,425,24,0.0,6.8,0.0,45.9375,15.5
2026-04-08 21:00:00+00:00,426,24,0.0,10.9,0.0,45.5625,13.75
2026-04-08 01:00:00+00:00,63,1,0.0,8.6,0.0,46.375,14.0625
2026-04-08 01:00:00+00:00,76,1,0.0,9.4,0.0,46.3125,14.1875
2026-04-08 01:00:00+00:00,106,1,0.0,9.0,0.0,46.25,14.375
2026-04-08 01:00:00+00:00,122,1,0.0,10.2,0.0,46.0,14.4375
2026-04-08 01:00:00+00:00,127,1,0.0,9.7,0.0,46.125,14.5
2026-04-08 01:00:00+00:00,129,1,0.0,10.3,0.0,46.0,14.5
2026-04-08 01:00:00+00:00,177,1,0.0,7.5,0.0,45.625,14.8125
2026-04-08 01:00:00+00:00,194,1,0.0,7.4,0.0,46.5,15.0625
2026-04-08 01:00:00+00:00,236,1,0.0,10.5,0.0,45.8125,15.1875
2026-04-08 01:00:00+00:00,325,1,0.0,8.0,0.0,46.5625,15.625
2026-04-08 01:00:00+00:00,391,1,0.0,7.6,0.0,46.6875,16.0625
2026-04-08 01:00:00+00:00,422,1,0.0,9.8,0.0,46.25,15.25
2026-04-08 01:00:00+00:00,425,1,0.0,9.9,0.0,45.9375,15.5
2026-04-08 01:00:00+00:00,426,1,0.0,11.1,0.0,45.5625,13.75
2026-04-08 02:00:00+00:00,63,2,0.0,7.6,0.0,46.375,14.0625
2026-04-08 02:00:00+00:00,76,2,0.0,8.4,0.0,46.3125,14.1875
2026-04-08 02:00:00+00:00,106,2,0.0,8.1,0.0,46.25,14.375
2026-04-08 02:00:00+00:00,122,2,0.0,9.4,0.0,46.0,14.4375
2026-04-08 02:00:00+00:00,127,2,0.0,8.9,0.0,46.125,14.5
2026-04-08 02:00:00+00:00,129,2,0.0,9.5,0.0,46.0,14.5
2026-04-08 02:00:00+00:00,177,2,0.0,6.6,0.0,45.625,14.8125
2026-04-08 02:00:00+00:00,194,2,0.0,6.8,0.0,46.5,15.0625
2026-04-08 02:00:00+00:00,236,2,0.0,9.4,0.0,45.8125,15.1875
2026-04-08 02:00:00+00:00,325,2,0.0,7.1,0.0,46.5625,15.625
2026-04-08 02:00:00+00:00,391,2,0.0,6.7,0.0,46.6875,16.0625
2026-04-08 02:00:00+00:00,422,2,0.0,8.6,0.0,46.25,15.25
2026-04-08 02:00:00+00:00,425,2,0.0,8.7,0.0,45.9375,15.5
2026-04-08 02:00:00+00:00,426,2,0.0,11.2,0.0,45.5625,13.75
2026-04-08 03:00:00+00:00,63,3,0.0,6.3,0.0,46.375,14.0625
2026-04-08 03:00:00+00:00,76,3,0.0,7.2,0.0,46.3125,14.1875
2026-04-08 03:00:00+00:00,106,3,0.0,7.2,0.0,46.25,14.375
2026-04-08 03:00:00+00:00,122,3,0.0,8.5,0.0,46.0,14.4375
2026-04-08 03:00:00+00:00,127,3,0.0,8.2,0.0,46.125,14.5
2026-04-08 03:00:00+00:00,129,3,0.0,8.5,0.0,46.0,14.5
2026-04-08 03:00:00+00:00,177,3,0.0,5.4,0.0,45.625,14.8125
2026-04-08 03:00:00+00:00,194,3,0.0,5.7,0.0,46.5,15.0625
2026-04-08 03:00:00+00:00,236,3,0.0,8.4,0.0,45.8125,15.1875
2026-04-08 03:00:00+00:00,325,3,0.0,6.5,0.0,46.5625,15.625
2026-04-08 03:00:00+00:00,391,3,0.0,6.2,0.0,46.6875,16.0625
2026-04-08 03:00:00+00:00,422,3,0.0,7.7,0.0,46.25,15.25
2026-04-08 03:00:00+00:00,425,3,0.0,7.5,0.0,45.9375,15.5
2026-04-08 03:00:00+00:00,426,3,0.0,12.8,0.0,45.5625,13.75
2026-04-08 04:00:00+00:00,63,1,0.0,5.8,0.0,46.375,14.0625
2026-04-08 04:00:00+00:00,76,1,0.0,6.0,0.0,46.3125,14.1875
2026-04-08 04:00:00+00:00,106,1,0.0,6.0,0.0,46.25,14.375
2026-04-08 04:00:00+00:00,122,1,0.0,7.4,0.0,46.0,14.4375
2026-04-08 04:00:00+00:00,127,1,0.0,7.3,0.0,46.125,14.5
2026-04-08 04:00:00+00:00,129,1,0.0,7.3,0.0,46.0,14.5
2026-04-08 04:00:00+00:00,177,1,0.0,4.3,0.0,45.625,14.8125
2026-04-08 04:00:00+00:00,194,1,0.0,4.4,0.0,46.5,15.0625
2026-04-08 04:00:00+00:00,236,1,0.0,7.1,0.0,45.8125,15.1875
2026-04-08 04:00:00+00:00,325,1,0.0,5.5,0.0,46.5625,15.625
2026-04-08 04:00:00+00:00,391,1,0.0,5.7,0.0,46.6875,16.0625
2026-04-08 04:00:00+00:00,422,1,0.0,6.9,0.0,46.25,15.25
2026-04-08 04:00:00+00:00,425,1,0.0,6.6,0.0,45.9375,15.5
2026-04-08 04:00:00+00:00,426,1,0.0,13.0,0.0,45.5625,13.75
2026-04-08 05:00:00+00:00,63,2,7.0,4.6,0.0,46.375,14.0625
2026-04-08 05:00:00+00:00,76,2,7.0,5.0,0.0,46.3125,14.1875
2026-04-08 05:00:00+00:00,106,2,8.0,5.3,0.0,46.25,14.375
2026-04-08 05:00:00+00:00,122,2,7.0,6.7,0.0,46.0,14.4375
2026-04-08 05:00:00+00:00,127,2,7.0,6.3,0.0,46.125,14.5
2026-04-08 05:00:00+00:00,129,2,7.0,6.7,0.0,46.0,14.5
2026-04-08 05:00:00+00:00,177,2,9.0,3.2,0.0,45.625,14.8125
2026-04-08 05:00:00+00:00,194,2,10.0,3.9,0.0,46.5,15.0625
2026-04-08 05:00:00+00:00,236,2,10.0,6.0,0.0,45.8125,15.1875
2026-04-08 05:00:00+00:00,325,2,12.0,4.5,0.0,46.5625,15.625
2026-04-08 05:00:00+00:00,391,2,13.0,5.3,0.0,46.6875,16.0625
2026-04-08 05:00:00+00:00,422,2,9.0,6.4,0.0,46.25,15.25
2026-04-08 05:00:00+00:00,425,2,9.0,6.0,0.0,45.9375,15.5
2026-04-08 05:00:00+00:00,426,2,6.0,12.5,0.0,45.5625,13.75
2026-04-08 06:00:00+00:00,63,3,107.0,5.5,0.0,46.375,14.0625
2026-04-08 06:00:00+00:00,63,6,106.0,5.5,0.0,46.375,14.0625
2026-04-08 06:00:00+00:00,76,3,107.0,6.0,0.0,46.3125,14.1875
2026-04-08 06:00:00+00:00,76,6,107.0,6.2,0.0,46.3125,14.1875
2026-04-08 06:00:00+00:00,106,3,111.0,6.4,0.0,46.25,14.375
2026-04-08 06:00:00+00:00,106,6,111.0,6.5,0.0,46.25,14.375
2026-04-08 06:00:00+00:00,122,3,110.0,7.7,0.0,46.0,14.4375
2026-04-08 06:00:00+00:00,122,6,110.0,7.7,0.0,46.0,14.4375
2026-04-08 06:00:00+00:00,127,3,110.0,7.2,0.0,46.125,14.5
2026-04-08 06:00:00+00:00,127,6,110.0,7.1,0.0,46.125,14.5
2026-04-08 06:00:00+00:00,129,3,110.0,7.8,0.0,46.0,14.5
2026-04-08 06:00:00+00:00,129,6,110.0,7.9,0.0,46.0,14.5
2026-04-08 06:00:00+00:00,177,3,118.0,4.5,0.0,45.625,14.8125
2026-04-08 06:00:00+00:00,177,6,117.0,4.6,0.0,45.625,14.8125
2026-04-08 06:00:00+00:00,194,3,114.0,6.3,0.0,46.5,15.0625
2026-04-08 06:00:00+00:00,194,6,113.0,6.4,0.0,46.5,15.0625
2026-04-08 06:00:00+00:00,236,3,113.0,7.7,0.0,45.8125,15.1875
2026-04-08 06:00:00+00:00,236,6,112.0,7.8,0.0,45.8125,15.1875
2026-04-08 06:00:00+00:00,325,3,122.0,6.4,0.0,46.5625,15.625
2026-04-08 06:00:00+00:00,325,6,122.0,6.7,0.0,46.5625,15.625
2026-04-08 06:00:00+00:00,391,3,130.0,6.5,0.0,46.6875,16.0625
2026-04-08 06:00:00+00:00,391,6,130.0,6.3,0.0,46.6875,16.0625
2026-04-08 06:00:00+00:00,422,3,112.0,7.7,0.0,46.25,15.25
2026-04-08 06:00:00+00:00,422,6,107.0,7.9,0.0,46.25,15.25
2026-04-08 06:00:00+00:00,425,3,100.0,7.6,0.0,45.9375,15.5
2026-04-08 06:00:00+00:00,425,6,104.0,7.7,0.0,45.9375,15.5
2026-04-08 06:00:00+00:00,426,3,101.0,13.6,0.0,45.5625,13.75
2026-04-08 06:00:00+00:00,426,6,101.0,13.6,0.0,45.5625,13.75
2026-04-08 07:00:00+00:00,63,1,279.0,7.0,0.0,46.375,14.0625
2026-04-08 07:00:00+00:00,76,1,280.0,7.3,0.0,46.3125,14.1875
2026-04-08 07:00:00+00:00,106,1,287.0,8.4,0.0,46.25,14.375
2026-04-08 07:00:00+00:00,122,1,285.0,9.4,0.0,46.0,14.4375
2026-04-08 07:00:00+00:00,127,1,285.0,9.0,0.0,46.125,14.5
2026-04-08 07:00:00+00:00,129,1,284.0,9.5,0.0,46.0,14.5
2026-04-08 07:00:00+00:00,177,1,297.0,6.2,0.0,45.625,14.8125
2026-04-08 07:00:00+00:00,194,1,290.0,8.4,0.0,46.5,15.0625
2026-04-08 07:00:00+00:00,236,1,270.0,9.9,0.0,45.8125,15.1875
2026-04-08 07:00:00+00:00,325,1,298.0,8.6,0.0,46.5625,15.625
2026-04-08 07:00:00+00:00,391,1,307.0,8.8,0.0,46.6875,16.0625
2026-04-08 07:00:00+00:00,422,1,286.0,9.7,0.0,46.25,15.25
2026-04-08 07:00:00+00:00,425,1,261.0,10.0,0.0,45.9375,15.5
2026-04-08 07:00:00+00:00,426,1,271.0,14.7,0.0,45.5625,13.75
2026-04-08 08:00:00+00:00,63,2,457.0,8.4,0.0,46.375,14.0625
2026-04-08 08:00:00+00:00,76,2,457.0,8.5,0.0,46.3125,14.1875
2026-04-08 08:00:00+00:00,106,2,464.0,9.8,0.0,46.25,14.375
2026-04-08 08:00:00+00:00,122,2,463.0,10.6,0.0,46.0,14.4375
2026-04-08 08:00:00+00:00,127,2,463.0,10.4,0.0,46.125,14.5
2026-04-08 08:00:00+00:00,129,2,463.0,10.9,0.0,46.0,14.5
2026-04-08 08:00:00+00:00,177,2,477.0,7.5,0.0,45.625,14.8125
2026-04-08 08:00:00+00:00,194,2,468.0,9.8,0.0,46.5,15.0625
2026-04-08 08:00:00+00:00,236,2,448.0,11.2,0.0,45.8125,15.1875
2026-04-08 08:00:00+00:00,325,2,474.0,9.7,0.0,46.5625,15.625
2026-04-08 08:00:00+00:00,391,2,485.0,10.4,0.0,46.6875,16.0625
2026-04-08 08:00:00+00:00,422,2,472.0,11.0,0.0,46.25,15.25
2026-04-08 08:00:00+00:00,425,2,452.0,11.0,0.0,45.9375,15.5
2026-04-08 08:00:00+00:00,426,2,448.0,15.8,0.0,45.5625,13.75
2026-04-08 09:00:00+00:00,63,3,611.0,9.9,0.0,46.375,14.0625
2026-04-08 09:00:00+00:00,63,6,610.0,9.7,0.0,46.375,14.0625
2026-04-08 09:00:00+00:00,76,3,611.0,9.9,0.0,46.3125,14.1875
2026-04-08 09:00:00+00:00,76,6,610.0,9.6,0.0,46.3125,14.1875
2026-04-08 09:00:00+00:00,106,3,617.0,11.2,0.0,46.25,14.375
2026-04-08 09:00:00+00:00,106,6,617.0,10.9,0.0,46.25,14.375
2026-04-08 09:00:00+00:00,122,3,617.0,12.0,0.0,46.0,14.4375
2026-04-08 09:00:00+00:00,122,6,617.0,11.7,0.0,46.0,14.4375
2026-04-08 09:00:00+00:00,127,3,617.0,11.7,0.0,46.125,14.5
2026-04-08 09:00:00+00:00,127,6,616.0,11.4,0.0,46.125,14.5
2026-04-08 09:00:00+00:00,129,3,616.0,12.2,0.0,46.0,14.5
2026-04-08 09:00:00+00:00,129,6,616.0,11.9,0.0,46.0,14.5
2026-04-08 09:00:00+00:00,177,3,632.0,8.8,0.0,45.625,14.8125
2026-04-08 09:00:00+00:00,177,6,631.0,8.5,0.0,45.625,14.8125
2026-04-08 09:00:00+00:00,194,3,621.0,11.3,0.0,46.5,15.0625
2026-04-08 09:00:00+00:00,194,6,621.0,11.0,0.0,46.5,15.0625
2026-04-08 09:00:00+00:00,236,3,619.0,12.5,0.0,45.8125,15.1875
2026-04-08 09:00:00+00:00,236,6,619.0,12.1,0.0,45.8125,15.1875
2026-04-08 09:00:00+00:00,325,3,625.0,11.0,0.0,46.5625,15.625
2026-04-08 09:00:00+00:00,325,6,624.0,10.6,0.0,46.5625,15.625
2026-04-08 09:00:00+00:00,391,3,638.0,11.9,0.0,46.6875,16.0625
2026-04-08 09:00:00+00:00,391,6,637.0,11.5,0.0,46.6875,16.0625
2026-04-08 09:00:00+00:00,422,3,626.0,12.1,0.0,46.25,15.25
2026-04-08 09:00:00+00:00,422,6,626.0,11.7,0.0,46.25,15.25
2026-04-08 09:00:00+00:00,425,3,621.0,12.3,0.0,45.9375,15.5
2026-04-08 09:00:00+00:00,425,6,622.0,11.9,0.0,45.9375,15.5
2026-04-08 09:00:00+00:00,426,3,599.0,17.3,0.0,45.5625,13.75
2026-04-08 09:00:00+00:00,426,6,598.0,16.9,0.0,45.5625,13.75
2026-04-08 10:00:00+00:00,63,1,726.0,11.4,0.0,46.375,14.0625
2026-04-08 10:00:00+00:00,76,1,726.0,11.4,0.0,46.3125,14.1875
2026-04-08 10:00:00+00:00,106,1,731.0,12.5,0.0,46.25,14.375
2026-04-08 10:00:00+00:00,122,1,730.0,13.2,0.0,46.0,14.4375
2026-04-08 10:00:00+00:00,127,1,730.0,13.0,0.0,46.125,14.5
2026-04-08 10:00:00+00:00,129,1,728.0,13.4,0.0,46.0,14.5
2026-04-08 10:00:00+00:00,177,1,744.0,9.9,0.0,45.625,14.8125
2026-04-08 10:00:00+00:00,194,1,734.0,12.7,0.0,46.5,15.0625
2026-04-08 10:00:00+00:00,236,1,739.0,13.7,0.0,45.8125,15.1875
2026-04-08 10:00:00+00:00,325,1,735.0,12.2,0.0,46.5625,15.625
2026-04-08 10:00:00+00:00,391,1,747.0,13.0,0.0,46.6875,16.0625
2026-04-08 10:00:00+00:00,422,1,736.0,13.4,0.0,46.25,15.25
2026-04-08 10:00:00+00:00,425,1,737.0,13.4,0.0,45.9375,15.5
2026-04-08 10:00:00+00:00,426,1,705.0,18.6,0.0,45.5625,13.75
2026-04-08 11:00:00+00:00,63,2,790.0,12.6,0.0,46.375,14.0625
2026-04-08 11:00:00+00:00,76,2,787.0,12.6,0.0,46.3125,14.1875
2026-04-08 11:00:00+00:00,106,2,792.0,13.6,0.0,46.25,14.375
2026-04-08 11:00:00+00:00,122,2,789.0,14.4,0.0,46.0,14.4375
2026-04-08 11:00:00+00:00,127,2,790.0,14.1,0.0,46.125,14.5
2026-04-08 11:00:00+00:00,129,2,788.0,14.6,0.0,46.0,14.5
2026-04-08 11:00:00+00:00,177,2,804.0,10.9,0.0,45.625,14.8125
2026-04-08 11:00:00+00:00,194,2,794.0,13.8,0.0,46.5,15.0625
2026-04-08 11:00:00+00:00,236,2,800.0,14.8,0.0,45.8125,15.1875
2026-04-08 11:00:00+00:00,325,2,793.0,13.4,0.0,46.5625,15.625
2026-04-08 11:00:00+00:00,391,2,805.0,13.9,0.0,46.6875,16.0625
2026-04-08 11:00:00+00:00,422,2,796.0,14.5,0.0,46.25,15.25
2026-04-08 11:00:00+00:00,425,2,797.0,14.4,0.0,45.9375,15.5
2026-04-08 11:00:00+00:00,426,2,734.0,19.7,0.0,45.5625,13.75
2026-04-08 12:00:00+00:00,63,3,796.0,13.8,0.0,46.375,14.0625
2026-04-08 12:00:00+00:00,63,6,796.0,14.0,0.0,46.375,14.0625
2026-04-08 12:00:00+00:00,76,3,793.0,13.7,0.0,46.3125,14.1875
2026-04-08 12:00:00+00:00,76,6,793.0,13.9,0.0,46.3125,14.1875
2026-04-08 12:00:00+00:00,106,3,796.0,14.7,0.0,46.25,14.375
2026-04-08 12:00:00+00:00,106,6,797.0,14.9,0.0,46.25,14.375
2026-04-08 12:00:00+00:00,122,3,793.0,15.5,0.0,46.0,14.4375
2026-04-08 12:00:00+00:00,122,6,792.0,15.6,0.0,46.0,14.4375
2026-04-08 12:00:00+00:00,127,3,793.0,15.1,0.0,46.125,14.5
2026-04-08 12:00:00+00:00,127,6,793.0,15.3,0.0,46.125,14.5
2026-04-08 12:00:00+00:00,129,3,792.0,15.7,0.0,46.0,14.5
2026-04-08 12:00:00+00:00,129,6,792.0,15.9,0.0,46.0,14.5
2026-04-08 12:00:00+00:00,177,3,809.0,11.8,0.0,45.625,14.8125
2026-04-08 12:00:00+00:00,177,6,808.0,12.1,0.0,45.625,14.8125
2026-04-08 12:00:00+00:00,194,3,794.0,14.7,0.0,46.5,15.0625
2026-04-08 12:00:00+00:00,194,6,798.0,15.0,0.0,46.5,15.0625
2026-04-08 12:00:00+00:00,236,3,803.0,15.7,0.0,45.8125,15.1875
2026-04-08 12:00:00+00:00,236,6,802.0,16.0,0.0,45.8125,15.1875
2026-04-08 12:00:00+00:00,325,3,793.0,14.4,0.0,46.5625,15.625
2026-04-08 12:00:00+00:00,325,6,793.0,14.7,0.0,46.5625,15.625
2026-04-08 12:00:00+00:00,391,3,801.0,14.7,0.0,46.6875,16.0625
2026-04-08 12:00:00+00:00,391,6,803.0,15.0,0.0,46.6875,16.0625
2026-04-08 12:00:00+00:00,422,3,798.0,15.5,0.0,46.25,15.25
2026-04-08 12:00:00+00:00,422,6,797.0,15.6,0.0,46.25,15.25
2026-04-08 12:00:00+00:00,425,3,798.0,15.3,0.0,45.9375,15.5
2026-04-08 12:00:00+00:00,425,6,798.0,15.6,0.0,45.9375,15.5
2026-04-08 12:00:00+00:00,426,3,740.0,20.8,0.0,45.5625,13.75
2026-04-08 12:00:00+00:00,426,6,722.0,20.9,0.0,45.5625,13.75
2026-04-08 13:00:00+00:00,63,1,744.0,14.8,0.0,46.375,14.0625
2026-04-08 13:00:00+00:00,76,1,741.0,14.6,0.0,46.3125,14.1875
2026-04-08 13:00:00+00:00,106,1,745.0,15.5,0.0,46.25,14.375
2026-04-08 13:00:00+00:00,122,1,740.0,16.4,0.0,46.0,14.4375
2026-04-08 13:00:00+00:00,127,1,741.0,15.9,0.0,46.125,14.5
2026-04-08 13:00:00+00:00,129,1,739.0,16.6,0.0,46.0,14.5
2026-04-08 13:00:00+00:00,177,1,754.0,12.5,0.0,45.625,14.8125
2026-04-08 13:00:00+00:00,194,1,741.0,15.5,0.0,46.5,15.0625
2026-04-08 13:00:00+00:00,236,1,746.0,16.8,0.0,45.8125,15.1875
2026-04-08 13:00:00+00:00,325,1,735.0,15.1,0.0,46.5625,15.625
2026-04-08 13:00:00+00:00,391,1,740.0,15.1,0.0,46.6875,16.0625
2026-04-08 13:00:00+00:00,422,1,743.0,16.2,0.0,46.25,15.25
2026-04-08 13:00:00+00:00,425,1,742.0,16.1,0.0,45.9375,15.5
2026-04-08 13:00:00+00:00,426,1,709.0,21.5,0.0,45.5625,13.75
2026-04-08 14:00:00+00:00,63,2,639.0,15.1,0.0,46.375,14.0625
2026-04-08 14:00:00+00:00,76,2,636.0,14.8,0.0,46.3125,14.1875
2026-04-08 14:00:00+00:00,106,2,640.0,15.7,0.0,46.25,14.375
2026-04-08 14:00:00+00:00,122,2,635.0,16.8,0.0,46.0,14.4375
2026-04-08 14:00:00+00:00,127,2,637.0,16.2,0.0,46.125,14.5
2026-04-08 14:00:00+00:00,129,2,634.0,17.0,0.0,46.0,14.5
2026-04-08 14:00:00+00:00,177,2,646.0,12.7,0.0,45.625,14.8125
2026-04-08 14:00:00+00:00,194,2,633.0,15.7,0.0,46.5,15.0625
2026-04-08 14:00:00+00:00,236,2,638.0,16.9,0.0,45.8125,15.1875
2026-04-08 14:00:00+00:00,325,2,626.0,15.2,0.0,46.5625,15.625
2026-04-08 14:00:00+00:00,391,2,627.0,15.3,0.0,46.6875,16.0625
2026-04-08 14:00:00+00:00,422,2,632.0,16.4,0.0,46.25,15.25
2026-04-08 14:00:00+00:00,425,2,634.0,16.4,0.0,45.9375,15.5
2026-04-08 14:00:00+00:00,426,2,628.0,21.5,0.0,45.5625,13.75
2026-04-08 15:00:00+00:00,63,3,486.0,14.8,0.0,46.375,14.0625
2026-04-08 15:00:00+00:00,63,6,486.0,14.6,0.0,46.375,14.0625
2026-04-08 15:00:00+00:00,76,3,482.0,14.5,0.0,46.3125,14.1875
2026-04-08 15:00:00+00:00,76,6,482.0,14.3,0.0,46.3125,14.1875
2026-04-08 15:00:00+00:00,106,3,490.0,15.6,0.0,46.25,14.375
2026-04-08 15:00:00+00:00,106,6,492.0,15.4,0.0,46.25,14.375
2026-04-08 15:00:00+00:00,122,3,488.0,16.6,0.0,46.0,14.4375
2026-04-08 15:00:00+00:00,122,6,489.0,16.4,0.0,46.0,14.4375
2026-04-08 15:00:00+00:00,127,3,490.0,16.0,0.0,46.125,14.5
2026-04-08 15:00:00+00:00,127,6,489.0,15.8,0.0,46.125,14.5
2026-04-08 15:00:00+00:00,129,3,487.0,16.8,0.0,46.0,14.5
2026-04-08 15:00:00+00:00,129,6,488.0,16.5,0.0,46.0,14.5
2026-04-08 15:00:00+00:00,177,3,495.0,12.4,0.0,45.625,14.8125
2026-04-08 15:00:00+00:00,177,6,496.0,12.1,0.0,45.625,14.8125
2026-04-08 15:00:00+00:00,194,3,483.0,15.4,0.0,46.5,15.0625
2026-04-08 15:00:00+00:00,194,6,485.0,15.4,0.0,46.5,15.0625
2026-04-08 15:00:00+00:00,236,3,487.0,16.3,0.0,45.8125,15.1875
2026-04-08 15:00:00+00:00,236,6,487.0,16.1,0.0,45.8125,15.1875
2026-04-08 15:00:00+00:00,325,3,474.0,15.0,0.0,46.5625,15.625
2026-04-08 15:00:00+00:00,325,6,476.0,14.7,0.0,46.5625,15.625
2026-04-08 15:00:00+00:00,391,3,475.0,15.3,0.0,46.6875,16.0625
2026-04-08 15:00:00+00:00,391,6,474.0,15.1,0.0,46.6875,16.0625
2026-04-08 15:00:00+00:00,422,3,480.0,16.1,0.0,46.25,15.25
2026-04-08 15:00:00+00:00,422,6,483.0,15.9,0.0,46.25,15.25
2026-04-08 15:00:00+00:00,425,3,481.0,16.1,0.0,45.9375,15.5
2026-04-08 15:00:00+00:00,425,6,481.0,15.7,0.0,45.9375,15.5
2026-04-08 15:00:00+00:00,426,3,486.0,19.3,0.0,45.5625,13.75
2026-04-08 15:00:00+00:00,426,6,486.0,19.0,0.0,45.5625,13.75
2026-04-08 16:00:00+00:00,63,1,317.0,14.8,0.0,46.375,14.0625
2026-04-08 16:00:00+00:00,76,1,314.0,14.5,0.0,46.3125,14.1875
2026-04-08 16:00:00+00:00,106,1,314.0,15.6,0.0,46.25,14.375
2026-04-08 16:00:00+00:00,122,1,313.0,16.5,0.0,46.0,14.4375
2026-04-08 16:00:00+00:00,127,1,313.0,16.0,0.0,46.125,14.5
2026-04-08 16:00:00+00:00,129,1,311.0,16.6,0.0,46.0,14.5
2026-04-08 16:00:00+00:00,177,1,316.0,12.1,0.0,45.625,14.8125
2026-04-08 16:00:00+00:00,194,1,307.0,15.3,0.0,46.5,15.0625
2026-04-08 16:00:00+00:00,236,1,308.0,16.1,0.0,45.8125,15.1875
2026-04-08 16:00:00+00:00,325,1,298.0,14.6,0.0,46.5625,15.625
2026-04-08 16:00:00+00:00,391,1,296.0,14.9,0.0,46.6875,16.0625
2026-04-08 16:00:00+00:00,422,1,306.0,15.9,0.0,46.25,15.25
2026-04-08 16:00:00+00:00,425,1,304.0,15.8,0.0,45.9375,15.5
2026-04-08 16:00:00+00:00,426,1,316.0,18.2,0.0,45.5625,13.75
2026-04-08 17:00:00+00:00,63,2,139.0,13.4,0.0,46.375,14.0625
2026-04-08 17:00:00+00:00,76,2,136.0,13.2,0.0,46.3125,14.1875
2026-04-08 17:00:00+00:00,106,2,135.0,14.7,0.0,46.25,14.375
2026-04-08 17:00:00+00:00,122,2,134.0,15.5,0.0,46.0,14.4375
2026-04-08 17:00:00+00:00,127,2,134.0,15.0,0.0,46.125,14.5
2026-04-08 17:00:00+00:00,129,2,132.0,15.6,0.0,46.0,14.5
2026-04-08 17:00:00+00:00,177,2,134.0,10.8,0.0,45.625,14.8125
2026-04-08 17:00:00+00:00,194,2,128.0,13.9,0.0,46.5,15.0625
2026-04-08 17:00:00+00:00,236,2,128.0,15.0,0.0,45.8125,15.1875
2026-04-08 17:00:00+00:00,325,2,121.0,13.5,0.0,46.5625,15.625
2026-04-08 17:00:00+00:00,391,2,120.0,13.5,0.0,46.6875,16.0625
2026-04-08 17:00:00+00:00,422,2,127.0,14.9,0.0,46.25,15.25
2026-04-08 17:00:00+00:00,425,2,123.0,14.7,0.0,45.9375,15.5
2026-04-08 17:00:00+00:00,426,2,138.0,17.2,0.0,45.5625,13.75
2026-04-08 18:00:00+00:00,63,3,14.0,10.5,0.0,46.375,14.0625
2026-04-08 18:00:00+00:00,63,6,15.0,9.9,0.0,46.375,14.0625
2026-04-08 18:00:00+00:00,76,3,14.0,10.5,0.0,46.3125,14.1875
2026-04-08 18:00:00+00:00,76,6,14.0,9.9,0.0,46.3125,14.1875
2026-04-08 18:00:00+00:00,106,3,13.0,11.6,0.0,46.25,14.375
2026-04-08 18:00:00+00:00,106,6,14.0,11.2,0.0,46.25,14.375
2026-04-08 18:00:00+00:00,122,3,13.0,12.5,0.0,46.0,14.4375
2026-04-08 18:00:00+00:00,122,6,13.0,12.1,0.0,46.0,14.4375
2026-04-08 18:00:00+00:00,127,3,13.0,12.4,0.0,46.125,14.5
2026-04-08 18:00:00+00:00,127,6,13.0,11.8,0.0,46.125,14.5
2026-04-08 18:00:00+00:00,129,3,13.0,12.6,0.0,46.0,14.5
2026-04-08 18:00:00+00:00,129,6,13.0,12.2,0.0,46.0,14.5
2026-04-08 18:00:00+00:00,177,3,12.0,7.9,0.0,45.625,14.8125
2026-04-08 18:00:00+00:00,177,6,12.0,7.5,0.0,45.625,14.8125
2026-04-08 18:00:00+00:00,194,3,11.0,10.8,0.0,46.5,15.0625
2026-04-08 18:00:00+00:00,194,6,11.0,10.2,0.0,46.5,15.0625
2026-04-08 18:00:00+00:00,236,3,11.0,11.8,0.0,45.8125,15.1875
2026-04-08 18:00:00+00:00,236,6,11.0,11.4,0.0,45.8125,15.1875
2026-04-08 18:00:00+00:00,325,3,10.0,11.4,0.0,46.5625,15.625
2026-04-08 18:00:00+00:00,325,6,9.0,11.0,0.0,46.5625,15.625
2026-04-08 18:00:00+00:00,391,3,9.0,10.8,0.0,46.6875,16.0625
2026-04-08 18:00:00+00:00,391,6,8.0,10.3,0.0,46.6875,16.0625
2026-04-08 18:00:00+00:00,422,3,11.0,11.8,0.0,46.25,15.25
2026-04-08 18:00:00+00:00,422,6,11.0,11.5,0.0,46.25,15.25
2026-04-08 18:00:00+00:00,425,3,10.0,11.8,0.0,45.9375,15.5
2026-04-08 18:00:00+00:00,425,6,10.0,11.4,0.0,45.9375,15.5
2026-04-08 18:00:00+00:00,426,3,15.0,15.5,0.0,45.5625,13.75
2026-04-08 18:00:00+00:00,426,6,16.0,15.4,0.0,45.5625,13.75
2026-04-08 19:00:00+00:00,63,1,0.0,8.9,0.0,46.375,14.0625
2026-04-08 19:00:00+00:00,76,1,0.0,9.4,0.0,46.3125,14.1875
2026-04-08 19:00:00+00:00,106,1,0.0,10.2,0.0,46.25,14.375
2026-04-08 19:00:00+00:00,122,1,0.0,11.3,0.0,46.0,14.4375
2026-04-08 19:00:00+00:00,127,1,0.0,10.9,0.0,46.125,14.5
2026-04-08 19:00:00+00:00,129,1,0.0,11.5,0.0,46.0,14.5
2026-04-08 19:00:00+00:00,177,1,0.0,6.8,0.0,45.625,14.8125
2026-04-08 19:00:00+00:00,194,1,0.0,9.1,0.0,46.5,15.0625
2026-04-08 19:00:00+00:00,236,1,0.0,9.8,0.0,45.8125,15.1875
2026-04-08 19:00:00+00:00,325,1,0.0,10.1,0.0,46.5625,15.625
2026-04-08 19:00:00+00:00,391,1,0.0,9.1,0.0,46.6875,16.0625
2026-04-08 19:00:00+00:00,422,1,0.0,10.7,0.0,46.25,15.25
2026-04-08 19:00:00+00:00,425,1,0.0,10.4,0.0,45.9375,15.5
2026-04-08 19:00:00+00:00,426,1,0.0,14.3,0.0,45.5625,13.75
2026-04-08 20:00:00+00:00,63,2,0.0,7.5,0.0,46.375,14.0625
2026-04-08 20:00:00+00:00,76,2,0.0,8.6,0.0,46.3125,14.1875
2026-04-08 20:00:00+00:00,106,2,0.0,9.1,0.0,46.25,14.375
2026-04-08 20:00:00+00:00,122,2,0.0,10.0,0.0,46.0,14.4375
2026-04-08 20:00:00+00:00,127,2,0.0,9.6,0.0,46.125,14.5
2026-04-08 20:00:00+00:00,129,2,0.0,10.1,0.0,46.0,14.5
2026-04-08 20:00:00+00:00,177,2,0.0,6.0,0.0,45.625,14.8125
2026-04-08 20:00:00+00:00,194,2,0.0,7.6,0.0,46.5,15.0625
2026-04-08 20:00:00+00:00,236,2,0.0,8.0,0.0,45.8125,15.1875
2026-04-08 20:00:00+00:00,325,2,0.0,9.2,0.0,46.5625,15.625
2026-04-08 20:00:00+00:00,391,2,0.0,7.6,0.0,46.6875,16.0625
2026-04-08 20:00:00+00:00,422,2,0.0,9.8,0.0,46.25,15.25
2026-04-08 20:00:00+00:00,425,2,0.0,9.4,0.0,45.9375,15.5
2026-04-08 20:00:00+00:00,426,2,0.0,12.5,0.0,45.5625,13.75
2026-04-08 21:00:00+00:00,63,3,0.0,6.7,0.0,46.375,14.0625
2026-04-08 21:00:00+00:00,63,6,0.0,6.2,0.0,46.375,14.0625
2026-04-08 21:00:00+00:00,76,3,0.0,7.9,0.0,46.3125,14.1875
2026-04-08 21:00:00+00:00,76,6,0.0,7.8,0.0,46.3125,14.1875
2026-04-08 21:00:00+00:00,106,3,0.0,8.3,0.0,46.25,14.375
2026-04-08 21:00:00+00:00,106,6,0.0,8.4,0.0,46.25,14.375
2026-04-08 21:00:00+00:00,122,3,0.0,9.1,0.0,46.0,14.4375
2026-04-08 21:00:00+00:00,122,6,0.0,8.5,0.0,46.0,14.4375
2026-04-08 21:00:00+00:00,127,3,0.0,8.7,0.0,46.125,14.5
2026-04-08 21:00:00+00:00,127,6,0.0,8.1,0.0,46.125,14.5
2026-04-08 21:00:00+00:00,129,3,0.0,9.0,0.0,46.0,14.5
2026-04-08 21:00:00+00:00,129,6,0.0,8.5,0.0,46.0,14.5
2026-04-08 21:00:00+00:00,177,3,0.0,5.4,0.0,45.625,14.8125
2026-04-08 21:00:00+00:00,177,6,0.0,5.2,0.0,45.625,14.8125
2026-04-08 21:00:00+00:00,194,3,0.0,6.3,0.0,46.5,15.0625
2026-04-08 21:00:00+00:00,194,6,0.0,6.1,0.0,46.5,15.0625
2026-04-08 21:00:00+00:00,236,3,0.0,7.0,0.0,45.8125,15.1875
2026-04-08 21:00:00+00:00,236,6,0.0,6.6,0.0,45.8125,15.1875
2026-04-08 21:00:00+00:00,325,3,0.0,8.5,0.0,46.5625,15.625
2026-04-08 21:00:00+00:00,325,6,0.0,8.4,0.0,46.5625,15.625
2026-04-08 21:00:00+00:00,391,3,0.0,6.8,0.0,46.6875,16.0625
2026-04-08 21:00:00+00:00,391,6,0.0,7.1,0.0,46.6875,16.0625
2026-04-08 21:00:00+00:00,422,3,0.0,8.8,0.0,46.25,15.25
2026-04-08 21:00:00+00:00,422,6,0.0,8.3,0.0,46.25,15.25
2026-04-08 21:00:00+00:00,425,3,0.0,8.7,0.0,45.9375,15.5
2026-04-08 21:00:00+00:00,425,6,0.0,8.1,0.0,45.9375,15.5
2026-04-08 21:00:00+00:00,426,3,0.0,12.0,0.0,45.5625,13.75
2026-04-08 21:00:00+00:00,426,6,0.0,11.4,0.0,45.5625,13.75
2026-04-08 22:00:00+00:00,63,1,0.0,6.1,0.0,46.375,14.0625
2026-04-08 22:00:00+00:00,76,1,0.0,7.0,0.0,46.3125,14.1875
2026-04-08 22:00:00+00:00,106,1,0.0,7.2,0.0,46.25,14.375
2026-04-08 22:00:00+00:00,122,1,0.0,8.1,0.0,46.0,14.4375
2026-04-08 22:00:00+00:00,127,1,0.0,8.0,0.0,46.125,14.5
2026-04-08 22:00:00+00:00,129,1,0.0,8.0,0.0,46.0,14.5
2026-04-08 22:00:00+00:00,177,1,0.0,4.9,0.0,45.625,14.8125
2026-04-08 22:00:00+00:00,194,1,0.0,5.4,0.0,46.5,15.0625
2026-04-08 22:00:00+00:00,236,1,0.0,6.5,0.0,45.8125,15.1875
2026-04-08 22:00:00+00:00,325,1,0.0,7.7,0.0,46.5625,15.625
2026-04-08 22:00:00+00:00,391,1,0.0,6.0,0.0,46.6875,16.0625
2026-04-08 22:00:00+00:00,422,1,0.0,7.6,0.0,46.25,15.25
2026-04-08 22:00:00+00:00,425,1,0.0,7.6,0.0,45.9375,15.5
2026-04-08 22:00:00+00:00,426,1,0.0,12.3,0.0,45.5625,13.75
2026-04-08 23:00:00+00:00,63,2,0.0,5.3,0.0,46.375,14.0625
2026-04-08 23:00:00+00:00,76,2,0.0,6.3,0.0,46.3125,14.1875
2026-04-08 23:00:00+00:00,106,2,0.0,6.2,0.0,46.25,14.375
2026-04-08 23:00:00+00:00,122,2,0.0,7.4,0.0,46.0,14.4375
2026-04-08 23:00:00+00:00,127,2,0.0,7.2,0.0,46.125,14.5
2026-04-08 23:00:00+00:00,129,2,0.0,7.1,0.0,46.0,14.5
2026-04-08 23:00:00+00:00,177,2,0.0,3.9,0.0,45.625,14.8125
2026-04-08 23:00:00+00:00,194,2,0.0,4.4,0.0,46.5,15.0625
2026-04-08 23:00:00+00:00,236,2,0.0,5.8,0.0,45.8125,15.1875
2026-04-08 23:00:00+00:00,325,2,0.0,6.6,0.0,46.5625,15.625
2026-04-08 23:00:00+00:00,391,2,0.0,4.8,0.0,46.6875,16.0625
2026-04-08 23:00:00+00:00,422,2,0.0,7.2,0.0,46.25,15.25
2026-04-08 23:00:00+00:00,425,2,0.0,7.2,0.0,45.9375,15.5
2026-04-08 23:00:00+00:00,426,2,0.0,12.3,0.0,45.5625,13.75
2026-04-09 00:00:00+00:00,63,3,0.0,4.4,0.0,46.375,14.0625
2026-04-09 00:00:00+00:00,63,6,0.0,4.3,0.0,46.375,14.0625
2026-04-09 00:00:00+00:00,63,24,0.0,3.8,0.0,46.375,14.0625
2026-04-09 00:00:00+00:00,76,3,0.0,5.5,0.0,46.3125,14.1875
2026-04-09 00:00:00+00:00,76,6,0.0,5.5,0.0,46.3125,14.1875
2026-04-09 00:00:00+00:00,76,24,0.0,5.3,0.0,46.3125,14.1875
2026-04-09 00:00:00+00:00,106,3,0.0,5.9,0.0,46.25,14.375
2026-04-09 00:00:00+00:00,106,6,0.0,5.6,0.0,46.25,14.375
2026-04-09 00:00:00+00:00,106,24,0.0,5.8,0.0,46.25,14.375
2026-04-09 00:00:00+00:00,122,3,0.0,6.5,0.0,46.0,14.4375
2026-04-09 00:00:00+00:00,122,6,0.0,6.4,0.0,46.0,14.4375
2026-04-09 00:00:00+00:00,122,24,0.0,5.2,0.0,46.0,14.4375
2026-04-09 00:00:00+00:00,127,3,0.0,6.1,0.0,46.125,14.5
2026-04-09 00:00:00+00:00,127,6,0.0,6.1,0.0,46.125,14.5
2026-04-09 00:00:00+00:00,127,24,0.0,5.0,0.0,46.125,14.5
2026-04-09 00:00:00+00:00,129,3,0.0,6.2,0.0,46.0,14.5
2026-04-09 00:00:00+00:00,129,6,0.0,6.2,0.0,46.0,14.5
2026-04-09 00:00:00+00:00,129,24,0.0,4.7,0.0,46.0,14.5
2026-04-09 00:00:00+00:00,177,3,0.0,3.4,0.0,45.625,14.8125
2026-04-09 00:00:00+00:00,177,6,0.0,3.1,0.0,45.625,14.8125
2026-04-09 00:00:00+00:00,177,24,0.0,3.6,0.0,45.625,14.8125
2026-04-09 00:00:00+00:00,194,3,0.0,3.7,0.0,46.5,15.0625
2026-04-09 00:00:00+00:00,194,6,0.0,3.5,0.0,46.5,15.0625
2026-04-09 00:00:00+00:00,194,24,0.0,3.5,0.0,46.5,15.0625
2026-04-09 00:00:00+00:00,236,3,0.0,5.1,0.0,45.8125,15.1875
2026-04-09 00:00:00+00:00,236,6,0.0,5.1,0.0,45.8125,15.1875
2026-04-09 00:00:00+00:00,236,24,0.0,4.4,0.0,45.8125,15.1875
2026-04-09 00:00:00+00:00,325,3,0.0,4.6,0.0,46.5625,15.625
2026-04-09 00:00:00+00:00,325,6,0.0,4.9,0.0,46.5625,15.625
2026-04-09 00:00:00+00:00,325,24,0.0,5.9,0.0,46.5625,15.625
2026-04-09 00:00:00+00:00,391,3,0.0,3.4,0.0,46.6875,16.0625
2026-04-09 00:00:00+00:00,391,6,0.0,3.3,0.0,46.6875,16.0625
2026-04-09 00:00:00+00:00,391,24,0.0,4.4,0.0,46.6875,16.0625
2026-04-09 00:00:00+00:00,422,3,0.0,6.1,0.0,46.25,15.25
2026-04-09 00:00:00+00:00,422,6,0.0,6.1,0.0,46.25,15.25
2026-04-09 00:00:00+00:00,422,24,0.0,5.7,0.0,46.25,15.25
2026-04-09 00:00:00+00:00,425,3,0.0,6.2,0.0,45.9375,15.5
2026-04-09 00:00:00+00:00,425,6,0.0,5.8,0.0,45.9375,15.5
2026-04-09 00:00:00+00:00,425,24,0.0,4.2,0.0,45.9375,15.5
2026-04-09 00:00:00+00:00,426,3,0.0,11.8,0.0,45.5625,13.75
2026-04-09 00:00:00+00:00,426,6,0.0,11.8,0.0,45.5625,13.75
2026-04-09 00:00:00+00:00,426,24,0.0,11.4,0.0,45.5625,13.75
2026-04-09 03:00:00+00:00,63,6,0.0,1.7,0.0,46.375,14.0625
2026-04-09 03:00:00+00:00,63,24,0.0,1.4,0.0,46.375,14.0625
2026-04-09 03:00:00+00:00,76,6,0.0,3.5,0.0,46.3125,14.1875
2026-04-09 03:00:00+00:00,76,24,0.0,3.5,0.0,46.3125,14.1875
2026-04-09 03:00:00+00:00,106,6,0.0,4.2,0.0,46.25,14.375
2026-04-09 03:00:00+00:00,106,24,0.0,4.1,0.0,46.25,14.375
2026-04-09 03:00:00+00:00,122,6,0.0,4.1,0.0,46.0,14.4375
2026-04-09 03:00:00+00:00,122,24,0.0,3.2,0.0,46.0,14.4375
2026-04-09 03:00:00+00:00,127,6,0.0,3.4,0.0,46.125,14.5
2026-04-09 03:00:00+00:00,127,24,0.0,2.2,0.0,46.125,14.5
2026-04-09 03:00:00+00:00,129,6,0.0,3.7,0.0,46.0,14.5
2026-04-09 03:00:00+00:00,129,24,0.0,2.2,0.0,46.0,14.5
2026-04-09 03:00:00+00:00,177,6,0.0,1.8,0.0,45.625,14.8125
2026-04-09 03:00:00+00:00,177,24,0.0,1.3,0.0,45.625,14.8125
2026-04-09 03:00:00+00:00,194,6,0.0,1.8,0.0,46.5,15.0625
2026-04-09 03:00:00+00:00,194,24,0.0,1.9,0.0,46.5,15.0625
2026-04-09 03:00:00+00:00,236,6,0.0,3.7,0.0,45.8125,15.1875
2026-04-09 03:00:00+00:00,236,24,0.0,2.5,0.0,45.8125,15.1875
2026-04-09 03:00:00+00:00,325,6,0.0,1.8,0.0,46.5625,15.625
2026-04-09 03:00:00+00:00,325,24,0.0,2.0,0.0,46.5625,15.625
2026-04-09 03:00:00+00:00,391,6,0.0,0.2,0.0,46.6875,16.0625
2026-04-09 03:00:00+00:00,391,24,0.0,0.4,0.0,46.6875,16.0625
2026-04-09 03:00:00+00:00,422,6,0.0,3.4,0.0,46.25,15.25
2026-04-09 03:00:00+00:00,422,24,0.0,3.5,0.0,46.25,15.25
2026-04-09 03:00:00+00:00,425,6,0.0,3.4,0.0,45.9375,15.5
2026-04-09 03:00:00+00:00,425,24,0.0,3.1,0.0,45.9375,15.5
2026-04-09 03:00:00+00:00,426,6,0.0,10.2,0.0,45.5625,13.75
2026-04-09 03:00:00+00:00,426,24,0.0,9.6,0.0,45.5625,13.75
2026-04-09 06:00:00+00:00,63,24,113.0,2.5,0.0,46.375,14.0625
2026-04-09 06:00:00+00:00,76,24,114.0,4.4,0.0,46.3125,14.1875
2026-04-09 06:00:00+00:00,106,24,118.0,5.2,0.0,46.25,14.375
2026-04-09 06:00:00+00:00,122,24,114.0,4.3,0.0,46.0,14.4375
2026-04-09 06:00:00+00:00,127,24,116.0,3.1,0.0,46.125,14.5
2026-04-09 06:00:00+00:00,129,24,114.0,3.6,0.0,46.0,14.5
2026-04-09 06:00:00+00:00,177,24,125.0,3.1,0.0,45.625,14.8125
2026-04-09 06:00:00+00:00,194,24,127.0,4.6,0.0,46.5,15.0625
2026-04-09 06:00:00+00:00,236,24,128.0,3.8,0.0,45.8125,15.1875
2026-04-09 06:00:00+00:00,325,24,131.0,4.9,0.0,46.5625,15.625
2026-04-09 06:00:00+00:00,391,24,137.0,1.8,0.0,46.6875,16.0625
2026-04-09 06:00:00+00:00,422,24,128.0,3.9,0.0,46.25,15.25
2026-04-09 06:00:00+00:00,425,24,132.0,3.9,0.0,45.9375,15.5
2026-04-09 06:00:00+00:00,426,24,93.0,11.0,0.0,45.5625,13.75
2026-04-09 09:00:00+00:00,63,24,621.0,9.0,0.0,46.375,14.0625
2026-04-09 09:00:00+00:00,76,24,620.0,9.0,0.0,46.3125,14.1875
2026-04-09 09:00:00+00:00,106,24,626.0,9.9,0.0,46.25,14.375
2026-04-09 09:00:00+00:00,122,24,621.0,11.0,0.0,46.0,14.4375
2026-04-09 09:00:00+00:00,127,24,624.0,10.4,0.0,46.125,14.5
2026-04-09 09:00:00+00:00,129,24,624.0,11.2,0.0,46.0,14.5
2026-04-09 09:00:00+00:00,177,24,639.0,7.4,0.0,45.625,14.8125
2026-04-09 09:00:00+00:00,194,24,637.0,10.4,0.0,46.5,15.0625
2026-04-09 09:00:00+00:00,236,24,645.0,11.4,0.0,45.8125,15.1875
2026-04-09 09:00:00+00:00,325,24,634.0,10.3,0.0,46.5625,15.625
2026-04-09 09:00:00+00:00,391,24,642.0,10.6,0.0,46.6875,16.0625
2026-04-09 09:00:00+00:00,422,24,638.0,11.1,0.0,46.25,15.25
2026-04-09 09:00:00+00:00,425,24,643.0,11.1,0.0,45.9375,15.5
2026-04-09 09:00:00+00:00,426,24,452.0,15.7,0.0,45.5625,13.75
2026-04-09 12:00:00+00:00,63,24,792.0,13.0,0.0,46.375,14.0625
2026-04-09 12:00:00+00:00,76,24,790.0,12.5,0.0,46.3125,14.1875
2026-04-09 12:00:00+00:00,106,24,793.0,13.4,0.0,46.25,14.375
2026-04-09 12:00:00+00:00,122,24,775.0,14.5,0.0,46.0,14.4375
2026-04-09 12:00:00+00:00,127,24,775.0,13.8,0.0,46.125,14.5
2026-04-09 12:00:00+00:00,129,24,773.0,14.7,0.0,46.0,14.5
2026-04-09 12:00:00+00:00,177,24,746.0,10.7,0.0,45.625,14.8125
2026-04-09 12:00:00+00:00,194,24,773.0,13.4,0.0,46.5,15.0625
2026-04-09 12:00:00+00:00,236,24,791.0,14.1,0.0,45.8125,15.1875
2026-04-09 12:00:00+00:00,325,24,751.0,13.7,0.0,46.5625,15.625
2026-04-09 12:00:00+00:00,391,24,780.0,13.4,0.0,46.6875,16.0625
2026-04-09 12:00:00+00:00,422,24,783.0,14.6,0.0,46.25,15.25
2026-04-09 12:00:00+00:00,425,24,802.0,14.3,0.0,45.9375,15.5
2026-04-09 12:00:00+00:00,426,24,550.0,17.4,0.0,45.5625,13.75
2026-04-09 15:00:00+00:00,63,24,493.0,14.7,0.0,46.375,14.0625
2026-04-09 15:00:00+00:00,76,24,490.0,14.5,0.0,46.3125,14.1875
2026-04-09 15:00:00+00:00,106,24,474.0,15.1,0.0,46.25,14.375
2026-04-09 15:00:00+00:00,122,24,424.0,16.1,0.0,46.0,14.4375
2026-04-09 15:00:00+00:00,127,24,453.0,15.5,0.0,46.125,14.5
2026-04-09 15:00:00+00:00,129,24,425.0,16.2,0.0,46.0,14.5
2026-04-09 15:00:00+00:00,177,24,370.0,11.3,0.0,45.625,14.8125
2026-04-09 15:00:00+00:00,194,24,474.0,14.5,0.0,46.5,15.0625
2026-04-09 15:00:00+00:00,236,24,340.0,14.6,0.0,45.8125,15.1875
2026-04-09 15:00:00+00:00,325,24,469.0,14.5,0.0,46.5625,15.625
2026-04-09 15:00:00+00:00,391,24,383.0,13.9,0.0,46.6875,16.0625
2026-04-09 15:00:00+00:00,422,24,478.0,15.5,0.0,46.25,15.25
2026-04-09 15:00:00+00:00,425,24,418.0,15.1,0.0,45.9375,15.5
2026-04-09 15:00:00+00:00,426,24,204.0,15.6,0.0,45.5625,13.75
2026-04-09 18:00:00+00:00,63,24,16.0,9.7,0.0,46.375,14.0625
2026-04-09 18:00:00+00:00,76,24,15.0,9.4,0.0,46.3125,14.1875
2026-04-09 18:00:00+00:00,106,24,15.0,10.3,0.0,46.25,14.375
2026-04-09 18:00:00+00:00,122,24,13.0,10.9,0.0,46.0,14.4375
2026-04-09 18:00:00+00:00,127,24,13.0,10.9,0.0,46.125,14.5
2026-04-09 18:00:00+00:00,129,24,13.0,11.0,0.0,46.0,14.5
2026-04-09 18:00:00+00:00,177,24,10.0,6.6,0.0,45.625,14.8125
2026-04-09 18:00:00+00:00,194,24,13.0,9.5,0.0,46.5,15.0625
2026-04-09 18:00:00+00:00,236,24,10.0,10.3,0.0,45.8125,15.1875
2026-04-09 18:00:00+00:00,325,24,11.0,10.3,0.0,46.5625,15.625
2026-04-09 18:00:00+00:00,391,24,9.0,9.2,0.0,46.6875,16.0625
2026-04-09 18:00:00+00:00,422,24,12.0,10.6,0.0,46.25,15.25
2026-04-09 18:00:00+00:00,425,24,11.0,10.2,0.0,45.9375,15.5
2026-04-09 18:00:00+00:00,426,24,9.0,13.8,0.0,45.5625,13.75
2026-04-09 21:00:00+00:00,63,24,0.0,4.9,0.0,46.375,14.0625
2026-04-09 21:00:00+00:00,76,24,0.0,6.6,0.0,46.3125,14.1875
2026-04-09 21:00:00+00:00,106,24,0.0,7.2,0.0,46.25,14.375
2026-04-09 21:00:00+00:00,122,24,0.0,6.7,0.0,46.0,14.4375
2026-04-09 21:00:00+00:00,127,24,0.0,6.1,0.0,46.125,14.5
2026-04-09 21:00:00+00:00,129,24,0.0,6.5,0.0,46.0,14.5
2026-04-09 21:00:00+00:00,177,24,0.0,4.1,0.0,45.625,14.8125
2026-04-09 21:00:00+00:00,194,24,0.0,5.6,0.0,46.5,15.0625
2026-04-09 21:00:00+00:00,236,24,0.0,6.7,0.0,45.8125,15.1875
2026-04-09 21:00:00+00:00,325,24,0.0,7.1,0.0,46.5625,15.625
2026-04-09 21:00:00+00:00,391,24,0.0,6.5,0.0,46.6875,16.0625
2026-04-09 21:00:00+00:00,422,24,0.0,6.8,0.0,46.25,15.25
2026-04-09 21:00:00+00:00,425,24,0.0,5.9,0.0,45.9375,15.5
2026-04-09 21:00:00+00:00,426,24,0.0,8.8,0.0,45.5625,13.75
2026-04-09 01:00:00+00:00,63,1,0.0,3.7,0.0,46.375,14.0625
2026-04-09 01:00:00+00:00,76,1,0.0,4.8,0.0,46.3125,14.1875
2026-04-09 01:00:00+00:00,106,1,0.0,5.3,0.0,46.25,14.375
2026-04-09 01:00:00+00:00,122,1,0.0,5.9,0.0,46.0,14.4375
2026-04-09 01:00:00+00:00,127,1,0.0,5.7,0.0,46.125,14.5
2026-04-09 01:00:00+00:00,129,1,0.0,5.8,0.0,46.0,14.5
2026-04-09 01:00:00+00:00,177,1,0.0,3.1,0.0,45.625,14.8125
2026-04-09 01:00:00+00:00,194,1,0.0,3.3,0.0,46.5,15.0625
2026-04-09 01:00:00+00:00,236,1,0.0,4.4,0.0,45.8125,15.1875
2026-04-09 01:00:00+00:00,325,1,0.0,4.0,0.0,46.5625,15.625
2026-04-09 01:00:00+00:00,391,1,0.0,1.5,0.0,46.6875,16.0625
2026-04-09 01:00:00+00:00,422,1,0.0,5.4,0.0,46.25,15.25
2026-04-09 01:00:00+00:00,425,1,0.0,5.7,0.0,45.9375,15.5
2026-04-09 01:00:00+00:00,426,1,0.0,11.6,0.0,45.5625,13.75
2026-04-09 02:00:00+00:00,63,2,0.0,3.0,0.0,46.375,14.0625
2026-04-09 02:00:00+00:00,76,2,0.0,4.2,0.0,46.3125,14.1875
2026-04-09 02:00:00+00:00,106,2,0.0,4.8,0.0,46.25,14.375
2026-04-09 02:00:00+00:00,122,2,0.0,5.2,0.0,46.0,14.4375
2026-04-09 02:00:00+00:00,127,2,0.0,4.9,0.0,46.125,14.5
2026-04-09 02:00:00+00:00,129,2,0.0,4.9,0.0,46.0,14.5
2026-04-09 02:00:00+00:00,177,2,0.0,2.5,0.0,45.625,14.8125
2026-04-09 02:00:00+00:00,194,2,0.0,2.4,0.0,46.5,15.0625
2026-04-09 02:00:00+00:00,236,2,0.0,4.0,0.0,45.8125,15.1875
2026-04-09 02:00:00+00:00,325,2,0.0,2.9,0.0,46.5625,15.625
2026-04-09 02:00:00+00:00,391,2,0.0,0.7,0.0,46.6875,16.0625
2026-04-09 02:00:00+00:00,422,2,0.0,4.5,0.0,46.25,15.25
2026-04-09 02:00:00+00:00,425,2,0.0,5.0,0.0,45.9375,15.5
2026-04-09 02:00:00+00:00,426,2,0.0,11.0,0.0,45.5625,13.75
2026-04-09 03:00:00+00:00,63,3,0.0,2.2,0.0,46.375,14.0625
2026-04-09 03:00:00+00:00,76,3,0.0,3.6,0.0,46.3125,14.1875
2026-04-09 03:00:00+00:00,106,3,0.0,4.2,0.0,46.25,14.375
2026-04-09 03:00:00+00:00,122,3,0.0,4.4,0.0,46.0,14.4375
2026-04-09 03:00:00+00:00,127,3,0.0,3.7,0.0,46.125,14.5
2026-04-09 03:00:00+00:00,129,3,0.0,3.9,0.0,46.0,14.5
2026-04-09 03:00:00+00:00,177,3,0.0,1.8,0.0,45.625,14.8125
2026-04-09 03:00:00+00:00,194,3,0.0,2.0,0.0,46.5,15.0625
2026-04-09 03:00:00+00:00,236,3,0.0,3.6,0.0,45.8125,15.1875
2026-04-09 03:00:00+00:00,325,3,0.0,1.8,0.0,46.5625,15.625
2026-04-09 03:00:00+00:00,391,3,0.0,0.1,0.0,46.6875,16.0625
2026-04-09 03:00:00+00:00,422,3,0.0,3.7,0.0,46.25,15.25
2026-04-09 03:00:00+00:00,425,3,0.0,3.7,0.0,45.9375,15.5
2026-04-09 03:00:00+00:00,426,3,0.0,10.5,0.0,45.5625,13.75
2026-04-09 04:00:00+00:00,63,1,0.0,1.0,0.0,46.375,14.0625
2026-04-09 04:00:00+00:00,76,1,0.0,2.8,0.0,46.3125,14.1875
2026-04-09 04:00:00+00:00,106,1,0.0,3.3,0.0,46.25,14.375
2026-04-09 04:00:00+00:00,122,1,0.0,3.1,0.0,46.0,14.4375
2026-04-09 04:00:00+00:00,127,1,0.0,2.5,0.0,46.125,14.5
2026-04-09 04:00:00+00:00,129,1,0.0,2.6,0.0,46.0,14.5
2026-04-09 04:00:00+00:00,177,1,0.0,0.7,0.0,45.625,14.8125
2026-04-09 04:00:00+00:00,194,1,0.0,1.2,0.0,46.5,15.0625
2026-04-09 04:00:00+00:00,236,1,0.0,2.1,0.0,45.8125,15.1875
2026-04-09 04:00:00+00:00,325,1,0.0,0.9,0.0,46.5625,15.625
2026-04-09 04:00:00+00:00,391,1,0.0,-1.3,0.0,46.6875,16.0625
2026-04-09 04:00:00+00:00,422,1,0.0,3.0,0.0,46.25,15.25
2026-04-09 04:00:00+00:00,425,1,0.0,2.4,0.0,45.9375,15.5
2026-04-09 04:00:00+00:00,426,1,0.0,10.4,0.0,45.5625,13.75
2026-04-09 05:00:00+00:00,63,2,8.0,0.5,0.0,46.375,14.0625
2026-04-09 05:00:00+00:00,76,2,8.0,2.3,0.0,46.3125,14.1875
2026-04-09 05:00:00+00:00,106,2,9.0,2.9,0.0,46.25,14.375
2026-04-09 05:00:00+00:00,122,2,9.0,2.5,0.0,46.0,14.4375
2026-04-09 05:00:00+00:00,127,2,10.0,1.6,0.0,46.125,14.5
2026-04-09 05:00:00+00:00,129,2,9.0,2.2,0.0,46.0,14.5
2026-04-09 05:00:00+00:00,177,2,10.0,-0.1,0.0,45.625,14.8125
2026-04-09 05:00:00+00:00,194,2,12.0,1.0,0.0,46.5,15.0625
2026-04-09 05:00:00+00:00,236,2,12.0,1.4,0.0,45.8125,15.1875
2026-04-09 05:00:00+00:00,325,2,13.0,0.9,0.0,46.5625,15.625
2026-04-09 05:00:00+00:00,391,2,15.0,-1.7,0.0,46.6875,16.0625
2026-04-09 05:00:00+00:00,422,2,12.0,2.4,0.0,46.25,15.25
2026-04-09 05:00:00+00:00,425,2,12.0,1.9,0.0,45.9375,15.5
2026-04-09 05:00:00+00:00,426,2,6.0,10.1,0.0,45.5625,13.75
2026-04-09 06:00:00+00:00,63,3,109.0,2.3,0.0,46.375,14.0625
2026-04-09 06:00:00+00:00,63,6,110.0,2.5,0.0,46.375,14.0625
2026-04-09 06:00:00+00:00,76,3,109.0,4.2,0.0,46.3125,14.1875
2026-04-09 06:00:00+00:00,76,6,110.0,4.4,0.0,46.3125,14.1875
2026-04-09 06:00:00+00:00,106,3,113.0,4.5,0.0,46.25,14.375
2026-04-09 06:00:00+00:00,106,6,115.0,5.0,0.0,46.25,14.375
2026-04-09 06:00:00+00:00,122,3,111.0,4.8,0.0,46.0,14.4375
2026-04-09 06:00:00+00:00,122,6,110.0,5.0,0.0,46.0,14.4375
2026-04-09 06:00:00+00:00,127,3,113.0,3.3,0.0,46.125,14.5
2026-04-09 06:00:00+00:00,127,6,113.0,3.6,0.0,46.125,14.5
2026-04-09 06:00:00+00:00,129,3,111.0,4.3,0.0,46.0,14.5
2026-04-09 06:00:00+00:00,129,6,110.0,4.6,0.0,46.0,14.5
2026-04-09 06:00:00+00:00,177,3,122.0,2.3,0.0,45.625,14.8125
2026-04-09 06:00:00+00:00,177,6,125.0,2.6,0.0,45.625,14.8125
2026-04-09 06:00:00+00:00,194,3,125.0,4.1,0.0,46.5,15.0625
2026-04-09 06:00:00+00:00,194,6,126.0,4.2,0.0,46.5,15.0625
2026-04-09 06:00:00+00:00,236,3,125.0,3.6,0.0,45.8125,15.1875
2026-04-09 06:00:00+00:00,236,6,128.0,4.0,0.0,45.8125,15.1875
2026-04-09 06:00:00+00:00,325,3,130.0,3.8,0.0,46.5625,15.625
2026-04-09 06:00:00+00:00,325,6,129.0,4.4,0.0,46.5625,15.625
2026-04-09 06:00:00+00:00,391,3,136.0,1.0,0.0,46.6875,16.0625
2026-04-09 06:00:00+00:00,391,6,136.0,1.4,0.0,46.6875,16.0625
2026-04-09 06:00:00+00:00,422,3,127.0,4.0,0.0,46.25,15.25
2026-04-09 06:00:00+00:00,422,6,127.0,4.0,0.0,46.25,15.25
2026-04-09 06:00:00+00:00,425,3,130.0,3.8,0.0,45.9375,15.5
2026-04-09 06:00:00+00:00,425,6,131.0,4.1,0.0,45.9375,15.5
2026-04-09 06:00:00+00:00,426,3,87.0,11.1,0.0,45.5625,13.75
2026-04-09 06:00:00+00:00,426,6,92.0,11.1,0.0,45.5625,13.75
2026-04-09 07:00:00+00:00,63,1,272.0,5.4,0.0,46.375,14.0625
2026-04-09 07:00:00+00:00,76,1,277.0,6.0,0.0,46.3125,14.1875
2026-04-09 07:00:00+00:00,106,1,286.0,6.7,0.0,46.25,14.375
2026-04-09 07:00:00+00:00,122,1,280.0,7.2,0.0,46.0,14.4375
2026-04-09 07:00:00+00:00,127,1,285.0,6.6,0.0,46.125,14.5
2026-04-09 07:00:00+00:00,129,1,277.0,7.5,0.0,46.0,14.5
2026-04-09 07:00:00+00:00,177,1,295.0,4.1,0.0,45.625,14.8125
2026-04-09 07:00:00+00:00,194,1,299.0,6.7,0.0,46.5,15.0625
2026-04-09 07:00:00+00:00,236,1,286.0,7.3,0.0,45.8125,15.1875
2026-04-09 07:00:00+00:00,325,1,305.0,7.0,0.0,46.5625,15.625
2026-04-09 07:00:00+00:00,391,1,312.0,6.3,0.0,46.6875,16.0625
2026-04-09 07:00:00+00:00,422,1,304.0,7.0,0.0,46.25,15.25
2026-04-09 07:00:00+00:00,425,1,308.0,7.9,0.0,45.9375,15.5
2026-04-09 07:00:00+00:00,426,1,237.0,13.3,0.0,45.5625,13.75
2026-04-09 08:00:00+00:00,63,2,444.0,7.2,0.0,46.375,14.0625
2026-04-09 08:00:00+00:00,76,2,445.0,7.3,0.0,46.3125,14.1875
2026-04-09 08:00:00+00:00,106,2,458.0,8.1,0.0,46.25,14.375
2026-04-09 08:00:00+00:00,122,2,450.0,9.0,0.0,46.0,14.4375
2026-04-09 08:00:00+00:00,127,2,457.0,8.3,0.0,46.125,14.5
2026-04-09 08:00:00+00:00,129,2,451.0,9.3,0.0,46.0,14.5
2026-04-09 08:00:00+00:00,177,2,472.0,5.7,0.0,45.625,14.8125
2026-04-09 08:00:00+00:00,194,2,473.0,8.5,0.0,46.5,15.0625
2026-04-09 08:00:00+00:00,236,2,459.0,9.2,0.0,45.8125,15.1875
2026-04-09 08:00:00+00:00,325,2,481.0,8.4,0.0,46.5625,15.625
2026-04-09 08:00:00+00:00,391,2,490.0,8.4,0.0,46.6875,16.0625
2026-04-09 08:00:00+00:00,422,2,478.0,9.0,0.0,46.25,15.25
2026-04-09 08:00:00+00:00,425,2,471.0,9.4,0.0,45.9375,15.5
2026-04-09 08:00:00+00:00,426,2,370.0,14.6,0.0,45.5625,13.75
2026-04-09 09:00:00+00:00,63,3,608.0,9.0,0.0,46.375,14.0625
2026-04-09 09:00:00+00:00,63,6,606.0,8.7,0.0,46.375,14.0625
2026-04-09 09:00:00+00:00,76,3,603.0,8.8,0.0,46.3125,14.1875
2026-04-09 09:00:00+00:00,76,6,603.0,8.6,0.0,46.3125,14.1875
2026-04-09 09:00:00+00:00,106,3,608.0,9.6,0.0,46.25,14.375
2026-04-09 09:00:00+00:00,106,6,607.0,9.4,0.0,46.25,14.375
2026-04-09 09:00:00+00:00,122,3,595.0,10.7,0.0,46.0,14.4375
2026-04-09 09:00:00+00:00,122,6,584.0,10.4,0.0,46.0,14.4375
2026-04-09 09:00:00+00:00,127,3,611.0,10.0,0.0,46.125,14.5
2026-04-09 09:00:00+00:00,127,6,606.0,9.8,0.0,46.125,14.5
2026-04-09 09:00:00+00:00,129,3,601.0,10.9,0.0,46.0,14.5
2026-04-09 09:00:00+00:00,129,6,587.0,10.6,0.0,46.0,14.5
2026-04-09 09:00:00+00:00,177,3,610.0,7.3,0.0,45.625,14.8125
2026-04-09 09:00:00+00:00,177,6,608.0,7.1,0.0,45.625,14.8125
2026-04-09 09:00:00+00:00,194,3,630.0,10.3,0.0,46.5,15.0625
2026-04-09 09:00:00+00:00,194,6,629.0,10.0,0.0,46.5,15.0625
2026-04-09 09:00:00+00:00,236,3,616.0,10.7,0.0,45.8125,15.1875
2026-04-09 09:00:00+00:00,236,6,627.0,10.6,0.0,45.8125,15.1875
2026-04-09 09:00:00+00:00,325,3,625.0,9.8,0.0,46.5625,15.625
2026-04-09 09:00:00+00:00,325,6,625.0,9.5,0.0,46.5625,15.625
2026-04-09 09:00:00+00:00,391,3,637.0,10.1,0.0,46.6875,16.0625
2026-04-09 09:00:00+00:00,391,6,636.0,9.9,0.0,46.6875,16.0625
2026-04-09 09:00:00+00:00,422,3,622.0,10.8,0.0,46.25,15.25
2026-04-09 09:00:00+00:00,422,6,623.0,10.5,0.0,46.25,15.25
2026-04-09 09:00:00+00:00,425,3,614.0,10.8,0.0,45.9375,15.5
2026-04-09 09:00:00+00:00,425,6,620.0,10.6,0.0,45.9375,15.5
2026-04-09 09:00:00+00:00,426,3,516.0,15.9,0.0,45.5625,13.75
2026-04-09 09:00:00+00:00,426,6,527.0,15.8,0.0,45.5625,13.75
2026-04-09 10:00:00+00:00,63,1,717.0,10.7,0.0,46.375,14.0625
2026-04-09 10:00:00+00:00,76,1,712.0,10.4,0.0,46.3125,14.1875
2026-04-09 10:00:00+00:00,106,1,714.0,11.0,0.0,46.25,14.375
2026-04-09 10:00:00+00:00,122,1,715.0,12.2,0.0,46.0,14.4375
2026-04-09 10:00:00+00:00,127,1,722.0,11.4,0.0,46.125,14.5
2026-04-09 10:00:00+00:00,129,1,713.0,12.3,0.0,46.0,14.5
2026-04-09 10:00:00+00:00,177,1,700.0,8.6,0.0,45.625,14.8125
2026-04-09 10:00:00+00:00,194,1,723.0,11.6,0.0,46.5,15.0625
2026-04-09 10:00:00+00:00,236,1,709.0,12.1,0.0,45.8125,15.1875
2026-04-09 10:00:00+00:00,325,1,723.0,11.2,0.0,46.5625,15.625
2026-04-09 10:00:00+00:00,391,1,738.0,11.4,0.0,46.6875,16.0625
2026-04-09 10:00:00+00:00,422,1,730.0,12.4,0.0,46.25,15.25
2026-04-09 10:00:00+00:00,425,1,706.0,12.0,0.0,45.9375,15.5
2026-04-09 10:00:00+00:00,426,1,542.0,16.7,0.0,45.5625,13.75
2026-04-09 11:00:00+00:00,63,2,777.0,12.2,0.0,46.375,14.0625
2026-04-09 11:00:00+00:00,76,2,768.0,11.7,0.0,46.3125,14.1875
2026-04-09 11:00:00+00:00,106,2,779.0,12.4,0.0,46.25,14.375
2026-04-09 11:00:00+00:00,122,2,761.0,13.6,0.0,46.0,14.4375
2026-04-09 11:00:00+00:00,127,2,773.0,12.9,0.0,46.125,14.5
2026-04-09 11:00:00+00:00,129,2,749.0,13.8,0.0,46.0,14.5
2026-04-09 11:00:00+00:00,177,2,741.0,9.9,0.0,45.625,14.8125
2026-04-09 11:00:00+00:00,194,2,757.0,12.6,0.0,46.5,15.0625
2026-04-09 11:00:00+00:00,236,2,778.0,13.2,0.0,45.8125,15.1875
2026-04-09 11:00:00+00:00,325,2,741.0,12.4,0.0,46.5625,15.625
2026-04-09 11:00:00+00:00,391,2,778.0,12.4,0.0,46.6875,16.0625
2026-04-09 11:00:00+00:00,422,2,774.0,13.8,0.0,46.25,15.25
2026-04-09 11:00:00+00:00,425,2,753.0,13.2,0.0,45.9375,15.5
2026-04-09 11:00:00+00:00,426,2,486.0,16.8,0.0,45.5625,13.75
2026-04-09 12:00:00+00:00,63,3,782.0,13.4,0.0,46.375,14.0625
2026-04-09 12:00:00+00:00,63,6,792.0,13.5,0.0,46.375,14.0625
2026-04-09 12:00:00+00:00,76,3,772.0,12.8,0.0,46.3125,14.1875
2026-04-09 12:00:00+00:00,76,6,783.0,12.9,0.0,46.3125,14.1875
2026-04-09 12:00:00+00:00,106,3,781.0,13.6,0.0,46.25,14.375
2026-04-09 12:00:00+00:00,106,6,788.0,13.8,0.0,46.25,14.375
2026-04-09 12:00:00+00:00,122,3,755.0,14.8,0.0,46.0,14.4375
2026-04-09 12:00:00+00:00,122,6,749.0,15.0,0.0,46.0,14.4375
2026-04-09 12:00:00+00:00,127,3,774.0,14.0,0.0,46.125,14.5
2026-04-09 12:00:00+00:00,127,6,779.0,14.2,0.0,46.125,14.5
2026-04-09 12:00:00+00:00,129,3,751.0,14.9,0.0,46.0,14.5
2026-04-09 12:00:00+00:00,129,6,742.0,15.0,0.0,46.0,14.5
2026-04-09 12:00:00+00:00,177,3,714.0,10.9,0.0,45.625,14.8125
2026-04-09 12:00:00+00:00,177,6,772.0,11.3,0.0,45.625,14.8125
2026-04-09 12:00:00+00:00,194,3,748.0,13.6,0.0,46.5,15.0625
2026-04-09 12:00:00+00:00,194,6,769.0,13.8,0.0,46.5,15.0625
2026-04-09 12:00:00+00:00,236,3,750.0,14.1,0.0,45.8125,15.1875
2026-04-09 12:00:00+00:00,236,6,741.0,14.2,0.0,45.8125,15.1875
2026-04-09 12:00:00+00:00,325,3,707.0,13.5,0.0,46.5625,15.625
2026-04-09 12:00:00+00:00,325,6,709.0,13.6,0.0,46.5625,15.625
2026-04-09 12:00:00+00:00,391,3,742.0,13.2,0.0,46.6875,16.0625
2026-04-09 12:00:00+00:00,391,6,749.0,13.4,0.0,46.6875,16.0625
2026-04-09 12:00:00+00:00,422,3,769.0,14.9,0.0,46.25,15.25
2026-04-09 12:00:00+00:00,422,6,775.0,15.0,0.0,46.25,15.25
2026-04-09 12:00:00+00:00,425,3,693.0,14.2,0.0,45.9375,15.5
2026-04-09 12:00:00+00:00,425,6,726.0,14.4,0.0,45.9375,15.5
2026-04-09 12:00:00+00:00,426,3,514.0,16.5,0.0,45.5625,13.75
2026-04-09 12:00:00+00:00,426,6,533.0,16.6,0.0,45.5625,13.75
2026-04-09 13:00:00+00:00,63,1,729.0,13.6,0.0,46.375,14.0625
2026-04-09 13:00:00+00:00,76,1,724.0,13.4,0.0,46.3125,14.1875
2026-04-09 13:00:00+00:00,106,1,721.0,13.9,0.0,46.25,14.375
2026-04-09 13:00:00+00:00,122,1,664.0,14.9,0.0,46.0,14.4375
2026-04-09 13:00:00+00:00,127,1,705.0,14.3,0.0,46.125,14.5
2026-04-09 13:00:00+00:00,129,1,662.0,15.1,0.0,46.0,14.5
2026-04-09 13:00:00+00:00,177,1,589.0,10.7,0.0,45.625,14.8125
2026-04-09 13:00:00+00:00,194,1,694.0,13.9,0.0,46.5,15.0625
2026-04-09 13:00:00+00:00,236,1,607.0,13.9,0.0,45.8125,15.1875
2026-04-09 13:00:00+00:00,325,1,692.0,14.1,0.0,46.5625,15.625
2026-04-09 13:00:00+00:00,391,1,662.0,13.4,0.0,46.6875,16.0625
2026-04-09 13:00:00+00:00,422,1,668.0,14.9,0.0,46.25,15.25
2026-04-09 13:00:00+00:00,425,1,618.0,14.5,0.0,45.9375,15.5
2026-04-09 13:00:00+00:00,426,1,410.0,16.1,0.0,45.5625,13.75
2026-04-09 14:00:00+00:00,63,2,629.0,14.1,0.0,46.375,14.0625
2026-04-09 14:00:00+00:00,76,2,621.0,13.8,0.0,46.3125,14.1875
2026-04-09 14:00:00+00:00,106,2,609.0,14.3,0.0,46.25,14.375
2026-04-09 14:00:00+00:00,122,2,556.0,15.3,0.0,46.0,14.4375
2026-04-09 14:00:00+00:00,127,2,585.0,14.7,0.0,46.125,14.5
2026-04-09 14:00:00+00:00,129,2,556.0,15.4,0.0,46.0,14.5
2026-04-09 14:00:00+00:00,177,2,486.0,10.8,0.0,45.625,14.8125
2026-04-09 14:00:00+00:00,194,2,620.0,14.1,0.0,46.5,15.0625
2026-04-09 14:00:00+00:00,236,2,452.0,14.0,0.0,45.8125,15.1875
2026-04-09 14:00:00+00:00,325,2,618.0,14.3,0.0,46.5625,15.625
2026-04-09 14:00:00+00:00,391,2,545.0,13.7,0.0,46.6875,16.0625
2026-04-09 14:00:00+00:00,422,2,599.0,14.9,0.0,46.25,15.25
2026-04-09 14:00:00+00:00,425,2,485.0,14.7,0.0,45.9375,15.5
2026-04-09 14:00:00+00:00,426,2,334.0,15.7,0.0,45.5625,13.75
2026-04-09 15:00:00+00:00,63,3,485.0,14.1,0.0,46.375,14.0625
2026-04-09 15:00:00+00:00,63,6,493.0,14.8,0.0,46.375,14.0625
2026-04-09 15:00:00+00:00,76,3,482.0,13.9,0.0,46.3125,14.1875
2026-04-09 15:00:00+00:00,76,6,483.0,14.7,0.0,46.3125,14.1875
2026-04-09 15:00:00+00:00,106,3,472.0,14.4,0.0,46.25,14.375
2026-04-09 15:00:00+00:00,106,6,466.0,15.1,0.0,46.25,14.375
2026-04-09 15:00:00+00:00,122,3,432.0,15.4,0.0,46.0,14.4375
2026-04-09 15:00:00+00:00,122,6,430.0,16.3,0.0,46.0,14.4375
2026-04-09 15:00:00+00:00,127,3,448.0,14.8,0.0,46.125,14.5
2026-04-09 15:00:00+00:00,127,6,442.0,15.5,0.0,46.125,14.5
2026-04-09 15:00:00+00:00,129,3,426.0,15.4,0.0,46.0,14.5
2026-04-09 15:00:00+00:00,129,6,425.0,16.3,0.0,46.0,14.5
2026-04-09 15:00:00+00:00,177,3,357.0,10.4,0.0,45.625,14.8125
2026-04-09 15:00:00+00:00,177,6,360.0,11.2,0.0,45.625,14.8125
2026-04-09 15:00:00+00:00,194,3,476.0,13.9,0.0,46.5,15.0625
2026-04-09 15:00:00+00:00,194,6,482.0,14.5,0.0,46.5,15.0625
2026-04-09 15:00:00+00:00,236,3,377.0,13.9,0.0,45.8125,15.1875
2026-04-09 15:00:00+00:00,236,6,374.0,14.5,0.0,45.8125,15.1875
2026-04-09 15:00:00+00:00,325,3,472.0,14.1,0.0,46.5625,15.625
2026-04-09 15:00:00+00:00,325,6,473.0,14.5,0.0,46.5625,15.625
2026-04-09 15:00:00+00:00,391,3,435.0,13.7,0.0,46.6875,16.0625
2026-04-09 15:00:00+00:00,391,6,407.0,14.0,0.0,46.6875,16.0625
2026-04-09 15:00:00+00:00,422,3,472.0,14.8,0.0,46.25,15.25
2026-04-09 15:00:00+00:00,422,6,474.0,15.4,0.0,46.25,15.25
2026-04-09 15:00:00+00:00,425,3,379.0,14.5,0.0,45.9375,15.5
2026-04-09 15:00:00+00:00,425,6,360.0,14.9,0.0,45.9375,15.5
2026-04-09 15:00:00+00:00,426,3,226.0,15.1,0.0,45.5625,13.75
2026-04-09 15:00:00+00:00,426,6,228.0,15.3,0.0,45.5625,13.75
2026-04-09 16:00:00+00:00,63,1,320.0,13.8,0.0,46.375,14.0625
2026-04-09 16:00:00+00:00,76,1,316.0,13.7,0.0,46.3125,14.1875
2026-04-09 16:00:00+00:00,106,1,316.0,14.4,0.0,46.25,14.375
2026-04-09 16:00:00+00:00,122,1,288.0,15.3,0.0,46.0,14.4375
2026-04-09 16:00:00+00:00,127,1,301.0,14.8,0.0,46.125,14.5
2026-04-09 16:00:00+00:00,129,1,286.0,15.4,0.0,46.0,14.5
2026-04-09 16:00:00+00:00,177,1,242.0,10.1,0.0,45.625,14.8125
2026-04-09 16:00:00+00:00,194,1,306.0,13.5,0.0,46.5,15.0625
2026-04-09 16:00:00+00:00,236,1,245.0,13.9,0.0,45.8125,15.1875
2026-04-09 16:00:00+00:00,325,1,294.0,13.8,0.0,46.5625,15.625
2026-04-09 16:00:00+00:00,391,1,287.0,13.4,0.0,46.6875,16.0625
2026-04-09 16:00:00+00:00,422,1,306.0,14.7,0.0,46.25,15.25
2026-04-09 16:00:00+00:00,425,1,278.0,14.2,0.0,45.9375,15.5
2026-04-09 16:00:00+00:00,426,1,141.0,14.8,0.0,45.5625,13.75
2026-04-09 17:00:00+00:00,63,2,142.0,12.5,0.0,46.375,14.0625
2026-04-09 17:00:00+00:00,76,2,139.0,12.2,0.0,46.3125,14.1875
2026-04-09 17:00:00+00:00,106,2,139.0,13.5,0.0,46.25,14.375
2026-04-09 17:00:00+00:00,122,2,134.0,14.3,0.0,46.0,14.4375
2026-04-09 17:00:00+00:00,127,2,133.0,14.0,0.0,46.125,14.5
2026-04-09 17:00:00+00:00,129,2,132.0,14.4,0.0,46.0,14.5
2026-04-09 17:00:00+00:00,177,2,113.0,9.0,0.0,45.625,14.8125
2026-04-09 17:00:00+00:00,194,2,130.0,12.3,0.0,46.5,15.0625
2026-04-09 17:00:00+00:00,236,2,111.0,13.0,0.0,45.8125,15.1875
2026-04-09 17:00:00+00:00,325,2,120.0,12.8,0.0,46.5625,15.625
2026-04-09 17:00:00+00:00,391,2,117.0,12.3,0.0,46.6875,16.0625
2026-04-09 17:00:00+00:00,422,2,129.0,13.8,0.0,46.25,15.25
2026-04-09 17:00:00+00:00,425,2,121.0,13.3,0.0,45.9375,15.5
2026-04-09 17:00:00+00:00,426,2,66.0,14.2,0.0,45.5625,13.75
2026-04-09 18:00:00+00:00,63,3,16.0,9.6,0.0,46.375,14.0625
2026-04-09 18:00:00+00:00,63,6,16.0,9.3,0.0,46.375,14.0625
2026-04-09 18:00:00+00:00,76,3,15.0,9.6,0.0,46.3125,14.1875
2026-04-09 18:00:00+00:00,76,6,15.0,9.2,0.0,46.3125,14.1875
2026-04-09 18:00:00+00:00,106,3,14.0,10.6,0.0,46.25,14.375
2026-04-09 18:00:00+00:00,106,6,15.0,10.2,0.0,46.25,14.375
2026-04-09 18:00:00+00:00,122,3,14.0,11.2,0.0,46.0,14.4375
2026-04-09 18:00:00+00:00,122,6,14.0,10.8,0.0,46.0,14.4375
2026-04-09 18:00:00+00:00,127,3,14.0,11.2,0.0,46.125,14.5
2026-04-09 18:00:00+00:00,127,6,14.0,10.8,0.0,46.125,14.5
2026-04-09 18:00:00+00:00,129,3,14.0,11.3,0.0,46.0,14.5
2026-04-09 18:00:00+00:00,129,6,14.0,10.9,0.0,46.0,14.5
2026-04-09 18:00:00+00:00,177,3,13.0,6.4,0.0,45.625,14.8125
2026-04-09 18:00:00+00:00,177,6,12.0,6.3,0.0,45.625,14.8125
2026-04-09 18:00:00+00:00,194,3,12.0,9.6,0.0,46.5,15.0625
2026-04-09 18:00:00+00:00,194,6,13.0,9.3,0.0,46.5,15.0625
2026-04-09 18:00:00+00:00,236,3,10.0,10.4,0.0,45.8125,15.1875
2026-04-09 18:00:00+00:00,236,6,10.0,10.1,0.0,45.8125,15.1875
2026-04-09 18:00:00+00:00,325,3,11.0,10.7,0.0,46.5625,15.625
2026-04-09 18:00:00+00:00,325,6,11.0,10.3,0.0,46.5625,15.625
2026-04-09 18:00:00+00:00,391,3,9.0,9.5,0.0,46.6875,16.0625
2026-04-09 18:00:00+00:00,391,6,9.0,9.2,0.0,46.6875,16.0625
2026-04-09 18:00:00+00:00,422,3,11.0,10.6,0.0,46.25,15.25
2026-04-09 18:00:00+00:00,422,6,11.0,10.4,0.0,46.25,15.25
2026-04-09 18:00:00+00:00,425,3,11.0,10.2,0.0,45.9375,15.5
2026-04-09 18:00:00+00:00,425,6,11.0,9.9,0.0,45.9375,15.5
2026-04-09 18:00:00+00:00,426,3,10.0,13.3,0.0,45.5625,13.75
2026-04-09 18:00:00+00:00,426,6,9.0,13.2,0.0,45.5625,13.75
2026-04-09 19:00:00+00:00,63,1,0.0,7.7,0.0,46.375,14.0625
2026-04-09 19:00:00+00:00,76,1,0.0,8.1,0.0,46.3125,14.1875
2026-04-09 19:00:00+00:00,106,1,0.0,9.0,0.0,46.25,14.375
2026-04-09 19:00:00+00:00,122,1,0.0,9.6,0.0,46.0,14.4375
2026-04-09 19:00:00+00:00,127,1,0.0,9.4,0.0,46.125,14.5
2026-04-09 19:00:00+00:00,129,1,0.0,9.6,0.0,46.0,14.5
2026-04-09 19:00:00+00:00,177,1,0.0,5.4,0.0,45.625,14.8125
2026-04-09 19:00:00+00:00,194,1,0.0,8.0,0.0,46.5,15.0625
2026-04-09 19:00:00+00:00,236,1,0.0,9.1,0.0,45.8125,15.1875
2026-04-09 19:00:00+00:00,325,1,0.0,9.3,0.0,46.5625,15.625
2026-04-09 19:00:00+00:00,391,1,0.0,7.8,0.0,46.6875,16.0625
2026-04-09 19:00:00+00:00,422,1,0.0,8.8,0.0,46.25,15.25
2026-04-09 19:00:00+00:00,425,1,0.0,8.4,0.0,45.9375,15.5
2026-04-09 19:00:00+00:00,426,1,0.0,12.0,0.0,45.5625,13.75
2026-04-09 20:00:00+00:00,63,2,0.0,6.1,0.0,46.375,14.0625
2026-04-09 20:00:00+00:00,76,2,0.0,7.2,0.0,46.3125,14.1875
2026-04-09 20:00:00+00:00,106,2,0.0,8.1,0.0,46.25,14.375
2026-04-09 20:00:00+00:00,122,2,0.0,8.2,0.0,46.0,14.4375
2026-04-09 20:00:00+00:00,127,2,0.0,8.1,0.0,46.125,14.5
2026-04-09 20:00:00+00:00,129,2,0.0,8.2,0.0,46.0,14.5
2026-04-09 20:00:00+00:00,177,2,0.0,4.7,0.0,45.625,14.8125
2026-04-09 20:00:00+00:00,194,2,0.0,6.8,0.0,46.5,15.0625
2026-04-09 20:00:00+00:00,236,2,0.0,8.0,0.0,45.8125,15.1875
2026-04-09 20:00:00+00:00,325,2,0.0,8.4,0.0,46.5625,15.625
2026-04-09 20:00:00+00:00,391,2,0.0,7.1,0.0,46.6875,16.0625
2026-04-09 20:00:00+00:00,422,2,0.0,7.6,0.0,46.25,15.25
2026-04-09 20:00:00+00:00,425,2,0.0,7.2,0.0,45.9375,15.5
2026-04-09 20:00:00+00:00,426,2,0.0,10.1,0.0,45.5625,13.75
2026-04-09 21:00:00+00:00,63,3,0.0,5.3,0.0,46.375,14.0625
2026-04-09 21:00:00+00:00,63,6,0.0,5.2,0.0,46.375,14.0625
2026-04-09 21:00:00+00:00,76,3,0.0,6.9,0.0,46.3125,14.1875
2026-04-09 21:00:00+00:00,76,6,0.0,6.8,0.0,46.3125,14.1875
2026-04-09 21:00:00+00:00,106,3,0.0,7.5,0.0,46.25,14.375
2026-04-09 21:00:00+00:00,106,6,0.0,7.4,0.0,46.25,14.375
2026-04-09 21:00:00+00:00,122,3,0.0,7.1,0.0,46.0,14.4375
2026-04-09 21:00:00+00:00,122,6,0.0,7.1,0.0,46.0,14.4375
2026-04-09 21:00:00+00:00,127,3,0.0,6.9,0.0,46.125,14.5
2026-04-09 21:00:00+00:00,127,6,0.0,6.7,0.0,46.125,14.5
2026-04-09 21:00:00+00:00,129,3,0.0,6.8,0.0,46.0,14.5
2026-04-09 21:00:00+00:00,129,6,0.0,6.7,0.0,46.0,14.5
2026-04-09 21:00:00+00:00,177,3,0.0,4.3,0.0,45.625,14.8125
2026-04-09 21:00:00+00:00,177,6,0.0,4.1,0.0,45.625,14.8125
2026-04-09 21:00:00+00:00,194,3,0.0,5.9,0.0,46.5,15.0625
2026-04-09 21:00:00+00:00,194,6,0.0,5.9,0.0,46.5,15.0625
2026-04-09 21:00:00+00:00,236,3,0.0,6.7,0.0,45.8125,15.1875
2026-04-09 21:00:00+00:00,236,6,0.0,6.7,0.0,45.8125,15.1875
2026-04-09 21:00:00+00:00,325,3,0.0,7.7,0.0,46.5625,15.625
2026-04-09 21:00:00+00:00,325,6,0.0,7.6,0.0,46.5625,15.625
2026-04-09 21:00:00+00:00,391,3,0.0,6.5,0.0,46.6875,16.0625
2026-04-09 21:00:00+00:00,391,6,0.0,6.5,0.0,46.6875,16.0625
2026-04-09 21:00:00+00:00,422,3,0.0,7.0,0.0,46.25,15.25
2026-04-09 21:00:00+00:00,422,6,0.0,6.8,0.0,46.25,15.25
2026-04-09 21:00:00+00:00,425,3,0.0,6.4,0.0,45.9375,15.5
2026-04-09 21:00:00+00:00,425,6,0.0,6.2,0.0,45.9375,15.5
2026-04-09 21:00:00+00:00,426,3,0.0,8.9,0.0,45.5625,13.75
2026-04-09 21:00:00+00:00,426,6,0.0,9.0,0.0,45.5625,13.75
2026-04-09 22:00:00+00:00,63,1,0.0,4.3,0.0,46.375,14.0625
2026-04-09 22:00:00+00:00,76,1,0.0,6.1,0.0,46.3125,14.1875
2026-04-09 22:00:00+00:00,106,1,0.0,7.6,0.0,46.25,14.375
2026-04-09 22:00:00+00:00,122,1,0.0,6.0,0.0,46.0,14.4375
2026-04-09 22:00:00+00:00,127,1,0.0,5.8,0.0,46.125,14.5
2026-04-09 22:00:00+00:00,129,1,0.0,5.1,0.0,46.0,14.5
2026-04-09 22:00:00+00:00,177,1,0.0,3.6,0.0,45.625,14.8125
2026-04-09 22:00:00+00:00,194,1,0.0,5.2,0.0,46.5,15.0625
2026-04-09 22:00:00+00:00,236,1,0.0,5.9,0.0,45.8125,15.1875
2026-04-09 22:00:00+00:00,325,1,0.0,6.7,0.0,46.5625,15.625
2026-04-09 22:00:00+00:00,391,1,0.0,4.3,0.0,46.6875,16.0625
2026-04-09 22:00:00+00:00,422,1,0.0,6.0,0.0,46.25,15.25
2026-04-09 22:00:00+00:00,425,1,0.0,5.3,0.0,45.9375,15.5
2026-04-09 22:00:00+00:00,426,1,0.0,7.9,0.0,45.5625,13.75
2026-04-09 23:00:00+00:00,63,2,0.0,3.9,0.0,46.375,14.0625
2026-04-09 23:00:00+00:00,76,2,0.0,5.6,0.0,46.3125,14.1875
2026-04-09 23:00:00+00:00,106,2,0.0,6.7,0.0,46.25,14.375
2026-04-09 23:00:00+00:00,122,2,0.0,4.9,0.0,46.0,14.4375
2026-04-09 23:00:00+00:00,127,2,0.0,4.9,0.0,46.125,14.5
2026-04-09 23:00:00+00:00,129,2,0.0,3.6,0.0,46.0,14.5
2026-04-09 23:00:00+00:00,177,2,0.0,3.2,0.0,45.625,14.8125
2026-04-09 23:00:00+00:00,194,2,0.0,4.7,0.0,46.5,15.0625
2026-04-09 23:00:00+00:00,236,2,0.0,5.2,0.0,45.8125,15.1875
2026-04-09 23:00:00+00:00,325,2,0.0,4.7,0.0,46.5625,15.625
2026-04-09 23:00:00+00:00,391,2,0.0,2.6,0.0,46.6875,16.0625
2026-04-09 23:00:00+00:00,422,2,0.0,5.3,0.0,46.25,15.25
2026-04-09 23:00:00+00:00,425,2,0.0,4.6,0.0,45.9375,15.5
2026-04-09 23:00:00+00:00,426,2,0.0,7.6,0.0,45.5625,13.75
2026-04-10 00:00:00+00:00,63,3,0.0,3.4,0.0,46.375,14.0625
2026-04-10 00:00:00+00:00,63,6,0.0,3.5,0.0,46.375,14.0625
2026-04-10 00:00:00+00:00,63,24,0.0,3.4,0.0,46.375,14.0625
2026-04-10 00:00:00+00:00,76,3,0.0,5.2,0.0,46.3125,14.1875
2026-04-10 00:00:00+00:00,76,6,0.0,5.4,0.0,46.3125,14.1875
2026-04-10 00:00:00+00:00,76,24,0.0,5.1,0.0,46.3125,14.1875
2026-04-10 00:00:00+00:00,106,3,0.0,5.5,0.0,46.25,14.375
2026-04-10 00:00:00+00:00,106,6,0.0,5.6,0.0,46.25,14.375
2026-04-10 00:00:00+00:00,106,24,0.0,5.0,0.0,46.25,14.375
2026-04-10 00:00:00+00:00,122,3,0.0,4.1,0.0,46.0,14.4375
2026-04-10 00:00:00+00:00,122,6,0.0,4.4,0.0,46.0,14.4375
2026-04-10 00:00:00+00:00,122,24,0.0,4.3,0.0,46.0,14.4375
2026-04-10 00:00:00+00:00,127,3,0.0,4.1,0.0,46.125,14.5
2026-04-10 00:00:00+00:00,127,6,0.0,4.2,0.0,46.125,14.5
2026-04-10 00:00:00+00:00,127,24,0.0,3.8,0.0,46.125,14.5
2026-04-10 00:00:00+00:00,129,3,0.0,2.7,0.0,46.0,14.5
2026-04-10 00:00:00+00:00,129,6,0.0,3.1,0.0,46.0,14.5
2026-04-10 00:00:00+00:00,129,24,0.0,2.7,0.0,46.0,14.5
2026-04-10 00:00:00+00:00,177,3,0.0,2.8,0.0,45.625,14.8125
2026-04-10 00:00:00+00:00,177,6,0.0,3.0,0.0,45.625,14.8125
2026-04-10 00:00:00+00:00,177,24,0.0,2.9,0.0,45.625,14.8125
2026-04-10 00:00:00+00:00,194,3,0.0,4.2,0.0,46.5,15.0625
2026-04-10 00:00:00+00:00,194,6,0.0,4.2,0.0,46.5,15.0625
2026-04-10 00:00:00+00:00,194,24,0.0,3.8,0.0,46.5,15.0625
2026-04-10 00:00:00+00:00,236,3,0.0,4.5,0.0,45.8125,15.1875
2026-04-10 00:00:00+00:00,236,6,0.0,4.6,0.0,45.8125,15.1875
2026-04-10 00:00:00+00:00,236,24,0.0,4.7,0.0,45.8125,15.1875
2026-04-10 00:00:00+00:00,325,3,0.0,3.3,0.0,46.5625,15.625
2026-04-10 00:00:00+00:00,325,6,0.0,3.9,0.0,46.5625,15.625
2026-04-10 00:00:00+00:00,325,24,0.0,4.4,0.0,46.5625,15.625
2026-04-10 00:00:00+00:00,391,3,0.0,2.9,0.0,46.6875,16.0625
2026-04-10 00:00:00+00:00,391,6,0.0,3.1,0.0,46.6875,16.0625
2026-04-10 00:00:00+00:00,391,24,0.0,2.3,0.0,46.6875,16.0625
2026-04-10 00:00:00+00:00,422,3,0.0,4.5,0.0,46.25,15.25
2026-04-10 00:00:00+00:00,422,6,0.0,4.7,0.0,46.25,15.25
2026-04-10 00:00:00+00:00,422,24,0.0,4.2,0.0,46.25,15.25
2026-04-10 00:00:00+00:00,425,3,0.0,4.0,0.0,45.9375,15.5
2026-04-10 00:00:00+00:00,425,6,0.0,4.5,0.0,45.9375,15.5
2026-04-10 00:00:00+00:00,425,24,0.0,4.2,0.0,45.9375,15.5
2026-04-10 00:00:00+00:00,426,3,0.0,7.3,0.0,45.5625,13.75
2026-04-10 00:00:00+00:00,426,6,0.0,7.7,0.0,45.5625,13.75
2026-04-10 00:00:00+00:00,426,24,0.0,7.6,0.0,45.5625,13.75
2026-04-10 03:00:00+00:00,63,6,0.0,2.9,0.0,46.375,14.0625
2026-04-10 03:00:00+00:00,63,24,0.0,2.6,0.0,46.375,14.0625
2026-04-10 03:00:00+00:00,76,6,0.0,4.1,0.0,46.3125,14.1875
2026-04-10 03:00:00+00:00,76,24,0.0,3.6,0.0,46.3125,14.1875
2026-04-10 03:00:00+00:00,106,6,0.0,4.7,0.0,46.25,14.375
2026-04-10 03:00:00+00:00,106,24,0.0,4.4,0.0,46.25,14.375
2026-04-10 03:00:00+00:00,122,6,0.0,3.3,0.0,46.0,14.4375
2026-04-10 03:00:00+00:00,122,24,0.0,2.6,0.0,46.0,14.4375
2026-04-10 03:00:00+00:00,127,6,0.0,2.0,0.0,46.125,14.5
2026-04-10 03:00:00+00:00,127,24,0.0,1.5,0.0,46.125,14.5
2026-04-10 03:00:00+00:00,129,6,0.0,1.7,0.0,46.0,14.5
2026-04-10 03:00:00+00:00,129,24,0.0,1.1,0.0,46.0,14.5
2026-04-10 03:00:00+00:00,177,6,0.0,2.0,0.0,45.625,14.8125
2026-04-10 03:00:00+00:00,177,24,0.0,1.9,0.0,45.625,14.8125
2026-04-10 03:00:00+00:00,194,6,0.0,3.5,0.0,46.5,15.0625
2026-04-10 03:00:00+00:00,194,24,0.0,3.1,0.0,46.5,15.0625
2026-04-10 03:00:00+00:00,236,6,0.0,3.1,0.0,45.8125,15.1875
2026-04-10 03:00:00+00:00,236,24,0.0,2.8,0.0,45.8125,15.1875
2026-04-10 03:00:00+00:00,325,6,0.0,3.4,0.0,46.5625,15.625
2026-04-10 03:00:00+00:00,325,24,0.0,4.3,0.0,46.5625,15.625
2026-04-10 03:00:00+00:00,391,6,0.0,1.7,0.0,46.6875,16.0625
2026-04-10 03:00:00+00:00,391,24,0.0,1.8,0.0,46.6875,16.0625
2026-04-10 03:00:00+00:00,422,6,0.0,2.1,0.0,46.25,15.25
2026-04-10 03:00:00+00:00,422,24,0.0,2.1,0.0,46.25,15.25
2026-04-10 03:00:00+00:00,425,6,0.0,3.8,0.0,45.9375,15.5
2026-04-10 03:00:00+00:00,425,24,0.0,3.3,0.0,45.9375,15.5
2026-04-10 03:00:00+00:00,426,6,0.0,7.5,0.0,45.5625,13.75
2026-04-10 03:00:00+00:00,426,24,0.0,8.0,0.0,45.5625,13.75
2026-04-10 06:00:00+00:00,63,24,77.0,4.4,0.0,46.375,14.0625
2026-04-10 06:00:00+00:00,76,24,80.0,6.2,0.0,46.3125,14.1875
2026-04-10 06:00:00+00:00,106,24,73.0,5.9,0.0,46.25,14.375
2026-04-10 06:00:00+00:00,122,24,86.0,4.8,0.0,46.0,14.4375
2026-04-10 06:00:00+00:00,127,24,80.0,3.4,0.0,46.125,14.5
2026-04-10 06:00:00+00:00,129,24,88.0,4.1,0.0,46.0,14.5
2026-04-10 06:00:00+00:00,177,24,95.0,4.5,0.0,45.625,14.8125
2026-04-10 06:00:00+00:00,194,24,63.0,6.1,0.0,46.5,15.0625
2026-04-10 06:00:00+00:00,236,24,87.0,4.7,0.0,45.8125,15.1875
2026-04-10 06:00:00+00:00,325,24,66.0,5.0,0.0,46.5625,15.625
2026-04-10 06:00:00+00:00,391,24,75.0,3.2,0.0,46.6875,16.0625
2026-04-10 06:00:00+00:00,422,24,75.0,4.6,0.0,46.25,15.25
2026-04-10 06:00:00+00:00,425,24,95.0,4.9,0.0,45.9375,15.5
2026-04-10 06:00:00+00:00,426,24,99.0,11.2,0.0,45.5625,13.75
2026-04-10 09:00:00+00:00,63,24,514.0,11.1,0.0,46.375,14.0625
2026-04-10 09:00:00+00:00,76,24,518.0,11.1,0.0,46.3125,14.1875
2026-04-10 09:00:00+00:00,106,24,493.0,11.5,0.0,46.25,14.375
2026-04-10 09:00:00+00:00,122,24,548.0,12.6,0.0,46.0,14.4375
2026-04-10 09:00:00+00:00,127,24,526.0,11.8,0.0,46.125,14.5
2026-04-10 09:00:00+00:00,129,24,549.0,13.0,0.0,46.0,14.5
2026-04-10 09:00:00+00:00,177,24,600.0,10.5,0.0,45.625,14.8125
2026-04-10 09:00:00+00:00,194,24,479.0,11.6,0.0,46.5,15.0625
2026-04-10 09:00:00+00:00,236,24,528.0,12.4,0.0,45.8125,15.1875
2026-04-10 09:00:00+00:00,325,24,437.0,9.1,0.0,46.5625,15.625
2026-04-10 09:00:00+00:00,391,24,341.0,7.9,0.0,46.6875,16.0625
2026-04-10 09:00:00+00:00,422,24,492.0,11.4,0.0,46.25,15.25
2026-04-10 09:00:00+00:00,425,24,456.0,11.8,0.0,45.9375,15.5
2026-04-10 09:00:00+00:00,426,24,594.0,17.4,0.0,45.5625,13.75
2026-04-10 12:00:00+00:00,63,24,462.0,13.9,0.0,46.375,14.0625
2026-04-10 12:00:00+00:00,76,24,433.0,13.5,0.0,46.3125,14.1875
2026-04-10 12:00:00+00:00,106,24,454.0,14.5,0.0,46.25,14.375
2026-04-10 12:00:00+00:00,122,24,483.0,15.9,0.0,46.0,14.4375
2026-04-10 12:00:00+00:00,127,24,438.0,14.9,0.0,46.125,14.5
2026-04-10 12:00:00+00:00,129,24,495.0,16.1,0.0,46.0,14.5
2026-04-10 12:00:00+00:00,177,24,517.0,13.5,0.0,45.625,14.8125
2026-04-10 12:00:00+00:00,194,24,416.0,13.7,0.0,46.5,15.0625
2026-04-10 12:00:00+00:00,236,24,428.0,15.0,0.0,45.8125,15.1875
2026-04-10 12:00:00+00:00,325,24,399.0,10.9,0.0,46.5625,15.625
2026-04-10 12:00:00+00:00,391,24,271.0,9.5,0.0,46.6875,16.0625
2026-04-10 12:00:00+00:00,422,24,415.0,15.1,0.0,46.25,15.25
2026-04-10 12:00:00+00:00,425,24,355.0,14.6,0.0,45.9375,15.5
2026-04-10 12:00:00+00:00,426,24,413.0,16.3,0.0,45.5625,13.75
2026-04-10 15:00:00+00:00,63,24,239.0,13.3,0.0,46.375,14.0625
2026-04-10 15:00:00+00:00,76,24,199.0,12.9,0.0,46.3125,14.1875
2026-04-10 15:00:00+00:00,106,24,192.0,14.3,0.0,46.25,14.375
2026-04-10 15:00:00+00:00,122,24,171.0,15.5,0.0,46.0,14.4375
2026-04-10 15:00:00+00:00,127,24,153.0,14.9,0.0,46.125,14.5
2026-04-10 15:00:00+00:00,129,24,168.0,15.5,0.0,46.0,14.5
2026-04-10 15:00:00+00:00,177,24,242.0,12.2,0.0,45.625,14.8125
2026-04-10 15:00:00+00:00,194,24,195.0,9.0,0.4,46.5,15.0625
2026-04-10 15:00:00+00:00,236,24,193.0,14.9,0.0,45.8125,15.1875
2026-04-10 15:00:00+00:00,325,24,133.0,8.1,0.3,46.5625,15.625
2026-04-10 15:00:00+00:00,391,24,99.0,7.0,1.0,46.6875,16.0625
2026-04-10 15:00:00+00:00,422,24,177.0,11.6,0.0,46.25,15.25
2026-04-10 15:00:00+00:00,425,24,162.0,14.4,0.0,45.9375,15.5
2026-04-10 15:00:00+00:00,426,24,179.0,15.8,0.0,45.5625,13.75
2026-04-10 18:00:00+00:00,63,24,7.0,9.2,0.0,46.375,14.0625
2026-04-10 18:00:00+00:00,76,24,6.0,9.2,0.0,46.3125,14.1875
2026-04-10 18:00:00+00:00,106,24,8.0,10.1,0.0,46.25,14.375
2026-04-10 18:00:00+00:00,122,24,5.0,10.1,0.1,46.0,14.4375
2026-04-10 18:00:00+00:00,127,24,6.0,10.1,0.0,46.125,14.5
2026-04-10 18:00:00+00:00,129,24,4.0,10.1,0.1,46.0,14.5
2026-04-10 18:00:00+00:00,177,24,7.0,7.5,0.0,45.625,14.8125
2026-04-10 18:00:00+00:00,194,24,7.0,6.7,0.0,46.5,15.0625
2026-04-10 18:00:00+00:00,236,24,4.0,9.0,0.0,45.8125,15.1875
2026-04-10 18:00:00+00:00,325,24,4.0,5.9,0.0,46.5625,15.625
2026-04-10 18:00:00+00:00,391,24,4.0,5.9,0.0,46.6875,16.0625
2026-04-10 18:00:00+00:00,422,24,5.0,7.3,0.0,46.25,15.25
2026-04-10 18:00:00+00:00,425,24,4.0,8.5,0.0,45.9375,15.5
2026-04-10 18:00:00+00:00,426,24,9.0,14.0,0.0,45.5625,13.75
2026-04-10 21:00:00+00:00,63,24,0.0,6.4,0.0,46.375,14.0625
2026-04-10 21:00:00+00:00,76,24,0.0,7.0,0.0,46.3125,14.1875
2026-04-10 21:00:00+00:00,106,24,0.0,7.8,0.0,46.25,14.375
2026-04-10 21:00:00+00:00,122,24,0.0,7.7,0.0,46.0,14.4375
2026-04-10 21:00:00+00:00,127,24,0.0,8.1,0.0,46.125,14.5
2026-04-10 21:00:00+00:00,129,24,0.0,7.7,0.0,46.0,14.5
2026-04-10 21:00:00+00:00,177,24,0.0,5.3,0.0,45.625,14.8125
2026-04-10 21:00:00+00:00,194,24,0.0,6.1,0.0,46.5,15.0625
2026-04-10 21:00:00+00:00,236,24,0.0,7.1,0.0,45.8125,15.1875
2026-04-10 21:00:00+00:00,325,24,0.0,5.5,0.0,46.5625,15.625
2026-04-10 21:00:00+00:00,391,24,0.0,4.5,0.0,46.6875,16.0625
2026-04-10 21:00:00+00:00,422,24,0.0,5.9,0.0,46.25,15.25
2026-04-10 21:00:00+00:00,425,24,0.0,7.0,0.0,45.9375,15.5
2026-04-10 21:00:00+00:00,426,24,0.0,11.3,0.0,45.5625,13.75
2026-04-10 01:00:00+00:00,63,1,0.0,3.2,0.0,46.375,14.0625
2026-04-10 01:00:00+00:00,76,1,0.0,4.7,0.0,46.3125,14.1875
2026-04-10 01:00:00+00:00,106,1,0.0,4.8,0.0,46.25,14.375
2026-04-10 01:00:00+00:00,122,1,0.0,3.8,0.0,46.0,14.4375
2026-04-10 01:00:00+00:00,127,1,0.0,3.4,0.0,46.125,14.5
2026-04-10 01:00:00+00:00,129,1,0.0,2.1,0.0,46.0,14.5
2026-04-10 01:00:00+00:00,177,1,0.0,2.3,0.0,45.625,14.8125
2026-04-10 01:00:00+00:00,194,1,0.0,4.4,0.0,46.5,15.0625
2026-04-10 01:00:00+00:00,236,1,0.0,3.9,0.0,45.8125,15.1875
2026-04-10 01:00:00+00:00,325,1,0.0,3.5,0.0,46.5625,15.625
2026-04-10 01:00:00+00:00,391,1,0.0,2.0,0.0,46.6875,16.0625
2026-04-10 01:00:00+00:00,422,1,0.0,2.7,0.0,46.25,15.25
2026-04-10 01:00:00+00:00,425,1,0.0,3.4,0.0,45.9375,15.5
2026-04-10 01:00:00+00:00,426,1,0.0,7.0,0.0,45.5625,13.75
2026-04-10 02:00:00+00:00,63,2,0.0,3.1,0.0,46.375,14.0625
2026-04-10 02:00:00+00:00,76,2,0.0,4.3,0.0,46.3125,14.1875
2026-04-10 02:00:00+00:00,106,2,0.0,4.7,0.0,46.25,14.375
2026-04-10 02:00:00+00:00,122,2,0.0,3.6,0.0,46.0,14.4375
2026-04-10 02:00:00+00:00,127,2,0.0,2.6,0.0,46.125,14.5
2026-04-10 02:00:00+00:00,129,2,0.0,2.1,0.0,46.0,14.5
2026-04-10 02:00:00+00:00,177,2,0.0,2.0,0.0,45.625,14.8125
2026-04-10 02:00:00+00:00,194,2,0.0,4.2,0.0,46.5,15.0625
2026-04-10 02:00:00+00:00,236,2,0.0,3.5,0.0,45.8125,15.1875
2026-04-10 02:00:00+00:00,325,2,0.0,4.0,0.0,46.5625,15.625
2026-04-10 02:00:00+00:00,391,2,0.0,1.8,0.0,46.6875,16.0625
2026-04-10 02:00:00+00:00,422,2,0.0,2.0,0.0,46.25,15.25
2026-04-10 02:00:00+00:00,425,2,0.0,3.4,0.0,45.9375,15.5
2026-04-10 02:00:00+00:00,426,2,0.0,7.2,0.0,45.5625,13.75
2026-04-10 03:00:00+00:00,63,3,0.0,3.2,0.0,46.375,14.0625
2026-04-10 03:00:00+00:00,76,3,0.0,3.7,0.0,46.3125,14.1875
2026-04-10 03:00:00+00:00,106,3,0.0,4.7,0.0,46.25,14.375
2026-04-10 03:00:00+00:00,122,3,0.0,3.3,0.0,46.0,14.4375
2026-04-10 03:00:00+00:00,127,3,0.0,1.9,0.0,46.125,14.5
2026-04-10 03:00:00+00:00,129,3,0.0,1.8,0.0,46.0,14.5
2026-04-10 03:00:00+00:00,177,3,0.0,1.9,0.0,45.625,14.8125
2026-04-10 03:00:00+00:00,194,3,0.0,3.9,0.0,46.5,15.0625
2026-04-10 03:00:00+00:00,236,3,0.0,2.9,0.0,45.8125,15.1875
2026-04-10 03:00:00+00:00,325,3,0.0,3.2,0.0,46.5625,15.625
2026-04-10 03:00:00+00:00,391,3,0.0,1.3,0.0,46.6875,16.0625
2026-04-10 03:00:00+00:00,422,3,0.0,1.6,0.0,46.25,15.25
2026-04-10 03:00:00+00:00,425,3,0.0,3.3,0.0,45.9375,15.5
2026-04-10 03:00:00+00:00,426,3,0.0,7.4,0.0,45.5625,13.75
2026-04-10 04:00:00+00:00,63,1,0.0,2.5,0.0,46.375,14.0625
2026-04-10 04:00:00+00:00,76,1,0.0,3.8,0.0,46.3125,14.1875
2026-04-10 04:00:00+00:00,106,1,0.0,4.7,0.0,46.25,14.375
2026-04-10 04:00:00+00:00,122,1,0.0,2.8,0.0,46.0,14.4375
2026-04-10 04:00:00+00:00,127,1,0.0,1.4,0.0,46.125,14.5
2026-04-10 04:00:00+00:00,129,1,0.0,1.5,0.0,46.0,14.5
2026-04-10 04:00:00+00:00,177,1,0.0,2.1,0.0,45.625,14.8125
2026-04-10 04:00:00+00:00,194,1,0.0,3.8,0.0,46.5,15.0625
2026-04-10 04:00:00+00:00,236,1,0.0,2.0,0.0,45.8125,15.1875
2026-04-10 04:00:00+00:00,325,1,0.0,2.7,0.0,46.5625,15.625
2026-04-10 04:00:00+00:00,391,1,0.0,0.2,0.0,46.6875,16.0625
2026-04-10 04:00:00+00:00,422,1,0.0,2.0,0.0,46.25,15.25
2026-04-10 04:00:00+00:00,425,1,0.0,3.1,0.0,45.9375,15.5
2026-04-10 04:00:00+00:00,426,1,0.0,7.8,0.0,45.5625,13.75
2026-04-10 05:00:00+00:00,63,2,8.0,2.7,0.0,46.375,14.0625
2026-04-10 05:00:00+00:00,76,2,9.0,3.9,0.0,46.3125,14.1875
2026-04-10 05:00:00+00:00,106,2,9.0,4.7,0.0,46.25,14.375
2026-04-10 05:00:00+00:00,122,2,9.0,2.7,0.0,46.0,14.4375
2026-04-10 05:00:00+00:00,127,2,9.0,1.2,0.0,46.125,14.5
2026-04-10 05:00:00+00:00,129,2,9.0,1.5,0.0,46.0,14.5
2026-04-10 05:00:00+00:00,177,2,11.0,2.6,0.0,45.625,14.8125
2026-04-10 05:00:00+00:00,194,2,10.0,4.1,0.0,46.5,15.0625
2026-04-10 05:00:00+00:00,236,2,10.0,2.2,0.0,45.8125,15.1875
2026-04-10 05:00:00+00:00,325,2,9.0,2.9,0.0,46.5625,15.625
2026-04-10 05:00:00+00:00,391,2,14.0,-0.0,0.0,46.6875,16.0625
2026-04-10 05:00:00+00:00,422,2,11.0,2.5,0.0,46.25,15.25
2026-04-10 05:00:00+00:00,425,2,12.0,2.9,0.0,45.9375,15.5
2026-04-10 05:00:00+00:00,426,2,8.0,8.2,0.0,45.5625,13.75
2026-04-10 06:00:00+00:00,63,3,93.0,4.3,0.0,46.375,14.0625
2026-04-10 06:00:00+00:00,63,6,96.0,4.4,0.0,46.375,14.0625
2026-04-10 06:00:00+00:00,76,3,103.0,6.1,0.0,46.3125,14.1875
2026-04-10 06:00:00+00:00,76,6,104.0,6.2,0.0,46.3125,14.1875
2026-04-10 06:00:00+00:00,106,3,105.0,6.2,0.0,46.25,14.375
2026-04-10 06:00:00+00:00,106,6,104.0,6.3,0.0,46.25,14.375
2026-04-10 06:00:00+00:00,122,3,111.0,4.7,0.0,46.0,14.4375
2026-04-10 06:00:00+00:00,122,6,109.0,5.0,0.0,46.0,14.4375
2026-04-10 06:00:00+00:00,127,3,110.0,3.5,0.0,46.125,14.5
2026-04-10 06:00:00+00:00,127,6,103.0,3.7,0.0,46.125,14.5
2026-04-10 06:00:00+00:00,129,3,110.0,3.8,0.0,46.0,14.5
2026-04-10 06:00:00+00:00,129,6,108.0,4.1,0.0,46.0,14.5
2026-04-10 06:00:00+00:00,177,3,117.0,4.6,0.0,45.625,14.8125
2026-04-10 06:00:00+00:00,177,6,108.0,4.6,0.0,45.625,14.8125
2026-04-10 06:00:00+00:00,194,3,95.0,6.2,0.0,46.5,15.0625
2026-04-10 06:00:00+00:00,194,6,98.0,6.3,0.0,46.5,15.0625
2026-04-10 06:00:00+00:00,236,3,107.0,4.5,0.0,45.8125,15.1875
2026-04-10 06:00:00+00:00,236,6,105.0,4.6,0.0,45.8125,15.1875
2026-04-10 06:00:00+00:00,325,3,82.0,4.1,0.0,46.5625,15.625
2026-04-10 06:00:00+00:00,325,6,77.0,4.4,0.0,46.5625,15.625
2026-04-10 06:00:00+00:00,391,3,69.0,2.0,0.0,46.6875,16.0625
2026-04-10 06:00:00+00:00,391,6,63.0,2.3,0.0,46.6875,16.0625
2026-04-10 06:00:00+00:00,422,3,103.0,4.5,0.0,46.25,15.25
2026-04-10 06:00:00+00:00,422,6,106.0,4.9,0.0,46.25,15.25
2026-04-10 06:00:00+00:00,425,3,108.0,4.7,0.0,45.9375,15.5
2026-04-10 06:00:00+00:00,425,6,105.0,5.1,0.0,45.9375,15.5
2026-04-10 06:00:00+00:00,426,3,87.0,10.5,0.0,45.5625,13.75
2026-04-10 06:00:00+00:00,426,6,96.0,10.6,0.0,45.5625,13.75
2026-04-10 07:00:00+00:00,63,1,249.0,7.1,0.0,46.375,14.0625
2026-04-10 07:00:00+00:00,76,1,243.0,8.6,0.0,46.3125,14.1875
2026-04-10 07:00:00+00:00,106,1,255.0,8.8,0.0,46.25,14.375
2026-04-10 07:00:00+00:00,122,1,262.0,7.8,0.0,46.0,14.4375
2026-04-10 07:00:00+00:00,127,1,261.0,6.6,0.0,46.125,14.5
2026-04-10 07:00:00+00:00,129,1,268.0,7.3,0.0,46.0,14.5
2026-04-10 07:00:00+00:00,177,1,302.0,7.4,0.0,45.625,14.8125
2026-04-10 07:00:00+00:00,194,1,209.0,8.7,0.0,46.5,15.0625
2026-04-10 07:00:00+00:00,236,1,275.0,8.1,0.0,45.8125,15.1875
2026-04-10 07:00:00+00:00,325,1,210.0,5.5,0.0,46.5625,15.625
2026-04-10 07:00:00+00:00,391,1,139.0,4.2,0.0,46.6875,16.0625
2026-04-10 07:00:00+00:00,422,1,264.0,7.4,0.0,46.25,15.25
2026-04-10 07:00:00+00:00,425,1,270.0,8.1,0.0,45.9375,15.5
2026-04-10 07:00:00+00:00,426,1,252.0,14.1,0.0,45.5625,13.75
2026-04-10 08:00:00+00:00,63,2,439.0,9.6,0.0,46.375,14.0625
2026-04-10 08:00:00+00:00,76,2,433.0,10.3,0.0,46.3125,14.1875
2026-04-10 08:00:00+00:00,106,2,419.0,10.4,0.0,46.25,14.375
2026-04-10 08:00:00+00:00,122,2,410.0,10.2,0.0,46.0,14.4375
2026-04-10 08:00:00+00:00,127,2,430.0,9.9,0.0,46.125,14.5
2026-04-10 08:00:00+00:00,129,2,414.0,9.9,0.0,46.0,14.5
2026-04-10 08:00:00+00:00,177,2,465.0,9.4,0.0,45.625,14.8125
2026-04-10 08:00:00+00:00,194,2,388.0,10.7,0.0,46.5,15.0625
2026-04-10 08:00:00+00:00,236,2,405.0,10.5,0.0,45.8125,15.1875
2026-04-10 08:00:00+00:00,325,2,263.0,6.3,0.0,46.5625,15.625
2026-04-10 08:00:00+00:00,391,2,197.0,5.6,0.0,46.6875,16.0625
2026-04-10 08:00:00+00:00,422,2,441.0,9.7,0.0,46.25,15.25
2026-04-10 08:00:00+00:00,425,2,405.0,10.4,0.0,45.9375,15.5
2026-04-10 08:00:00+00:00,426,2,432.0,15.9,0.0,45.5625,13.75
2026-04-10 09:00:00+00:00,63,3,554.0,11.7,0.0,46.375,14.0625
2026-04-10 09:00:00+00:00,63,6,488.0,11.6,0.0,46.375,14.0625
2026-04-10 09:00:00+00:00,76,3,562.0,11.7,0.0,46.3125,14.1875
2026-04-10 09:00:00+00:00,76,6,477.0,11.5,0.0,46.3125,14.1875
2026-04-10 09:00:00+00:00,106,3,532.0,11.9,0.0,46.25,14.375
2026-04-10 09:00:00+00:00,106,6,471.0,11.8,0.0,46.25,14.375
2026-04-10 09:00:00+00:00,122,3,555.0,12.3,0.0,46.0,14.4375
2026-04-10 09:00:00+00:00,122,6,492.0,12.1,0.0,46.0,14.4375
2026-04-10 09:00:00+00:00,127,3,568.0,11.9,0.0,46.125,14.5
2026-04-10 09:00:00+00:00,127,6,477.0,11.7,0.0,46.125,14.5
2026-04-10 09:00:00+00:00,129,3,563.0,12.4,0.0,46.0,14.5
2026-04-10 09:00:00+00:00,129,6,500.0,12.2,0.0,46.0,14.5
2026-04-10 09:00:00+00:00,177,3,616.0,11.5,0.0,45.625,14.8125
2026-04-10 09:00:00+00:00,177,6,603.0,11.7,0.0,45.625,14.8125
2026-04-10 09:00:00+00:00,194,3,490.0,12.0,0.0,46.5,15.0625
2026-04-10 09:00:00+00:00,194,6,444.0,11.9,0.0,46.5,15.0625
2026-04-10 09:00:00+00:00,236,3,565.0,12.7,0.0,45.8125,15.1875
2026-04-10 09:00:00+00:00,236,6,522.0,12.6,0.0,45.8125,15.1875
2026-04-10 09:00:00+00:00,325,3,401.0,7.6,0.0,46.5625,15.625
2026-04-10 09:00:00+00:00,325,6,419.0,7.8,0.0,46.5625,15.625
2026-04-10 09:00:00+00:00,391,3,222.0,6.4,0.1,46.6875,16.0625
2026-04-10 09:00:00+00:00,391,6,213.0,6.1,0.0,46.6875,16.0625
2026-04-10 09:00:00+00:00,422,3,527.0,11.3,0.0,46.25,15.25
2026-04-10 09:00:00+00:00,422,6,452.0,10.9,0.0,46.25,15.25
2026-04-10 09:00:00+00:00,425,3,557.0,12.1,0.0,45.9375,15.5
2026-04-10 09:00:00+00:00,425,6,535.0,12.0,0.0,45.9375,15.5
2026-04-10 09:00:00+00:00,426,3,617.0,17.0,0.0,45.5625,13.75
2026-04-10 09:00:00+00:00,426,6,564.0,16.9,0.0,45.5625,13.75
2026-04-10 10:00:00+00:00,63,1,617.0,13.3,0.0,46.375,14.0625
2026-04-10 10:00:00+00:00,76,1,591.0,12.8,0.0,46.3125,14.1875
2026-04-10 10:00:00+00:00,106,1,568.0,13.1,0.0,46.25,14.375
2026-04-10 10:00:00+00:00,122,1,573.0,13.7,0.0,46.0,14.4375
2026-04-10 10:00:00+00:00,127,1,574.0,13.2,0.0,46.125,14.5
2026-04-10 10:00:00+00:00,129,1,567.0,13.9,0.0,46.0,14.5
2026-04-10 10:00:00+00:00,177,1,655.0,12.5,0.0,45.625,14.8125
2026-04-10 10:00:00+00:00,194,1,424.0,12.6,0.0,46.5,15.0625
2026-04-10 10:00:00+00:00,236,1,564.0,13.6,0.0,45.8125,15.1875
2026-04-10 10:00:00+00:00,325,1,515.0,9.0,0.0,46.5625,15.625
2026-04-10 10:00:00+00:00,391,1,272.0,7.4,0.0,46.6875,16.0625
2026-04-10 10:00:00+00:00,422,1,527.0,12.5,0.0,46.25,15.25
2026-04-10 10:00:00+00:00,425,1,525.0,12.8,0.0,45.9375,15.5
2026-04-10 10:00:00+00:00,426,1,726.0,17.3,0.0,45.5625,13.75
2026-04-10 11:00:00+00:00,63,2,685.0,14.5,0.0,46.375,14.0625
2026-04-10 11:00:00+00:00,76,2,691.0,14.1,0.0,46.3125,14.1875
2026-04-10 11:00:00+00:00,106,2,635.0,14.5,0.0,46.25,14.375
2026-04-10 11:00:00+00:00,122,2,611.0,15.2,0.0,46.0,14.4375
2026-04-10 11:00:00+00:00,127,2,673.0,14.7,0.0,46.125,14.5
2026-04-10 11:00:00+00:00,129,2,608.0,15.3,0.0,46.0,14.5
2026-04-10 11:00:00+00:00,177,2,535.0,13.1,0.0,45.625,14.8125
2026-04-10 11:00:00+00:00,194,2,448.0,13.2,0.0,46.5,15.0625
2026-04-10 11:00:00+00:00,236,2,462.0,14.2,0.0,45.8125,15.1875
2026-04-10 11:00:00+00:00,325,2,427.0,9.4,0.0,46.5625,15.625
2026-04-10 11:00:00+00:00,391,2,302.0,8.2,0.0,46.6875,16.0625
2026-04-10 11:00:00+00:00,422,2,411.0,12.9,0.0,46.25,15.25
2026-04-10 11:00:00+00:00,425,2,401.0,13.3,0.0,45.9375,15.5
2026-04-10 11:00:00+00:00,426,2,770.0,17.3,0.0,45.5625,13.75
2026-04-10 12:00:00+00:00,63,3,622.0,14.8,0.0,46.375,14.0625
2026-04-10 12:00:00+00:00,63,6,620.0,15.1,0.0,46.375,14.0625
2026-04-10 12:00:00+00:00,76,3,592.0,14.3,0.0,46.3125,14.1875
2026-04-10 12:00:00+00:00,76,6,563.0,14.4,0.0,46.3125,14.1875
2026-04-10 12:00:00+00:00,106,3,578.0,14.9,0.0,46.25,14.375
2026-04-10 12:00:00+00:00,106,6,512.0,15.1,0.0,46.25,14.375
2026-04-10 12:00:00+00:00,122,3,641.0,16.4,0.0,46.0,14.4375
2026-04-10 12:00:00+00:00,122,6,613.0,16.4,0.0,46.0,14.4375
2026-04-10 12:00:00+00:00,127,3,645.0,15.9,0.0,46.125,14.5
2026-04-10 12:00:00+00:00,127,6,579.0,15.7,0.0,46.125,14.5
2026-04-10 12:00:00+00:00,129,3,644.0,16.5,0.0,46.0,14.5
2026-04-10 12:00:00+00:00,129,6,605.0,16.4,0.0,46.0,14.5
2026-04-10 12:00:00+00:00,177,3,510.0,13.4,0.0,45.625,14.8125
2026-04-10 12:00:00+00:00,177,6,480.0,13.9,0.0,45.625,14.8125
2026-04-10 12:00:00+00:00,194,3,478.0,13.5,0.0,46.5,15.0625
2026-04-10 12:00:00+00:00,194,6,465.0,13.5,0.0,46.5,15.0625
2026-04-10 12:00:00+00:00,236,3,475.0,14.9,0.0,45.8125,15.1875
2026-04-10 12:00:00+00:00,236,6,470.0,15.0,0.0,45.8125,15.1875
2026-04-10 12:00:00+00:00,325,3,342.0,9.4,0.0,46.5625,15.625
2026-04-10 12:00:00+00:00,325,6,348.0,9.3,0.0,46.5625,15.625
2026-04-10 12:00:00+00:00,391,3,273.0,8.4,0.0,46.6875,16.0625
2026-04-10 12:00:00+00:00,391,6,273.0,8.3,0.0,46.6875,16.0625
2026-04-10 12:00:00+00:00,422,3,388.0,13.1,0.0,46.25,15.25
2026-04-10 12:00:00+00:00,422,6,440.0,13.7,0.0,46.25,15.25
2026-04-10 12:00:00+00:00,425,3,407.0,14.0,0.0,45.9375,15.5
2026-04-10 12:00:00+00:00,425,6,412.0,14.3,0.0,45.9375,15.5
2026-04-10 12:00:00+00:00,426,3,760.0,17.4,0.0,45.5625,13.75
2026-04-10 12:00:00+00:00,426,6,719.0,17.5,0.0,45.5625,13.75
2026-04-10 13:00:00+00:00,63,1,467.0,14.4,0.0,46.375,14.0625
2026-04-10 13:00:00+00:00,76,1,474.0,14.0,0.0,46.3125,14.1875
2026-04-10 13:00:00+00:00,106,1,403.0,14.7,0.0,46.25,14.375
2026-04-10 13:00:00+00:00,122,1,477.0,16.1,0.0,46.0,14.4375
2026-04-10 13:00:00+00:00,127,1,487.0,15.5,0.0,46.125,14.5
2026-04-10 13:00:00+00:00,129,1,464.0,16.1,0.0,46.0,14.5
2026-04-10 13:00:00+00:00,177,1,423.0,13.1,0.0,45.625,14.8125
2026-04-10 13:00:00+00:00,194,1,355.0,12.3,0.2,46.5,15.0625
2026-04-10 13:00:00+00:00,236,1,383.0,14.9,0.0,45.8125,15.1875
2026-04-10 13:00:00+00:00,325,1,281.0,8.6,0.0,46.5625,15.625
2026-04-10 13:00:00+00:00,391,1,207.0,7.9,0.0,46.6875,16.0625
2026-04-10 13:00:00+00:00,422,1,380.0,12.8,0.0,46.25,15.25
2026-04-10 13:00:00+00:00,425,1,410.0,14.4,0.0,45.9375,15.5
2026-04-10 13:00:00+00:00,426,1,526.0,16.0,0.0,45.5625,13.75
2026-04-10 14:00:00+00:00,63,2,324.0,13.9,0.1,46.375,14.0625
2026-04-10 14:00:00+00:00,76,2,279.0,13.4,0.0,46.3125,14.1875
2026-04-10 14:00:00+00:00,106,2,246.0,14.4,0.0,46.25,14.375
2026-04-10 14:00:00+00:00,122,2,241.0,15.1,0.0,46.0,14.4375
2026-04-10 14:00:00+00:00,127,2,239.0,15.1,0.0,46.125,14.5
2026-04-10 14:00:00+00:00,129,2,251.0,15.1,0.0,46.0,14.5
2026-04-10 14:00:00+00:00,177,2,324.0,12.5,0.0,45.625,14.8125
2026-04-10 14:00:00+00:00,194,2,207.0,10.4,0.3,46.5,15.0625
2026-04-10 14:00:00+00:00,236,2,252.0,14.3,0.0,45.8125,15.1875
2026-04-10 14:00:00+00:00,325,2,157.0,7.6,0.3,46.5625,15.625
2026-04-10 14:00:00+00:00,391,2,148.0,7.1,0.3,46.6875,16.0625
2026-04-10 14:00:00+00:00,422,2,210.0,10.8,0.0,46.25,15.25
2026-04-10 14:00:00+00:00,425,2,215.0,13.7,0.0,45.9375,15.5
2026-04-10 14:00:00+00:00,426,2,334.0,15.3,0.0,45.5625,13.75
2026-04-10 15:00:00+00:00,63,3,299.0,13.3,0.0,46.375,14.0625
2026-04-10 15:00:00+00:00,63,6,246.0,13.4,0.0,46.375,14.0625
2026-04-10 15:00:00+00:00,76,3,259.0,13.0,0.0,46.3125,14.1875
2026-04-10 15:00:00+00:00,76,6,208.0,13.3,0.0,46.3125,14.1875
2026-04-10 15:00:00+00:00,106,3,230.0,14.4,0.0,46.25,14.375
2026-04-10 15:00:00+00:00,106,6,203.0,15.0,0.0,46.25,14.375
2026-04-10 15:00:00+00:00,122,3,167.0,14.3,0.0,46.0,14.4375
2026-04-10 15:00:00+00:00,122,6,169.0,15.0,0.0,46.0,14.4375
2026-04-10 15:00:00+00:00,127,3,193.0,14.1,0.0,46.125,14.5
2026-04-10 15:00:00+00:00,127,6,188.0,14.6,0.0,46.125,14.5
2026-04-10 15:00:00+00:00,129,3,165.0,14.2,0.0,46.0,14.5
2026-04-10 15:00:00+00:00,129,6,161.0,14.7,0.0,46.0,14.5
2026-04-10 15:00:00+00:00,177,3,221.0,11.5,0.0,45.625,14.8125
2026-04-10 15:00:00+00:00,177,6,196.0,11.5,0.0,45.625,14.8125
2026-04-10 15:00:00+00:00,194,3,176.0,8.8,0.1,46.5,15.0625
2026-04-10 15:00:00+00:00,194,6,178.0,8.9,0.1,46.5,15.0625
2026-04-10 15:00:00+00:00,236,3,160.0,13.6,0.0,45.8125,15.1875
2026-04-10 15:00:00+00:00,236,6,170.0,13.8,0.0,45.8125,15.1875
2026-04-10 15:00:00+00:00,325,3,118.0,7.1,0.2,46.5625,15.625
2026-04-10 15:00:00+00:00,325,6,104.0,7.5,0.2,46.5625,15.625
2026-04-10 15:00:00+00:00,391,3,100.0,6.1,0.7,46.6875,16.0625
2026-04-10 15:00:00+00:00,391,6,103.0,6.8,0.6,46.6875,16.0625
2026-04-10 15:00:00+00:00,422,3,156.0,9.5,0.1,46.25,15.25
2026-04-10 15:00:00+00:00,422,6,162.0,10.0,0.1,46.25,15.25
2026-04-10 15:00:00+00:00,425,3,117.0,11.2,0.1,45.9375,15.5
2026-04-10 15:00:00+00:00,425,6,125.0,11.2,0.1,45.9375,15.5
2026-04-10 15:00:00+00:00,426,3,187.0,15.0,0.0,45.5625,13.75
2026-04-10 15:00:00+00:00,426,6,230.0,15.4,0.0,45.5625,13.75
2026-04-10 16:00:00+00:00,63,1,178.0,12.6,0.0,46.375,14.0625
2026-04-10 16:00:00+00:00,76,1,161.0,12.6,0.0,46.3125,14.1875
2026-04-10 16:00:00+00:00,106,1,147.0,13.7,0.0,46.25,14.375
2026-04-10 16:00:00+00:00,122,1,131.0,13.8,0.0,46.0,14.4375
2026-04-10 16:00:00+00:00,127,1,162.0,13.5,0.0,46.125,14.5
2026-04-10 16:00:00+00:00,129,1,131.0,13.8,0.0,46.0,14.5
2026-04-10 16:00:00+00:00,177,1,125.0,10.4,0.0,45.625,14.8125
2026-04-10 16:00:00+00:00,194,1,100.0,7.6,0.3,46.5,15.0625
2026-04-10 16:00:00+00:00,236,1,118.0,12.1,0.0,45.8125,15.1875
2026-04-10 16:00:00+00:00,325,1,75.0,6.4,0.2,46.5625,15.625
2026-04-10 16:00:00+00:00,391,1,51.0,5.2,0.8,46.6875,16.0625
2026-04-10 16:00:00+00:00,422,1,109.0,9.0,0.0,46.25,15.25
2026-04-10 16:00:00+00:00,425,1,112.0,10.2,0.0,45.9375,15.5
2026-04-10 16:00:00+00:00,426,1,123.0,15.1,0.0,45.5625,13.75
2026-04-10 17:00:00+00:00,63,2,62.0,11.2,0.0,46.375,14.0625
2026-04-10 17:00:00+00:00,76,2,60.0,11.3,0.0,46.3125,14.1875
2026-04-10 17:00:00+00:00,106,2,50.0,12.4,0.0,46.25,14.375
2026-04-10 17:00:00+00:00,122,2,64.0,12.4,0.0,46.0,14.4375
2026-04-10 17:00:00+00:00,127,2,55.0,12.1,0.0,46.125,14.5
2026-04-10 17:00:00+00:00,129,2,65.0,12.4,0.0,46.0,14.5
2026-04-10 17:00:00+00:00,177,2,61.0,9.3,0.0,45.625,14.8125
2026-04-10 17:00:00+00:00,194,2,27.0,7.1,0.4,46.5,15.0625
2026-04-10 17:00:00+00:00,236,2,63.0,10.0,0.0,45.8125,15.1875
2026-04-10 17:00:00+00:00,325,2,29.0,5.9,0.2,46.5625,15.625
2026-04-10 17:00:00+00:00,391,2,35.0,4.6,0.2,46.6875,16.0625
2026-04-10 17:00:00+00:00,422,2,30.0,7.6,0.3,46.25,15.25
2026-04-10 17:00:00+00:00,425,2,47.0,8.9,0.0,45.9375,15.5
2026-04-10 17:00:00+00:00,426,2,60.0,14.5,0.0,45.5625,13.75
2026-04-10 18:00:00+00:00,63,3,6.0,9.8,0.1,46.375,14.0625
2026-04-10 18:00:00+00:00,63,6,7.0,9.5,0.0,46.375,14.0625
2026-04-10 18:00:00+00:00,76,3,5.0,9.9,0.1,46.3125,14.1875
2026-04-10 18:00:00+00:00,76,6,7.0,9.6,0.0,46.3125,14.1875
2026-04-10 18:00:00+00:00,106,3,6.0,10.6,0.0,46.25,14.375
2026-04-10 18:00:00+00:00,106,6,7.0,10.3,0.0,46.25,14.375
2026-04-10 18:00:00+00:00,122,3,6.0,10.5,0.0,46.0,14.4375
2026-04-10 18:00:00+00:00,122,6,6.0,10.1,0.1,46.0,14.4375
2026-04-10 18:00:00+00:00,127,3,7.0,10.4,0.0,46.125,14.5
2026-04-10 18:00:00+00:00,127,6,8.0,10.1,0.0,46.125,14.5
2026-04-10 18:00:00+00:00,129,3,6.0,10.6,0.0,46.0,14.5
2026-04-10 18:00:00+00:00,129,6,6.0,10.2,0.1,46.0,14.5
2026-04-10 18:00:00+00:00,177,3,8.0,7.8,0.0,45.625,14.8125
2026-04-10 18:00:00+00:00,177,6,7.0,7.6,0.0,45.625,14.8125
2026-04-10 18:00:00+00:00,194,3,4.0,6.8,0.1,46.5,15.0625
2026-04-10 18:00:00+00:00,194,6,4.0,6.5,0.1,46.5,15.0625
2026-04-10 18:00:00+00:00,236,3,6.0,8.5,0.0,45.8125,15.1875
2026-04-10 18:00:00+00:00,236,6,6.0,8.5,0.0,45.8125,15.1875
2026-04-10 18:00:00+00:00,325,3,3.0,5.6,0.1,46.5625,15.625
2026-04-10 18:00:00+00:00,325,6,3.0,5.7,0.1,46.5625,15.625
2026-04-10 18:00:00+00:00,391,3,4.0,4.2,0.0,46.6875,16.0625
2026-04-10 18:00:00+00:00,391,6,3.0,4.5,0.0,46.6875,16.0625
2026-04-10 18:00:00+00:00,422,3,4.0,7.0,0.1,46.25,15.25
2026-04-10 18:00:00+00:00,422,6,3.0,7.0,0.1,46.25,15.25
2026-04-10 18:00:00+00:00,425,3,3.0,8.0,0.4,45.9375,15.5
2026-04-10 18:00:00+00:00,425,6,3.0,8.0,0.4,45.9375,15.5
2026-04-10 18:00:00+00:00,426,3,10.0,13.8,0.0,45.5625,13.75
2026-04-10 18:00:00+00:00,426,6,10.0,13.7,0.0,45.5625,13.75
2026-04-10 19:00:00+00:00,63,1,0.0,9.2,0.2,46.375,14.0625
2026-04-10 19:00:00+00:00,76,1,0.0,8.9,0.3,46.3125,14.1875
2026-04-10 19:00:00+00:00,106,1,0.0,9.7,0.1,46.25,14.375
2026-04-10 19:00:00+00:00,122,1,0.0,9.6,0.0,46.0,14.4375
2026-04-10 19:00:00+00:00,127,1,0.0,9.6,0.1,46.125,14.5
2026-04-10 19:00:00+00:00,129,1,0.0,9.6,0.0,46.0,14.5
2026-04-10 19:00:00+00:00,177,1,0.0,6.9,0.0,45.625,14.8125
2026-04-10 19:00:00+00:00,194,1,0.0,6.9,0.1,46.5,15.0625
2026-04-10 19:00:00+00:00,236,1,0.0,8.1,0.1,45.8125,15.1875
2026-04-10 19:00:00+00:00,325,1,0.0,5.3,0.0,46.5625,15.625
2026-04-10 19:00:00+00:00,391,1,0.0,4.2,0.0,46.6875,16.0625
2026-04-10 19:00:00+00:00,422,1,0.0,6.9,0.0,46.25,15.25
2026-04-10 19:00:00+00:00,425,1,0.0,7.7,0.2,45.9375,15.5
2026-04-10 19:00:00+00:00,426,1,0.0,13.4,0.0,45.5625,13.75
2026-04-10 20:00:00+00:00,63,2,0.0,8.3,0.1,46.375,14.0625
2026-04-10 20:00:00+00:00,76,2,0.0,8.1,0.1,46.3125,14.1875
2026-04-10 20:00:00+00:00,106,2,0.0,8.8,0.0,46.25,14.375
2026-04-10 20:00:00+00:00,122,2,0.0,8.8,0.0,46.0,14.4375
2026-04-10 20:00:00+00:00,127,2,0.0,8.9,0.0,46.125,14.5
2026-04-10 20:00:00+00:00,129,2,0.0,8.8,0.0,46.0,14.5
2026-04-10 20:00:00+00:00,177,2,0.0,6.1,0.1,45.625,14.8125
2026-04-10 20:00:00+00:00,194,2,0.0,6.9,0.0,46.5,15.0625
2026-04-10 20:00:00+00:00,236,2,0.0,7.5,0.1,45.8125,15.1875
2026-04-10 20:00:00+00:00,325,2,0.0,5.1,0.0,46.5625,15.625
2026-04-10 20:00:00+00:00,391,2,0.0,3.8,0.0,46.6875,16.0625
2026-04-10 20:00:00+00:00,422,2,0.0,6.7,0.0,46.25,15.25
2026-04-10 20:00:00+00:00,425,2,0.0,7.3,0.1,45.9375,15.5
2026-04-10 20:00:00+00:00,426,2,0.0,12.1,0.0,45.5625,13.75
2026-04-10 21:00:00+00:00,63,3,0.0,7.4,0.0,46.375,14.0625
2026-04-10 21:00:00+00:00,63,6,0.0,7.6,0.0,46.375,14.0625
2026-04-10 21:00:00+00:00,76,3,0.0,7.4,0.0,46.3125,14.1875
2026-04-10 21:00:00+00:00,76,6,0.0,7.4,0.0,46.3125,14.1875
2026-04-10 21:00:00+00:00,106,3,0.0,8.1,0.0,46.25,14.375
2026-04-10 21:00:00+00:00,106,6,0.0,8.0,0.0,46.25,14.375
2026-04-10 21:00:00+00:00,122,3,0.0,8.2,0.0,46.0,14.4375
2026-04-10 21:00:00+00:00,122,6,0.0,8.2,0.0,46.0,14.4375
2026-04-10 21:00:00+00:00,127,3,0.0,8.4,0.0,46.125,14.5
2026-04-10 21:00:00+00:00,127,6,0.0,8.4,0.0,46.125,14.5
2026-04-10 21:00:00+00:00,129,3,0.0,8.1,0.0,46.0,14.5
2026-04-10 21:00:00+00:00,129,6,0.0,8.2,0.0,46.0,14.5
2026-04-10 21:00:00+00:00,177,3,0.0,5.8,0.0,45.625,14.8125
2026-04-10 21:00:00+00:00,177,6,0.0,5.6,0.1,45.625,14.8125
2026-04-10 21:00:00+00:00,194,3,0.0,6.8,0.0,46.5,15.0625
2026-04-10 21:00:00+00:00,194,6,0.0,6.6,0.0,46.5,15.0625
2026-04-10 21:00:00+00:00,236,3,0.0,7.1,0.0,45.8125,15.1875
2026-04-10 21:00:00+00:00,236,6,0.0,7.2,0.0,45.8125,15.1875
2026-04-10 21:00:00+00:00,325,3,0.0,4.9,0.0,46.5625,15.625
2026-04-10 21:00:00+00:00,325,6,0.0,4.7,0.0,46.5625,15.625
2026-04-10 21:00:00+00:00,391,3,0.0,3.5,0.0,46.6875,16.0625
2026-04-10 21:00:00+00:00,391,6,0.0,3.2,0.0,46.6875,16.0625
2026-04-10 21:00:00+00:00,422,3,0.0,6.7,0.0,46.25,15.25
2026-04-10 21:00:00+00:00,422,6,0.0,6.6,0.0,46.25,15.25
2026-04-10 21:00:00+00:00,425,3,0.0,7.0,0.0,45.9375,15.5
2026-04-10 21:00:00+00:00,425,6,0.0,6.8,0.0,45.9375,15.5
2026-04-10 21:00:00+00:00,426,3,0.0,11.3,0.0,45.5625,13.75
2026-04-10 21:00:00+00:00,426,6,0.0,11.0,0.0,45.5625,13.75
2026-04-10 22:00:00+00:00,63,1,0.0,6.9,0.0,46.375,14.0625
2026-04-10 22:00:00+00:00,76,1,0.0,7.1,0.0,46.3125,14.1875
2026-04-10 22:00:00+00:00,106,1,0.0,7.6,0.0,46.25,14.375
2026-04-10 22:00:00+00:00,122,1,0.0,8.2,0.0,46.0,14.4375
2026-04-10 22:00:00+00:00,127,1,0.0,8.2,0.0,46.125,14.5
2026-04-10 22:00:00+00:00,129,1,0.0,8.2,0.0,46.0,14.5
2026-04-10 22:00:00+00:00,177,1,0.0,5.6,0.0,45.625,14.8125
2026-04-10 22:00:00+00:00,194,1,0.0,7.2,0.0,46.5,15.0625
2026-04-10 22:00:00+00:00,236,1,0.0,7.4,0.0,45.8125,15.1875
2026-04-10 22:00:00+00:00,325,1,0.0,5.1,0.0,46.5625,15.625
2026-04-10 22:00:00+00:00,391,1,0.0,4.0,0.0,46.6875,16.0625
2026-04-10 22:00:00+00:00,422,1,0.0,6.6,0.0,46.25,15.25
2026-04-10 22:00:00+00:00,425,1,0.0,7.0,0.0,45.9375,15.5
2026-04-10 22:00:00+00:00,426,1,0.0,11.1,0.0,45.5625,13.75
2026-04-10 23:00:00+00:00,63,2,0.0,6.4,0.0,46.375,14.0625
2026-04-10 23:00:00+00:00,76,2,0.0,6.8,0.0,46.3125,14.1875
2026-04-10 23:00:00+00:00,106,2,0.0,7.4,0.0,46.25,14.375
2026-04-10 23:00:00+00:00,122,2,0.0,7.9,0.0,46.0,14.4375
2026-04-10 23:00:00+00:00,127,2,0.0,7.7,0.0,46.125,14.5
2026-04-10 23:00:00+00:00,129,2,0.0,7.9,0.0,46.0,14.5
2026-04-10 23:00:00+00:00,177,2,0.0,5.6,0.0,45.625,14.8125
2026-04-10 23:00:00+00:00,194,2,0.0,6.8,0.0,46.5,15.0625
2026-04-10 23:00:00+00:00,236,2,0.0,6.9,0.0,45.8125,15.1875
2026-04-10 23:00:00+00:00,325,2,0.0,4.9,0.0,46.5625,15.625
2026-04-10 23:00:00+00:00,391,2,0.0,4.1,0.0,46.6875,16.0625
2026-04-10 23:00:00+00:00,422,2,0.0,6.2,0.0,46.25,15.25
2026-04-10 23:00:00+00:00,425,2,0.0,6.7,0.0,45.9375,15.5
2026-04-10 23:00:00+00:00,426,2,0.0,10.8,0.0,45.5625,13.75
2026-04-11 00:00:00+00:00,63,3,0.0,6.1,0.0,46.375,14.0625
2026-04-11 00:00:00+00:00,63,6,0.0,6.3,0.0,46.375,14.0625
2026-04-11 00:00:00+00:00,63,24,0.0,4.9,0.0,46.375,14.0625
2026-04-11 00:00:00+00:00,76,3,0.0,6.5,0.0,46.3125,14.1875
2026-04-11 00:00:00+00:00,76,6,0.0,6.6,0.0,46.3125,14.1875
2026-04-11 00:00:00+00:00,76,24,0.0,5.3,0.0,46.3125,14.1875
2026-04-11 00:00:00+00:00,106,3,0.0,7.1,0.0,46.25,14.375
2026-04-11 00:00:00+00:00,106,6,0.0,7.1,0.0,46.25,14.375
2026-04-11 00:00:00+00:00,106,24,0.0,5.7,0.0,46.25,14.375
2026-04-11 00:00:00+00:00,122,3,0.0,7.4,0.0,46.0,14.4375
2026-04-11 00:00:00+00:00,122,6,0.0,7.3,0.1,46.0,14.4375
2026-04-11 00:00:00+00:00,122,24,0.0,6.0,0.0,46.0,14.4375
2026-04-11 00:00:00+00:00,127,3,0.0,7.2,0.0,46.125,14.5
2026-04-11 00:00:00+00:00,127,6,0.0,7.2,0.0,46.125,14.5
2026-04-11 00:00:00+00:00,127,24,0.0,5.2,0.0,46.125,14.5
2026-04-11 00:00:00+00:00,129,3,0.0,7.4,0.0,46.0,14.5
2026-04-11 00:00:00+00:00,129,6,0.0,7.1,0.0,46.0,14.5
2026-04-11 00:00:00+00:00,129,24,0.0,5.6,0.0,46.0,14.5
2026-04-11 00:00:00+00:00,177,3,0.0,5.4,0.0,45.625,14.8125
2026-04-11 00:00:00+00:00,177,6,0.0,5.3,0.0,45.625,14.8125
2026-04-11 00:00:00+00:00,177,24,0.0,4.0,0.0,45.625,14.8125
2026-04-11 00:00:00+00:00,194,3,0.0,5.9,0.0,46.5,15.0625
2026-04-11 00:00:00+00:00,194,6,0.0,5.9,0.0,46.5,15.0625
2026-04-11 00:00:00+00:00,194,24,0.0,4.3,0.0,46.5,15.0625
2026-04-11 00:00:00+00:00,236,3,0.0,6.7,0.0,45.8125,15.1875
2026-04-11 00:00:00+00:00,236,6,0.0,6.5,0.1,45.8125,15.1875
2026-04-11 00:00:00+00:00,236,24,0.0,5.6,0.0,45.8125,15.1875
2026-04-11 00:00:00+00:00,325,3,0.0,4.6,0.0,46.5625,15.625
2026-04-11 00:00:00+00:00,325,6,0.0,4.4,0.0,46.5625,15.625
2026-04-11 00:00:00+00:00,325,24,0.0,4.8,0.0,46.5625,15.625
2026-04-11 00:00:00+00:00,391,3,0.0,4.2,0.0,46.6875,16.0625
2026-04-11 00:00:00+00:00,391,6,0.0,3.7,0.0,46.6875,16.0625
2026-04-11 00:00:00+00:00,391,24,0.0,2.9,0.0,46.6875,16.0625
2026-04-11 00:00:00+00:00,422,3,0.0,5.9,0.0,46.25,15.25
2026-04-11 00:00:00+00:00,422,6,0.0,5.9,0.0,46.25,15.25
2026-04-11 00:00:00+00:00,422,24,0.0,4.0,0.0,46.25,15.25
2026-04-11 00:00:00+00:00,425,3,0.0,6.5,0.0,45.9375,15.5
2026-04-11 00:00:00+00:00,425,6,0.0,6.3,0.0,45.9375,15.5
2026-04-11 00:00:00+00:00,425,24,0.0,5.3,0.0,45.9375,15.5
2026-04-11 00:00:00+00:00,426,3,0.0,10.7,0.0,45.5625,13.75
2026-04-11 00:00:00+00:00,426,6,0.0,10.4,0.0,45.5625,13.75
2026-04-11 00:00:00+00:00,426,24,0.0,11.7,0.0,45.5625,13.75
2026-04-11 03:00:00+00:00,63,6,0.0,5.2,0.0,46.375,14.0625
2026-04-11 03:00:00+00:00,63,24,0.0,4.4,0.0,46.375,14.0625
2026-04-11 03:00:00+00:00,76,6,0.0,5.8,0.0,46.3125,14.1875
2026-04-11 03:00:00+00:00,76,24,0.0,5.5,0.0,46.3125,14.1875
2026-04-11 03:00:00+00:00,106,6,0.0,6.5,0.0,46.25,14.375
2026-04-11 03:00:00+00:00,106,24,0.0,5.8,0.0,46.25,14.375
2026-04-11 03:00:00+00:00,122,6,0.0,7.1,0.0,46.0,14.4375
2026-04-11 03:00:00+00:00,122,24,0.0,5.9,0.0,46.0,14.4375
2026-04-11 03:00:00+00:00,127,6,0.0,6.6,0.0,46.125,14.5
2026-04-11 03:00:00+00:00,127,24,0.0,5.7,0.0,46.125,14.5
2026-04-11 03:00:00+00:00,129,6,0.0,7.0,0.0,46.0,14.5
2026-04-11 03:00:00+00:00,129,24,0.0,5.6,0.0,46.0,14.5
2026-04-11 03:00:00+00:00,177,6,0.0,4.7,0.1,45.625,14.8125
2026-04-11 03:00:00+00:00,177,24,0.0,3.8,0.0,45.625,14.8125
2026-04-11 03:00:00+00:00,194,6,0.0,4.7,0.0,46.5,15.0625
2026-04-11 03:00:00+00:00,194,24,0.0,4.4,0.0,46.5,15.0625
2026-04-11 03:00:00+00:00,236,6,0.0,6.2,0.0,45.8125,15.1875
2026-04-11 03:00:00+00:00,236,24,0.0,5.3,0.0,45.8125,15.1875
2026-04-11 03:00:00+00:00,325,6,0.0,3.5,0.0,46.5625,15.625
2026-04-11 03:00:00+00:00,325,24,0.0,3.9,0.0,46.5625,15.625
2026-04-11 03:00:00+00:00,391,6,0.0,3.9,0.0,46.6875,16.0625
2026-04-11 03:00:00+00:00,391,24,0.0,2.7,0.0,46.6875,16.0625
2026-04-11 03:00:00+00:00,422,6,0.0,5.0,0.0,46.25,15.25
2026-04-11 03:00:00+00:00,422,24,0.0,4.6,0.0,46.25,15.25
2026-04-11 03:00:00+00:00,425,6,0.0,6.0,0.0,45.9375,15.5
2026-04-11 03:00:00+00:00,425,24,0.0,5.5,0.0,45.9375,15.5
2026-04-11 03:00:00+00:00,426,6,0.0,11.3,0.0,45.5625,13.75
2026-04-11 03:00:00+00:00,426,24,0.0,11.2,0.0,45.5625,13.75
2026-04-11 06:00:00+00:00,63,24,59.0,5.5,0.0,46.375,14.0625
2026-04-11 06:00:00+00:00,76,24,59.0,6.1,0.0,46.3125,14.1875
2026-04-11 06:00:00+00:00,106,24,43.0,6.6,0.0,46.25,14.375
2026-04-11 06:00:00+00:00,122,24,56.0,7.3,0.0,46.0,14.4375
2026-04-11 06:00:00+00:00,127,24,44.0,6.9,0.0,46.125,14.5
2026-04-11 06:00:00+00:00,129,24,50.0,7.2,0.0,46.0,14.5
2026-04-11 06:00:00+00:00,177,24,52.0,4.2,0.0,45.625,14.8125
2026-04-11 06:00:00+00:00,194,24,61.0,5.8,0.0,46.5,15.0625
2026-04-11 06:00:00+00:00,236,24,35.0,6.5,0.1,45.8125,15.1875
2026-04-11 06:00:00+00:00,325,24,57.0,5.1,0.0,46.5625,15.625
2026-04-11 06:00:00+00:00,391,24,73.0,4.3,0.0,46.6875,16.0625
2026-04-11 06:00:00+00:00,422,24,56.0,5.6,0.0,46.25,15.25
2026-04-11 06:00:00+00:00,425,24,56.0,6.6,0.1,45.9375,15.5
2026-04-11 06:00:00+00:00,426,24,67.0,12.7,0.0,45.5625,13.75
2026-04-11 09:00:00+00:00,63,24,267.0,7.9,0.0,46.375,14.0625
2026-04-11 09:00:00+00:00,76,24,280.0,8.2,0.0,46.3125,14.1875
2026-04-11 09:00:00+00:00,106,24,271.0,8.5,0.0,46.25,14.375
2026-04-11 09:00:00+00:00,122,24,282.0,9.3,0.0,46.0,14.4375
2026-04-11 09:00:00+00:00,127,24,292.0,8.8,0.0,46.125,14.5
2026-04-11 09:00:00+00:00,129,24,254.0,9.3,0.0,46.0,14.5
2026-04-11 09:00:00+00:00,177,24,378.0,7.7,0.0,45.625,14.8125
2026-04-11 09:00:00+00:00,194,24,243.0,8.1,0.0,46.5,15.0625
2026-04-11 09:00:00+00:00,236,24,319.0,8.9,0.0,45.8125,15.1875
2026-04-11 09:00:00+00:00,325,24,281.0,7.9,0.0,46.5625,15.625
2026-04-11 09:00:00+00:00,391,24,397.0,8.7,0.0,46.6875,16.0625
2026-04-11 09:00:00+00:00,422,24,235.0,7.5,0.0,46.25,15.25
2026-04-11 09:00:00+00:00,425,24,243.0,8.5,0.0,45.9375,15.5
2026-04-11 09:00:00+00:00,426,24,527.0,17.9,0.0,45.5625,13.75
2026-04-11 12:00:00+00:00,63,24,528.0,11.8,0.0,46.375,14.0625
2026-04-11 12:00:00+00:00,76,24,640.0,11.6,0.0,46.3125,14.1875
2026-04-11 12:00:00+00:00,106,24,591.0,11.6,0.0,46.25,14.375
2026-04-11 12:00:00+00:00,122,24,585.0,12.6,0.0,46.0,14.4375
2026-04-11 12:00:00+00:00,127,24,566.0,11.8,0.0,46.125,14.5
2026-04-11 12:00:00+00:00,129,24,569.0,12.7,0.0,46.0,14.5
2026-04-11 12:00:00+00:00,177,24,712.0,12.3,0.0,45.625,14.8125
2026-04-11 12:00:00+00:00,194,24,574.0,11.8,0.0,46.5,15.0625
2026-04-11 12:00:00+00:00,236,24,552.0,12.1,0.0,45.8125,15.1875
2026-04-11 12:00:00+00:00,325,24,508.0,11.4,0.0,46.5625,15.625
2026-04-11 12:00:00+00:00,391,24,478.0,10.8,0.0,46.6875,16.0625
2026-04-11 12:00:00+00:00,422,24,542.0,11.7,0.0,46.25,15.25
2026-04-11 12:00:00+00:00,425,24,469.0,11.4,0.0,45.9375,15.5
2026-04-11 12:00:00+00:00,426,24,767.0,18.9,0.0,45.5625,13.75
2026-04-11 15:00:00+00:00,63,24,422.0,14.8,0.0,46.375,14.0625
2026-04-11 15:00:00+00:00,76,24,434.0,14.2,0.0,46.3125,14.1875
2026-04-11 15:00:00+00:00,106,24,435.0,14.9,0.0,46.25,14.375
2026-04-11 15:00:00+00:00,122,24,479.0,15.8,0.0,46.0,14.4375
2026-04-11 15:00:00+00:00,127,24,465.0,15.5,0.0,46.125,14.5
2026-04-11 15:00:00+00:00,129,24,481.0,15.9,0.0,46.0,14.5
2026-04-11 15:00:00+00:00,177,24,443.0,12.8,0.0,45.625,14.8125
2026-04-11 15:00:00+00:00,194,24,275.0,12.7,0.0,46.5,15.0625
2026-04-11 15:00:00+00:00,236,24,421.0,14.4,0.0,45.8125,15.1875
2026-04-11 15:00:00+00:00,325,24,353.0,12.5,0.0,46.5625,15.625
2026-04-11 15:00:00+00:00,391,24,369.0,12.0,0.0,46.6875,16.0625
2026-04-11 15:00:00+00:00,422,24,347.0,13.1,0.0,46.25,15.25
2026-04-11 15:00:00+00:00,425,24,345.0,13.3,0.0,45.9375,15.5
2026-04-11 15:00:00+00:00,426,24,488.0,18.0,0.0,45.5625,13.75
2026-04-11 18:00:00+00:00,63,24,17.0,11.0,0.0,46.375,14.0625
2026-04-11 18:00:00+00:00,76,24,16.0,11.0,0.0,46.3125,14.1875
2026-04-11 18:00:00+00:00,106,24,15.0,11.9,0.0,46.25,14.375
2026-04-11 18:00:00+00:00,122,24,16.0,11.9,0.0,46.0,14.4375
2026-04-11 18:00:00+00:00,127,24,15.0,12.1,0.0,46.125,14.5
2026-04-11 18:00:00+00:00,129,24,16.0,11.9,0.0,46.0,14.5
2026-04-11 18:00:00+00:00,177,24,15.0,8.1,0.0,45.625,14.8125
2026-04-11 18:00:00+00:00,194,24,12.0,10.3,0.0,46.5,15.0625
2026-04-11 18:00:00+00:00,236,24,12.0,10.9,0.0,45.8125,15.1875
2026-04-11 18:00:00+00:00,325,24,9.0,10.5,0.0,46.5625,15.625
2026-04-11 18:00:00+00:00,391,24,6.0,10.0,0.0,46.6875,16.0625
2026-04-11 18:00:00+00:00,422,24,11.0,10.2,0.0,46.25,15.25
2026-04-11 18:00:00+00:00,425,24,11.0,10.6,0.0,45.9375,15.5
2026-04-11 18:00:00+00:00,426,24,19.0,14.6,0.0,45.5625,13.75
2026-04-11 21:00:00+00:00,63,24,0.0,7.8,0.0,46.375,14.0625
2026-04-11 21:00:00+00:00,76,24,0.0,9.4,0.0,46.3125,14.1875
2026-04-11 21:00:00+00:00,106,24,0.0,9.7,0.0,46.25,14.375
2026-04-11 21:00:00+00:00,122,24,0.0,8.3,0.0,46.0,14.4375
2026-04-11 21:00:00+00:00,127,24,0.0,8.8,0.0,46.125,14.5
2026-04-11 21:00:00+00:00,129,24,0.0,7.6,0.0,46.0,14.5
2026-04-11 21:00:00+00:00,177,24,0.0,6.7,0.0,45.625,14.8125
2026-04-11 21:00:00+00:00,194,24,0.0,8.2,0.0,46.5,15.0625
2026-04-11 21:00:00+00:00,236,24,0.0,7.9,0.0,45.8125,15.1875
2026-04-11 21:00:00+00:00,325,24,0.0,9.8,0.0,46.5625,15.625
2026-04-11 21:00:00+00:00,391,24,0.0,8.4,0.0,46.6875,16.0625
2026-04-11 21:00:00+00:00,422,24,0.0,8.9,0.0,46.25,15.25
2026-04-11 21:00:00+00:00,425,24,0.0,8.3,0.0,45.9375,15.5
2026-04-11 21:00:00+00:00,426,24,0.0,10.5,0.0,45.5625,13.75
2026-04-11 01:00:00+00:00,63,1,0.0,6.0,0.0,46.375,14.0625
2026-04-11 01:00:00+00:00,76,1,0.0,6.4,0.0,46.3125,14.1875
2026-04-11 01:00:00+00:00,106,1,0.0,6.4,0.0,46.25,14.375
2026-04-11 01:00:00+00:00,122,1,0.0,7.1,0.0,46.0,14.4375
2026-04-11 01:00:00+00:00,127,1,0.0,6.7,0.0,46.125,14.5
2026-04-11 01:00:00+00:00,129,1,0.0,6.8,0.0,46.0,14.5
2026-04-11 01:00:00+00:00,177,1,0.0,5.4,0.0,45.625,14.8125
2026-04-11 01:00:00+00:00,194,1,0.0,5.2,0.0,46.5,15.0625
2026-04-11 01:00:00+00:00,236,1,0.0,6.6,0.0,45.8125,15.1875
2026-04-11 01:00:00+00:00,325,1,0.0,4.4,0.0,46.5625,15.625
2026-04-11 01:00:00+00:00,391,1,0.0,4.0,0.0,46.6875,16.0625
2026-04-11 01:00:00+00:00,422,1,0.0,5.5,0.0,46.25,15.25
2026-04-11 01:00:00+00:00,425,1,0.0,6.2,0.0,45.9375,15.5
2026-04-11 01:00:00+00:00,426,1,0.0,10.5,0.0,45.5625,13.75
2026-04-11 02:00:00+00:00,63,2,0.0,5.8,0.0,46.375,14.0625
2026-04-11 02:00:00+00:00,76,2,0.0,5.6,0.0,46.3125,14.1875
2026-04-11 02:00:00+00:00,106,2,0.0,6.1,0.0,46.25,14.375
2026-04-11 02:00:00+00:00,122,2,0.0,6.8,0.0,46.0,14.4375
2026-04-11 02:00:00+00:00,127,2,0.0,6.3,0.0,46.125,14.5
2026-04-11 02:00:00+00:00,129,2,0.0,6.5,0.0,46.0,14.5
2026-04-11 02:00:00+00:00,177,2,0.0,5.2,0.0,45.625,14.8125
2026-04-11 02:00:00+00:00,194,2,0.0,4.8,0.0,46.5,15.0625
2026-04-11 02:00:00+00:00,236,2,0.0,6.2,0.0,45.8125,15.1875
2026-04-11 02:00:00+00:00,325,2,0.0,3.9,0.0,46.5625,15.625
2026-04-11 02:00:00+00:00,391,2,0.0,3.9,0.0,46.6875,16.0625
2026-04-11 02:00:00+00:00,422,2,0.0,5.0,0.0,46.25,15.25
2026-04-11 02:00:00+00:00,425,2,0.0,6.0,0.0,45.9375,15.5
2026-04-11 02:00:00+00:00,426,2,0.0,10.7,0.0,45.5625,13.75
2026-04-11 03:00:00+00:00,63,3,0.0,4.8,0.0,46.375,14.0625
2026-04-11 03:00:00+00:00,76,3,0.0,5.3,0.0,46.3125,14.1875
2026-04-11 03:00:00+00:00,106,3,0.0,5.7,0.0,46.25,14.375
2026-04-11 03:00:00+00:00,122,3,0.0,6.6,0.0,46.0,14.4375
2026-04-11 03:00:00+00:00,127,3,0.0,6.0,0.0,46.125,14.5
2026-04-11 03:00:00+00:00,129,3,0.0,6.5,0.0,46.0,14.5
2026-04-11 03:00:00+00:00,177,3,0.0,4.6,0.0,45.625,14.8125
2026-04-11 03:00:00+00:00,194,3,0.0,4.4,0.0,46.5,15.0625
2026-04-11 03:00:00+00:00,236,3,0.0,5.9,0.0,45.8125,15.1875
2026-04-11 03:00:00+00:00,325,3,0.0,3.5,0.0,46.5625,15.625
2026-04-11 03:00:00+00:00,391,3,0.0,3.6,0.0,46.6875,16.0625
2026-04-11 03:00:00+00:00,422,3,0.0,4.6,0.0,46.25,15.25
2026-04-11 03:00:00+00:00,425,3,0.0,5.6,0.0,45.9375,15.5
2026-04-11 03:00:00+00:00,426,3,0.0,10.6,0.0,45.5625,13.75
2026-04-11 04:00:00+00:00,63,1,0.0,4.0,0.0,46.375,14.0625
2026-04-11 04:00:00+00:00,76,1,0.0,4.7,0.0,46.3125,14.1875
2026-04-11 04:00:00+00:00,106,1,0.0,5.3,0.0,46.25,14.375
2026-04-11 04:00:00+00:00,122,1,0.0,6.2,0.0,46.0,14.4375
2026-04-11 04:00:00+00:00,127,1,0.0,5.6,0.0,46.125,14.5
2026-04-11 04:00:00+00:00,129,1,0.0,6.2,0.0,46.0,14.5
2026-04-11 04:00:00+00:00,177,1,0.0,3.6,0.0,45.625,14.8125
2026-04-11 04:00:00+00:00,194,1,0.0,4.0,0.0,46.5,15.0625
2026-04-11 04:00:00+00:00,236,1,0.0,5.1,0.0,45.8125,15.1875
2026-04-11 04:00:00+00:00,325,1,0.0,3.1,0.0,46.5625,15.625
2026-04-11 04:00:00+00:00,391,1,0.0,3.0,0.0,46.6875,16.0625
2026-04-11 04:00:00+00:00,422,1,0.0,4.2,0.0,46.25,15.25
2026-04-11 04:00:00+00:00,425,1,0.0,4.8,0.0,45.9375,15.5
2026-04-11 04:00:00+00:00,426,1,0.0,10.5,0.0,45.5625,13.75
2026-04-11 05:00:00+00:00,63,2,9.0,3.8,0.0,46.375,14.0625
2026-04-11 05:00:00+00:00,76,2,8.0,4.8,0.0,46.3125,14.1875
2026-04-11 05:00:00+00:00,106,2,9.0,5.4,0.0,46.25,14.375
2026-04-11 05:00:00+00:00,122,2,7.0,6.1,0.0,46.0,14.4375
2026-04-11 05:00:00+00:00,127,2,9.0,5.5,0.0,46.125,14.5
2026-04-11 05:00:00+00:00,129,2,7.0,6.0,0.0,46.0,14.5
2026-04-11 05:00:00+00:00,177,2,7.0,3.1,0.0,45.625,14.8125
2026-04-11 05:00:00+00:00,194,2,10.0,4.3,0.0,46.5,15.0625
2026-04-11 05:00:00+00:00,236,2,11.0,4.6,0.0,45.8125,15.1875
2026-04-11 05:00:00+00:00,325,2,13.0,3.4,0.0,46.5625,15.625
2026-04-11 05:00:00+00:00,391,2,13.0,2.7,0.0,46.6875,16.0625
2026-04-11 05:00:00+00:00,422,2,12.0,4.0,0.0,46.25,15.25
2026-04-11 05:00:00+00:00,425,2,13.0,4.1,0.0,45.9375,15.5
2026-04-11 05:00:00+00:00,426,2,7.0,10.6,0.0,45.5625,13.75
2026-04-11 06:00:00+00:00,63,3,84.0,4.7,0.0,46.375,14.0625
2026-04-11 06:00:00+00:00,63,6,77.0,4.8,0.0,46.375,14.0625
2026-04-11 06:00:00+00:00,76,3,85.0,5.5,0.0,46.3125,14.1875
2026-04-11 06:00:00+00:00,76,6,80.0,5.7,0.0,46.3125,14.1875
2026-04-11 06:00:00+00:00,106,3,79.0,6.3,0.0,46.25,14.375
2026-04-11 06:00:00+00:00,106,6,77.0,6.5,0.0,46.25,14.375
2026-04-11 06:00:00+00:00,122,3,67.0,6.9,0.0,46.0,14.4375
2026-04-11 06:00:00+00:00,122,6,59.0,7.2,0.0,46.0,14.4375
2026-04-11 06:00:00+00:00,127,3,75.0,6.4,0.0,46.125,14.5
2026-04-11 06:00:00+00:00,127,6,69.0,6.6,0.0,46.125,14.5
2026-04-11 06:00:00+00:00,129,3,68.0,7.0,0.0,46.0,14.5
2026-04-11 06:00:00+00:00,129,6,58.0,7.3,0.0,46.0,14.5
2026-04-11 06:00:00+00:00,177,3,59.0,3.7,0.0,45.625,14.8125
2026-04-11 06:00:00+00:00,177,6,56.0,3.9,0.0,45.625,14.8125
2026-04-11 06:00:00+00:00,194,3,90.0,5.6,0.0,46.5,15.0625
2026-04-11 06:00:00+00:00,194,6,92.0,5.7,0.0,46.5,15.0625
2026-04-11 06:00:00+00:00,236,3,67.0,5.9,0.0,45.8125,15.1875
2026-04-11 06:00:00+00:00,236,6,61.0,6.2,0.0,45.8125,15.1875
2026-04-11 06:00:00+00:00,325,3,102.0,5.1,0.0,46.5625,15.625
2026-04-11 06:00:00+00:00,325,6,105.0,5.2,0.0,46.5625,15.625
2026-04-11 06:00:00+00:00,391,3,98.0,3.9,0.0,46.6875,16.0625
2026-04-11 06:00:00+00:00,391,6,95.0,4.3,0.0,46.6875,16.0625
2026-04-11 06:00:00+00:00,422,3,97.0,5.2,0.0,46.25,15.25
2026-04-11 06:00:00+00:00,422,6,95.0,5.1,0.0,46.25,15.25
2026-04-11 06:00:00+00:00,425,3,97.0,5.5,0.0,45.9375,15.5
2026-04-11 06:00:00+00:00,425,6,98.0,5.8,0.0,45.9375,15.5
2026-04-11 06:00:00+00:00,426,3,83.0,12.3,0.0,45.5625,13.75
2026-04-11 06:00:00+00:00,426,6,73.0,12.5,0.0,45.5625,13.75
2026-04-11 07:00:00+00:00,63,1,201.0,5.7,0.0,46.375,14.0625
2026-04-11 07:00:00+00:00,76,1,186.0,5.9,0.0,46.3125,14.1875
2026-04-11 07:00:00+00:00,106,1,177.0,6.9,0.0,46.25,14.375
2026-04-11 07:00:00+00:00,122,1,170.0,7.6,0.0,46.0,14.4375
2026-04-11 07:00:00+00:00,127,1,185.0,7.1,0.0,46.125,14.5
2026-04-11 07:00:00+00:00,129,1,175.0,7.8,0.0,46.0,14.5
2026-04-11 07:00:00+00:00,177,1,129.0,4.2,0.0,45.625,14.8125
2026-04-11 07:00:00+00:00,194,1,203.0,6.7,0.0,46.5,15.0625
2026-04-11 07:00:00+00:00,236,1,168.0,7.3,0.0,45.8125,15.1875
2026-04-11 07:00:00+00:00,325,1,225.0,6.6,0.0,46.5625,15.625
2026-04-11 07:00:00+00:00,391,1,242.0,6.0,0.0,46.6875,16.0625
2026-04-11 07:00:00+00:00,422,1,216.0,6.2,0.0,46.25,15.25
2026-04-11 07:00:00+00:00,425,1,220.0,7.5,0.0,45.9375,15.5
2026-04-11 07:00:00+00:00,426,1,230.0,14.9,0.0,45.5625,13.75
2026-04-11 08:00:00+00:00,63,2,297.0,6.8,0.0,46.375,14.0625
2026-04-11 08:00:00+00:00,76,2,273.0,6.9,0.0,46.3125,14.1875
2026-04-11 08:00:00+00:00,106,2,287.0,8.0,0.0,46.25,14.375
2026-04-11 08:00:00+00:00,122,2,259.0,8.5,0.0,46.0,14.4375
2026-04-11 08:00:00+00:00,127,2,266.0,8.0,0.0,46.125,14.5
2026-04-11 08:00:00+00:00,129,2,262.0,8.7,0.0,46.0,14.5
2026-04-11 08:00:00+00:00,177,2,310.0,5.9,0.0,45.625,14.8125
2026-04-11 08:00:00+00:00,194,2,347.0,8.3,0.0,46.5,15.0625
2026-04-11 08:00:00+00:00,236,2,311.0,8.7,0.0,45.8125,15.1875
2026-04-11 08:00:00+00:00,325,2,348.0,8.1,0.0,46.5625,15.625
2026-04-11 08:00:00+00:00,391,2,389.0,7.5,0.0,46.6875,16.0625
2026-04-11 08:00:00+00:00,422,2,354.0,7.7,0.0,46.25,15.25
2026-04-11 08:00:00+00:00,425,2,337.0,8.7,0.0,45.9375,15.5
2026-04-11 08:00:00+00:00,426,2,399.0,16.5,0.0,45.5625,13.75
2026-04-11 09:00:00+00:00,63,3,415.0,8.5,0.0,46.375,14.0625
2026-04-11 09:00:00+00:00,63,6,355.0,8.3,0.0,46.375,14.0625
2026-04-11 09:00:00+00:00,76,3,436.0,8.6,0.0,46.3125,14.1875
2026-04-11 09:00:00+00:00,76,6,368.0,8.4,0.0,46.3125,14.1875
2026-04-11 09:00:00+00:00,106,3,410.0,9.2,0.0,46.25,14.375
2026-04-11 09:00:00+00:00,106,6,385.0,9.2,0.0,46.25,14.375
2026-04-11 09:00:00+00:00,122,3,388.0,9.9,0.0,46.0,14.4375
2026-04-11 09:00:00+00:00,122,6,393.0,10.0,0.0,46.0,14.4375
2026-04-11 09:00:00+00:00,127,3,414.0,9.5,0.0,46.125,14.5
2026-04-11 09:00:00+00:00,127,6,383.0,9.6,0.0,46.125,14.5
2026-04-11 09:00:00+00:00,129,3,385.0,10.1,0.0,46.0,14.5
2026-04-11 09:00:00+00:00,129,6,388.0,10.2,0.0,46.0,14.5
2026-04-11 09:00:00+00:00,177,3,470.0,7.9,0.0,45.625,14.8125
2026-04-11 09:00:00+00:00,177,6,409.0,7.7,0.0,45.625,14.8125
2026-04-11 09:00:00+00:00,194,3,395.0,9.4,0.0,46.5,15.0625
2026-04-11 09:00:00+00:00,194,6,346.0,9.0,0.0,46.5,15.0625
2026-04-11 09:00:00+00:00,236,3,392.0,10.1,0.0,45.8125,15.1875
2026-04-11 09:00:00+00:00,236,6,375.0,9.9,0.0,45.8125,15.1875
2026-04-11 09:00:00+00:00,325,3,458.0,9.7,0.0,46.5625,15.625
2026-04-11 09:00:00+00:00,325,6,387.0,9.2,0.0,46.5625,15.625
2026-04-11 09:00:00+00:00,391,3,443.0,8.8,0.0,46.6875,16.0625
2026-04-11 09:00:00+00:00,391,6,430.0,8.5,0.0,46.6875,16.0625
2026-04-11 09:00:00+00:00,422,3,433.0,9.4,0.0,46.25,15.25
2026-04-11 09:00:00+00:00,422,6,358.0,9.1,0.0,46.25,15.25
2026-04-11 09:00:00+00:00,425,3,435.0,10.2,0.0,45.9375,15.5
2026-04-11 09:00:00+00:00,425,6,368.0,9.9,0.0,45.9375,15.5
2026-04-11 09:00:00+00:00,426,3,586.0,18.1,0.0,45.5625,13.75
2026-04-11 09:00:00+00:00,426,6,564.0,17.9,0.0,45.5625,13.75
2026-04-11 10:00:00+00:00,63,1,513.0,10.1,0.0,46.375,14.0625
2026-04-11 10:00:00+00:00,76,1,570.0,10.0,0.0,46.3125,14.1875
2026-04-11 10:00:00+00:00,106,1,562.0,10.5,0.0,46.25,14.375
2026-04-11 10:00:00+00:00,122,1,504.0,11.1,0.0,46.0,14.4375
2026-04-11 10:00:00+00:00,127,1,512.0,10.6,0.0,46.125,14.5
2026-04-11 10:00:00+00:00,129,1,453.0,11.2,0.0,46.0,14.5
2026-04-11 10:00:00+00:00,177,1,646.0,9.9,0.0,45.625,14.8125
2026-04-11 10:00:00+00:00,194,1,483.0,10.7,0.0,46.5,15.0625
2026-04-11 10:00:00+00:00,236,1,509.0,11.6,0.0,45.8125,15.1875
2026-04-11 10:00:00+00:00,325,1,519.0,10.9,0.0,46.5625,15.625
2026-04-11 10:00:00+00:00,391,1,535.0,9.9,0.0,46.6875,16.0625
2026-04-11 10:00:00+00:00,422,1,463.0,10.9,0.0,46.25,15.25
2026-04-11 10:00:00+00:00,425,1,503.0,11.4,0.0,45.9375,15.5
2026-04-11 10:00:00+00:00,426,1,719.0,19.0,0.0,45.5625,13.75
2026-04-11 11:00:00+00:00,63,2,609.0,12.0,0.0,46.375,14.0625
2026-04-11 11:00:00+00:00,76,2,666.0,11.5,0.0,46.3125,14.1875
2026-04-11 11:00:00+00:00,106,2,658.0,12.0,0.0,46.25,14.375
2026-04-11 11:00:00+00:00,122,2,686.0,12.9,0.0,46.0,14.4375
2026-04-11 11:00:00+00:00,127,2,617.0,12.1,0.0,46.125,14.5
2026-04-11 11:00:00+00:00,129,2,692.0,13.0,0.0,46.0,14.5
2026-04-11 11:00:00+00:00,177,2,778.0,11.9,0.0,45.625,14.8125
2026-04-11 11:00:00+00:00,194,2,650.0,12.4,0.0,46.5,15.0625
2026-04-11 11:00:00+00:00,236,2,617.0,13.1,0.0,45.8125,15.1875
2026-04-11 11:00:00+00:00,325,2,566.0,11.8,0.0,46.5625,15.625
2026-04-11 11:00:00+00:00,391,2,562.0,11.0,0.0,46.6875,16.0625
2026-04-11 11:00:00+00:00,422,2,623.0,12.6,0.0,46.25,15.25
2026-04-11 11:00:00+00:00,425,2,611.0,13.0,0.0,45.9375,15.5
2026-04-11 11:00:00+00:00,426,2,778.0,19.1,0.0,45.5625,13.75
2026-04-11 12:00:00+00:00,63,3,655.0,13.7,0.0,46.375,14.0625
2026-04-11 12:00:00+00:00,63,6,639.0,13.9,0.0,46.375,14.0625
2026-04-11 12:00:00+00:00,76,3,710.0,13.1,0.0,46.3125,14.1875
2026-04-11 12:00:00+00:00,76,6,695.0,13.3,0.0,46.3125,14.1875
2026-04-11 12:00:00+00:00,106,3,690.0,13.4,0.0,46.25,14.375
2026-04-11 12:00:00+00:00,106,6,709.0,13.9,0.0,46.25,14.375
2026-04-11 12:00:00+00:00,122,3,750.0,14.5,0.0,46.0,14.4375
2026-04-11 12:00:00+00:00,122,6,754.0,14.9,0.0,46.0,14.4375
2026-04-11 12:00:00+00:00,127,3,714.0,13.9,0.0,46.125,14.5
2026-04-11 12:00:00+00:00,127,6,739.0,14.2,0.0,46.125,14.5
2026-04-11 12:00:00+00:00,129,3,755.0,14.8,0.0,46.0,14.5
2026-04-11 12:00:00+00:00,129,6,756.0,15.1,0.0,46.0,14.5
2026-04-11 12:00:00+00:00,177,3,796.0,13.3,0.0,45.625,14.8125
2026-04-11 12:00:00+00:00,177,6,797.0,13.4,0.0,45.625,14.8125
2026-04-11 12:00:00+00:00,194,3,648.0,13.5,0.0,46.5,15.0625
2026-04-11 12:00:00+00:00,194,6,649.0,13.6,0.0,46.5,15.0625
2026-04-11 12:00:00+00:00,236,3,728.0,14.6,0.0,45.8125,15.1875
2026-04-11 12:00:00+00:00,236,6,720.0,14.6,0.0,45.8125,15.1875
2026-04-11 12:00:00+00:00,325,3,629.0,13.0,0.0,46.5625,15.625
2026-04-11 12:00:00+00:00,325,6,600.0,13.0,0.0,46.5625,15.625
2026-04-11 12:00:00+00:00,391,3,623.0,12.0,0.0,46.6875,16.0625
2026-04-11 12:00:00+00:00,391,6,546.0,11.5,0.0,46.6875,16.0625
2026-04-11 12:00:00+00:00,422,3,671.0,14.2,0.0,46.25,15.25
2026-04-11 12:00:00+00:00,422,6,619.0,14.1,0.0,46.25,15.25
2026-04-11 12:00:00+00:00,425,3,710.0,14.3,0.0,45.9375,15.5
2026-04-11 12:00:00+00:00,425,6,668.0,14.1,0.0,45.9375,15.5
2026-04-11 12:00:00+00:00,426,3,766.0,18.8,0.0,45.5625,13.75
2026-04-11 12:00:00+00:00,426,6,765.0,18.9,0.0,45.5625,13.75
2026-04-11 13:00:00+00:00,63,1,635.0,14.9,0.0,46.375,14.0625
2026-04-11 13:00:00+00:00,76,1,712.0,14.8,0.0,46.3125,14.1875
2026-04-11 13:00:00+00:00,106,1,715.0,14.6,0.0,46.25,14.375
2026-04-11 13:00:00+00:00,122,1,728.0,15.6,0.0,46.0,14.4375
2026-04-11 13:00:00+00:00,127,1,721.0,15.0,0.0,46.125,14.5
2026-04-11 13:00:00+00:00,129,1,726.0,15.9,0.0,46.0,14.5
2026-04-11 13:00:00+00:00,177,1,738.0,14.1,0.0,45.625,14.8125
2026-04-11 13:00:00+00:00,194,1,653.0,14.4,0.0,46.5,15.0625
2026-04-11 13:00:00+00:00,236,1,709.0,15.6,0.0,45.8125,15.1875
2026-04-11 13:00:00+00:00,325,1,576.0,13.5,0.0,46.5625,15.625
2026-04-11 13:00:00+00:00,391,1,593.0,12.7,0.0,46.6875,16.0625
2026-04-11 13:00:00+00:00,422,1,686.0,15.0,0.0,46.25,15.25
2026-04-11 13:00:00+00:00,425,1,686.0,15.0,0.0,45.9375,15.5
2026-04-11 13:00:00+00:00,426,1,734.0,18.6,0.0,45.5625,13.75
2026-04-11 14:00:00+00:00,63,2,541.0,15.8,0.0,46.375,14.0625
2026-04-11 14:00:00+00:00,76,2,603.0,15.4,0.0,46.3125,14.1875
2026-04-11 14:00:00+00:00,106,2,627.0,15.4,0.0,46.25,14.375
2026-04-11 14:00:00+00:00,122,2,632.0,16.5,0.0,46.0,14.4375
2026-04-11 14:00:00+00:00,127,2,630.0,15.8,0.0,46.125,14.5
2026-04-11 14:00:00+00:00,129,2,637.0,16.7,0.0,46.0,14.5
2026-04-11 14:00:00+00:00,177,2,622.0,14.3,0.0,45.625,14.8125
2026-04-11 14:00:00+00:00,194,2,530.0,14.9,0.0,46.5,15.0625
2026-04-11 14:00:00+00:00,236,2,594.0,16.0,0.0,45.8125,15.1875
2026-04-11 14:00:00+00:00,325,2,494.0,13.9,0.0,46.5625,15.625
2026-04-11 14:00:00+00:00,391,2,523.0,13.0,0.0,46.6875,16.0625
2026-04-11 14:00:00+00:00,422,2,597.0,15.8,0.0,46.25,15.25
2026-04-11 14:00:00+00:00,425,2,595.0,15.6,0.0,45.9375,15.5
2026-04-11 14:00:00+00:00,426,2,638.0,18.3,0.0,45.5625,13.75
2026-04-11 15:00:00+00:00,63,3,461.0,15.7,0.0,46.375,14.0625
2026-04-11 15:00:00+00:00,63,6,462.0,15.6,0.0,46.375,14.0625
2026-04-11 15:00:00+00:00,76,3,478.0,15.4,0.0,46.3125,14.1875
2026-04-11 15:00:00+00:00,76,6,487.0,15.7,0.0,46.3125,14.1875
2026-04-11 15:00:00+00:00,106,3,467.0,15.6,0.0,46.25,14.375
2026-04-11 15:00:00+00:00,106,6,476.0,16.0,0.0,46.25,14.375
2026-04-11 15:00:00+00:00,122,3,488.0,16.8,0.0,46.0,14.4375
2026-04-11 15:00:00+00:00,122,6,483.0,17.3,0.0,46.0,14.4375
2026-04-11 15:00:00+00:00,127,3,480.0,16.2,0.0,46.125,14.5
2026-04-11 15:00:00+00:00,127,6,482.0,16.6,0.0,46.125,14.5
2026-04-11 15:00:00+00:00,129,3,491.0,16.9,0.0,46.0,14.5
2026-04-11 15:00:00+00:00,129,6,487.0,17.5,0.0,46.0,14.5
2026-04-11 15:00:00+00:00,177,3,453.0,14.2,0.0,45.625,14.8125
2026-04-11 15:00:00+00:00,177,6,393.0,14.6,0.0,45.625,14.8125
2026-04-11 15:00:00+00:00,194,3,383.0,14.9,0.0,46.5,15.0625
2026-04-11 15:00:00+00:00,194,6,381.0,15.0,0.0,46.5,15.0625
2026-04-11 15:00:00+00:00,236,3,465.0,16.0,0.0,45.8125,15.1875
2026-04-11 15:00:00+00:00,236,6,459.0,16.1,0.0,45.8125,15.1875
2026-04-11 15:00:00+00:00,325,3,388.0,13.8,0.0,46.5625,15.625
2026-04-11 15:00:00+00:00,325,6,399.0,14.1,0.0,46.5625,15.625
2026-04-11 15:00:00+00:00,391,3,396.0,13.1,0.0,46.6875,16.0625
2026-04-11 15:00:00+00:00,391,6,386.0,13.1,0.0,46.6875,16.0625
2026-04-11 15:00:00+00:00,422,3,429.0,16.1,0.0,46.25,15.25
2026-04-11 15:00:00+00:00,422,6,433.0,16.3,0.0,46.25,15.25
2026-04-11 15:00:00+00:00,425,3,468.0,15.7,0.0,45.9375,15.5
2026-04-11 15:00:00+00:00,425,6,467.0,16.1,0.0,45.9375,15.5
2026-04-11 15:00:00+00:00,426,3,495.0,18.0,0.0,45.5625,13.75
2026-04-11 15:00:00+00:00,426,6,496.0,17.9,0.0,45.5625,13.75
2026-04-11 16:00:00+00:00,63,1,301.0,15.1,0.0,46.375,14.0625
2026-04-11 16:00:00+00:00,76,1,318.0,15.6,0.0,46.3125,14.1875
2026-04-11 16:00:00+00:00,106,1,306.0,15.9,0.0,46.25,14.375
2026-04-11 16:00:00+00:00,122,1,316.0,17.3,0.0,46.0,14.4375
2026-04-11 16:00:00+00:00,127,1,311.0,16.4,0.0,46.125,14.5
2026-04-11 16:00:00+00:00,129,1,315.0,17.3,0.0,46.0,14.5
2026-04-11 16:00:00+00:00,177,1,276.0,14.5,0.0,45.625,14.8125
2026-04-11 16:00:00+00:00,194,1,244.0,14.8,0.0,46.5,15.0625
2026-04-11 16:00:00+00:00,236,1,304.0,16.2,0.0,45.8125,15.1875
2026-04-11 16:00:00+00:00,325,1,222.0,13.8,0.0,46.5625,15.625
2026-04-11 16:00:00+00:00,391,1,251.0,13.3,0.0,46.6875,16.0625
2026-04-11 16:00:00+00:00,422,1,280.0,16.2,0.0,46.25,15.25
2026-04-11 16:00:00+00:00,425,1,293.0,15.7,0.0,45.9375,15.5
2026-04-11 16:00:00+00:00,426,1,323.0,17.9,0.0,45.5625,13.75
2026-04-11 17:00:00+00:00,63,2,144.0,13.9,0.0,46.375,14.0625
2026-04-11 17:00:00+00:00,76,2,144.0,14.3,0.0,46.3125,14.1875
2026-04-11 17:00:00+00:00,106,2,137.0,15.2,0.0,46.25,14.375
2026-04-11 17:00:00+00:00,122,2,142.0,16.5,0.0,46.0,14.4375
2026-04-11 17:00:00+00:00,127,2,139.0,15.8,0.0,46.125,14.5
2026-04-11 17:00:00+00:00,129,2,140.0,16.2,0.0,46.0,14.5
2026-04-11 17:00:00+00:00,177,2,115.0,12.8,0.0,45.625,14.8125
2026-04-11 17:00:00+00:00,194,2,103.0,13.8,0.0,46.5,15.0625
2026-04-11 17:00:00+00:00,236,2,130.0,15.3,0.0,45.8125,15.1875
2026-04-11 17:00:00+00:00,325,2,99.0,13.2,0.0,46.5625,15.625
2026-04-11 17:00:00+00:00,391,2,103.0,12.6,0.0,46.6875,16.0625
2026-04-11 17:00:00+00:00,422,2,125.0,14.6,0.0,46.25,15.25
2026-04-11 17:00:00+00:00,425,2,121.0,14.9,0.0,45.9375,15.5
2026-04-11 17:00:00+00:00,426,2,143.0,16.9,0.0,45.5625,13.75
2026-04-11 18:00:00+00:00,63,3,18.0,11.4,0.0,46.375,14.0625
2026-04-11 18:00:00+00:00,63,6,18.0,11.0,0.0,46.375,14.0625
2026-04-11 18:00:00+00:00,76,3,17.0,11.8,0.0,46.3125,14.1875
2026-04-11 18:00:00+00:00,76,6,17.0,11.3,0.0,46.3125,14.1875
2026-04-11 18:00:00+00:00,106,3,16.0,12.6,0.0,46.25,14.375
2026-04-11 18:00:00+00:00,106,6,16.0,12.2,0.0,46.25,14.375
2026-04-11 18:00:00+00:00,122,3,16.0,13.5,0.0,46.0,14.4375
2026-04-11 18:00:00+00:00,122,6,16.0,12.9,0.0,46.0,14.4375
2026-04-11 18:00:00+00:00,127,3,16.0,13.1,0.0,46.125,14.5
2026-04-11 18:00:00+00:00,127,6,16.0,12.7,0.0,46.125,14.5
2026-04-11 18:00:00+00:00,129,3,16.0,13.1,0.0,46.0,14.5
2026-04-11 18:00:00+00:00,129,6,16.0,12.8,0.0,46.0,14.5
2026-04-11 18:00:00+00:00,177,3,14.0,9.7,0.0,45.625,14.8125
2026-04-11 18:00:00+00:00,177,6,14.0,9.1,0.0,45.625,14.8125
2026-04-11 18:00:00+00:00,194,3,9.0,11.6,0.0,46.5,15.0625
2026-04-11 18:00:00+00:00,194,6,10.0,11.3,0.0,46.5,15.0625
2026-04-11 18:00:00+00:00,236,3,13.0,12.5,0.0,45.8125,15.1875
2026-04-11 18:00:00+00:00,236,6,13.0,12.0,0.0,45.8125,15.1875
2026-04-11 18:00:00+00:00,325,3,10.0,11.6,0.0,46.5625,15.625
2026-04-11 18:00:00+00:00,325,6,9.0,11.4,0.0,46.5625,15.625
2026-04-11 18:00:00+00:00,391,3,9.0,10.8,0.0,46.6875,16.0625
2026-04-11 18:00:00+00:00,391,6,9.0,10.5,0.0,46.6875,16.0625
2026-04-11 18:00:00+00:00,422,3,13.0,12.3,0.0,46.25,15.25
2026-04-11 18:00:00+00:00,422,6,13.0,12.0,0.0,46.25,15.25
2026-04-11 18:00:00+00:00,425,3,11.0,12.3,0.0,45.9375,15.5
2026-04-11 18:00:00+00:00,425,6,12.0,11.9,0.0,45.9375,15.5
2026-04-11 18:00:00+00:00,426,3,19.0,15.3,0.0,45.5625,13.75
2026-04-11 18:00:00+00:00,426,6,19.0,14.9,0.0,45.5625,13.75
2026-04-11 19:00:00+00:00,63,1,0.0,10.0,0.0,46.375,14.0625
2026-04-11 19:00:00+00:00,76,1,0.0,10.8,0.0,46.3125,14.1875
2026-04-11 19:00:00+00:00,106,1,0.0,11.7,0.0,46.25,14.375
2026-04-11 19:00:00+00:00,122,1,0.0,10.9,0.0,46.0,14.4375
2026-04-11 19:00:00+00:00,127,1,0.0,11.5,0.0,46.125,14.5
2026-04-11 19:00:00+00:00,129,1,0.0,10.7,0.0,46.0,14.5
2026-04-11 19:00:00+00:00,177,1,0.0,8.4,0.0,45.625,14.8125
2026-04-11 19:00:00+00:00,194,1,0.0,10.6,0.0,46.5,15.0625
2026-04-11 19:00:00+00:00,236,1,0.0,11.0,0.0,45.8125,15.1875
2026-04-11 19:00:00+00:00,325,1,0.0,10.9,0.0,46.5625,15.625
2026-04-11 19:00:00+00:00,391,1,0.0,9.8,0.0,46.6875,16.0625
2026-04-11 19:00:00+00:00,422,1,0.0,11.1,0.0,46.25,15.25
2026-04-11 19:00:00+00:00,425,1,0.0,10.9,0.0,45.9375,15.5
2026-04-11 19:00:00+00:00,426,1,0.0,14.2,0.0,45.5625,13.75
2026-04-11 20:00:00+00:00,63,2,0.0,8.8,0.0,46.375,14.0625
2026-04-11 20:00:00+00:00,76,2,0.0,10.1,0.0,46.3125,14.1875
2026-04-11 20:00:00+00:00,106,2,0.0,10.6,0.0,46.25,14.375
2026-04-11 20:00:00+00:00,122,2,0.0,8.7,0.0,46.0,14.4375
2026-04-11 20:00:00+00:00,127,2,0.0,10.2,0.0,46.125,14.5
2026-04-11 20:00:00+00:00,129,2,0.0,8.6,0.0,46.0,14.5
2026-04-11 20:00:00+00:00,177,2,0.0,7.4,0.0,45.625,14.8125
2026-04-11 20:00:00+00:00,194,2,0.0,9.8,0.0,46.5,15.0625
2026-04-11 20:00:00+00:00,236,2,0.0,9.8,0.0,45.8125,15.1875
2026-04-11 20:00:00+00:00,325,2,0.0,10.3,0.0,46.5625,15.625
2026-04-11 20:00:00+00:00,391,2,0.0,9.2,0.0,46.6875,16.0625
2026-04-11 20:00:00+00:00,422,2,0.0,10.2,0.0,46.25,15.25
2026-04-11 20:00:00+00:00,425,2,0.0,9.7,0.0,45.9375,15.5
2026-04-11 20:00:00+00:00,426,2,0.0,12.2,0.0,45.5625,13.75
2026-04-11 21:00:00+00:00,63,3,0.0,8.3,0.0,46.375,14.0625
2026-04-11 21:00:00+00:00,63,6,0.0,7.3,0.0,46.375,14.0625
2026-04-11 21:00:00+00:00,76,3,0.0,9.8,0.0,46.3125,14.1875
2026-04-11 21:00:00+00:00,76,6,0.0,9.3,0.0,46.3125,14.1875
2026-04-11 21:00:00+00:00,106,3,0.0,9.5,0.0,46.25,14.375
2026-04-11 21:00:00+00:00,106,6,0.0,9.1,0.0,46.25,14.375
2026-04-11 21:00:00+00:00,122,3,0.0,7.6,0.0,46.0,14.4375
2026-04-11 21:00:00+00:00,122,6,0.0,7.7,0.0,46.0,14.4375
2026-04-11 21:00:00+00:00,127,3,0.0,9.1,0.0,46.125,14.5
2026-04-11 21:00:00+00:00,127,6,0.0,8.9,0.0,46.125,14.5
2026-04-11 21:00:00+00:00,129,3,0.0,7.5,0.0,46.0,14.5
2026-04-11 21:00:00+00:00,129,6,0.0,7.4,0.0,46.0,14.5
2026-04-11 21:00:00+00:00,177,3,0.0,6.6,0.0,45.625,14.8125
2026-04-11 21:00:00+00:00,177,6,0.0,6.2,0.0,45.625,14.8125
2026-04-11 21:00:00+00:00,194,3,0.0,8.9,0.0,46.5,15.0625
2026-04-11 21:00:00+00:00,194,6,0.0,8.3,0.0,46.5,15.0625
2026-04-11 21:00:00+00:00,236,3,0.0,8.5,0.0,45.8125,15.1875
2026-04-11 21:00:00+00:00,236,6,0.0,8.6,0.0,45.8125,15.1875
2026-04-11 21:00:00+00:00,325,3,0.0,9.8,0.0,46.5625,15.625
2026-04-11 21:00:00+00:00,325,6,0.0,9.4,0.0,46.5625,15.625
2026-04-11 21:00:00+00:00,391,3,0.0,8.8,0.0,46.6875,16.0625
2026-04-11 21:00:00+00:00,391,6,0.0,8.3,0.0,46.6875,16.0625
2026-04-11 21:00:00+00:00,422,3,0.0,9.3,0.0,46.25,15.25
2026-04-11 21:00:00+00:00,422,6,0.0,9.0,0.0,46.25,15.25
2026-04-11 21:00:00+00:00,425,3,0.0,8.8,0.0,45.9375,15.5
2026-04-11 21:00:00+00:00,425,6,0.0,8.3,0.0,45.9375,15.5
2026-04-11 21:00:00+00:00,426,3,0.0,10.8,0.0,45.5625,13.75
2026-04-11 21:00:00+00:00,426,6,0.0,10.6,0.0,45.5625,13.75
2026-04-11 22:00:00+00:00,63,1,0.0,7.4,0.0,46.375,14.0625
2026-04-11 22:00:00+00:00,76,1,0.0,9.1,0.0,46.3125,14.1875
2026-04-11 22:00:00+00:00,106,1,0.0,9.9,0.0,46.25,14.375
2026-04-11 22:00:00+00:00,122,1,0.0,7.6,0.0,46.0,14.4375
2026-04-11 22:00:00+00:00,127,1,0.0,9.0,0.0,46.125,14.5
2026-04-11 22:00:00+00:00,129,1,0.0,7.5,0.0,46.0,14.5
2026-04-11 22:00:00+00:00,177,1,0.0,6.5,0.0,45.625,14.8125
2026-04-11 22:00:00+00:00,194,1,0.0,8.3,0.0,46.5,15.0625
2026-04-11 22:00:00+00:00,236,1,0.0,7.7,0.0,45.8125,15.1875
2026-04-11 22:00:00+00:00,325,1,0.0,9.0,0.0,46.5625,15.625
2026-04-11 22:00:00+00:00,391,1,0.0,8.2,0.0,46.6875,16.0625
2026-04-11 22:00:00+00:00,422,1,0.0,8.9,0.0,46.25,15.25
2026-04-11 22:00:00+00:00,425,1,0.0,7.9,0.0,45.9375,15.5
2026-04-11 22:00:00+00:00,426,1,0.0,10.2,0.0,45.5625,13.75
2026-04-11 23:00:00+00:00,63,2,0.0,7.0,0.0,46.375,14.0625
2026-04-11 23:00:00+00:00,76,2,0.0,8.5,0.0,46.3125,14.1875
2026-04-11 23:00:00+00:00,106,2,0.0,9.4,0.0,46.25,14.375
2026-04-11 23:00:00+00:00,122,2,0.0,7.5,0.0,46.0,14.4375
2026-04-11 23:00:00+00:00,127,2,0.0,8.3,0.0,46.125,14.5
2026-04-11 23:00:00+00:00,129,2,0.0,7.1,0.0,46.0,14.5
2026-04-11 23:00:00+00:00,177,2,0.0,5.8,0.0,45.625,14.8125
2026-04-11 23:00:00+00:00,194,2,0.0,7.4,0.0,46.5,15.0625
2026-04-11 23:00:00+00:00,236,2,0.0,6.9,0.0,45.8125,15.1875
2026-04-11 23:00:00+00:00,325,2,0.0,8.3,0.0,46.5625,15.625
2026-04-11 23:00:00+00:00,391,2,0.0,7.7,0.0,46.6875,16.0625
2026-04-11 23:00:00+00:00,422,2,0.0,8.0,0.0,46.25,15.25
2026-04-11 23:00:00+00:00,425,2,0.0,7.4,0.0,45.9375,15.5
2026-04-11 23:00:00+00:00,426,2,0.0,10.0,0.0,45.5625,13.75
2026-04-12 00:00:00+00:00,63,3,0.0,6.5,0.0,46.375,14.0625
2026-04-12 00:00:00+00:00,63,6,0.0,6.6,0.0,46.375,14.0625
2026-04-12 00:00:00+00:00,63,24,0.0,6.5,0.0,46.375,14.0625
2026-04-12 00:00:00+00:00,76,3,0.0,7.9,0.0,46.3125,14.1875
2026-04-12 00:00:00+00:00,76,6,0.0,7.9,0.0,46.3125,14.1875
2026-04-12 00:00:00+00:00,76,24,0.0,7.8,0.0,46.3125,14.1875
2026-04-12 00:00:00+00:00,106,3,0.0,8.8,0.0,46.25,14.375
2026-04-12 00:00:00+00:00,106,6,0.0,8.1,0.0,46.25,14.375
2026-04-12 00:00:00+00:00,106,24,0.0,7.9,0.0,46.25,14.375
2026-04-12 00:00:00+00:00,122,3,0.0,6.6,0.0,46.0,14.4375
2026-04-12 00:00:00+00:00,122,6,0.0,6.4,0.0,46.0,14.4375
2026-04-12 00:00:00+00:00,122,24,0.0,6.5,0.0,46.0,14.4375
2026-04-12 00:00:00+00:00,127,3,0.0,7.4,0.0,46.125,14.5
2026-04-12 00:00:00+00:00,127,6,0.0,7.2,0.0,46.125,14.5
2026-04-12 00:00:00+00:00,127,24,0.0,7.0,0.0,46.125,14.5
2026-04-12 00:00:00+00:00,129,3,0.0,6.3,0.0,46.0,14.5
2026-04-12 00:00:00+00:00,129,6,0.0,6.2,0.0,46.0,14.5
2026-04-12 00:00:00+00:00,129,24,0.0,6.3,0.0,46.0,14.5
2026-04-12 00:00:00+00:00,177,3,0.0,5.4,0.0,45.625,14.8125
2026-04-12 00:00:00+00:00,177,6,0.0,5.4,0.0,45.625,14.8125
2026-04-12 00:00:00+00:00,177,24,0.0,5.2,0.0,45.625,14.8125
2026-04-12 00:00:00+00:00,194,3,0.0,6.6,0.0,46.5,15.0625
2026-04-12 00:00:00+00:00,194,6,0.0,6.5,0.0,46.5,15.0625
2026-04-12 00:00:00+00:00,194,24,0.0,7.2,0.0,46.5,15.0625
2026-04-12 00:00:00+00:00,236,3,0.0,6.5,0.0,45.8125,15.1875
2026-04-12 00:00:00+00:00,236,6,0.0,6.4,0.0,45.8125,15.1875
2026-04-12 00:00:00+00:00,236,24,0.0,6.0,0.0,45.8125,15.1875
2026-04-12 00:00:00+00:00,325,3,0.0,7.7,0.0,46.5625,15.625
2026-04-12 00:00:00+00:00,325,6,0.0,7.9,0.0,46.5625,15.625
2026-04-12 00:00:00+00:00,325,24,0.0,8.5,0.0,46.5625,15.625
2026-04-12 00:00:00+00:00,391,3,0.0,7.3,0.0,46.6875,16.0625
2026-04-12 00:00:00+00:00,391,6,0.0,7.8,0.0,46.6875,16.0625
2026-04-12 00:00:00+00:00,391,24,0.0,7.6,0.0,46.6875,16.0625
2026-04-12 00:00:00+00:00,422,3,0.0,7.2,0.0,46.25,15.25
2026-04-12 00:00:00+00:00,422,6,0.0,6.8,0.0,46.25,15.25
2026-04-12 00:00:00+00:00,422,24,0.0,7.6,0.0,46.25,15.25
2026-04-12 00:00:00+00:00,425,3,0.0,6.7,0.0,45.9375,15.5
2026-04-12 00:00:00+00:00,425,6,0.0,6.7,0.0,45.9375,15.5
2026-04-12 00:00:00+00:00,425,24,0.0,7.0,0.0,45.9375,15.5
2026-04-12 00:00:00+00:00,426,3,0.0,10.0,0.0,45.5625,13.75
2026-04-12 00:00:00+00:00,426,6,0.0,10.0,0.0,45.5625,13.75
2026-04-12 00:00:00+00:00,426,24,0.0,9.6,0.0,45.5625,13.75
2026-04-12 03:00:00+00:00,63,6,0.0,5.1,0.0,46.375,14.0625
2026-04-12 03:00:00+00:00,63,24,0.0,6.1,0.0,46.375,14.0625
2026-04-12 03:00:00+00:00,76,6,0.0,6.7,0.0,46.3125,14.1875
2026-04-12 03:00:00+00:00,76,24,0.0,7.4,0.0,46.3125,14.1875
2026-04-12 03:00:00+00:00,106,6,0.0,7.1,0.0,46.25,14.375
2026-04-12 03:00:00+00:00,106,24,0.0,7.7,0.0,46.25,14.375
2026-04-12 03:00:00+00:00,122,6,0.0,5.4,0.0,46.0,14.4375
2026-04-12 03:00:00+00:00,122,24,0.0,5.6,0.0,46.0,14.4375
2026-04-12 03:00:00+00:00,127,6,0.0,5.1,0.0,46.125,14.5
2026-04-12 03:00:00+00:00,127,24,0.0,5.5,0.0,46.125,14.5
2026-04-12 03:00:00+00:00,129,6,0.0,4.9,0.0,46.0,14.5
2026-04-12 03:00:00+00:00,129,24,0.0,5.2,0.0,46.0,14.5
2026-04-12 03:00:00+00:00,177,6,0.0,4.9,0.0,45.625,14.8125
2026-04-12 03:00:00+00:00,177,24,0.0,4.8,0.0,45.625,14.8125
2026-04-12 03:00:00+00:00,194,6,0.0,5.2,0.0,46.5,15.0625
2026-04-12 03:00:00+00:00,194,24,0.0,6.2,0.0,46.5,15.0625
2026-04-12 03:00:00+00:00,236,6,0.0,5.4,0.0,45.8125,15.1875
2026-04-12 03:00:00+00:00,236,24,0.0,5.7,0.0,45.8125,15.1875
2026-04-12 03:00:00+00:00,325,6,0.0,6.6,0.0,46.5625,15.625
2026-04-12 03:00:00+00:00,325,24,0.0,7.2,0.0,46.5625,15.625
2026-04-12 03:00:00+00:00,391,6,0.0,5.8,0.0,46.6875,16.0625
2026-04-12 03:00:00+00:00,391,24,0.0,6.6,0.0,46.6875,16.0625
2026-04-12 03:00:00+00:00,422,6,0.0,5.0,0.0,46.25,15.25
2026-04-12 03:00:00+00:00,422,24,0.0,6.1,0.0,46.25,15.25
2026-04-12 03:00:00+00:00,425,6,0.0,4.9,0.0,45.9375,15.5
2026-04-12 03:00:00+00:00,425,24,0.0,5.3,0.0,45.9375,15.5
2026-04-12 03:00:00+00:00,426,6,0.0,9.0,0.0,45.5625,13.75
2026-04-12 03:00:00+00:00,426,24,0.0,10.1,0.0,45.5625,13.75
2026-04-12 06:00:00+00:00,63,24,94.0,6.9,0.0,46.375,14.0625
2026-04-12 06:00:00+00:00,76,24,97.0,8.5,0.0,46.3125,14.1875
2026-04-12 06:00:00+00:00,106,24,102.0,7.9,0.0,46.25,14.375
2026-04-12 06:00:00+00:00,122,24,113.0,6.9,0.0,46.0,14.4375
2026-04-12 06:00:00+00:00,127,24,100.0,6.1,0.0,46.125,14.5
2026-04-12 06:00:00+00:00,129,24,112.0,6.5,0.0,46.0,14.5
2026-04-12 06:00:00+00:00,177,24,124.0,6.4,0.0,45.625,14.8125
2026-04-12 06:00:00+00:00,194,24,87.0,8.4,0.0,46.5,15.0625
2026-04-12 06:00:00+00:00,236,24,120.0,6.7,0.0,45.8125,15.1875
2026-04-12 06:00:00+00:00,325,24,69.0,7.8,0.0,46.5625,15.625
2026-04-12 06:00:00+00:00,391,24,61.0,7.7,0.0,46.6875,16.0625
2026-04-12 06:00:00+00:00,422,24,85.0,6.9,0.0,46.25,15.25
2026-04-12 06:00:00+00:00,425,24,116.0,7.3,0.0,45.9375,15.5
2026-04-12 06:00:00+00:00,426,24,96.0,11.7,0.0,45.5625,13.75
2026-04-12 09:00:00+00:00,63,24,565.0,13.8,0.0,46.375,14.0625
2026-04-12 09:00:00+00:00,76,24,577.0,13.4,0.0,46.3125,14.1875
2026-04-12 09:00:00+00:00,106,24,570.0,13.6,0.0,46.25,14.375
2026-04-12 09:00:00+00:00,122,24,556.0,14.3,0.0,46.0,14.4375
2026-04-12 09:00:00+00:00,127,24,583.0,13.6,0.0,46.125,14.5
2026-04-12 09:00:00+00:00,129,24,544.0,14.7,0.0,46.0,14.5
2026-04-12 09:00:00+00:00,177,24,590.0,13.2,0.0,45.625,14.8125
2026-04-12 09:00:00+00:00,194,24,548.0,14.3,0.0,46.5,15.0625
2026-04-12 09:00:00+00:00,236,24,603.0,14.4,0.0,45.8125,15.1875
2026-04-12 09:00:00+00:00,325,24,429.0,12.6,0.0,46.5625,15.625
2026-04-12 09:00:00+00:00,391,24,480.0,11.9,0.0,46.6875,16.0625
2026-04-12 09:00:00+00:00,422,24,586.0,14.2,0.0,46.25,15.25
2026-04-12 09:00:00+00:00,425,24,590.0,14.2,0.0,45.9375,15.5
2026-04-12 09:00:00+00:00,426,24,622.0,19.1,0.0,45.5625,13.75
2026-04-12 12:00:00+00:00,63,24,769.0,17.7,0.0,46.375,14.0625
2026-04-12 12:00:00+00:00,76,24,771.0,17.3,0.0,46.3125,14.1875
2026-04-12 12:00:00+00:00,106,24,798.0,18.0,0.0,46.25,14.375
2026-04-12 12:00:00+00:00,122,24,775.0,19.1,0.0,46.0,14.4375
2026-04-12 12:00:00+00:00,127,24,790.0,18.6,0.0,46.125,14.5
2026-04-12 12:00:00+00:00,129,24,777.0,19.2,0.0,46.0,14.5
2026-04-12 12:00:00+00:00,177,24,791.0,17.1,0.0,45.625,14.8125
2026-04-12 12:00:00+00:00,194,24,727.0,17.5,0.0,46.5,15.0625
2026-04-12 12:00:00+00:00,236,24,773.0,18.8,0.0,45.8125,15.1875
2026-04-12 12:00:00+00:00,325,24,601.0,15.6,0.0,46.5625,15.625
2026-04-12 12:00:00+00:00,391,24,460.0,15.0,0.0,46.6875,16.0625
2026-04-12 12:00:00+00:00,422,24,770.0,18.0,0.0,46.25,15.25
2026-04-12 12:00:00+00:00,425,24,785.0,18.4,0.0,45.9375,15.5
2026-04-12 12:00:00+00:00,426,24,749.0,18.8,0.0,45.5625,13.75
2026-04-12 15:00:00+00:00,63,24,507.0,18.1,0.0,46.375,14.0625
2026-04-12 15:00:00+00:00,76,24,495.0,18.8,0.0,46.3125,14.1875
2026-04-12 15:00:00+00:00,106,24,427.0,19.8,0.0,46.25,14.375
2026-04-12 15:00:00+00:00,122,24,427.0,20.4,0.0,46.0,14.4375
2026-04-12 15:00:00+00:00,127,24,398.0,19.8,0.0,46.125,14.5
2026-04-12 15:00:00+00:00,129,24,428.0,20.3,0.0,46.0,14.5
2026-04-12 15:00:00+00:00,177,24,436.0,17.4,0.0,45.625,14.8125
2026-04-12 15:00:00+00:00,194,24,435.0,17.9,0.0,46.5,15.0625
2026-04-12 15:00:00+00:00,236,24,481.0,20.3,0.0,45.8125,15.1875
2026-04-12 15:00:00+00:00,325,24,434.0,17.3,0.0,46.5625,15.625
2026-04-12 15:00:00+00:00,391,24,442.0,17.3,0.0,46.6875,16.0625
2026-04-12 15:00:00+00:00,422,24,462.0,19.0,0.0,46.25,15.25
2026-04-12 15:00:00+00:00,425,24,470.0,19.8,0.0,45.9375,15.5
2026-04-12 15:00:00+00:00,426,24,484.0,17.9,0.0,45.5625,13.75
2026-04-12 18:00:00+00:00,63,24,20.0,13.0,0.0,46.375,14.0625
2026-04-12 18:00:00+00:00,76,24,19.0,13.8,0.0,46.3125,14.1875
2026-04-12 18:00:00+00:00,106,24,18.0,15.4,0.0,46.25,14.375
2026-04-12 18:00:00+00:00,122,24,17.0,16.0,0.0,46.0,14.4375
2026-04-12 18:00:00+00:00,127,24,18.0,16.3,0.0,46.125,14.5
2026-04-12 18:00:00+00:00,129,24,16.0,16.5,0.0,46.0,14.5
2026-04-12 18:00:00+00:00,177,24,15.0,12.8,0.0,45.625,14.8125
2026-04-12 18:00:00+00:00,194,24,14.0,14.1,0.0,46.5,15.0625
2026-04-12 18:00:00+00:00,236,24,14.0,15.9,0.0,45.8125,15.1875
2026-04-12 18:00:00+00:00,325,24,12.0,15.1,0.0,46.5625,15.625
2026-04-12 18:00:00+00:00,391,24,12.0,14.3,0.0,46.6875,16.0625
2026-04-12 18:00:00+00:00,422,24,14.0,15.4,0.0,46.25,15.25
2026-04-12 18:00:00+00:00,425,24,12.0,15.9,0.0,45.9375,15.5
2026-04-12 18:00:00+00:00,426,24,19.0,14.6,0.0,45.5625,13.75
2026-04-12 21:00:00+00:00,63,24,0.0,10.0,0.0,46.375,14.0625
2026-04-12 21:00:00+00:00,76,24,0.0,12.1,0.0,46.3125,14.1875
2026-04-12 21:00:00+00:00,106,24,0.0,11.7,0.0,46.25,14.375
2026-04-12 21:00:00+00:00,122,24,0.0,9.5,0.0,46.0,14.4375
2026-04-12 21:00:00+00:00,127,24,0.0,12.2,0.0,46.125,14.5
2026-04-12 21:00:00+00:00,129,24,0.0,9.7,0.0,46.0,14.5
2026-04-12 21:00:00+00:00,177,24,0.0,10.2,0.0,45.625,14.8125
2026-04-12 21:00:00+00:00,194,24,0.0,11.0,0.0,46.5,15.0625
2026-04-12 21:00:00+00:00,236,24,0.0,11.5,0.0,45.8125,15.1875
2026-04-12 21:00:00+00:00,325,24,0.0,12.0,0.0,46.5625,15.625
2026-04-12 21:00:00+00:00,391,24,0.0,10.9,0.0,46.6875,16.0625
2026-04-12 21:00:00+00:00,422,24,0.0,11.8,0.0,46.25,15.25
2026-04-12 21:00:00+00:00,425,24,0.0,12.3,0.0,45.9375,15.5
2026-04-12 21:00:00+00:00,426,24,0.0,12.6,0.0,45.5625,13.75
2026-04-12 01:00:00+00:00,63,1,0.0,6.5,0.0,46.375,14.0625
2026-04-12 01:00:00+00:00,76,1,0.0,7.2,0.0,46.3125,14.1875
2026-04-12 01:00:00+00:00,106,1,0.0,8.6,0.0,46.25,14.375
2026-04-12 01:00:00+00:00,122,1,0.0,5.9,0.0,46.0,14.4375
2026-04-12 01:00:00+00:00,127,1,0.0,6.9,0.0,46.125,14.5
2026-04-12 01:00:00+00:00,129,1,0.0,5.9,0.0,46.0,14.5
2026-04-12 01:00:00+00:00,177,1,0.0,4.8,0.0,45.625,14.8125
2026-04-12 01:00:00+00:00,194,1,0.0,6.1,0.0,46.5,15.0625
2026-04-12 01:00:00+00:00,236,1,0.0,6.0,0.0,45.8125,15.1875
2026-04-12 01:00:00+00:00,325,1,0.0,7.6,0.0,46.5625,15.625
2026-04-12 01:00:00+00:00,391,1,0.0,7.6,0.0,46.6875,16.0625
2026-04-12 01:00:00+00:00,422,1,0.0,6.9,0.0,46.25,15.25
2026-04-12 01:00:00+00:00,425,1,0.0,6.1,0.0,45.9375,15.5
2026-04-12 01:00:00+00:00,426,1,0.0,9.6,0.0,45.5625,13.75
2026-04-12 02:00:00+00:00,63,2,0.0,6.1,0.0,46.375,14.0625
2026-04-12 02:00:00+00:00,76,2,0.0,6.9,0.0,46.3125,14.1875
2026-04-12 02:00:00+00:00,106,2,0.0,7.9,0.0,46.25,14.375
2026-04-12 02:00:00+00:00,122,2,0.0,5.4,0.0,46.0,14.4375
2026-04-12 02:00:00+00:00,127,2,0.0,6.2,0.0,46.125,14.5
2026-04-12 02:00:00+00:00,129,2,0.0,5.4,0.0,46.0,14.5
2026-04-12 02:00:00+00:00,177,2,0.0,4.7,0.0,45.625,14.8125
2026-04-12 02:00:00+00:00,194,2,0.0,5.9,0.0,46.5,15.0625
2026-04-12 02:00:00+00:00,236,2,0.0,5.7,0.0,45.8125,15.1875
2026-04-12 02:00:00+00:00,325,2,0.0,7.4,0.0,46.5625,15.625
2026-04-12 02:00:00+00:00,391,2,0.0,7.5,0.0,46.6875,16.0625
2026-04-12 02:00:00+00:00,422,2,0.0,6.4,0.0,46.25,15.25
2026-04-12 02:00:00+00:00,425,2,0.0,5.6,0.0,45.9375,15.5
2026-04-12 02:00:00+00:00,426,2,0.0,9.3,0.0,45.5625,13.75
2026-04-12 03:00:00+00:00,63,3,0.0,5.7,0.0,46.375,14.0625
2026-04-12 03:00:00+00:00,76,3,0.0,6.6,0.0,46.3125,14.1875
2026-04-12 03:00:00+00:00,106,3,0.0,7.0,0.0,46.25,14.375
2026-04-12 03:00:00+00:00,122,3,0.0,5.0,0.0,46.0,14.4375
2026-04-12 03:00:00+00:00,127,3,0.0,5.3,0.0,46.125,14.5
2026-04-12 03:00:00+00:00,129,3,0.0,4.9,0.0,46.0,14.5
2026-04-12 03:00:00+00:00,177,3,0.0,4.4,0.0,45.625,14.8125
2026-04-12 03:00:00+00:00,194,3,0.0,5.6,0.0,46.5,15.0625
2026-04-12 03:00:00+00:00,236,3,0.0,5.2,0.0,45.8125,15.1875
2026-04-12 03:00:00+00:00,325,3,0.0,7.1,0.0,46.5625,15.625
2026-04-12 03:00:00+00:00,391,3,0.0,7.3,0.0,46.6875,16.0625
2026-04-12 03:00:00+00:00,422,3,0.0,5.8,0.0,46.25,15.25
2026-04-12 03:00:00+00:00,425,3,0.0,5.2,0.0,45.9375,15.5
2026-04-12 03:00:00+00:00,426,3,0.0,9.2,0.0,45.5625,13.75
2026-04-12 04:00:00+00:00,63,1,0.0,5.0,0.0,46.375,14.0625
2026-04-12 04:00:00+00:00,76,1,0.0,6.1,0.0,46.3125,14.1875
2026-04-12 04:00:00+00:00,106,1,0.0,6.5,0.0,46.25,14.375
2026-04-12 04:00:00+00:00,122,1,0.0,4.8,0.0,46.0,14.4375
2026-04-12 04:00:00+00:00,127,1,0.0,4.5,0.0,46.125,14.5
2026-04-12 04:00:00+00:00,129,1,0.0,4.7,0.0,46.0,14.5
2026-04-12 04:00:00+00:00,177,1,0.0,4.1,0.0,45.625,14.8125
2026-04-12 04:00:00+00:00,194,1,0.0,5.4,0.0,46.5,15.0625
2026-04-12 04:00:00+00:00,236,1,0.0,4.8,0.0,45.8125,15.1875
2026-04-12 04:00:00+00:00,325,1,0.0,6.7,0.0,46.5625,15.625
2026-04-12 04:00:00+00:00,391,1,0.0,7.0,0.0,46.6875,16.0625
2026-04-12 04:00:00+00:00,422,1,0.0,4.8,0.0,46.25,15.25
2026-04-12 04:00:00+00:00,425,1,0.0,4.8,0.0,45.9375,15.5
2026-04-12 04:00:00+00:00,426,1,0.0,9.4,0.0,45.5625,13.75
2026-04-12 05:00:00+00:00,63,2,11.0,5.0,0.0,46.375,14.0625
2026-04-12 05:00:00+00:00,76,2,11.0,6.2,0.0,46.3125,14.1875
2026-04-12 05:00:00+00:00,106,2,12.0,6.3,0.0,46.25,14.375
2026-04-12 05:00:00+00:00,122,2,11.0,5.1,0.0,46.0,14.4375
2026-04-12 05:00:00+00:00,127,2,11.0,4.7,0.0,46.125,14.5
2026-04-12 05:00:00+00:00,129,2,12.0,4.9,0.0,46.0,14.5
2026-04-12 05:00:00+00:00,177,2,13.0,4.4,0.0,45.625,14.8125
2026-04-12 05:00:00+00:00,194,2,14.0,5.7,0.0,46.5,15.0625
2026-04-12 05:00:00+00:00,236,2,14.0,4.9,0.0,45.8125,15.1875
2026-04-12 05:00:00+00:00,325,2,16.0,6.6,0.0,46.5625,15.625
2026-04-12 05:00:00+00:00,391,2,14.0,7.0,0.0,46.6875,16.0625
2026-04-12 05:00:00+00:00,422,2,15.0,4.8,0.0,46.25,15.25
2026-04-12 05:00:00+00:00,425,2,16.0,4.8,0.0,45.9375,15.5
2026-04-12 05:00:00+00:00,426,2,11.0,9.7,0.0,45.5625,13.75
2026-04-12 06:00:00+00:00,63,3,117.0,6.6,0.0,46.375,14.0625
2026-04-12 06:00:00+00:00,63,6,120.0,7.0,0.0,46.375,14.0625
2026-04-12 06:00:00+00:00,76,3,113.0,7.9,0.0,46.3125,14.1875
2026-04-12 06:00:00+00:00,76,6,117.0,8.2,0.0,46.3125,14.1875
2026-04-12 06:00:00+00:00,106,3,120.0,7.8,0.0,46.25,14.375
2026-04-12 06:00:00+00:00,106,6,123.0,7.8,0.0,46.25,14.375
2026-04-12 06:00:00+00:00,122,3,111.0,7.3,0.0,46.0,14.4375
2026-04-12 06:00:00+00:00,122,6,113.0,6.9,0.0,46.0,14.4375
2026-04-12 06:00:00+00:00,127,3,113.0,6.2,0.0,46.125,14.5
2026-04-12 06:00:00+00:00,127,6,115.0,6.4,0.0,46.125,14.5
2026-04-12 06:00:00+00:00,129,3,114.0,7.0,0.0,46.0,14.5
2026-04-12 06:00:00+00:00,129,6,115.0,6.8,0.0,46.0,14.5
2026-04-12 06:00:00+00:00,177,3,119.0,6.4,0.0,45.625,14.8125
2026-04-12 06:00:00+00:00,177,6,128.0,6.5,0.0,45.625,14.8125
2026-04-12 06:00:00+00:00,194,3,124.0,8.1,0.0,46.5,15.0625
2026-04-12 06:00:00+00:00,194,6,123.0,8.2,0.0,46.5,15.0625
2026-04-12 06:00:00+00:00,236,3,117.0,6.8,0.0,45.8125,15.1875
2026-04-12 06:00:00+00:00,236,6,127.0,6.8,0.0,45.8125,15.1875
2026-04-12 06:00:00+00:00,325,3,125.0,7.8,0.0,46.5625,15.625
2026-04-12 06:00:00+00:00,325,6,127.0,7.9,0.0,46.5625,15.625
2026-04-12 06:00:00+00:00,391,3,95.0,8.3,0.0,46.6875,16.0625
2026-04-12 06:00:00+00:00,391,6,100.0,8.5,0.0,46.6875,16.0625
2026-04-12 06:00:00+00:00,422,3,121.0,6.7,0.0,46.25,15.25
2026-04-12 06:00:00+00:00,422,6,119.0,6.8,0.0,46.25,15.25
2026-04-12 06:00:00+00:00,425,3,130.0,7.2,0.0,45.9375,15.5
2026-04-12 06:00:00+00:00,425,6,133.0,7.3,0.0,45.9375,15.5
2026-04-12 06:00:00+00:00,426,3,119.0,12.1,0.0,45.5625,13.75
2026-04-12 06:00:00+00:00,426,6,119.0,12.0,0.0,45.5625,13.75
2026-04-12 07:00:00+00:00,63,1,286.0,9.2,0.0,46.375,14.0625
2026-04-12 07:00:00+00:00,76,1,283.0,10.3,0.0,46.3125,14.1875
2026-04-12 07:00:00+00:00,106,1,283.0,10.3,0.0,46.25,14.375
2026-04-12 07:00:00+00:00,122,1,276.0,9.7,0.0,46.0,14.4375
2026-04-12 07:00:00+00:00,127,1,270.0,8.8,0.0,46.125,14.5
2026-04-12 07:00:00+00:00,129,1,280.0,9.4,0.0,46.0,14.5
2026-04-12 07:00:00+00:00,177,1,287.0,8.6,0.0,45.625,14.8125
2026-04-12 07:00:00+00:00,194,1,289.0,11.0,0.0,46.5,15.0625
2026-04-12 07:00:00+00:00,236,1,288.0,9.9,0.0,45.8125,15.1875
2026-04-12 07:00:00+00:00,325,1,290.0,10.1,0.0,46.5625,15.625
2026-04-12 07:00:00+00:00,391,1,248.0,9.5,0.0,46.6875,16.0625
2026-04-12 07:00:00+00:00,422,1,295.0,9.4,0.0,46.25,15.25
2026-04-12 07:00:00+00:00,425,1,294.0,10.4,0.0,45.9375,15.5
2026-04-12 07:00:00+00:00,426,1,294.0,16.1,0.0,45.5625,13.75
2026-04-12 08:00:00+00:00,63,2,453.0,11.4,0.0,46.375,14.0625
2026-04-12 08:00:00+00:00,76,2,456.0,12.2,0.0,46.3125,14.1875
2026-04-12 08:00:00+00:00,106,2,451.0,11.8,0.0,46.25,14.375
2026-04-12 08:00:00+00:00,122,2,433.0,12.1,0.0,46.0,14.4375
2026-04-12 08:00:00+00:00,127,2,440.0,11.5,0.0,46.125,14.5
2026-04-12 08:00:00+00:00,129,2,445.0,12.0,0.0,46.0,14.5
2026-04-12 08:00:00+00:00,177,2,476.0,11.0,0.0,45.625,14.8125
2026-04-12 08:00:00+00:00,194,2,467.0,13.1,0.0,46.5,15.0625
2026-04-12 08:00:00+00:00,236,2,468.0,12.4,0.0,45.8125,15.1875
2026-04-12 08:00:00+00:00,325,2,461.0,11.9,0.0,46.5625,15.625
2026-04-12 08:00:00+00:00,391,2,412.0,11.1,0.0,46.6875,16.0625
2026-04-12 08:00:00+00:00,422,2,471.0,12.1,0.0,46.25,15.25
2026-04-12 08:00:00+00:00,425,2,452.0,12.6,0.0,45.9375,15.5
2026-04-12 08:00:00+00:00,426,2,469.0,18.0,0.0,45.5625,13.75
2026-04-12 09:00:00+00:00,63,3,609.0,13.9,0.0,46.375,14.0625
2026-04-12 09:00:00+00:00,63,6,610.0,14.2,0.0,46.375,14.0625
2026-04-12 09:00:00+00:00,76,3,604.0,13.8,0.0,46.3125,14.1875
2026-04-12 09:00:00+00:00,76,6,605.0,14.1,0.0,46.3125,14.1875
2026-04-12 09:00:00+00:00,106,3,603.0,13.7,0.0,46.25,14.375
2026-04-12 09:00:00+00:00,106,6,606.0,14.0,0.0,46.25,14.375
2026-04-12 09:00:00+00:00,122,3,605.0,14.2,0.0,46.0,14.4375
2026-04-12 09:00:00+00:00,122,6,607.0,14.6,0.0,46.0,14.4375
2026-04-12 09:00:00+00:00,127,3,592.0,13.5,0.0,46.125,14.5
2026-04-12 09:00:00+00:00,127,6,602.0,13.9,0.0,46.125,14.5
2026-04-12 09:00:00+00:00,129,3,607.0,14.5,0.0,46.0,14.5
2026-04-12 09:00:00+00:00,129,6,608.0,14.9,0.0,46.0,14.5
2026-04-12 09:00:00+00:00,177,3,636.0,13.3,0.0,45.625,14.8125
2026-04-12 09:00:00+00:00,177,6,636.0,13.6,0.0,45.625,14.8125
2026-04-12 09:00:00+00:00,194,3,610.0,15.0,0.0,46.5,15.0625
2026-04-12 09:00:00+00:00,194,6,594.0,15.2,0.0,46.5,15.0625
2026-04-12 09:00:00+00:00,236,3,620.0,14.6,0.0,45.8125,15.1875
2026-04-12 09:00:00+00:00,236,6,611.0,14.8,0.0,45.8125,15.1875
2026-04-12 09:00:00+00:00,325,3,556.0,13.4,0.0,46.5625,15.625
2026-04-12 09:00:00+00:00,325,6,565.0,13.7,0.0,46.5625,15.625
2026-04-12 09:00:00+00:00,391,3,571.0,12.8,0.0,46.6875,16.0625
2026-04-12 09:00:00+00:00,391,6,552.0,12.9,0.0,46.6875,16.0625
2026-04-12 09:00:00+00:00,422,3,610.0,14.3,0.0,46.25,15.25
2026-04-12 09:00:00+00:00,422,6,612.0,14.5,0.0,46.25,15.25
2026-04-12 09:00:00+00:00,425,3,606.0,14.5,0.0,45.9375,15.5
2026-04-12 09:00:00+00:00,425,6,596.0,14.6,0.0,45.9375,15.5
2026-04-12 09:00:00+00:00,426,3,620.0,19.0,0.0,45.5625,13.75
2026-04-12 09:00:00+00:00,426,6,622.0,19.4,0.0,45.5625,13.75
2026-04-12 10:00:00+00:00,63,1,718.0,15.3,0.0,46.375,14.0625
2026-04-12 10:00:00+00:00,76,1,714.0,14.8,0.0,46.3125,14.1875
2026-04-12 10:00:00+00:00,106,1,722.0,14.9,0.0,46.25,14.375
2026-04-12 10:00:00+00:00,122,1,715.0,15.7,0.0,46.0,14.4375
2026-04-12 10:00:00+00:00,127,1,715.0,15.0,0.0,46.125,14.5
2026-04-12 10:00:00+00:00,129,1,711.0,16.1,0.0,46.0,14.5
2026-04-12 10:00:00+00:00,177,1,744.0,14.8,0.0,45.625,14.8125
2026-04-12 10:00:00+00:00,194,1,717.0,16.2,0.0,46.5,15.0625
2026-04-12 10:00:00+00:00,236,1,729.0,16.3,0.0,45.8125,15.1875
2026-04-12 10:00:00+00:00,325,1,640.0,14.4,0.0,46.5625,15.625
2026-04-12 10:00:00+00:00,391,1,664.0,14.1,0.0,46.6875,16.0625
2026-04-12 10:00:00+00:00,422,1,719.0,15.9,0.0,46.25,15.25
2026-04-12 10:00:00+00:00,425,1,720.0,16.1,0.0,45.9375,15.5
2026-04-12 10:00:00+00:00,426,1,732.0,19.0,0.0,45.5625,13.75
2026-04-12 11:00:00+00:00,63,2,770.0,16.6,0.0,46.375,14.0625
2026-04-12 11:00:00+00:00,76,2,773.0,16.0,0.0,46.3125,14.1875
2026-04-12 11:00:00+00:00,106,2,787.0,16.5,0.0,46.25,14.375
2026-04-12 11:00:00+00:00,122,2,783.0,17.4,0.0,46.0,14.4375
2026-04-12 11:00:00+00:00,127,2,781.0,16.8,0.0,46.125,14.5
2026-04-12 11:00:00+00:00,129,2,782.0,17.8,0.0,46.0,14.5
2026-04-12 11:00:00+00:00,177,2,805.0,16.1,0.0,45.625,14.8125
2026-04-12 11:00:00+00:00,194,2,771.0,17.3,0.0,46.5,15.0625
2026-04-12 11:00:00+00:00,236,2,788.0,17.8,0.0,45.8125,15.1875
2026-04-12 11:00:00+00:00,325,2,635.0,15.4,0.0,46.5625,15.625
2026-04-12 11:00:00+00:00,391,2,752.0,15.5,0.0,46.6875,16.0625
2026-04-12 11:00:00+00:00,422,2,777.0,17.4,0.0,46.25,15.25
2026-04-12 11:00:00+00:00,425,2,781.0,17.5,0.0,45.9375,15.5
2026-04-12 11:00:00+00:00,426,2,734.0,18.7,0.0,45.5625,13.75
2026-04-12 12:00:00+00:00,63,3,765.0,17.4,0.0,46.375,14.0625
2026-04-12 12:00:00+00:00,63,6,771.0,17.9,0.0,46.375,14.0625
2026-04-12 12:00:00+00:00,76,3,777.0,17.0,0.0,46.3125,14.1875
2026-04-12 12:00:00+00:00,76,6,786.0,17.5,0.0,46.3125,14.1875
2026-04-12 12:00:00+00:00,106,3,794.0,17.8,0.0,46.25,14.375
2026-04-12 12:00:00+00:00,106,6,797.0,18.3,0.0,46.25,14.375
2026-04-12 12:00:00+00:00,122,3,777.0,18.9,0.0,46.0,14.4375
2026-04-12 12:00:00+00:00,122,6,788.0,19.4,0.0,46.0,14.4375
2026-04-12 12:00:00+00:00,127,3,790.0,18.3,0.0,46.125,14.5
2026-04-12 12:00:00+00:00,127,6,791.0,18.7,0.0,46.125,14.5
2026-04-12 12:00:00+00:00,129,3,773.0,19.0,0.0,46.0,14.5
2026-04-12 12:00:00+00:00,129,6,793.0,19.5,0.0,46.0,14.5
2026-04-12 12:00:00+00:00,177,3,802.0,16.8,0.0,45.625,14.8125
2026-04-12 12:00:00+00:00,177,6,803.0,17.1,0.0,45.625,14.8125
2026-04-12 12:00:00+00:00,194,3,774.0,17.9,0.0,46.5,15.0625
2026-04-12 12:00:00+00:00,194,6,767.0,18.2,0.0,46.5,15.0625
2026-04-12 12:00:00+00:00,236,3,787.0,19.0,0.0,45.8125,15.1875
2026-04-12 12:00:00+00:00,236,6,787.0,19.2,0.0,45.8125,15.1875
2026-04-12 12:00:00+00:00,325,3,679.0,16.8,0.0,46.5625,15.625
2026-04-12 12:00:00+00:00,325,6,695.0,17.0,0.0,46.5625,15.625
2026-04-12 12:00:00+00:00,391,3,739.0,16.4,0.0,46.6875,16.0625
2026-04-12 12:00:00+00:00,391,6,723.0,16.7,0.0,46.6875,16.0625
2026-04-12 12:00:00+00:00,422,3,772.0,18.5,0.0,46.25,15.25
2026-04-12 12:00:00+00:00,422,6,775.0,18.7,0.0,46.25,15.25
2026-04-12 12:00:00+00:00,425,3,781.0,18.6,0.0,45.9375,15.5
2026-04-12 12:00:00+00:00,425,6,781.0,18.8,0.0,45.9375,15.5
2026-04-12 12:00:00+00:00,426,3,670.0,18.4,0.0,45.5625,13.75
2026-04-12 12:00:00+00:00,426,6,615.0,18.4,0.0,45.5625,13.75
2026-04-12 13:00:00+00:00,63,1,707.0,17.7,0.0,46.375,14.0625
2026-04-12 13:00:00+00:00,76,1,703.0,18.0,0.0,46.3125,14.1875
2026-04-12 13:00:00+00:00,106,1,720.0,18.3,0.0,46.25,14.375
2026-04-12 13:00:00+00:00,122,1,715.0,19.7,0.0,46.0,14.4375
2026-04-12 13:00:00+00:00,127,1,741.0,19.1,0.0,46.125,14.5
2026-04-12 13:00:00+00:00,129,1,715.0,19.8,0.0,46.0,14.5
2026-04-12 13:00:00+00:00,177,1,717.0,16.8,0.0,45.625,14.8125
2026-04-12 13:00:00+00:00,194,1,706.0,18.1,0.0,46.5,15.0625
2026-04-12 13:00:00+00:00,236,1,733.0,19.7,0.0,45.8125,15.1875
2026-04-12 13:00:00+00:00,325,1,626.0,17.2,0.0,46.5625,15.625
2026-04-12 13:00:00+00:00,391,1,673.0,17.0,0.0,46.6875,16.0625
2026-04-12 13:00:00+00:00,422,1,718.0,19.2,0.0,46.25,15.25
2026-04-12 13:00:00+00:00,425,1,729.0,19.1,0.0,45.9375,15.5
2026-04-12 13:00:00+00:00,426,1,649.0,17.9,0.0,45.5625,13.75
2026-04-12 14:00:00+00:00,63,2,602.0,17.7,0.0,46.375,14.0625
2026-04-12 14:00:00+00:00,76,2,590.0,17.8,0.0,46.3125,14.1875
2026-04-12 14:00:00+00:00,106,2,611.0,19.0,0.0,46.25,14.375
2026-04-12 14:00:00+00:00,122,2,583.0,19.9,0.0,46.0,14.4375
2026-04-12 14:00:00+00:00,127,2,629.0,19.6,0.0,46.125,14.5
2026-04-12 14:00:00+00:00,129,2,584.0,20.0,0.0,46.0,14.5
2026-04-12 14:00:00+00:00,177,2,616.0,16.6,0.0,45.625,14.8125
2026-04-12 14:00:00+00:00,194,2,582.0,18.0,0.0,46.5,15.0625
2026-04-12 14:00:00+00:00,236,2,622.0,19.8,0.0,45.8125,15.1875
2026-04-12 14:00:00+00:00,325,2,532.0,17.6,0.0,46.5625,15.625
2026-04-12 14:00:00+00:00,391,2,576.0,17.3,0.0,46.6875,16.0625
2026-04-12 14:00:00+00:00,422,2,598.0,19.4,0.0,46.25,15.25
2026-04-12 14:00:00+00:00,425,2,623.0,19.4,0.0,45.9375,15.5
2026-04-12 14:00:00+00:00,426,2,553.0,17.5,0.0,45.5625,13.75
2026-04-12 15:00:00+00:00,63,3,459.0,17.2,0.0,46.375,14.0625
2026-04-12 15:00:00+00:00,63,6,469.0,17.4,0.0,46.375,14.0625
2026-04-12 15:00:00+00:00,76,3,445.0,17.8,0.0,46.3125,14.1875
2026-04-12 15:00:00+00:00,76,6,422.0,18.0,0.0,46.3125,14.1875
2026-04-12 15:00:00+00:00,106,3,395.0,18.8,0.0,46.25,14.375
2026-04-12 15:00:00+00:00,106,6,414.0,19.2,0.0,46.25,14.375
2026-04-12 15:00:00+00:00,122,3,420.0,19.7,0.0,46.0,14.4375
2026-04-12 15:00:00+00:00,122,6,404.0,19.8,0.0,46.0,14.4375
2026-04-12 15:00:00+00:00,127,3,448.0,19.3,0.0,46.125,14.5
2026-04-12 15:00:00+00:00,127,6,429.0,19.4,0.0,46.125,14.5
2026-04-12 15:00:00+00:00,129,3,424.0,19.8,0.0,46.0,14.5
2026-04-12 15:00:00+00:00,129,6,393.0,19.7,0.0,46.0,14.5
2026-04-12 15:00:00+00:00,177,3,455.0,16.6,0.0,45.625,14.8125
2026-04-12 15:00:00+00:00,177,6,443.0,16.9,0.0,45.625,14.8125
2026-04-12 15:00:00+00:00,194,3,458.0,17.9,0.0,46.5,15.0625
2026-04-12 15:00:00+00:00,194,6,469.0,17.9,0.0,46.5,15.0625
2026-04-12 15:00:00+00:00,236,3,475.0,19.7,0.0,45.8125,15.1875
2026-04-12 15:00:00+00:00,236,6,475.0,19.8,0.0,45.8125,15.1875
2026-04-12 15:00:00+00:00,325,3,412.0,17.7,0.0,46.5625,15.625
2026-04-12 15:00:00+00:00,325,6,413.0,17.8,0.0,46.5625,15.625
2026-04-12 15:00:00+00:00,391,3,442.0,17.2,0.0,46.6875,16.0625
2026-04-12 15:00:00+00:00,391,6,430.0,17.3,0.0,46.6875,16.0625
2026-04-12 15:00:00+00:00,422,3,458.0,19.3,0.0,46.25,15.25
2026-04-12 15:00:00+00:00,422,6,437.0,19.4,0.0,46.25,15.25
2026-04-12 15:00:00+00:00,425,3,475.0,19.3,0.0,45.9375,15.5
2026-04-12 15:00:00+00:00,425,6,480.0,19.5,0.0,45.9375,15.5
2026-04-12 15:00:00+00:00,426,3,358.0,17.1,0.0,45.5625,13.75
2026-04-12 15:00:00+00:00,426,6,317.0,17.3,0.0,45.5625,13.75
2026-04-12 16:00:00+00:00,63,1,286.0,16.0,0.0,46.375,14.0625
2026-04-12 16:00:00+00:00,76,1,286.0,16.7,0.0,46.3125,14.1875
2026-04-12 16:00:00+00:00,106,1,260.0,18.3,0.0,46.25,14.375
2026-04-12 16:00:00+00:00,122,1,237.0,19.1,0.0,46.0,14.4375
2026-04-12 16:00:00+00:00,127,1,256.0,18.6,0.0,46.125,14.5
2026-04-12 16:00:00+00:00,129,1,228.0,19.1,0.0,46.0,14.5
2026-04-12 16:00:00+00:00,177,1,280.0,15.5,0.0,45.625,14.8125
2026-04-12 16:00:00+00:00,194,1,287.0,17.1,0.0,46.5,15.0625
2026-04-12 16:00:00+00:00,236,1,289.0,18.9,0.0,45.8125,15.1875
2026-04-12 16:00:00+00:00,325,1,239.0,17.0,0.0,46.5625,15.625
2026-04-12 16:00:00+00:00,391,1,286.0,16.7,0.0,46.6875,16.0625
2026-04-12 16:00:00+00:00,422,1,286.0,18.4,0.0,46.25,15.25
2026-04-12 16:00:00+00:00,425,1,295.0,18.6,0.0,45.9375,15.5
2026-04-12 16:00:00+00:00,426,1,198.0,16.2,0.0,45.5625,13.75
2026-04-12 17:00:00+00:00,63,2,120.0,14.9,0.0,46.375,14.0625
2026-04-12 17:00:00+00:00,76,2,118.0,15.6,0.0,46.3125,14.1875
2026-04-12 17:00:00+00:00,106,2,117.0,17.4,0.0,46.25,14.375
2026-04-12 17:00:00+00:00,122,2,104.0,18.0,0.0,46.0,14.4375
2026-04-12 17:00:00+00:00,127,2,105.0,17.6,0.0,46.125,14.5
2026-04-12 17:00:00+00:00,129,2,103.0,18.1,0.0,46.0,14.5
2026-04-12 17:00:00+00:00,177,2,115.0,14.0,0.0,45.625,14.8125
2026-04-12 17:00:00+00:00,194,2,114.0,16.0,0.0,46.5,15.0625
2026-04-12 17:00:00+00:00,236,2,115.0,17.9,0.0,45.8125,15.1875
2026-04-12 17:00:00+00:00,325,2,97.0,16.1,0.0,46.5625,15.625
2026-04-12 17:00:00+00:00,391,2,121.0,16.1,0.0,46.6875,16.0625
2026-04-12 17:00:00+00:00,422,2,114.0,17.4,0.0,46.25,15.25
2026-04-12 17:00:00+00:00,425,2,114.0,17.9,0.0,45.9375,15.5
2026-04-12 17:00:00+00:00,426,2,95.0,15.5,0.0,45.5625,13.75
2026-04-12 18:00:00+00:00,63,3,16.0,12.4,0.0,46.375,14.0625
2026-04-12 18:00:00+00:00,63,6,17.0,12.7,0.0,46.375,14.0625
2026-04-12 18:00:00+00:00,76,3,16.0,13.2,0.0,46.3125,14.1875
2026-04-12 18:00:00+00:00,76,6,17.0,13.5,0.0,46.3125,14.1875
2026-04-12 18:00:00+00:00,106,3,15.0,14.6,0.0,46.25,14.375
2026-04-12 18:00:00+00:00,106,6,15.0,14.7,0.0,46.25,14.375
2026-04-12 18:00:00+00:00,122,3,16.0,15.5,0.0,46.0,14.4375
2026-04-12 18:00:00+00:00,122,6,15.0,15.7,0.0,46.0,14.4375
2026-04-12 18:00:00+00:00,127,3,14.0,15.2,0.0,46.125,14.5
2026-04-12 18:00:00+00:00,127,6,14.0,15.4,0.0,46.125,14.5
2026-04-12 18:00:00+00:00,129,3,16.0,15.2,0.0,46.0,14.5
2026-04-12 18:00:00+00:00,129,6,16.0,15.3,0.0,46.0,14.5
2026-04-12 18:00:00+00:00,177,3,14.0,11.3,0.0,45.625,14.8125
2026-04-12 18:00:00+00:00,177,6,13.0,11.6,0.0,45.625,14.8125
2026-04-12 18:00:00+00:00,194,3,13.0,13.7,0.0,46.5,15.0625
2026-04-12 18:00:00+00:00,194,6,13.0,13.7,0.0,46.5,15.0625
2026-04-12 18:00:00+00:00,236,3,12.0,15.0,0.0,45.8125,15.1875
2026-04-12 18:00:00+00:00,236,6,13.0,15.1,0.0,45.8125,15.1875
2026-04-12 18:00:00+00:00,325,3,10.0,14.7,0.0,46.5625,15.625
2026-04-12 18:00:00+00:00,325,6,11.0,14.8,0.0,46.5625,15.625
2026-04-12 18:00:00+00:00,391,3,12.0,13.9,0.0,46.6875,16.0625
2026-04-12 18:00:00+00:00,391,6,12.0,14.0,0.0,46.6875,16.0625
2026-04-12 18:00:00+00:00,422,3,13.0,14.7,0.0,46.25,15.25
2026-04-12 18:00:00+00:00,422,6,13.0,14.9,0.0,46.25,15.25
2026-04-12 18:00:00+00:00,425,3,12.0,15.0,0.0,45.9375,15.5
2026-04-12 18:00:00+00:00,425,6,12.0,15.0,0.0,45.9375,15.5
2026-04-12 18:00:00+00:00,426,3,13.0,14.8,0.0,45.5625,13.75
2026-04-12 18:00:00+00:00,426,6,13.0,15.2,0.0,45.5625,13.75
2026-04-12 19:00:00+00:00,63,1,0.0,11.0,0.0,46.375,14.0625
2026-04-12 19:00:00+00:00,76,1,0.0,12.5,0.0,46.3125,14.1875
2026-04-12 19:00:00+00:00,106,1,0.0,13.8,0.0,46.25,14.375
2026-04-12 19:00:00+00:00,122,1,0.0,14.1,0.0,46.0,14.4375
2026-04-12 19:00:00+00:00,127,1,0.0,14.0,0.0,46.125,14.5
2026-04-12 19:00:00+00:00,129,1,0.0,13.5,0.0,46.0,14.5
2026-04-12 19:00:00+00:00,177,1,0.0,10.4,0.0,45.625,14.8125
2026-04-12 19:00:00+00:00,194,1,0.0,12.8,0.0,46.5,15.0625
2026-04-12 19:00:00+00:00,236,1,0.0,13.7,0.0,45.8125,15.1875
2026-04-12 19:00:00+00:00,325,1,0.0,14.0,0.0,46.5625,15.625
2026-04-12 19:00:00+00:00,391,1,0.0,13.1,0.0,46.6875,16.0625
2026-04-12 19:00:00+00:00,422,1,0.0,13.5,0.0,46.25,15.25
2026-04-12 19:00:00+00:00,425,1,0.0,13.7,0.0,45.9375,15.5
2026-04-12 19:00:00+00:00,426,1,0.0,14.4,0.0,45.5625,13.75
2026-04-12 20:00:00+00:00,63,2,0.0,10.3,0.0,46.375,14.0625
2026-04-12 20:00:00+00:00,76,2,0.0,12.2,0.0,46.3125,14.1875
2026-04-12 20:00:00+00:00,106,2,0.0,13.3,0.0,46.25,14.375
2026-04-12 20:00:00+00:00,122,2,0.0,12.9,0.0,46.0,14.4375
2026-04-12 20:00:00+00:00,127,2,0.0,13.0,0.0,46.125,14.5
2026-04-12 20:00:00+00:00,129,2,0.0,12.2,0.0,46.0,14.5
2026-04-12 20:00:00+00:00,177,2,0.0,9.8,0.0,45.625,14.8125
2026-04-12 20:00:00+00:00,194,2,0.0,12.0,0.0,46.5,15.0625
2026-04-12 20:00:00+00:00,236,2,0.0,12.4,0.0,45.8125,15.1875
2026-04-12 20:00:00+00:00,325,2,0.0,13.0,0.0,46.5625,15.625
2026-04-12 20:00:00+00:00,391,2,0.0,12.0,0.0,46.6875,16.0625
2026-04-12 20:00:00+00:00,422,2,0.0,12.7,0.0,46.25,15.25
2026-04-12 20:00:00+00:00,425,2,0.0,12.3,0.0,45.9375,15.5
2026-04-12 20:00:00+00:00,426,2,0.0,14.1,0.0,45.5625,13.75
2026-04-12 21:00:00+00:00,63,3,0.0,10.2,0.0,46.375,14.0625
2026-04-12 21:00:00+00:00,63,6,0.0,10.1,0.0,46.375,14.0625
2026-04-12 21:00:00+00:00,76,3,0.0,12.2,0.0,46.3125,14.1875
2026-04-12 21:00:00+00:00,76,6,0.0,11.8,0.0,46.3125,14.1875
2026-04-12 21:00:00+00:00,106,3,0.0,12.8,0.0,46.25,14.375
2026-04-12 21:00:00+00:00,106,6,0.0,12.5,0.0,46.25,14.375
2026-04-12 21:00:00+00:00,122,3,0.0,12.4,0.0,46.0,14.4375
2026-04-12 21:00:00+00:00,122,6,0.0,12.1,0.0,46.0,14.4375
2026-04-12 21:00:00+00:00,127,3,0.0,12.6,0.0,46.125,14.5
2026-04-12 21:00:00+00:00,127,6,0.0,12.3,0.0,46.125,14.5
2026-04-12 21:00:00+00:00,129,3,0.0,12.0,0.0,46.0,14.5
2026-04-12 21:00:00+00:00,129,6,0.0,11.8,0.0,46.0,14.5
2026-04-12 21:00:00+00:00,177,3,0.0,9.6,0.0,45.625,14.8125
2026-04-12 21:00:00+00:00,177,6,0.0,9.3,0.0,45.625,14.8125
2026-04-12 21:00:00+00:00,194,3,0.0,11.4,0.0,46.5,15.0625
2026-04-12 21:00:00+00:00,194,6,0.0,10.8,0.0,46.5,15.0625
2026-04-12 21:00:00+00:00,236,3,0.0,11.2,0.0,45.8125,15.1875
2026-04-12 21:00:00+00:00,236,6,0.0,10.8,0.0,45.8125,15.1875
2026-04-12 21:00:00+00:00,325,3,0.0,11.9,0.0,46.5625,15.625
2026-04-12 21:00:00+00:00,325,6,0.0,11.6,0.0,46.5625,15.625
2026-04-12 21:00:00+00:00,391,3,0.0,11.0,0.0,46.6875,16.0625
2026-04-12 21:00:00+00:00,391,6,0.0,10.5,0.0,46.6875,16.0625
2026-04-12 21:00:00+00:00,422,3,0.0,12.2,0.0,46.25,15.25
2026-04-12 21:00:00+00:00,422,6,0.0,11.6,0.0,46.25,15.25
2026-04-12 21:00:00+00:00,425,3,0.0,11.6,0.0,45.9375,15.5
2026-04-12 21:00:00+00:00,425,6,0.0,11.3,0.0,45.9375,15.5
2026-04-12 21:00:00+00:00,426,3,0.0,13.5,0.0,45.5625,13.75
2026-04-12 21:00:00+00:00,426,6,0.0,13.0,0.0,45.5625,13.75
2026-04-12 22:00:00+00:00,63,1,0.0,10.4,0.0,46.375,14.0625
2026-04-12 22:00:00+00:00,76,1,0.0,12.0,0.0,46.3125,14.1875
2026-04-12 22:00:00+00:00,106,1,0.0,12.6,0.0,46.25,14.375
2026-04-12 22:00:00+00:00,122,1,0.0,11.9,0.0,46.0,14.4375
2026-04-12 22:00:00+00:00,127,1,0.0,12.1,0.0,46.125,14.5
2026-04-12 22:00:00+00:00,129,1,0.0,11.5,0.0,46.0,14.5
2026-04-12 22:00:00+00:00,177,1,0.0,9.1,0.0,45.625,14.8125
2026-04-12 22:00:00+00:00,194,1,0.0,10.8,0.0,46.5,15.0625
2026-04-12 22:00:00+00:00,236,1,0.0,10.3,0.0,45.8125,15.1875
2026-04-12 22:00:00+00:00,325,1,0.0,11.3,0.0,46.5625,15.625
2026-04-12 22:00:00+00:00,391,1,0.0,10.4,0.0,46.6875,16.0625
2026-04-12 22:00:00+00:00,422,1,0.0,11.5,0.0,46.25,15.25
2026-04-12 22:00:00+00:00,425,1,0.0,11.1,0.0,45.9375,15.5
2026-04-12 22:00:00+00:00,426,1,0.0,12.4,0.0,45.5625,13.75
2026-04-12 23:00:00+00:00,63,2,0.0,10.3,0.0,46.375,14.0625
2026-04-12 23:00:00+00:00,76,2,0.0,11.7,0.0,46.3125,14.1875
2026-04-12 23:00:00+00:00,106,2,0.0,12.2,0.0,46.25,14.375
2026-04-12 23:00:00+00:00,122,2,0.0,11.1,0.0,46.0,14.4375
2026-04-12 23:00:00+00:00,127,2,0.0,11.6,0.0,46.125,14.5
2026-04-12 23:00:00+00:00,129,2,0.0,10.8,0.0,46.0,14.5
2026-04-12 23:00:00+00:00,177,2,0.0,8.9,0.0,45.625,14.8125
2026-04-12 23:00:00+00:00,194,2,0.0,10.5,0.0,46.5,15.0625
2026-04-12 23:00:00+00:00,236,2,0.0,9.3,0.0,45.8125,15.1875
2026-04-12 23:00:00+00:00,325,2,0.0,10.7,0.0,46.5625,15.625
2026-04-12 23:00:00+00:00,391,2,0.0,9.8,0.0,46.6875,16.0625
2026-04-12 23:00:00+00:00,422,2,0.0,11.0,0.0,46.25,15.25
2026-04-12 23:00:00+00:00,425,2,0.0,10.6,0.0,45.9375,15.5
2026-04-12 23:00:00+00:00,426,2,0.0,12.0,0.0,45.5625,13.75
2026-04-13 00:00:00+00:00,63,3,0.0,9.8,0.0,46.375,14.0625
2026-04-13 00:00:00+00:00,63,6,0.0,9.7,0.0,46.375,14.0625
2026-04-13 00:00:00+00:00,63,24,0.0,9.6,0.0,46.375,14.0625
2026-04-13 00:00:00+00:00,76,3,0.0,11.3,0.0,46.3125,14.1875
2026-04-13 00:00:00+00:00,76,6,0.0,11.2,0.0,46.3125,14.1875
2026-04-13 00:00:00+00:00,76,24,0.0,11.5,0.0,46.3125,14.1875
2026-04-13 00:00:00+00:00,106,3,0.0,11.7,0.0,46.25,14.375
2026-04-13 00:00:00+00:00,106,6,0.0,11.9,0.0,46.25,14.375
2026-04-13 00:00:00+00:00,106,24,0.0,12.1,0.0,46.25,14.375
2026-04-13 00:00:00+00:00,122,3,0.0,10.5,0.0,46.0,14.4375
2026-04-13 00:00:00+00:00,122,6,0.0,10.3,0.0,46.0,14.4375
2026-04-13 00:00:00+00:00,122,24,0.0,10.0,0.0,46.0,14.4375
2026-04-13 00:00:00+00:00,127,3,0.0,11.2,0.0,46.125,14.5
2026-04-13 00:00:00+00:00,127,6,0.0,11.3,0.0,46.125,14.5
2026-04-13 00:00:00+00:00,127,24,0.0,10.8,0.0,46.125,14.5
2026-04-13 00:00:00+00:00,129,3,0.0,10.0,0.0,46.0,14.5
2026-04-13 00:00:00+00:00,129,6,0.0,10.1,0.0,46.0,14.5
2026-04-13 00:00:00+00:00,129,24,0.0,9.7,0.0,46.0,14.5
2026-04-13 00:00:00+00:00,177,3,0.0,8.8,0.0,45.625,14.8125
2026-04-13 00:00:00+00:00,177,6,0.0,8.7,0.0,45.625,14.8125
2026-04-13 00:00:00+00:00,177,24,0.0,8.6,0.0,45.625,14.8125
2026-04-13 00:00:00+00:00,194,3,0.0,10.1,0.0,46.5,15.0625
2026-04-13 00:00:00+00:00,194,6,0.0,10.1,0.0,46.5,15.0625
2026-04-13 00:00:00+00:00,194,24,0.0,10.0,0.0,46.5,15.0625
2026-04-13 00:00:00+00:00,236,3,0.0,8.8,0.0,45.8125,15.1875
2026-04-13 00:00:00+00:00,236,6,0.0,8.8,0.0,45.8125,15.1875
2026-04-13 00:00:00+00:00,236,24,0.0,8.5,0.0,45.8125,15.1875
2026-04-13 00:00:00+00:00,325,3,0.0,10.1,0.0,46.5625,15.625
2026-04-13 00:00:00+00:00,325,6,0.0,10.1,0.0,46.5625,15.625
2026-04-13 00:00:00+00:00,325,24,0.0,9.5,0.0,46.5625,15.625
2026-04-13 00:00:00+00:00,391,3,0.0,9.0,0.0,46.6875,16.0625
2026-04-13 00:00:00+00:00,391,6,0.0,8.9,0.0,46.6875,16.0625
2026-04-13 00:00:00+00:00,391,24,0.0,8.2,0.0,46.6875,16.0625
2026-04-13 00:00:00+00:00,422,3,0.0,10.5,0.0,46.25,15.25
2026-04-13 00:00:00+00:00,422,6,0.0,10.4,0.0,46.25,15.25
2026-04-13 00:00:00+00:00,422,24,0.0,9.9,0.0,46.25,15.25
2026-04-13 00:00:00+00:00,425,3,0.0,10.3,0.0,45.9375,15.5
2026-04-13 00:00:00+00:00,425,6,0.0,10.0,0.0,45.9375,15.5
2026-04-13 00:00:00+00:00,425,24,0.0,10.2,0.0,45.9375,15.5
2026-04-13 00:00:00+00:00,426,3,0.0,12.2,0.0,45.5625,13.75
2026-04-13 00:00:00+00:00,426,6,0.0,12.3,0.0,45.5625,13.75
2026-04-13 00:00:00+00:00,426,24,0.0,12.0,0.0,45.5625,13.75
2026-04-13 03:00:00+00:00,63,6,0.0,9.0,0.0,46.375,14.0625
2026-04-13 03:00:00+00:00,63,24,0.0,9.0,0.0,46.375,14.0625
2026-04-13 03:00:00+00:00,76,6,0.0,10.6,0.1,46.3125,14.1875
2026-04-13 03:00:00+00:00,76,24,0.0,10.6,0.0,46.3125,14.1875
2026-04-13 03:00:00+00:00,106,6,0.0,10.8,0.0,46.25,14.375
2026-04-13 03:00:00+00:00,106,24,0.0,10.6,0.0,46.25,14.375
2026-04-13 03:00:00+00:00,122,6,0.0,9.8,0.0,46.0,14.4375
2026-04-13 03:00:00+00:00,122,24,0.0,9.3,0.0,46.0,14.4375
2026-04-13 03:00:00+00:00,127,6,0.0,10.2,0.0,46.125,14.5
2026-04-13 03:00:00+00:00,127,24,0.0,9.5,0.0,46.125,14.5
2026-04-13 03:00:00+00:00,129,6,0.0,9.0,0.0,46.0,14.5
2026-04-13 03:00:00+00:00,129,24,0.0,8.8,0.0,46.0,14.5
2026-04-13 03:00:00+00:00,177,6,0.0,7.8,0.0,45.625,14.8125
2026-04-13 03:00:00+00:00,177,24,0.0,7.5,0.0,45.625,14.8125
2026-04-13 03:00:00+00:00,194,6,0.0,9.0,0.0,46.5,15.0625
2026-04-13 03:00:00+00:00,194,24,0.0,8.8,0.0,46.5,15.0625
2026-04-13 03:00:00+00:00,236,6,0.0,7.9,0.0,45.8125,15.1875
2026-04-13 03:00:00+00:00,236,24,0.0,7.7,0.0,45.8125,15.1875
2026-04-13 03:00:00+00:00,325,6,0.0,9.0,0.0,46.5625,15.625
2026-04-13 03:00:00+00:00,325,24,0.0,6.9,0.0,46.5625,15.625
2026-04-13 03:00:00+00:00,391,6,0.0,8.4,0.0,46.6875,16.0625
2026-04-13 03:00:00+00:00,391,24,0.0,7.8,0.0,46.6875,16.0625
2026-04-13 03:00:00+00:00,422,6,0.0,8.9,0.0,46.25,15.25
2026-04-13 03:00:00+00:00,422,24,0.0,8.4,0.0,46.25,15.25
2026-04-13 03:00:00+00:00,425,6,0.0,9.1,0.0,45.9375,15.5
2026-04-13 03:00:00+00:00,425,24,0.0,8.6,0.0,45.9375,15.5
2026-04-13 03:00:00+00:00,426,6,0.0,13.4,0.0,45.5625,13.75
2026-04-13 03:00:00+00:00,426,24,0.0,12.9,0.0,45.5625,13.75
2026-04-13 06:00:00+00:00,63,24,73.0,9.6,0.0,46.375,14.0625
2026-04-13 06:00:00+00:00,76,24,73.0,10.9,0.0,46.3125,14.1875
2026-04-13 06:00:00+00:00,106,24,80.0,10.8,0.0,46.25,14.375
2026-04-13 06:00:00+00:00,122,24,79.0,10.5,0.0,46.0,14.4375
2026-04-13 06:00:00+00:00,127,24,80.0,10.3,0.0,46.125,14.5
2026-04-13 06:00:00+00:00,129,24,79.0,10.0,0.0,46.0,14.5
2026-04-13 06:00:00+00:00,177,24,89.0,8.0,0.0,45.625,14.8125
2026-04-13 06:00:00+00:00,194,24,83.0,10.2,0.0,46.5,15.0625
2026-04-13 06:00:00+00:00,236,24,93.0,8.7,0.0,45.8125,15.1875
2026-04-13 06:00:00+00:00,325,24,98.0,8.6,0.0,46.5625,15.625
2026-04-13 06:00:00+00:00,391,24,104.0,8.9,0.0,46.6875,16.0625
2026-04-13 06:00:00+00:00,422,24,91.0,9.5,0.0,46.25,15.25
2026-04-13 06:00:00+00:00,425,24,110.0,9.9,0.0,45.9375,15.5
2026-04-13 06:00:00+00:00,426,24,63.0,15.3,0.0,45.5625,13.75
2026-04-13 09:00:00+00:00,63,24,342.0,13.4,0.0,46.375,14.0625
2026-04-13 09:00:00+00:00,76,24,364.0,13.4,0.0,46.3125,14.1875
2026-04-13 09:00:00+00:00,106,24,311.0,13.5,0.0,46.25,14.375
2026-04-13 09:00:00+00:00,122,24,266.0,13.7,0.0,46.0,14.4375
2026-04-13 09:00:00+00:00,127,24,286.0,14.1,0.0,46.125,14.5
2026-04-13 09:00:00+00:00,129,24,263.0,14.0,0.0,46.0,14.5
2026-04-13 09:00:00+00:00,177,24,388.0,11.6,0.0,45.625,14.8125
2026-04-13 09:00:00+00:00,194,24,478.0,14.0,0.0,46.5,15.0625
2026-04-13 09:00:00+00:00,236,24,302.0,13.6,0.0,45.8125,15.1875
2026-04-13 09:00:00+00:00,325,24,500.0,12.8,0.0,46.5625,15.625
2026-04-13 09:00:00+00:00,391,24,563.0,13.4,0.0,46.6875,16.0625
2026-04-13 09:00:00+00:00,422,24,428.0,13.3,0.0,46.25,15.25
2026-04-13 09:00:00+00:00,425,24,311.0,13.8,0.0,45.9375,15.5
2026-04-13 09:00:00+00:00,426,24,296.0,18.6,0.0,45.5625,13.75
2026-04-13 12:00:00+00:00,63,24,472.0,15.2,0.0,46.375,14.0625
2026-04-13 12:00:00+00:00,76,24,466.0,14.9,0.0,46.3125,14.1875
2026-04-13 12:00:00+00:00,106,24,439.0,15.4,0.0,46.25,14.375
2026-04-13 12:00:00+00:00,122,24,462.0,16.5,0.0,46.0,14.4375
2026-04-13 12:00:00+00:00,127,24,482.0,16.8,0.0,46.125,14.5
2026-04-13 12:00:00+00:00,129,24,458.0,16.8,0.0,46.0,14.5
2026-04-13 12:00:00+00:00,177,24,628.0,14.7,0.0,45.625,14.8125
2026-04-13 12:00:00+00:00,194,24,571.0,16.1,0.0,46.5,15.0625
2026-04-13 12:00:00+00:00,236,24,554.0,16.6,0.0,45.8125,15.1875
2026-04-13 12:00:00+00:00,325,24,524.0,15.1,0.0,46.5625,15.625
2026-04-13 12:00:00+00:00,391,24,563.0,15.8,0.0,46.6875,16.0625
2026-04-13 12:00:00+00:00,422,24,545.0,16.3,0.0,46.25,15.25
2026-04-13 12:00:00+00:00,425,24,583.0,16.7,0.0,45.9375,15.5
2026-04-13 12:00:00+00:00,426,24,497.0,20.5,0.0,45.5625,13.75
2026-04-13 15:00:00+00:00,63,24,274.0,14.7,0.0,46.375,14.0625
2026-04-13 15:00:00+00:00,76,24,263.0,14.7,0.0,46.3125,14.1875
2026-04-13 15:00:00+00:00,106,24,266.0,16.6,0.0,46.25,14.375
2026-04-13 15:00:00+00:00,122,24,251.0,16.6,0.0,46.0,14.4375
2026-04-13 15:00:00+00:00,127,24,255.0,16.6,0.0,46.125,14.5
2026-04-13 15:00:00+00:00,129,24,253.0,16.8,0.0,46.0,14.5
2026-04-13 15:00:00+00:00,177,24,264.0,12.9,0.0,45.625,14.8125
2026-04-13 15:00:00+00:00,194,24,332.0,15.6,0.0,46.5,15.0625
2026-04-13 15:00:00+00:00,236,24,211.0,16.2,0.0,45.8125,15.1875
2026-04-13 15:00:00+00:00,325,24,353.0,15.9,0.0,46.5625,15.625
2026-04-13 15:00:00+00:00,391,24,328.0,16.3,0.0,46.6875,16.0625
2026-04-13 15:00:00+00:00,422,24,265.0,16.2,0.0,46.25,15.25
2026-04-13 15:00:00+00:00,425,24,204.0,16.8,0.0,45.9375,15.5
2026-04-13 15:00:00+00:00,426,24,238.0,21.3,0.0,45.5625,13.75
2026-04-13 18:00:00+00:00,63,24,10.0,12.0,0.0,46.375,14.0625
2026-04-13 18:00:00+00:00,76,24,9.0,12.3,0.0,46.3125,14.1875
2026-04-13 18:00:00+00:00,106,24,11.0,13.4,0.0,46.25,14.375
2026-04-13 18:00:00+00:00,122,24,6.0,13.8,0.0,46.0,14.4375
2026-04-13 18:00:00+00:00,127,24,7.0,14.0,0.0,46.125,14.5
2026-04-13 18:00:00+00:00,129,24,6.0,14.0,0.0,46.0,14.5
2026-04-13 18:00:00+00:00,177,24,9.0,10.7,0.0,45.625,14.8125
2026-04-13 18:00:00+00:00,194,24,11.0,12.4,0.0,46.5,15.0625
2026-04-13 18:00:00+00:00,236,24,6.0,13.9,0.1,45.8125,15.1875
2026-04-13 18:00:00+00:00,325,24,8.0,13.5,0.0,46.5625,15.625
2026-04-13 18:00:00+00:00,391,24,7.0,13.8,0.0,46.6875,16.0625
2026-04-13 18:00:00+00:00,422,24,8.0,13.8,0.1,46.25,15.25
2026-04-13 18:00:00+00:00,425,24,8.0,14.8,0.0,45.9375,15.5
2026-04-13 18:00:00+00:00,426,24,8.0,17.8,0.0,45.5625,13.75
2026-04-13 21:00:00+00:00,63,24,0.0,9.6,0.1,46.375,14.0625
2026-04-13 21:00:00+00:00,76,24,0.0,10.4,0.1,46.3125,14.1875
2026-04-13 21:00:00+00:00,106,24,0.0,10.7,0.0,46.25,14.375
2026-04-13 21:00:00+00:00,122,24,0.0,12.2,0.0,46.0,14.4375
2026-04-13 21:00:00+00:00,127,24,0.0,12.2,0.0,46.125,14.5
2026-04-13 21:00:00+00:00,129,24,0.0,12.5,0.0,46.0,14.5
2026-04-13 21:00:00+00:00,177,24,0.0,8.7,0.0,45.625,14.8125
2026-04-13 21:00:00+00:00,194,24,0.0,11.6,0.0,46.5,15.0625
2026-04-13 21:00:00+00:00,236,24,0.0,12.2,0.0,45.8125,15.1875
2026-04-13 21:00:00+00:00,325,24,0.0,12.1,0.0,46.5625,15.625
2026-04-13 21:00:00+00:00,391,24,0.0,11.7,0.0,46.6875,16.0625
2026-04-13 21:00:00+00:00,422,24,0.0,12.6,0.0,46.25,15.25
2026-04-13 21:00:00+00:00,425,24,0.0,13.7,0.0,45.9375,15.5
2026-04-13 21:00:00+00:00,426,24,0.0,16.2,0.0,45.5625,13.75
2026-04-13 01:00:00+00:00,63,1,0.0,9.4,0.0,46.375,14.0625
2026-04-13 01:00:00+00:00,76,1,0.0,11.0,0.0,46.3125,14.1875
2026-04-13 01:00:00+00:00,106,1,0.0,11.5,0.0,46.25,14.375
2026-04-13 01:00:00+00:00,122,1,0.0,10.4,0.0,46.0,14.4375
2026-04-13 01:00:00+00:00,127,1,0.0,11.2,0.0,46.125,14.5
2026-04-13 01:00:00+00:00,129,1,0.0,10.0,0.0,46.0,14.5
2026-04-13 01:00:00+00:00,177,1,0.0,8.3,0.0,45.625,14.8125
2026-04-13 01:00:00+00:00,194,1,0.0,9.8,0.0,46.5,15.0625
2026-04-13 01:00:00+00:00,236,1,0.0,8.3,0.0,45.8125,15.1875
2026-04-13 01:00:00+00:00,325,1,0.0,9.7,0.0,46.5625,15.625
2026-04-13 01:00:00+00:00,391,1,0.0,9.0,0.0,46.6875,16.0625
2026-04-13 01:00:00+00:00,422,1,0.0,10.2,0.0,46.25,15.25
2026-04-13 01:00:00+00:00,425,1,0.0,10.0,0.0,45.9375,15.5
2026-04-13 01:00:00+00:00,426,1,0.0,12.6,0.0,45.5625,13.75
2026-04-13 02:00:00+00:00,63,2,0.0,9.6,0.0,46.375,14.0625
2026-04-13 02:00:00+00:00,76,2,0.0,11.0,0.0,46.3125,14.1875
2026-04-13 02:00:00+00:00,106,2,0.0,11.5,0.0,46.25,14.375
2026-04-13 02:00:00+00:00,122,2,0.0,10.4,0.0,46.0,14.4375
2026-04-13 02:00:00+00:00,127,2,0.0,10.9,0.0,46.125,14.5
2026-04-13 02:00:00+00:00,129,2,0.0,9.8,0.0,46.0,14.5
2026-04-13 02:00:00+00:00,177,2,0.0,8.0,0.0,45.625,14.8125
2026-04-13 02:00:00+00:00,194,2,0.0,9.4,0.0,46.5,15.0625
2026-04-13 02:00:00+00:00,236,2,0.0,8.1,0.0,45.8125,15.1875
2026-04-13 02:00:00+00:00,325,2,0.0,9.4,0.0,46.5625,15.625
2026-04-13 02:00:00+00:00,391,2,0.0,8.9,0.0,46.6875,16.0625
2026-04-13 02:00:00+00:00,422,2,0.0,9.7,0.0,46.25,15.25
2026-04-13 02:00:00+00:00,425,2,0.0,9.6,0.0,45.9375,15.5
2026-04-13 02:00:00+00:00,426,2,0.0,13.0,0.0,45.5625,13.75
2026-04-13 03:00:00+00:00,63,3,0.0,9.3,0.0,46.375,14.0625
2026-04-13 03:00:00+00:00,76,3,0.0,10.8,0.2,46.3125,14.1875
2026-04-13 03:00:00+00:00,106,3,0.0,11.1,0.0,46.25,14.375
2026-04-13 03:00:00+00:00,122,3,0.0,10.0,0.0,46.0,14.4375
2026-04-13 03:00:00+00:00,127,3,0.0,10.3,0.0,46.125,14.5
2026-04-13 03:00:00+00:00,129,3,0.0,9.3,0.0,46.0,14.5
2026-04-13 03:00:00+00:00,177,3,0.0,7.7,0.0,45.625,14.8125
2026-04-13 03:00:00+00:00,194,3,0.0,9.1,0.0,46.5,15.0625
2026-04-13 03:00:00+00:00,236,3,0.0,7.8,0.0,45.8125,15.1875
2026-04-13 03:00:00+00:00,325,3,0.0,9.0,0.0,46.5625,15.625
2026-04-13 03:00:00+00:00,391,3,0.0,8.5,0.0,46.6875,16.0625
2026-04-13 03:00:00+00:00,422,3,0.0,9.2,0.0,46.25,15.25
2026-04-13 03:00:00+00:00,425,3,0.0,9.3,0.0,45.9375,15.5
2026-04-13 03:00:00+00:00,426,3,0.0,13.6,0.0,45.5625,13.75
2026-04-13 04:00:00+00:00,63,1,0.0,8.4,0.0,46.375,14.0625
2026-04-13 04:00:00+00:00,76,1,0.0,9.8,0.0,46.3125,14.1875
2026-04-13 04:00:00+00:00,106,1,0.0,10.0,0.0,46.25,14.375
2026-04-13 04:00:00+00:00,122,1,0.0,9.1,0.0,46.0,14.4375
2026-04-13 04:00:00+00:00,127,1,0.0,9.7,0.0,46.125,14.5
2026-04-13 04:00:00+00:00,129,1,0.0,8.4,0.0,46.0,14.5
2026-04-13 04:00:00+00:00,177,1,0.0,7.1,0.0,45.625,14.8125
2026-04-13 04:00:00+00:00,194,1,0.0,8.5,0.0,46.5,15.0625
2026-04-13 04:00:00+00:00,236,1,0.0,7.3,0.0,45.8125,15.1875
2026-04-13 04:00:00+00:00,325,1,0.0,7.3,0.0,46.5625,15.625
2026-04-13 04:00:00+00:00,391,1,0.0,7.6,0.0,46.6875,16.0625
2026-04-13 04:00:00+00:00,422,1,0.0,8.7,0.0,46.25,15.25
2026-04-13 04:00:00+00:00,425,1,0.0,8.4,0.0,45.9375,15.5
2026-04-13 04:00:00+00:00,426,1,0.0,14.5,0.0,45.5625,13.75
2026-04-13 05:00:00+00:00,63,2,8.0,8.1,0.0,46.375,14.0625
2026-04-13 05:00:00+00:00,76,2,8.0,9.8,0.0,46.3125,14.1875
2026-04-13 05:00:00+00:00,106,2,8.0,9.6,0.0,46.25,14.375
2026-04-13 05:00:00+00:00,122,2,7.0,9.1,0.0,46.0,14.4375
2026-04-13 05:00:00+00:00,127,2,8.0,9.3,0.0,46.125,14.5
2026-04-13 05:00:00+00:00,129,2,7.0,8.5,0.0,46.0,14.5
2026-04-13 05:00:00+00:00,177,2,8.0,6.9,0.0,45.625,14.8125
2026-04-13 05:00:00+00:00,194,2,13.0,8.4,0.0,46.5,15.0625
2026-04-13 05:00:00+00:00,236,2,10.0,7.4,0.0,45.8125,15.1875
2026-04-13 05:00:00+00:00,325,2,15.0,6.9,0.0,46.5625,15.625
2026-04-13 05:00:00+00:00,391,2,14.0,7.8,0.0,46.6875,16.0625
2026-04-13 05:00:00+00:00,422,2,10.0,8.4,0.0,46.25,15.25
2026-04-13 05:00:00+00:00,425,2,12.0,8.3,0.0,45.9375,15.5
2026-04-13 05:00:00+00:00,426,2,3.0,15.0,0.0,45.5625,13.75
2026-04-13 06:00:00+00:00,63,3,67.0,8.9,0.0,46.375,14.0625
2026-04-13 06:00:00+00:00,63,6,68.0,9.2,0.0,46.375,14.0625
2026-04-13 06:00:00+00:00,76,3,55.0,10.4,0.0,46.3125,14.1875
2026-04-13 06:00:00+00:00,76,6,65.0,10.7,0.0,46.3125,14.1875
2026-04-13 06:00:00+00:00,106,3,71.0,10.4,0.0,46.25,14.375
2026-04-13 06:00:00+00:00,106,6,69.0,10.8,0.0,46.25,14.375
2026-04-13 06:00:00+00:00,122,3,50.0,10.0,0.0,46.0,14.4375
2026-04-13 06:00:00+00:00,122,6,54.0,10.4,0.0,46.0,14.4375
2026-04-13 06:00:00+00:00,127,3,61.0,9.9,0.0,46.125,14.5
2026-04-13 06:00:00+00:00,127,6,65.0,10.2,0.0,46.125,14.5
2026-04-13 06:00:00+00:00,129,3,52.0,9.6,0.0,46.0,14.5
2026-04-13 06:00:00+00:00,129,6,51.0,10.1,0.0,46.0,14.5
2026-04-13 06:00:00+00:00,177,3,61.0,7.7,0.0,45.625,14.8125
2026-04-13 06:00:00+00:00,177,6,62.0,8.0,0.0,45.625,14.8125
2026-04-13 06:00:00+00:00,194,3,78.0,9.8,0.0,46.5,15.0625
2026-04-13 06:00:00+00:00,194,6,74.0,10.1,0.0,46.5,15.0625
2026-04-13 06:00:00+00:00,236,3,80.0,8.6,0.0,45.8125,15.1875
2026-04-13 06:00:00+00:00,236,6,79.0,8.7,0.0,45.8125,15.1875
2026-04-13 06:00:00+00:00,325,3,91.0,8.2,0.0,46.5625,15.625
2026-04-13 06:00:00+00:00,325,6,70.0,8.4,0.0,46.5625,15.625
2026-04-13 06:00:00+00:00,391,3,102.0,8.7,0.0,46.6875,16.0625
2026-04-13 06:00:00+00:00,391,6,77.0,9.0,0.0,46.6875,16.0625
2026-04-13 06:00:00+00:00,422,3,84.0,9.6,0.0,46.25,15.25
2026-04-13 06:00:00+00:00,422,6,82.0,9.7,0.0,46.25,15.25
2026-04-13 06:00:00+00:00,425,3,93.0,10.2,0.0,45.9375,15.5
2026-04-13 06:00:00+00:00,425,6,99.0,10.6,0.0,45.9375,15.5
2026-04-13 06:00:00+00:00,426,3,27.0,14.9,0.0,45.5625,13.75
2026-04-13 06:00:00+00:00,426,6,44.0,15.1,0.0,45.5625,13.75
2026-04-13 07:00:00+00:00,63,1,110.0,9.6,0.3,46.375,14.0625
2026-04-13 07:00:00+00:00,76,1,93.0,10.5,0.2,46.3125,14.1875
2026-04-13 07:00:00+00:00,106,1,125.0,11.1,0.1,46.25,14.375
2026-04-13 07:00:00+00:00,122,1,100.0,11.2,0.0,46.0,14.4375
2026-04-13 07:00:00+00:00,127,1,106.0,10.8,0.0,46.125,14.5
2026-04-13 07:00:00+00:00,129,1,117.0,11.5,0.0,46.0,14.5
2026-04-13 07:00:00+00:00,177,1,109.0,8.2,0.0,45.625,14.8125
2026-04-13 07:00:00+00:00,194,1,166.0,10.5,0.0,46.5,15.0625
2026-04-13 07:00:00+00:00,236,1,140.0,10.5,0.0,45.8125,15.1875
2026-04-13 07:00:00+00:00,325,1,185.0,9.3,0.0,46.5625,15.625
2026-04-13 07:00:00+00:00,391,1,237.0,10.3,0.0,46.6875,16.0625
2026-04-13 07:00:00+00:00,422,1,203.0,10.5,0.0,46.25,15.25
2026-04-13 07:00:00+00:00,425,1,179.0,11.6,0.0,45.9375,15.5
2026-04-13 07:00:00+00:00,426,1,77.0,15.9,0.0,45.5625,13.75
2026-04-13 08:00:00+00:00,63,2,143.0,9.9,0.2,46.375,14.0625
2026-04-13 08:00:00+00:00,76,2,150.0,10.4,0.2,46.3125,14.1875
2026-04-13 08:00:00+00:00,106,2,160.0,11.4,0.0,46.25,14.375
2026-04-13 08:00:00+00:00,122,2,163.0,11.8,0.0,46.0,14.4375
2026-04-13 08:00:00+00:00,127,2,188.0,11.7,0.0,46.125,14.5
2026-04-13 08:00:00+00:00,129,2,175.0,12.2,0.0,46.0,14.5
2026-04-13 08:00:00+00:00,177,2,192.0,8.9,0.0,45.625,14.8125
2026-04-13 08:00:00+00:00,194,2,291.0,11.7,0.0,46.5,15.0625
2026-04-13 08:00:00+00:00,236,2,191.0,11.6,0.0,45.8125,15.1875
2026-04-13 08:00:00+00:00,325,2,313.0,10.7,0.0,46.5625,15.625
2026-04-13 08:00:00+00:00,391,2,321.0,11.4,0.0,46.6875,16.0625
2026-04-13 08:00:00+00:00,422,2,312.0,11.2,0.0,46.25,15.25
2026-04-13 08:00:00+00:00,425,2,236.0,12.1,0.0,45.9375,15.5
2026-04-13 08:00:00+00:00,426,2,141.0,16.5,0.0,45.5625,13.75
2026-04-13 09:00:00+00:00,63,3,265.0,10.8,0.0,46.375,14.0625
2026-04-13 09:00:00+00:00,63,6,279.0,11.4,0.0,46.375,14.0625
2026-04-13 09:00:00+00:00,76,3,250.0,10.9,0.0,46.3125,14.1875
2026-04-13 09:00:00+00:00,76,6,297.0,11.9,0.0,46.3125,14.1875
2026-04-13 09:00:00+00:00,106,3,259.0,11.8,0.0,46.25,14.375
2026-04-13 09:00:00+00:00,106,6,294.0,12.6,0.0,46.25,14.375
2026-04-13 09:00:00+00:00,122,3,278.0,12.6,0.0,46.0,14.4375
2026-04-13 09:00:00+00:00,122,6,314.0,13.2,0.0,46.0,14.4375
2026-04-13 09:00:00+00:00,127,3,313.0,12.9,0.0,46.125,14.5
2026-04-13 09:00:00+00:00,127,6,365.0,13.5,0.0,46.125,14.5
2026-04-13 09:00:00+00:00,129,3,275.0,13.0,0.0,46.0,14.5
2026-04-13 09:00:00+00:00,129,6,304.0,13.6,0.0,46.0,14.5
2026-04-13 09:00:00+00:00,177,3,360.0,10.4,0.0,45.625,14.8125
2026-04-13 09:00:00+00:00,177,6,374.0,10.9,0.0,45.625,14.8125
2026-04-13 09:00:00+00:00,194,3,354.0,12.6,0.0,46.5,15.0625
2026-04-13 09:00:00+00:00,194,6,355.0,12.7,0.0,46.5,15.0625
2026-04-13 09:00:00+00:00,236,3,268.0,12.4,0.0,45.8125,15.1875
2026-04-13 09:00:00+00:00,236,6,311.0,13.0,0.0,45.8125,15.1875
2026-04-13 09:00:00+00:00,325,3,413.0,11.8,0.0,46.5625,15.625
2026-04-13 09:00:00+00:00,325,6,363.0,11.9,0.0,46.5625,15.625
2026-04-13 09:00:00+00:00,391,3,428.0,12.5,0.0,46.6875,16.0625
2026-04-13 09:00:00+00:00,391,6,416.0,12.6,0.0,46.6875,16.0625
2026-04-13 09:00:00+00:00,422,3,355.0,12.3,0.0,46.25,15.25
2026-04-13 09:00:00+00:00,422,6,313.0,12.4,0.0,46.25,15.25
2026-04-13 09:00:00+00:00,425,3,289.0,12.8,0.0,45.9375,15.5
2026-04-13 09:00:00+00:00,425,6,309.0,13.1,0.0,45.9375,15.5
2026-04-13 09:00:00+00:00,426,3,268.0,17.2,0.1,45.5625,13.75
2026-04-13 09:00:00+00:00,426,6,318.0,18.1,0.0,45.5625,13.75
2026-04-13 10:00:00+00:00,63,1,349.0,11.7,0.0,46.375,14.0625
2026-04-13 10:00:00+00:00,76,1,309.0,11.5,0.0,46.3125,14.1875
2026-04-13 10:00:00+00:00,106,1,337.0,12.1,0.0,46.25,14.375
2026-04-13 10:00:00+00:00,122,1,426.0,13.8,0.0,46.0,14.4375
2026-04-13 10:00:00+00:00,127,1,373.0,13.4,0.0,46.125,14.5
2026-04-13 10:00:00+00:00,129,1,452.0,14.3,0.0,46.0,14.5
2026-04-13 10:00:00+00:00,177,1,576.0,12.0,0.0,45.625,14.8125
2026-04-13 10:00:00+00:00,194,1,418.0,12.9,0.0,46.5,15.0625
2026-04-13 10:00:00+00:00,236,1,461.0,13.4,0.0,45.8125,15.1875
2026-04-13 10:00:00+00:00,325,1,435.0,12.5,0.0,46.5625,15.625
2026-04-13 10:00:00+00:00,391,1,406.0,13.0,0.0,46.6875,16.0625
2026-04-13 10:00:00+00:00,422,1,422.0,13.2,0.0,46.25,15.25
2026-04-13 10:00:00+00:00,425,1,421.0,13.7,0.0,45.9375,15.5
2026-04-13 10:00:00+00:00,426,1,482.0,18.2,0.0,45.5625,13.75
2026-04-13 11:00:00+00:00,63,2,360.0,12.4,0.0,46.375,14.0625
2026-04-13 11:00:00+00:00,76,2,364.0,12.4,0.0,46.3125,14.1875
2026-04-13 11:00:00+00:00,106,2,397.0,12.8,0.0,46.25,14.375
2026-04-13 11:00:00+00:00,122,2,532.0,14.9,0.0,46.0,14.4375
2026-04-13 11:00:00+00:00,127,2,510.0,14.8,0.0,46.125,14.5
2026-04-13 11:00:00+00:00,129,2,560.0,15.4,0.0,46.0,14.5
2026-04-13 11:00:00+00:00,177,2,614.0,13.0,0.0,45.625,14.8125
2026-04-13 11:00:00+00:00,194,2,482.0,13.7,0.0,46.5,15.0625
2026-04-13 11:00:00+00:00,236,2,483.0,14.1,0.0,45.8125,15.1875
2026-04-13 11:00:00+00:00,325,2,522.0,13.8,0.0,46.5625,15.625
2026-04-13 11:00:00+00:00,391,2,449.0,14.3,0.0,46.6875,16.0625
2026-04-13 11:00:00+00:00,422,2,569.0,14.3,0.0,46.25,15.25
2026-04-13 11:00:00+00:00,425,2,500.0,14.5,0.0,45.9375,15.5
2026-04-13 11:00:00+00:00,426,2,594.0,19.6,0.0,45.5625,13.75
2026-04-13 12:00:00+00:00,63,3,467.0,13.6,0.0,46.375,14.0625
2026-04-13 12:00:00+00:00,63,6,463.0,13.9,0.0,46.375,14.0625
2026-04-13 12:00:00+00:00,76,3,485.0,13.6,0.0,46.3125,14.1875
2026-04-13 12:00:00+00:00,76,6,562.0,14.6,0.0,46.3125,14.1875
2026-04-13 12:00:00+00:00,106,3,423.0,13.8,0.0,46.25,14.375
2026-04-13 12:00:00+00:00,106,6,538.0,15.0,0.0,46.25,14.375
2026-04-13 12:00:00+00:00,122,3,586.0,16.1,0.0,46.0,14.4375
2026-04-13 12:00:00+00:00,122,6,646.0,16.9,0.0,46.0,14.4375
2026-04-13 12:00:00+00:00,127,3,492.0,15.9,0.0,46.125,14.5
2026-04-13 12:00:00+00:00,127,6,578.0,16.8,0.0,46.125,14.5
2026-04-13 12:00:00+00:00,129,3,593.0,16.4,0.0,46.0,14.5
2026-04-13 12:00:00+00:00,129,6,640.0,17.2,0.0,46.0,14.5
2026-04-13 12:00:00+00:00,177,3,631.0,13.1,0.0,45.625,14.8125
2026-04-13 12:00:00+00:00,177,6,666.0,13.5,0.0,45.625,14.8125
2026-04-13 12:00:00+00:00,194,3,508.0,14.8,0.0,46.5,15.0625
2026-04-13 12:00:00+00:00,194,6,544.0,15.2,0.0,46.5,15.0625
2026-04-13 12:00:00+00:00,236,3,556.0,15.1,0.0,45.8125,15.1875
2026-04-13 12:00:00+00:00,236,6,634.0,16.0,0.0,45.8125,15.1875
2026-04-13 12:00:00+00:00,325,3,588.0,14.8,0.0,46.5625,15.625
2026-04-13 12:00:00+00:00,325,6,576.0,14.8,0.0,46.5625,15.625
2026-04-13 12:00:00+00:00,391,3,599.0,15.2,0.0,46.6875,16.0625
2026-04-13 12:00:00+00:00,391,6,629.0,15.6,0.0,46.6875,16.0625
2026-04-13 12:00:00+00:00,422,3,491.0,15.0,0.0,46.25,15.25
2026-04-13 12:00:00+00:00,422,6,518.0,15.6,0.0,46.25,15.25
2026-04-13 12:00:00+00:00,425,3,544.0,15.7,0.0,45.9375,15.5
2026-04-13 12:00:00+00:00,425,6,643.0,16.4,0.0,45.9375,15.5
2026-04-13 12:00:00+00:00,426,3,627.0,21.0,0.0,45.5625,13.75
2026-04-13 12:00:00+00:00,426,6,598.0,22.0,0.0,45.5625,13.75
2026-04-13 13:00:00+00:00,63,1,446.0,14.5,0.0,46.375,14.0625
2026-04-13 13:00:00+00:00,76,1,450.0,14.4,0.0,46.3125,14.1875
2026-04-13 13:00:00+00:00,106,1,447.0,15.1,0.0,46.25,14.375
2026-04-13 13:00:00+00:00,122,1,502.0,16.8,0.0,46.0,14.4375
2026-04-13 13:00:00+00:00,127,1,507.0,16.8,0.0,46.125,14.5
2026-04-13 13:00:00+00:00,129,1,532.0,17.1,0.0,46.0,14.5
2026-04-13 13:00:00+00:00,177,1,567.0,13.7,0.0,45.625,14.8125
2026-04-13 13:00:00+00:00,194,1,513.0,15.6,0.0,46.5,15.0625
2026-04-13 13:00:00+00:00,236,1,534.0,16.6,0.0,45.8125,15.1875
2026-04-13 13:00:00+00:00,325,1,582.0,15.9,0.0,46.5625,15.625
2026-04-13 13:00:00+00:00,391,1,526.0,16.3,0.0,46.6875,16.0625
2026-04-13 13:00:00+00:00,422,1,494.0,16.3,0.0,46.25,15.25
2026-04-13 13:00:00+00:00,425,1,522.0,16.8,0.0,45.9375,15.5
2026-04-13 13:00:00+00:00,426,1,558.0,22.4,0.0,45.5625,13.75
2026-04-13 14:00:00+00:00,63,2,291.0,14.2,0.0,46.375,14.0625
2026-04-13 14:00:00+00:00,76,2,287.0,14.0,0.0,46.3125,14.1875
2026-04-13 14:00:00+00:00,106,2,290.0,15.8,0.0,46.25,14.375
2026-04-13 14:00:00+00:00,122,2,383.0,16.6,0.0,46.0,14.4375
2026-04-13 14:00:00+00:00,127,2,395.0,16.6,0.0,46.125,14.5
2026-04-13 14:00:00+00:00,129,2,392.0,16.8,0.0,46.0,14.5
2026-04-13 14:00:00+00:00,177,2,472.0,13.7,0.0,45.625,14.8125
2026-04-13 14:00:00+00:00,194,2,497.0,15.7,0.0,46.5,15.0625
2026-04-13 14:00:00+00:00,236,2,454.0,16.8,0.0,45.8125,15.1875
2026-04-13 14:00:00+00:00,325,2,468.0,16.1,0.0,46.5625,15.625
2026-04-13 14:00:00+00:00,391,2,442.0,16.4,0.0,46.6875,16.0625
2026-04-13 14:00:00+00:00,422,2,396.0,16.3,0.0,46.25,15.25
2026-04-13 14:00:00+00:00,425,2,341.0,16.6,0.0,45.9375,15.5
2026-04-13 14:00:00+00:00,426,2,414.0,21.9,0.0,45.5625,13.75
2026-04-13 15:00:00+00:00,63,3,157.0,13.5,0.0,46.375,14.0625
2026-04-13 15:00:00+00:00,63,6,177.0,13.3,0.0,46.375,14.0625
2026-04-13 15:00:00+00:00,76,3,187.0,13.9,0.0,46.3125,14.1875
2026-04-13 15:00:00+00:00,76,6,193.0,13.5,0.0,46.3125,14.1875
2026-04-13 15:00:00+00:00,106,3,240.0,15.9,0.0,46.25,14.375
2026-04-13 15:00:00+00:00,106,6,226.0,15.5,0.0,46.25,14.375
2026-04-13 15:00:00+00:00,122,3,281.0,16.1,0.0,46.0,14.4375
2026-04-13 15:00:00+00:00,122,6,234.0,15.6,0.0,46.0,14.4375
2026-04-13 15:00:00+00:00,127,3,260.0,16.1,0.0,46.125,14.5
2026-04-13 15:00:00+00:00,127,6,279.0,16.0,0.0,46.125,14.5
2026-04-13 15:00:00+00:00,129,3,301.0,16.3,0.0,46.0,14.5
2026-04-13 15:00:00+00:00,129,6,229.0,15.8,0.0,46.0,14.5
2026-04-13 15:00:00+00:00,177,3,344.0,13.1,0.0,45.625,14.8125
2026-04-13 15:00:00+00:00,177,6,370.0,12.8,0.0,45.625,14.8125
2026-04-13 15:00:00+00:00,194,3,301.0,14.9,0.0,46.5,15.0625
2026-04-13 15:00:00+00:00,194,6,309.0,14.7,0.0,46.5,15.0625
2026-04-13 15:00:00+00:00,236,3,364.0,16.4,0.0,45.8125,15.1875
2026-04-13 15:00:00+00:00,236,6,321.0,15.6,0.0,45.8125,15.1875
2026-04-13 15:00:00+00:00,325,3,345.0,15.8,0.0,46.5625,15.625
2026-04-13 15:00:00+00:00,325,6,330.0,15.2,0.0,46.5625,15.625
2026-04-13 15:00:00+00:00,391,3,334.0,16.2,0.0,46.6875,16.0625
2026-04-13 15:00:00+00:00,391,6,342.0,15.7,0.0,46.6875,16.0625
2026-04-13 15:00:00+00:00,422,3,209.0,16.0,0.0,46.25,15.25
2026-04-13 15:00:00+00:00,422,6,224.0,15.4,0.0,46.25,15.25
2026-04-13 15:00:00+00:00,425,3,255.0,16.6,0.0,45.9375,15.5
2026-04-13 15:00:00+00:00,425,6,257.0,16.1,0.0,45.9375,15.5
2026-04-13 15:00:00+00:00,426,3,169.0,20.1,0.0,45.5625,13.75
2026-04-13 15:00:00+00:00,426,6,115.0,19.7,0.0,45.5625,13.75
2026-04-13 16:00:00+00:00,63,1,135.0,13.3,0.0,46.375,14.0625
2026-04-13 16:00:00+00:00,76,1,158.0,13.9,0.0,46.3125,14.1875
2026-04-13 16:00:00+00:00,106,1,155.0,15.4,0.0,46.25,14.375
2026-04-13 16:00:00+00:00,122,1,157.0,15.5,0.0,46.0,14.4375
2026-04-13 16:00:00+00:00,127,1,160.0,15.7,0.0,46.125,14.5
2026-04-13 16:00:00+00:00,129,1,151.0,15.7,0.0,46.0,14.5
2026-04-13 16:00:00+00:00,177,1,210.0,12.4,0.0,45.625,14.8125
2026-04-13 16:00:00+00:00,194,1,173.0,14.2,0.0,46.5,15.0625
2026-04-13 16:00:00+00:00,236,1,179.0,15.7,0.0,45.8125,15.1875
2026-04-13 16:00:00+00:00,325,1,147.0,15.3,0.0,46.5625,15.625
2026-04-13 16:00:00+00:00,391,1,187.0,15.7,0.0,46.6875,16.0625
2026-04-13 16:00:00+00:00,422,1,153.0,15.8,0.0,46.25,15.25
2026-04-13 16:00:00+00:00,425,1,188.0,16.5,0.0,45.9375,15.5
2026-04-13 16:00:00+00:00,426,1,69.0,18.2,0.0,45.5625,13.75
2026-04-13 17:00:00+00:00,63,2,68.0,12.7,0.0,46.375,14.0625
2026-04-13 17:00:00+00:00,76,2,66.0,13.2,0.0,46.3125,14.1875
2026-04-13 17:00:00+00:00,106,2,66.0,14.6,0.0,46.25,14.375
2026-04-13 17:00:00+00:00,122,2,65.0,14.8,0.0,46.0,14.4375
2026-04-13 17:00:00+00:00,127,2,55.0,14.8,0.0,46.125,14.5
2026-04-13 17:00:00+00:00,129,2,64.0,15.0,0.0,46.0,14.5
2026-04-13 17:00:00+00:00,177,2,110.0,11.4,0.0,45.625,14.8125
2026-04-13 17:00:00+00:00,194,2,66.0,13.4,0.0,46.5,15.0625
2026-04-13 17:00:00+00:00,236,2,91.0,15.5,0.0,45.8125,15.1875
2026-04-13 17:00:00+00:00,325,2,66.0,14.8,0.0,46.5625,15.625
2026-04-13 17:00:00+00:00,391,2,70.0,15.2,0.0,46.6875,16.0625
2026-04-13 17:00:00+00:00,422,2,56.0,15.1,0.0,46.25,15.25
2026-04-13 17:00:00+00:00,425,2,74.0,15.9,0.0,45.9375,15.5
2026-04-13 17:00:00+00:00,426,2,46.0,17.8,0.0,45.5625,13.75
2026-04-13 18:00:00+00:00,63,3,10.0,11.5,0.0,46.375,14.0625
2026-04-13 18:00:00+00:00,63,6,10.0,11.4,0.0,46.375,14.0625
2026-04-13 18:00:00+00:00,76,3,10.0,11.7,0.0,46.3125,14.1875
2026-04-13 18:00:00+00:00,76,6,10.0,11.5,0.0,46.3125,14.1875
2026-04-13 18:00:00+00:00,106,3,10.0,12.9,0.0,46.25,14.375
2026-04-13 18:00:00+00:00,106,6,10.0,12.5,0.0,46.25,14.375
2026-04-13 18:00:00+00:00,122,3,10.0,13.5,0.0,46.0,14.4375
2026-04-13 18:00:00+00:00,122,6,11.0,13.4,0.0,46.0,14.4375
2026-04-13 18:00:00+00:00,127,3,10.0,13.5,0.0,46.125,14.5
2026-04-13 18:00:00+00:00,127,6,11.0,13.3,0.0,46.125,14.5
2026-04-13 18:00:00+00:00,129,3,10.0,13.6,0.0,46.0,14.5
2026-04-13 18:00:00+00:00,129,6,12.0,13.5,0.0,46.0,14.5
2026-04-13 18:00:00+00:00,177,3,13.0,10.1,0.0,45.625,14.8125
2026-04-13 18:00:00+00:00,177,6,13.0,10.0,0.0,45.625,14.8125
2026-04-13 18:00:00+00:00,194,3,9.0,12.5,0.0,46.5,15.0625
2026-04-13 18:00:00+00:00,194,6,8.0,12.4,0.0,46.5,15.0625
2026-04-13 18:00:00+00:00,236,3,12.0,13.8,0.0,45.8125,15.1875
2026-04-13 18:00:00+00:00,236,6,9.0,14.1,0.0,45.8125,15.1875
2026-04-13 18:00:00+00:00,325,3,8.0,13.5,0.0,46.5625,15.625
2026-04-13 18:00:00+00:00,325,6,8.0,13.5,0.0,46.5625,15.625
2026-04-13 18:00:00+00:00,391,3,8.0,13.6,0.0,46.6875,16.0625
2026-04-13 18:00:00+00:00,391,6,7.0,13.8,0.0,46.6875,16.0625
2026-04-13 18:00:00+00:00,422,3,7.0,14.0,0.0,46.25,15.25
2026-04-13 18:00:00+00:00,422,6,6.0,14.0,0.0,46.25,15.25
2026-04-13 18:00:00+00:00,425,3,8.0,14.7,0.0,45.9375,15.5
2026-04-13 18:00:00+00:00,425,6,8.0,14.8,0.0,45.9375,15.5
2026-04-13 18:00:00+00:00,426,3,10.0,17.3,0.0,45.5625,13.75
2026-04-13 18:00:00+00:00,426,6,8.0,17.3,0.0,45.5625,13.75
2026-04-13 19:00:00+00:00,63,1,0.0,10.7,0.0,46.375,14.0625
2026-04-13 19:00:00+00:00,76,1,0.0,11.1,0.0,46.3125,14.1875
2026-04-13 19:00:00+00:00,106,1,0.0,11.7,0.0,46.25,14.375
2026-04-13 19:00:00+00:00,122,1,0.0,13.1,0.0,46.0,14.4375
2026-04-13 19:00:00+00:00,127,1,0.0,13.2,0.0,46.125,14.5
2026-04-13 19:00:00+00:00,129,1,0.0,13.3,0.0,46.0,14.5
2026-04-13 19:00:00+00:00,177,1,0.0,9.3,0.0,45.625,14.8125
2026-04-13 19:00:00+00:00,194,1,0.0,12.1,0.0,46.5,15.0625
2026-04-13 19:00:00+00:00,236,1,0.0,13.7,0.0,45.8125,15.1875
2026-04-13 19:00:00+00:00,325,1,0.0,12.9,0.0,46.5625,15.625
2026-04-13 19:00:00+00:00,391,1,0.0,13.1,0.0,46.6875,16.0625
2026-04-13 19:00:00+00:00,422,1,0.0,13.8,0.0,46.25,15.25
2026-04-13 19:00:00+00:00,425,1,0.0,14.4,0.0,45.9375,15.5
2026-04-13 19:00:00+00:00,426,1,0.0,17.0,0.0,45.5625,13.75
2026-04-13 20:00:00+00:00,63,2,0.0,9.9,0.1,46.375,14.0625
2026-04-13 20:00:00+00:00,76,2,0.0,10.5,0.0,46.3125,14.1875
2026-04-13 20:00:00+00:00,106,2,0.0,10.7,0.0,46.25,14.375
2026-04-13 20:00:00+00:00,122,2,0.0,12.8,0.0,46.0,14.4375
2026-04-13 20:00:00+00:00,127,2,0.0,12.8,0.0,46.125,14.5
2026-04-13 20:00:00+00:00,129,2,0.0,12.9,0.0,46.0,14.5
2026-04-13 20:00:00+00:00,177,2,0.0,8.7,0.0,45.625,14.8125
2026-04-13 20:00:00+00:00,194,2,0.0,11.9,0.0,46.5,15.0625
2026-04-13 20:00:00+00:00,236,2,0.0,12.9,0.0,45.8125,15.1875
2026-04-13 20:00:00+00:00,325,2,0.0,12.3,0.0,46.5625,15.625
2026-04-13 20:00:00+00:00,391,2,0.0,12.6,0.0,46.6875,16.0625
2026-04-13 20:00:00+00:00,422,2,0.0,13.4,0.0,46.25,15.25
2026-04-13 20:00:00+00:00,425,2,0.0,13.9,0.0,45.9375,15.5
2026-04-13 20:00:00+00:00,426,2,0.0,16.2,0.0,45.5625,13.75
2026-04-13 21:00:00+00:00,63,3,0.0,9.3,0.0,46.375,14.0625
2026-04-13 21:00:00+00:00,63,6,0.0,9.0,0.0,46.375,14.0625
2026-04-13 21:00:00+00:00,76,3,0.0,10.3,0.0,46.3125,14.1875
2026-04-13 21:00:00+00:00,76,6,0.0,9.9,0.0,46.3125,14.1875
2026-04-13 21:00:00+00:00,106,3,0.0,10.0,0.0,46.25,14.375
2026-04-13 21:00:00+00:00,106,6,0.0,9.9,0.0,46.25,14.375
2026-04-13 21:00:00+00:00,122,3,0.0,12.3,0.0,46.0,14.4375
2026-04-13 21:00:00+00:00,122,6,0.0,12.1,0.0,46.0,14.4375
2026-04-13 21:00:00+00:00,127,3,0.0,12.3,0.0,46.125,14.5
2026-04-13 21:00:00+00:00,127,6,0.0,12.1,0.0,46.125,14.5
2026-04-13 21:00:00+00:00,129,3,0.0,12.4,0.0,46.0,14.5
2026-04-13 21:00:00+00:00,129,6,0.0,12.2,0.0,46.0,14.5
2026-04-13 21:00:00+00:00,177,3,0.0,8.3,0.0,45.625,14.8125
2026-04-13 21:00:00+00:00,177,6,0.0,8.4,0.0,45.625,14.8125
2026-04-13 21:00:00+00:00,194,3,0.0,11.6,0.0,46.5,15.0625
2026-04-13 21:00:00+00:00,194,6,0.0,11.4,0.0,46.5,15.0625
2026-04-13 21:00:00+00:00,236,3,0.0,11.7,0.0,45.8125,15.1875
2026-04-13 21:00:00+00:00,236,6,0.0,11.6,0.0,45.8125,15.1875
2026-04-13 21:00:00+00:00,325,3,0.0,11.8,0.0,46.5625,15.625
2026-04-13 21:00:00+00:00,325,6,0.0,11.3,0.0,46.5625,15.625
2026-04-13 21:00:00+00:00,391,3,0.0,11.9,0.0,46.6875,16.0625
2026-04-13 21:00:00+00:00,391,6,0.0,11.5,0.0,46.6875,16.0625
2026-04-13 21:00:00+00:00,422,3,0.0,13.0,0.0,46.25,15.25
2026-04-13 21:00:00+00:00,422,6,0.0,12.7,0.0,46.25,15.25
2026-04-13 21:00:00+00:00,425,3,0.0,13.4,0.0,45.9375,15.5
2026-04-13 21:00:00+00:00,425,6,0.0,13.0,0.0,45.9375,15.5
2026-04-13 21:00:00+00:00,426,3,0.0,16.1,0.1,45.5625,13.75
2026-04-13 21:00:00+00:00,426,6,0.0,15.4,0.0,45.5625,13.75
2026-04-13 22:00:00+00:00,63,1,0.0,9.1,0.0,46.375,14.0625
2026-04-13 22:00:00+00:00,76,1,0.0,10.4,0.0,46.3125,14.1875
2026-04-13 22:00:00+00:00,106,1,0.0,9.8,0.0,46.25,14.375
2026-04-13 22:00:00+00:00,122,1,0.0,12.7,0.0,46.0,14.4375
2026-04-13 22:00:00+00:00,127,1,0.0,12.4,0.0,46.125,14.5
2026-04-13 22:00:00+00:00,129,1,0.0,12.6,0.0,46.0,14.5
2026-04-13 22:00:00+00:00,177,1,0.0,8.4,0.0,45.625,14.8125
2026-04-13 22:00:00+00:00,194,1,0.0,11.1,0.0,46.5,15.0625
2026-04-13 22:00:00+00:00,236,1,0.0,11.1,0.0,45.8125,15.1875
2026-04-13 22:00:00+00:00,325,1,0.0,11.8,0.0,46.5625,15.625
2026-04-13 22:00:00+00:00,391,1,0.0,11.8,0.0,46.6875,16.0625
2026-04-13 22:00:00+00:00,422,1,0.0,12.9,0.0,46.25,15.25
2026-04-13 22:00:00+00:00,425,1,0.0,13.3,0.0,45.9375,15.5
2026-04-13 22:00:00+00:00,426,1,0.0,15.8,0.0,45.5625,13.75
2026-04-13 23:00:00+00:00,63,2,0.0,8.9,0.0,46.375,14.0625
2026-04-13 23:00:00+00:00,76,2,0.0,10.3,0.0,46.3125,14.1875
2026-04-13 23:00:00+00:00,106,2,0.0,9.7,0.0,46.25,14.375
2026-04-13 23:00:00+00:00,122,2,0.0,12.6,0.0,46.0,14.4375
2026-04-13 23:00:00+00:00,127,2,0.0,12.0,0.0,46.125,14.5
2026-04-13 23:00:00+00:00,129,2,0.0,12.6,0.0,46.0,14.5
2026-04-13 23:00:00+00:00,177,2,0.0,8.1,0.0,45.625,14.8125
2026-04-13 23:00:00+00:00,194,2,0.0,10.6,0.0,46.5,15.0625
2026-04-13 23:00:00+00:00,236,2,0.0,11.2,0.0,45.8125,15.1875
2026-04-13 23:00:00+00:00,325,2,0.0,11.0,0.0,46.5625,15.625
2026-04-13 23:00:00+00:00,391,2,0.0,11.5,0.0,46.6875,16.0625
2026-04-13 23:00:00+00:00,422,2,0.0,12.3,0.0,46.25,15.25
2026-04-13 23:00:00+00:00,425,2,0.0,12.7,0.0,45.9375,15.5
2026-04-13 23:00:00+00:00,426,2,0.0,15.7,0.0,45.5625,13.75
2026-04-14 00:00:00+00:00,63,3,0.0,8.8,0.0,46.375,14.0625
2026-04-14 00:00:00+00:00,63,6,0.0,8.6,0.0,46.375,14.0625
2026-04-14 00:00:00+00:00,63,24,0.0,8.7,0.0,46.375,14.0625
2026-04-14 00:00:00+00:00,76,3,0.0,10.1,0.0,46.3125,14.1875
2026-04-14 00:00:00+00:00,76,6,0.0,10.0,0.0,46.3125,14.1875
2026-04-14 00:00:00+00:00,76,24,0.0,9.7,0.1,46.3125,14.1875
2026-04-14 00:00:00+00:00,106,3,0.0,9.5,0.0,46.25,14.375
2026-04-14 00:00:00+00:00,106,6,0.0,8.9,0.0,46.25,14.375
2026-04-14 00:00:00+00:00,106,24,0.0,9.3,0.2,46.25,14.375
2026-04-14 00:00:00+00:00,122,3,0.0,12.0,0.0,46.0,14.4375
2026-04-14 00:00:00+00:00,122,6,0.0,11.8,0.0,46.0,14.4375
2026-04-14 00:00:00+00:00,122,24,0.0,11.8,0.2,46.0,14.4375
2026-04-14 00:00:00+00:00,127,3,0.0,11.9,0.0,46.125,14.5
2026-04-14 00:00:00+00:00,127,6,0.0,10.4,0.0,46.125,14.5
2026-04-14 00:00:00+00:00,127,24,0.0,9.8,0.0,46.125,14.5
2026-04-14 00:00:00+00:00,129,3,0.0,12.0,0.0,46.0,14.5
2026-04-14 00:00:00+00:00,129,6,0.0,11.9,0.0,46.0,14.5
2026-04-14 00:00:00+00:00,129,24,0.0,12.0,0.1,46.0,14.5
2026-04-14 00:00:00+00:00,177,3,0.0,7.7,0.0,45.625,14.8125
2026-04-14 00:00:00+00:00,177,6,0.0,7.6,0.0,45.625,14.8125
2026-04-14 00:00:00+00:00,177,24,0.0,8.7,0.4,45.625,14.8125
2026-04-14 00:00:00+00:00,194,3,0.0,10.3,0.0,46.5,15.0625
2026-04-14 00:00:00+00:00,194,6,0.0,10.1,0.0,46.5,15.0625
2026-04-14 00:00:00+00:00,194,24,0.0,10.7,0.0,46.5,15.0625
2026-04-14 00:00:00+00:00,236,3,0.0,11.8,0.0,45.8125,15.1875
2026-04-14 00:00:00+00:00,236,6,0.0,11.3,0.0,45.8125,15.1875
2026-04-14 00:00:00+00:00,236,24,0.0,12.2,0.0,45.8125,15.1875
2026-04-14 00:00:00+00:00,325,3,0.0,10.0,0.0,46.5625,15.625
2026-04-14 00:00:00+00:00,325,6,0.0,9.4,0.0,46.5625,15.625
2026-04-14 00:00:00+00:00,325,24,0.0,10.4,0.0,46.5625,15.625
2026-04-14 00:00:00+00:00,391,3,0.0,11.1,0.0,46.6875,16.0625
2026-04-14 00:00:00+00:00,391,6,0.0,10.6,0.0,46.6875,16.0625
2026-04-14 00:00:00+00:00,391,24,0.0,10.8,0.0,46.6875,16.0625
2026-04-14 00:00:00+00:00,422,3,0.0,11.3,0.0,46.25,15.25
2026-04-14 00:00:00+00:00,422,6,0.0,10.1,0.0,46.25,15.25
2026-04-14 00:00:00+00:00,422,24,0.0,11.2,0.0,46.25,15.25
2026-04-14 00:00:00+00:00,425,3,0.0,12.4,0.0,45.9375,15.5
2026-04-14 00:00:00+00:00,425,6,0.0,12.1,0.0,45.9375,15.5
2026-04-14 00:00:00+00:00,425,24,0.0,12.6,0.0,45.9375,15.5
2026-04-14 00:00:00+00:00,426,3,0.0,15.8,0.0,45.5625,13.75
2026-04-14 00:00:00+00:00,426,6,0.0,15.5,0.0,45.5625,13.75
2026-04-14 00:00:00+00:00,426,24,0.0,15.5,0.9,45.5625,13.75
2026-04-14 03:00:00+00:00,63,6,0.0,8.6,0.0,46.375,14.0625
2026-04-14 03:00:00+00:00,63,24,0.0,8.4,1.4,46.375,14.0625
2026-04-14 03:00:00+00:00,76,6,0.0,9.4,0.0,46.3125,14.1875
2026-04-14 03:00:00+00:00,76,24,0.0,9.5,2.6,46.3125,14.1875
2026-04-14 03:00:00+00:00,106,6,0.0,9.0,0.1,46.25,14.375
2026-04-14 03:00:00+00:00,106,24,0.0,9.2,2.8,46.25,14.375
2026-04-14 03:00:00+00:00,122,6,0.0,11.0,0.2,46.0,14.4375
2026-04-14 03:00:00+00:00,122,24,0.0,10.4,1.1,46.0,14.4375
2026-04-14 03:00:00+00:00,127,6,0.0,9.9,0.1,46.125,14.5
2026-04-14 03:00:00+00:00,127,24,0.0,9.7,2.3,46.125,14.5
2026-04-14 03:00:00+00:00,129,6,0.0,10.6,0.2,46.0,14.5
2026-04-14 03:00:00+00:00,129,24,0.0,10.4,0.9,46.0,14.5
2026-04-14 03:00:00+00:00,177,6,0.0,7.2,0.0,45.625,14.8125
2026-04-14 03:00:00+00:00,177,24,0.0,7.4,0.1,45.625,14.8125
2026-04-14 03:00:00+00:00,194,6,0.0,9.9,0.0,46.5,15.0625
2026-04-14 03:00:00+00:00,194,24,0.0,9.9,0.0,46.5,15.0625
2026-04-14 03:00:00+00:00,236,6,0.0,10.7,0.1,45.8125,15.1875
2026-04-14 03:00:00+00:00,236,24,0.0,10.9,1.4,45.8125,15.1875
2026-04-14 03:00:00+00:00,325,6,0.0,9.9,0.1,46.5625,15.625
2026-04-14 03:00:00+00:00,325,24,0.0,9.9,0.4,46.5625,15.625
2026-04-14 03:00:00+00:00,391,6,0.0,9.7,0.0,46.6875,16.0625
2026-04-14 03:00:00+00:00,391,24,0.0,9.4,0.0,46.6875,16.0625
2026-04-14 03:00:00+00:00,422,6,0.0,9.2,0.0,46.25,15.25
2026-04-14 03:00:00+00:00,422,24,0.0,10.8,0.1,46.25,15.25
2026-04-14 03:00:00+00:00,425,6,0.0,11.4,0.0,45.9375,15.5
2026-04-14 03:00:00+00:00,425,24,0.0,11.6,0.3,45.9375,15.5
2026-04-14 03:00:00+00:00,426,6,0.0,15.3,0.1,45.5625,13.75
2026-04-14 03:00:00+00:00,426,24,0.0,14.8,0.1,45.5625,13.75
2026-04-14 06:00:00+00:00,63,24,21.0,8.9,0.7,46.375,14.0625
2026-04-14 06:00:00+00:00,76,24,27.0,9.4,1.2,46.3125,14.1875
2026-04-14 06:00:00+00:00,106,24,29.0,9.3,1.0,46.25,14.375
2026-04-14 06:00:00+00:00,122,24,26.0,10.0,0.5,46.0,14.4375
2026-04-14 06:00:00+00:00,127,24,24.0,9.7,0.8,46.125,14.5
2026-04-14 06:00:00+00:00,129,24,29.0,10.1,0.5,46.0,14.5
2026-04-14 06:00:00+00:00,177,24,32.0,7.1,0.0,45.625,14.8125
2026-04-14 06:00:00+00:00,194,24,36.0,9.3,0.4,46.5,15.0625
2026-04-14 06:00:00+00:00,236,24,27.0,9.9,0.1,45.8125,15.1875
2026-04-14 06:00:00+00:00,325,24,45.0,10.1,0.0,46.5625,15.625
2026-04-14 06:00:00+00:00,391,24,60.0,9.7,0.0,46.6875,16.0625
2026-04-14 06:00:00+00:00,422,24,34.0,10.0,0.2,46.25,15.25
2026-04-14 06:00:00+00:00,425,24,27.0,10.4,0.7,45.9375,15.5
2026-04-14 06:00:00+00:00,426,24,34.0,14.5,0.2,45.5625,13.75
2026-04-14 09:00:00+00:00,63,24,104.0,9.9,1.4,46.375,14.0625
2026-04-14 09:00:00+00:00,76,24,116.0,10.2,1.3,46.3125,14.1875
2026-04-14 09:00:00+00:00,106,24,153.0,10.3,1.2,46.25,14.375
2026-04-14 09:00:00+00:00,122,24,97.0,10.4,0.1,46.0,14.4375
2026-04-14 09:00:00+00:00,127,24,114.0,10.1,0.6,46.125,14.5
2026-04-14 09:00:00+00:00,129,24,89.0,10.6,0.1,46.0,14.5
2026-04-14 09:00:00+00:00,177,24,96.0,7.5,0.0,45.625,14.8125
2026-04-14 09:00:00+00:00,194,24,219.0,11.5,0.0,46.5,15.0625
2026-04-14 09:00:00+00:00,236,24,115.0,10.2,2.1,45.8125,15.1875
2026-04-14 09:00:00+00:00,325,24,245.0,11.9,0.0,46.5625,15.625
2026-04-14 09:00:00+00:00,391,24,220.0,11.5,0.0,46.6875,16.0625
2026-04-14 09:00:00+00:00,422,24,217.0,12.0,0.0,46.25,15.25
2026-04-14 09:00:00+00:00,425,24,143.0,11.5,0.2,45.9375,15.5
2026-04-14 09:00:00+00:00,426,24,238.0,16.3,0.0,45.5625,13.75
2026-04-14 12:00:00+00:00,63,24,287.0,12.5,0.0,46.375,14.0625
2026-04-14 12:00:00+00:00,76,24,296.0,11.6,0.0,46.3125,14.1875
2026-04-14 12:00:00+00:00,106,24,278.0,11.5,0.0,46.25,14.375
2026-04-14 12:00:00+00:00,122,24,123.0,11.0,0.6,46.0,14.4375
2026-04-14 12:00:00+00:00,127,24,104.0,10.8,0.2,46.125,14.5
2026-04-14 12:00:00+00:00,129,24,98.0,11.2,0.2,46.0,14.5
2026-04-14 12:00:00+00:00,177,24,186.0,8.1,0.0,45.625,14.8125
2026-04-14 12:00:00+00:00,194,24,220.0,11.5,0.2,46.5,15.0625
2026-04-14 12:00:00+00:00,236,24,195.0,11.3,0.0,45.8125,15.1875
2026-04-14 12:00:00+00:00,325,24,132.0,11.0,0.3,46.5625,15.625
2026-04-14 12:00:00+00:00,391,24,315.0,12.5,0.0,46.6875,16.0625
2026-04-14 12:00:00+00:00,422,24,93.0,11.2,0.0,46.25,15.25
2026-04-14 12:00:00+00:00,425,24,204.0,11.9,0.4,45.9375,15.5
2026-04-14 12:00:00+00:00,426,24,275.0,16.7,0.2,45.5625,13.75
2026-04-14 15:00:00+00:00,63,24,154.0,12.2,0.1,46.375,14.0625
2026-04-14 15:00:00+00:00,76,24,137.0,11.2,0.1,46.3125,14.1875
2026-04-14 15:00:00+00:00,106,24,102.0,11.2,0.4,46.25,14.375
2026-04-14 15:00:00+00:00,122,24,131.0,11.6,0.3,46.0,14.4375
2026-04-14 15:00:00+00:00,127,24,129.0,11.4,0.0,46.125,14.5
2026-04-14 15:00:00+00:00,129,24,105.0,11.8,0.3,46.0,14.5
2026-04-14 15:00:00+00:00,177,24,140.0,8.7,0.1,45.625,14.8125
2026-04-14 15:00:00+00:00,194,24,128.0,11.8,0.0,46.5,15.0625
2026-04-14 15:00:00+00:00,236,24,92.0,11.7,0.0,45.8125,15.1875
2026-04-14 15:00:00+00:00,325,24,99.0,11.5,0.0,46.5625,15.625
2026-04-14 15:00:00+00:00,391,24,202.0,12.9,0.0,46.6875,16.0625
2026-04-14 15:00:00+00:00,422,24,129.0,12.7,0.0,46.25,15.25
2026-04-14 15:00:00+00:00,425,24,78.0,12.7,0.0,45.9375,15.5
2026-04-14 15:00:00+00:00,426,24,173.0,16.4,0.1,45.5625,13.75
2026-04-14 18:00:00+00:00,63,24,5.0,10.5,0.1,46.375,14.0625
2026-04-14 18:00:00+00:00,76,24,6.0,10.2,0.0,46.3125,14.1875
2026-04-14 18:00:00+00:00,106,24,6.0,10.8,0.0,46.25,14.375
2026-04-14 18:00:00+00:00,122,24,4.0,11.3,0.5,46.0,14.4375
2026-04-14 18:00:00+00:00,127,24,8.0,11.2,0.0,46.125,14.5
2026-04-14 18:00:00+00:00,129,24,4.0,11.6,0.3,46.0,14.5
2026-04-14 18:00:00+00:00,177,24,3.0,8.0,1.0,45.625,14.8125
2026-04-14 18:00:00+00:00,194,24,3.0,10.6,0.5,46.5,15.0625
2026-04-14 18:00:00+00:00,236,24,3.0,11.6,0.2,45.8125,15.1875
2026-04-14 18:00:00+00:00,325,24,5.0,11.6,0.0,46.5625,15.625
2026-04-14 18:00:00+00:00,391,24,6.0,12.6,0.0,46.6875,16.0625
2026-04-14 18:00:00+00:00,422,24,7.0,11.4,0.0,46.25,15.25
2026-04-14 18:00:00+00:00,425,24,4.0,12.6,0.0,45.9375,15.5
2026-04-14 18:00:00+00:00,426,24,8.0,15.8,0.0,45.5625,13.75
2026-04-14 21:00:00+00:00,63,24,0.0,9.7,0.5,46.375,14.0625
2026-04-14 21:00:00+00:00,76,24,0.0,9.8,0.6,46.3125,14.1875
2026-04-14 21:00:00+00:00,106,24,0.0,10.0,0.1,46.25,14.375
2026-04-14 21:00:00+00:00,122,24,0.0,10.9,0.1,46.0,14.4375
2026-04-14 21:00:00+00:00,127,24,0.0,10.6,0.0,46.125,14.5
2026-04-14 21:00:00+00:00,129,24,0.0,11.2,0.1,46.0,14.5
2026-04-14 21:00:00+00:00,177,24,0.0,8.2,0.6,45.625,14.8125
2026-04-14 21:00:00+00:00,194,24,0.0,10.7,0.0,46.5,15.0625
2026-04-14 21:00:00+00:00,236,24,0.0,11.9,0.1,45.8125,15.1875
2026-04-14 21:00:00+00:00,325,24,0.0,10.8,0.0,46.5625,15.625
2026-04-14 21:00:00+00:00,391,24,0.0,12.1,0.0,46.6875,16.0625
2026-04-14 21:00:00+00:00,422,24,0.0,12.3,0.0,46.25,15.25
2026-04-14 21:00:00+00:00,425,24,0.0,13.1,0.0,45.9375,15.5
2026-04-14 21:00:00+00:00,426,24,0.0,15.5,0.1,45.5625,13.75
2026-04-14 01:00:00+00:00,63,1,0.0,8.9,0.1,46.375,14.0625
2026-04-14 01:00:00+00:00,76,1,0.0,9.9,0.0,46.3125,14.1875
2026-04-14 01:00:00+00:00,106,1,0.0,9.5,0.0,46.25,14.375
2026-04-14 01:00:00+00:00,122,1,0.0,11.5,0.0,46.0,14.4375
2026-04-14 01:00:00+00:00,127,1,0.0,11.4,0.0,46.125,14.5
2026-04-14 01:00:00+00:00,129,1,0.0,11.3,0.0,46.0,14.5
2026-04-14 01:00:00+00:00,177,1,0.0,7.7,0.1,45.625,14.8125
2026-04-14 01:00:00+00:00,194,1,0.0,10.1,0.0,46.5,15.0625
2026-04-14 01:00:00+00:00,236,1,0.0,12.1,0.0,45.8125,15.1875
2026-04-14 01:00:00+00:00,325,1,0.0,9.8,0.0,46.5625,15.625
2026-04-14 01:00:00+00:00,391,1,0.0,10.6,0.0,46.6875,16.0625
2026-04-14 01:00:00+00:00,422,1,0.0,11.6,0.0,46.25,15.25
2026-04-14 01:00:00+00:00,425,1,0.0,12.1,0.0,45.9375,15.5
2026-04-14 01:00:00+00:00,426,1,0.0,15.5,0.0,45.5625,13.75
2026-04-14 02:00:00+00:00,63,2,0.0,9.0,0.0,46.375,14.0625
2026-04-14 02:00:00+00:00,76,2,0.0,9.8,0.0,46.3125,14.1875
2026-04-14 02:00:00+00:00,106,2,0.0,9.5,0.0,46.25,14.375
2026-04-14 02:00:00+00:00,122,2,0.0,11.2,0.0,46.0,14.4375
2026-04-14 02:00:00+00:00,127,2,0.0,11.0,0.0,46.125,14.5
2026-04-14 02:00:00+00:00,129,2,0.0,10.8,0.0,46.0,14.5
2026-04-14 02:00:00+00:00,177,2,0.0,7.6,0.0,45.625,14.8125
2026-04-14 02:00:00+00:00,194,2,0.0,10.3,0.0,46.5,15.0625
2026-04-14 02:00:00+00:00,236,2,0.0,11.6,0.1,45.8125,15.1875
2026-04-14 02:00:00+00:00,325,2,0.0,10.0,0.0,46.5625,15.625
2026-04-14 02:00:00+00:00,391,2,0.0,10.3,0.0,46.6875,16.0625
2026-04-14 02:00:00+00:00,422,2,0.0,10.8,0.0,46.25,15.25
2026-04-14 02:00:00+00:00,425,2,0.0,11.8,0.0,45.9375,15.5
2026-04-14 02:00:00+00:00,426,2,0.0,15.4,0.0,45.5625,13.75
2026-04-14 03:00:00+00:00,63,3,0.0,8.9,0.0,46.375,14.0625
2026-04-14 03:00:00+00:00,76,3,0.0,9.7,0.1,46.3125,14.1875
2026-04-14 03:00:00+00:00,106,3,0.0,9.3,0.0,46.25,14.375
2026-04-14 03:00:00+00:00,122,3,0.0,10.9,0.4,46.0,14.4375
2026-04-14 03:00:00+00:00,127,3,0.0,10.4,0.1,46.125,14.5
2026-04-14 03:00:00+00:00,129,3,0.0,10.5,0.5,46.0,14.5
2026-04-14 03:00:00+00:00,177,3,0.0,7.6,0.0,45.625,14.8125
2026-04-14 03:00:00+00:00,194,3,0.0,10.0,0.0,46.5,15.0625
2026-04-14 03:00:00+00:00,236,3,0.0,10.7,0.0,45.8125,15.1875
2026-04-14 03:00:00+00:00,325,3,0.0,10.1,0.0,46.5625,15.625
2026-04-14 03:00:00+00:00,391,3,0.0,9.7,0.0,46.6875,16.0625
2026-04-14 03:00:00+00:00,422,3,0.0,10.2,0.0,46.25,15.25
2026-04-14 03:00:00+00:00,425,3,0.0,11.5,0.0,45.9375,15.5
2026-04-14 03:00:00+00:00,426,3,0.0,14.7,0.3,45.5625,13.75
2026-04-14 04:00:00+00:00,63,1,0.0,9.0,0.0,46.375,14.0625
2026-04-14 04:00:00+00:00,76,1,0.0,9.8,0.0,46.3125,14.1875
2026-04-14 04:00:00+00:00,106,1,0.0,9.8,0.1,46.25,14.375
2026-04-14 04:00:00+00:00,122,1,0.0,10.6,0.4,46.0,14.4375
2026-04-14 04:00:00+00:00,127,1,0.0,9.9,0.5,46.125,14.5
2026-04-14 04:00:00+00:00,129,1,0.0,10.6,0.3,46.0,14.5
2026-04-14 04:00:00+00:00,177,1,0.0,7.3,0.4,45.625,14.8125
2026-04-14 04:00:00+00:00,194,1,0.0,9.8,0.0,46.5,15.0625
2026-04-14 04:00:00+00:00,236,1,0.0,10.4,0.3,45.8125,15.1875
2026-04-14 04:00:00+00:00,325,1,0.0,10.1,0.0,46.5625,15.625
2026-04-14 04:00:00+00:00,391,1,0.0,9.5,0.0,46.6875,16.0625
2026-04-14 04:00:00+00:00,422,1,0.0,10.6,0.2,46.25,15.25
2026-04-14 04:00:00+00:00,425,1,0.0,11.2,0.1,45.9375,15.5
2026-04-14 04:00:00+00:00,426,1,0.0,14.4,0.6,45.5625,13.75
2026-04-14 05:00:00+00:00,63,2,4.0,9.1,0.1,46.375,14.0625
2026-04-14 05:00:00+00:00,76,2,4.0,9.7,0.7,46.3125,14.1875
2026-04-14 05:00:00+00:00,106,2,4.0,9.5,0.3,46.25,14.375
2026-04-14 05:00:00+00:00,122,2,3.0,10.2,0.7,46.0,14.4375
2026-04-14 05:00:00+00:00,127,2,4.0,9.9,0.1,46.125,14.5
2026-04-14 05:00:00+00:00,129,2,2.0,10.3,0.6,46.0,14.5
2026-04-14 05:00:00+00:00,177,2,2.0,6.7,0.7,45.625,14.8125
2026-04-14 05:00:00+00:00,194,2,7.0,9.8,0.1,46.5,15.0625
2026-04-14 05:00:00+00:00,236,2,3.0,9.9,0.9,45.8125,15.1875
2026-04-14 05:00:00+00:00,325,2,7.0,10.1,0.0,46.5625,15.625
2026-04-14 05:00:00+00:00,391,2,12.0,9.7,0.0,46.6875,16.0625
2026-04-14 05:00:00+00:00,422,2,5.0,10.2,0.4,46.25,15.25
2026-04-14 05:00:00+00:00,425,2,5.0,10.8,0.2,45.9375,15.5
2026-04-14 05:00:00+00:00,426,2,3.0,14.5,0.2,45.5625,13.75
2026-04-14 06:00:00+00:00,63,3,24.0,9.2,0.6,46.375,14.0625
2026-04-14 06:00:00+00:00,63,6,37.0,9.3,0.1,46.375,14.0625
2026-04-14 06:00:00+00:00,76,3,28.0,9.9,0.2,46.3125,14.1875
2026-04-14 06:00:00+00:00,76,6,36.0,10.0,0.4,46.3125,14.1875
2026-04-14 06:00:00+00:00,106,3,29.0,9.7,0.2,46.25,14.375
2026-04-14 06:00:00+00:00,106,6,42.0,9.7,0.1,46.25,14.375
2026-04-14 06:00:00+00:00,122,3,17.0,9.7,1.7,46.0,14.4375
2026-04-14 06:00:00+00:00,122,6,20.0,9.7,1.5,46.0,14.4375
2026-04-14 06:00:00+00:00,127,3,22.0,9.7,0.8,46.125,14.5
2026-04-14 06:00:00+00:00,127,6,24.0,9.7,0.7,46.125,14.5
2026-04-14 06:00:00+00:00,129,3,16.0,9.8,1.4,46.0,14.5
2026-04-14 06:00:00+00:00,129,6,21.0,10.0,1.5,46.0,14.5
2026-04-14 06:00:00+00:00,177,3,16.0,6.4,1.3,45.625,14.8125
2026-04-14 06:00:00+00:00,177,6,18.0,6.7,1.8,45.625,14.8125
2026-04-14 06:00:00+00:00,194,3,51.0,10.2,0.1,46.5,15.0625
2026-04-14 06:00:00+00:00,194,6,51.0,10.4,0.0,46.5,15.0625
2026-04-14 06:00:00+00:00,236,3,25.0,9.7,0.8,45.8125,15.1875
2026-04-14 06:00:00+00:00,236,6,18.0,9.5,1.6,45.8125,15.1875
2026-04-14 06:00:00+00:00,325,3,45.0,10.8,0.0,46.5625,15.625
2026-04-14 06:00:00+00:00,325,6,39.0,10.6,0.0,46.5625,15.625
2026-04-14 06:00:00+00:00,391,3,69.0,10.2,0.0,46.6875,16.0625
2026-04-14 06:00:00+00:00,391,6,60.0,10.3,0.0,46.6875,16.0625
2026-04-14 06:00:00+00:00,422,3,34.0,10.2,0.2,46.25,15.25
2026-04-14 06:00:00+00:00,422,6,55.0,10.5,0.1,46.25,15.25
2026-04-14 06:00:00+00:00,425,3,33.0,10.6,0.2,45.9375,15.5
2026-04-14 06:00:00+00:00,425,6,31.0,10.7,0.2,45.9375,15.5
2026-04-14 06:00:00+00:00,426,3,23.0,14.5,0.2,45.5625,13.75
2026-04-14 06:00:00+00:00,426,6,20.0,14.3,0.5,45.5625,13.75
2026-04-14 07:00:00+00:00,63,1,60.0,9.3,0.5,46.375,14.0625
2026-04-14 07:00:00+00:00,76,1,53.0,9.6,1.4,46.3125,14.1875
2026-04-14 07:00:00+00:00,106,1,61.0,9.7,0.6,46.25,14.375
2026-04-14 07:00:00+00:00,122,1,44.0,9.6,1.3,46.0,14.4375
2026-04-14 07:00:00+00:00,127,1,80.0,9.5,0.6,46.125,14.5
2026-04-14 07:00:00+00:00,129,1,41.0,9.8,1.1,46.0,14.5
2026-04-14 07:00:00+00:00,177,1,42.0,6.5,0.8,45.625,14.8125
2026-04-14 07:00:00+00:00,194,1,112.0,10.3,0.1,46.5,15.0625
2026-04-14 07:00:00+00:00,236,1,65.0,9.9,0.4,45.8125,15.1875
2026-04-14 07:00:00+00:00,325,1,65.0,11.1,0.0,46.5625,15.625
2026-04-14 07:00:00+00:00,391,1,129.0,10.8,0.0,46.6875,16.0625
2026-04-14 07:00:00+00:00,422,1,127.0,11.1,0.0,46.25,15.25
2026-04-14 07:00:00+00:00,425,1,67.0,10.8,0.2,45.9375,15.5
2026-04-14 07:00:00+00:00,426,1,59.0,14.5,0.2,45.5625,13.75
2026-04-14 08:00:00+00:00,63,2,83.0,9.4,1.2,46.375,14.0625
2026-04-14 08:00:00+00:00,76,2,99.0,9.7,1.2,46.3125,14.1875
2026-04-14 08:00:00+00:00,106,2,101.0,9.6,0.5,46.25,14.375
2026-04-14 08:00:00+00:00,122,2,74.0,9.6,1.6,46.0,14.4375
2026-04-14 08:00:00+00:00,127,2,120.0,9.5,0.8,46.125,14.5
2026-04-14 08:00:00+00:00,129,2,68.0,9.7,1.9,46.0,14.5
2026-04-14 08:00:00+00:00,177,2,52.0,6.7,0.1,45.625,14.8125
2026-04-14 08:00:00+00:00,194,2,149.0,10.7,0.0,46.5,15.0625
2026-04-14 08:00:00+00:00,236,2,71.0,10.0,1.0,45.8125,15.1875
2026-04-14 08:00:00+00:00,325,2,104.0,11.2,0.1,46.5625,15.625
2026-04-14 08:00:00+00:00,391,2,158.0,11.5,0.0,46.6875,16.0625
2026-04-14 08:00:00+00:00,422,2,145.0,11.4,0.0,46.25,15.25
2026-04-14 08:00:00+00:00,425,2,106.0,11.2,0.0,45.9375,15.5
2026-04-14 08:00:00+00:00,426,2,127.0,14.8,0.2,45.5625,13.75
2026-04-14 09:00:00+00:00,63,3,138.0,9.8,1.3,46.375,14.0625
2026-04-14 09:00:00+00:00,63,6,131.0,9.8,1.1,46.375,14.0625
2026-04-14 09:00:00+00:00,76,3,158.0,10.1,0.8,46.3125,14.1875
2026-04-14 09:00:00+00:00,76,6,136.0,10.0,1.4,46.3125,14.1875
2026-04-14 09:00:00+00:00,106,3,141.0,9.7,1.2,46.25,14.375
2026-04-14 09:00:00+00:00,106,6,140.0,9.6,2.0,46.25,14.375
2026-04-14 09:00:00+00:00,122,3,109.0,9.9,0.3,46.0,14.4375
2026-04-14 09:00:00+00:00,122,6,124.0,10.0,0.5,46.0,14.4375
2026-04-14 09:00:00+00:00,127,3,114.0,9.6,1.2,46.125,14.5
2026-04-14 09:00:00+00:00,127,6,102.0,9.4,1.2,46.125,14.5
2026-04-14 09:00:00+00:00,129,3,97.0,10.1,0.3,46.0,14.5
2026-04-14 09:00:00+00:00,129,6,124.0,10.3,0.6,46.0,14.5
2026-04-14 09:00:00+00:00,177,3,105.0,7.2,0.1,45.625,14.8125
2026-04-14 09:00:00+00:00,177,6,129.0,7.4,0.2,45.625,14.8125
2026-04-14 09:00:00+00:00,194,3,154.0,10.8,0.3,46.5,15.0625
2026-04-14 09:00:00+00:00,194,6,171.0,11.0,0.2,46.5,15.0625
2026-04-14 09:00:00+00:00,236,3,138.0,10.6,0.4,45.8125,15.1875
2026-04-14 09:00:00+00:00,236,6,123.0,10.3,0.6,45.8125,15.1875
2026-04-14 09:00:00+00:00,325,3,163.0,11.6,0.0,46.5625,15.625
2026-04-14 09:00:00+00:00,325,6,162.0,11.2,0.0,46.5625,15.625
2026-04-14 09:00:00+00:00,391,3,229.0,12.3,0.0,46.6875,16.0625
2026-04-14 09:00:00+00:00,391,6,265.0,12.4,0.0,46.6875,16.0625
2026-04-14 09:00:00+00:00,422,3,118.0,11.6,0.0,46.25,15.25
2026-04-14 09:00:00+00:00,422,6,124.0,11.5,0.0,46.25,15.25
2026-04-14 09:00:00+00:00,425,3,123.0,11.6,0.0,45.9375,15.5
2026-04-14 09:00:00+00:00,425,6,161.0,11.8,0.0,45.9375,15.5
2026-04-14 09:00:00+00:00,426,3,134.0,15.3,0.2,45.5625,13.75
2026-04-14 09:00:00+00:00,426,6,115.0,15.3,0.4,45.5625,13.75
2026-04-14 10:00:00+00:00,63,1,158.0,9.7,0.8,46.375,14.0625
2026-04-14 10:00:00+00:00,76,1,177.0,10.3,1.4,46.3125,14.1875
2026-04-14 10:00:00+00:00,106,1,176.0,9.7,0.8,46.25,14.375
2026-04-14 10:00:00+00:00,122,1,142.0,10.0,0.2,46.0,14.4375
2026-04-14 10:00:00+00:00,127,1,160.0,9.6,0.3,46.125,14.5
2026-04-14 10:00:00+00:00,129,1,112.0,10.1,0.2,46.0,14.5
2026-04-14 10:00:00+00:00,177,1,122.0,6.8,0.3,45.625,14.8125
2026-04-14 10:00:00+00:00,194,1,194.0,11.1,0.0,46.5,15.0625
2026-04-14 10:00:00+00:00,236,1,197.0,10.8,0.2,45.8125,15.1875
2026-04-14 10:00:00+00:00,325,1,172.0,11.8,0.0,46.5625,15.625
2026-04-14 10:00:00+00:00,391,1,275.0,12.7,0.0,46.6875,16.0625
2026-04-14 10:00:00+00:00,422,1,150.0,11.6,0.0,46.25,15.25
2026-04-14 10:00:00+00:00,425,1,157.0,11.6,0.1,45.9375,15.5
2026-04-14 10:00:00+00:00,426,1,351.0,16.0,0.1,45.5625,13.75
2026-04-14 11:00:00+00:00,63,2,257.0,10.5,0.4,46.375,14.0625
2026-04-14 11:00:00+00:00,76,2,268.0,11.2,0.1,46.3125,14.1875
2026-04-14 11:00:00+00:00,106,2,277.0,10.4,0.0,46.25,14.375
2026-04-14 11:00:00+00:00,122,2,155.0,10.3,0.0,46.0,14.4375
2026-04-14 11:00:00+00:00,127,2,166.0,9.8,0.1,46.125,14.5
2026-04-14 11:00:00+00:00,129,2,139.0,10.5,0.0,46.0,14.5
2026-04-14 11:00:00+00:00,177,2,196.0,7.2,0.2,45.625,14.8125
2026-04-14 11:00:00+00:00,194,2,135.0,11.2,0.0,46.5,15.0625
2026-04-14 11:00:00+00:00,236,2,190.0,10.9,0.6,45.8125,15.1875
2026-04-14 11:00:00+00:00,325,2,146.0,11.7,0.1,46.5625,15.625
2026-04-14 11:00:00+00:00,391,2,246.0,13.0,0.0,46.6875,16.0625
2026-04-14 11:00:00+00:00,422,2,201.0,11.9,0.0,46.25,15.25
2026-04-14 11:00:00+00:00,425,2,233.0,12.0,0.1,45.9375,15.5
2026-04-14 11:00:00+00:00,426,2,226.0,16.0,0.2,45.5625,13.75
2026-04-14 12:00:00+00:00,63,3,273.0,11.3,0.1,46.375,14.0625
2026-04-14 12:00:00+00:00,63,6,250.0,11.5,0.1,46.375,14.0625
2026-04-14 12:00:00+00:00,76,3,317.0,11.8,0.0,46.3125,14.1875
2026-04-14 12:00:00+00:00,76,6,276.0,11.8,0.0,46.3125,14.1875
2026-04-14 12:00:00+00:00,106,3,188.0,10.4,0.0,46.25,14.375
2026-04-14 12:00:00+00:00,106,6,183.0,10.9,0.0,46.25,14.375
2026-04-14 12:00:00+00:00,122,3,180.0,10.7,0.1,46.0,14.4375
2026-04-14 12:00:00+00:00,122,6,142.0,11.0,0.1,46.0,14.4375
2026-04-14 12:00:00+00:00,127,3,176.0,10.3,0.0,46.125,14.5
2026-04-14 12:00:00+00:00,127,6,150.0,10.8,0.0,46.125,14.5
2026-04-14 12:00:00+00:00,129,3,180.0,10.9,0.1,46.0,14.5
2026-04-14 12:00:00+00:00,129,6,145.0,11.2,0.2,46.0,14.5
2026-04-14 12:00:00+00:00,177,3,170.0,7.6,0.0,45.625,14.8125
2026-04-14 12:00:00+00:00,177,6,216.0,8.3,0.0,45.625,14.8125
2026-04-14 12:00:00+00:00,194,3,168.0,11.2,0.3,46.5,15.0625
2026-04-14 12:00:00+00:00,194,6,166.0,11.2,0.4,46.5,15.0625
2026-04-14 12:00:00+00:00,236,3,172.0,11.2,0.5,45.8125,15.1875
2026-04-14 12:00:00+00:00,236,6,153.0,11.5,0.2,45.8125,15.1875
2026-04-14 12:00:00+00:00,325,3,124.0,12.0,0.0,46.5625,15.625
2026-04-14 12:00:00+00:00,325,6,153.0,12.7,0.0,46.5625,15.625
2026-04-14 12:00:00+00:00,391,3,287.0,13.6,0.0,46.6875,16.0625
2026-04-14 12:00:00+00:00,391,6,340.0,14.4,0.0,46.6875,16.0625
2026-04-14 12:00:00+00:00,422,3,159.0,12.0,0.1,46.25,15.25
2026-04-14 12:00:00+00:00,422,6,166.0,12.2,0.3,46.25,15.25
2026-04-14 12:00:00+00:00,425,3,180.0,12.0,0.1,45.9375,15.5
2026-04-14 12:00:00+00:00,425,6,243.0,12.9,0.1,45.9375,15.5
2026-04-14 12:00:00+00:00,426,3,328.0,16.8,0.0,45.5625,13.75
2026-04-14 12:00:00+00:00,426,6,265.0,17.0,0.1,45.5625,13.75
2026-04-14 13:00:00+00:00,63,1,282.0,12.0,0.1,46.375,14.0625
2026-04-14 13:00:00+00:00,76,1,241.0,11.4,0.0,46.3125,14.1875
2026-04-14 13:00:00+00:00,106,1,150.0,10.4,0.0,46.25,14.375
2026-04-14 13:00:00+00:00,122,1,163.0,10.8,0.1,46.0,14.4375
2026-04-14 13:00:00+00:00,127,1,160.0,10.3,0.1,46.125,14.5
2026-04-14 13:00:00+00:00,129,1,163.0,11.2,0.2,46.0,14.5
2026-04-14 13:00:00+00:00,177,1,234.0,8.1,0.0,45.625,14.8125
2026-04-14 13:00:00+00:00,194,1,146.0,11.5,0.3,46.5,15.0625
2026-04-14 13:00:00+00:00,236,1,249.0,11.7,0.0,45.8125,15.1875
2026-04-14 13:00:00+00:00,325,1,143.0,12.2,0.0,46.5625,15.625
2026-04-14 13:00:00+00:00,391,1,228.0,13.8,0.0,46.6875,16.0625
2026-04-14 13:00:00+00:00,422,1,163.0,12.3,0.1,46.25,15.25
2026-04-14 13:00:00+00:00,425,1,193.0,12.4,0.1,45.9375,15.5
2026-04-14 13:00:00+00:00,426,1,350.0,17.0,0.1,45.5625,13.75
2026-04-14 14:00:00+00:00,63,2,210.0,12.1,0.0,46.375,14.0625
2026-04-14 14:00:00+00:00,76,2,125.0,10.9,0.0,46.3125,14.1875
2026-04-14 14:00:00+00:00,106,2,177.0,10.6,0.1,46.25,14.375
2026-04-14 14:00:00+00:00,122,2,175.0,11.1,0.0,46.0,14.4375
2026-04-14 14:00:00+00:00,127,2,139.0,10.6,0.2,46.125,14.5
2026-04-14 14:00:00+00:00,129,2,156.0,11.4,0.0,46.0,14.5
2026-04-14 14:00:00+00:00,177,2,193.0,8.3,0.0,45.625,14.8125
2026-04-14 14:00:00+00:00,194,2,128.0,11.3,0.5,46.5,15.0625
2026-04-14 14:00:00+00:00,236,2,203.0,12.0,0.0,45.8125,15.1875
2026-04-14 14:00:00+00:00,325,2,121.0,12.2,0.2,46.5625,15.625
2026-04-14 14:00:00+00:00,391,2,220.0,13.9,0.0,46.6875,16.0625
2026-04-14 14:00:00+00:00,422,2,135.0,12.1,0.4,46.25,15.25
2026-04-14 14:00:00+00:00,425,2,184.0,12.7,0.0,45.9375,15.5
2026-04-14 14:00:00+00:00,426,2,334.0,17.4,0.0,45.5625,13.75
2026-04-14 15:00:00+00:00,63,3,114.0,11.8,0.0,46.375,14.0625
2026-04-14 15:00:00+00:00,63,6,129.0,11.7,0.1,46.375,14.0625
2026-04-14 15:00:00+00:00,76,3,89.0,10.4,0.1,46.3125,14.1875
2026-04-14 15:00:00+00:00,76,6,128.0,11.0,0.0,46.3125,14.1875
2026-04-14 15:00:00+00:00,106,3,102.0,10.4,0.2,46.25,14.375
2026-04-14 15:00:00+00:00,106,6,143.0,10.8,0.2,46.25,14.375
2026-04-14 15:00:00+00:00,122,3,126.0,11.3,0.0,46.0,14.4375
2026-04-14 15:00:00+00:00,122,6,200.0,11.6,0.0,46.0,14.4375
2026-04-14 15:00:00+00:00,127,3,117.0,10.8,0.0,46.125,14.5
2026-04-14 15:00:00+00:00,127,6,189.0,11.2,0.0,46.125,14.5
2026-04-14 15:00:00+00:00,129,3,121.0,11.6,0.0,46.0,14.5
2026-04-14 15:00:00+00:00,129,6,175.0,11.8,0.0,46.0,14.5
2026-04-14 15:00:00+00:00,177,3,87.0,8.2,0.1,45.625,14.8125
2026-04-14 15:00:00+00:00,177,6,73.0,7.9,0.4,45.625,14.8125
2026-04-14 15:00:00+00:00,194,3,113.0,11.2,0.2,46.5,15.0625
2026-04-14 15:00:00+00:00,194,6,72.0,10.7,0.4,46.5,15.0625
2026-04-14 15:00:00+00:00,236,3,144.0,11.9,0.0,45.8125,15.1875
2026-04-14 15:00:00+00:00,236,6,147.0,11.8,0.1,45.8125,15.1875
2026-04-14 15:00:00+00:00,325,3,119.0,12.2,0.0,46.5625,15.625
2026-04-14 15:00:00+00:00,325,6,100.0,12.3,0.0,46.5625,15.625
2026-04-14 15:00:00+00:00,391,3,151.0,13.6,0.0,46.6875,16.0625
2026-04-14 15:00:00+00:00,391,6,211.0,13.9,0.0,46.6875,16.0625
2026-04-14 15:00:00+00:00,422,3,97.0,12.0,0.2,46.25,15.25
2026-04-14 15:00:00+00:00,422,6,102.0,11.7,0.1,46.25,15.25
2026-04-14 15:00:00+00:00,425,3,122.0,12.8,0.0,45.9375,15.5
2026-04-14 15:00:00+00:00,425,6,158.0,13.0,0.0,45.9375,15.5
2026-04-14 15:00:00+00:00,426,3,188.0,16.9,0.0,45.5625,13.75
2026-04-14 15:00:00+00:00,426,6,223.0,17.0,0.0,45.5625,13.75
2026-04-14 18:00:00+00:00,63,6,6.0,10.7,0.0,46.375,14.0625
2026-04-14 18:00:00+00:00,76,6,8.0,9.6,0.0,46.3125,14.1875
2026-04-14 18:00:00+00:00,106,6,8.0,10.1,0.0,46.25,14.375
2026-04-14 18:00:00+00:00,122,6,4.0,10.7,0.3,46.0,14.4375
2026-04-14 18:00:00+00:00,127,6,7.0,10.5,0.2,46.125,14.5
2026-04-14 18:00:00+00:00,129,6,4.0,10.9,0.3,46.0,14.5
2026-04-14 18:00:00+00:00,177,6,3.0,7.5,0.0,45.625,14.8125
2026-04-14 18:00:00+00:00,194,6,5.0,10.5,0.1,46.5,15.0625
2026-04-14 18:00:00+00:00,236,6,4.0,10.8,0.0,45.8125,15.1875
2026-04-14 18:00:00+00:00,325,6,4.0,11.5,0.0,46.5625,15.625
2026-04-14 18:00:00+00:00,391,6,4.0,11.5,0.0,46.6875,16.0625
2026-04-14 18:00:00+00:00,422,6,8.0,11.3,0.0,46.25,15.25
2026-04-14 18:00:00+00:00,425,6,4.0,12.2,0.1,45.9375,15.5
2026-04-14 18:00:00+00:00,426,6,10.0,15.4,0.0,45.5625,13.75
2026-04-15 00:00:00+00:00,63,24,0.0,9.0,0.0,46.375,14.0625
2026-04-15 00:00:00+00:00,76,24,0.0,9.3,0.3,46.3125,14.1875
2026-04-15 00:00:00+00:00,106,24,0.0,9.4,0.6,46.25,14.375
2026-04-15 00:00:00+00:00,122,24,0.0,10.0,0.0,46.0,14.4375
2026-04-15 00:00:00+00:00,127,24,0.0,9.8,0.0,46.125,14.5
2026-04-15 00:00:00+00:00,129,24,0.0,10.1,0.0,46.0,14.5
2026-04-15 00:00:00+00:00,177,24,0.0,7.1,0.0,45.625,14.8125
2026-04-15 00:00:00+00:00,194,24,0.0,9.7,0.3,46.5,15.0625
2026-04-15 00:00:00+00:00,236,24,0.0,9.8,0.0,45.8125,15.1875
2026-04-15 00:00:00+00:00,325,24,0.0,11.0,0.0,46.5625,15.625
2026-04-15 00:00:00+00:00,391,24,0.0,11.5,0.0,46.6875,16.0625
2026-04-15 00:00:00+00:00,422,24,0.0,10.2,1.1,46.25,15.25
2026-04-15 00:00:00+00:00,425,24,0.0,10.3,0.0,45.9375,15.5
2026-04-15 00:00:00+00:00,426,24,0.0,14.1,0.0,45.5625,13.75
2026-04-15 03:00:00+00:00,63,24,0.0,8.4,0.0,46.375,14.0625
2026-04-15 03:00:00+00:00,76,24,0.0,9.2,0.0,46.3125,14.1875
2026-04-15 03:00:00+00:00,106,24,0.0,8.6,0.0,46.25,14.375
2026-04-15 03:00:00+00:00,122,24,0.0,9.5,0.0,46.0,14.4375
2026-04-15 03:00:00+00:00,127,24,0.0,9.1,0.0,46.125,14.5
2026-04-15 03:00:00+00:00,129,24,0.0,9.5,0.0,46.0,14.5
2026-04-15 03:00:00+00:00,177,24,0.0,7.3,0.0,45.625,14.8125
2026-04-15 03:00:00+00:00,194,24,0.0,9.5,0.0,46.5,15.0625
2026-04-15 03:00:00+00:00,236,24,0.0,9.6,0.0,45.8125,15.1875
2026-04-15 03:00:00+00:00,325,24,0.0,10.7,0.1,46.5625,15.625
2026-04-15 03:00:00+00:00,391,24,0.0,11.1,0.0,46.6875,16.0625
2026-04-15 03:00:00+00:00,422,24,0.0,9.7,0.0,46.25,15.25
2026-04-15 03:00:00+00:00,425,24,0.0,10.4,0.2,45.9375,15.5
2026-04-15 03:00:00+00:00,426,24,0.0,14.5,0.1,45.5625,13.75
2026-04-15 06:00:00+00:00,63,24,49.0,9.4,0.0,46.375,14.0625
2026-04-15 06:00:00+00:00,76,24,56.0,10.2,0.0,46.3125,14.1875
2026-04-15 06:00:00+00:00,106,24,44.0,9.4,0.0,46.25,14.375
2026-04-15 06:00:00+00:00,122,24,33.0,10.1,0.0,46.0,14.4375
2026-04-15 06:00:00+00:00,127,24,28.0,9.5,0.1,46.125,14.5
2026-04-15 06:00:00+00:00,129,24,27.0,10.0,0.1,46.0,14.5
2026-04-15 06:00:00+00:00,177,24,20.0,8.2,0.0,45.625,14.8125
2026-04-15 06:00:00+00:00,194,24,34.0,10.0,0.1,46.5,15.0625
2026-04-15 06:00:00+00:00,236,24,28.0,10.2,0.0,45.8125,15.1875
2026-04-15 06:00:00+00:00,325,24,28.0,11.2,0.0,46.5625,15.625
2026-04-15 06:00:00+00:00,391,24,68.0,11.8,0.0,46.6875,16.0625
2026-04-15 06:00:00+00:00,422,24,24.0,10.4,0.0,46.25,15.25
2026-04-15 06:00:00+00:00,425,24,30.0,11.1,0.0,45.9375,15.5
2026-04-15 06:00:00+00:00,426,24,87.0,15.3,0.0,45.5625,13.75
2026-04-15 09:00:00+00:00,63,24,288.0,12.0,0.0,46.375,14.0625
2026-04-15 09:00:00+00:00,76,24,331.0,11.9,0.0,46.3125,14.1875
2026-04-15 09:00:00+00:00,106,24,265.0,12.0,0.0,46.25,14.375
2026-04-15 09:00:00+00:00,122,24,280.0,12.6,0.0,46.0,14.4375
2026-04-15 09:00:00+00:00,127,24,326.0,12.4,0.0,46.125,14.5
2026-04-15 09:00:00+00:00,129,24,287.0,12.9,0.0,46.0,14.5
2026-04-15 09:00:00+00:00,177,24,121.0,9.4,0.0,45.625,14.8125
2026-04-15 09:00:00+00:00,194,24,197.0,12.5,0.0,46.5,15.0625
2026-04-15 09:00:00+00:00,236,24,214.0,12.8,0.0,45.8125,15.1875
2026-04-15 09:00:00+00:00,325,24,300.0,14.1,0.0,46.5625,15.625
2026-04-15 09:00:00+00:00,391,24,308.0,14.8,0.0,46.6875,16.0625
2026-04-15 09:00:00+00:00,422,24,266.0,12.8,0.0,46.25,15.25
2026-04-15 09:00:00+00:00,425,24,239.0,13.9,0.0,45.9375,15.5
2026-04-15 09:00:00+00:00,426,24,545.0,19.5,0.0,45.5625,13.75
2026-04-15 12:00:00+00:00,63,24,309.0,13.6,0.0,46.375,14.0625
2026-04-15 12:00:00+00:00,76,24,395.0,13.7,0.0,46.3125,14.1875
2026-04-15 12:00:00+00:00,106,24,349.0,14.0,0.0,46.25,14.375
2026-04-15 12:00:00+00:00,122,24,262.0,14.6,0.0,46.0,14.4375
2026-04-15 12:00:00+00:00,127,24,286.0,14.9,0.0,46.125,14.5
2026-04-15 12:00:00+00:00,129,24,235.0,14.7,0.0,46.0,14.5
2026-04-15 12:00:00+00:00,177,24,189.0,10.6,0.0,45.625,14.8125
2026-04-15 12:00:00+00:00,194,24,350.0,14.8,0.0,46.5,15.0625
2026-04-15 12:00:00+00:00,236,24,308.0,14.4,0.0,45.8125,15.1875
2026-04-15 12:00:00+00:00,325,24,391.0,15.7,0.0,46.5625,15.625
2026-04-15 12:00:00+00:00,391,24,368.0,16.0,0.0,46.6875,16.0625
2026-04-15 12:00:00+00:00,422,24,335.0,16.0,0.0,46.25,15.25
2026-04-15 12:00:00+00:00,425,24,352.0,15.8,0.0,45.9375,15.5
2026-04-15 12:00:00+00:00,426,24,541.0,20.5,0.0,45.5625,13.75
2026-04-16 01:00:00+00:00,63,1,0.0,7.2,0.0,46.375,14.0625
2026-04-16 01:00:00+00:00,76,1,0.0,8.5,0.0,46.3125,14.1875
2026-04-16 01:00:00+00:00,106,1,0.0,7.8,0.0,46.25,14.375
2026-04-16 01:00:00+00:00,122,1,0.0,8.8,0.0,46.0,14.4375
2026-04-16 01:00:00+00:00,127,1,0.0,8.1,0.0,46.125,14.5
2026-04-16 01:00:00+00:00,129,1,0.0,8.7,0.0,46.0,14.5
2026-04-16 01:00:00+00:00,177,1,0.0,7.2,0.0,45.625,14.8125
2026-04-16 01:00:00+00:00,194,1,0.0,8.6,0.0,46.5,15.0625
2026-04-16 01:00:00+00:00,236,1,0.0,8.6,0.0,45.8125,15.1875
2026-04-16 01:00:00+00:00,325,1,0.0,8.8,0.0,46.5625,15.625
2026-04-16 01:00:00+00:00,391,1,0.0,8.9,0.0,46.6875,16.0625
2026-04-16 01:00:00+00:00,422,1,0.0,8.3,0.0,46.25,15.25
2026-04-16 01:00:00+00:00,425,1,0.0,9.2,0.0,45.9375,15.5
2026-04-16 01:00:00+00:00,426,1,0.0,12.8,0.0,45.5625,13.75
2026-04-16 02:00:00+00:00,63,2,0.0,6.8,0.0,46.375,14.0625
2026-04-16 02:00:00+00:00,76,2,0.0,8.5,0.0,46.3125,14.1875
2026-04-16 02:00:00+00:00,106,2,0.0,7.6,0.0,46.25,14.375
2026-04-16 02:00:00+00:00,122,2,0.0,8.7,0.0,46.0,14.4375
2026-04-16 02:00:00+00:00,127,2,0.0,7.9,0.0,46.125,14.5
2026-04-16 02:00:00+00:00,129,2,0.0,8.5,0.0,46.0,14.5
2026-04-16 02:00:00+00:00,177,2,0.0,7.4,0.0,45.625,14.8125
2026-04-16 02:00:00+00:00,194,2,0.0,8.2,0.0,46.5,15.0625
2026-04-16 02:00:00+00:00,236,2,0.0,8.5,0.0,45.8125,15.1875
2026-04-16 02:00:00+00:00,325,2,0.0,9.1,0.0,46.5625,15.625
2026-04-16 02:00:00+00:00,391,2,0.0,8.4,0.0,46.6875,16.0625
2026-04-16 02:00:00+00:00,422,2,0.0,8.1,0.0,46.25,15.25
2026-04-16 02:00:00+00:00,425,2,0.0,9.1,0.0,45.9375,15.5
2026-04-16 02:00:00+00:00,426,2,0.0,12.5,0.0,45.5625,13.75
2026-04-16 03:00:00+00:00,63,3,0.0,6.6,0.0,46.375,14.0625
2026-04-16 03:00:00+00:00,76,3,0.0,8.3,0.0,46.3125,14.1875
2026-04-16 03:00:00+00:00,106,3,0.0,7.4,0.0,46.25,14.375
2026-04-16 03:00:00+00:00,122,3,0.0,8.7,0.0,46.0,14.4375
2026-04-16 03:00:00+00:00,127,3,0.0,7.5,0.0,46.125,14.5
2026-04-16 03:00:00+00:00,129,3,0.0,8.3,0.0,46.0,14.5
2026-04-16 03:00:00+00:00,177,3,0.0,7.5,0.0,45.625,14.8125
2026-04-16 03:00:00+00:00,194,3,0.0,7.7,0.0,46.5,15.0625
2026-04-16 03:00:00+00:00,236,3,0.0,8.4,0.0,45.8125,15.1875
2026-04-16 03:00:00+00:00,325,3,0.0,9.2,0.0,46.5625,15.625
2026-04-16 03:00:00+00:00,391,3,0.0,7.5,0.0,46.6875,16.0625
2026-04-16 03:00:00+00:00,422,3,0.0,7.9,0.0,46.25,15.25
2026-04-16 03:00:00+00:00,425,3,0.0,9.3,0.0,45.9375,15.5
2026-04-16 03:00:00+00:00,426,3,0.0,12.4,0.0,45.5625,13.75
2026-04-16 04:00:00+00:00,63,1,0.0,6.3,0.0,46.375,14.0625
2026-04-16 04:00:00+00:00,76,1,0.0,8.0,0.0,46.3125,14.1875
2026-04-16 04:00:00+00:00,106,1,0.0,7.4,0.0,46.25,14.375
2026-04-16 04:00:00+00:00,122,1,0.0,8.8,0.0,46.0,14.4375
2026-04-16 04:00:00+00:00,127,1,0.0,7.4,0.0,46.125,14.5
2026-04-16 04:00:00+00:00,129,1,0.0,8.5,0.0,46.0,14.5
2026-04-16 04:00:00+00:00,177,1,0.0,7.8,0.0,45.625,14.8125
2026-04-16 04:00:00+00:00,194,1,0.0,7.8,0.0,46.5,15.0625
2026-04-16 04:00:00+00:00,236,1,0.0,8.3,0.0,45.8125,15.1875
2026-04-16 04:00:00+00:00,325,1,0.0,9.8,0.0,46.5625,15.625
2026-04-16 04:00:00+00:00,391,1,0.0,7.5,0.0,46.6875,16.0625
2026-04-16 04:00:00+00:00,422,1,0.0,8.0,0.0,46.25,15.25
2026-04-16 04:00:00+00:00,425,1,0.0,9.7,0.0,45.9375,15.5
2026-04-16 04:00:00+00:00,426,1,0.0,12.2,0.0,45.5625,13.75
2026-04-16 05:00:00+00:00,63,2,16.0,6.4,0.0,46.375,14.0625
2026-04-16 05:00:00+00:00,76,2,18.0,8.2,0.0,46.3125,14.1875
2026-04-16 05:00:00+00:00,106,2,18.0,7.6,0.0,46.25,14.375
2026-04-16 05:00:00+00:00,122,2,13.0,9.0,0.0,46.0,14.4375
2026-04-16 05:00:00+00:00,127,2,16.0,7.3,0.0,46.125,14.5
2026-04-16 05:00:00+00:00,129,2,13.0,8.6,0.0,46.0,14.5
2026-04-16 05:00:00+00:00,177,2,17.0,8.0,0.0,45.625,14.8125
2026-04-16 05:00:00+00:00,194,2,20.0,8.5,0.0,46.5,15.0625
2026-04-16 05:00:00+00:00,236,2,15.0,8.6,0.0,45.8125,15.1875
2026-04-16 05:00:00+00:00,325,2,17.0,10.2,0.0,46.5625,15.625
2026-04-16 05:00:00+00:00,391,2,23.0,8.1,0.0,46.6875,16.0625
2026-04-16 05:00:00+00:00,422,2,15.0,8.4,0.0,46.25,15.25
2026-04-16 05:00:00+00:00,425,2,16.0,10.0,0.0,45.9375,15.5
2026-04-16 05:00:00+00:00,426,2,16.0,12.3,0.0,45.5625,13.75
2026-04-16 06:00:00+00:00,63,3,119.0,8.3,0.0,46.375,14.0625
2026-04-16 06:00:00+00:00,63,6,115.0,8.5,0.0,46.375,14.0625
2026-04-16 06:00:00+00:00,76,3,126.0,10.0,0.0,46.3125,14.1875
2026-04-16 06:00:00+00:00,76,6,123.0,10.1,0.0,46.3125,14.1875
2026-04-16 06:00:00+00:00,106,3,123.0,9.2,0.0,46.25,14.375
2026-04-16 06:00:00+00:00,106,6,117.0,9.2,0.0,46.25,14.375
2026-04-16 06:00:00+00:00,122,3,94.0,10.3,0.0,46.0,14.4375
2026-04-16 06:00:00+00:00,122,6,98.0,10.1,0.0,46.0,14.4375
2026-04-16 06:00:00+00:00,127,3,100.0,8.7,0.0,46.125,14.5
2026-04-16 06:00:00+00:00,127,6,99.0,8.5,0.0,46.125,14.5
2026-04-16 06:00:00+00:00,129,3,88.0,9.8,0.0,46.0,14.5
2026-04-16 06:00:00+00:00,129,6,97.0,9.6,0.0,46.0,14.5
2026-04-16 06:00:00+00:00,177,3,106.0,9.5,0.0,45.625,14.8125
2026-04-16 06:00:00+00:00,177,6,96.0,9.4,0.0,45.625,14.8125
2026-04-16 06:00:00+00:00,194,3,120.0,10.8,0.0,46.5,15.0625
2026-04-16 06:00:00+00:00,194,6,110.0,10.5,0.0,46.5,15.0625
2026-04-16 06:00:00+00:00,236,3,98.0,9.7,0.0,45.8125,15.1875
2026-04-16 06:00:00+00:00,236,6,87.0,9.7,0.0,45.8125,15.1875
2026-04-16 06:00:00+00:00,325,3,100.0,11.9,0.0,46.5625,15.625
2026-04-16 06:00:00+00:00,325,6,98.0,11.6,0.0,46.5625,15.625
2026-04-16 06:00:00+00:00,391,3,121.0,10.9,0.0,46.6875,16.0625
2026-04-16 06:00:00+00:00,391,6,95.0,10.2,0.0,46.6875,16.0625
2026-04-16 06:00:00+00:00,422,3,95.0,10.1,0.0,46.25,15.25
2026-04-16 06:00:00+00:00,422,6,104.0,10.0,0.0,46.25,15.25
2026-04-16 06:00:00+00:00,425,3,92.0,11.3,0.0,45.9375,15.5
2026-04-16 06:00:00+00:00,425,6,92.0,11.0,0.0,45.9375,15.5
2026-04-16 06:00:00+00:00,426,3,135.0,14.2,0.0,45.5625,13.75
2026-04-16 06:00:00+00:00,426,6,134.0,14.4,0.0,45.5625,13.75
2026-04-16 07:00:00+00:00,63,1,253.0,11.0,0.0,46.375,14.0625
2026-04-16 07:00:00+00:00,76,1,276.0,12.8,0.0,46.3125,14.1875
2026-04-16 07:00:00+00:00,106,1,258.0,12.0,0.0,46.25,14.375
2026-04-16 07:00:00+00:00,122,1,228.0,11.8,0.0,46.0,14.4375
2026-04-16 07:00:00+00:00,127,1,241.0,11.5,0.0,46.125,14.5
2026-04-16 07:00:00+00:00,129,1,222.0,11.5,0.0,46.0,14.5
2026-04-16 07:00:00+00:00,177,1,220.0,11.5,0.0,45.625,14.8125
2026-04-16 07:00:00+00:00,194,1,268.0,13.3,0.0,46.5,15.0625
2026-04-16 07:00:00+00:00,236,1,201.0,11.2,0.0,45.8125,15.1875
2026-04-16 07:00:00+00:00,325,1,223.0,14.3,0.0,46.5625,15.625
2026-04-16 07:00:00+00:00,391,1,219.0,13.7,0.0,46.6875,16.0625
2026-04-16 07:00:00+00:00,422,1,208.0,12.2,0.0,46.25,15.25
2026-04-16 07:00:00+00:00,425,1,208.0,13.1,0.0,45.9375,15.5
2026-04-16 07:00:00+00:00,426,1,309.0,17.3,0.0,45.5625,13.75
2026-04-16 08:00:00+00:00,63,2,355.0,12.6,0.0,46.375,14.0625
2026-04-16 08:00:00+00:00,76,2,382.0,13.9,0.0,46.3125,14.1875
2026-04-16 08:00:00+00:00,106,2,376.0,13.7,0.0,46.25,14.375
2026-04-16 08:00:00+00:00,122,2,405.0,13.8,0.0,46.0,14.4375
2026-04-16 08:00:00+00:00,127,2,400.0,13.3,0.0,46.125,14.5
2026-04-16 08:00:00+00:00,129,2,410.0,14.0,0.0,46.0,14.5
2026-04-16 08:00:00+00:00,177,2,318.0,12.2,0.0,45.625,14.8125
2026-04-16 08:00:00+00:00,194,2,349.0,14.7,0.0,46.5,15.0625
2026-04-16 08:00:00+00:00,236,2,348.0,13.9,0.0,45.8125,15.1875
2026-04-16 08:00:00+00:00,325,2,351.0,15.5,0.0,46.5625,15.625
2026-04-16 08:00:00+00:00,391,2,339.0,15.4,0.0,46.6875,16.0625
2026-04-16 08:00:00+00:00,422,2,354.0,14.4,0.0,46.25,15.25
2026-04-16 08:00:00+00:00,425,2,332.0,15.2,0.0,45.9375,15.5
2026-04-16 08:00:00+00:00,426,2,484.0,19.5,0.0,45.5625,13.75
2026-04-16 09:00:00+00:00,63,3,445.0,13.9,0.0,46.375,14.0625
2026-04-16 09:00:00+00:00,63,6,451.0,14.0,0.0,46.375,14.0625
2026-04-16 09:00:00+00:00,76,3,421.0,14.9,0.0,46.3125,14.1875
2026-04-16 09:00:00+00:00,76,6,444.0,15.1,0.0,46.3125,14.1875
2026-04-16 09:00:00+00:00,106,3,482.0,15.1,0.0,46.25,14.375
2026-04-16 09:00:00+00:00,106,6,452.0,15.0,0.0,46.25,14.375
2026-04-16 09:00:00+00:00,122,3,559.0,15.6,0.0,46.0,14.4375
2026-04-16 09:00:00+00:00,122,6,551.0,15.5,0.0,46.0,14.4375
2026-04-16 09:00:00+00:00,127,3,546.0,15.2,0.0,46.125,14.5
2026-04-16 09:00:00+00:00,127,6,527.0,15.0,0.0,46.125,14.5
2026-04-16 09:00:00+00:00,129,3,532.0,15.5,0.0,46.0,14.5
2026-04-16 09:00:00+00:00,129,6,548.0,15.4,0.0,46.0,14.5
2026-04-16 09:00:00+00:00,177,3,381.0,13.4,0.0,45.625,14.8125
2026-04-16 09:00:00+00:00,177,6,376.0,13.5,0.0,45.625,14.8125
2026-04-16 09:00:00+00:00,194,3,320.0,15.5,0.0,46.5,15.0625
2026-04-16 09:00:00+00:00,194,6,332.0,15.6,0.0,46.5,15.0625
2026-04-16 09:00:00+00:00,236,3,486.0,15.9,0.0,45.8125,15.1875
2026-04-16 09:00:00+00:00,236,6,441.0,15.7,0.0,45.8125,15.1875
2026-04-16 09:00:00+00:00,325,3,372.0,16.2,0.0,46.5625,15.625
2026-04-16 09:00:00+00:00,325,6,375.0,16.1,0.0,46.5625,15.625
2026-04-16 09:00:00+00:00,391,3,370.0,16.4,0.0,46.6875,16.0625
2026-04-16 09:00:00+00:00,391,6,293.0,15.7,0.0,46.6875,16.0625
2026-04-16 09:00:00+00:00,422,3,526.0,16.7,0.0,46.25,15.25
2026-04-16 09:00:00+00:00,422,6,493.0,16.5,0.0,46.25,15.25
2026-04-16 09:00:00+00:00,425,3,452.0,17.2,0.0,45.9375,15.5
2026-04-16 09:00:00+00:00,425,6,421.0,17.0,0.0,45.9375,15.5
2026-04-16 09:00:00+00:00,426,3,634.0,21.1,0.0,45.5625,13.75
2026-04-16 09:00:00+00:00,426,6,629.0,21.1,0.0,45.5625,13.75
2026-04-16 10:00:00+00:00,63,1,486.0,15.3,0.0,46.375,14.0625
2026-04-16 10:00:00+00:00,76,1,501.0,15.8,0.0,46.3125,14.1875
2026-04-16 10:00:00+00:00,106,1,550.0,16.3,0.0,46.25,14.375
2026-04-16 10:00:00+00:00,122,1,625.0,17.2,0.0,46.0,14.4375
2026-04-16 10:00:00+00:00,127,1,595.0,16.5,0.0,46.125,14.5
2026-04-16 10:00:00+00:00,129,1,558.0,17.5,0.0,46.0,14.5
2026-04-16 10:00:00+00:00,177,1,452.0,14.3,0.0,45.625,14.8125
2026-04-16 10:00:00+00:00,194,1,304.0,15.9,0.0,46.5,15.0625
2026-04-16 10:00:00+00:00,236,1,564.0,17.5,0.0,45.8125,15.1875
2026-04-16 10:00:00+00:00,325,1,367.0,16.5,0.0,46.5625,15.625
2026-04-16 10:00:00+00:00,391,1,360.0,16.8,0.0,46.6875,16.0625
2026-04-16 10:00:00+00:00,422,1,556.0,18.2,0.0,46.25,15.25
2026-04-16 10:00:00+00:00,425,1,516.0,18.4,0.0,45.9375,15.5
2026-04-16 10:00:00+00:00,426,1,744.0,22.4,0.0,45.5625,13.75
2026-04-16 11:00:00+00:00,63,2,550.0,16.2,0.0,46.375,14.0625
2026-04-16 11:00:00+00:00,76,2,542.0,16.2,0.0,46.3125,14.1875
2026-04-16 11:00:00+00:00,106,2,639.0,17.1,0.0,46.25,14.375
2026-04-16 11:00:00+00:00,122,2,614.0,18.2,0.0,46.0,14.4375
2026-04-16 11:00:00+00:00,127,2,684.0,17.7,0.1,46.125,14.5
2026-04-16 11:00:00+00:00,129,2,616.0,18.4,0.0,46.0,14.5
2026-04-16 11:00:00+00:00,177,2,497.0,15.0,0.0,45.625,14.8125
2026-04-16 11:00:00+00:00,194,2,429.0,16.9,0.0,46.5,15.0625
2026-04-16 11:00:00+00:00,236,2,596.0,18.6,0.0,45.8125,15.1875
2026-04-16 11:00:00+00:00,325,2,359.0,16.9,0.0,46.5625,15.625
2026-04-16 11:00:00+00:00,391,2,469.0,18.1,0.0,46.6875,16.0625
2026-04-16 11:00:00+00:00,422,2,583.0,19.0,0.0,46.25,15.25
2026-04-16 11:00:00+00:00,425,2,584.0,19.5,0.0,45.9375,15.5
2026-04-16 11:00:00+00:00,426,2,756.0,23.2,0.0,45.5625,13.75
2026-04-16 12:00:00+00:00,63,3,566.0,16.3,0.1,46.375,14.0625
2026-04-16 12:00:00+00:00,63,6,590.0,16.5,0.0,46.375,14.0625
2026-04-16 12:00:00+00:00,76,3,662.0,16.9,0.1,46.3125,14.1875
2026-04-16 12:00:00+00:00,76,6,584.0,16.8,0.0,46.3125,14.1875
2026-04-16 12:00:00+00:00,106,3,621.0,17.6,0.0,46.25,14.375
2026-04-16 12:00:00+00:00,106,6,666.0,17.9,0.0,46.25,14.375
2026-04-16 12:00:00+00:00,122,3,673.0,18.8,0.0,46.0,14.4375
2026-04-16 12:00:00+00:00,122,6,657.0,18.6,0.0,46.0,14.4375
2026-04-16 12:00:00+00:00,127,3,647.0,18.6,0.0,46.125,14.5
2026-04-16 12:00:00+00:00,127,6,648.0,18.5,0.0,46.125,14.5
2026-04-16 12:00:00+00:00,129,3,669.0,18.7,0.0,46.0,14.5
2026-04-16 12:00:00+00:00,129,6,634.0,18.4,0.0,46.0,14.5
2026-04-16 12:00:00+00:00,177,3,527.0,15.2,0.0,45.625,14.8125
2026-04-16 12:00:00+00:00,177,6,527.0,15.3,0.0,45.625,14.8125
2026-04-16 12:00:00+00:00,194,3,544.0,17.7,0.0,46.5,15.0625
2026-04-16 12:00:00+00:00,194,6,518.0,17.7,0.0,46.5,15.0625
2026-04-16 12:00:00+00:00,236,3,544.0,19.1,0.0,45.8125,15.1875
2026-04-16 12:00:00+00:00,236,6,661.0,19.6,0.0,45.8125,15.1875
2026-04-16 12:00:00+00:00,325,3,461.0,17.8,0.0,46.5625,15.625
2026-04-16 12:00:00+00:00,325,6,501.0,18.1,0.0,46.5625,15.625
2026-04-16 12:00:00+00:00,391,3,571.0,19.0,0.0,46.6875,16.0625
2026-04-16 12:00:00+00:00,391,6,552.0,18.8,0.0,46.6875,16.0625
2026-04-16 12:00:00+00:00,422,3,600.0,19.6,0.0,46.25,15.25
2026-04-16 12:00:00+00:00,422,6,657.0,20.0,0.0,46.25,15.25
2026-04-16 12:00:00+00:00,425,3,503.0,19.7,0.0,45.9375,15.5
2026-04-16 12:00:00+00:00,425,6,590.0,20.2,0.0,45.9375,15.5
2026-04-16 12:00:00+00:00,426,3,683.0,23.6,0.0,45.5625,13.75
2026-04-16 12:00:00+00:00,426,6,727.0,23.8,0.0,45.5625,13.75
2026-04-16 13:00:00+00:00,63,1,497.0,16.9,0.1,46.375,14.0625
2026-04-16 13:00:00+00:00,76,1,589.0,16.9,0.2,46.3125,14.1875
2026-04-16 13:00:00+00:00,106,1,600.0,18.2,0.2,46.25,14.375
2026-04-16 13:00:00+00:00,122,1,631.0,18.9,0.1,46.0,14.4375
2026-04-16 13:00:00+00:00,127,1,611.0,18.9,0.0,46.125,14.5
2026-04-16 13:00:00+00:00,129,1,654.0,19.3,0.0,46.0,14.5
2026-04-16 13:00:00+00:00,177,1,522.0,15.6,0.0,45.625,14.8125
2026-04-16 13:00:00+00:00,194,1,549.0,18.4,0.0,46.5,15.0625
2026-04-16 13:00:00+00:00,236,1,490.0,18.8,0.2,45.8125,15.1875
2026-04-16 13:00:00+00:00,325,1,500.0,19.1,0.0,46.5625,15.625
2026-04-16 13:00:00+00:00,391,1,531.0,19.7,0.0,46.6875,16.0625
2026-04-16 13:00:00+00:00,422,1,556.0,19.8,0.0,46.25,15.25
2026-04-16 13:00:00+00:00,425,1,551.0,19.8,0.1,45.9375,15.5
2026-04-16 13:00:00+00:00,426,1,682.0,24.4,0.0,45.5625,13.75
2026-04-16 14:00:00+00:00,63,2,508.0,16.5,0.0,46.375,14.0625
2026-04-16 14:00:00+00:00,76,2,527.0,17.0,0.1,46.3125,14.1875
2026-04-16 14:00:00+00:00,106,2,455.0,18.1,0.0,46.25,14.375
2026-04-16 14:00:00+00:00,122,2,532.0,18.9,0.0,46.0,14.4375
2026-04-16 14:00:00+00:00,127,2,531.0,18.6,0.0,46.125,14.5
2026-04-16 14:00:00+00:00,129,2,559.0,19.1,0.0,46.0,14.5
2026-04-16 14:00:00+00:00,177,2,486.0,15.5,0.0,45.625,14.8125
2026-04-16 14:00:00+00:00,194,2,401.0,17.8,0.3,46.5,15.0625
2026-04-16 14:00:00+00:00,236,2,469.0,18.6,0.2,45.8125,15.1875
2026-04-16 14:00:00+00:00,325,2,490.0,18.6,0.1,46.5625,15.625
2026-04-16 14:00:00+00:00,391,2,452.0,19.8,0.0,46.6875,16.0625
2026-04-16 14:00:00+00:00,422,2,509.0,19.3,0.1,46.25,15.25
2026-04-16 14:00:00+00:00,425,2,507.0,19.7,0.1,45.9375,15.5
2026-04-16 14:00:00+00:00,426,2,483.0,23.4,0.0,45.5625,13.75
2026-04-16 15:00:00+00:00,63,3,388.0,15.9,0.1,46.375,14.0625
2026-04-16 15:00:00+00:00,63,6,353.0,15.7,0.0,46.375,14.0625
2026-04-16 15:00:00+00:00,76,3,383.0,15.8,0.9,46.3125,14.1875
2026-04-16 15:00:00+00:00,76,6,351.0,15.7,0.6,46.3125,14.1875
2026-04-16 15:00:00+00:00,106,3,322.0,17.8,0.1,46.25,14.375
2026-04-16 15:00:00+00:00,106,6,321.0,17.4,0.0,46.25,14.375
2026-04-16 15:00:00+00:00,122,3,418.0,18.4,0.0,46.0,14.4375
2026-04-16 15:00:00+00:00,122,6,393.0,18.3,0.0,46.0,14.4375
2026-04-16 15:00:00+00:00,127,3,394.0,18.0,0.1,46.125,14.5
2026-04-16 15:00:00+00:00,127,6,387.0,17.8,0.1,46.125,14.5
2026-04-16 15:00:00+00:00,129,3,409.0,18.6,0.0,46.0,14.5
2026-04-16 15:00:00+00:00,129,6,409.0,18.4,0.0,46.0,14.5
2026-04-16 15:00:00+00:00,177,3,343.0,14.8,0.2,45.625,14.8125
2026-04-16 15:00:00+00:00,177,6,362.0,15.0,0.0,45.625,14.8125
2026-04-16 15:00:00+00:00,194,3,306.0,17.2,0.4,46.5,15.0625
2026-04-16 15:00:00+00:00,194,6,293.0,16.6,0.6,46.5,15.0625
2026-04-16 15:00:00+00:00,236,3,373.0,18.2,0.1,45.8125,15.1875
2026-04-16 15:00:00+00:00,236,6,387.0,19.1,0.0,45.8125,15.1875
2026-04-16 15:00:00+00:00,325,3,383.0,18.1,0.2,46.5625,15.625
2026-04-16 15:00:00+00:00,325,6,283.0,18.2,0.0,46.5625,15.625
2026-04-16 15:00:00+00:00,391,3,374.0,19.7,0.0,46.6875,16.0625
2026-04-16 15:00:00+00:00,391,6,277.0,19.1,0.0,46.6875,16.0625
2026-04-16 15:00:00+00:00,422,3,399.0,19.1,0.0,46.25,15.25
2026-04-16 15:00:00+00:00,422,6,373.0,19.4,0.0,46.25,15.25
2026-04-16 15:00:00+00:00,425,3,408.0,19.1,0.1,45.9375,15.5
2026-04-16 15:00:00+00:00,425,6,306.0,19.7,0.0,45.9375,15.5
2026-04-16 15:00:00+00:00,426,3,351.0,22.6,0.0,45.5625,13.75
2026-04-16 15:00:00+00:00,426,6,388.0,21.8,0.0,45.5625,13.75
2026-04-16 16:00:00+00:00,63,1,242.0,15.4,0.1,46.375,14.0625
2026-04-16 16:00:00+00:00,76,1,254.0,15.9,0.1,46.3125,14.1875
2026-04-16 16:00:00+00:00,106,1,224.0,17.4,0.0,46.25,14.375
2026-04-16 16:00:00+00:00,122,1,304.0,18.4,0.0,46.0,14.4375
2026-04-16 16:00:00+00:00,127,1,259.0,18.1,0.1,46.125,14.5
2026-04-16 16:00:00+00:00,129,1,317.0,18.6,0.0,46.0,14.5
2026-04-16 16:00:00+00:00,177,1,280.0,15.0,0.0,45.625,14.8125
2026-04-16 16:00:00+00:00,194,1,201.0,16.3,0.5,46.5,15.0625
2026-04-16 16:00:00+00:00,236,1,275.0,18.8,0.0,45.8125,15.1875
2026-04-16 16:00:00+00:00,325,1,235.0,17.9,0.1,46.5625,15.625
2026-04-16 16:00:00+00:00,391,1,272.0,19.0,0.0,46.6875,16.0625
2026-04-16 16:00:00+00:00,422,1,260.0,19.0,0.0,46.25,15.25
2026-04-16 16:00:00+00:00,425,1,263.0,19.0,0.0,45.9375,15.5
2026-04-16 16:00:00+00:00,426,1,257.0,20.9,0.0,45.5625,13.75
2026-04-16 17:00:00+00:00,63,2,102.0,14.5,0.2,46.375,14.0625
2026-04-16 17:00:00+00:00,76,2,112.0,14.8,0.2,46.3125,14.1875
2026-04-16 17:00:00+00:00,106,2,98.0,16.9,0.0,46.25,14.375
2026-04-16 17:00:00+00:00,122,2,148.0,17.9,0.0,46.0,14.4375
2026-04-16 17:00:00+00:00,127,2,127.0,17.6,0.0,46.125,14.5
2026-04-16 17:00:00+00:00,129,2,150.0,18.0,0.0,46.0,14.5
2026-04-16 17:00:00+00:00,177,2,123.0,14.0,0.0,45.625,14.8125
2026-04-16 17:00:00+00:00,194,2,94.0,15.6,0.1,46.5,15.0625
2026-04-16 17:00:00+00:00,236,2,122.0,18.1,0.0,45.8125,15.1875
2026-04-16 17:00:00+00:00,325,2,84.0,17.4,0.0,46.5625,15.625
2026-04-16 17:00:00+00:00,391,2,120.0,18.2,0.0,46.6875,16.0625
2026-04-16 17:00:00+00:00,422,2,113.0,18.3,0.0,46.25,15.25
2026-04-16 17:00:00+00:00,425,2,118.0,18.4,0.0,45.9375,15.5
2026-04-16 17:00:00+00:00,426,2,94.0,19.1,0.0,45.5625,13.75
2026-04-16 18:00:00+00:00,63,3,17.0,13.2,0.2,46.375,14.0625
2026-04-16 18:00:00+00:00,63,6,16.0,12.8,0.1,46.375,14.0625
2026-04-16 18:00:00+00:00,76,3,15.0,13.3,0.5,46.3125,14.1875
2026-04-16 18:00:00+00:00,76,6,14.0,13.1,0.6,46.3125,14.1875
2026-04-16 18:00:00+00:00,106,3,15.0,15.4,0.1,46.25,14.375
2026-04-16 18:00:00+00:00,106,6,12.0,14.6,0.2,46.25,14.375
2026-04-16 18:00:00+00:00,122,3,21.0,15.8,0.0,46.0,14.4375
2026-04-16 18:00:00+00:00,122,6,20.0,15.2,0.1,46.0,14.4375
2026-04-16 18:00:00+00:00,127,3,18.0,15.7,0.0,46.125,14.5
2026-04-16 18:00:00+00:00,127,6,20.0,15.3,0.0,46.125,14.5
2026-04-16 18:00:00+00:00,129,3,21.0,15.8,0.0,46.0,14.5
2026-04-16 18:00:00+00:00,129,6,22.0,15.3,0.0,46.0,14.5
2026-04-16 18:00:00+00:00,177,3,18.0,12.2,0.0,45.625,14.8125
2026-04-16 18:00:00+00:00,177,6,16.0,11.7,0.4,45.625,14.8125
2026-04-16 18:00:00+00:00,194,3,14.0,14.2,0.0,46.5,15.0625
2026-04-16 18:00:00+00:00,194,6,14.0,14.0,0.0,46.5,15.0625
2026-04-16 18:00:00+00:00,236,3,18.0,15.7,0.0,45.8125,15.1875
2026-04-16 18:00:00+00:00,236,6,16.0,15.2,0.0,45.8125,15.1875
2026-04-16 18:00:00+00:00,325,3,12.0,16.0,0.0,46.5625,15.625
2026-04-16 18:00:00+00:00,325,6,11.0,15.4,0.0,46.5625,15.625
2026-04-16 18:00:00+00:00,391,3,14.0,15.6,0.0,46.6875,16.0625
2026-04-16 18:00:00+00:00,391,6,14.0,15.6,0.0,46.6875,16.0625
2026-04-16 18:00:00+00:00,422,3,16.0,16.2,0.0,46.25,15.25
2026-04-16 18:00:00+00:00,422,6,18.0,16.0,0.0,46.25,15.25
2026-04-16 18:00:00+00:00,425,3,16.0,16.2,0.0,45.9375,15.5
2026-04-16 18:00:00+00:00,425,6,17.0,15.8,0.0,45.9375,15.5
2026-04-16 18:00:00+00:00,426,3,19.0,17.7,0.0,45.5625,13.75
2026-04-16 18:00:00+00:00,426,6,22.0,18.8,0.0,45.5625,13.75
2026-04-16 19:00:00+00:00,63,1,0.0,12.1,0.2,46.375,14.0625
2026-04-16 19:00:00+00:00,76,1,0.0,12.5,0.6,46.3125,14.1875
2026-04-16 19:00:00+00:00,106,1,0.0,13.3,0.0,46.25,14.375
2026-04-16 19:00:00+00:00,122,1,0.0,14.5,0.0,46.0,14.4375
2026-04-16 19:00:00+00:00,127,1,0.0,14.7,0.0,46.125,14.5
2026-04-16 19:00:00+00:00,129,1,0.0,14.4,0.0,46.0,14.5
2026-04-16 19:00:00+00:00,177,1,0.0,11.2,0.2,45.625,14.8125
2026-04-16 19:00:00+00:00,194,1,0.0,13.3,0.0,46.5,15.0625
2026-04-16 19:00:00+00:00,236,1,0.0,14.0,0.0,45.8125,15.1875
2026-04-16 19:00:00+00:00,325,1,0.0,15.3,0.0,46.5625,15.625
2026-04-16 19:00:00+00:00,391,1,0.0,14.4,0.0,46.6875,16.0625
2026-04-16 19:00:00+00:00,422,1,0.0,15.2,0.0,46.25,15.25
2026-04-16 19:00:00+00:00,425,1,0.0,14.6,0.0,45.9375,15.5
2026-04-16 19:00:00+00:00,426,1,0.0,18.0,0.0,45.5625,13.75
2026-04-16 20:00:00+00:00,63,2,0.0,11.5,0.2,46.375,14.0625
2026-04-16 20:00:00+00:00,76,2,0.0,12.0,0.3,46.3125,14.1875
2026-04-16 20:00:00+00:00,106,2,0.0,13.0,0.0,46.25,14.375
2026-04-16 20:00:00+00:00,122,2,0.0,13.6,0.0,46.0,14.4375
2026-04-16 20:00:00+00:00,127,2,0.0,13.8,0.0,46.125,14.5
2026-04-16 20:00:00+00:00,129,2,0.0,13.3,0.0,46.0,14.5
2026-04-16 20:00:00+00:00,177,2,0.0,10.5,0.0,45.625,14.8125
2026-04-16 20:00:00+00:00,194,2,0.0,11.9,0.0,46.5,15.0625
2026-04-16 20:00:00+00:00,236,2,0.0,12.9,0.0,45.8125,15.1875
2026-04-16 20:00:00+00:00,325,2,0.0,14.8,0.0,46.5625,15.625
2026-04-16 20:00:00+00:00,391,2,0.0,13.7,0.0,46.6875,16.0625
2026-04-16 20:00:00+00:00,422,2,0.0,13.4,0.0,46.25,15.25
2026-04-16 20:00:00+00:00,425,2,0.0,13.2,0.0,45.9375,15.5
2026-04-16 20:00:00+00:00,426,2,0.0,16.8,0.0,45.5625,13.75
2026-04-16 21:00:00+00:00,63,3,0.0,11.1,0.3,46.375,14.0625
2026-04-16 21:00:00+00:00,63,6,0.0,10.8,0.1,46.375,14.0625
2026-04-16 21:00:00+00:00,76,3,0.0,12.0,0.2,46.3125,14.1875
2026-04-16 21:00:00+00:00,76,6,0.0,11.9,0.6,46.3125,14.1875
2026-04-16 21:00:00+00:00,106,3,0.0,12.4,0.1,46.25,14.375
2026-04-16 21:00:00+00:00,106,6,0.0,12.0,0.0,46.25,14.375
2026-04-16 21:00:00+00:00,122,3,0.0,12.9,0.0,46.0,14.4375
2026-04-16 21:00:00+00:00,122,6,0.0,12.9,0.0,46.0,14.4375
2026-04-16 21:00:00+00:00,127,3,0.0,12.9,0.0,46.125,14.5
2026-04-16 21:00:00+00:00,127,6,0.0,12.8,0.0,46.125,14.5
2026-04-16 21:00:00+00:00,129,3,0.0,12.3,0.0,46.0,14.5
2026-04-16 21:00:00+00:00,129,6,0.0,12.2,0.0,46.0,14.5
2026-04-16 21:00:00+00:00,177,3,0.0,10.1,0.0,45.625,14.8125
2026-04-16 21:00:00+00:00,177,6,0.0,10.2,0.0,45.625,14.8125
2026-04-16 21:00:00+00:00,194,3,0.0,10.9,0.0,46.5,15.0625
2026-04-16 21:00:00+00:00,194,6,0.0,11.4,0.0,46.5,15.0625
2026-04-16 21:00:00+00:00,236,3,0.0,11.7,0.0,45.8125,15.1875
2026-04-16 21:00:00+00:00,236,6,0.0,11.8,0.0,45.8125,15.1875
2026-04-16 21:00:00+00:00,325,3,0.0,13.8,0.0,46.5625,15.625
2026-04-16 21:00:00+00:00,325,6,0.0,13.2,0.0,46.5625,15.625
2026-04-16 21:00:00+00:00,391,3,0.0,12.5,0.0,46.6875,16.0625
2026-04-16 21:00:00+00:00,391,6,0.0,12.3,0.0,46.6875,16.0625
2026-04-16 21:00:00+00:00,422,3,0.0,12.3,0.0,46.25,15.25
2026-04-16 21:00:00+00:00,422,6,0.0,12.1,0.0,46.25,15.25
2026-04-16 21:00:00+00:00,425,3,0.0,12.9,0.0,45.9375,15.5
2026-04-16 21:00:00+00:00,425,6,0.0,12.7,0.0,45.9375,15.5
2026-04-16 21:00:00+00:00,426,3,0.0,16.3,0.0,45.5625,13.75
2026-04-16 21:00:00+00:00,426,6,0.0,16.4,0.0,45.5625,13.75
2026-04-16 22:00:00+00:00,63,1,0.0,10.8,0.2,46.375,14.0625
2026-04-16 22:00:00+00:00,76,1,0.0,11.9,0.1,46.3125,14.1875
2026-04-16 22:00:00+00:00,106,1,0.0,11.4,0.0,46.25,14.375
2026-04-16 22:00:00+00:00,122,1,0.0,12.4,0.0,46.0,14.4375
2026-04-16 22:00:00+00:00,127,1,0.0,12.4,0.0,46.125,14.5
2026-04-16 22:00:00+00:00,129,1,0.0,12.0,0.0,46.0,14.5
2026-04-16 22:00:00+00:00,177,1,0.0,9.6,0.0,45.625,14.8125
2026-04-16 22:00:00+00:00,194,1,0.0,10.6,0.0,46.5,15.0625
2026-04-16 22:00:00+00:00,236,1,0.0,10.8,0.0,45.8125,15.1875
2026-04-16 22:00:00+00:00,325,1,0.0,12.0,0.0,46.5625,15.625
2026-04-16 22:00:00+00:00,391,1,0.0,10.3,0.0,46.6875,16.0625
2026-04-16 22:00:00+00:00,422,1,0.0,11.3,0.0,46.25,15.25
2026-04-16 22:00:00+00:00,425,1,0.0,12.7,0.0,45.9375,15.5
2026-04-16 22:00:00+00:00,426,1,0.0,15.5,0.0,45.5625,13.75
2026-04-16 23:00:00+00:00,63,2,0.0,10.4,0.0,46.375,14.0625
2026-04-16 23:00:00+00:00,76,2,0.0,11.8,0.0,46.3125,14.1875
2026-04-16 23:00:00+00:00,106,2,0.0,11.0,0.0,46.25,14.375
2026-04-16 23:00:00+00:00,122,2,0.0,12.1,0.0,46.0,14.4375
2026-04-16 23:00:00+00:00,127,2,0.0,11.6,0.0,46.125,14.5
2026-04-16 23:00:00+00:00,129,2,0.0,11.5,0.0,46.0,14.5
2026-04-16 23:00:00+00:00,177,2,0.0,9.2,0.0,45.625,14.8125
2026-04-16 23:00:00+00:00,194,2,0.0,10.1,0.0,46.5,15.0625
2026-04-16 23:00:00+00:00,236,2,0.0,10.6,0.0,45.8125,15.1875
2026-04-16 23:00:00+00:00,325,2,0.0,11.2,0.0,46.5625,15.625
2026-04-16 23:00:00+00:00,391,2,0.0,8.8,0.0,46.6875,16.0625
2026-04-16 23:00:00+00:00,422,2,0.0,10.4,0.0,46.25,15.25
2026-04-16 23:00:00+00:00,425,2,0.0,12.0,0.0,45.9375,15.5
2026-04-16 23:00:00+00:00,426,2,0.0,15.1,0.0,45.5625,13.75
2026-04-17 00:00:00+00:00,63,3,0.0,9.8,0.0,46.375,14.0625
2026-04-17 00:00:00+00:00,63,6,0.0,10.0,0.0,46.375,14.0625
2026-04-17 00:00:00+00:00,63,24,0.0,9.7,0.0,46.375,14.0625
2026-04-17 00:00:00+00:00,76,3,0.0,11.5,0.0,46.3125,14.1875
2026-04-17 00:00:00+00:00,76,6,0.0,11.2,0.0,46.3125,14.1875
2026-04-17 00:00:00+00:00,76,24,0.0,11.2,0.1,46.3125,14.1875
2026-04-17 00:00:00+00:00,106,3,0.0,10.6,0.0,46.25,14.375
2026-04-17 00:00:00+00:00,106,6,0.0,11.1,0.0,46.25,14.375
2026-04-17 00:00:00+00:00,106,24,0.0,10.7,0.0,46.25,14.375
2026-04-17 00:00:00+00:00,122,3,0.0,11.6,0.0,46.0,14.4375
2026-04-17 00:00:00+00:00,122,6,0.0,11.3,0.0,46.0,14.4375
2026-04-17 00:00:00+00:00,122,24,0.0,10.6,0.0,46.0,14.4375
2026-04-17 00:00:00+00:00,127,3,0.0,10.7,0.0,46.125,14.5
2026-04-17 00:00:00+00:00,127,6,0.0,10.5,0.0,46.125,14.5
2026-04-17 00:00:00+00:00,127,24,0.0,10.1,0.0,46.125,14.5
2026-04-17 00:00:00+00:00,129,3,0.0,11.3,0.0,46.0,14.5
2026-04-17 00:00:00+00:00,129,6,0.0,10.9,0.0,46.0,14.5
2026-04-17 00:00:00+00:00,129,24,0.0,9.5,0.0,46.0,14.5
2026-04-17 00:00:00+00:00,177,3,0.0,8.7,0.0,45.625,14.8125
2026-04-17 00:00:00+00:00,177,6,0.0,9.0,0.0,45.625,14.8125
2026-04-17 00:00:00+00:00,177,24,0.0,8.5,0.0,45.625,14.8125
2026-04-17 00:00:00+00:00,194,3,0.0,9.8,0.0,46.5,15.0625
2026-04-17 00:00:00+00:00,194,6,0.0,9.9,0.0,46.5,15.0625
2026-04-17 00:00:00+00:00,194,24,0.0,10.4,0.0,46.5,15.0625
2026-04-17 00:00:00+00:00,236,3,0.0,10.4,0.0,45.8125,15.1875
2026-04-17 00:00:00+00:00,236,6,0.0,10.4,0.0,45.8125,15.1875
2026-04-17 00:00:00+00:00,236,24,0.0,10.7,0.0,45.8125,15.1875
2026-04-17 00:00:00+00:00,325,3,0.0,10.5,0.0,46.5625,15.625
2026-04-17 00:00:00+00:00,325,6,0.0,11.1,0.0,46.5625,15.625
2026-04-17 00:00:00+00:00,325,24,0.0,9.9,0.0,46.5625,15.625
2026-04-17 00:00:00+00:00,391,3,0.0,7.7,0.0,46.6875,16.0625
2026-04-17 00:00:00+00:00,391,6,0.0,7.9,0.0,46.6875,16.0625
2026-04-17 00:00:00+00:00,391,24,0.0,7.5,0.0,46.6875,16.0625
2026-04-17 00:00:00+00:00,422,3,0.0,9.9,0.0,46.25,15.25
2026-04-17 00:00:00+00:00,422,6,0.0,10.0,0.0,46.25,15.25
2026-04-17 00:00:00+00:00,422,24,0.0,10.7,0.0,46.25,15.25
2026-04-17 00:00:00+00:00,425,3,0.0,10.8,0.0,45.9375,15.5
2026-04-17 00:00:00+00:00,425,6,0.0,10.7,0.0,45.9375,15.5
2026-04-17 00:00:00+00:00,425,24,0.0,10.6,0.0,45.9375,15.5
2026-04-17 00:00:00+00:00,426,3,0.0,14.8,0.0,45.5625,13.75
2026-04-17 00:00:00+00:00,426,6,0.0,14.8,0.0,45.5625,13.75
2026-04-17 00:00:00+00:00,426,24,0.0,14.5,0.0,45.5625,13.75
2026-04-17 03:00:00+00:00,63,6,0.0,8.4,0.0,46.375,14.0625
2026-04-17 03:00:00+00:00,63,24,0.0,8.5,0.0,46.375,14.0625
2026-04-17 03:00:00+00:00,76,6,0.0,10.0,0.0,46.3125,14.1875
2026-04-17 03:00:00+00:00,76,24,0.0,10.2,0.0,46.3125,14.1875
2026-04-17 03:00:00+00:00,106,6,0.0,9.6,0.0,46.25,14.375
2026-04-17 03:00:00+00:00,106,24,0.0,10.1,0.0,46.25,14.375
2026-04-17 03:00:00+00:00,122,6,0.0,10.4,0.0,46.0,14.4375
2026-04-17 03:00:00+00:00,122,24,0.0,10.0,0.0,46.0,14.4375
2026-04-17 03:00:00+00:00,127,6,0.0,8.7,0.0,46.125,14.5
2026-04-17 03:00:00+00:00,127,24,0.0,9.3,0.0,46.125,14.5
2026-04-17 03:00:00+00:00,129,6,0.0,9.9,0.0,46.0,14.5
2026-04-17 03:00:00+00:00,129,24,0.0,9.4,0.0,46.0,14.5
2026-04-17 03:00:00+00:00,177,6,0.0,7.7,0.0,45.625,14.8125
2026-04-17 03:00:00+00:00,177,24,0.0,7.5,0.0,45.625,14.8125
2026-04-17 03:00:00+00:00,194,6,0.0,9.0,0.0,46.5,15.0625
2026-04-17 03:00:00+00:00,194,24,0.0,9.5,0.0,46.5,15.0625
2026-04-17 03:00:00+00:00,236,6,0.0,9.4,0.0,45.8125,15.1875
2026-04-17 03:00:00+00:00,236,24,0.0,10.5,0.0,45.8125,15.1875
2026-04-17 03:00:00+00:00,325,6,0.0,8.8,0.0,46.5625,15.625
2026-04-17 03:00:00+00:00,325,24,0.0,8.8,0.0,46.5625,15.625
2026-04-17 03:00:00+00:00,391,6,0.0,6.5,0.0,46.6875,16.0625
2026-04-17 03:00:00+00:00,391,24,0.0,6.5,0.0,46.6875,16.0625
2026-04-17 03:00:00+00:00,422,6,0.0,8.7,0.0,46.25,15.25
2026-04-17 03:00:00+00:00,422,24,0.0,9.6,0.0,46.25,15.25
2026-04-17 03:00:00+00:00,425,6,0.0,8.8,0.0,45.9375,15.5
2026-04-17 03:00:00+00:00,425,24,0.0,9.9,0.0,45.9375,15.5
2026-04-17 03:00:00+00:00,426,6,0.0,13.8,0.0,45.5625,13.75
2026-04-17 03:00:00+00:00,426,24,0.0,13.2,0.0,45.5625,13.75
2026-04-17 06:00:00+00:00,63,24,140.0,9.9,0.0,46.375,14.0625
2026-04-17 06:00:00+00:00,76,24,137.0,11.5,0.0,46.3125,14.1875
2026-04-17 06:00:00+00:00,106,24,129.0,10.7,0.0,46.25,14.375
2026-04-17 06:00:00+00:00,122,24,140.0,11.0,0.0,46.0,14.4375
2026-04-17 06:00:00+00:00,127,24,127.0,9.8,0.0,46.125,14.5
2026-04-17 06:00:00+00:00,129,24,140.0,10.5,0.0,46.0,14.5
2026-04-17 06:00:00+00:00,177,24,151.0,10.1,0.0,45.625,14.8125
2026-04-17 06:00:00+00:00,194,24,153.0,11.3,0.0,46.5,15.0625
2026-04-17 06:00:00+00:00,236,24,150.0,11.1,0.0,45.8125,15.1875
2026-04-17 06:00:00+00:00,325,24,129.0,12.0,0.0,46.5625,15.625
2026-04-17 06:00:00+00:00,391,24,126.0,10.4,0.0,46.6875,16.0625
2026-04-17 06:00:00+00:00,422,24,158.0,10.5,0.0,46.25,15.25
2026-04-17 06:00:00+00:00,425,24,151.0,11.6,0.0,45.9375,15.5
2026-04-17 06:00:00+00:00,426,24,141.0,14.7,0.0,45.5625,13.75
2026-04-17 09:00:00+00:00,63,24,574.0,15.5,0.0,46.375,14.0625
2026-04-17 09:00:00+00:00,76,24,525.0,15.9,0.0,46.3125,14.1875
2026-04-17 09:00:00+00:00,106,24,560.0,16.3,0.0,46.25,14.375
2026-04-17 09:00:00+00:00,122,24,648.0,17.2,0.0,46.0,14.4375
2026-04-17 09:00:00+00:00,127,24,634.0,16.6,0.0,46.125,14.5
2026-04-17 09:00:00+00:00,129,24,647.0,17.5,0.0,46.0,14.5
2026-04-17 09:00:00+00:00,177,24,520.0,14.1,0.0,45.625,14.8125
2026-04-17 09:00:00+00:00,194,24,548.0,16.5,0.0,46.5,15.0625
2026-04-17 09:00:00+00:00,236,24,623.0,17.8,0.0,45.8125,15.1875
2026-04-17 09:00:00+00:00,325,24,542.0,18.1,0.0,46.5625,15.625
2026-04-17 09:00:00+00:00,391,24,573.0,18.2,0.0,46.6875,16.0625
2026-04-17 09:00:00+00:00,422,24,621.0,18.2,0.0,46.25,15.25
2026-04-17 09:00:00+00:00,425,24,611.0,19.0,0.0,45.9375,15.5
2026-04-17 09:00:00+00:00,426,24,598.0,21.5,0.0,45.5625,13.75
2026-04-17 12:00:00+00:00,63,24,757.0,18.3,0.0,46.375,14.0625
2026-04-17 12:00:00+00:00,76,24,646.0,18.0,0.0,46.3125,14.1875
2026-04-17 12:00:00+00:00,106,24,616.0,18.9,0.0,46.25,14.375
2026-04-17 12:00:00+00:00,122,24,747.0,20.2,0.0,46.0,14.4375
2026-04-17 12:00:00+00:00,127,24,672.0,19.9,0.0,46.125,14.5
2026-04-17 12:00:00+00:00,129,24,750.0,20.4,0.0,46.0,14.5
2026-04-17 12:00:00+00:00,177,24,706.0,16.3,0.0,45.625,14.8125
2026-04-17 12:00:00+00:00,194,24,599.0,18.9,0.0,46.5,15.0625
2026-04-17 12:00:00+00:00,236,24,635.0,20.0,0.0,45.8125,15.1875
2026-04-17 12:00:00+00:00,325,24,656.0,20.7,0.0,46.5625,15.625
2026-04-17 12:00:00+00:00,391,24,632.0,21.4,0.0,46.6875,16.0625
2026-04-17 12:00:00+00:00,422,24,674.0,20.7,0.0,46.25,15.25
2026-04-17 12:00:00+00:00,425,24,696.0,21.2,0.0,45.9375,15.5
2026-04-17 12:00:00+00:00,426,24,794.0,23.8,0.0,45.5625,13.75
2026-04-17 15:00:00+00:00,63,24,463.0,18.5,0.0,46.375,14.0625
2026-04-17 15:00:00+00:00,76,24,421.0,18.4,0.0,46.3125,14.1875
2026-04-17 15:00:00+00:00,106,24,427.0,19.4,0.0,46.25,14.375
2026-04-17 15:00:00+00:00,122,24,474.0,20.3,0.0,46.0,14.4375
2026-04-17 15:00:00+00:00,127,24,450.0,20.0,0.0,46.125,14.5
2026-04-17 15:00:00+00:00,129,24,467.0,20.5,0.0,46.0,14.5
2026-04-17 15:00:00+00:00,177,24,482.0,16.7,0.0,45.625,14.8125
2026-04-17 15:00:00+00:00,194,24,362.0,19.2,0.0,46.5,15.0625
2026-04-17 15:00:00+00:00,236,24,420.0,20.8,0.0,45.8125,15.1875
2026-04-17 15:00:00+00:00,325,24,445.0,20.9,0.0,46.5625,15.625
2026-04-17 15:00:00+00:00,391,24,407.0,21.3,0.0,46.6875,16.0625
2026-04-17 15:00:00+00:00,422,24,393.0,21.1,0.0,46.25,15.25
2026-04-17 15:00:00+00:00,425,24,426.0,21.7,0.0,45.9375,15.5
2026-04-17 15:00:00+00:00,426,24,494.0,24.0,0.0,45.5625,13.75
2026-04-17 18:00:00+00:00,63,24,27.0,14.7,0.0,46.375,14.0625
2026-04-17 18:00:00+00:00,76,24,27.0,14.9,0.0,46.3125,14.1875
2026-04-17 18:00:00+00:00,106,24,25.0,16.8,0.0,46.25,14.375
2026-04-17 18:00:00+00:00,122,24,25.0,17.0,0.0,46.0,14.4375
2026-04-17 18:00:00+00:00,127,24,25.0,17.3,0.0,46.125,14.5
2026-04-17 18:00:00+00:00,129,24,25.0,17.0,0.0,46.0,14.5
2026-04-17 18:00:00+00:00,177,24,23.0,13.1,0.0,45.625,14.8125
2026-04-17 18:00:00+00:00,194,24,22.0,15.3,0.0,46.5,15.0625
2026-04-17 18:00:00+00:00,236,24,22.0,17.2,0.0,45.8125,15.1875
2026-04-17 18:00:00+00:00,325,24,20.0,17.6,0.0,46.5625,15.625
2026-04-17 18:00:00+00:00,391,24,17.0,17.0,0.0,46.6875,16.0625
2026-04-17 18:00:00+00:00,422,24,21.0,17.2,0.0,46.25,15.25
2026-04-17 18:00:00+00:00,425,24,20.0,17.1,0.0,45.9375,15.5
2026-04-17 18:00:00+00:00,426,24,28.0,17.4,0.0,45.5625,13.75
2026-04-17 21:00:00+00:00,63,24,0.0,10.4,0.0,46.375,14.0625
2026-04-17 21:00:00+00:00,76,24,0.0,12.4,0.0,46.3125,14.1875
2026-04-17 21:00:00+00:00,106,24,0.0,12.1,0.0,46.25,14.375
2026-04-17 21:00:00+00:00,122,24,0.0,11.8,0.0,46.0,14.4375
2026-04-17 21:00:00+00:00,127,24,0.0,12.0,0.0,46.125,14.5
2026-04-17 21:00:00+00:00,129,24,0.0,10.6,0.0,46.0,14.5
2026-04-17 21:00:00+00:00,177,24,0.0,9.8,0.0,45.625,14.8125
2026-04-17 21:00:00+00:00,194,24,0.0,11.0,0.0,46.5,15.0625
2026-04-17 21:00:00+00:00,236,24,0.0,11.3,0.0,45.8125,15.1875
2026-04-17 21:00:00+00:00,325,24,0.0,15.2,0.0,46.5625,15.625
2026-04-17 21:00:00+00:00,391,24,0.0,12.4,0.0,46.6875,16.0625
2026-04-17 21:00:00+00:00,422,24,0.0,10.8,0.0,46.25,15.25
2026-04-17 21:00:00+00:00,425,24,0.0,11.1,0.0,45.9375,15.5
2026-04-17 21:00:00+00:00,426,24,0.0,14.1,0.0,45.5625,13.75
2026-04-17 01:00:00+00:00,63,1,0.0,9.3,0.0,46.375,14.0625
2026-04-17 01:00:00+00:00,76,1,0.0,10.8,0.0,46.3125,14.1875
2026-04-17 01:00:00+00:00,106,1,0.0,9.5,0.0,46.25,14.375
2026-04-17 01:00:00+00:00,122,1,0.0,11.0,0.0,46.0,14.4375
2026-04-17 01:00:00+00:00,127,1,0.0,10.1,0.0,46.125,14.5
2026-04-17 01:00:00+00:00,129,1,0.0,10.8,0.0,46.0,14.5
2026-04-17 01:00:00+00:00,177,1,0.0,7.9,0.0,45.625,14.8125
2026-04-17 01:00:00+00:00,194,1,0.0,9.5,0.0,46.5,15.0625
2026-04-17 01:00:00+00:00,236,1,0.0,9.9,0.0,45.8125,15.1875
2026-04-17 01:00:00+00:00,325,1,0.0,9.5,0.0,46.5625,15.625
2026-04-17 01:00:00+00:00,391,1,0.0,6.8,0.0,46.6875,16.0625
2026-04-17 01:00:00+00:00,422,1,0.0,8.9,0.0,46.25,15.25
2026-04-17 01:00:00+00:00,425,1,0.0,9.4,0.0,45.9375,15.5
2026-04-17 01:00:00+00:00,426,1,0.0,15.1,0.0,45.5625,13.75
2026-04-17 02:00:00+00:00,63,2,0.0,8.8,0.0,46.375,14.0625
2026-04-17 02:00:00+00:00,76,2,0.0,10.3,0.0,46.3125,14.1875
2026-04-17 02:00:00+00:00,106,2,0.0,9.4,0.0,46.25,14.375
2026-04-17 02:00:00+00:00,122,2,0.0,10.5,0.0,46.0,14.4375
2026-04-17 02:00:00+00:00,127,2,0.0,9.4,0.0,46.125,14.5
2026-04-17 02:00:00+00:00,129,2,0.0,10.1,0.0,46.0,14.5
2026-04-17 02:00:00+00:00,177,2,0.0,7.4,0.0,45.625,14.8125
2026-04-17 02:00:00+00:00,194,2,0.0,9.4,0.0,46.5,15.0625
2026-04-17 02:00:00+00:00,236,2,0.0,9.5,0.0,45.8125,15.1875
2026-04-17 02:00:00+00:00,325,2,0.0,9.1,0.0,46.5625,15.625
2026-04-17 02:00:00+00:00,391,2,0.0,6.8,0.0,46.6875,16.0625
2026-04-17 02:00:00+00:00,422,2,0.0,8.8,0.0,46.25,15.25
2026-04-17 02:00:00+00:00,425,2,0.0,8.9,0.0,45.9375,15.5
2026-04-17 02:00:00+00:00,426,2,0.0,14.8,0.0,45.5625,13.75
2026-04-17 03:00:00+00:00,63,3,0.0,8.1,0.0,46.375,14.0625
2026-04-17 03:00:00+00:00,76,3,0.0,9.7,0.0,46.3125,14.1875
2026-04-17 03:00:00+00:00,106,3,0.0,9.2,0.0,46.25,14.375
2026-04-17 03:00:00+00:00,122,3,0.0,9.9,0.0,46.0,14.4375
2026-04-17 03:00:00+00:00,127,3,0.0,8.6,0.0,46.125,14.5
2026-04-17 03:00:00+00:00,129,3,0.0,9.4,0.0,46.0,14.5
2026-04-17 03:00:00+00:00,177,3,0.0,7.1,0.0,45.625,14.8125
2026-04-17 03:00:00+00:00,194,3,0.0,8.9,0.0,46.5,15.0625
2026-04-17 03:00:00+00:00,236,3,0.0,9.2,0.0,45.8125,15.1875
2026-04-17 03:00:00+00:00,325,3,0.0,8.5,0.0,46.5625,15.625
2026-04-17 03:00:00+00:00,391,3,0.0,6.7,0.0,46.6875,16.0625
2026-04-17 03:00:00+00:00,422,3,0.0,8.4,0.0,46.25,15.25
2026-04-17 03:00:00+00:00,425,3,0.0,8.6,0.0,45.9375,15.5
2026-04-17 03:00:00+00:00,426,3,0.0,13.9,0.0,45.5625,13.75
2026-04-17 04:00:00+00:00,63,1,0.0,7.3,0.0,46.375,14.0625
2026-04-17 04:00:00+00:00,76,1,0.0,8.8,0.0,46.3125,14.1875
2026-04-17 04:00:00+00:00,106,1,0.0,8.4,0.0,46.25,14.375
2026-04-17 04:00:00+00:00,122,1,0.0,8.8,0.0,46.0,14.4375
2026-04-17 04:00:00+00:00,127,1,0.0,7.5,0.0,46.125,14.5
2026-04-17 04:00:00+00:00,129,1,0.0,8.5,0.0,46.0,14.5
2026-04-17 04:00:00+00:00,177,1,0.0,6.6,0.0,45.625,14.8125
2026-04-17 04:00:00+00:00,194,1,0.0,8.0,0.0,46.5,15.0625
2026-04-17 04:00:00+00:00,236,1,0.0,8.2,0.0,45.8125,15.1875
2026-04-17 04:00:00+00:00,325,1,0.0,7.5,0.0,46.5625,15.625
2026-04-17 04:00:00+00:00,391,1,0.0,5.9,0.0,46.6875,16.0625
2026-04-17 04:00:00+00:00,422,1,0.0,7.2,0.0,46.25,15.25
2026-04-17 04:00:00+00:00,425,1,0.0,7.7,0.0,45.9375,15.5
2026-04-17 04:00:00+00:00,426,1,0.0,13.2,0.0,45.5625,13.75
2026-04-17 05:00:00+00:00,63,2,21.0,7.3,0.0,46.375,14.0625
2026-04-17 05:00:00+00:00,76,2,21.0,8.8,0.0,46.3125,14.1875
2026-04-17 05:00:00+00:00,106,2,22.0,8.2,0.0,46.25,14.375
2026-04-17 05:00:00+00:00,122,2,21.0,8.7,0.0,46.0,14.4375
2026-04-17 05:00:00+00:00,127,2,21.0,7.2,0.0,46.125,14.5
2026-04-17 05:00:00+00:00,129,2,22.0,8.0,0.0,46.0,14.5
2026-04-17 05:00:00+00:00,177,2,25.0,7.3,0.0,45.625,14.8125
2026-04-17 05:00:00+00:00,194,2,26.0,8.3,0.0,46.5,15.0625
2026-04-17 05:00:00+00:00,236,2,25.0,8.2,0.0,45.8125,15.1875
2026-04-17 05:00:00+00:00,325,2,27.0,8.2,0.0,46.5625,15.625
2026-04-17 05:00:00+00:00,391,2,29.0,6.3,0.0,46.6875,16.0625
2026-04-17 05:00:00+00:00,422,2,25.0,7.1,0.0,46.25,15.25
2026-04-17 05:00:00+00:00,425,2,27.0,7.6,0.0,45.9375,15.5
2026-04-17 05:00:00+00:00,426,2,18.0,13.2,0.0,45.5625,13.75
2026-04-17 06:00:00+00:00,63,3,153.0,9.7,0.0,46.375,14.0625
2026-04-17 06:00:00+00:00,63,6,152.0,10.0,0.0,46.375,14.0625
2026-04-17 06:00:00+00:00,76,3,152.0,11.3,0.0,46.3125,14.1875
2026-04-17 06:00:00+00:00,76,6,151.0,11.7,0.0,46.3125,14.1875
2026-04-17 06:00:00+00:00,106,3,154.0,10.2,0.0,46.25,14.375
2026-04-17 06:00:00+00:00,106,6,154.0,10.6,0.0,46.25,14.375
2026-04-17 06:00:00+00:00,122,3,145.0,10.5,0.0,46.0,14.4375
2026-04-17 06:00:00+00:00,122,6,147.0,11.1,0.0,46.0,14.4375
2026-04-17 06:00:00+00:00,127,3,145.0,9.0,0.0,46.125,14.5
2026-04-17 06:00:00+00:00,127,6,144.0,9.4,0.0,46.125,14.5
2026-04-17 06:00:00+00:00,129,3,148.0,9.8,0.0,46.0,14.5
2026-04-17 06:00:00+00:00,129,6,149.0,10.6,0.0,46.0,14.5
2026-04-17 06:00:00+00:00,177,3,163.0,9.7,0.0,45.625,14.8125
2026-04-17 06:00:00+00:00,177,6,162.0,9.9,0.0,45.625,14.8125
2026-04-17 06:00:00+00:00,194,3,158.0,11.1,0.0,46.5,15.0625
2026-04-17 06:00:00+00:00,194,6,158.0,11.3,0.0,46.5,15.0625
2026-04-17 06:00:00+00:00,236,3,157.0,10.1,0.0,45.8125,15.1875
2026-04-17 06:00:00+00:00,236,6,152.0,10.2,0.0,45.8125,15.1875
2026-04-17 06:00:00+00:00,325,3,154.0,11.9,0.0,46.5625,15.625
2026-04-17 06:00:00+00:00,325,6,160.0,12.3,0.0,46.5625,15.625
2026-04-17 06:00:00+00:00,391,3,148.0,9.6,0.0,46.6875,16.0625
2026-04-17 06:00:00+00:00,391,6,160.0,10.0,0.0,46.6875,16.0625
2026-04-17 06:00:00+00:00,422,3,156.0,9.6,0.0,46.25,15.25
2026-04-17 06:00:00+00:00,422,6,157.0,9.8,0.0,46.25,15.25
2026-04-17 06:00:00+00:00,425,3,160.0,10.2,0.0,45.9375,15.5
2026-04-17 06:00:00+00:00,425,6,162.0,10.7,0.0,45.9375,15.5
2026-04-17 06:00:00+00:00,426,3,135.0,14.7,0.0,45.5625,13.75
2026-04-17 06:00:00+00:00,426,6,138.0,15.0,0.0,45.5625,13.75
2026-04-17 07:00:00+00:00,63,1,335.0,13.0,0.0,46.375,14.0625
2026-04-17 07:00:00+00:00,76,1,334.0,13.8,0.0,46.3125,14.1875
2026-04-17 07:00:00+00:00,106,1,335.0,13.4,0.0,46.25,14.375
2026-04-17 07:00:00+00:00,122,1,322.0,12.8,0.0,46.0,14.4375
2026-04-17 07:00:00+00:00,127,1,326.0,12.7,0.0,46.125,14.5
2026-04-17 07:00:00+00:00,129,1,325.0,12.3,0.0,46.0,14.5
2026-04-17 07:00:00+00:00,177,1,345.0,12.2,0.0,45.625,14.8125
2026-04-17 07:00:00+00:00,194,1,331.0,13.9,0.0,46.5,15.0625
2026-04-17 07:00:00+00:00,236,1,333.0,13.4,0.0,45.8125,15.1875
2026-04-17 07:00:00+00:00,325,1,315.0,16.1,0.0,46.5625,15.625
2026-04-17 07:00:00+00:00,391,1,307.0,13.8,0.0,46.6875,16.0625
2026-04-17 07:00:00+00:00,422,1,332.0,13.1,0.0,46.25,15.25
2026-04-17 07:00:00+00:00,425,1,337.0,14.0,0.0,45.9375,15.5
2026-04-17 07:00:00+00:00,426,1,312.0,17.9,0.0,45.5625,13.75
2026-04-17 08:00:00+00:00,63,2,511.0,14.7,0.0,46.375,14.0625
2026-04-17 08:00:00+00:00,76,2,502.0,15.4,0.0,46.3125,14.1875
2026-04-17 08:00:00+00:00,106,2,499.0,15.3,0.0,46.25,14.375
2026-04-17 08:00:00+00:00,122,2,504.0,15.3,0.0,46.0,14.4375
2026-04-17 08:00:00+00:00,127,2,506.0,15.1,0.0,46.125,14.5
2026-04-17 08:00:00+00:00,129,2,504.0,15.0,0.0,46.0,14.5
2026-04-17 08:00:00+00:00,177,2,500.0,13.4,0.0,45.625,14.8125
2026-04-17 08:00:00+00:00,194,2,491.0,16.1,0.0,46.5,15.0625
2026-04-17 08:00:00+00:00,236,2,508.0,15.8,0.0,45.8125,15.1875
2026-04-17 08:00:00+00:00,325,2,458.0,17.5,0.0,46.5625,15.625
2026-04-17 08:00:00+00:00,391,2,482.0,16.8,0.0,46.6875,16.0625
2026-04-17 08:00:00+00:00,422,2,487.0,16.2,0.0,46.25,15.25
2026-04-17 08:00:00+00:00,425,2,515.0,16.8,0.0,45.9375,15.5
2026-04-17 08:00:00+00:00,426,2,491.0,20.4,0.0,45.5625,13.75
2026-04-17 09:00:00+00:00,63,3,622.0,15.8,0.0,46.375,14.0625
2026-04-17 09:00:00+00:00,63,6,637.0,15.6,0.0,46.375,14.0625
2026-04-17 09:00:00+00:00,76,3,586.0,16.4,0.0,46.3125,14.1875
2026-04-17 09:00:00+00:00,76,6,588.0,16.3,0.0,46.3125,14.1875
2026-04-17 09:00:00+00:00,106,3,585.0,16.7,0.0,46.25,14.375
2026-04-17 09:00:00+00:00,106,6,637.0,16.9,0.0,46.25,14.375
2026-04-17 09:00:00+00:00,122,3,651.0,17.3,0.0,46.0,14.4375
2026-04-17 09:00:00+00:00,122,6,654.0,17.3,0.0,46.0,14.4375
2026-04-17 09:00:00+00:00,127,3,647.0,16.9,0.0,46.125,14.5
2026-04-17 09:00:00+00:00,127,6,649.0,17.0,0.0,46.125,14.5
2026-04-17 09:00:00+00:00,129,3,650.0,17.4,0.0,46.0,14.5
2026-04-17 09:00:00+00:00,129,6,656.0,17.4,0.0,46.0,14.5
2026-04-17 09:00:00+00:00,177,3,525.0,14.4,0.0,45.625,14.8125
2026-04-17 09:00:00+00:00,177,6,526.0,14.4,0.0,45.625,14.8125
2026-04-17 09:00:00+00:00,194,3,492.0,17.0,0.0,46.5,15.0625
2026-04-17 09:00:00+00:00,194,6,545.0,17.0,0.0,46.5,15.0625
2026-04-17 09:00:00+00:00,236,3,611.0,17.6,0.0,45.8125,15.1875
2026-04-17 09:00:00+00:00,236,6,647.0,17.7,0.0,45.8125,15.1875
2026-04-17 09:00:00+00:00,325,3,570.0,18.5,0.0,46.5625,15.625
2026-04-17 09:00:00+00:00,325,6,564.0,18.4,0.0,46.5625,15.625
2026-04-17 09:00:00+00:00,391,3,606.0,18.8,0.0,46.6875,16.0625
2026-04-17 09:00:00+00:00,391,6,608.0,18.8,0.0,46.6875,16.0625
2026-04-17 09:00:00+00:00,422,3,617.0,18.3,0.0,46.25,15.25
2026-04-17 09:00:00+00:00,422,6,631.0,18.4,0.0,46.25,15.25
2026-04-17 09:00:00+00:00,425,3,639.0,18.9,0.0,45.9375,15.5
2026-04-17 09:00:00+00:00,425,6,631.0,18.9,0.0,45.9375,15.5
2026-04-17 09:00:00+00:00,426,3,644.0,21.7,0.0,45.5625,13.75
2026-04-17 09:00:00+00:00,426,6,634.0,21.5,0.0,45.5625,13.75
2026-04-17 10:00:00+00:00,63,1,734.0,16.8,0.0,46.375,14.0625
2026-04-17 10:00:00+00:00,76,1,651.0,17.3,0.0,46.3125,14.1875
2026-04-17 10:00:00+00:00,106,1,643.0,17.9,0.0,46.25,14.375
2026-04-17 10:00:00+00:00,122,1,699.0,18.7,0.0,46.0,14.4375
2026-04-17 10:00:00+00:00,127,1,693.0,18.3,0.0,46.125,14.5
2026-04-17 10:00:00+00:00,129,1,660.0,19.1,0.0,46.0,14.5
2026-04-17 10:00:00+00:00,177,1,586.0,15.1,0.0,45.625,14.8125
2026-04-17 10:00:00+00:00,194,1,588.0,18.1,0.0,46.5,15.0625
2026-04-17 10:00:00+00:00,236,1,622.0,18.9,0.0,45.8125,15.1875
2026-04-17 10:00:00+00:00,325,1,627.0,19.4,0.0,46.5625,15.625
2026-04-17 10:00:00+00:00,391,1,659.0,20.2,0.0,46.6875,16.0625
2026-04-17 10:00:00+00:00,422,1,650.0,19.4,0.0,46.25,15.25
2026-04-17 10:00:00+00:00,425,1,669.0,20.0,0.0,45.9375,15.5
2026-04-17 10:00:00+00:00,426,1,742.0,22.6,0.0,45.5625,13.75
2026-04-17 11:00:00+00:00,63,2,730.0,17.5,0.0,46.375,14.0625
2026-04-17 11:00:00+00:00,76,2,688.0,17.9,0.0,46.3125,14.1875
2026-04-17 11:00:00+00:00,106,2,627.0,18.4,0.0,46.25,14.375
2026-04-17 11:00:00+00:00,122,2,651.0,19.6,0.0,46.0,14.4375
2026-04-17 11:00:00+00:00,127,2,633.0,19.2,0.0,46.125,14.5
2026-04-17 11:00:00+00:00,129,2,678.0,19.9,0.0,46.0,14.5
2026-04-17 11:00:00+00:00,177,2,645.0,15.9,0.0,45.625,14.8125
2026-04-17 11:00:00+00:00,194,2,604.0,18.7,0.0,46.5,15.0625
2026-04-17 11:00:00+00:00,236,2,729.0,20.0,0.0,45.8125,15.1875
2026-04-17 11:00:00+00:00,325,2,714.0,20.3,0.0,46.5625,15.625
2026-04-17 11:00:00+00:00,391,2,638.0,20.9,0.0,46.6875,16.0625
2026-04-17 11:00:00+00:00,422,2,540.0,20.1,0.0,46.25,15.25
2026-04-17 11:00:00+00:00,425,2,734.0,20.9,0.0,45.9375,15.5
2026-04-17 11:00:00+00:00,426,2,788.0,23.2,0.0,45.5625,13.75
2026-04-17 12:00:00+00:00,63,3,673.0,18.0,0.0,46.375,14.0625
2026-04-17 12:00:00+00:00,63,6,683.0,18.2,0.0,46.375,14.0625
2026-04-17 12:00:00+00:00,76,3,640.0,18.4,0.0,46.3125,14.1875
2026-04-17 12:00:00+00:00,76,6,636.0,18.4,0.0,46.3125,14.1875
2026-04-17 12:00:00+00:00,106,3,565.0,18.9,0.0,46.25,14.375
2026-04-17 12:00:00+00:00,106,6,573.0,19.0,0.0,46.25,14.375
2026-04-17 12:00:00+00:00,122,3,707.0,20.2,0.0,46.0,14.4375
2026-04-17 12:00:00+00:00,122,6,715.0,20.2,0.0,46.0,14.4375
2026-04-17 12:00:00+00:00,127,3,660.0,20.1,0.0,46.125,14.5
2026-04-17 12:00:00+00:00,127,6,645.0,20.1,0.0,46.125,14.5
2026-04-17 12:00:00+00:00,129,3,711.0,20.6,0.0,46.0,14.5
2026-04-17 12:00:00+00:00,129,6,735.0,20.5,0.0,46.0,14.5
2026-04-17 12:00:00+00:00,177,3,662.0,16.4,0.0,45.625,14.8125
2026-04-17 12:00:00+00:00,177,6,661.0,16.4,0.0,45.625,14.8125
2026-04-17 12:00:00+00:00,194,3,623.0,19.3,0.0,46.5,15.0625
2026-04-17 12:00:00+00:00,194,6,608.0,19.5,0.0,46.5,15.0625
2026-04-17 12:00:00+00:00,236,3,681.0,20.5,0.0,45.8125,15.1875
2026-04-17 12:00:00+00:00,236,6,686.0,20.3,0.0,45.8125,15.1875
2026-04-17 12:00:00+00:00,325,3,594.0,20.6,0.0,46.5625,15.625
2026-04-17 12:00:00+00:00,325,6,677.0,20.8,0.0,46.5625,15.625
2026-04-17 12:00:00+00:00,391,3,554.0,21.0,0.0,46.6875,16.0625
2026-04-17 12:00:00+00:00,391,6,579.0,21.1,0.0,46.6875,16.0625
2026-04-17 12:00:00+00:00,422,3,597.0,20.9,0.0,46.25,15.25
2026-04-17 12:00:00+00:00,422,6,647.0,21.0,0.0,46.25,15.25
2026-04-17 12:00:00+00:00,425,3,609.0,21.3,0.0,45.9375,15.5
2026-04-17 12:00:00+00:00,425,6,680.0,21.4,0.0,45.9375,15.5
2026-04-17 12:00:00+00:00,426,3,796.0,23.8,0.0,45.5625,13.75
2026-04-17 12:00:00+00:00,426,6,813.0,23.8,0.0,45.5625,13.75
2026-04-17 13:00:00+00:00,63,1,632.0,18.5,0.0,46.375,14.0625
2026-04-17 13:00:00+00:00,76,1,575.0,18.5,0.0,46.3125,14.1875
2026-04-17 13:00:00+00:00,106,1,585.0,19.5,0.0,46.25,14.375
2026-04-17 13:00:00+00:00,122,1,630.0,20.6,0.0,46.0,14.4375
2026-04-17 13:00:00+00:00,127,1,633.0,20.5,0.0,46.125,14.5
2026-04-17 13:00:00+00:00,129,1,630.0,20.8,0.0,46.0,14.5
2026-04-17 13:00:00+00:00,177,1,614.0,16.7,0.0,45.625,14.8125
2026-04-17 13:00:00+00:00,194,1,577.0,19.7,0.0,46.5,15.0625
2026-04-17 13:00:00+00:00,236,1,621.0,20.9,0.0,45.8125,15.1875
2026-04-17 13:00:00+00:00,325,1,543.0,20.9,0.0,46.5625,15.625
2026-04-17 13:00:00+00:00,391,1,557.0,21.2,0.0,46.6875,16.0625
2026-04-17 13:00:00+00:00,422,1,629.0,21.5,0.0,46.25,15.25
2026-04-17 13:00:00+00:00,425,1,603.0,21.8,0.0,45.9375,15.5
2026-04-17 13:00:00+00:00,426,1,770.0,24.4,0.0,45.5625,13.75
2026-04-17 14:00:00+00:00,63,2,575.0,18.7,0.0,46.375,14.0625
2026-04-17 14:00:00+00:00,76,2,503.0,18.5,0.0,46.3125,14.1875
2026-04-17 14:00:00+00:00,106,2,443.0,19.3,0.0,46.25,14.375
2026-04-17 14:00:00+00:00,122,2,585.0,20.7,0.0,46.0,14.4375
2026-04-17 14:00:00+00:00,127,2,536.0,20.5,0.0,46.125,14.5
2026-04-17 14:00:00+00:00,129,2,607.0,21.0,0.0,46.0,14.5
2026-04-17 14:00:00+00:00,177,2,510.0,16.7,0.0,45.625,14.8125
2026-04-17 14:00:00+00:00,194,2,523.0,19.9,0.0,46.5,15.0625
2026-04-17 14:00:00+00:00,236,2,597.0,21.1,0.0,45.8125,15.1875
2026-04-17 14:00:00+00:00,325,2,503.0,21.0,0.0,46.5625,15.625
2026-04-17 14:00:00+00:00,391,2,578.0,21.6,0.0,46.6875,16.0625
2026-04-17 14:00:00+00:00,422,2,548.0,21.7,0.0,46.25,15.25
2026-04-17 14:00:00+00:00,425,2,517.0,21.6,0.0,45.9375,15.5
2026-04-17 14:00:00+00:00,426,2,640.0,24.2,0.0,45.5625,13.75
2026-04-17 15:00:00+00:00,63,3,486.0,18.5,0.0,46.375,14.0625
2026-04-17 15:00:00+00:00,63,6,475.0,18.3,0.0,46.375,14.0625
2026-04-17 15:00:00+00:00,76,3,432.0,18.2,0.0,46.3125,14.1875
2026-04-17 15:00:00+00:00,76,6,420.0,18.5,0.0,46.3125,14.1875
2026-04-17 15:00:00+00:00,106,3,366.0,19.4,0.0,46.25,14.375
2026-04-17 15:00:00+00:00,106,6,395.0,19.4,0.0,46.25,14.375
2026-04-17 15:00:00+00:00,122,3,433.0,20.4,0.0,46.0,14.4375
2026-04-17 15:00:00+00:00,122,6,472.0,20.4,0.0,46.0,14.4375
2026-04-17 15:00:00+00:00,127,3,342.0,20.0,0.0,46.125,14.5
2026-04-17 15:00:00+00:00,127,6,428.0,20.3,0.0,46.125,14.5
2026-04-17 15:00:00+00:00,129,3,435.0,20.6,0.0,46.0,14.5
2026-04-17 15:00:00+00:00,129,6,469.0,20.7,0.0,46.0,14.5
2026-04-17 15:00:00+00:00,177,3,489.0,16.7,0.0,45.625,14.8125
2026-04-17 15:00:00+00:00,177,6,490.0,16.7,0.0,45.625,14.8125
2026-04-17 15:00:00+00:00,194,3,337.0,19.1,0.0,46.5,15.0625
2026-04-17 15:00:00+00:00,194,6,365.0,19.1,0.0,46.5,15.0625
2026-04-17 15:00:00+00:00,236,3,447.0,21.0,0.0,45.8125,15.1875
2026-04-17 15:00:00+00:00,236,6,406.0,20.9,0.0,45.8125,15.1875
2026-04-17 15:00:00+00:00,325,3,437.0,20.7,0.0,46.5625,15.625
2026-04-17 15:00:00+00:00,325,6,424.0,20.6,0.0,46.5625,15.625
2026-04-17 15:00:00+00:00,391,3,408.0,21.1,0.0,46.6875,16.0625
2026-04-17 15:00:00+00:00,391,6,425.0,21.0,0.0,46.6875,16.0625
2026-04-17 15:00:00+00:00,422,3,350.0,21.0,0.0,46.25,15.25
2026-04-17 15:00:00+00:00,422,6,362.0,21.2,0.0,46.25,15.25
2026-04-17 15:00:00+00:00,425,3,297.0,21.4,0.0,45.9375,15.5
2026-04-17 15:00:00+00:00,425,6,311.0,21.5,0.0,45.9375,15.5
2026-04-17 15:00:00+00:00,426,3,503.0,24.0,0.0,45.5625,13.75
2026-04-17 15:00:00+00:00,426,6,510.0,23.9,0.0,45.5625,13.75
2026-04-17 16:00:00+00:00,63,1,318.0,17.9,0.0,46.375,14.0625
2026-04-17 16:00:00+00:00,76,1,297.0,17.6,0.0,46.3125,14.1875
2026-04-17 16:00:00+00:00,106,1,272.0,19.0,0.0,46.25,14.375
2026-04-17 16:00:00+00:00,122,1,312.0,20.0,0.0,46.0,14.4375
2026-04-17 16:00:00+00:00,127,1,279.0,19.7,0.0,46.125,14.5
2026-04-17 16:00:00+00:00,129,1,307.0,20.2,0.0,46.0,14.5
2026-04-17 16:00:00+00:00,177,1,338.0,16.2,0.0,45.625,14.8125
2026-04-17 16:00:00+00:00,194,1,267.0,18.4,0.0,46.5,15.0625
2026-04-17 16:00:00+00:00,236,1,254.0,20.2,0.0,45.8125,15.1875
2026-04-17 16:00:00+00:00,325,1,274.0,20.1,0.0,46.5625,15.625
2026-04-17 16:00:00+00:00,391,1,279.0,20.5,0.0,46.6875,16.0625
2026-04-17 16:00:00+00:00,422,1,232.0,20.5,0.0,46.25,15.25
2026-04-17 16:00:00+00:00,425,1,300.0,21.0,0.0,45.9375,15.5
2026-04-17 16:00:00+00:00,426,1,340.0,23.7,0.0,45.5625,13.75
2026-04-17 17:00:00+00:00,63,2,165.0,16.9,0.0,46.375,14.0625
2026-04-17 17:00:00+00:00,76,2,160.0,16.7,0.0,46.3125,14.1875
2026-04-17 17:00:00+00:00,106,2,148.0,18.3,0.0,46.25,14.375
2026-04-17 17:00:00+00:00,122,2,154.0,19.3,0.0,46.0,14.4375
2026-04-17 17:00:00+00:00,127,2,143.0,19.2,0.0,46.125,14.5
2026-04-17 17:00:00+00:00,129,2,151.0,19.5,0.0,46.0,14.5
2026-04-17 17:00:00+00:00,177,2,153.0,15.5,0.0,45.625,14.8125
2026-04-17 17:00:00+00:00,194,2,139.0,17.8,0.0,46.5,15.0625
2026-04-17 17:00:00+00:00,236,2,149.0,19.6,0.0,45.8125,15.1875
2026-04-17 17:00:00+00:00,325,2,134.0,19.4,0.0,46.5625,15.625
2026-04-17 17:00:00+00:00,391,2,130.0,19.7,0.0,46.6875,16.0625
2026-04-17 17:00:00+00:00,422,2,133.0,19.8,0.0,46.25,15.25
2026-04-17 17:00:00+00:00,425,2,148.0,20.2,0.0,45.9375,15.5
2026-04-17 17:00:00+00:00,426,2,167.0,22.6,0.0,45.5625,13.75
2026-04-17 18:00:00+00:00,63,3,27.0,14.5,0.0,46.375,14.0625
2026-04-17 18:00:00+00:00,63,6,25.0,14.7,0.0,46.375,14.0625
2026-04-17 18:00:00+00:00,76,3,26.0,14.8,0.0,46.3125,14.1875
2026-04-17 18:00:00+00:00,76,6,23.0,14.9,0.0,46.3125,14.1875
2026-04-17 18:00:00+00:00,106,3,25.0,16.5,0.0,46.25,14.375
2026-04-17 18:00:00+00:00,106,6,23.0,16.5,0.0,46.25,14.375
2026-04-17 18:00:00+00:00,122,3,24.0,17.1,0.0,46.0,14.4375
2026-04-17 18:00:00+00:00,122,6,24.0,16.6,0.0,46.0,14.4375
2026-04-17 18:00:00+00:00,127,3,22.0,17.1,0.0,46.125,14.5
2026-04-17 18:00:00+00:00,127,6,23.0,16.9,0.0,46.125,14.5
2026-04-17 18:00:00+00:00,129,3,24.0,17.0,0.0,46.0,14.5
2026-04-17 18:00:00+00:00,129,6,24.0,16.4,0.0,46.0,14.5
2026-04-17 18:00:00+00:00,177,3,23.0,12.8,0.0,45.625,14.8125
2026-04-17 18:00:00+00:00,177,6,22.0,13.0,0.0,45.625,14.8125
2026-04-17 18:00:00+00:00,194,3,22.0,15.0,0.0,46.5,15.0625
2026-04-17 18:00:00+00:00,194,6,17.0,15.4,0.0,46.5,15.0625
2026-04-17 18:00:00+00:00,236,3,21.0,16.4,0.0,45.8125,15.1875
2026-04-17 18:00:00+00:00,236,6,19.0,16.8,0.0,45.8125,15.1875
2026-04-17 18:00:00+00:00,325,3,19.0,17.1,0.0,46.5625,15.625
2026-04-17 18:00:00+00:00,325,6,18.0,17.3,0.0,46.5625,15.625
2026-04-17 18:00:00+00:00,391,3,16.0,17.0,0.0,46.6875,16.0625
2026-04-17 18:00:00+00:00,391,6,17.0,16.6,0.0,46.6875,16.0625
2026-04-17 18:00:00+00:00,422,3,20.0,16.5,0.0,46.25,15.25
2026-04-17 18:00:00+00:00,422,6,19.0,16.8,0.0,46.25,15.25
2026-04-17 18:00:00+00:00,425,3,20.0,16.9,0.0,45.9375,15.5
2026-04-17 18:00:00+00:00,425,6,20.0,16.9,0.0,45.9375,15.5
2026-04-17 18:00:00+00:00,426,3,28.0,20.3,0.0,45.5625,13.75
2026-04-17 18:00:00+00:00,426,6,26.0,20.4,0.0,45.5625,13.75
2026-04-17 19:00:00+00:00,63,1,0.0,12.7,0.0,46.375,14.0625
2026-04-17 19:00:00+00:00,76,1,0.0,14.0,0.0,46.3125,14.1875
2026-04-17 19:00:00+00:00,106,1,0.0,15.6,0.0,46.25,14.375
2026-04-17 19:00:00+00:00,122,1,0.0,14.7,0.0,46.0,14.4375
2026-04-17 19:00:00+00:00,127,1,0.0,15.3,0.0,46.125,14.5
2026-04-17 19:00:00+00:00,129,1,0.0,14.2,0.0,46.0,14.5
2026-04-17 19:00:00+00:00,177,1,0.0,11.7,0.0,45.625,14.8125
2026-04-17 19:00:00+00:00,194,1,0.0,13.2,0.0,46.5,15.0625
2026-04-17 19:00:00+00:00,236,1,0.0,14.1,0.0,45.8125,15.1875
2026-04-17 19:00:00+00:00,325,1,0.0,16.2,0.0,46.5625,15.625
2026-04-17 19:00:00+00:00,391,1,0.0,15.4,0.0,46.6875,16.0625
2026-04-17 19:00:00+00:00,422,1,0.0,14.7,0.0,46.25,15.25
2026-04-17 19:00:00+00:00,425,1,0.0,14.8,0.0,45.9375,15.5
2026-04-17 19:00:00+00:00,426,1,0.0,17.8,0.0,45.5625,13.75
2026-04-17 20:00:00+00:00,63,2,0.0,11.7,0.0,46.375,14.0625
2026-04-17 20:00:00+00:00,76,2,0.0,12.8,0.0,46.3125,14.1875
2026-04-17 20:00:00+00:00,106,2,0.0,13.4,0.0,46.25,14.375
2026-04-17 20:00:00+00:00,122,2,0.0,13.4,0.0,46.0,14.4375
2026-04-17 20:00:00+00:00,127,2,0.0,13.9,0.0,46.125,14.5
2026-04-17 20:00:00+00:00,129,2,0.0,12.2,0.0,46.0,14.5
2026-04-17 20:00:00+00:00,177,2,0.0,10.1,0.0,45.625,14.8125
2026-04-17 20:00:00+00:00,194,2,0.0,11.9,0.0,46.5,15.0625
2026-04-17 20:00:00+00:00,236,2,0.0,12.7,0.0,45.8125,15.1875
2026-04-17 20:00:00+00:00,325,2,0.0,15.6,0.0,46.5625,15.625
2026-04-17 20:00:00+00:00,391,2,0.0,14.5,0.0,46.6875,16.0625
2026-04-17 20:00:00+00:00,422,2,0.0,13.2,0.0,46.25,15.25
2026-04-17 20:00:00+00:00,425,2,0.0,12.7,0.0,45.9375,15.5
2026-04-17 20:00:00+00:00,426,2,0.0,15.8,0.0,45.5625,13.75
2026-04-17 21:00:00+00:00,63,3,0.0,11.2,0.0,46.375,14.0625
2026-04-17 21:00:00+00:00,63,6,0.0,11.2,0.0,46.375,14.0625
2026-04-17 21:00:00+00:00,76,3,0.0,12.0,0.0,46.3125,14.1875
2026-04-17 21:00:00+00:00,76,6,0.0,11.7,0.0,46.3125,14.1875
2026-04-17 21:00:00+00:00,106,3,0.0,11.9,0.0,46.25,14.375
2026-04-17 21:00:00+00:00,106,6,0.0,11.6,0.0,46.25,14.375
2026-04-17 21:00:00+00:00,122,3,0.0,12.2,0.0,46.0,14.4375
2026-04-17 21:00:00+00:00,122,6,0.0,11.7,0.0,46.0,14.4375
2026-04-17 21:00:00+00:00,127,3,0.0,12.4,0.0,46.125,14.5
2026-04-17 21:00:00+00:00,127,6,0.0,11.8,0.0,46.125,14.5
2026-04-17 21:00:00+00:00,129,3,0.0,10.8,0.0,46.0,14.5
2026-04-17 21:00:00+00:00,129,6,0.0,10.5,0.0,46.0,14.5
2026-04-17 21:00:00+00:00,177,3,0.0,9.6,0.0,45.625,14.8125
2026-04-17 21:00:00+00:00,177,6,0.0,9.6,0.0,45.625,14.8125
2026-04-17 21:00:00+00:00,194,3,0.0,11.6,0.0,46.5,15.0625
2026-04-17 21:00:00+00:00,194,6,0.0,11.0,0.0,46.5,15.0625
2026-04-17 21:00:00+00:00,236,3,0.0,11.3,0.0,45.8125,15.1875
2026-04-17 21:00:00+00:00,236,6,0.0,11.3,0.0,45.8125,15.1875
2026-04-17 21:00:00+00:00,325,3,0.0,14.8,0.0,46.5625,15.625
2026-04-17 21:00:00+00:00,325,6,0.0,15.1,0.0,46.5625,15.625
2026-04-17 21:00:00+00:00,391,3,0.0,13.6,0.0,46.6875,16.0625
2026-04-17 21:00:00+00:00,391,6,0.0,13.3,0.0,46.6875,16.0625
2026-04-17 21:00:00+00:00,422,3,0.0,10.9,0.0,46.25,15.25
2026-04-17 21:00:00+00:00,422,6,0.0,10.7,0.0,46.25,15.25
2026-04-17 21:00:00+00:00,425,3,0.0,11.4,0.0,45.9375,15.5
2026-04-17 21:00:00+00:00,425,6,0.0,11.2,0.0,45.9375,15.5
2026-04-17 21:00:00+00:00,426,3,0.0,14.8,0.0,45.5625,13.75
2026-04-17 21:00:00+00:00,426,6,0.0,14.7,0.0,45.5625,13.75
2026-04-17 22:00:00+00:00,63,1,0.0,10.9,0.0,46.375,14.0625
2026-04-17 22:00:00+00:00,76,1,0.0,11.5,0.0,46.3125,14.1875
2026-04-17 22:00:00+00:00,106,1,0.0,10.9,0.0,46.25,14.375
2026-04-17 22:00:00+00:00,122,1,0.0,11.0,0.0,46.0,14.4375
2026-04-17 22:00:00+00:00,127,1,0.0,10.9,0.0,46.125,14.5
2026-04-17 22:00:00+00:00,129,1,0.0,9.7,0.0,46.0,14.5
2026-04-17 22:00:00+00:00,177,1,0.0,8.8,0.0,45.625,14.8125
2026-04-17 22:00:00+00:00,194,1,0.0,11.5,0.0,46.5,15.0625
2026-04-17 22:00:00+00:00,236,1,0.0,9.5,0.0,45.8125,15.1875
2026-04-17 22:00:00+00:00,325,1,0.0,13.9,0.0,46.5625,15.625
2026-04-17 22:00:00+00:00,391,1,0.0,11.2,0.0,46.6875,16.0625
2026-04-17 22:00:00+00:00,422,1,0.0,9.3,0.0,46.25,15.25
2026-04-17 22:00:00+00:00,425,1,0.0,10.3,0.0,45.9375,15.5
2026-04-17 22:00:00+00:00,426,1,0.0,14.1,0.0,45.5625,13.75
2026-04-17 23:00:00+00:00,63,2,0.0,9.8,0.0,46.375,14.0625
2026-04-17 23:00:00+00:00,76,2,0.0,11.2,0.0,46.3125,14.1875
2026-04-17 23:00:00+00:00,106,2,0.0,10.5,0.0,46.25,14.375
2026-04-17 23:00:00+00:00,122,2,0.0,10.8,0.0,46.0,14.4375
2026-04-17 23:00:00+00:00,127,2,0.0,10.3,0.0,46.125,14.5
2026-04-17 23:00:00+00:00,129,2,0.0,9.8,0.0,46.0,14.5
2026-04-17 23:00:00+00:00,177,2,0.0,8.5,0.0,45.625,14.8125
2026-04-17 23:00:00+00:00,194,2,0.0,10.9,0.0,46.5,15.0625
2026-04-17 23:00:00+00:00,236,2,0.0,8.9,0.0,45.8125,15.1875
2026-04-17 23:00:00+00:00,325,2,0.0,13.6,0.0,46.5625,15.625
2026-04-17 23:00:00+00:00,391,2,0.0,10.1,0.0,46.6875,16.0625
2026-04-17 23:00:00+00:00,422,2,0.0,8.8,0.0,46.25,15.25
2026-04-17 23:00:00+00:00,425,2,0.0,10.2,0.0,45.9375,15.5
2026-04-17 23:00:00+00:00,426,2,0.0,14.2,0.0,45.5625,13.75
2026-04-18 00:00:00+00:00,63,3,0.0,8.1,0.0,46.375,14.0625
2026-04-18 00:00:00+00:00,63,6,0.0,9.2,0.0,46.375,14.0625
2026-04-18 00:00:00+00:00,63,24,0.0,7.7,0.0,46.375,14.0625
2026-04-18 00:00:00+00:00,76,3,0.0,11.0,0.0,46.3125,14.1875
2026-04-18 00:00:00+00:00,76,6,0.0,11.1,0.0,46.3125,14.1875
2026-04-18 00:00:00+00:00,76,24,0.0,10.7,0.0,46.3125,14.1875
2026-04-18 00:00:00+00:00,106,3,0.0,10.1,0.0,46.25,14.375
2026-04-18 00:00:00+00:00,106,6,0.0,10.2,0.0,46.25,14.375
2026-04-18 00:00:00+00:00,106,24,0.0,10.3,0.0,46.25,14.375
2026-04-18 00:00:00+00:00,122,3,0.0,10.6,0.0,46.0,14.4375
2026-04-18 00:00:00+00:00,122,6,0.0,10.9,0.0,46.0,14.4375
2026-04-18 00:00:00+00:00,122,24,0.0,9.8,0.0,46.0,14.4375
2026-04-18 00:00:00+00:00,127,3,0.0,10.1,0.0,46.125,14.5
2026-04-18 00:00:00+00:00,127,6,0.0,10.5,0.0,46.125,14.5
2026-04-18 00:00:00+00:00,127,24,0.0,9.9,0.0,46.125,14.5
2026-04-18 00:00:00+00:00,129,3,0.0,10.1,0.0,46.0,14.5
2026-04-18 00:00:00+00:00,129,6,0.0,10.5,0.0,46.0,14.5
2026-04-18 00:00:00+00:00,129,24,0.0,9.7,0.0,46.0,14.5
2026-04-18 00:00:00+00:00,177,3,0.0,8.4,0.0,45.625,14.8125
2026-04-18 00:00:00+00:00,177,6,0.0,8.9,0.0,45.625,14.8125
2026-04-18 00:00:00+00:00,177,24,0.0,8.6,0.0,45.625,14.8125
2026-04-18 00:00:00+00:00,194,3,0.0,10.2,0.0,46.5,15.0625
2026-04-18 00:00:00+00:00,194,6,0.0,9.7,0.0,46.5,15.0625
2026-04-18 00:00:00+00:00,194,24,0.0,10.3,0.0,46.5,15.0625
2026-04-18 00:00:00+00:00,236,3,0.0,9.2,0.0,45.8125,15.1875
2026-04-18 00:00:00+00:00,236,6,0.0,9.7,0.0,45.8125,15.1875
2026-04-18 00:00:00+00:00,236,24,0.0,9.0,0.0,45.8125,15.1875
2026-04-18 00:00:00+00:00,325,3,0.0,13.4,0.0,46.5625,15.625
2026-04-18 00:00:00+00:00,325,6,0.0,14.3,0.0,46.5625,15.625
2026-04-18 00:00:00+00:00,325,24,0.0,14.3,0.0,46.5625,15.625
2026-04-18 00:00:00+00:00,391,3,0.0,9.6,0.0,46.6875,16.0625
2026-04-18 00:00:00+00:00,391,6,0.0,11.0,0.0,46.6875,16.0625
2026-04-18 00:00:00+00:00,391,24,0.0,11.3,0.0,46.6875,16.0625
2026-04-18 00:00:00+00:00,422,3,0.0,7.9,0.0,46.25,15.25
2026-04-18 00:00:00+00:00,422,6,0.0,8.6,0.0,46.25,15.25
2026-04-18 00:00:00+00:00,422,24,0.0,8.6,0.0,46.25,15.25
2026-04-18 00:00:00+00:00,425,3,0.0,10.0,0.0,45.9375,15.5
2026-04-18 00:00:00+00:00,425,6,0.0,10.8,0.0,45.9375,15.5
2026-04-18 00:00:00+00:00,425,24,0.0,9.4,0.0,45.9375,15.5
2026-04-18 00:00:00+00:00,426,3,0.0,14.4,0.0,45.5625,13.75
2026-04-18 00:00:00+00:00,426,6,0.0,14.8,0.0,45.5625,13.75
2026-04-18 00:00:00+00:00,426,24,0.0,13.5,0.0,45.5625,13.75
2026-04-18 03:00:00+00:00,63,6,0.0,6.9,0.0,46.375,14.0625
2026-04-18 03:00:00+00:00,63,24,0.0,6.5,0.0,46.375,14.0625
2026-04-18 03:00:00+00:00,76,6,0.0,10.4,0.0,46.3125,14.1875
2026-04-18 03:00:00+00:00,76,24,0.0,9.5,0.0,46.3125,14.1875
2026-04-18 03:00:00+00:00,106,6,0.0,8.9,0.0,46.25,14.375
2026-04-18 03:00:00+00:00,106,24,0.0,8.7,0.0,46.25,14.375
2026-04-18 03:00:00+00:00,122,6,0.0,9.7,0.0,46.0,14.4375
2026-04-18 03:00:00+00:00,122,24,0.0,9.1,0.0,46.0,14.4375
2026-04-18 03:00:00+00:00,127,6,0.0,8.5,0.0,46.125,14.5
2026-04-18 03:00:00+00:00,127,24,0.0,8.1,0.0,46.125,14.5
2026-04-18 03:00:00+00:00,129,6,0.0,9.7,0.0,46.0,14.5
2026-04-18 03:00:00+00:00,129,24,0.0,8.6,0.0,46.0,14.5
2026-04-18 03:00:00+00:00,177,6,0.0,8.0,0.0,45.625,14.8125
2026-04-18 03:00:00+00:00,177,24,0.0,7.7,0.0,45.625,14.8125
2026-04-18 03:00:00+00:00,194,6,0.0,9.5,0.0,46.5,15.0625
2026-04-18 03:00:00+00:00,194,24,0.0,9.1,0.0,46.5,15.0625
2026-04-18 03:00:00+00:00,236,6,0.0,7.7,0.0,45.8125,15.1875
2026-04-18 03:00:00+00:00,236,24,0.0,7.5,0.0,45.8125,15.1875
2026-04-18 03:00:00+00:00,325,6,0.0,10.7,0.0,46.5625,15.625
2026-04-18 03:00:00+00:00,325,24,0.0,11.1,0.0,46.5625,15.625
2026-04-18 03:00:00+00:00,391,6,0.0,9.4,0.0,46.6875,16.0625
2026-04-18 03:00:00+00:00,391,24,0.0,9.8,0.0,46.6875,16.0625
2026-04-18 03:00:00+00:00,422,6,0.0,6.4,0.0,46.25,15.25
2026-04-18 03:00:00+00:00,422,24,0.0,7.5,0.0,46.25,15.25
2026-04-18 03:00:00+00:00,425,6,0.0,8.6,0.0,45.9375,15.5
2026-04-18 03:00:00+00:00,425,24,0.0,9.4,0.0,45.9375,15.5
2026-04-18 03:00:00+00:00,426,6,0.0,13.7,0.0,45.5625,13.75
2026-04-18 03:00:00+00:00,426,24,0.0,13.0,0.0,45.5625,13.75
2026-04-18 06:00:00+00:00,63,24,139.0,9.6,0.0,46.375,14.0625
2026-04-18 06:00:00+00:00,76,24,138.0,11.6,0.0,46.3125,14.1875
2026-04-18 06:00:00+00:00,106,24,136.0,11.3,0.0,46.25,14.375
2026-04-18 06:00:00+00:00,122,24,139.0,10.9,0.0,46.0,14.4375
2026-04-18 06:00:00+00:00,127,24,132.0,9.7,0.0,46.125,14.5
2026-04-18 06:00:00+00:00,129,24,143.0,11.0,0.0,46.0,14.5
2026-04-18 06:00:00+00:00,177,24,163.0,10.4,0.0,45.625,14.8125
2026-04-18 06:00:00+00:00,194,24,157.0,11.8,0.0,46.5,15.0625
2026-04-18 06:00:00+00:00,236,24,157.0,10.5,0.0,45.8125,15.1875
2026-04-18 06:00:00+00:00,325,24,167.0,11.8,0.0,46.5625,15.625
2026-04-18 06:00:00+00:00,391,24,174.0,10.7,0.0,46.6875,16.0625
2026-04-18 06:00:00+00:00,422,24,160.0,9.7,0.0,46.25,15.25
2026-04-18 06:00:00+00:00,425,24,165.0,11.8,0.0,45.9375,15.5
2026-04-18 06:00:00+00:00,426,24,82.0,15.4,0.0,45.5625,13.75
2026-04-18 09:00:00+00:00,63,24,618.0,16.3,0.0,46.375,14.0625
2026-04-18 09:00:00+00:00,76,24,626.0,16.6,0.0,46.3125,14.1875
2026-04-18 09:00:00+00:00,106,24,659.0,16.7,0.0,46.25,14.375
2026-04-18 09:00:00+00:00,122,24,656.0,17.6,0.0,46.0,14.4375
2026-04-18 09:00:00+00:00,127,24,659.0,16.9,0.0,46.125,14.5
2026-04-18 09:00:00+00:00,129,24,656.0,18.0,0.0,46.0,14.5
2026-04-18 09:00:00+00:00,177,24,651.0,14.8,0.0,45.625,14.8125
2026-04-18 09:00:00+00:00,194,24,632.0,17.4,0.0,46.5,15.0625
2026-04-18 09:00:00+00:00,236,24,661.0,17.3,0.0,45.8125,15.1875
2026-04-18 09:00:00+00:00,325,24,662.0,17.3,0.0,46.5625,15.625
2026-04-18 09:00:00+00:00,391,24,669.0,17.9,0.0,46.6875,16.0625
2026-04-18 09:00:00+00:00,422,24,659.0,17.8,0.0,46.25,15.25
2026-04-18 09:00:00+00:00,425,24,668.0,18.1,0.0,45.9375,15.5
2026-04-18 09:00:00+00:00,426,24,622.0,21.6,0.0,45.5625,13.75
2026-04-18 12:00:00+00:00,63,24,647.0,18.5,0.0,46.375,14.0625
2026-04-18 12:00:00+00:00,76,24,664.0,18.5,0.0,46.3125,14.1875
2026-04-18 12:00:00+00:00,106,24,771.0,19.6,0.0,46.25,14.375
2026-04-18 12:00:00+00:00,122,24,814.0,20.4,0.0,46.0,14.4375
2026-04-18 12:00:00+00:00,127,24,791.0,20.0,0.0,46.125,14.5
2026-04-18 12:00:00+00:00,129,24,815.0,20.5,0.0,46.0,14.5
2026-04-18 12:00:00+00:00,177,24,754.0,16.7,0.0,45.625,14.8125
2026-04-18 12:00:00+00:00,194,24,631.0,19.3,0.0,46.5,15.0625
2026-04-18 12:00:00+00:00,236,24,731.0,19.9,0.0,45.8125,15.1875
2026-04-18 12:00:00+00:00,325,24,776.0,20.3,0.0,46.5625,15.625
2026-04-18 12:00:00+00:00,391,24,748.0,20.7,0.0,46.6875,16.0625
2026-04-18 12:00:00+00:00,422,24,751.0,20.6,0.0,46.25,15.25
2026-04-18 12:00:00+00:00,425,24,702.0,20.6,0.0,45.9375,15.5
2026-04-18 12:00:00+00:00,426,24,647.0,21.5,0.0,45.5625,13.75
2026-04-18 15:00:00+00:00,63,24,278.0,17.8,0.0,46.375,14.0625
2026-04-18 15:00:00+00:00,76,24,285.0,17.5,0.0,46.3125,14.1875
2026-04-18 15:00:00+00:00,106,24,315.0,18.9,0.0,46.25,14.375
2026-04-18 15:00:00+00:00,122,24,417.0,20.1,0.0,46.0,14.4375
2026-04-18 15:00:00+00:00,127,24,390.0,19.9,0.0,46.125,14.5
2026-04-18 15:00:00+00:00,129,24,433.0,20.3,0.0,46.0,14.5
2026-04-18 15:00:00+00:00,177,24,457.0,16.5,0.0,45.625,14.8125
2026-04-18 15:00:00+00:00,194,24,369.0,19.3,0.0,46.5,15.0625
2026-04-18 15:00:00+00:00,236,24,509.0,20.3,0.0,45.8125,15.1875
2026-04-18 15:00:00+00:00,325,24,485.0,20.4,0.0,46.5625,15.625
2026-04-18 15:00:00+00:00,391,24,496.0,20.5,0.0,46.6875,16.0625
2026-04-18 15:00:00+00:00,422,24,466.0,20.8,0.0,46.25,15.25
2026-04-18 15:00:00+00:00,425,24,507.0,20.9,0.0,45.9375,15.5
2026-04-18 15:00:00+00:00,426,24,307.0,19.5,0.0,45.5625,13.75
2026-04-18 18:00:00+00:00,63,24,23.0,14.4,0.0,46.375,14.0625
2026-04-18 18:00:00+00:00,76,24,22.0,14.9,0.0,46.3125,14.1875
2026-04-18 18:00:00+00:00,106,24,21.0,16.5,0.0,46.25,14.375
2026-04-18 18:00:00+00:00,122,24,23.0,16.9,0.0,46.0,14.4375
2026-04-18 18:00:00+00:00,127,24,22.0,16.6,0.0,46.125,14.5
2026-04-18 18:00:00+00:00,129,24,23.0,16.7,0.0,46.0,14.5
2026-04-18 18:00:00+00:00,177,24,23.0,12.0,0.0,45.625,14.8125
2026-04-18 18:00:00+00:00,194,24,21.0,14.6,0.0,46.5,15.0625
2026-04-18 18:00:00+00:00,236,24,22.0,16.6,0.0,45.8125,15.1875
2026-04-18 18:00:00+00:00,325,24,19.0,16.2,0.0,46.5625,15.625
2026-04-18 18:00:00+00:00,391,24,19.0,15.8,0.0,46.6875,16.0625
2026-04-18 18:00:00+00:00,422,24,20.0,16.7,0.0,46.25,15.25
2026-04-18 18:00:00+00:00,425,24,20.0,16.9,0.0,45.9375,15.5
2026-04-18 18:00:00+00:00,426,24,25.0,17.8,0.0,45.5625,13.75
2026-04-18 21:00:00+00:00,63,24,0.0,10.9,0.0,46.375,14.0625
2026-04-18 21:00:00+00:00,76,24,0.0,12.6,0.0,46.3125,14.1875
2026-04-18 21:00:00+00:00,106,24,0.0,12.6,0.0,46.25,14.375
2026-04-18 21:00:00+00:00,122,24,0.0,11.7,0.0,46.0,14.4375
2026-04-18 21:00:00+00:00,127,24,0.0,11.9,0.0,46.125,14.5
2026-04-18 21:00:00+00:00,129,24,0.0,10.3,0.0,46.0,14.5
2026-04-18 21:00:00+00:00,177,24,0.0,9.2,0.0,45.625,14.8125
2026-04-18 21:00:00+00:00,194,24,0.0,11.0,0.0,46.5,15.0625
2026-04-18 21:00:00+00:00,236,24,0.0,10.9,0.0,45.8125,15.1875
2026-04-18 21:00:00+00:00,325,24,0.0,13.0,0.0,46.5625,15.625
2026-04-18 21:00:00+00:00,391,24,0.0,11.5,0.0,46.6875,16.0625
2026-04-18 21:00:00+00:00,422,24,0.0,12.0,0.0,46.25,15.25
2026-04-18 21:00:00+00:00,425,24,0.0,10.9,0.0,45.9375,15.5
2026-04-18 21:00:00+00:00,426,24,0.0,13.5,0.0,45.5625,13.75
2026-04-18 01:00:00+00:00,63,1,0.0,7.3,0.0,46.375,14.0625
2026-04-18 01:00:00+00:00,76,1,0.0,10.4,0.0,46.3125,14.1875
2026-04-18 01:00:00+00:00,106,1,0.0,8.8,0.0,46.25,14.375
2026-04-18 01:00:00+00:00,122,1,0.0,10.1,0.0,46.0,14.4375
2026-04-18 01:00:00+00:00,127,1,0.0,9.3,0.0,46.125,14.5
2026-04-18 01:00:00+00:00,129,1,0.0,9.8,0.0,46.0,14.5
2026-04-18 01:00:00+00:00,177,1,0.0,8.4,0.0,45.625,14.8125
2026-04-18 01:00:00+00:00,194,1,0.0,9.9,0.0,46.5,15.0625
2026-04-18 01:00:00+00:00,236,1,0.0,7.9,0.0,45.8125,15.1875
2026-04-18 01:00:00+00:00,325,1,0.0,12.5,0.0,46.5625,15.625
2026-04-18 01:00:00+00:00,391,1,0.0,9.6,0.0,46.6875,16.0625
2026-04-18 01:00:00+00:00,422,1,0.0,6.8,0.0,46.25,15.25
2026-04-18 01:00:00+00:00,425,1,0.0,8.4,0.0,45.9375,15.5
2026-04-18 01:00:00+00:00,426,1,0.0,14.3,0.0,45.5625,13.75
2026-04-18 02:00:00+00:00,63,2,0.0,6.9,0.0,46.375,14.0625
2026-04-18 02:00:00+00:00,76,2,0.0,10.3,0.0,46.3125,14.1875
2026-04-18 02:00:00+00:00,106,2,0.0,8.7,0.0,46.25,14.375
2026-04-18 02:00:00+00:00,122,2,0.0,9.6,0.0,46.0,14.4375
2026-04-18 02:00:00+00:00,127,2,0.0,8.7,0.0,46.125,14.5
2026-04-18 02:00:00+00:00,129,2,0.0,9.5,0.0,46.0,14.5
2026-04-18 02:00:00+00:00,177,2,0.0,7.7,0.0,45.625,14.8125
2026-04-18 02:00:00+00:00,194,2,0.0,9.6,0.0,46.5,15.0625
2026-04-18 02:00:00+00:00,236,2,0.0,7.7,0.0,45.8125,15.1875
2026-04-18 02:00:00+00:00,325,2,0.0,11.7,0.0,46.5625,15.625
2026-04-18 02:00:00+00:00,391,2,0.0,9.8,0.0,46.6875,16.0625
2026-04-18 02:00:00+00:00,422,2,0.0,6.4,0.0,46.25,15.25
2026-04-18 02:00:00+00:00,425,2,0.0,8.3,0.0,45.9375,15.5
2026-04-18 02:00:00+00:00,426,2,0.0,14.3,0.0,45.5625,13.75
2026-04-18 03:00:00+00:00,63,3,0.0,6.8,0.0,46.375,14.0625
2026-04-18 03:00:00+00:00,76,3,0.0,10.1,0.0,46.3125,14.1875
2026-04-18 03:00:00+00:00,106,3,0.0,8.5,0.0,46.25,14.375
2026-04-18 03:00:00+00:00,122,3,0.0,9.0,0.0,46.0,14.4375
2026-04-18 03:00:00+00:00,127,3,0.0,8.2,0.0,46.125,14.5
2026-04-18 03:00:00+00:00,129,3,0.0,9.2,0.0,46.0,14.5
2026-04-18 03:00:00+00:00,177,3,0.0,7.6,0.0,45.625,14.8125
2026-04-18 03:00:00+00:00,194,3,0.0,9.4,0.0,46.5,15.0625
2026-04-18 03:00:00+00:00,236,3,0.0,7.6,0.0,45.8125,15.1875
2026-04-18 03:00:00+00:00,325,3,0.0,10.8,0.0,46.5625,15.625
2026-04-18 03:00:00+00:00,391,3,0.0,9.1,0.0,46.6875,16.0625
2026-04-18 03:00:00+00:00,422,3,0.0,6.1,0.0,46.25,15.25
2026-04-18 03:00:00+00:00,425,3,0.0,8.2,0.0,45.9375,15.5
2026-04-18 03:00:00+00:00,426,3,0.0,13.8,0.0,45.5625,13.75
2026-04-18 04:00:00+00:00,63,1,0.0,6.5,0.0,46.375,14.0625
2026-04-18 04:00:00+00:00,76,1,0.0,8.6,0.0,46.3125,14.1875
2026-04-18 04:00:00+00:00,106,1,0.0,7.6,0.0,46.25,14.375
2026-04-18 04:00:00+00:00,122,1,0.0,8.0,0.0,46.0,14.4375
2026-04-18 04:00:00+00:00,127,1,0.0,6.9,0.0,46.125,14.5
2026-04-18 04:00:00+00:00,129,1,0.0,8.5,0.0,46.0,14.5
2026-04-18 04:00:00+00:00,177,1,0.0,6.9,0.0,45.625,14.8125
2026-04-18 04:00:00+00:00,194,1,0.0,8.5,0.0,46.5,15.0625
2026-04-18 04:00:00+00:00,236,1,0.0,6.7,0.0,45.8125,15.1875
2026-04-18 04:00:00+00:00,325,1,0.0,9.3,0.0,46.5625,15.625
2026-04-18 04:00:00+00:00,391,1,0.0,7.0,0.0,46.6875,16.0625
2026-04-18 04:00:00+00:00,422,1,0.0,4.7,0.0,46.25,15.25
2026-04-18 04:00:00+00:00,425,1,0.0,7.4,0.0,45.9375,15.5
2026-04-18 04:00:00+00:00,426,1,0.0,13.2,0.0,45.5625,13.75
2026-04-18 05:00:00+00:00,63,2,21.0,6.9,0.0,46.375,14.0625
2026-04-18 05:00:00+00:00,76,2,21.0,8.8,0.0,46.3125,14.1875
2026-04-18 05:00:00+00:00,106,2,22.0,7.6,0.0,46.25,14.375
2026-04-18 05:00:00+00:00,122,2,21.0,7.8,0.0,46.0,14.4375
2026-04-18 05:00:00+00:00,127,2,22.0,6.8,0.0,46.125,14.5
2026-04-18 05:00:00+00:00,129,2,21.0,8.4,0.0,46.0,14.5
2026-04-18 05:00:00+00:00,177,2,25.0,7.4,0.0,45.625,14.8125
2026-04-18 05:00:00+00:00,194,2,28.0,8.8,0.0,46.5,15.0625
2026-04-18 05:00:00+00:00,236,2,27.0,7.4,0.0,45.8125,15.1875
2026-04-18 05:00:00+00:00,325,2,27.0,9.2,0.0,46.5625,15.625
2026-04-18 05:00:00+00:00,391,2,34.0,6.7,0.0,46.6875,16.0625
2026-04-18 05:00:00+00:00,422,2,27.0,4.9,0.0,46.25,15.25
2026-04-18 05:00:00+00:00,425,2,27.0,7.4,0.0,45.9375,15.5
2026-04-18 05:00:00+00:00,426,2,14.0,12.9,0.0,45.5625,13.75
2026-04-18 06:00:00+00:00,63,3,144.0,9.6,0.0,46.375,14.0625
2026-04-18 06:00:00+00:00,63,6,143.0,9.9,0.0,46.375,14.0625
2026-04-18 06:00:00+00:00,76,3,147.0,11.8,0.0,46.3125,14.1875
2026-04-18 06:00:00+00:00,76,6,145.0,11.9,0.0,46.3125,14.1875
2026-04-18 06:00:00+00:00,106,3,147.0,9.9,0.0,46.25,14.375
2026-04-18 06:00:00+00:00,106,6,141.0,10.9,0.0,46.25,14.375
2026-04-18 06:00:00+00:00,122,3,144.0,10.2,0.0,46.0,14.4375
2026-04-18 06:00:00+00:00,122,6,144.0,11.0,0.0,46.0,14.4375
2026-04-18 06:00:00+00:00,127,3,144.0,9.1,0.0,46.125,14.5
2026-04-18 06:00:00+00:00,127,6,149.0,9.5,0.0,46.125,14.5
2026-04-18 06:00:00+00:00,129,3,145.0,10.3,0.0,46.0,14.5
2026-04-18 06:00:00+00:00,129,6,148.0,10.4,0.0,46.0,14.5
2026-04-18 06:00:00+00:00,177,3,157.0,10.5,0.0,45.625,14.8125
2026-04-18 06:00:00+00:00,177,6,161.0,10.7,0.0,45.625,14.8125
2026-04-18 06:00:00+00:00,194,3,164.0,11.6,0.0,46.5,15.0625
2026-04-18 06:00:00+00:00,194,6,161.0,11.9,0.0,46.5,15.0625
2026-04-18 06:00:00+00:00,236,3,164.0,9.9,0.0,45.8125,15.1875
2026-04-18 06:00:00+00:00,236,6,163.0,10.4,0.0,45.8125,15.1875
2026-04-18 06:00:00+00:00,325,3,156.0,12.0,0.0,46.5625,15.625
2026-04-18 06:00:00+00:00,325,6,159.0,12.3,0.0,46.5625,15.625
2026-04-18 06:00:00+00:00,391,3,174.0,10.2,0.0,46.6875,16.0625
2026-04-18 06:00:00+00:00,391,6,175.0,10.8,0.0,46.6875,16.0625
2026-04-18 06:00:00+00:00,422,3,156.0,8.6,0.0,46.25,15.25
2026-04-18 06:00:00+00:00,422,6,158.0,9.3,0.0,46.25,15.25
2026-04-18 06:00:00+00:00,425,3,159.0,10.4,0.0,45.9375,15.5
2026-04-18 06:00:00+00:00,425,6,160.0,10.9,0.0,45.9375,15.5
2026-04-18 06:00:00+00:00,426,3,97.0,14.7,0.0,45.5625,13.75
2026-04-18 06:00:00+00:00,426,6,87.0,14.9,0.0,45.5625,13.75
2026-04-18 07:00:00+00:00,63,1,330.0,13.0,0.0,46.375,14.0625
2026-04-18 07:00:00+00:00,76,1,331.0,14.4,0.0,46.3125,14.1875
2026-04-18 07:00:00+00:00,106,1,330.0,13.5,0.0,46.25,14.375
2026-04-18 07:00:00+00:00,122,1,329.0,13.2,0.0,46.0,14.4375
2026-04-18 07:00:00+00:00,127,1,328.0,12.1,0.0,46.125,14.5
2026-04-18 07:00:00+00:00,129,1,331.0,12.7,0.0,46.0,14.5
2026-04-18 07:00:00+00:00,177,1,352.0,12.7,0.0,45.625,14.8125
2026-04-18 07:00:00+00:00,194,1,341.0,14.3,0.0,46.5,15.0625
2026-04-18 07:00:00+00:00,236,1,344.0,12.8,0.0,45.8125,15.1875
2026-04-18 07:00:00+00:00,325,1,340.0,15.0,0.0,46.5625,15.625
2026-04-18 07:00:00+00:00,391,1,351.0,14.2,0.0,46.6875,16.0625
2026-04-18 07:00:00+00:00,422,1,340.0,12.4,0.0,46.25,15.25
2026-04-18 07:00:00+00:00,425,1,339.0,13.9,0.0,45.9375,15.5
2026-04-18 07:00:00+00:00,426,1,192.0,17.4,0.0,45.5625,13.75
2026-04-18 08:00:00+00:00,63,2,513.0,15.0,0.0,46.375,14.0625
2026-04-18 08:00:00+00:00,76,2,510.0,15.9,0.0,46.3125,14.1875
2026-04-18 08:00:00+00:00,106,2,508.0,15.4,0.0,46.25,14.375
2026-04-18 08:00:00+00:00,122,2,505.0,15.4,0.0,46.0,14.4375
2026-04-18 08:00:00+00:00,127,2,506.0,14.8,0.0,46.125,14.5
2026-04-18 08:00:00+00:00,129,2,506.0,15.0,0.0,46.0,14.5
2026-04-18 08:00:00+00:00,177,2,530.0,13.9,0.0,45.625,14.8125
2026-04-18 08:00:00+00:00,194,2,519.0,16.2,0.0,46.5,15.0625
2026-04-18 08:00:00+00:00,236,2,523.0,15.7,0.0,45.8125,15.1875
2026-04-18 08:00:00+00:00,325,2,519.0,16.2,0.0,46.5625,15.625
2026-04-18 08:00:00+00:00,391,2,524.0,16.2,0.0,46.6875,16.0625
2026-04-18 08:00:00+00:00,422,2,516.0,15.6,0.0,46.25,15.25
2026-04-18 08:00:00+00:00,425,2,521.0,16.7,0.0,45.9375,15.5
2026-04-18 08:00:00+00:00,426,2,392.0,20.0,0.0,45.5625,13.75
2026-04-18 09:00:00+00:00,63,3,599.0,16.4,0.0,46.375,14.0625
2026-04-18 09:00:00+00:00,63,6,612.0,16.4,0.0,46.375,14.0625
2026-04-18 09:00:00+00:00,76,3,630.0,16.8,0.0,46.3125,14.1875
2026-04-18 09:00:00+00:00,76,6,635.0,17.0,0.0,46.3125,14.1875
2026-04-18 09:00:00+00:00,106,3,628.0,16.7,0.0,46.25,14.375
2026-04-18 09:00:00+00:00,106,6,643.0,16.8,0.0,46.25,14.375
2026-04-18 09:00:00+00:00,122,3,651.0,17.4,0.0,46.0,14.4375
2026-04-18 09:00:00+00:00,122,6,657.0,17.5,0.0,46.0,14.4375
2026-04-18 09:00:00+00:00,127,3,648.0,16.8,0.0,46.125,14.5
2026-04-18 09:00:00+00:00,127,6,653.0,16.9,0.0,46.125,14.5
2026-04-18 09:00:00+00:00,129,3,654.0,17.5,0.0,46.0,14.5
2026-04-18 09:00:00+00:00,129,6,657.0,17.7,0.0,46.0,14.5
2026-04-18 09:00:00+00:00,177,3,664.0,14.8,0.0,45.625,14.8125
2026-04-18 09:00:00+00:00,177,6,667.0,14.8,0.0,45.625,14.8125
2026-04-18 09:00:00+00:00,194,3,651.0,17.7,0.0,46.5,15.0625
2026-04-18 09:00:00+00:00,194,6,632.0,17.5,0.0,46.5,15.0625
2026-04-18 09:00:00+00:00,236,3,670.0,17.3,0.0,45.8125,15.1875
2026-04-18 09:00:00+00:00,236,6,673.0,17.3,0.0,45.8125,15.1875
2026-04-18 09:00:00+00:00,325,3,664.0,17.4,0.0,46.5625,15.625
2026-04-18 09:00:00+00:00,325,6,662.0,17.3,0.0,46.5625,15.625
2026-04-18 09:00:00+00:00,391,3,670.0,17.8,0.0,46.6875,16.0625
2026-04-18 09:00:00+00:00,391,6,665.0,17.8,0.0,46.6875,16.0625
2026-04-18 09:00:00+00:00,422,3,665.0,17.8,0.0,46.25,15.25
2026-04-18 09:00:00+00:00,422,6,661.0,17.8,0.0,46.25,15.25
2026-04-18 09:00:00+00:00,425,3,670.0,18.1,0.0,45.9375,15.5
2026-04-18 09:00:00+00:00,425,6,670.0,18.0,0.0,45.9375,15.5
2026-04-18 09:00:00+00:00,426,3,600.0,21.5,0.0,45.5625,13.75
2026-04-18 09:00:00+00:00,426,6,580.0,21.6,0.0,45.5625,13.75
2026-04-18 10:00:00+00:00,63,1,645.0,17.5,0.0,46.375,14.0625
2026-04-18 10:00:00+00:00,76,1,659.0,17.5,0.0,46.3125,14.1875
2026-04-18 10:00:00+00:00,106,1,666.0,17.8,0.0,46.25,14.375
2026-04-18 10:00:00+00:00,122,1,748.0,18.9,0.0,46.0,14.4375
2026-04-18 10:00:00+00:00,127,1,731.0,18.2,0.0,46.125,14.5
2026-04-18 10:00:00+00:00,129,1,750.0,19.2,0.0,46.0,14.5
2026-04-18 10:00:00+00:00,177,1,760.0,15.7,0.0,45.625,14.8125
2026-04-18 10:00:00+00:00,194,1,663.0,18.4,0.0,46.5,15.0625
2026-04-18 10:00:00+00:00,236,1,782.0,18.7,0.0,45.8125,15.1875
2026-04-18 10:00:00+00:00,325,1,763.0,18.7,0.0,46.5625,15.625
2026-04-18 10:00:00+00:00,391,1,761.0,19.3,0.0,46.6875,16.0625
2026-04-18 10:00:00+00:00,422,1,757.0,19.2,0.0,46.25,15.25
2026-04-18 10:00:00+00:00,425,1,775.0,19.4,0.0,45.9375,15.5
2026-04-18 10:00:00+00:00,426,1,744.0,22.4,0.0,45.5625,13.75
2026-04-18 11:00:00+00:00,63,2,651.0,18.1,0.0,46.375,14.0625
2026-04-18 11:00:00+00:00,76,2,717.0,18.2,0.0,46.3125,14.1875
2026-04-18 11:00:00+00:00,106,2,720.0,18.6,0.0,46.25,14.375
2026-04-18 11:00:00+00:00,122,2,801.0,19.9,0.0,46.0,14.4375
2026-04-18 11:00:00+00:00,127,2,780.0,19.4,0.0,46.125,14.5
2026-04-18 11:00:00+00:00,129,2,798.0,20.0,0.0,46.0,14.5
2026-04-18 11:00:00+00:00,177,2,823.0,16.2,0.0,45.625,14.8125
2026-04-18 11:00:00+00:00,194,2,658.0,19.0,0.0,46.5,15.0625
2026-04-18 11:00:00+00:00,236,2,829.0,19.6,0.0,45.8125,15.1875
2026-04-18 11:00:00+00:00,325,2,725.0,19.6,0.0,46.5625,15.625
2026-04-18 11:00:00+00:00,391,2,745.0,20.1,0.0,46.6875,16.0625
2026-04-18 11:00:00+00:00,422,2,764.0,19.9,0.0,46.25,15.25
2026-04-18 11:00:00+00:00,425,2,790.0,20.1,0.0,45.9375,15.5
2026-04-18 11:00:00+00:00,426,2,757.0,21.8,0.0,45.5625,13.75
2026-04-18 12:00:00+00:00,63,3,696.0,18.9,0.0,46.375,14.0625
2026-04-18 12:00:00+00:00,63,6,665.0,18.8,0.0,46.375,14.0625
2026-04-18 12:00:00+00:00,76,3,679.0,18.8,0.0,46.3125,14.1875
2026-04-18 12:00:00+00:00,76,6,657.0,18.5,0.0,46.3125,14.1875
2026-04-18 12:00:00+00:00,106,3,729.0,19.4,0.0,46.25,14.375
2026-04-18 12:00:00+00:00,106,6,764.0,19.5,0.0,46.25,14.375
2026-04-18 12:00:00+00:00,122,3,809.0,20.4,0.0,46.0,14.4375
2026-04-18 12:00:00+00:00,122,6,801.0,20.5,0.0,46.0,14.4375
2026-04-18 12:00:00+00:00,127,3,754.0,20.0,0.0,46.125,14.5
2026-04-18 12:00:00+00:00,127,6,784.0,20.0,0.0,46.125,14.5
2026-04-18 12:00:00+00:00,129,3,814.0,20.6,0.0,46.0,14.5
2026-04-18 12:00:00+00:00,129,6,809.0,20.7,0.0,46.0,14.5
2026-04-18 12:00:00+00:00,177,3,777.0,16.6,0.0,45.625,14.8125
2026-04-18 12:00:00+00:00,177,6,762.0,16.7,0.0,45.625,14.8125
2026-04-18 12:00:00+00:00,194,3,630.0,19.3,0.0,46.5,15.0625
2026-04-18 12:00:00+00:00,194,6,593.0,19.3,0.0,46.5,15.0625
2026-04-18 12:00:00+00:00,236,3,714.0,19.8,0.0,45.8125,15.1875
2026-04-18 12:00:00+00:00,236,6,785.0,19.9,0.0,45.8125,15.1875
2026-04-18 12:00:00+00:00,325,3,725.0,20.2,0.0,46.5625,15.625
2026-04-18 12:00:00+00:00,325,6,755.0,20.3,0.0,46.5625,15.625
2026-04-18 12:00:00+00:00,391,3,729.0,20.6,0.0,46.6875,16.0625
2026-04-18 12:00:00+00:00,391,6,744.0,20.7,0.0,46.6875,16.0625
2026-04-18 12:00:00+00:00,422,3,787.0,20.6,0.0,46.25,15.25
2026-04-18 12:00:00+00:00,422,6,787.0,20.8,0.0,46.25,15.25
2026-04-18 12:00:00+00:00,425,3,709.0,20.8,0.0,45.9375,15.5
2026-04-18 12:00:00+00:00,425,6,751.0,20.9,0.0,45.9375,15.5
2026-04-18 12:00:00+00:00,426,3,616.0,21.1,0.0,45.5625,13.75
2026-04-18 12:00:00+00:00,426,6,698.0,21.4,0.0,45.5625,13.75
2026-04-18 13:00:00+00:00,63,1,592.0,19.2,0.0,46.375,14.0625
2026-04-18 13:00:00+00:00,76,1,565.0,18.9,0.0,46.3125,14.1875
2026-04-18 13:00:00+00:00,106,1,653.0,19.8,0.0,46.25,14.375
2026-04-18 13:00:00+00:00,122,1,745.0,20.9,0.0,46.0,14.4375
2026-04-18 13:00:00+00:00,127,1,682.0,20.3,0.0,46.125,14.5
2026-04-18 13:00:00+00:00,129,1,745.0,21.0,0.0,46.0,14.5
2026-04-18 13:00:00+00:00,177,1,703.0,17.1,0.0,45.625,14.8125
2026-04-18 13:00:00+00:00,194,1,645.0,19.8,0.0,46.5,15.0625
2026-04-18 13:00:00+00:00,236,1,714.0,20.4,0.0,45.8125,15.1875
2026-04-18 13:00:00+00:00,325,1,735.0,20.7,0.0,46.5625,15.625
2026-04-18 13:00:00+00:00,391,1,676.0,21.0,0.0,46.6875,16.0625
2026-04-18 13:00:00+00:00,422,1,708.0,21.0,0.0,46.25,15.25
2026-04-18 13:00:00+00:00,425,1,694.0,21.3,0.0,45.9375,15.5
2026-04-18 13:00:00+00:00,426,1,472.0,21.0,0.0,45.5625,13.75
2026-04-18 14:00:00+00:00,63,2,391.0,18.5,0.0,46.375,14.0625
2026-04-18 14:00:00+00:00,76,2,404.0,18.0,0.0,46.3125,14.1875
2026-04-18 14:00:00+00:00,106,2,460.0,19.3,0.0,46.25,14.375
2026-04-18 14:00:00+00:00,122,2,632.0,20.8,0.0,46.0,14.4375
2026-04-18 14:00:00+00:00,127,2,597.0,20.3,0.0,46.125,14.5
2026-04-18 14:00:00+00:00,129,2,624.0,21.0,0.0,46.0,14.5
2026-04-18 14:00:00+00:00,177,2,574.0,17.1,0.0,45.625,14.8125
2026-04-18 14:00:00+00:00,194,2,506.0,19.6,0.0,46.5,15.0625
2026-04-18 14:00:00+00:00,236,2,655.0,20.6,0.0,45.8125,15.1875
2026-04-18 14:00:00+00:00,325,2,609.0,20.8,0.0,46.5625,15.625
2026-04-18 14:00:00+00:00,391,2,585.0,20.8,0.0,46.6875,16.0625
2026-04-18 14:00:00+00:00,422,2,582.0,21.0,0.0,46.25,15.25
2026-04-18 14:00:00+00:00,425,2,631.0,21.3,0.0,45.9375,15.5
2026-04-18 14:00:00+00:00,426,2,458.0,20.8,0.0,45.5625,13.75
2026-04-18 15:00:00+00:00,63,3,275.0,17.9,0.0,46.375,14.0625
2026-04-18 15:00:00+00:00,63,6,276.0,17.8,0.0,46.375,14.0625
2026-04-18 15:00:00+00:00,76,3,225.0,17.5,0.0,46.3125,14.1875
2026-04-18 15:00:00+00:00,76,6,250.0,17.7,0.0,46.3125,14.1875
2026-04-18 15:00:00+00:00,106,3,335.0,19.1,0.0,46.25,14.375
2026-04-18 15:00:00+00:00,106,6,329.0,19.1,0.0,46.25,14.375
2026-04-18 15:00:00+00:00,122,3,466.0,20.4,0.0,46.0,14.4375
2026-04-18 15:00:00+00:00,122,6,444.0,20.4,0.0,46.0,14.4375
2026-04-18 15:00:00+00:00,127,3,400.0,20.0,0.0,46.125,14.5
2026-04-18 15:00:00+00:00,127,6,404.0,19.9,0.0,46.125,14.5
2026-04-18 15:00:00+00:00,129,3,461.0,20.5,0.0,46.0,14.5
2026-04-18 15:00:00+00:00,129,6,445.0,20.5,0.0,46.0,14.5
2026-04-18 15:00:00+00:00,177,3,502.0,16.9,0.0,45.625,14.8125
2026-04-18 15:00:00+00:00,177,6,520.0,16.9,0.0,45.625,14.8125
2026-04-18 15:00:00+00:00,194,3,393.0,19.4,0.0,46.5,15.0625
2026-04-18 15:00:00+00:00,194,6,392.0,19.3,0.0,46.5,15.0625
2026-04-18 15:00:00+00:00,236,3,468.0,20.3,0.0,45.8125,15.1875
2026-04-18 15:00:00+00:00,236,6,444.0,20.2,0.0,45.8125,15.1875
2026-04-18 15:00:00+00:00,325,3,485.0,20.5,0.0,46.5625,15.625
2026-04-18 15:00:00+00:00,325,6,443.0,20.5,0.0,46.5625,15.625
2026-04-18 15:00:00+00:00,391,3,418.0,20.2,0.0,46.6875,16.0625
2026-04-18 15:00:00+00:00,391,6,459.0,20.2,0.0,46.6875,16.0625
2026-04-18 15:00:00+00:00,422,3,395.0,20.5,0.0,46.25,15.25
2026-04-18 15:00:00+00:00,422,6,420.0,20.7,0.0,46.25,15.25
2026-04-18 15:00:00+00:00,425,3,491.0,21.0,0.0,45.9375,15.5
2026-04-18 15:00:00+00:00,425,6,473.0,21.1,0.0,45.9375,15.5
2026-04-18 15:00:00+00:00,426,3,400.0,20.2,0.0,45.5625,13.75
2026-04-18 15:00:00+00:00,426,6,354.0,19.9,0.0,45.5625,13.75
2026-04-18 16:00:00+00:00,63,1,202.0,17.1,0.0,46.375,14.0625
2026-04-18 16:00:00+00:00,76,1,203.0,17.5,0.0,46.3125,14.1875
2026-04-18 16:00:00+00:00,106,1,255.0,19.0,0.0,46.25,14.375
2026-04-18 16:00:00+00:00,122,1,322.0,20.0,0.0,46.0,14.4375
2026-04-18 16:00:00+00:00,127,1,280.0,19.8,0.0,46.125,14.5
2026-04-18 16:00:00+00:00,129,1,324.0,20.2,0.0,46.0,14.5
2026-04-18 16:00:00+00:00,177,1,339.0,16.4,0.0,45.625,14.8125
2026-04-18 16:00:00+00:00,194,1,269.0,19.2,0.0,46.5,15.0625
2026-04-18 16:00:00+00:00,236,1,323.0,20.1,0.0,45.8125,15.1875
2026-04-18 16:00:00+00:00,325,1,302.0,20.1,0.0,46.5625,15.625
2026-04-18 16:00:00+00:00,391,1,272.0,19.9,0.0,46.6875,16.0625
2026-04-18 16:00:00+00:00,422,1,278.0,20.4,0.0,46.25,15.25
2026-04-18 16:00:00+00:00,425,1,325.0,20.5,0.0,45.9375,15.5
2026-04-18 16:00:00+00:00,426,1,303.0,19.9,0.0,45.5625,13.75
2026-04-18 17:00:00+00:00,63,2,118.0,16.2,0.0,46.375,14.0625
2026-04-18 17:00:00+00:00,76,2,131.0,16.8,0.0,46.3125,14.1875
2026-04-18 17:00:00+00:00,106,2,110.0,18.3,0.0,46.25,14.375
2026-04-18 17:00:00+00:00,122,2,154.0,19.1,0.0,46.0,14.4375
2026-04-18 17:00:00+00:00,127,2,141.0,19.0,0.0,46.125,14.5
2026-04-18 17:00:00+00:00,129,2,155.0,19.2,0.0,46.0,14.5
2026-04-18 17:00:00+00:00,177,2,161.0,15.3,0.0,45.625,14.8125
2026-04-18 17:00:00+00:00,194,2,138.0,18.2,0.0,46.5,15.0625
2026-04-18 17:00:00+00:00,236,2,145.0,19.2,0.0,45.8125,15.1875
2026-04-18 17:00:00+00:00,325,2,139.0,19.0,0.0,46.5625,15.625
2026-04-18 17:00:00+00:00,391,2,137.0,18.9,0.0,46.6875,16.0625
2026-04-18 17:00:00+00:00,422,2,147.0,19.5,0.0,46.25,15.25
2026-04-18 17:00:00+00:00,425,2,151.0,19.5,0.0,45.9375,15.5
2026-04-18 17:00:00+00:00,426,2,149.0,19.2,0.0,45.5625,13.75
2026-04-18 18:00:00+00:00,63,3,23.0,14.4,0.0,46.375,14.0625
2026-04-18 18:00:00+00:00,63,6,20.0,14.2,0.0,46.375,14.0625
2026-04-18 18:00:00+00:00,76,3,25.0,15.2,0.0,46.3125,14.1875
2026-04-18 18:00:00+00:00,76,6,23.0,14.4,0.0,46.3125,14.1875
2026-04-18 18:00:00+00:00,106,3,20.0,16.5,0.0,46.25,14.375
2026-04-18 18:00:00+00:00,106,6,21.0,15.8,0.0,46.25,14.375
2026-04-18 18:00:00+00:00,122,3,26.0,16.5,0.0,46.0,14.4375
2026-04-18 18:00:00+00:00,122,6,24.0,16.1,0.0,46.0,14.4375
2026-04-18 18:00:00+00:00,127,3,23.0,16.7,0.0,46.125,14.5
2026-04-18 18:00:00+00:00,127,6,22.0,16.5,0.0,46.125,14.5
2026-04-18 18:00:00+00:00,129,3,25.0,16.3,0.0,46.0,14.5
2026-04-18 18:00:00+00:00,129,6,24.0,16.1,0.0,46.0,14.5
2026-04-18 18:00:00+00:00,177,3,24.0,12.2,0.0,45.625,14.8125
2026-04-18 18:00:00+00:00,177,6,23.0,12.2,0.0,45.625,14.8125
2026-04-18 18:00:00+00:00,194,3,18.0,15.7,0.0,46.5,15.0625
2026-04-18 18:00:00+00:00,194,6,16.0,15.2,0.0,46.5,15.0625
2026-04-18 18:00:00+00:00,236,3,21.0,16.0,0.0,45.8125,15.1875
2026-04-18 18:00:00+00:00,236,6,21.0,16.1,0.0,45.8125,15.1875
2026-04-18 18:00:00+00:00,325,3,20.0,16.3,0.0,46.5625,15.625
2026-04-18 18:00:00+00:00,325,6,20.0,16.0,0.0,46.5625,15.625
2026-04-18 18:00:00+00:00,391,3,19.0,15.3,0.0,46.6875,16.0625
2026-04-18 18:00:00+00:00,391,6,20.0,15.0,0.0,46.6875,16.0625
2026-04-18 18:00:00+00:00,422,3,22.0,16.1,0.0,46.25,15.25
2026-04-18 18:00:00+00:00,422,6,21.0,16.0,0.0,46.25,15.25
2026-04-18 18:00:00+00:00,425,3,21.0,15.8,0.0,45.9375,15.5
2026-04-18 18:00:00+00:00,425,6,21.0,15.6,0.0,45.9375,15.5
2026-04-18 18:00:00+00:00,426,3,26.0,18.2,0.0,45.5625,13.75
2026-04-18 18:00:00+00:00,426,6,24.0,18.0,0.0,45.5625,13.75
2026-04-18 19:00:00+00:00,63,1,0.0,13.1,0.0,46.375,14.0625
2026-04-18 19:00:00+00:00,76,1,0.0,13.8,0.0,46.3125,14.1875
2026-04-18 19:00:00+00:00,106,1,0.0,14.7,0.0,46.25,14.375
2026-04-18 19:00:00+00:00,122,1,0.0,14.0,0.0,46.0,14.4375
2026-04-18 19:00:00+00:00,127,1,0.0,15.5,0.0,46.125,14.5
2026-04-18 19:00:00+00:00,129,1,0.0,13.2,0.0,46.0,14.5
2026-04-18 19:00:00+00:00,177,1,0.0,10.8,0.0,45.625,14.8125
2026-04-18 19:00:00+00:00,194,1,0.0,13.7,0.0,46.5,15.0625
2026-04-18 19:00:00+00:00,236,1,0.0,13.8,0.0,45.8125,15.1875
2026-04-18 19:00:00+00:00,325,1,0.0,15.3,0.0,46.5625,15.625
2026-04-18 19:00:00+00:00,391,1,0.0,13.2,0.0,46.6875,16.0625
2026-04-18 19:00:00+00:00,422,1,0.0,14.4,0.0,46.25,15.25
2026-04-18 19:00:00+00:00,425,1,0.0,13.7,0.0,45.9375,15.5
2026-04-18 19:00:00+00:00,426,1,0.0,16.8,0.0,45.5625,13.75
2026-04-18 20:00:00+00:00,63,2,0.0,11.6,0.0,46.375,14.0625
2026-04-18 20:00:00+00:00,76,2,0.0,13.0,0.0,46.3125,14.1875
2026-04-18 20:00:00+00:00,106,2,0.0,13.2,0.0,46.25,14.375
2026-04-18 20:00:00+00:00,122,2,0.0,12.7,0.0,46.0,14.4375
2026-04-18 20:00:00+00:00,127,2,0.0,13.5,0.0,46.125,14.5
2026-04-18 20:00:00+00:00,129,2,0.0,11.5,0.0,46.0,14.5
2026-04-18 20:00:00+00:00,177,2,0.0,10.3,0.0,45.625,14.8125
2026-04-18 20:00:00+00:00,194,2,0.0,12.4,0.0,46.5,15.0625
2026-04-18 20:00:00+00:00,236,2,0.0,12.4,0.0,45.8125,15.1875
2026-04-18 20:00:00+00:00,325,2,0.0,14.6,0.0,46.5625,15.625
2026-04-18 20:00:00+00:00,391,2,0.0,12.5,0.0,46.6875,16.0625
2026-04-18 20:00:00+00:00,422,2,0.0,13.3,0.0,46.25,15.25
2026-04-18 20:00:00+00:00,425,2,0.0,12.0,0.0,45.9375,15.5
2026-04-18 20:00:00+00:00,426,2,0.0,15.1,0.0,45.5625,13.75
2026-04-18 21:00:00+00:00,63,3,0.0,10.8,0.0,46.375,14.0625
2026-04-18 21:00:00+00:00,63,6,0.0,10.7,0.0,46.375,14.0625
2026-04-18 21:00:00+00:00,76,3,0.0,12.6,0.0,46.3125,14.1875
2026-04-18 21:00:00+00:00,76,6,0.0,12.6,0.0,46.3125,14.1875
2026-04-18 21:00:00+00:00,106,3,0.0,12.6,0.0,46.25,14.375
2026-04-18 21:00:00+00:00,106,6,0.0,12.5,0.0,46.25,14.375
2026-04-18 21:00:00+00:00,122,3,0.0,11.7,0.0,46.0,14.4375
2026-04-18 21:00:00+00:00,122,6,0.0,11.5,0.0,46.0,14.4375
2026-04-18 21:00:00+00:00,127,3,0.0,12.4,0.0,46.125,14.5
2026-04-18 21:00:00+00:00,127,6,0.0,12.0,0.0,46.125,14.5
2026-04-18 21:00:00+00:00,129,3,0.0,10.3,0.0,46.0,14.5
2026-04-18 21:00:00+00:00,129,6,0.0,10.1,0.0,46.0,14.5
2026-04-18 21:00:00+00:00,177,3,0.0,10.0,0.0,45.625,14.8125
2026-04-18 21:00:00+00:00,177,6,0.0,9.8,0.0,45.625,14.8125
2026-04-18 21:00:00+00:00,194,3,0.0,11.6,0.0,46.5,15.0625
2026-04-18 21:00:00+00:00,194,6,0.0,11.4,0.0,46.5,15.0625
2026-04-18 21:00:00+00:00,236,3,0.0,11.4,0.0,45.8125,15.1875
2026-04-18 21:00:00+00:00,236,6,0.0,11.1,0.0,45.8125,15.1875
2026-04-18 21:00:00+00:00,325,3,0.0,13.9,0.0,46.5625,15.625
2026-04-18 21:00:00+00:00,325,6,0.0,13.7,0.0,46.5625,15.625
2026-04-18 21:00:00+00:00,391,3,0.0,11.8,0.0,46.6875,16.0625
2026-04-18 21:00:00+00:00,391,6,0.0,11.9,0.0,46.6875,16.0625
2026-04-18 21:00:00+00:00,422,3,0.0,12.3,0.0,46.25,15.25
2026-04-18 21:00:00+00:00,422,6,0.0,11.6,0.0,46.25,15.25
2026-04-18 21:00:00+00:00,425,3,0.0,11.1,0.0,45.9375,15.5
2026-04-18 21:00:00+00:00,425,6,0.0,11.2,0.0,45.9375,15.5
2026-04-18 21:00:00+00:00,426,3,0.0,14.1,0.0,45.5625,13.75
2026-04-18 21:00:00+00:00,426,6,0.0,14.0,0.0,45.5625,13.75
2026-04-18 22:00:00+00:00,63,1,0.0,10.4,0.0,46.375,14.0625
2026-04-18 22:00:00+00:00,76,1,0.0,12.2,0.0,46.3125,14.1875
2026-04-18 22:00:00+00:00,106,1,0.0,12.2,0.0,46.25,14.375
2026-04-18 22:00:00+00:00,122,1,0.0,10.3,0.0,46.0,14.4375
2026-04-18 22:00:00+00:00,127,1,0.0,11.2,0.0,46.125,14.5
2026-04-18 22:00:00+00:00,129,1,0.0,8.9,0.0,46.0,14.5
2026-04-18 22:00:00+00:00,177,1,0.0,9.6,0.0,45.625,14.8125
2026-04-18 22:00:00+00:00,194,1,0.0,11.0,0.0,46.5,15.0625
2026-04-18 22:00:00+00:00,236,1,0.0,9.8,0.0,45.8125,15.1875
2026-04-18 22:00:00+00:00,325,1,0.0,12.7,0.0,46.5625,15.625
2026-04-18 22:00:00+00:00,391,1,0.0,10.2,0.0,46.6875,16.0625
2026-04-18 22:00:00+00:00,422,1,0.0,10.2,0.0,46.25,15.25
2026-04-18 22:00:00+00:00,425,1,0.0,9.3,0.0,45.9375,15.5
2026-04-18 22:00:00+00:00,426,1,0.0,12.7,0.0,45.5625,13.75
2026-04-18 23:00:00+00:00,63,2,0.0,10.0,0.0,46.375,14.0625
2026-04-18 23:00:00+00:00,76,2,0.0,11.8,0.0,46.3125,14.1875
2026-04-18 23:00:00+00:00,106,2,0.0,11.7,0.0,46.25,14.375
2026-04-18 23:00:00+00:00,122,2,0.0,9.8,0.0,46.0,14.4375
2026-04-18 23:00:00+00:00,127,2,0.0,10.3,0.0,46.125,14.5
2026-04-18 23:00:00+00:00,129,2,0.0,8.5,0.0,46.0,14.5
2026-04-18 23:00:00+00:00,177,2,0.0,9.0,0.0,45.625,14.8125
2026-04-18 23:00:00+00:00,194,2,0.0,10.1,0.0,46.5,15.0625
2026-04-18 23:00:00+00:00,236,2,0.0,9.4,0.0,45.8125,15.1875
2026-04-18 23:00:00+00:00,325,2,0.0,11.4,0.0,46.5625,15.625
2026-04-18 23:00:00+00:00,391,2,0.0,9.4,0.0,46.6875,16.0625
2026-04-18 23:00:00+00:00,422,2,0.0,9.3,0.0,46.25,15.25
2026-04-18 23:00:00+00:00,425,2,0.0,8.2,0.0,45.9375,15.5
2026-04-18 23:00:00+00:00,426,2,0.0,12.5,0.0,45.5625,13.75
2026-04-19 00:00:00+00:00,63,3,0.0,9.5,0.0,46.375,14.0625
2026-04-19 00:00:00+00:00,63,6,0.0,9.8,0.0,46.375,14.0625
2026-04-19 00:00:00+00:00,63,24,0.0,8.7,0.0,46.375,14.0625
2026-04-19 00:00:00+00:00,76,3,0.0,11.2,0.0,46.3125,14.1875
2026-04-19 00:00:00+00:00,76,6,0.0,11.8,0.0,46.3125,14.1875
2026-04-19 00:00:00+00:00,76,24,0.0,11.4,0.0,46.3125,14.1875
2026-04-19 00:00:00+00:00,106,3,0.0,11.2,0.0,46.25,14.375
2026-04-19 00:00:00+00:00,106,6,0.0,11.7,0.0,46.25,14.375
2026-04-19 00:00:00+00:00,106,24,0.0,11.4,0.0,46.25,14.375
2026-04-19 00:00:00+00:00,122,3,0.0,9.3,0.0,46.0,14.4375
2026-04-19 00:00:00+00:00,122,6,0.0,9.3,0.0,46.0,14.4375
2026-04-19 00:00:00+00:00,122,24,0.0,9.6,0.0,46.0,14.4375
2026-04-19 00:00:00+00:00,127,3,0.0,9.4,0.0,46.125,14.5
2026-04-19 00:00:00+00:00,127,6,0.0,10.1,0.0,46.125,14.5
2026-04-19 00:00:00+00:00,127,24,0.0,10.0,0.0,46.125,14.5
2026-04-19 00:00:00+00:00,129,3,0.0,8.2,0.0,46.0,14.5
2026-04-19 00:00:00+00:00,129,6,0.0,8.7,0.0,46.0,14.5
2026-04-19 00:00:00+00:00,129,24,0.0,8.7,0.0,46.0,14.5
2026-04-19 00:00:00+00:00,177,3,0.0,8.4,0.0,45.625,14.8125
2026-04-19 00:00:00+00:00,177,6,0.0,8.7,0.0,45.625,14.8125
2026-04-19 00:00:00+00:00,177,24,0.0,8.4,0.0,45.625,14.8125
2026-04-19 00:00:00+00:00,194,3,0.0,9.9,0.0,46.5,15.0625
2026-04-19 00:00:00+00:00,194,6,0.0,9.9,0.0,46.5,15.0625
2026-04-19 00:00:00+00:00,194,24,0.0,9.0,0.0,46.5,15.0625
2026-04-19 00:00:00+00:00,236,3,0.0,9.1,0.0,45.8125,15.1875
2026-04-19 00:00:00+00:00,236,6,0.0,9.3,0.0,45.8125,15.1875
2026-04-19 00:00:00+00:00,236,24,0.0,9.5,0.0,45.8125,15.1875
2026-04-19 00:00:00+00:00,325,3,0.0,10.5,0.0,46.5625,15.625
2026-04-19 00:00:00+00:00,325,6,0.0,10.9,0.0,46.5625,15.625
2026-04-19 00:00:00+00:00,325,24,0.0,11.1,0.0,46.5625,15.625
2026-04-19 00:00:00+00:00,391,3,0.0,8.7,0.0,46.6875,16.0625
2026-04-19 00:00:00+00:00,391,6,0.0,9.9,0.0,46.6875,16.0625
2026-04-19 00:00:00+00:00,391,24,0.0,8.9,0.0,46.6875,16.0625
2026-04-19 00:00:00+00:00,422,3,0.0,8.4,0.0,46.25,15.25
2026-04-19 00:00:00+00:00,422,6,0.0,9.0,0.0,46.25,15.25
2026-04-19 00:00:00+00:00,422,24,0.0,8.1,0.0,46.25,15.25
2026-04-19 00:00:00+00:00,425,3,0.0,8.1,0.0,45.9375,15.5
2026-04-19 00:00:00+00:00,425,6,0.0,9.0,0.0,45.9375,15.5
2026-04-19 00:00:00+00:00,425,24,0.0,8.9,0.0,45.9375,15.5
2026-04-19 00:00:00+00:00,426,3,0.0,12.4,0.0,45.5625,13.75
2026-04-19 00:00:00+00:00,426,6,0.0,13.1,0.0,45.5625,13.75
2026-04-19 00:00:00+00:00,426,24,0.0,12.3,0.0,45.5625,13.75
2026-04-19 03:00:00+00:00,63,6,0.0,8.8,0.0,46.375,14.0625
2026-04-19 03:00:00+00:00,63,24,0.0,7.9,0.0,46.375,14.0625
2026-04-19 03:00:00+00:00,76,6,0.0,9.9,0.0,46.3125,14.1875
2026-04-19 03:00:00+00:00,76,24,0.0,9.6,0.0,46.3125,14.1875
2026-04-19 03:00:00+00:00,106,6,0.0,8.9,0.0,46.25,14.375
2026-04-19 03:00:00+00:00,106,24,0.0,8.1,0.0,46.25,14.375
2026-04-19 03:00:00+00:00,122,6,0.0,8.0,0.0,46.0,14.4375
2026-04-19 03:00:00+00:00,122,24,0.0,7.4,0.0,46.0,14.4375
2026-04-19 03:00:00+00:00,127,6,0.0,7.3,0.0,46.125,14.5
2026-04-19 03:00:00+00:00,127,24,0.0,7.1,0.0,46.125,14.5
2026-04-19 03:00:00+00:00,129,6,0.0,7.8,0.0,46.0,14.5
2026-04-19 03:00:00+00:00,129,24,0.0,6.5,0.0,46.0,14.5
2026-04-19 03:00:00+00:00,177,6,0.0,6.4,0.0,45.625,14.8125
2026-04-19 03:00:00+00:00,177,24,0.0,7.0,0.0,45.625,14.8125
2026-04-19 03:00:00+00:00,194,6,0.0,8.6,0.0,46.5,15.0625
2026-04-19 03:00:00+00:00,194,24,0.0,8.9,0.0,46.5,15.0625
2026-04-19 03:00:00+00:00,236,6,0.0,7.8,0.0,45.8125,15.1875
2026-04-19 03:00:00+00:00,236,24,0.0,7.1,0.0,45.8125,15.1875
2026-04-19 03:00:00+00:00,325,6,0.0,8.3,0.0,46.5625,15.625
2026-04-19 03:00:00+00:00,325,24,0.0,8.3,0.0,46.5625,15.625
2026-04-19 03:00:00+00:00,391,6,0.0,6.5,0.0,46.6875,16.0625
2026-04-19 03:00:00+00:00,391,24,0.0,8.0,0.0,46.6875,16.0625
2026-04-19 03:00:00+00:00,422,6,0.0,5.9,0.0,46.25,15.25
2026-04-19 03:00:00+00:00,422,24,0.0,6.0,0.0,46.25,15.25
2026-04-19 03:00:00+00:00,425,6,0.0,6.9,0.0,45.9375,15.5
2026-04-19 03:00:00+00:00,425,24,0.0,7.0,0.0,45.9375,15.5
2026-04-19 03:00:00+00:00,426,6,0.0,12.5,0.0,45.5625,13.75
2026-04-19 03:00:00+00:00,426,24,0.0,12.2,0.0,45.5625,13.75
2026-04-19 06:00:00+00:00,63,24,158.0,9.6,0.0,46.375,14.0625
2026-04-19 06:00:00+00:00,76,24,156.0,12.1,0.0,46.3125,14.1875
2026-04-19 06:00:00+00:00,106,24,157.0,10.6,0.0,46.25,14.375
2026-04-19 06:00:00+00:00,122,24,153.0,10.3,0.0,46.0,14.4375
2026-04-19 06:00:00+00:00,127,24,152.0,9.1,0.0,46.125,14.5
2026-04-19 06:00:00+00:00,129,24,155.0,10.0,0.0,46.0,14.5
2026-04-19 06:00:00+00:00,177,24,165.0,9.9,0.0,45.625,14.8125
2026-04-19 06:00:00+00:00,194,24,161.0,11.5,0.0,46.5,15.0625
2026-04-19 06:00:00+00:00,236,24,162.0,10.0,0.0,45.8125,15.1875
2026-04-19 06:00:00+00:00,325,24,161.0,11.7,0.0,46.5625,15.625
2026-04-19 06:00:00+00:00,391,24,166.0,9.0,0.0,46.6875,16.0625
2026-04-19 06:00:00+00:00,422,24,156.0,9.3,0.0,46.25,15.25
2026-04-19 06:00:00+00:00,425,24,162.0,10.6,0.0,45.9375,15.5
2026-04-19 06:00:00+00:00,426,24,93.0,14.3,0.0,45.5625,13.75
2026-04-19 09:00:00+00:00,63,24,592.0,16.8,0.0,46.375,14.0625
2026-04-19 09:00:00+00:00,76,24,613.0,17.3,0.0,46.3125,14.1875
2026-04-19 09:00:00+00:00,106,24,622.0,17.2,0.0,46.25,14.375
2026-04-19 09:00:00+00:00,122,24,580.0,17.6,0.0,46.0,14.4375
2026-04-19 09:00:00+00:00,127,24,626.0,17.0,0.0,46.125,14.5
2026-04-19 09:00:00+00:00,129,24,583.0,17.5,0.0,46.0,14.5
2026-04-19 09:00:00+00:00,177,24,604.0,16.4,0.0,45.625,14.8125
2026-04-19 09:00:00+00:00,194,24,643.0,18.7,0.0,46.5,15.0625
2026-04-19 09:00:00+00:00,236,24,661.0,18.6,0.0,45.8125,15.1875
2026-04-19 09:00:00+00:00,325,24,586.0,19.0,0.0,46.5625,15.625
2026-04-19 09:00:00+00:00,391,24,615.0,19.1,0.0,46.6875,16.0625
2026-04-19 09:00:00+00:00,422,24,654.0,19.6,0.0,46.25,15.25
2026-04-19 09:00:00+00:00,425,24,661.0,18.9,0.0,45.9375,15.5
2026-04-19 09:00:00+00:00,426,24,567.0,20.2,0.0,45.5625,13.75
2026-04-19 12:00:00+00:00,63,24,441.0,16.7,0.2,46.375,14.0625
2026-04-19 12:00:00+00:00,76,24,469.0,17.6,0.2,46.3125,14.1875
2026-04-19 12:00:00+00:00,106,24,472.0,19.0,0.1,46.25,14.375
2026-04-19 12:00:00+00:00,122,24,453.0,19.7,0.2,46.0,14.4375
2026-04-19 12:00:00+00:00,127,24,499.0,19.6,0.1,46.125,14.5
2026-04-19 12:00:00+00:00,129,24,385.0,19.7,0.4,46.0,14.5
2026-04-19 12:00:00+00:00,177,24,342.0,15.4,0.9,45.625,14.8125
2026-04-19 12:00:00+00:00,194,24,536.0,19.8,0.0,46.5,15.0625
2026-04-19 12:00:00+00:00,236,24,585.0,20.8,0.0,45.8125,15.1875
2026-04-19 12:00:00+00:00,325,24,517.0,21.0,0.1,46.5625,15.625
2026-04-19 12:00:00+00:00,391,24,652.0,22.3,0.0,46.6875,16.0625
2026-04-19 12:00:00+00:00,422,24,535.0,21.9,0.0,46.25,15.25
2026-04-19 12:00:00+00:00,425,24,664.0,22.3,0.1,45.9375,15.5
2026-04-19 12:00:00+00:00,426,24,574.0,19.9,0.0,45.5625,13.75
2026-04-19 15:00:00+00:00,63,24,279.0,16.3,0.0,46.375,14.0625
2026-04-19 15:00:00+00:00,76,24,299.0,17.1,0.0,46.3125,14.1875
2026-04-19 15:00:00+00:00,106,24,293.0,18.4,0.0,46.25,14.375
2026-04-19 15:00:00+00:00,122,24,349.0,18.9,0.0,46.0,14.4375
2026-04-19 15:00:00+00:00,127,24,312.0,18.8,0.0,46.125,14.5
2026-04-19 15:00:00+00:00,129,24,343.0,19.3,0.0,46.0,14.5
2026-04-19 15:00:00+00:00,177,24,348.0,16.6,0.0,45.625,14.8125
2026-04-19 15:00:00+00:00,194,24,277.0,17.9,0.4,46.5,15.0625
2026-04-19 15:00:00+00:00,236,24,329.0,20.5,0.0,45.8125,15.1875
2026-04-19 15:00:00+00:00,325,24,319.0,18.2,0.3,46.5625,15.625
2026-04-19 15:00:00+00:00,391,24,187.0,19.7,0.1,46.6875,16.0625
2026-04-19 15:00:00+00:00,422,24,316.0,20.7,0.0,46.25,15.25
2026-04-19 15:00:00+00:00,425,24,266.0,20.3,0.0,45.9375,15.5
2026-04-19 15:00:00+00:00,426,24,119.0,16.3,0.7,45.5625,13.75
2026-04-19 18:00:00+00:00,63,24,18.0,11.8,0.0,46.375,14.0625
2026-04-19 18:00:00+00:00,76,24,18.0,12.7,0.0,46.3125,14.1875
2026-04-19 18:00:00+00:00,106,24,13.0,13.7,0.0,46.25,14.375
2026-04-19 18:00:00+00:00,122,24,17.0,15.5,0.0,46.0,14.4375
2026-04-19 18:00:00+00:00,127,24,14.0,15.0,0.0,46.125,14.5
2026-04-19 18:00:00+00:00,129,24,15.0,15.9,0.0,46.0,14.5
2026-04-19 18:00:00+00:00,177,24,11.0,12.4,0.0,45.625,14.8125
2026-04-19 18:00:00+00:00,194,24,7.0,12.6,0.6,46.5,15.0625
2026-04-19 18:00:00+00:00,236,24,8.0,16.9,0.0,45.8125,15.1875
2026-04-19 18:00:00+00:00,325,24,4.0,13.2,2.6,46.5625,15.625
2026-04-19 18:00:00+00:00,391,24,4.0,13.2,2.3,46.6875,16.0625
2026-04-19 18:00:00+00:00,422,24,6.0,14.7,0.7,46.25,15.25
2026-04-19 18:00:00+00:00,425,24,7.0,17.0,0.1,45.9375,15.5
2026-04-19 18:00:00+00:00,426,24,16.0,16.6,0.0,45.5625,13.75
2026-04-19 21:00:00+00:00,63,24,0.0,8.8,0.2,46.375,14.0625
2026-04-19 21:00:00+00:00,76,24,0.0,10.5,0.2,46.3125,14.1875
2026-04-19 21:00:00+00:00,106,24,0.0,10.3,0.4,46.25,14.375
2026-04-19 21:00:00+00:00,122,24,0.0,10.7,0.0,46.0,14.4375
2026-04-19 21:00:00+00:00,127,24,0.0,11.4,0.0,46.125,14.5
2026-04-19 21:00:00+00:00,129,24,0.0,10.8,0.0,46.0,14.5
2026-04-19 21:00:00+00:00,177,24,0.0,7.7,0.0,45.625,14.8125
2026-04-19 21:00:00+00:00,194,24,0.0,10.9,0.0,46.5,15.0625
2026-04-19 21:00:00+00:00,236,24,0.0,12.0,0.0,45.8125,15.1875
2026-04-19 21:00:00+00:00,325,24,0.0,11.5,0.0,46.5625,15.625
2026-04-19 21:00:00+00:00,391,24,0.0,10.6,0.0,46.6875,16.0625
2026-04-19 21:00:00+00:00,422,24,0.0,11.6,0.0,46.25,15.25
2026-04-19 21:00:00+00:00,425,24,0.0,12.3,0.0,45.9375,15.5
2026-04-19 21:00:00+00:00,426,24,0.0,13.4,0.0,45.5625,13.75
2026-04-19 01:00:00+00:00,63,1,0.0,9.2,0.0,46.375,14.0625
2026-04-19 01:00:00+00:00,76,1,0.0,10.7,0.0,46.3125,14.1875
2026-04-19 01:00:00+00:00,106,1,0.0,10.4,0.0,46.25,14.375
2026-04-19 01:00:00+00:00,122,1,0.0,8.0,0.0,46.0,14.4375
2026-04-19 01:00:00+00:00,127,1,0.0,8.4,0.0,46.125,14.5
2026-04-19 01:00:00+00:00,129,1,0.0,7.5,0.0,46.0,14.5
2026-04-19 01:00:00+00:00,177,1,0.0,7.4,0.0,45.625,14.8125
2026-04-19 01:00:00+00:00,194,1,0.0,9.9,0.0,46.5,15.0625
2026-04-19 01:00:00+00:00,236,1,0.0,8.6,0.0,45.8125,15.1875
2026-04-19 01:00:00+00:00,325,1,0.0,9.9,0.0,46.5625,15.625
2026-04-19 01:00:00+00:00,391,1,0.0,6.9,0.0,46.6875,16.0625
2026-04-19 01:00:00+00:00,422,1,0.0,7.1,0.0,46.25,15.25
2026-04-19 01:00:00+00:00,425,1,0.0,7.4,0.0,45.9375,15.5
2026-04-19 01:00:00+00:00,426,1,0.0,12.2,0.0,45.5625,13.75
2026-04-19 02:00:00+00:00,63,2,0.0,8.9,0.0,46.375,14.0625
2026-04-19 02:00:00+00:00,76,2,0.0,10.6,0.0,46.3125,14.1875
2026-04-19 02:00:00+00:00,106,2,0.0,9.7,0.0,46.25,14.375
2026-04-19 02:00:00+00:00,122,2,0.0,7.9,0.0,46.0,14.4375
2026-04-19 02:00:00+00:00,127,2,0.0,7.8,0.0,46.125,14.5
2026-04-19 02:00:00+00:00,129,2,0.0,7.4,0.0,46.0,14.5
2026-04-19 02:00:00+00:00,177,2,0.0,6.7,0.0,45.625,14.8125
2026-04-19 02:00:00+00:00,194,2,0.0,9.8,0.0,46.5,15.0625
2026-04-19 02:00:00+00:00,236,2,0.0,8.1,0.0,45.8125,15.1875
2026-04-19 02:00:00+00:00,325,2,0.0,9.6,0.0,46.5625,15.625
2026-04-19 02:00:00+00:00,391,2,0.0,6.2,0.0,46.6875,16.0625
2026-04-19 02:00:00+00:00,422,2,0.0,6.7,0.0,46.25,15.25
2026-04-19 02:00:00+00:00,425,2,0.0,6.9,0.0,45.9375,15.5
2026-04-19 02:00:00+00:00,426,2,0.0,12.2,0.0,45.5625,13.75
2026-04-19 03:00:00+00:00,63,3,0.0,8.7,0.0,46.375,14.0625
2026-04-19 03:00:00+00:00,76,3,0.0,10.4,0.0,46.3125,14.1875
2026-04-19 03:00:00+00:00,106,3,0.0,9.0,0.0,46.25,14.375
2026-04-19 03:00:00+00:00,122,3,0.0,7.7,0.0,46.0,14.4375
2026-04-19 03:00:00+00:00,127,3,0.0,7.3,0.0,46.125,14.5
2026-04-19 03:00:00+00:00,129,3,0.0,7.5,0.0,46.0,14.5
2026-04-19 03:00:00+00:00,177,3,0.0,6.8,0.0,45.625,14.8125
2026-04-19 03:00:00+00:00,194,3,0.0,9.5,0.0,46.5,15.0625
2026-04-19 03:00:00+00:00,236,3,0.0,8.0,0.0,45.8125,15.1875
2026-04-19 03:00:00+00:00,325,3,0.0,9.4,0.0,46.5625,15.625
2026-04-19 03:00:00+00:00,391,3,0.0,5.7,0.0,46.6875,16.0625
2026-04-19 03:00:00+00:00,422,3,0.0,6.2,0.0,46.25,15.25
2026-04-19 03:00:00+00:00,425,3,0.0,6.6,0.0,45.9375,15.5
2026-04-19 03:00:00+00:00,426,3,0.0,12.5,0.0,45.5625,13.75
2026-04-19 04:00:00+00:00,63,1,0.0,8.0,0.0,46.375,14.0625
2026-04-19 04:00:00+00:00,76,1,0.0,9.3,0.0,46.3125,14.1875
2026-04-19 04:00:00+00:00,106,1,0.0,8.7,0.0,46.25,14.375
2026-04-19 04:00:00+00:00,122,1,0.0,6.9,0.0,46.0,14.4375
2026-04-19 04:00:00+00:00,127,1,0.0,6.6,0.0,46.125,14.5
2026-04-19 04:00:00+00:00,129,1,0.0,6.7,0.0,46.0,14.5
2026-04-19 04:00:00+00:00,177,1,0.0,5.9,0.0,45.625,14.8125
2026-04-19 04:00:00+00:00,194,1,0.0,8.6,0.0,46.5,15.0625
2026-04-19 04:00:00+00:00,236,1,0.0,6.4,0.0,45.8125,15.1875
2026-04-19 04:00:00+00:00,325,1,0.0,8.4,0.0,46.5625,15.625
2026-04-19 04:00:00+00:00,391,1,0.0,3.9,0.0,46.6875,16.0625
2026-04-19 04:00:00+00:00,422,1,0.0,4.6,0.0,46.25,15.25
2026-04-19 04:00:00+00:00,425,1,0.0,6.1,0.0,45.9375,15.5
2026-04-19 04:00:00+00:00,426,1,0.0,12.7,0.0,45.5625,13.75
2026-04-19 05:00:00+00:00,63,2,23.0,8.4,0.0,46.375,14.0625
2026-04-19 05:00:00+00:00,76,2,23.0,9.5,0.0,46.3125,14.1875
2026-04-19 05:00:00+00:00,106,2,25.0,8.8,0.0,46.25,14.375
2026-04-19 05:00:00+00:00,122,2,23.0,7.1,0.0,46.0,14.4375
2026-04-19 05:00:00+00:00,127,2,23.0,6.8,0.0,46.125,14.5
2026-04-19 05:00:00+00:00,129,2,24.0,7.0,0.0,46.0,14.5
2026-04-19 05:00:00+00:00,177,2,29.0,6.5,0.0,45.625,14.8125
2026-04-19 05:00:00+00:00,194,2,27.0,8.6,0.0,46.5,15.0625
2026-04-19 05:00:00+00:00,236,2,28.0,6.7,0.0,45.8125,15.1875
2026-04-19 05:00:00+00:00,325,2,25.0,9.1,0.0,46.5625,15.625
2026-04-19 05:00:00+00:00,391,2,33.0,4.4,0.0,46.6875,16.0625
2026-04-19 05:00:00+00:00,422,2,24.0,5.6,0.0,46.25,15.25
2026-04-19 05:00:00+00:00,425,2,29.0,6.8,0.0,45.9375,15.5
2026-04-19 05:00:00+00:00,426,2,13.0,12.9,0.0,45.5625,13.75
2026-04-19 06:00:00+00:00,63,3,150.0,10.6,0.0,46.375,14.0625
2026-04-19 06:00:00+00:00,63,6,147.0,9.6,0.0,46.375,14.0625
2026-04-19 06:00:00+00:00,76,3,152.0,12.0,0.0,46.3125,14.1875
2026-04-19 06:00:00+00:00,76,6,149.0,12.4,0.0,46.3125,14.1875
2026-04-19 06:00:00+00:00,106,3,155.0,10.8,0.0,46.25,14.375
2026-04-19 06:00:00+00:00,106,6,145.0,11.2,0.0,46.25,14.375
2026-04-19 06:00:00+00:00,122,3,146.0,10.1,0.0,46.0,14.4375
2026-04-19 06:00:00+00:00,122,6,144.0,10.6,0.0,46.0,14.4375
2026-04-19 06:00:00+00:00,127,3,139.0,8.3,0.0,46.125,14.5
2026-04-19 06:00:00+00:00,127,6,145.0,9.3,0.0,46.125,14.5
2026-04-19 06:00:00+00:00,129,3,148.0,9.8,0.0,46.0,14.5
2026-04-19 06:00:00+00:00,129,6,146.0,10.2,0.0,46.0,14.5
2026-04-19 06:00:00+00:00,177,3,169.0,9.8,0.0,45.625,14.8125
2026-04-19 06:00:00+00:00,177,6,170.0,10.0,0.0,45.625,14.8125
2026-04-19 06:00:00+00:00,194,3,161.0,11.5,0.0,46.5,15.0625
2026-04-19 06:00:00+00:00,194,6,163.0,12.0,0.0,46.5,15.0625
2026-04-19 06:00:00+00:00,236,3,164.0,9.7,0.0,45.8125,15.1875
2026-04-19 06:00:00+00:00,236,6,167.0,10.5,0.0,45.8125,15.1875
2026-04-19 06:00:00+00:00,325,3,131.0,11.9,0.0,46.5625,15.625
2026-04-19 06:00:00+00:00,325,6,145.0,12.2,0.0,46.5625,15.625
2026-04-19 06:00:00+00:00,391,3,159.0,8.5,0.0,46.6875,16.0625
2026-04-19 06:00:00+00:00,391,6,159.0,9.2,0.0,46.6875,16.0625
2026-04-19 06:00:00+00:00,422,3,124.0,9.0,0.0,46.25,15.25
2026-04-19 06:00:00+00:00,422,6,130.0,9.7,0.0,46.25,15.25
2026-04-19 06:00:00+00:00,425,3,151.0,10.2,0.0,45.9375,15.5
2026-04-19 06:00:00+00:00,425,6,153.0,10.8,0.0,45.9375,15.5
2026-04-19 06:00:00+00:00,426,3,95.0,14.6,0.0,45.5625,13.75
2026-04-19 06:00:00+00:00,426,6,80.0,14.4,0.0,45.5625,13.75
2026-04-19 07:00:00+00:00,63,1,332.0,13.4,0.0,46.375,14.0625
2026-04-19 07:00:00+00:00,76,1,326.0,14.6,0.0,46.3125,14.1875
2026-04-19 07:00:00+00:00,106,1,333.0,13.4,0.0,46.25,14.375
2026-04-19 07:00:00+00:00,122,1,328.0,13.0,0.0,46.0,14.4375
2026-04-19 07:00:00+00:00,127,1,322.0,11.2,0.0,46.125,14.5
2026-04-19 07:00:00+00:00,129,1,330.0,12.1,0.0,46.0,14.5
2026-04-19 07:00:00+00:00,177,1,341.0,13.2,0.0,45.625,14.8125
2026-04-19 07:00:00+00:00,194,1,335.0,14.7,0.0,46.5,15.0625
2026-04-19 07:00:00+00:00,236,1,326.0,13.0,0.0,45.8125,15.1875
2026-04-19 07:00:00+00:00,325,1,300.0,15.4,0.0,46.5625,15.625
2026-04-19 07:00:00+00:00,391,1,328.0,13.5,0.0,46.6875,16.0625
2026-04-19 07:00:00+00:00,422,1,310.0,13.1,0.0,46.25,15.25
2026-04-19 07:00:00+00:00,425,1,303.0,13.4,0.0,45.9375,15.5
2026-04-19 07:00:00+00:00,426,1,222.0,17.4,0.0,45.5625,13.75
2026-04-19 08:00:00+00:00,63,2,508.0,15.5,0.0,46.375,14.0625
2026-04-19 08:00:00+00:00,76,2,507.0,16.2,0.0,46.3125,14.1875
2026-04-19 08:00:00+00:00,106,2,507.0,15.2,0.0,46.25,14.375
2026-04-19 08:00:00+00:00,122,2,495.0,15.6,0.0,46.0,14.4375
2026-04-19 08:00:00+00:00,127,2,496.0,14.5,0.0,46.125,14.5
2026-04-19 08:00:00+00:00,129,2,496.0,14.9,0.0,46.0,14.5
2026-04-19 08:00:00+00:00,177,2,498.0,15.1,0.0,45.625,14.8125
2026-04-19 08:00:00+00:00,194,2,511.0,16.9,0.0,46.5,15.0625
2026-04-19 08:00:00+00:00,236,2,498.0,15.9,0.0,45.8125,15.1875
2026-04-19 08:00:00+00:00,325,2,460.0,17.1,0.0,46.5625,15.625
2026-04-19 08:00:00+00:00,391,2,502.0,16.6,0.0,46.6875,16.0625
2026-04-19 08:00:00+00:00,422,2,501.0,16.6,0.0,46.25,15.25
2026-04-19 08:00:00+00:00,425,2,470.0,16.1,0.0,45.9375,15.5
2026-04-19 08:00:00+00:00,426,2,345.0,18.9,0.0,45.5625,13.75
2026-04-19 09:00:00+00:00,63,3,608.0,17.2,0.0,46.375,14.0625
2026-04-19 09:00:00+00:00,63,6,593.0,17.2,0.0,46.375,14.0625
2026-04-19 09:00:00+00:00,76,3,632.0,17.5,0.0,46.3125,14.1875
2026-04-19 09:00:00+00:00,76,6,644.0,17.4,0.0,46.3125,14.1875
2026-04-19 09:00:00+00:00,106,3,655.0,17.2,0.0,46.25,14.375
2026-04-19 09:00:00+00:00,106,6,652.0,17.3,0.0,46.25,14.375
2026-04-19 09:00:00+00:00,122,3,637.0,18.0,0.0,46.0,14.4375
2026-04-19 09:00:00+00:00,122,6,645.0,18.1,0.0,46.0,14.4375
2026-04-19 09:00:00+00:00,127,3,644.0,17.1,0.0,46.125,14.5
2026-04-19 09:00:00+00:00,127,6,646.0,17.2,0.0,46.125,14.5
2026-04-19 09:00:00+00:00,129,3,631.0,17.8,0.0,46.0,14.5
2026-04-19 09:00:00+00:00,129,6,645.0,17.9,0.0,46.0,14.5
2026-04-19 09:00:00+00:00,177,3,643.0,16.7,0.0,45.625,14.8125
2026-04-19 09:00:00+00:00,177,6,644.0,16.7,0.0,45.625,14.8125
2026-04-19 09:00:00+00:00,194,3,659.0,19.0,0.0,46.5,15.0625
2026-04-19 09:00:00+00:00,194,6,662.0,19.0,0.0,46.5,15.0625
2026-04-19 09:00:00+00:00,236,3,634.0,18.3,0.0,45.8125,15.1875
2026-04-19 09:00:00+00:00,236,6,642.0,18.3,0.0,45.8125,15.1875
2026-04-19 09:00:00+00:00,325,3,623.0,19.1,0.0,46.5625,15.625
2026-04-19 09:00:00+00:00,325,6,615.0,19.1,0.0,46.5625,15.625
2026-04-19 09:00:00+00:00,391,3,639.0,19.1,0.0,46.6875,16.0625
2026-04-19 09:00:00+00:00,391,6,632.0,19.2,0.0,46.6875,16.0625
2026-04-19 09:00:00+00:00,422,3,647.0,19.6,0.0,46.25,15.25
2026-04-19 09:00:00+00:00,422,6,651.0,19.6,0.0,46.25,15.25
2026-04-19 09:00:00+00:00,425,3,643.0,18.5,0.0,45.9375,15.5
2026-04-19 09:00:00+00:00,425,6,634.0,18.6,0.0,45.9375,15.5
2026-04-19 09:00:00+00:00,426,3,545.0,19.3,0.0,45.5625,13.75
2026-04-19 09:00:00+00:00,426,6,509.0,19.1,0.0,45.5625,13.75
2026-04-19 10:00:00+00:00,63,1,603.0,17.4,0.3,46.375,14.0625
2026-04-19 10:00:00+00:00,76,1,681.0,18.1,0.0,46.3125,14.1875
2026-04-19 10:00:00+00:00,106,1,749.0,18.5,0.0,46.25,14.375
2026-04-19 10:00:00+00:00,122,1,740.0,19.6,0.0,46.0,14.4375
2026-04-19 10:00:00+00:00,127,1,748.0,18.8,0.0,46.125,14.5
2026-04-19 10:00:00+00:00,129,1,752.0,19.6,0.0,46.0,14.5
2026-04-19 10:00:00+00:00,177,1,717.0,17.7,0.0,45.625,14.8125
2026-04-19 10:00:00+00:00,194,1,751.0,19.8,0.0,46.5,15.0625
2026-04-19 10:00:00+00:00,236,1,746.0,20.2,0.0,45.8125,15.1875
2026-04-19 10:00:00+00:00,325,1,750.0,20.8,0.0,46.5625,15.625
2026-04-19 10:00:00+00:00,391,1,724.0,20.9,0.0,46.6875,16.0625
2026-04-19 10:00:00+00:00,422,1,754.0,21.4,0.0,46.25,15.25
2026-04-19 10:00:00+00:00,425,1,751.0,20.3,0.0,45.9375,15.5
2026-04-19 10:00:00+00:00,426,1,607.0,19.4,0.0,45.5625,13.75
2026-04-19 11:00:00+00:00,63,2,480.0,17.2,0.2,46.375,14.0625
2026-04-19 11:00:00+00:00,76,2,613.0,18.4,0.0,46.3125,14.1875
2026-04-19 11:00:00+00:00,106,2,571.0,19.0,0.0,46.25,14.375
2026-04-19 11:00:00+00:00,122,2,677.0,20.9,0.0,46.0,14.4375
2026-04-19 11:00:00+00:00,127,2,746.0,20.4,0.0,46.125,14.5
2026-04-19 11:00:00+00:00,129,2,708.0,21.0,0.0,46.0,14.5
2026-04-19 11:00:00+00:00,177,2,631.0,18.3,0.0,45.625,14.8125
2026-04-19 11:00:00+00:00,194,2,773.0,20.3,0.0,46.5,15.0625
2026-04-19 11:00:00+00:00,236,2,813.0,21.6,0.0,45.8125,15.1875
2026-04-19 11:00:00+00:00,325,2,801.0,22.1,0.0,46.5625,15.625
2026-04-19 11:00:00+00:00,391,2,787.0,22.3,0.0,46.6875,16.0625
2026-04-19 11:00:00+00:00,422,2,804.0,22.7,0.0,46.25,15.25
2026-04-19 11:00:00+00:00,425,2,813.0,22.1,0.0,45.9375,15.5
2026-04-19 11:00:00+00:00,426,2,363.0,17.9,0.0,45.5625,13.75
2026-04-19 12:00:00+00:00,63,3,512.0,17.1,0.1,46.375,14.0625
2026-04-19 12:00:00+00:00,63,6,482.0,17.4,0.0,46.375,14.0625
2026-04-19 12:00:00+00:00,76,3,578.0,18.5,0.0,46.3125,14.1875
2026-04-19 12:00:00+00:00,76,6,491.0,18.3,0.0,46.3125,14.1875
2026-04-19 12:00:00+00:00,106,3,550.0,19.5,0.0,46.25,14.375
2026-04-19 12:00:00+00:00,106,6,516.0,19.5,0.0,46.25,14.375
2026-04-19 12:00:00+00:00,122,3,598.0,20.6,0.0,46.0,14.4375
2026-04-19 12:00:00+00:00,122,6,533.0,20.6,0.1,46.0,14.4375
2026-04-19 12:00:00+00:00,127,3,591.0,20.2,0.0,46.125,14.5
2026-04-19 12:00:00+00:00,127,6,555.0,20.2,0.0,46.125,14.5
2026-04-19 12:00:00+00:00,129,3,582.0,20.8,0.0,46.0,14.5
2026-04-19 12:00:00+00:00,129,6,492.0,20.7,0.1,46.0,14.5
2026-04-19 12:00:00+00:00,177,3,461.0,16.6,0.5,45.625,14.8125
2026-04-19 12:00:00+00:00,177,6,448.0,16.5,0.3,45.625,14.8125
2026-04-19 12:00:00+00:00,194,3,647.0,20.3,0.0,46.5,15.0625
2026-04-19 12:00:00+00:00,194,6,638.0,20.5,0.0,46.5,15.0625
2026-04-19 12:00:00+00:00,236,3,799.0,21.9,0.0,45.8125,15.1875
2026-04-19 12:00:00+00:00,236,6,612.0,21.3,0.0,45.8125,15.1875
2026-04-19 12:00:00+00:00,325,3,740.0,22.8,0.0,46.5625,15.625
2026-04-19 12:00:00+00:00,325,6,719.0,22.5,0.0,46.5625,15.625
2026-04-19 12:00:00+00:00,391,3,795.0,23.0,0.0,46.6875,16.0625
2026-04-19 12:00:00+00:00,391,6,783.0,22.9,0.0,46.6875,16.0625
2026-04-19 12:00:00+00:00,422,3,693.0,22.6,0.0,46.25,15.25
2026-04-19 12:00:00+00:00,422,6,681.0,22.7,0.0,46.25,15.25
2026-04-19 12:00:00+00:00,425,3,795.0,23.2,0.0,45.9375,15.5
2026-04-19 12:00:00+00:00,425,6,754.0,23.1,0.0,45.9375,15.5
2026-04-19 12:00:00+00:00,426,3,513.0,19.0,0.0,45.5625,13.75
2026-04-19 12:00:00+00:00,426,6,429.0,18.8,0.0,45.5625,13.75
2026-04-19 13:00:00+00:00,63,1,443.0,17.7,0.1,46.375,14.0625
2026-04-19 13:00:00+00:00,76,1,456.0,18.9,0.0,46.3125,14.1875
2026-04-19 13:00:00+00:00,106,1,464.0,20.1,0.0,46.25,14.375
2026-04-19 13:00:00+00:00,122,1,457.0,20.2,0.0,46.0,14.4375
2026-04-19 13:00:00+00:00,127,1,519.0,20.6,0.0,46.125,14.5
2026-04-19 13:00:00+00:00,129,1,454.0,20.6,0.0,46.0,14.5
2026-04-19 13:00:00+00:00,177,1,394.0,17.2,0.2,45.625,14.8125
2026-04-19 13:00:00+00:00,194,1,430.0,20.3,0.1,46.5,15.0625
2026-04-19 13:00:00+00:00,236,1,562.0,21.5,0.1,45.8125,15.1875
2026-04-19 13:00:00+00:00,325,1,565.0,22.4,0.1,46.5625,15.625
2026-04-19 13:00:00+00:00,391,1,620.0,22.7,0.0,46.6875,16.0625
2026-04-19 13:00:00+00:00,422,1,517.0,22.1,0.1,46.25,15.25
2026-04-19 13:00:00+00:00,425,1,675.0,23.3,0.0,45.9375,15.5
2026-04-19 13:00:00+00:00,426,1,252.0,18.4,0.1,45.5625,13.75
2026-04-19 14:00:00+00:00,63,2,382.0,17.5,0.0,46.375,14.0625
2026-04-19 14:00:00+00:00,76,2,401.0,18.5,0.0,46.3125,14.1875
2026-04-19 14:00:00+00:00,106,2,421.0,19.5,0.0,46.25,14.375
2026-04-19 14:00:00+00:00,122,2,326.0,19.1,0.0,46.0,14.4375
2026-04-19 14:00:00+00:00,127,2,392.0,19.6,0.0,46.125,14.5
2026-04-19 14:00:00+00:00,129,2,324.0,19.5,0.0,46.0,14.5
2026-04-19 14:00:00+00:00,177,2,379.0,16.8,0.0,45.625,14.8125
2026-04-19 14:00:00+00:00,194,2,383.0,19.5,0.5,46.5,15.0625
2026-04-19 14:00:00+00:00,236,2,318.0,19.5,0.3,45.8125,15.1875
2026-04-19 14:00:00+00:00,325,2,387.0,21.1,0.3,46.5625,15.625
2026-04-19 14:00:00+00:00,391,2,404.0,22.1,0.0,46.6875,16.0625
2026-04-19 14:00:00+00:00,422,2,408.0,21.8,0.1,46.25,15.25
2026-04-19 14:00:00+00:00,425,2,381.0,21.0,0.1,45.9375,15.5
2026-04-19 14:00:00+00:00,426,2,269.0,18.8,0.0,45.5625,13.75
2026-04-19 15:00:00+00:00,63,3,295.0,16.5,0.2,46.375,14.0625
2026-04-19 15:00:00+00:00,63,6,298.0,16.1,0.3,46.375,14.0625
2026-04-19 15:00:00+00:00,76,3,320.0,17.7,0.0,46.3125,14.1875
2026-04-19 15:00:00+00:00,76,6,374.0,17.9,0.0,46.3125,14.1875
2026-04-19 15:00:00+00:00,106,3,326.0,18.8,0.0,46.25,14.375
2026-04-19 15:00:00+00:00,106,6,348.0,18.6,0.0,46.25,14.375
2026-04-19 15:00:00+00:00,122,3,284.0,17.8,0.0,46.0,14.4375
2026-04-19 15:00:00+00:00,122,6,308.0,18.7,0.0,46.0,14.4375
2026-04-19 15:00:00+00:00,127,3,310.0,18.4,0.0,46.125,14.5
2026-04-19 15:00:00+00:00,127,6,332.0,18.9,0.0,46.125,14.5
2026-04-19 15:00:00+00:00,129,3,288.0,18.3,0.0,46.0,14.5
2026-04-19 15:00:00+00:00,129,6,309.0,19.0,0.0,46.0,14.5
2026-04-19 15:00:00+00:00,177,3,200.0,14.3,0.4,45.625,14.8125
2026-04-19 15:00:00+00:00,177,6,269.0,16.5,0.0,45.625,14.8125
2026-04-19 15:00:00+00:00,194,3,229.0,16.3,2.2,46.5,15.0625
2026-04-19 15:00:00+00:00,194,6,244.0,16.5,1.7,46.5,15.0625
2026-04-19 15:00:00+00:00,236,3,265.0,19.2,0.0,45.8125,15.1875
2026-04-19 15:00:00+00:00,236,6,306.0,20.4,0.0,45.8125,15.1875
2026-04-19 15:00:00+00:00,325,3,276.0,19.2,0.3,46.5625,15.625
2026-04-19 15:00:00+00:00,325,6,307.0,20.1,0.2,46.5625,15.625
2026-04-19 15:00:00+00:00,391,3,266.0,20.4,0.1,46.6875,16.0625
2026-04-19 15:00:00+00:00,391,6,269.0,20.2,0.1,46.6875,16.0625
2026-04-19 15:00:00+00:00,422,3,339.0,21.0,0.1,46.25,15.25
2026-04-19 15:00:00+00:00,422,6,339.0,21.2,0.0,46.25,15.25
2026-04-19 15:00:00+00:00,425,3,314.0,20.9,0.0,45.9375,15.5
2026-04-19 15:00:00+00:00,425,6,320.0,21.1,0.0,45.9375,15.5
2026-04-19 15:00:00+00:00,426,3,259.0,19.1,0.0,45.5625,13.75
2026-04-19 15:00:00+00:00,426,6,328.0,19.0,0.0,45.5625,13.75
2026-04-19 16:00:00+00:00,63,1,152.0,14.6,0.8,46.375,14.0625
2026-04-19 16:00:00+00:00,76,1,177.0,15.1,1.1,46.3125,14.1875
2026-04-19 16:00:00+00:00,106,1,196.0,17.8,0.2,46.25,14.375
2026-04-19 16:00:00+00:00,122,1,181.0,17.2,0.0,46.0,14.4375
2026-04-19 16:00:00+00:00,127,1,213.0,17.5,0.0,46.125,14.5
2026-04-19 16:00:00+00:00,129,1,179.0,17.6,0.0,46.0,14.5
2026-04-19 16:00:00+00:00,177,1,90.0,14.1,0.6,45.625,14.8125
2026-04-19 16:00:00+00:00,194,1,73.0,14.8,1.4,46.5,15.0625
2026-04-19 16:00:00+00:00,236,1,125.0,18.9,0.0,45.8125,15.1875
2026-04-19 16:00:00+00:00,325,1,65.0,13.9,3.6,46.5625,15.625
2026-04-19 16:00:00+00:00,391,1,74.0,14.5,3.4,46.6875,16.0625
2026-04-19 16:00:00+00:00,422,1,174.0,17.8,0.5,46.25,15.25
2026-04-19 16:00:00+00:00,425,1,165.0,20.2,0.1,45.9375,15.5
2026-04-19 16:00:00+00:00,426,1,235.0,19.0,0.0,45.5625,13.75
2026-04-19 17:00:00+00:00,63,2,75.0,13.8,0.1,46.375,14.0625
2026-04-19 17:00:00+00:00,76,2,80.0,14.6,0.2,46.3125,14.1875
2026-04-19 17:00:00+00:00,106,2,85.0,17.0,0.0,46.25,14.375
2026-04-19 17:00:00+00:00,122,2,93.0,16.6,0.0,46.0,14.4375
2026-04-19 17:00:00+00:00,127,2,91.0,16.6,0.1,46.125,14.5
2026-04-19 17:00:00+00:00,129,2,93.0,17.0,0.0,46.0,14.5
2026-04-19 17:00:00+00:00,177,2,48.0,13.3,0.1,45.625,14.8125
2026-04-19 17:00:00+00:00,194,2,37.0,14.1,0.8,46.5,15.0625
2026-04-19 17:00:00+00:00,236,2,49.0,17.3,0.1,45.8125,15.1875
2026-04-19 17:00:00+00:00,325,2,17.0,13.4,2.0,46.5625,15.625
2026-04-19 17:00:00+00:00,391,2,16.0,13.0,3.1,46.6875,16.0625
2026-04-19 17:00:00+00:00,422,2,40.0,15.4,0.9,46.25,15.25
2026-04-19 17:00:00+00:00,425,2,87.0,19.0,0.0,45.9375,15.5
2026-04-19 17:00:00+00:00,426,2,116.0,18.4,0.0,45.5625,13.75
2026-04-19 18:00:00+00:00,63,3,21.0,12.3,0.0,46.375,14.0625
2026-04-19 18:00:00+00:00,63,6,21.0,12.7,0.0,46.375,14.0625
2026-04-19 18:00:00+00:00,76,3,20.0,13.3,0.0,46.3125,14.1875
2026-04-19 18:00:00+00:00,76,6,19.0,13.2,0.1,46.3125,14.1875
2026-04-19 18:00:00+00:00,106,3,18.0,14.5,0.0,46.25,14.375
2026-04-19 18:00:00+00:00,106,6,17.0,15.1,0.0,46.25,14.375
2026-04-19 18:00:00+00:00,122,3,15.0,15.4,0.0,46.0,14.4375
2026-04-19 18:00:00+00:00,122,6,12.0,15.6,0.1,46.0,14.4375
2026-04-19 18:00:00+00:00,127,3,15.0,15.4,0.0,46.125,14.5
2026-04-19 18:00:00+00:00,127,6,15.0,15.5,0.0,46.125,14.5
2026-04-19 18:00:00+00:00,129,3,14.0,15.7,0.0,46.0,14.5
2026-04-19 18:00:00+00:00,129,6,11.0,15.9,0.0,46.0,14.5
2026-04-19 18:00:00+00:00,177,3,13.0,11.8,0.0,45.625,14.8125
2026-04-19 18:00:00+00:00,177,6,10.0,11.7,0.1,45.625,14.8125
2026-04-19 18:00:00+00:00,194,3,8.0,13.1,0.1,46.5,15.0625
2026-04-19 18:00:00+00:00,194,6,9.0,13.2,0.0,46.5,15.0625
2026-04-19 18:00:00+00:00,236,3,8.0,15.8,0.0,45.8125,15.1875
2026-04-19 18:00:00+00:00,236,6,5.0,15.3,0.2,45.8125,15.1875
2026-04-19 18:00:00+00:00,325,3,5.0,12.9,0.0,46.5625,15.625
2026-04-19 18:00:00+00:00,325,6,5.0,13.0,0.0,46.5625,15.625
2026-04-19 18:00:00+00:00,391,3,3.0,12.6,1.4,46.6875,16.0625
2026-04-19 18:00:00+00:00,391,6,4.0,12.7,3.2,46.6875,16.0625
2026-04-19 18:00:00+00:00,422,3,5.0,14.4,0.5,46.25,15.25
2026-04-19 18:00:00+00:00,422,6,6.0,14.6,0.5,46.25,15.25
2026-04-19 18:00:00+00:00,425,3,9.0,16.4,0.1,45.9375,15.5
2026-04-19 18:00:00+00:00,425,6,8.0,16.3,0.1,45.9375,15.5
2026-04-19 18:00:00+00:00,426,3,18.0,17.4,0.0,45.5625,13.75
2026-04-19 18:00:00+00:00,426,6,16.0,17.2,0.0,45.5625,13.75
2026-04-19 19:00:00+00:00,63,1,0.0,10.7,0.1,46.375,14.0625
2026-04-19 19:00:00+00:00,76,1,0.0,11.5,0.6,46.3125,14.1875
2026-04-19 19:00:00+00:00,106,1,0.0,12.5,0.0,46.25,14.375
2026-04-19 19:00:00+00:00,122,1,0.0,13.8,0.0,46.0,14.4375
2026-04-19 19:00:00+00:00,127,1,0.0,13.5,0.0,46.125,14.5
2026-04-19 19:00:00+00:00,129,1,0.0,14.3,0.0,46.0,14.5
2026-04-19 19:00:00+00:00,177,1,0.0,11.0,0.2,45.625,14.8125
2026-04-19 19:00:00+00:00,194,1,0.0,11.9,0.0,46.5,15.0625
2026-04-19 19:00:00+00:00,236,1,0.0,14.8,0.1,45.8125,15.1875
2026-04-19 19:00:00+00:00,325,1,0.0,11.9,0.0,46.5625,15.625
2026-04-19 19:00:00+00:00,391,1,0.0,11.2,0.0,46.6875,16.0625
2026-04-19 19:00:00+00:00,422,1,0.0,13.0,0.6,46.25,15.25
2026-04-19 19:00:00+00:00,425,1,0.0,13.8,0.5,45.9375,15.5
2026-04-19 19:00:00+00:00,426,1,0.0,15.9,0.0,45.5625,13.75
2026-04-19 20:00:00+00:00,63,2,0.0,9.9,2.1,46.375,14.0625
2026-04-19 20:00:00+00:00,76,2,0.0,10.8,1.3,46.3125,14.1875
2026-04-19 20:00:00+00:00,106,2,0.0,11.4,0.6,46.25,14.375
2026-04-19 20:00:00+00:00,122,2,0.0,12.0,0.0,46.0,14.4375
2026-04-19 20:00:00+00:00,127,2,0.0,12.4,0.0,46.125,14.5
2026-04-19 20:00:00+00:00,129,2,0.0,12.7,0.0,46.0,14.5
2026-04-19 20:00:00+00:00,177,2,0.0,10.3,0.1,45.625,14.8125
2026-04-19 20:00:00+00:00,194,2,0.0,11.2,0.0,46.5,15.0625
2026-04-19 20:00:00+00:00,236,2,0.0,13.5,0.0,45.8125,15.1875
2026-04-19 20:00:00+00:00,325,2,0.0,11.6,0.0,46.5625,15.625
2026-04-19 20:00:00+00:00,391,2,0.0,10.7,0.0,46.6875,16.0625
2026-04-19 20:00:00+00:00,422,2,0.0,12.1,0.0,46.25,15.25
2026-04-19 20:00:00+00:00,425,2,0.0,12.6,0.3,45.9375,15.5
2026-04-19 20:00:00+00:00,426,2,0.0,14.5,0.0,45.5625,13.75
2026-04-19 21:00:00+00:00,63,3,0.0,9.8,0.9,46.375,14.0625
2026-04-19 21:00:00+00:00,63,6,0.0,10.1,1.2,46.375,14.0625
2026-04-19 21:00:00+00:00,76,3,0.0,10.7,0.4,46.3125,14.1875
2026-04-19 21:00:00+00:00,76,6,0.0,11.0,0.7,46.3125,14.1875
2026-04-19 21:00:00+00:00,106,3,0.0,11.1,0.1,46.25,14.375
2026-04-19 21:00:00+00:00,106,6,0.0,11.0,0.6,46.25,14.375
2026-04-19 21:00:00+00:00,122,3,0.0,10.7,0.0,46.0,14.4375
2026-04-19 21:00:00+00:00,122,6,0.0,11.5,0.5,46.0,14.4375
2026-04-19 21:00:00+00:00,127,3,0.0,11.3,0.2,46.125,14.5
2026-04-19 21:00:00+00:00,127,6,0.0,11.3,1.2,46.125,14.5
2026-04-19 21:00:00+00:00,129,3,0.0,11.5,0.0,46.0,14.5
2026-04-19 21:00:00+00:00,129,6,0.0,12.0,0.4,46.0,14.5
2026-04-19 21:00:00+00:00,177,3,0.0,10.0,0.0,45.625,14.8125
2026-04-19 21:00:00+00:00,177,6,0.0,9.1,0.1,45.625,14.8125
2026-04-19 21:00:00+00:00,194,3,0.0,11.1,0.0,46.5,15.0625
2026-04-19 21:00:00+00:00,194,6,0.0,11.2,0.0,46.5,15.0625
2026-04-19 21:00:00+00:00,236,3,0.0,12.3,0.0,45.8125,15.1875
2026-04-19 21:00:00+00:00,236,6,0.0,12.6,0.0,45.8125,15.1875
2026-04-19 21:00:00+00:00,325,3,0.0,11.2,0.1,46.5625,15.625
2026-04-19 21:00:00+00:00,325,6,0.0,11.4,0.0,46.5625,15.625
2026-04-19 21:00:00+00:00,391,3,0.0,10.1,0.1,46.6875,16.0625
2026-04-19 21:00:00+00:00,391,6,0.0,10.4,0.0,46.6875,16.0625
2026-04-19 21:00:00+00:00,422,3,0.0,11.5,0.0,46.25,15.25
2026-04-19 21:00:00+00:00,422,6,0.0,11.8,0.1,46.25,15.25
2026-04-19 21:00:00+00:00,425,3,0.0,11.8,0.0,45.9375,15.5
2026-04-19 21:00:00+00:00,425,6,0.0,12.4,0.1,45.9375,15.5
2026-04-19 21:00:00+00:00,426,3,0.0,13.6,0.0,45.5625,13.75
2026-04-19 21:00:00+00:00,426,6,0.0,13.5,0.0,45.5625,13.75
2026-04-19 22:00:00+00:00,63,1,0.0,9.7,0.2,46.375,14.0625
2026-04-19 22:00:00+00:00,76,1,0.0,10.1,0.4,46.3125,14.1875
2026-04-19 22:00:00+00:00,106,1,0.0,10.1,0.0,46.25,14.375
2026-04-19 22:00:00+00:00,122,1,0.0,9.4,0.0,46.0,14.4375
2026-04-19 22:00:00+00:00,127,1,0.0,10.2,0.0,46.125,14.5
2026-04-19 22:00:00+00:00,129,1,0.0,10.2,0.0,46.0,14.5
2026-04-19 22:00:00+00:00,177,1,0.0,9.3,0.0,45.625,14.8125
2026-04-19 22:00:00+00:00,194,1,0.0,10.5,0.0,46.5,15.0625
2026-04-19 22:00:00+00:00,236,1,0.0,11.4,0.0,45.8125,15.1875
2026-04-19 22:00:00+00:00,325,1,0.0,11.0,0.0,46.5625,15.625
2026-04-19 22:00:00+00:00,391,1,0.0,9.9,0.0,46.6875,16.0625
2026-04-19 22:00:00+00:00,422,1,0.0,11.2,0.2,46.25,15.25
2026-04-19 22:00:00+00:00,425,1,0.0,11.3,0.0,45.9375,15.5
2026-04-19 22:00:00+00:00,426,1,0.0,13.1,0.0,45.5625,13.75
2026-04-19 23:00:00+00:00,63,2,0.0,9.5,0.2,46.375,14.0625
2026-04-19 23:00:00+00:00,76,2,0.0,10.1,0.4,46.3125,14.1875
2026-04-19 23:00:00+00:00,106,2,0.0,9.9,0.0,46.25,14.375
2026-04-19 23:00:00+00:00,122,2,0.0,9.1,0.0,46.0,14.4375
2026-04-19 23:00:00+00:00,127,2,0.0,9.6,0.0,46.125,14.5
2026-04-19 23:00:00+00:00,129,2,0.0,9.5,0.0,46.0,14.5
2026-04-19 23:00:00+00:00,177,2,0.0,8.3,0.1,45.625,14.8125
2026-04-19 23:00:00+00:00,194,2,0.0,9.6,0.0,46.5,15.0625
2026-04-19 23:00:00+00:00,236,2,0.0,10.9,0.0,45.8125,15.1875
2026-04-19 23:00:00+00:00,325,2,0.0,10.9,0.0,46.5625,15.625
2026-04-19 23:00:00+00:00,391,2,0.0,9.7,0.0,46.6875,16.0625
2026-04-19 23:00:00+00:00,422,2,0.0,10.8,0.4,46.25,15.25
2026-04-19 23:00:00+00:00,425,2,0.0,11.0,0.0,45.9375,15.5
2026-04-19 23:00:00+00:00,426,2,0.0,12.3,0.0,45.5625,13.75
2026-04-20 00:00:00+00:00,63,3,0.0,9.1,0.3,46.375,14.0625
2026-04-20 00:00:00+00:00,63,6,0.0,9.4,0.4,46.375,14.0625
2026-04-20 00:00:00+00:00,63,24,0.0,8.9,0.5,46.375,14.0625
2026-04-20 00:00:00+00:00,76,3,0.0,9.8,1.0,46.3125,14.1875
2026-04-20 00:00:00+00:00,76,6,0.0,10.2,0.8,46.3125,14.1875
2026-04-20 00:00:00+00:00,76,24,0.0,10.0,1.1,46.3125,14.1875
2026-04-20 00:00:00+00:00,106,3,0.0,9.7,0.0,46.25,14.375
2026-04-20 00:00:00+00:00,106,6,0.0,10.1,0.4,46.25,14.375
2026-04-20 00:00:00+00:00,106,24,0.0,9.4,1.1,46.25,14.375
2026-04-20 00:00:00+00:00,122,3,0.0,8.7,0.0,46.0,14.4375
2026-04-20 00:00:00+00:00,122,6,0.0,9.5,0.6,46.0,14.4375
2026-04-20 00:00:00+00:00,122,24,0.0,9.9,0.5,46.0,14.4375
2026-04-20 00:00:00+00:00,127,3,0.0,9.2,0.1,46.125,14.5
2026-04-20 00:00:00+00:00,127,6,0.0,10.2,0.5,46.125,14.5
2026-04-20 00:00:00+00:00,127,24,0.0,9.9,0.9,46.125,14.5
2026-04-20 00:00:00+00:00,129,3,0.0,9.2,0.0,46.0,14.5
2026-04-20 00:00:00+00:00,129,6,0.0,10.0,0.3,46.0,14.5
2026-04-20 00:00:00+00:00,129,24,0.0,9.9,0.7,46.0,14.5
2026-04-20 00:00:00+00:00,177,3,0.0,7.5,0.0,45.625,14.8125
2026-04-20 00:00:00+00:00,177,6,0.0,8.4,0.0,45.625,14.8125
2026-04-20 00:00:00+00:00,177,24,0.0,6.9,0.0,45.625,14.8125
2026-04-20 00:00:00+00:00,194,3,0.0,8.8,0.0,46.5,15.0625
2026-04-20 00:00:00+00:00,194,6,0.0,9.8,0.0,46.5,15.0625
2026-04-20 00:00:00+00:00,194,24,0.0,10.3,0.0,46.5,15.0625
2026-04-20 00:00:00+00:00,236,3,0.0,10.4,0.1,45.8125,15.1875
2026-04-20 00:00:00+00:00,236,6,0.0,10.8,0.0,45.8125,15.1875
2026-04-20 00:00:00+00:00,236,24,0.0,10.2,0.0,45.8125,15.1875
2026-04-20 00:00:00+00:00,325,3,0.0,10.6,0.1,46.5625,15.625
2026-04-20 00:00:00+00:00,325,6,0.0,10.8,0.2,46.5625,15.625
2026-04-20 00:00:00+00:00,325,24,0.0,9.7,0.0,46.5625,15.625
2026-04-20 00:00:00+00:00,391,3,0.0,9.4,0.1,46.6875,16.0625
2026-04-20 00:00:00+00:00,391,6,0.0,9.7,0.1,46.6875,16.0625
2026-04-20 00:00:00+00:00,391,24,0.0,8.6,0.0,46.6875,16.0625
2026-04-20 00:00:00+00:00,422,3,0.0,9.9,0.0,46.25,15.25
2026-04-20 00:00:00+00:00,422,6,0.0,10.2,0.0,46.25,15.25
2026-04-20 00:00:00+00:00,422,24,0.0,9.6,0.2,46.25,15.25
2026-04-20 00:00:00+00:00,425,3,0.0,10.3,0.0,45.9375,15.5
2026-04-20 00:00:00+00:00,425,6,0.0,10.5,0.0,45.9375,15.5
2026-04-20 00:00:00+00:00,425,24,0.0,9.5,0.0,45.9375,15.5
2026-04-20 00:00:00+00:00,426,3,0.0,11.7,0.0,45.5625,13.75
2026-04-20 00:00:00+00:00,426,6,0.0,11.8,0.0,45.5625,13.75
2026-04-20 00:00:00+00:00,426,24,0.0,12.6,0.0,45.5625,13.75
2026-04-20 03:00:00+00:00,63,6,0.0,8.1,0.0,46.375,14.0625
2026-04-20 03:00:00+00:00,63,24,0.0,8.5,0.0,46.375,14.0625
2026-04-20 03:00:00+00:00,76,6,0.0,9.2,0.3,46.3125,14.1875
2026-04-20 03:00:00+00:00,76,24,0.0,9.6,0.2,46.3125,14.1875
2026-04-20 03:00:00+00:00,106,6,0.0,9.3,0.4,46.25,14.375
2026-04-20 03:00:00+00:00,106,24,0.0,9.7,1.2,46.25,14.375
2026-04-20 03:00:00+00:00,122,6,0.0,8.8,0.1,46.0,14.4375
2026-04-20 03:00:00+00:00,122,24,0.0,10.2,2.0,46.0,14.4375
2026-04-20 03:00:00+00:00,127,6,0.0,9.0,0.8,46.125,14.5
2026-04-20 03:00:00+00:00,127,24,0.0,10.0,2.7,46.125,14.5
2026-04-20 03:00:00+00:00,129,6,0.0,9.3,0.1,46.0,14.5
2026-04-20 03:00:00+00:00,129,24,0.0,10.2,2.1,46.0,14.5
2026-04-20 03:00:00+00:00,177,6,0.0,5.9,0.0,45.625,14.8125
2026-04-20 03:00:00+00:00,177,24,0.0,7.3,0.3,45.625,14.8125
2026-04-20 03:00:00+00:00,194,6,0.0,8.8,0.5,46.5,15.0625
2026-04-20 03:00:00+00:00,194,24,0.0,9.8,0.6,46.5,15.0625
2026-04-20 03:00:00+00:00,236,6,0.0,9.1,0.0,45.8125,15.1875
2026-04-20 03:00:00+00:00,236,24,0.0,9.7,0.8,45.8125,15.1875
2026-04-20 03:00:00+00:00,325,6,0.0,9.3,0.4,46.5625,15.625
2026-04-20 03:00:00+00:00,325,24,0.0,10.2,0.6,46.5625,15.625
2026-04-20 03:00:00+00:00,391,6,0.0,9.6,0.1,46.6875,16.0625
2026-04-20 03:00:00+00:00,391,24,0.0,9.1,0.1,46.6875,16.0625
2026-04-20 03:00:00+00:00,422,6,0.0,8.9,0.5,46.25,15.25
2026-04-20 03:00:00+00:00,422,24,0.0,10.3,2.1,46.25,15.25
2026-04-20 03:00:00+00:00,425,6,0.0,8.5,0.0,45.9375,15.5
2026-04-20 03:00:00+00:00,425,24,0.0,10.5,1.1,45.9375,15.5
2026-04-20 03:00:00+00:00,426,6,0.0,11.2,0.1,45.5625,13.75
2026-04-20 03:00:00+00:00,426,24,0.0,13.0,0.1,45.5625,13.75
2026-04-20 06:00:00+00:00,63,24,122.0,9.2,0.0,46.375,14.0625
2026-04-20 06:00:00+00:00,76,24,123.0,10.2,0.0,46.3125,14.1875
2026-04-20 06:00:00+00:00,106,24,101.0,10.3,0.0,46.25,14.375
2026-04-20 06:00:00+00:00,122,24,62.0,10.8,0.3,46.0,14.4375
2026-04-20 06:00:00+00:00,127,24,63.0,10.2,0.3,46.125,14.5
2026-04-20 06:00:00+00:00,129,24,50.0,10.9,0.2,46.0,14.5
2026-04-20 06:00:00+00:00,177,24,45.0,8.5,0.6,45.625,14.8125
2026-04-20 06:00:00+00:00,194,24,84.0,10.6,0.0,46.5,15.0625
2026-04-20 06:00:00+00:00,236,24,15.0,10.5,4.5,45.8125,15.1875
2026-04-20 06:00:00+00:00,325,24,91.0,11.1,0.0,46.5625,15.625
2026-04-20 06:00:00+00:00,391,24,80.0,9.4,0.0,46.6875,16.0625
2026-04-20 06:00:00+00:00,422,24,48.0,11.1,1.1,46.25,15.25
2026-04-20 06:00:00+00:00,425,24,15.0,10.9,4.6,45.9375,15.5
2026-04-20 06:00:00+00:00,426,24,97.0,13.3,0.0,45.5625,13.75
2026-04-20 09:00:00+00:00,63,24,244.0,11.0,0.8,46.375,14.0625
2026-04-20 09:00:00+00:00,76,24,228.0,10.4,1.7,46.3125,14.1875
2026-04-20 09:00:00+00:00,106,24,142.0,10.9,1.0,46.25,14.375
2026-04-20 09:00:00+00:00,122,24,231.0,12.1,0.3,46.0,14.4375
2026-04-20 09:00:00+00:00,127,24,150.0,11.4,0.3,46.125,14.5
2026-04-20 09:00:00+00:00,129,24,188.0,12.0,0.4,46.0,14.5
2026-04-20 09:00:00+00:00,177,24,134.0,6.7,0.1,45.625,14.8125
2026-04-20 09:00:00+00:00,194,24,263.0,11.0,0.0,46.5,15.0625
2026-04-20 09:00:00+00:00,236,24,141.0,10.5,0.1,45.8125,15.1875
2026-04-20 09:00:00+00:00,325,24,245.0,11.5,0.0,46.5625,15.625
2026-04-20 09:00:00+00:00,391,24,405.0,12.2,0.0,46.6875,16.0625
2026-04-20 09:00:00+00:00,422,24,114.0,10.3,0.2,46.25,15.25
2026-04-20 09:00:00+00:00,425,24,195.0,10.9,0.2,45.9375,15.5
2026-04-20 09:00:00+00:00,426,24,479.0,16.5,0.0,45.5625,13.75
2026-04-20 12:00:00+00:00,63,24,279.0,10.6,1.0,46.375,14.0625
2026-04-20 12:00:00+00:00,76,24,222.0,9.6,1.2,46.3125,14.1875
2026-04-20 12:00:00+00:00,106,24,279.0,10.5,0.1,46.25,14.375
2026-04-20 12:00:00+00:00,122,24,376.0,11.9,0.1,46.0,14.4375
2026-04-20 12:00:00+00:00,127,24,210.0,10.5,0.1,46.125,14.5
2026-04-20 12:00:00+00:00,129,24,370.0,11.9,0.1,46.0,14.5
2026-04-20 12:00:00+00:00,177,24,264.0,7.2,0.0,45.625,14.8125
2026-04-20 12:00:00+00:00,194,24,388.0,11.2,0.3,46.5,15.0625
2026-04-20 12:00:00+00:00,236,24,203.0,10.3,0.1,45.8125,15.1875
2026-04-20 12:00:00+00:00,325,24,347.0,11.5,0.2,46.5625,15.625
2026-04-20 12:00:00+00:00,391,24,475.0,12.4,0.0,46.6875,16.0625
2026-04-20 12:00:00+00:00,422,24,113.0,9.5,0.1,46.25,15.25
2026-04-20 12:00:00+00:00,425,24,117.0,9.9,0.3,45.9375,15.5
2026-04-20 12:00:00+00:00,426,24,547.0,17.5,0.3,45.5625,13.75
2026-04-20 15:00:00+00:00,63,24,143.0,10.0,0.9,46.375,14.0625
2026-04-20 15:00:00+00:00,76,24,125.0,9.9,0.9,46.3125,14.1875
2026-04-20 15:00:00+00:00,106,24,147.0,10.9,0.2,46.25,14.375
2026-04-20 15:00:00+00:00,122,24,192.0,11.8,0.1,46.0,14.4375
2026-04-20 15:00:00+00:00,127,24,152.0,10.9,0.0,46.125,14.5
2026-04-20 15:00:00+00:00,129,24,205.0,11.9,0.1,46.0,14.5
2026-04-20 15:00:00+00:00,177,24,120.0,7.2,0.2,45.625,14.8125
2026-04-20 15:00:00+00:00,194,24,106.0,10.1,0.2,46.5,15.0625
2026-04-20 15:00:00+00:00,236,24,150.0,11.3,0.1,45.8125,15.1875
2026-04-20 15:00:00+00:00,325,24,115.0,10.9,0.7,46.5625,15.625
2026-04-20 15:00:00+00:00,391,24,237.0,11.0,0.0,46.6875,16.0625
2026-04-20 15:00:00+00:00,422,24,97.0,10.1,0.0,46.25,15.25
2026-04-20 15:00:00+00:00,425,24,189.0,10.7,0.1,45.9375,15.5
2026-04-20 15:00:00+00:00,426,24,247.0,16.3,0.2,45.5625,13.75
2026-04-20 18:00:00+00:00,63,24,6.0,9.2,0.6,46.375,14.0625
2026-04-20 18:00:00+00:00,76,24,5.0,9.3,1.3,46.3125,14.1875
2026-04-20 18:00:00+00:00,106,24,6.0,10.1,0.6,46.25,14.375
2026-04-20 18:00:00+00:00,122,24,9.0,10.6,0.5,46.0,14.4375
2026-04-20 18:00:00+00:00,127,24,11.0,10.3,0.4,46.125,14.5
2026-04-20 18:00:00+00:00,129,24,8.0,10.7,0.7,46.0,14.5
2026-04-20 18:00:00+00:00,177,24,6.0,7.2,0.2,45.625,14.8125
2026-04-20 18:00:00+00:00,194,24,13.0,9.7,0.0,46.5,15.0625
2026-04-20 18:00:00+00:00,236,24,8.0,10.5,0.4,45.8125,15.1875
2026-04-20 18:00:00+00:00,325,24,17.0,9.5,0.0,46.5625,15.625
2026-04-20 18:00:00+00:00,391,24,16.0,9.1,0.0,46.6875,16.0625
2026-04-20 18:00:00+00:00,422,24,3.0,10.1,0.9,46.25,15.25
2026-04-20 18:00:00+00:00,425,24,8.0,10.3,0.3,45.9375,15.5
2026-04-20 18:00:00+00:00,426,24,14.0,15.8,0.1,45.5625,13.75
2026-04-20 21:00:00+00:00,63,24,0.0,7.7,0.3,46.375,14.0625
2026-04-20 21:00:00+00:00,76,24,0.0,8.5,0.8,46.3125,14.1875
2026-04-20 21:00:00+00:00,106,24,0.0,9.5,0.8,46.25,14.375
2026-04-20 21:00:00+00:00,122,24,0.0,10.1,0.2,46.0,14.4375
2026-04-20 21:00:00+00:00,127,24,0.0,9.9,0.0,46.125,14.5
2026-04-20 21:00:00+00:00,129,24,0.0,10.3,0.2,46.0,14.5
2026-04-20 21:00:00+00:00,177,24,0.0,7.5,0.9,45.625,14.8125
2026-04-20 21:00:00+00:00,194,24,0.0,7.7,0.0,46.5,15.0625
2026-04-20 21:00:00+00:00,236,24,0.0,9.6,0.2,45.8125,15.1875
2026-04-20 21:00:00+00:00,325,24,0.0,8.7,0.0,46.5625,15.625
2026-04-20 21:00:00+00:00,391,24,0.0,7.4,0.0,46.6875,16.0625
2026-04-20 21:00:00+00:00,422,24,0.0,9.1,0.0,46.25,15.25
2026-04-20 21:00:00+00:00,425,24,0.0,9.7,0.1,45.9375,15.5
2026-04-20 21:00:00+00:00,426,24,0.0,13.8,0.8,45.5625,13.75
2026-04-20 01:00:00+00:00,63,1,0.0,9.3,0.5,46.375,14.0625
2026-04-20 01:00:00+00:00,76,1,0.0,10.2,0.9,46.3125,14.1875
2026-04-20 01:00:00+00:00,106,1,0.0,10.0,0.2,46.25,14.375
2026-04-20 01:00:00+00:00,122,1,0.0,8.8,0.1,46.0,14.4375
2026-04-20 01:00:00+00:00,127,1,0.0,9.3,0.0,46.125,14.5
2026-04-20 01:00:00+00:00,129,1,0.0,9.3,0.1,46.0,14.5
2026-04-20 01:00:00+00:00,177,1,0.0,7.0,0.0,45.625,14.8125
2026-04-20 01:00:00+00:00,194,1,0.0,8.8,0.0,46.5,15.0625
2026-04-20 01:00:00+00:00,236,1,0.0,10.0,0.0,45.8125,15.1875
2026-04-20 01:00:00+00:00,325,1,0.0,9.7,0.5,46.5625,15.625
2026-04-20 01:00:00+00:00,391,1,0.0,9.7,0.5,46.6875,16.0625
2026-04-20 01:00:00+00:00,422,1,0.0,9.3,0.0,46.25,15.25
2026-04-20 01:00:00+00:00,425,1,0.0,9.8,0.0,45.9375,15.5
2026-04-20 01:00:00+00:00,426,1,0.0,11.6,0.0,45.5625,13.75
2026-04-20 02:00:00+00:00,63,2,0.0,8.9,0.0,46.375,14.0625
2026-04-20 02:00:00+00:00,76,2,0.0,9.9,0.1,46.3125,14.1875
2026-04-20 02:00:00+00:00,106,2,0.0,9.7,0.1,46.25,14.375
2026-04-20 02:00:00+00:00,122,2,0.0,8.9,0.2,46.0,14.4375
2026-04-20 02:00:00+00:00,127,2,0.0,9.0,0.1,46.125,14.5
2026-04-20 02:00:00+00:00,129,2,0.0,9.3,0.1,46.0,14.5
2026-04-20 02:00:00+00:00,177,2,0.0,6.0,0.0,45.625,14.8125
2026-04-20 02:00:00+00:00,194,2,0.0,9.0,0.0,46.5,15.0625
2026-04-20 02:00:00+00:00,236,2,0.0,9.8,0.0,45.8125,15.1875
2026-04-20 02:00:00+00:00,325,2,0.0,9.5,0.3,46.5625,15.625
2026-04-20 02:00:00+00:00,391,2,0.0,9.8,0.3,46.6875,16.0625
2026-04-20 02:00:00+00:00,422,2,0.0,9.3,0.1,46.25,15.25
2026-04-20 02:00:00+00:00,425,2,0.0,9.5,0.0,45.9375,15.5
2026-04-20 02:00:00+00:00,426,2,0.0,11.2,0.0,45.5625,13.75
2026-04-20 03:00:00+00:00,63,3,0.0,7.9,0.0,46.375,14.0625
2026-04-20 03:00:00+00:00,76,3,0.0,9.3,0.1,46.3125,14.1875
2026-04-20 03:00:00+00:00,106,3,0.0,9.3,0.0,46.25,14.375
2026-04-20 03:00:00+00:00,122,3,0.0,8.7,0.2,46.0,14.4375
2026-04-20 03:00:00+00:00,127,3,0.0,8.7,0.0,46.125,14.5
2026-04-20 03:00:00+00:00,129,3,0.0,9.1,0.2,46.0,14.5
2026-04-20 03:00:00+00:00,177,3,0.0,6.0,0.0,45.625,14.8125
2026-04-20 03:00:00+00:00,194,3,0.0,9.2,0.3,46.5,15.0625
2026-04-20 03:00:00+00:00,236,3,0.0,9.2,0.0,45.8125,15.1875
2026-04-20 03:00:00+00:00,325,3,0.0,9.2,0.1,46.5625,15.625
2026-04-20 03:00:00+00:00,391,3,0.0,9.6,0.1,46.6875,16.0625
2026-04-20 03:00:00+00:00,422,3,0.0,9.3,0.7,46.25,15.25
2026-04-20 03:00:00+00:00,425,3,0.0,9.2,0.0,45.9375,15.5
2026-04-20 03:00:00+00:00,426,3,0.0,11.0,0.0,45.5625,13.75
2026-04-20 04:00:00+00:00,63,1,0.0,7.2,0.0,46.375,14.0625
2026-04-20 04:00:00+00:00,76,1,0.0,8.5,0.1,46.3125,14.1875
2026-04-20 04:00:00+00:00,106,1,0.0,8.5,0.0,46.25,14.375
2026-04-20 04:00:00+00:00,122,1,0.0,8.0,0.1,46.0,14.4375
2026-04-20 04:00:00+00:00,127,1,0.0,8.2,0.1,46.125,14.5
2026-04-20 04:00:00+00:00,129,1,0.0,8.6,0.2,46.0,14.5
2026-04-20 04:00:00+00:00,177,1,0.0,6.0,0.0,45.625,14.8125
2026-04-20 04:00:00+00:00,194,1,0.0,9.0,0.0,46.5,15.0625
2026-04-20 04:00:00+00:00,236,1,0.0,9.0,0.0,45.8125,15.1875
2026-04-20 04:00:00+00:00,325,1,0.0,9.2,0.0,46.5625,15.625
2026-04-20 04:00:00+00:00,391,1,0.0,9.0,0.0,46.6875,16.0625
2026-04-20 04:00:00+00:00,422,1,0.0,9.2,0.0,46.25,15.25
2026-04-20 04:00:00+00:00,425,1,0.0,9.4,0.7,45.9375,15.5
2026-04-20 04:00:00+00:00,426,1,0.0,10.8,0.0,45.5625,13.75
2026-04-20 05:00:00+00:00,63,2,24.0,6.9,0.0,46.375,14.0625
2026-04-20 05:00:00+00:00,76,2,25.0,8.9,0.0,46.3125,14.1875
2026-04-20 05:00:00+00:00,106,2,23.0,8.4,0.0,46.25,14.375
2026-04-20 05:00:00+00:00,122,2,19.0,8.1,0.0,46.0,14.4375
2026-04-20 05:00:00+00:00,127,2,16.0,8.3,0.1,46.125,14.5
2026-04-20 05:00:00+00:00,129,2,19.0,8.6,0.1,46.0,14.5
2026-04-20 05:00:00+00:00,177,2,23.0,6.6,0.0,45.625,14.8125
2026-04-20 05:00:00+00:00,194,2,29.0,8.8,0.0,46.5,15.0625
2026-04-20 05:00:00+00:00,236,2,18.0,9.3,0.6,45.8125,15.1875
2026-04-20 05:00:00+00:00,325,2,27.0,9.4,0.0,46.5625,15.625
2026-04-20 05:00:00+00:00,391,2,31.0,8.8,0.0,46.6875,16.0625
2026-04-20 05:00:00+00:00,422,2,22.0,9.2,0.0,46.25,15.25
2026-04-20 05:00:00+00:00,425,2,15.0,9.9,1.5,45.9375,15.5
2026-04-20 05:00:00+00:00,426,2,20.0,11.1,0.0,45.5625,13.75
2026-04-20 06:00:00+00:00,63,3,133.0,8.8,0.0,46.375,14.0625
2026-04-20 06:00:00+00:00,63,6,144.0,8.9,0.0,46.375,14.0625
2026-04-20 06:00:00+00:00,76,3,129.0,10.5,0.0,46.3125,14.1875
2026-04-20 06:00:00+00:00,76,6,141.0,10.7,0.0,46.3125,14.1875
2026-04-20 06:00:00+00:00,106,3,108.0,9.8,0.3,46.25,14.375
2026-04-20 06:00:00+00:00,106,6,114.0,10.1,0.0,46.25,14.375
2026-04-20 06:00:00+00:00,122,3,83.0,9.7,0.4,46.0,14.4375
2026-04-20 06:00:00+00:00,122,6,87.0,10.1,0.2,46.0,14.4375
2026-04-20 06:00:00+00:00,127,3,69.0,9.4,0.7,46.125,14.5
2026-04-20 06:00:00+00:00,127,6,73.0,9.6,0.5,46.125,14.5
2026-04-20 06:00:00+00:00,129,3,92.0,10.0,0.6,46.0,14.5
2026-04-20 06:00:00+00:00,129,6,92.0,10.2,0.3,46.0,14.5
2026-04-20 06:00:00+00:00,177,3,125.0,8.8,0.0,45.625,14.8125
2026-04-20 06:00:00+00:00,177,6,133.0,8.9,0.0,45.625,14.8125
2026-04-20 06:00:00+00:00,194,3,147.0,10.8,0.0,46.5,15.0625
2026-04-20 06:00:00+00:00,194,6,132.0,11.0,0.0,46.5,15.0625
2026-04-20 06:00:00+00:00,236,3,85.0,10.7,0.9,45.8125,15.1875
2026-04-20 06:00:00+00:00,236,6,69.0,10.7,1.6,45.8125,15.1875
2026-04-20 06:00:00+00:00,325,3,133.0,10.9,0.0,46.5625,15.625
2026-04-20 06:00:00+00:00,325,6,125.0,11.0,0.0,46.5625,15.625
2026-04-20 06:00:00+00:00,391,3,134.0,10.6,0.0,46.6875,16.0625
2026-04-20 06:00:00+00:00,391,6,124.0,10.9,0.0,46.6875,16.0625
2026-04-20 06:00:00+00:00,422,3,93.0,10.6,0.3,46.25,15.25
2026-04-20 06:00:00+00:00,422,6,95.0,10.8,0.1,46.25,15.25
2026-04-20 06:00:00+00:00,425,3,76.0,11.2,1.2,45.9375,15.5
2026-04-20 06:00:00+00:00,425,6,62.0,11.1,1.2,45.9375,15.5
2026-04-20 06:00:00+00:00,426,3,83.0,12.6,0.0,45.5625,13.75
2026-04-20 06:00:00+00:00,426,6,89.0,12.9,0.0,45.5625,13.75
2026-04-20 07:00:00+00:00,63,1,193.0,10.5,0.0,46.375,14.0625
2026-04-20 07:00:00+00:00,76,1,172.0,10.2,0.7,46.3125,14.1875
2026-04-20 07:00:00+00:00,106,1,131.0,10.2,1.1,46.25,14.375
2026-04-20 07:00:00+00:00,122,1,139.0,10.9,0.5,46.0,14.4375
2026-04-20 07:00:00+00:00,127,1,95.0,10.1,0.9,46.125,14.5
2026-04-20 07:00:00+00:00,129,1,142.0,10.8,0.6,46.0,14.5
2026-04-20 07:00:00+00:00,177,1,206.0,9.9,0.2,45.625,14.8125
2026-04-20 07:00:00+00:00,194,1,264.0,12.3,0.1,46.5,15.0625
2026-04-20 07:00:00+00:00,236,1,131.0,11.6,1.6,45.8125,15.1875
2026-04-20 07:00:00+00:00,325,1,224.0,11.6,0.0,46.5625,15.625
2026-04-20 07:00:00+00:00,391,1,276.0,11.5,0.0,46.6875,16.0625
2026-04-20 07:00:00+00:00,422,1,140.0,11.4,0.9,46.25,15.25
2026-04-20 07:00:00+00:00,425,1,127.0,12.0,0.8,45.9375,15.5
2026-04-20 07:00:00+00:00,426,1,226.0,15.4,0.0,45.5625,13.75
2026-04-20 08:00:00+00:00,63,2,241.0,10.8,0.1,46.375,14.0625
2026-04-20 08:00:00+00:00,76,2,187.0,10.3,0.8,46.3125,14.1875
2026-04-20 08:00:00+00:00,106,2,166.0,10.8,0.6,46.25,14.375
2026-04-20 08:00:00+00:00,122,2,213.0,11.9,0.2,46.0,14.4375
2026-04-20 08:00:00+00:00,127,2,124.0,10.8,0.3,46.125,14.5
2026-04-20 08:00:00+00:00,129,2,207.0,12.0,0.1,46.0,14.5
2026-04-20 08:00:00+00:00,177,2,265.0,10.2,1.1,45.625,14.8125
2026-04-20 08:00:00+00:00,194,2,268.0,12.0,0.9,46.5,15.0625
2026-04-20 08:00:00+00:00,236,2,98.0,11.7,1.3,45.8125,15.1875
2026-04-20 08:00:00+00:00,325,2,222.0,12.0,0.2,46.5625,15.625
2026-04-20 08:00:00+00:00,391,2,399.0,12.4,0.0,46.6875,16.0625
2026-04-20 08:00:00+00:00,422,2,134.0,11.9,0.9,46.25,15.25
2026-04-20 08:00:00+00:00,425,2,108.0,12.3,1.6,45.9375,15.5
2026-04-20 08:00:00+00:00,426,2,412.0,16.5,0.0,45.5625,13.75
2026-04-20 09:00:00+00:00,63,3,296.0,11.0,0.2,46.375,14.0625
2026-04-20 09:00:00+00:00,63,6,346.0,11.8,0.2,46.375,14.0625
2026-04-20 09:00:00+00:00,76,3,295.0,11.0,0.4,46.3125,14.1875
2026-04-20 09:00:00+00:00,76,6,337.0,11.5,0.6,46.3125,14.1875
2026-04-20 09:00:00+00:00,106,3,249.0,11.5,0.2,46.25,14.375
2026-04-20 09:00:00+00:00,106,6,253.0,11.7,0.2,46.25,14.375
2026-04-20 09:00:00+00:00,122,3,336.0,13.2,0.0,46.0,14.4375
2026-04-20 09:00:00+00:00,122,6,413.0,14.1,0.0,46.0,14.4375
2026-04-20 09:00:00+00:00,127,3,248.0,12.0,0.1,46.125,14.5
2026-04-20 09:00:00+00:00,127,6,244.0,12.2,0.0,46.125,14.5
2026-04-20 09:00:00+00:00,129,3,332.0,13.4,0.0,46.0,14.5
2026-04-20 09:00:00+00:00,129,6,392.0,14.1,0.0,46.0,14.5
2026-04-20 09:00:00+00:00,177,3,272.0,10.5,1.3,45.625,14.8125
2026-04-20 09:00:00+00:00,177,6,381.0,11.7,0.6,45.625,14.8125
2026-04-20 09:00:00+00:00,194,3,290.0,12.1,1.2,46.5,15.0625
2026-04-20 09:00:00+00:00,194,6,308.0,12.2,1.1,46.5,15.0625
2026-04-20 09:00:00+00:00,236,3,158.0,12.3,1.3,45.8125,15.1875
2026-04-20 09:00:00+00:00,236,6,221.0,13.0,1.5,45.8125,15.1875
2026-04-20 09:00:00+00:00,325,3,267.0,12.3,1.0,46.5625,15.625
2026-04-20 09:00:00+00:00,325,6,253.0,12.4,1.3,46.5625,15.625
2026-04-20 09:00:00+00:00,391,3,394.0,12.9,0.0,46.6875,16.0625
2026-04-20 09:00:00+00:00,391,6,301.0,12.4,0.2,46.6875,16.0625
2026-04-20 09:00:00+00:00,422,3,159.0,12.3,0.8,46.25,15.25
2026-04-20 09:00:00+00:00,422,6,136.0,12.3,1.1,46.25,15.25
2026-04-20 09:00:00+00:00,425,3,76.0,12.4,1.5,45.9375,15.5
2026-04-20 09:00:00+00:00,425,6,76.0,12.6,1.8,45.9375,15.5
2026-04-20 09:00:00+00:00,426,3,596.0,17.3,0.0,45.5625,13.75
2026-04-20 09:00:00+00:00,426,6,560.0,17.1,0.0,45.5625,13.75
2026-04-20 10:00:00+00:00,63,1,344.0,11.9,0.3,46.375,14.0625
2026-04-20 10:00:00+00:00,76,1,327.0,11.6,0.5,46.3125,14.1875
2026-04-20 10:00:00+00:00,106,1,234.0,11.8,0.5,46.25,14.375
2026-04-20 10:00:00+00:00,122,1,383.0,13.9,0.3,46.0,14.4375
2026-04-20 10:00:00+00:00,127,1,243.0,12.2,0.2,46.125,14.5
2026-04-20 10:00:00+00:00,129,1,372.0,14.0,0.3,46.0,14.5
2026-04-20 10:00:00+00:00,177,1,343.0,11.0,0.8,45.625,14.8125
2026-04-20 10:00:00+00:00,194,1,323.0,12.1,1.0,46.5,15.0625
2026-04-20 10:00:00+00:00,236,1,197.0,13.1,1.0,45.8125,15.1875
2026-04-20 10:00:00+00:00,325,1,217.0,11.9,1.8,46.5625,15.625
2026-04-20 10:00:00+00:00,391,1,390.0,13.1,0.0,46.6875,16.0625
2026-04-20 10:00:00+00:00,422,1,175.0,12.2,1.2,46.25,15.25
2026-04-20 10:00:00+00:00,425,1,109.0,11.6,1.7,45.9375,15.5
2026-04-20 10:00:00+00:00,426,1,563.0,17.7,0.0,45.5625,13.75
2026-04-20 11:00:00+00:00,63,2,408.0,12.4,0.3,46.375,14.0625
2026-04-20 11:00:00+00:00,76,2,401.0,12.1,0.5,46.3125,14.1875
2026-04-20 11:00:00+00:00,106,2,325.0,12.5,0.2,46.25,14.375
2026-04-20 11:00:00+00:00,122,2,417.0,14.5,0.2,46.0,14.4375
2026-04-20 11:00:00+00:00,127,2,381.0,13.5,0.0,46.125,14.5
2026-04-20 11:00:00+00:00,129,2,419.0,14.8,0.1,46.0,14.5
2026-04-20 11:00:00+00:00,177,2,243.0,10.9,1.3,45.625,14.8125
2026-04-20 11:00:00+00:00,194,2,423.0,12.7,1.0,46.5,15.0625
2026-04-20 11:00:00+00:00,236,2,251.0,13.0,1.1,45.8125,15.1875
2026-04-20 11:00:00+00:00,325,2,221.0,11.4,1.4,46.5625,15.625
2026-04-20 11:00:00+00:00,391,2,471.0,13.5,0.1,46.6875,16.0625
2026-04-20 11:00:00+00:00,422,2,154.0,12.3,1.4,46.25,15.25
2026-04-20 11:00:00+00:00,425,2,125.0,11.0,1.4,45.9375,15.5
2026-04-20 11:00:00+00:00,426,2,560.0,17.6,0.2,45.5625,13.75
2026-04-20 12:00:00+00:00,63,3,356.0,12.3,0.4,46.375,14.0625
2026-04-20 12:00:00+00:00,63,6,409.0,12.7,0.2,46.375,14.0625
2026-04-20 12:00:00+00:00,76,3,406.0,12.8,0.4,46.3125,14.1875
2026-04-20 12:00:00+00:00,76,6,439.0,12.8,0.4,46.3125,14.1875
2026-04-20 12:00:00+00:00,106,3,439.0,13.8,0.0,46.25,14.375
2026-04-20 12:00:00+00:00,106,6,435.0,14.0,0.1,46.25,14.375
2026-04-20 12:00:00+00:00,122,3,410.0,14.4,0.5,46.0,14.4375
2026-04-20 12:00:00+00:00,122,6,409.0,15.2,0.1,46.0,14.4375
2026-04-20 12:00:00+00:00,127,3,428.0,13.8,0.2,46.125,14.5
2026-04-20 12:00:00+00:00,127,6,420.0,14.4,0.1,46.125,14.5
2026-04-20 12:00:00+00:00,129,3,440.0,14.7,0.5,46.0,14.5
2026-04-20 12:00:00+00:00,129,6,435.0,15.5,0.1,46.0,14.5
2026-04-20 12:00:00+00:00,177,3,203.0,10.6,1.7,45.625,14.8125
2026-04-20 12:00:00+00:00,177,6,285.0,10.8,1.0,45.625,14.8125
2026-04-20 12:00:00+00:00,194,3,465.0,12.9,1.1,46.5,15.0625
2026-04-20 12:00:00+00:00,194,6,465.0,13.3,0.5,46.5,15.0625
2026-04-20 12:00:00+00:00,236,3,176.0,12.4,1.2,45.8125,15.1875
2026-04-20 12:00:00+00:00,236,6,308.0,13.2,0.8,45.8125,15.1875
2026-04-20 12:00:00+00:00,325,3,135.0,10.8,0.7,46.5625,15.625
2026-04-20 12:00:00+00:00,325,6,192.0,11.2,1.1,46.5625,15.625
2026-04-20 12:00:00+00:00,391,3,506.0,13.0,0.0,46.6875,16.0625
2026-04-20 12:00:00+00:00,391,6,472.0,12.6,0.2,46.6875,16.0625
2026-04-20 12:00:00+00:00,422,3,199.0,12.0,1.4,46.25,15.25
2026-04-20 12:00:00+00:00,422,6,221.0,12.5,1.2,46.25,15.25
2026-04-20 12:00:00+00:00,425,3,179.0,11.2,0.8,45.9375,15.5
2026-04-20 12:00:00+00:00,425,6,280.0,12.3,0.2,45.9375,15.5
2026-04-20 12:00:00+00:00,426,3,497.0,17.1,0.3,45.5625,13.75
2026-04-20 12:00:00+00:00,426,6,422.0,17.2,0.1,45.5625,13.75
2026-04-20 13:00:00+00:00,63,1,372.0,12.7,0.2,46.375,14.0625
2026-04-20 13:00:00+00:00,76,1,386.0,12.9,0.3,46.3125,14.1875
2026-04-20 13:00:00+00:00,106,1,267.0,12.3,0.6,46.25,14.375
2026-04-20 13:00:00+00:00,122,1,334.0,13.4,0.6,46.0,14.4375
2026-04-20 13:00:00+00:00,127,1,299.0,12.8,0.6,46.125,14.5
2026-04-20 13:00:00+00:00,129,1,356.0,13.7,0.4,46.0,14.5
2026-04-20 13:00:00+00:00,177,1,200.0,9.8,1.7,45.625,14.8125
2026-04-20 13:00:00+00:00,194,1,344.0,12.3,0.6,46.5,15.0625
2026-04-20 13:00:00+00:00,236,1,197.0,11.6,0.7,45.8125,15.1875
2026-04-20 13:00:00+00:00,325,1,151.0,10.0,0.6,46.5625,15.625
2026-04-20 13:00:00+00:00,391,1,428.0,11.8,0.1,46.6875,16.0625
2026-04-20 13:00:00+00:00,422,1,185.0,11.3,0.3,46.25,15.25
2026-04-20 13:00:00+00:00,425,1,157.0,10.9,0.6,45.9375,15.5
2026-04-20 13:00:00+00:00,426,1,537.0,17.4,0.2,45.5625,13.75
2026-04-20 14:00:00+00:00,63,2,352.0,12.8,0.1,46.375,14.0625
2026-04-20 14:00:00+00:00,76,2,359.0,11.9,1.0,46.3125,14.1875
2026-04-20 14:00:00+00:00,106,2,186.0,11.7,0.5,46.25,14.375
2026-04-20 14:00:00+00:00,122,2,233.0,12.4,0.9,46.0,14.4375
2026-04-20 14:00:00+00:00,127,2,219.0,11.7,1.1,46.125,14.5
2026-04-20 14:00:00+00:00,129,2,236.0,12.5,0.9,46.0,14.5
2026-04-20 14:00:00+00:00,177,2,191.0,8.9,0.4,45.625,14.8125
2026-04-20 14:00:00+00:00,194,2,249.0,11.4,1.2,46.5,15.0625
2026-04-20 14:00:00+00:00,236,2,154.0,11.2,0.7,45.8125,15.1875
2026-04-20 14:00:00+00:00,325,2,180.0,10.2,0.3,46.5625,15.625
2026-04-20 14:00:00+00:00,391,2,307.0,10.9,0.1,46.6875,16.0625
2026-04-20 14:00:00+00:00,422,2,167.0,10.5,0.1,46.25,15.25
2026-04-20 14:00:00+00:00,425,2,135.0,10.7,0.6,45.9375,15.5
2026-04-20 14:00:00+00:00,426,2,462.0,17.4,0.1,45.5625,13.75
2026-04-20 15:00:00+00:00,63,3,311.0,12.3,0.2,46.375,14.0625
2026-04-20 15:00:00+00:00,63,6,263.0,12.1,0.3,46.375,14.0625
2026-04-20 15:00:00+00:00,76,3,300.0,11.2,1.0,46.3125,14.1875
2026-04-20 15:00:00+00:00,76,6,283.0,11.8,1.2,46.3125,14.1875
2026-04-20 15:00:00+00:00,106,3,158.0,11.4,0.8,46.25,14.375
2026-04-20 15:00:00+00:00,106,6,189.0,12.3,0.8,46.25,14.375
2026-04-20 15:00:00+00:00,122,3,104.0,11.8,0.9,46.0,14.4375
2026-04-20 15:00:00+00:00,122,6,224.0,13.3,1.0,46.0,14.4375
2026-04-20 15:00:00+00:00,127,3,118.0,11.3,0.7,46.125,14.5
2026-04-20 15:00:00+00:00,127,6,192.0,12.2,1.0,46.125,14.5
2026-04-20 15:00:00+00:00,129,3,103.0,11.8,0.8,46.0,14.5
2026-04-20 15:00:00+00:00,129,6,181.0,13.1,1.2,46.0,14.5
2026-04-20 15:00:00+00:00,177,3,157.0,8.2,0.4,45.625,14.8125
2026-04-20 15:00:00+00:00,177,6,119.0,8.8,0.6,45.625,14.8125
2026-04-20 15:00:00+00:00,194,3,120.0,10.4,0.7,46.5,15.0625
2026-04-20 15:00:00+00:00,194,6,144.0,11.3,1.3,46.5,15.0625
2026-04-20 15:00:00+00:00,236,3,134.0,11.2,0.6,45.8125,15.1875
2026-04-20 15:00:00+00:00,236,6,106.0,11.7,0.5,45.8125,15.1875
2026-04-20 15:00:00+00:00,325,3,115.0,10.0,1.0,46.5625,15.625
2026-04-20 15:00:00+00:00,325,6,103.0,10.3,2.0,46.5625,15.625
2026-04-20 15:00:00+00:00,391,3,149.0,9.8,0.4,46.6875,16.0625
2026-04-20 15:00:00+00:00,391,6,182.0,10.6,0.1,46.6875,16.0625
2026-04-20 15:00:00+00:00,422,3,98.0,10.0,0.2,46.25,15.25
2026-04-20 15:00:00+00:00,422,6,122.0,10.9,0.1,46.25,15.25
2026-04-20 15:00:00+00:00,425,3,110.0,10.5,0.6,45.9375,15.5
2026-04-20 15:00:00+00:00,425,6,103.0,11.3,0.5,45.9375,15.5
2026-04-20 15:00:00+00:00,426,3,327.0,17.5,0.0,45.5625,13.75
2026-04-20 15:00:00+00:00,426,6,308.0,16.5,0.3,45.5625,13.75
2026-04-20 16:00:00+00:00,63,1,117.0,10.3,1.1,46.375,14.0625
2026-04-20 16:00:00+00:00,76,1,128.0,10.1,1.2,46.3125,14.1875
2026-04-20 16:00:00+00:00,106,1,62.0,10.5,0.4,46.25,14.375
2026-04-20 16:00:00+00:00,122,1,74.0,10.6,0.6,46.0,14.4375
2026-04-20 16:00:00+00:00,127,1,57.0,10.0,0.8,46.125,14.5
2026-04-20 16:00:00+00:00,129,1,89.0,10.6,0.4,46.0,14.5
2026-04-20 16:00:00+00:00,177,1,60.0,6.9,0.1,45.625,14.8125
2026-04-20 16:00:00+00:00,194,1,36.0,9.7,1.5,46.5,15.0625
2026-04-20 16:00:00+00:00,236,1,79.0,10.5,0.7,45.8125,15.1875
2026-04-20 16:00:00+00:00,325,1,74.0,10.3,1.5,46.5625,15.625
2026-04-20 16:00:00+00:00,391,1,115.0,9.9,0.5,46.6875,16.0625
2026-04-20 16:00:00+00:00,422,1,56.0,9.6,0.3,46.25,15.25
2026-04-20 16:00:00+00:00,425,1,67.0,10.0,0.7,45.9375,15.5
2026-04-20 16:00:00+00:00,426,1,219.0,17.7,0.0,45.5625,13.75
2026-04-20 17:00:00+00:00,63,2,33.0,9.5,1.2,46.375,14.0625
2026-04-20 17:00:00+00:00,76,2,38.0,9.4,1.0,46.3125,14.1875
2026-04-20 17:00:00+00:00,106,2,17.0,9.5,0.4,46.25,14.375
2026-04-20 17:00:00+00:00,122,2,33.0,9.8,0.6,46.0,14.4375
2026-04-20 17:00:00+00:00,127,2,24.0,9.5,0.7,46.125,14.5
2026-04-20 17:00:00+00:00,129,2,39.0,9.9,0.8,46.0,14.5
2026-04-20 17:00:00+00:00,177,2,33.0,6.3,0.1,45.625,14.8125
2026-04-20 17:00:00+00:00,194,2,40.0,9.5,0.7,46.5,15.0625
2026-04-20 17:00:00+00:00,236,2,25.0,10.0,0.8,45.8125,15.1875
2026-04-20 17:00:00+00:00,325,2,72.0,10.7,0.0,46.5625,15.625
2026-04-20 17:00:00+00:00,391,2,114.0,9.7,0.0,46.6875,16.0625
2026-04-20 17:00:00+00:00,422,2,22.0,9.2,0.3,46.25,15.25
2026-04-20 17:00:00+00:00,425,2,33.0,9.7,0.6,45.9375,15.5
2026-04-20 17:00:00+00:00,426,2,88.0,17.0,0.1,45.5625,13.75
2026-04-20 18:00:00+00:00,63,3,6.0,9.0,0.7,46.375,14.0625
2026-04-20 18:00:00+00:00,63,6,6.0,9.3,0.9,46.375,14.0625
2026-04-20 18:00:00+00:00,76,3,6.0,8.8,1.1,46.3125,14.1875
2026-04-20 18:00:00+00:00,76,6,5.0,9.2,1.5,46.3125,14.1875
2026-04-20 18:00:00+00:00,106,3,3.0,9.0,0.9,46.25,14.375
2026-04-20 18:00:00+00:00,106,6,3.0,9.4,0.8,46.25,14.375
2026-04-20 18:00:00+00:00,122,3,6.0,9.3,0.6,46.0,14.4375
2026-04-20 18:00:00+00:00,122,6,5.0,9.9,1.0,46.0,14.4375
2026-04-20 18:00:00+00:00,127,3,6.0,9.3,0.5,46.125,14.5
2026-04-20 18:00:00+00:00,127,6,5.0,9.7,0.6,46.125,14.5
2026-04-20 18:00:00+00:00,129,3,6.0,9.5,0.7,46.0,14.5
2026-04-20 18:00:00+00:00,129,6,5.0,10.0,1.0,46.0,14.5
2026-04-20 18:00:00+00:00,177,3,6.0,6.0,0.4,45.625,14.8125
2026-04-20 18:00:00+00:00,177,6,5.0,6.7,0.5,45.625,14.8125
2026-04-20 18:00:00+00:00,194,3,11.0,9.1,0.1,46.5,15.0625
2026-04-20 18:00:00+00:00,194,6,9.0,9.4,0.0,46.5,15.0625
2026-04-20 18:00:00+00:00,236,3,5.0,9.5,0.7,45.8125,15.1875
2026-04-20 18:00:00+00:00,236,6,5.0,9.8,0.7,45.8125,15.1875
2026-04-20 18:00:00+00:00,325,3,14.0,9.8,0.1,46.5625,15.625
2026-04-20 18:00:00+00:00,325,6,14.0,9.3,0.0,46.5625,15.625
2026-04-20 18:00:00+00:00,391,3,18.0,8.8,0.0,46.6875,16.0625
2026-04-20 18:00:00+00:00,391,6,17.0,8.7,0.0,46.6875,16.0625
2026-04-20 18:00:00+00:00,422,3,3.0,8.9,2.7,46.25,15.25
2026-04-20 18:00:00+00:00,422,6,3.0,9.1,3.5,46.25,15.25
2026-04-20 18:00:00+00:00,425,3,5.0,9.6,0.3,45.9375,15.5
2026-04-20 18:00:00+00:00,425,6,7.0,9.9,0.3,45.9375,15.5
2026-04-20 18:00:00+00:00,426,3,17.0,15.7,0.4,45.5625,13.75
2026-04-20 18:00:00+00:00,426,6,14.0,15.7,0.0,45.5625,13.75
2026-04-20 19:00:00+00:00,63,1,0.0,8.7,0.8,46.375,14.0625
2026-04-20 19:00:00+00:00,76,1,0.0,8.4,1.0,46.3125,14.1875
2026-04-20 19:00:00+00:00,106,1,0.0,8.7,1.2,46.25,14.375
2026-04-20 19:00:00+00:00,122,1,0.0,9.2,0.6,46.0,14.4375
2026-04-20 19:00:00+00:00,127,1,0.0,9.0,1.1,46.125,14.5
2026-04-20 19:00:00+00:00,129,1,0.0,9.5,0.6,46.0,14.5
2026-04-20 19:00:00+00:00,177,1,0.0,5.9,0.7,45.625,14.8125
2026-04-20 19:00:00+00:00,194,1,0.0,8.9,0.6,46.5,15.0625
2026-04-20 19:00:00+00:00,236,1,0.0,9.2,0.6,45.8125,15.1875
2026-04-20 19:00:00+00:00,325,1,0.0,9.4,0.0,46.5625,15.625
2026-04-20 19:00:00+00:00,391,1,0.0,8.2,0.0,46.6875,16.0625
2026-04-20 19:00:00+00:00,422,1,0.0,8.8,0.6,46.25,15.25
2026-04-20 19:00:00+00:00,425,1,0.0,9.3,0.7,45.9375,15.5
2026-04-20 19:00:00+00:00,426,1,0.0,15.1,0.3,45.5625,13.75
2026-04-20 20:00:00+00:00,63,2,0.0,8.3,1.1,46.375,14.0625
2026-04-20 20:00:00+00:00,76,2,0.0,8.1,1.0,46.3125,14.1875
2026-04-20 20:00:00+00:00,106,2,0.0,8.5,0.4,46.25,14.375
2026-04-20 20:00:00+00:00,122,2,0.0,9.1,0.8,46.0,14.4375
2026-04-20 20:00:00+00:00,127,2,0.0,8.8,0.7,46.125,14.5
2026-04-20 20:00:00+00:00,129,2,0.0,9.3,0.9,46.0,14.5
2026-04-20 20:00:00+00:00,177,2,0.0,5.9,0.8,45.625,14.8125
2026-04-20 20:00:00+00:00,194,2,0.0,8.8,0.1,46.5,15.0625
2026-04-20 20:00:00+00:00,236,2,0.0,9.1,0.5,45.8125,15.1875
2026-04-20 20:00:00+00:00,325,2,0.0,9.0,0.0,46.5625,15.625
2026-04-20 20:00:00+00:00,391,2,0.0,7.8,0.0,46.6875,16.0625
2026-04-20 20:00:00+00:00,422,2,0.0,8.6,0.0,46.25,15.25
2026-04-20 20:00:00+00:00,425,2,0.0,9.1,0.5,45.9375,15.5
2026-04-20 20:00:00+00:00,426,2,0.0,14.7,0.3,45.5625,13.75
2026-04-20 21:00:00+00:00,63,3,0.0,8.0,0.4,46.375,14.0625
2026-04-20 21:00:00+00:00,63,6,0.0,7.9,0.5,46.375,14.0625
2026-04-20 21:00:00+00:00,76,3,0.0,8.0,0.5,46.3125,14.1875
2026-04-20 21:00:00+00:00,76,6,0.0,8.1,0.6,46.3125,14.1875
2026-04-20 21:00:00+00:00,106,3,0.0,8.3,0.3,46.25,14.375
2026-04-20 21:00:00+00:00,106,6,0.0,8.3,0.5,46.25,14.375
2026-04-20 21:00:00+00:00,122,3,0.0,8.9,0.4,46.0,14.4375
2026-04-20 21:00:00+00:00,122,6,0.0,9.0,0.5,46.0,14.4375
2026-04-20 21:00:00+00:00,127,3,0.0,8.6,0.2,46.125,14.5
2026-04-20 21:00:00+00:00,127,6,0.0,8.6,0.3,46.125,14.5
2026-04-20 21:00:00+00:00,129,3,0.0,9.0,0.4,46.0,14.5
2026-04-20 21:00:00+00:00,129,6,0.0,9.1,0.5,46.0,14.5
2026-04-20 21:00:00+00:00,177,3,0.0,6.0,0.9,45.625,14.8125
2026-04-20 21:00:00+00:00,177,6,0.0,6.1,1.0,45.625,14.8125
2026-04-20 21:00:00+00:00,194,3,0.0,8.5,0.0,46.5,15.0625
2026-04-20 21:00:00+00:00,194,6,0.0,8.5,0.0,46.5,15.0625
2026-04-20 21:00:00+00:00,236,3,0.0,8.8,0.4,45.8125,15.1875
2026-04-20 21:00:00+00:00,236,6,0.0,8.8,0.4,45.8125,15.1875
2026-04-20 21:00:00+00:00,325,3,0.0,8.8,0.0,46.5625,15.625
2026-04-20 21:00:00+00:00,325,6,0.0,8.8,0.0,46.5625,15.625
2026-04-20 21:00:00+00:00,391,3,0.0,7.3,0.0,46.6875,16.0625
2026-04-20 21:00:00+00:00,391,6,0.0,7.6,0.0,46.6875,16.0625
2026-04-20 21:00:00+00:00,422,3,0.0,8.5,0.2,46.25,15.25
2026-04-20 21:00:00+00:00,422,6,0.0,8.5,0.2,46.25,15.25
2026-04-20 21:00:00+00:00,425,3,0.0,8.9,0.2,45.9375,15.5
2026-04-20 21:00:00+00:00,425,6,0.0,8.9,0.2,45.9375,15.5
2026-04-20 21:00:00+00:00,426,3,0.0,14.1,0.6,45.5625,13.75
2026-04-20 21:00:00+00:00,426,6,0.0,14.2,0.4,45.5625,13.75
2026-04-20 22:00:00+00:00,63,1,0.0,7.9,0.2,46.375,14.0625
2026-04-20 22:00:00+00:00,76,1,0.0,8.1,0.1,46.3125,14.1875
2026-04-20 22:00:00+00:00,106,1,0.0,8.2,0.0,46.25,14.375
2026-04-20 22:00:00+00:00,122,1,0.0,8.6,0.1,46.0,14.4375
2026-04-20 22:00:00+00:00,127,1,0.0,8.5,0.0,46.125,14.5
2026-04-20 22:00:00+00:00,129,1,0.0,8.8,0.0,46.0,14.5
2026-04-20 22:00:00+00:00,177,1,0.0,6.0,0.3,45.625,14.8125
2026-04-20 22:00:00+00:00,194,1,0.0,8.5,0.0,46.5,15.0625
2026-04-20 22:00:00+00:00,236,1,0.0,8.6,0.1,45.8125,15.1875
2026-04-20 22:00:00+00:00,325,1,0.0,8.6,0.1,46.5625,15.625
2026-04-20 22:00:00+00:00,391,1,0.0,6.9,0.0,46.6875,16.0625
2026-04-20 22:00:00+00:00,422,1,0.0,8.4,0.2,46.25,15.25
2026-04-20 22:00:00+00:00,425,1,0.0,8.8,0.2,45.9375,15.5
2026-04-20 22:00:00+00:00,426,1,0.0,13.7,1.5,45.5625,13.75
2026-04-20 23:00:00+00:00,63,2,0.0,7.4,0.0,46.375,14.0625
2026-04-20 23:00:00+00:00,76,2,0.0,7.7,0.0,46.3125,14.1875
2026-04-20 23:00:00+00:00,106,2,0.0,7.9,0.0,46.25,14.375
2026-04-20 23:00:00+00:00,122,2,0.0,8.2,0.0,46.0,14.4375
2026-04-20 23:00:00+00:00,127,2,0.0,8.3,0.0,46.125,14.5
2026-04-20 23:00:00+00:00,129,2,0.0,8.3,0.0,46.0,14.5
2026-04-20 23:00:00+00:00,177,2,0.0,5.9,0.2,45.625,14.8125
2026-04-20 23:00:00+00:00,194,2,0.0,8.1,0.0,46.5,15.0625
2026-04-20 23:00:00+00:00,236,2,0.0,8.5,0.0,45.8125,15.1875
2026-04-20 23:00:00+00:00,325,2,0.0,8.1,0.0,46.5625,15.625
2026-04-20 23:00:00+00:00,391,2,0.0,6.5,0.0,46.6875,16.0625
2026-04-20 23:00:00+00:00,422,2,0.0,8.1,0.0,46.25,15.25
2026-04-20 23:00:00+00:00,425,2,0.0,8.3,0.0,45.9375,15.5
2026-04-20 23:00:00+00:00,426,2,0.0,14.2,0.2,45.5625,13.75
2026-04-21 00:00:00+00:00,63,3,0.0,6.7,0.0,46.375,14.0625
2026-04-21 00:00:00+00:00,63,6,0.0,6.3,0.0,46.375,14.0625
2026-04-21 00:00:00+00:00,63,24,0.0,6.8,0.0,46.375,14.0625
2026-04-21 00:00:00+00:00,76,3,0.0,7.1,0.0,46.3125,14.1875
2026-04-21 00:00:00+00:00,76,6,0.0,6.9,0.0,46.3125,14.1875
2026-04-21 00:00:00+00:00,76,24,0.0,7.3,0.0,46.3125,14.1875
2026-04-21 00:00:00+00:00,106,3,0.0,7.4,0.0,46.25,14.375
2026-04-21 00:00:00+00:00,106,6,0.0,6.8,0.0,46.25,14.375
2026-04-21 00:00:00+00:00,106,24,0.0,7.6,0.0,46.25,14.375
2026-04-21 00:00:00+00:00,122,3,0.0,7.8,0.0,46.0,14.4375
2026-04-21 00:00:00+00:00,122,6,0.0,7.7,0.0,46.0,14.4375
2026-04-21 00:00:00+00:00,122,24,0.0,8.6,0.0,46.0,14.4375
2026-04-21 00:00:00+00:00,127,3,0.0,8.0,0.0,46.125,14.5
2026-04-21 00:00:00+00:00,127,6,0.0,7.8,0.0,46.125,14.5
2026-04-21 00:00:00+00:00,127,24,0.0,8.3,0.0,46.125,14.5
2026-04-21 00:00:00+00:00,129,3,0.0,7.8,0.0,46.0,14.5
2026-04-21 00:00:00+00:00,129,6,0.0,7.7,0.0,46.0,14.5
2026-04-21 00:00:00+00:00,129,24,0.0,9.0,0.0,46.0,14.5
2026-04-21 00:00:00+00:00,177,3,0.0,5.8,0.1,45.625,14.8125
2026-04-21 00:00:00+00:00,177,6,0.0,5.6,0.3,45.625,14.8125
2026-04-21 00:00:00+00:00,177,24,0.0,6.7,0.2,45.625,14.8125
2026-04-21 00:00:00+00:00,194,3,0.0,7.6,0.0,46.5,15.0625
2026-04-21 00:00:00+00:00,194,6,0.0,7.6,0.0,46.5,15.0625
2026-04-21 00:00:00+00:00,194,24,0.0,6.9,0.0,46.5,15.0625
2026-04-21 00:00:00+00:00,236,3,0.0,8.1,0.0,45.8125,15.1875
2026-04-21 00:00:00+00:00,236,6,0.0,7.9,0.0,45.8125,15.1875
2026-04-21 00:00:00+00:00,236,24,0.0,9.3,0.2,45.8125,15.1875
2026-04-21 00:00:00+00:00,325,3,0.0,7.8,0.0,46.5625,15.625
2026-04-21 00:00:00+00:00,325,6,0.0,7.6,0.0,46.5625,15.625
2026-04-21 00:00:00+00:00,325,24,0.0,7.4,0.0,46.5625,15.625
2026-04-21 00:00:00+00:00,391,3,0.0,6.0,0.0,46.6875,16.0625
2026-04-21 00:00:00+00:00,391,6,0.0,5.7,0.0,46.6875,16.0625
2026-04-21 00:00:00+00:00,391,24,0.0,6.5,0.0,46.6875,16.0625
2026-04-21 00:00:00+00:00,422,3,0.0,7.9,0.0,46.25,15.25
2026-04-21 00:00:00+00:00,422,6,0.0,7.6,0.0,46.25,15.25
2026-04-21 00:00:00+00:00,422,24,0.0,8.7,0.0,46.25,15.25
2026-04-21 00:00:00+00:00,425,3,0.0,8.0,0.0,45.9375,15.5
2026-04-21 00:00:00+00:00,425,6,0.0,7.8,0.0,45.9375,15.5
2026-04-21 00:00:00+00:00,425,24,0.0,9.2,0.1,45.9375,15.5
2026-04-21 00:00:00+00:00,426,3,0.0,14.2,0.1,45.5625,13.75
2026-04-21 00:00:00+00:00,426,6,0.0,14.0,0.1,45.5625,13.75
2026-04-21 00:00:00+00:00,426,24,0.0,14.2,0.1,45.5625,13.75
2026-04-21 03:00:00+00:00,63,6,0.0,5.0,0.0,46.375,14.0625
2026-04-21 03:00:00+00:00,63,24,0.0,4.1,0.0,46.375,14.0625
2026-04-21 03:00:00+00:00,76,6,0.0,6.4,0.0,46.3125,14.1875
2026-04-21 03:00:00+00:00,76,24,0.0,5.9,0.0,46.3125,14.1875
2026-04-21 03:00:00+00:00,106,6,0.0,6.4,0.0,46.25,14.375
2026-04-21 03:00:00+00:00,106,24,0.0,6.1,0.0,46.25,14.375
2026-04-21 03:00:00+00:00,122,6,0.0,6.3,0.0,46.0,14.4375
2026-04-21 03:00:00+00:00,122,24,0.0,6.3,0.0,46.0,14.4375
2026-04-21 03:00:00+00:00,127,6,0.0,6.9,0.0,46.125,14.5
2026-04-21 03:00:00+00:00,127,24,0.0,5.8,0.0,46.125,14.5
2026-04-21 03:00:00+00:00,129,6,0.0,5.8,0.0,46.0,14.5
2026-04-21 03:00:00+00:00,129,24,0.0,6.3,0.0,46.0,14.5
2026-04-21 03:00:00+00:00,177,6,0.0,4.6,0.0,45.625,14.8125
2026-04-21 03:00:00+00:00,177,24,0.0,4.3,0.0,45.625,14.8125
2026-04-21 03:00:00+00:00,194,6,0.0,6.5,0.0,46.5,15.0625
2026-04-21 03:00:00+00:00,194,24,0.0,5.4,0.0,46.5,15.0625
2026-04-21 03:00:00+00:00,236,6,0.0,6.7,0.0,45.8125,15.1875
2026-04-21 03:00:00+00:00,236,24,0.0,7.4,0.0,45.8125,15.1875
2026-04-21 03:00:00+00:00,325,6,0.0,6.9,0.0,46.5625,15.625
2026-04-21 03:00:00+00:00,325,24,0.0,5.8,0.0,46.5625,15.625
2026-04-21 03:00:00+00:00,391,6,0.0,5.3,0.0,46.6875,16.0625
2026-04-21 03:00:00+00:00,391,24,0.0,4.5,0.0,46.6875,16.0625
2026-04-21 03:00:00+00:00,422,6,0.0,6.8,0.0,46.25,15.25
2026-04-21 03:00:00+00:00,422,24,0.0,6.9,0.0,46.25,15.25
2026-04-21 03:00:00+00:00,425,6,0.0,6.6,0.0,45.9375,15.5
2026-04-21 03:00:00+00:00,425,24,0.0,7.3,0.0,45.9375,15.5
2026-04-21 03:00:00+00:00,426,6,0.0,11.5,0.0,45.5625,13.75
2026-04-21 03:00:00+00:00,426,24,0.0,11.7,0.0,45.5625,13.75
2026-04-21 06:00:00+00:00,63,24,151.0,6.1,0.0,46.375,14.0625
2026-04-21 06:00:00+00:00,76,24,157.0,8.1,0.0,46.3125,14.1875
2026-04-21 06:00:00+00:00,106,24,151.0,7.9,0.0,46.25,14.375
2026-04-21 06:00:00+00:00,122,24,143.0,8.5,0.0,46.0,14.4375
2026-04-21 06:00:00+00:00,127,24,135.0,8.0,0.0,46.125,14.5
2026-04-21 06:00:00+00:00,129,24,145.0,8.3,0.0,46.0,14.5
2026-04-21 06:00:00+00:00,177,24,150.0,6.8,0.0,45.625,14.8125
2026-04-21 06:00:00+00:00,194,24,122.0,8.3,0.2,46.5,15.0625
2026-04-21 06:00:00+00:00,236,24,128.0,8.6,0.0,45.8125,15.1875
2026-04-21 06:00:00+00:00,325,24,127.0,8.4,0.0,46.5625,15.625
2026-04-21 06:00:00+00:00,391,24,116.0,7.0,0.0,46.6875,16.0625
2026-04-21 06:00:00+00:00,422,24,109.0,7.8,0.0,46.25,15.25
2026-04-21 06:00:00+00:00,425,24,115.0,8.7,0.0,45.9375,15.5
2026-04-21 06:00:00+00:00,426,24,144.0,12.4,0.0,45.5625,13.75
2026-04-21 09:00:00+00:00,63,24,520.0,9.4,0.6,46.375,14.0625
2026-04-21 09:00:00+00:00,76,24,501.0,10.0,0.3,46.3125,14.1875
2026-04-21 09:00:00+00:00,106,24,428.0,10.4,0.8,46.25,14.375
2026-04-21 09:00:00+00:00,122,24,519.0,11.7,0.6,46.0,14.4375
2026-04-21 09:00:00+00:00,127,24,478.0,11.3,0.5,46.125,14.5
2026-04-21 09:00:00+00:00,129,24,528.0,12.1,0.4,46.0,14.5
2026-04-21 09:00:00+00:00,177,24,488.0,9.7,0.0,45.625,14.8125
2026-04-21 09:00:00+00:00,194,24,477.0,10.6,0.5,46.5,15.0625
2026-04-21 09:00:00+00:00,236,24,439.0,12.1,0.3,45.8125,15.1875
2026-04-21 09:00:00+00:00,325,24,562.0,11.9,0.0,46.5625,15.625
2026-04-21 09:00:00+00:00,391,24,629.0,12.4,0.1,46.6875,16.0625
2026-04-21 09:00:00+00:00,422,24,500.0,11.7,0.0,46.25,15.25
2026-04-21 09:00:00+00:00,425,24,565.0,12.6,0.0,45.9375,15.5
2026-04-21 09:00:00+00:00,426,24,662.0,18.2,0.0,45.5625,13.75
2026-04-21 12:00:00+00:00,63,24,736.0,11.9,0.2,46.375,14.0625
2026-04-21 12:00:00+00:00,76,24,714.0,11.8,0.4,46.3125,14.1875
2026-04-21 12:00:00+00:00,106,24,599.0,11.6,0.5,46.25,14.375
2026-04-21 12:00:00+00:00,122,24,683.0,13.3,0.2,46.0,14.4375
2026-04-21 12:00:00+00:00,127,24,626.0,12.4,0.3,46.125,14.5
2026-04-21 12:00:00+00:00,129,24,685.0,13.6,0.1,46.0,14.5
2026-04-21 12:00:00+00:00,177,24,645.0,10.6,0.5,45.625,14.8125
2026-04-21 12:00:00+00:00,194,24,614.0,11.9,0.3,46.5,15.0625
2026-04-21 12:00:00+00:00,236,24,581.0,13.0,0.5,45.8125,15.1875
2026-04-21 12:00:00+00:00,325,24,645.0,13.0,0.1,46.5625,15.625
2026-04-21 12:00:00+00:00,391,24,553.0,12.7,0.1,46.6875,16.0625
2026-04-21 12:00:00+00:00,422,24,621.0,13.1,0.3,46.25,15.25
2026-04-21 12:00:00+00:00,425,24,649.0,14.4,0.0,45.9375,15.5
2026-04-21 12:00:00+00:00,426,24,642.0,19.7,0.0,45.5625,13.75
2026-04-21 15:00:00+00:00,63,24,452.0,11.0,0.5,46.375,14.0625
2026-04-21 15:00:00+00:00,76,24,430.0,10.3,1.3,46.3125,14.1875
2026-04-21 15:00:00+00:00,106,24,381.0,11.4,0.4,46.25,14.375
2026-04-21 15:00:00+00:00,122,24,404.0,13.0,0.2,46.0,14.4375
2026-04-21 15:00:00+00:00,127,24,352.0,12.1,0.3,46.125,14.5
2026-04-21 15:00:00+00:00,129,24,414.0,13.4,0.1,46.0,14.5
2026-04-21 15:00:00+00:00,177,24,384.0,9.6,0.4,45.625,14.8125
2026-04-21 15:00:00+00:00,194,24,291.0,10.1,0.6,46.5,15.0625
2026-04-21 15:00:00+00:00,236,24,416.0,13.1,0.1,45.8125,15.1875
2026-04-21 15:00:00+00:00,325,24,420.0,12.3,0.1,46.5625,15.625
2026-04-21 15:00:00+00:00,391,24,374.0,13.4,0.0,46.6875,16.0625
2026-04-21 15:00:00+00:00,422,24,349.0,12.1,0.8,46.25,15.25
2026-04-21 15:00:00+00:00,425,24,385.0,13.1,0.1,45.9375,15.5
2026-04-21 15:00:00+00:00,426,24,491.0,19.2,0.0,45.5625,13.75
2026-04-21 18:00:00+00:00,63,24,20.0,6.9,0.9,46.375,14.0625
2026-04-21 18:00:00+00:00,76,24,19.0,7.2,1.3,46.3125,14.1875
2026-04-21 18:00:00+00:00,106,24,17.0,8.6,0.5,46.25,14.375
2026-04-21 18:00:00+00:00,122,24,17.0,10.0,0.2,46.0,14.4375
2026-04-21 18:00:00+00:00,127,24,19.0,9.9,0.0,46.125,14.5
2026-04-21 18:00:00+00:00,129,24,18.0,10.3,0.0,46.0,14.5
2026-04-21 18:00:00+00:00,177,24,17.0,6.4,0.5,45.625,14.8125
2026-04-21 18:00:00+00:00,194,24,20.0,8.1,0.0,46.5,15.0625
2026-04-21 18:00:00+00:00,236,24,19.0,10.8,0.0,45.8125,15.1875
2026-04-21 18:00:00+00:00,325,24,17.0,10.0,0.1,46.5625,15.625
2026-04-21 18:00:00+00:00,391,24,20.0,9.6,0.0,46.6875,16.0625
2026-04-21 18:00:00+00:00,422,24,23.0,10.1,0.0,46.25,15.25
2026-04-21 18:00:00+00:00,425,24,20.0,10.9,0.0,45.9375,15.5
2026-04-21 18:00:00+00:00,426,24,32.0,15.3,0.0,45.5625,13.75
2026-04-21 21:00:00+00:00,63,24,0.0,5.4,0.1,46.375,14.0625
2026-04-21 21:00:00+00:00,76,24,0.0,6.0,0.2,46.3125,14.1875
2026-04-21 21:00:00+00:00,106,24,0.0,6.3,0.0,46.25,14.375
2026-04-21 21:00:00+00:00,122,24,0.0,7.6,0.0,46.0,14.4375
2026-04-21 21:00:00+00:00,127,24,0.0,7.1,0.0,46.125,14.5
2026-04-21 21:00:00+00:00,129,24,0.0,7.4,0.0,46.0,14.5
2026-04-21 21:00:00+00:00,177,24,0.0,4.6,0.0,45.625,14.8125
2026-04-21 21:00:00+00:00,194,24,0.0,6.1,0.0,46.5,15.0625
2026-04-21 21:00:00+00:00,236,24,0.0,8.0,0.0,45.8125,15.1875
2026-04-21 21:00:00+00:00,325,24,0.0,7.8,0.0,46.5625,15.625
2026-04-21 21:00:00+00:00,391,24,0.0,7.4,0.0,46.6875,16.0625
2026-04-21 21:00:00+00:00,422,24,0.0,7.1,0.0,46.25,15.25
2026-04-21 21:00:00+00:00,425,24,0.0,8.7,0.0,45.9375,15.5
2026-04-21 21:00:00+00:00,426,24,0.0,13.5,0.0,45.5625,13.75
