TimeStampUTC,WPointID,tplusH,GHI,temp,Rainfall,latitude,longitude
2026-04-01 01:00:00+00:00,63,1,0.0,2.3,0.0,46.432335,14.134615
2026-04-01 01:00:00+00:00,76,1,0.0,3.7,0.0,46.291737,14.233227
2026-04-01 01:00:00+00:00,106,1,0.0,3.1,0.0,46.22144,14.354067
2026-04-01 01:00:00+00:00,122,1,0.0,5.7,0.0,46.08084,14.45151
2026-04-01 01:00:00+00:00,127,1,0.0,3.8,0.0,46.151142,14.474522
2026-04-01 01:00:00+00:00,129,1,0.0,6.0,0.0,46.010544,14.571429
2026-04-01 01:00:00+00:00,177,1,0.0,2.0,0.0,45.65905,14.88189
2026-04-01 01:00:00+00:00,194,1,0.0,4.3,0.0,46.502636,15.024076
2026-04-01 01:00:00+00:00,236,1,0.0,6.8,0.0,45.79965,15.213271
2026-04-01 01:00:00+00:00,325,1,0.0,6.1,0.0,46.572933,15.62701
2026-04-01 01:00:00+00:00,391,1,0.0,6.1,0.0,46.71353,16.112904
2026-04-01 01:00:00+00:00,422,1,0.0,4.9,0.0,46.22144,15.21531
2026-04-01 01:00:00+00:00,425,1,0.0,6.7,0.0,45.940243,15.546751
2026-04-01 01:00:00+00:00,426,1,0.0,9.3,0.0,45.51845,13.704866
2026-04-01 02:00:00+00:00,63,2,0.0,2.4,0.0,46.432335,14.134615
2026-04-01 02:00:00+00:00,76,2,0.0,3.7,0.0,46.291737,14.233227
2026-04-01 02:00:00+00:00,106,2,0.0,3.3,0.0,46.22144,14.354067
2026-04-01 02:00:00+00:00,122,2,0.0,5.3,0.0,46.08084,14.45151
2026-04-01 02:00:00+00:00,127,2,0.0,3.0,0.0,46.151142,14.474522
2026-04-01 02:00:00+00:00,129,2,0.0,5.6,0.0,46.010544,14.571429
2026-04-01 02:00:00+00:00,177,2,0.0,1.7,0.0,45.65905,14.88189
2026-04-01 02:00:00+00:00,194,2,0.0,4.0,0.0,46.502636,15.024076
2026-04-01 02:00:00+00:00,236,2,0.0,6.4,0.0,45.79965,15.213271
2026-04-01 02:00:00+00:00,325,2,0.0,5.8,0.0,46.572933,15.62701
2026-04-01 02:00:00+00:00,391,2,0.0,5.7,0.0,46.71353,16.112904
2026-04-01 02:00:00+00:00,422,2,0.0,5.0,0.0,46.22144,15.21531
2026-04-01 02:00:00+00:00,425,2,0.0,6.3,0.0,45.940243,15.546751
2026-04-01 02:00:00+00:00,426,2,0.0,8.8,0.0,45.51845,13.704866
2026-04-01 03:00:00+00:00,63,3,0.0,2.6,0.0,46.432335,14.134615
2026-04-01 03:00:00+00:00,76,3,0.0,3.6,0.0,46.291737,14.233227
2026-04-01 03:00:00+00:00,106,3,0.0,2.8,0.0,46.22144,14.354067
2026-04-01 03:00:00+00:00,122,3,0.0,4.8,0.0,46.08084,14.45151
2026-04-01 03:00:00+00:00,127,3,0.0,2.7,0.0,46.151142,14.474522
2026-04-01 03:00:00+00:00,129,3,0.0,5.4,0.0,46.010544,14.571429
2026-04-01 03:00:00+00:00,177,3,0.0,1.5,0.0,45.65905,14.88189
2026-04-01 03:00:00+00:00,194,3,0.0,3.7,0.0,46.502636,15.024076
2026-04-01 03:00:00+00:00,236,3,0.0,6.1,0.0,45.79965,15.213271
2026-04-01 03:00:00+00:00,325,3,0.0,5.5,0.0,46.572933,15.62701
2026-04-01 03:00:00+00:00,391,3,0.0,5.6,0.0,46.71353,16.112904
2026-04-01 03:00:00+00:00,422,3,0.0,4.5,0.0,46.22144,15.21531
2026-04-01 03:00:00+00:00,425,3,0.0,5.9,0.0,45.940243,15.546751
2026-04-01 03:00:00+00:00,426,3,0.0,8.4,0.0,45.51845,13.704866
2026-04-01 06:00:00+00:00,63,6,63.0,3.3,0.0,46.432335,14.134615
2026-04-01 06:00:00+00:00,76,6,44.0,3.9,0.0,46.291737,14.233227
2026-04-01 06:00:00+00:00,106,6,39.0,4.1,0.0,46.22144,14.354067
2026-04-01 06:00:00+00:00,122,6,25.0,5.3,0.0,46.08084,14.45151
2026-04-01 06:00:00+00:00,127,6,33.0,3.9,0.0,46.151142,14.474522
2026-04-01 06:00:00+00:00,129,6,18.0,5.2,0.0,46.010544,14.571429
2026-04-01 06:00:00+00:00,177,6,17.0,0.9,0.1,45.65905,14.88189
2026-04-01 06:00:00+00:00,194,6,40.0,3.9,0.0,46.502636,15.024076
2026-04-01 06:00:00+00:00,236,6,16.0,5.5,0.1,45.79965,15.213271
2026-04-01 06:00:00+00:00,325,6,22.0,5.4,0.0,46.572933,15.62701
2026-04-01 06:00:00+00:00,391,6,36.0,5.6,0.0,46.71353,16.112904
2026-04-01 06:00:00+00:00,422,6,27.0,5.7,0.0,46.22144,15.21531
2026-04-01 06:00:00+00:00,425,6,17.0,5.7,0.0,45.940243,15.546751
2026-04-01 06:00:00+00:00,426,6,64.0,8.3,0.0,45.51845,13.704866
2026-04-01 07:00:00+00:00,63,1,195.0,4.3,0.0,46.432335,14.134615
2026-04-01 07:00:00+00:00,76,1,128.0,5.3,0.0,46.291737,14.233227
2026-04-01 07:00:00+00:00,106,1,103.0,6.1,0.0,46.22144,14.354067
2026-04-01 07:00:00+00:00,122,1,83.0,6.7,0.0,46.08084,14.45151
2026-04-01 07:00:00+00:00,127,1,92.0,5.8,0.0,46.151142,14.474522
2026-04-01 07:00:00+00:00,129,1,71.0,5.7,0.0,46.010544,14.571429
2026-04-01 07:00:00+00:00,177,1,41.0,0.6,0.2,45.65905,14.88189
2026-04-01 07:00:00+00:00,194,1,147.0,5.0,0.0,46.502636,15.024076
2026-04-01 07:00:00+00:00,236,1,51.0,5.5,0.2,45.79965,15.213271
2026-04-01 07:00:00+00:00,325,1,82.0,5.7,0.0,46.572933,15.62701
2026-04-01 07:00:00+00:00,391,1,135.0,6.4,0.0,46.71353,16.112904
2026-04-01 07:00:00+00:00,422,1,62.0,6.2,0.0,46.22144,15.21531
2026-04-01 07:00:00+00:00,425,1,40.0,5.7,0.1,45.940243,15.546751
2026-04-01 07:00:00+00:00,426,1,217.0,9.2,0.0,45.51845,13.704866
2026-04-01 08:00:00+00:00,63,2,354.0,5.3,0.0,46.432335,14.134615
2026-04-01 08:00:00+00:00,76,2,278.0,6.7,0.0,46.291737,14.233227
2026-04-01 08:00:00+00:00,106,2,255.0,7.7,0.0,46.22144,14.354067
2026-04-01 08:00:00+00:00,122,2,146.0,7.1,0.0,46.08084,14.45151
2026-04-01 08:00:00+00:00,127,2,213.0,7.1,0.0,46.151142,14.474522
2026-04-01 08:00:00+00:00,129,2,94.0,6.0,0.0,46.010544,14.571429
2026-04-01 08:00:00+00:00,177,2,83.0,1.1,0.1,45.65905,14.88189
2026-04-01 08:00:00+00:00,194,2,325.0,6.4,0.0,46.502636,15.024076
2026-04-01 08:00:00+00:00,236,2,83.0,5.7,0.1,45.79965,15.213271
2026-04-01 08:00:00+00:00,325,2,98.0,6.4,0.0,46.572933,15.62701
2026-04-01 08:00:00+00:00,391,2,144.0,7.1,0.0,46.71353,16.112904
2026-04-01 08:00:00+00:00,422,2,333.0,8.1,0.0,46.22144,15.21531
2026-04-01 08:00:00+00:00,425,2,96.0,6.2,0.0,45.940243,15.546751
2026-04-01 08:00:00+00:00,426,2,370.0,9.8,0.0,45.51845,13.704866
2026-04-01 09:00:00+00:00,63,3,560.0,7.1,0.0,46.432335,14.134615
2026-04-01 09:00:00+00:00,76,3,534.0,8.2,0.0,46.291737,14.233227
2026-04-01 09:00:00+00:00,106,3,497.0,9.4,0.0,46.22144,14.354067
2026-04-01 09:00:00+00:00,122,3,288.0,9.1,0.0,46.08084,14.45151
2026-04-01 09:00:00+00:00,127,3,397.0,8.9,0.0,46.151142,14.474522
2026-04-01 09:00:00+00:00,129,3,195.0,7.6,0.0,46.010544,14.571429
2026-04-01 09:00:00+00:00,177,3,164.0,2.2,0.0,45.65905,14.88189
2026-04-01 09:00:00+00:00,194,3,373.0,7.0,0.0,46.502636,15.024076
2026-04-01 09:00:00+00:00,236,3,220.0,7.1,0.0,45.79965,15.213271
2026-04-01 09:00:00+00:00,325,3,103.0,6.9,0.0,46.572933,15.62701
2026-04-01 09:00:00+00:00,391,3,220.0,8.3,0.0,46.71353,16.112904
2026-04-01 09:00:00+00:00,422,3,362.0,8.7,0.0,46.22144,15.21531
2026-04-01 09:00:00+00:00,425,3,145.0,6.7,0.0,45.940243,15.546751
2026-04-01 09:00:00+00:00,426,3,523.0,10.8,0.0,45.51845,13.704866
2026-04-01 12:00:00+00:00,63,6,593.0,9.5,0.0,46.432335,14.134615
2026-04-01 12:00:00+00:00,76,6,476.0,10.5,0.0,46.291737,14.233227
2026-04-01 12:00:00+00:00,106,6,512.0,11.3,0.0,46.22144,14.354067
2026-04-01 12:00:00+00:00,122,6,386.0,10.7,0.0,46.08084,14.45151
2026-04-01 12:00:00+00:00,127,6,503.0,10.3,0.0,46.151142,14.474522
2026-04-01 12:00:00+00:00,129,6,253.0,9.2,0.0,46.010544,14.571429
2026-04-01 12:00:00+00:00,177,6,189.0,4.0,0.1,45.65905,14.88189
2026-04-01 12:00:00+00:00,194,6,417.0,9.5,0.0,46.502636,15.024076
2026-04-01 12:00:00+00:00,236,6,107.0,8.6,0.1,45.79965,15.213271
2026-04-01 12:00:00+00:00,325,6,264.0,9.8,0.0,46.572933,15.62701
2026-04-01 12:00:00+00:00,391,6,430.0,10.8,0.0,46.71353,16.112904
2026-04-01 12:00:00+00:00,422,6,333.0,10.4,0.0,46.22144,15.21531
2026-04-01 12:00:00+00:00,425,6,94.0,9.1,0.0,45.940243,15.546751
2026-04-01 12:00:00+00:00,426,6,668.0,12.4,0.0,45.51845,13.704866
2026-04-01 13:00:00+00:00,63,1,412.0,8.5,0.0,46.432335,14.134615
2026-04-01 13:00:00+00:00,76,1,335.0,9.3,0.0,46.291737,14.233227
2026-04-01 13:00:00+00:00,106,1,415.0,10.7,0.0,46.22144,14.354067
2026-04-01 13:00:00+00:00,122,1,304.0,10.2,0.0,46.08084,14.45151
2026-04-01 13:00:00+00:00,127,1,428.0,10.1,0.0,46.151142,14.474522
2026-04-01 13:00:00+00:00,129,1,183.0,8.5,0.0,46.010544,14.571429
2026-04-01 13:00:00+00:00,177,1,140.0,3.0,0.1,45.65905,14.88189
2026-04-01 13:00:00+00:00,194,1,516.0,10.2,0.0,46.502636,15.024076
2026-04-01 13:00:00+00:00,236,1,180.0,8.5,0.1,45.79965,15.213271
2026-04-01 13:00:00+00:00,325,1,339.0,10.7,0.0,46.572933,15.62701
2026-04-01 13:00:00+00:00,391,1,525.0,11.2,0.0,46.71353,16.112904
2026-04-01 13:00:00+00:00,422,1,273.0,10.5,0.0,46.22144,15.21531
2026-04-01 13:00:00+00:00,425,1,149.0,9.5,0.0,45.940243,15.546751
2026-04-01 13:00:00+00:00,426,1,661.0,12.0,0.0,45.51845,13.704866
2026-04-01 14:00:00+00:00,63,2,428.0,8.8,0.0,46.432335,14.134615
2026-04-01 14:00:00+00:00,76,2,400.0,10.0,0.0,46.291737,14.233227
2026-04-01 14:00:00+00:00,106,2,454.0,11.4,0.0,46.22144,14.354067
2026-04-01 14:00:00+00:00,122,2,341.0,11.4,0.0,46.08084,14.45151
2026-04-01 14:00:00+00:00,127,2,435.0,10.9,0.0,46.151142,14.474522
2026-04-01 14:00:00+00:00,129,2,230.0,10.0,0.0,46.010544,14.571429
2026-04-01 14:00:00+00:00,177,2,122.0,3.8,0.0,45.65905,14.88189
2026-04-01 14:00:00+00:00,194,2,403.0,10.6,0.0,46.502636,15.024076
2026-04-01 14:00:00+00:00,236,2,170.0,9.5,0.0,45.79965,15.213271
2026-04-01 14:00:00+00:00,325,2,405.0,10.9,0.0,46.572933,15.62701
2026-04-01 14:00:00+00:00,391,2,454.0,11.0,0.0,46.71353,16.112904
2026-04-01 14:00:00+00:00,422,2,265.0,11.3,0.0,46.22144,15.21531
2026-04-01 14:00:00+00:00,425,2,146.0,10.0,0.0,45.940243,15.546751
2026-04-01 14:00:00+00:00,426,2,518.0,12.1,0.0,45.51845,13.704866
2026-04-01 15:00:00+00:00,63,3,409.0,9.0,0.0,46.432335,14.134615
2026-04-01 15:00:00+00:00,76,3,357.0,10.2,0.0,46.291737,14.233227
2026-04-01 15:00:00+00:00,106,3,372.0,11.6,0.0,46.22144,14.354067
2026-04-01 15:00:00+00:00,122,3,334.0,11.9,0.0,46.08084,14.45151
2026-04-01 15:00:00+00:00,127,3,374.0,11.1,0.0,46.151142,14.474522
2026-04-01 15:00:00+00:00,129,3,313.0,11.0,0.0,46.010544,14.571429
2026-04-01 15:00:00+00:00,177,3,124.0,5.1,0.0,45.65905,14.88189
2026-04-01 15:00:00+00:00,194,3,266.0,10.1,0.0,46.502636,15.024076
2026-04-01 15:00:00+00:00,236,3,191.0,10.3,0.0,45.79965,15.213271
2026-04-01 15:00:00+00:00,325,3,392.0,10.9,0.0,46.572933,15.62701
2026-04-01 15:00:00+00:00,391,3,354.0,10.7,0.0,46.71353,16.112904
2026-04-01 15:00:00+00:00,422,3,243.0,11.1,0.0,46.22144,15.21531
2026-04-01 15:00:00+00:00,425,3,265.0,10.7,0.0,45.940243,15.546751
2026-04-01 15:00:00+00:00,426,3,441.0,12.6,0.0,45.51845,13.704866
2026-04-01 18:00:00+00:00,63,6,9.0,4.9,0.0,46.432335,14.134615
2026-04-01 18:00:00+00:00,76,6,8.0,6.4,0.0,46.291737,14.233227
2026-04-01 18:00:00+00:00,106,6,8.0,6.2,0.0,46.22144,14.354067
2026-04-01 18:00:00+00:00,122,6,6.0,8.7,0.0,46.08084,14.45151
2026-04-01 18:00:00+00:00,127,6,7.0,7.4,0.0,46.151142,14.474522
2026-04-01 18:00:00+00:00,129,6,5.0,8.1,0.0,46.010544,14.571429
2026-04-01 18:00:00+00:00,177,6,2.0,4.5,0.0,45.65905,14.88189
2026-04-01 18:00:00+00:00,194,6,6.0,6.6,0.0,46.502636,15.024076
2026-04-01 18:00:00+00:00,236,6,4.0,8.6,0.0,45.79965,15.213271
2026-04-01 18:00:00+00:00,325,6,4.0,8.1,0.0,46.572933,15.62701
2026-04-01 18:00:00+00:00,391,6,4.0,7.7,0.0,46.71353,16.112904
2026-04-01 18:00:00+00:00,422,6,5.0,7.9,0.0,46.22144,15.21531
2026-04-01 18:00:00+00:00,425,6,4.0,8.2,0.0,45.940243,15.546751
2026-04-01 18:00:00+00:00,426,6,8.0,11.2,0.0,45.51845,13.704866
2026-04-01 19:00:00+00:00,63,1,0.0,4.2,0.0,46.432335,14.134615
2026-04-01 19:00:00+00:00,76,1,0.0,6.1,0.0,46.291737,14.233227
2026-04-01 19:00:00+00:00,106,1,0.0,6.3,0.0,46.22144,14.354067
2026-04-01 19:00:00+00:00,122,1,0.0,7.9,0.0,46.08084,14.45151
2026-04-01 19:00:00+00:00,127,1,0.0,6.6,0.0,46.151142,14.474522
2026-04-01 19:00:00+00:00,129,1,0.0,7.1,0.0,46.010544,14.571429
2026-04-01 19:00:00+00:00,177,1,0.0,4.3,0.0,45.65905,14.88189
2026-04-01 19:00:00+00:00,194,1,0.0,6.3,0.0,46.502636,15.024076
2026-04-01 19:00:00+00:00,236,1,0.0,8.4,0.0,45.79965,15.213271
2026-04-01 19:00:00+00:00,325,1,0.0,8.1,0.0,46.572933,15.62701
2026-04-01 19:00:00+00:00,391,1,0.0,7.6,0.0,46.71353,16.112904
2026-04-01 19:00:00+00:00,422,1,0.0,6.9,0.0,46.22144,15.21531
2026-04-01 19:00:00+00:00,425,1,0.0,8.0,0.0,45.940243,15.546751
2026-04-01 19:00:00+00:00,426,1,0.0,11.4,0.0,45.51845,13.704866
2026-04-01 20:00:00+00:00,63,2,0.0,2.9,0.0,46.432335,14.134615
2026-04-01 20:00:00+00:00,76,2,0.0,3.7,0.0,46.291737,14.233227
2026-04-01 20:00:00+00:00,106,2,0.0,5.3,0.0,46.22144,14.354067
2026-04-01 20:00:00+00:00,122,2,0.0,7.4,0.0,46.08084,14.45151
2026-04-01 20:00:00+00:00,127,2,0.0,4.9,0.0,46.151142,14.474522
2026-04-01 20:00:00+00:00,129,2,0.0,6.9,0.0,46.010544,14.571429
2026-04-01 20:00:00+00:00,177,2,0.0,4.0,0.0,45.65905,14.88189
2026-04-01 20:00:00+00:00,194,2,0.0,5.1,0.0,46.502636,15.024076
2026-04-01 20:00:00+00:00,236,2,0.0,7.9,0.0,45.79965,15.213271
2026-04-01 20:00:00+00:00,325,2,0.0,6.9,0.0,46.572933,15.62701
2026-04-01 20:00:00+00:00,391,2,0.0,7.1,0.0,46.71353,16.112904
2026-04-01 20:00:00+00:00,422,2,0.0,5.9,0.0,46.22144,15.21531
2026-04-01 20:00:00+00:00,425,2,0.0,8.0,0.0,45.940243,15.546751
2026-04-01 20:00:00+00:00,426,2,0.0,10.9,0.0,45.51845,13.704866
2026-04-01 21:00:00+00:00,63,3,0.0,2.5,0.0,46.432335,14.134615
2026-04-01 21:00:00+00:00,76,3,0.0,2.6,0.0,46.291737,14.233227
2026-04-01 21:00:00+00:00,106,3,0.0,4.0,0.0,46.22144,14.354067
2026-04-01 21:00:00+00:00,122,3,0.0,6.6,0.0,46.08084,14.45151
2026-04-01 21:00:00+00:00,127,3,0.0,4.3,0.0,46.151142,14.474522
2026-04-01 21:00:00+00:00,129,3,0.0,5.9,0.0,46.010544,14.571429
2026-04-01 21:00:00+00:00,177,3,0.0,3.7,0.0,45.65905,14.88189
2026-04-01 21:00:00+00:00,194,3,0.0,4.0,0.0,46.502636,15.024076
2026-04-01 21:00:00+00:00,236,3,0.0,7.3,0.0,45.79965,15.213271
2026-04-01 21:00:00+00:00,325,3,0.0,6.6,0.0,46.572933,15.62701
2026-04-01 21:00:00+00:00,391,3,0.0,6.8,0.0,46.71353,16.112904
2026-04-01 21:00:00+00:00,422,3,0.0,5.1,0.0,46.22144,15.21531
2026-04-01 21:00:00+00:00,425,3,0.0,7.3,0.0,45.940243,15.546751
2026-04-01 21:00:00+00:00,426,3,0.0,10.4,0.0,45.51845,13.704866
2026-04-02 00:00:00+00:00,63,6,0.0,2.9,0.0,46.432335,14.134615
2026-04-02 00:00:00+00:00,63,24,0.0,4.4,0.0,46.432335,14.134615
2026-04-02 00:00:00+00:00,76,6,0.0,1.5,0.0,46.291737,14.233227
2026-04-02 00:00:00+00:00,76,24,0.0,2.4,0.0,46.291737,14.233227
2026-04-02 00:00:00+00:00,106,6,0.0,1.3,0.0,46.22144,14.354067
2026-04-02 00:00:00+00:00,106,24,0.0,2.4,0.0,46.22144,14.354067
2026-04-02 00:00:00+00:00,122,6,0.0,2.4,0.0,46.08084,14.45151
2026-04-02 00:00:00+00:00,122,24,0.0,4.1,0.0,46.08084,14.45151
2026-04-02 00:00:00+00:00,127,6,0.0,1.4,0.0,46.151142,14.474522
2026-04-02 00:00:00+00:00,127,24,0.0,2.4,0.0,46.151142,14.474522
2026-04-02 00:00:00+00:00,129,6,0.0,5.3,0.0,46.010544,14.571429
2026-04-02 00:00:00+00:00,129,24,0.0,6.5,0.0,46.010544,14.571429
2026-04-02 00:00:00+00:00,177,6,0.0,2.4,0.0,45.65905,14.88189
2026-04-02 00:00:00+00:00,177,24,0.0,2.3,0.0,45.65905,14.88189
2026-04-02 00:00:00+00:00,194,6,0.0,4.8,0.0,46.502636,15.024076
2026-04-02 00:00:00+00:00,194,24,0.0,5.8,0.0,46.502636,15.024076
2026-04-02 00:00:00+00:00,236,6,0.0,6.2,0.0,45.79965,15.213271
2026-04-02 00:00:00+00:00,236,24,0.0,6.1,0.0,45.79965,15.213271
2026-04-02 00:00:00+00:00,325,6,0.0,6.4,0.0,46.572933,15.62701
2026-04-02 00:00:00+00:00,325,24,0.0,6.6,0.0,46.572933,15.62701
2026-04-02 00:00:00+00:00,391,6,0.0,6.3,0.0,46.71353,16.112904
2026-04-02 00:00:00+00:00,391,24,0.0,6.0,0.0,46.71353,16.112904
2026-04-02 00:00:00+00:00,422,6,0.0,5.8,0.0,46.22144,15.21531
2026-04-02 00:00:00+00:00,422,24,0.0,5.3,0.0,46.22144,15.21531
2026-04-02 00:00:00+00:00,425,6,0.0,6.7,0.0,45.940243,15.546751
2026-04-02 00:00:00+00:00,425,24,0.0,6.5,0.0,45.940243,15.546751
2026-04-02 00:00:00+00:00,426,6,0.0,9.5,0.0,45.51845,13.704866
2026-04-02 00:00:00+00:00,426,24,0.0,9.5,0.0,45.51845,13.704866
2026-04-02 06:00:00+00:00,63,24,28.0,4.8,0.0,46.432335,14.134615
2026-04-02 06:00:00+00:00,76,24,50.0,4.5,0.0,46.291737,14.233227
2026-04-02 06:00:00+00:00,106,24,57.0,4.0,0.0,46.22144,14.354067
2026-04-02 06:00:00+00:00,122,24,54.0,5.5,0.0,46.08084,14.45151
2026-04-02 06:00:00+00:00,127,24,56.0,3.9,0.0,46.151142,14.474522
2026-04-02 06:00:00+00:00,129,24,61.0,6.3,0.0,46.010544,14.571429
2026-04-02 06:00:00+00:00,177,24,47.0,2.2,0.0,45.65905,14.88189
2026-04-02 06:00:00+00:00,194,24,34.0,5.6,0.0,46.502636,15.024076
2026-04-02 06:00:00+00:00,236,24,87.0,6.2,0.0,45.79965,15.213271
2026-04-02 06:00:00+00:00,325,24,32.0,6.4,0.0,46.572933,15.62701
2026-04-02 06:00:00+00:00,391,24,32.0,6.5,0.0,46.71353,16.112904
2026-04-02 06:00:00+00:00,422,24,52.0,5.5,0.0,46.22144,15.21531
2026-04-02 06:00:00+00:00,425,24,69.0,6.5,0.0,45.940243,15.546751
2026-04-02 06:00:00+00:00,426,24,52.0,9.5,0.0,45.51845,13.704866
2026-04-02 12:00:00+00:00,63,24,602.0,10.7,0.0,46.432335,14.134615
2026-04-02 12:00:00+00:00,76,24,621.0,12.1,0.0,46.291737,14.233227
2026-04-02 12:00:00+00:00,106,24,626.0,12.9,0.0,46.22144,14.354067
2026-04-02 12:00:00+00:00,122,24,617.0,13.3,0.0,46.08084,14.45151
2026-04-02 12:00:00+00:00,127,24,634.0,12.5,0.0,46.151142,14.474522
2026-04-02 12:00:00+00:00,129,24,622.0,12.5,0.0,46.010544,14.571429
2026-04-02 12:00:00+00:00,177,24,265.0,6.6,0.0,45.65905,14.88189
2026-04-02 12:00:00+00:00,194,24,370.0,10.7,0.0,46.502636,15.024076
2026-04-02 12:00:00+00:00,236,24,472.0,11.5,0.0,45.79965,15.213271
2026-04-02 12:00:00+00:00,325,24,349.0,11.2,0.0,46.572933,15.62701
2026-04-02 12:00:00+00:00,391,24,438.0,10.8,0.0,46.71353,16.112904
2026-04-02 12:00:00+00:00,422,24,417.0,11.9,0.0,46.22144,15.21531
2026-04-02 12:00:00+00:00,425,24,427.0,11.3,0.0,45.940243,15.546751
2026-04-02 12:00:00+00:00,426,24,755.0,15.0,0.0,45.51845,13.704866
2026-04-02 18:00:00+00:00,63,24,3.0,7.1,0.0,46.432335,14.134615
2026-04-02 18:00:00+00:00,76,24,5.0,8.0,0.0,46.291737,14.233227
2026-04-02 18:00:00+00:00,106,24,6.0,9.9,0.0,46.22144,14.354067
2026-04-02 18:00:00+00:00,122,24,6.0,10.3,0.0,46.08084,14.45151
2026-04-02 18:00:00+00:00,127,24,6.0,8.8,0.0,46.151142,14.474522
2026-04-02 18:00:00+00:00,129,24,7.0,9.5,0.0,46.010544,14.571429
2026-04-02 18:00:00+00:00,177,24,2.0,6.1,0.0,45.65905,14.88189
2026-04-02 18:00:00+00:00,194,24,4.0,8.7,0.0,46.502636,15.024076
2026-04-02 18:00:00+00:00,236,24,2.0,10.4,0.0,45.79965,15.213271
2026-04-02 18:00:00+00:00,325,24,2.0,8.6,0.1,46.572933,15.62701
2026-04-02 18:00:00+00:00,391,24,3.0,9.4,0.0,46.71353,16.112904
2026-04-02 18:00:00+00:00,422,24,3.0,9.7,0.0,46.22144,15.21531
2026-04-02 18:00:00+00:00,425,24,3.0,10.4,0.0,45.940243,15.546751
2026-04-02 18:00:00+00:00,426,24,9.0,13.3,0.0,45.51845,13.704866
2026-04-02 01:00:00+00:00,63,1,0.0,4.2,0.0,46.432335,14.134615
2026-04-02 01:00:00+00:00,76,1,0.0,2.9,0.0,46.291737,14.233227
2026-04-02 01:00:00+00:00,106,1,0.0,2.2,0.0,46.22144,14.354067
2026-04-02 01:00:00+00:00,122,1,0.0,4.9,0.0,46.08084,14.45151
2026-04-02 01:00:00+00:00,127,1,0.0,2.0,0.0,46.151142,14.474522
2026-04-02 01:00:00+00:00,129,1,0.0,7.0,0.0,46.010544,14.571429
2026-04-02 01:00:00+00:00,177,1,0.0,3.1,0.0,45.65905,14.88189
2026-04-02 01:00:00+00:00,194,1,0.0,5.9,0.0,46.502636,15.024076
2026-04-02 01:00:00+00:00,236,1,0.0,7.5,0.0,45.79965,15.213271
2026-04-02 01:00:00+00:00,325,1,0.0,6.8,0.0,46.572933,15.62701
2026-04-02 01:00:00+00:00,391,1,0.0,6.2,0.0,46.71353,16.112904
2026-04-02 01:00:00+00:00,422,1,0.0,6.8,0.0,46.22144,15.21531
2026-04-02 01:00:00+00:00,425,1,0.0,7.5,0.0,45.940243,15.546751
2026-04-02 01:00:00+00:00,426,1,0.0,10.3,0.0,45.51845,13.704866
2026-04-02 02:00:00+00:00,63,2,0.0,4.0,0.0,46.432335,14.134615
2026-04-02 02:00:00+00:00,76,2,0.0,3.7,0.0,46.291737,14.233227
2026-04-02 02:00:00+00:00,106,2,0.0,3.0,0.0,46.22144,14.354067
2026-04-02 02:00:00+00:00,122,2,0.0,4.5,0.0,46.08084,14.45151
2026-04-02 02:00:00+00:00,127,2,0.0,2.4,0.0,46.151142,14.474522
2026-04-02 02:00:00+00:00,129,2,0.0,6.7,0.0,46.010544,14.571429
2026-04-02 02:00:00+00:00,177,2,0.0,2.9,0.0,45.65905,14.88189
2026-04-02 02:00:00+00:00,194,2,0.0,5.6,0.0,46.502636,15.024076
2026-04-02 02:00:00+00:00,236,2,0.0,7.2,0.0,45.79965,15.213271
2026-04-02 02:00:00+00:00,325,2,0.0,6.7,0.0,46.572933,15.62701
2026-04-02 02:00:00+00:00,391,2,0.0,5.8,0.0,46.71353,16.112904
2026-04-02 02:00:00+00:00,422,2,0.0,6.2,0.0,46.22144,15.21531
2026-04-02 02:00:00+00:00,425,2,0.0,6.9,0.0,45.940243,15.546751
2026-04-02 02:00:00+00:00,426,2,0.0,10.0,0.0,45.51845,13.704866
2026-04-02 03:00:00+00:00,63,3,0.0,3.7,0.0,46.432335,14.134615
2026-04-02 03:00:00+00:00,76,3,0.0,3.4,0.0,46.291737,14.233227
2026-04-02 03:00:00+00:00,106,3,0.0,2.7,0.0,46.22144,14.354067
2026-04-02 03:00:00+00:00,122,3,0.0,4.1,0.0,46.08084,14.45151
2026-04-02 03:00:00+00:00,127,3,0.0,2.2,0.0,46.151142,14.474522
2026-04-02 03:00:00+00:00,129,3,0.0,6.5,0.0,46.010544,14.571429
2026-04-02 03:00:00+00:00,177,3,0.0,2.6,0.0,45.65905,14.88189
2026-04-02 03:00:00+00:00,194,3,0.0,4.9,0.0,46.502636,15.024076
2026-04-02 03:00:00+00:00,236,3,0.0,6.4,0.0,45.79965,15.213271
2026-04-02 03:00:00+00:00,325,3,0.0,6.1,0.0,46.572933,15.62701
2026-04-02 03:00:00+00:00,391,3,0.0,6.3,0.0,46.71353,16.112904
2026-04-02 03:00:00+00:00,422,3,0.0,5.0,0.0,46.22144,15.21531
2026-04-02 03:00:00+00:00,425,3,0.0,6.1,0.0,45.940243,15.546751
2026-04-02 03:00:00+00:00,426,3,0.0,9.8,0.0,45.51845,13.704866
2026-04-02 06:00:00+00:00,63,6,43.0,4.6,0.0,46.432335,14.134615
2026-04-02 06:00:00+00:00,76,6,57.0,4.6,0.0,46.291737,14.233227
2026-04-02 06:00:00+00:00,106,6,62.0,4.0,0.0,46.22144,14.354067
2026-04-02 06:00:00+00:00,122,6,67.0,4.5,0.0,46.08084,14.45151
2026-04-02 06:00:00+00:00,127,6,66.0,3.1,0.0,46.151142,14.474522
2026-04-02 06:00:00+00:00,129,6,69.0,6.0,0.0,46.010544,14.571429
2026-04-02 06:00:00+00:00,177,6,55.0,2.5,0.0,45.65905,14.88189
2026-04-02 06:00:00+00:00,194,6,38.0,4.9,0.0,46.502636,15.024076
2026-04-02 06:00:00+00:00,236,6,63.0,6.7,0.0,45.79965,15.213271
2026-04-02 06:00:00+00:00,325,6,39.0,6.6,0.0,46.572933,15.62701
2026-04-02 06:00:00+00:00,391,6,65.0,6.3,0.0,46.71353,16.112904
2026-04-02 06:00:00+00:00,422,6,75.0,6.3,0.0,46.22144,15.21531
2026-04-02 06:00:00+00:00,425,6,77.0,6.8,0.0,45.940243,15.546751
2026-04-02 06:00:00+00:00,426,6,55.0,9.7,0.0,45.51845,13.704866
2026-04-02 07:00:00+00:00,63,1,158.0,5.7,0.0,46.432335,14.134615
2026-04-02 07:00:00+00:00,76,1,218.0,7.0,0.0,46.291737,14.233227
2026-04-02 07:00:00+00:00,106,1,239.0,7.7,0.0,46.22144,14.354067
2026-04-02 07:00:00+00:00,122,1,236.0,8.0,0.0,46.08084,14.45151
2026-04-02 07:00:00+00:00,127,1,239.0,7.2,0.0,46.151142,14.474522
2026-04-02 07:00:00+00:00,129,1,226.0,7.9,0.0,46.010544,14.571429
2026-04-02 07:00:00+00:00,177,1,130.0,3.3,0.0,45.65905,14.88189
2026-04-02 07:00:00+00:00,194,1,100.0,6.1,0.0,46.502636,15.024076
2026-04-02 07:00:00+00:00,236,1,180.0,8.0,0.0,45.79965,15.213271
2026-04-02 07:00:00+00:00,325,1,78.0,7.2,0.0,46.572933,15.62701
2026-04-02 07:00:00+00:00,391,1,159.0,7.4,0.0,46.71353,16.112904
2026-04-02 07:00:00+00:00,422,1,138.0,7.8,0.0,46.22144,15.21531
2026-04-02 07:00:00+00:00,425,1,184.0,7.9,0.0,45.940243,15.546751
2026-04-02 07:00:00+00:00,426,1,237.0,11.0,0.0,45.51845,13.704866
2026-04-02 08:00:00+00:00,63,2,215.0,6.3,0.0,46.432335,14.134615
2026-04-02 08:00:00+00:00,76,2,307.0,8.0,0.0,46.291737,14.233227
2026-04-02 08:00:00+00:00,106,2,348.0,9.3,0.0,46.22144,14.354067
2026-04-02 08:00:00+00:00,122,2,377.0,9.8,0.0,46.08084,14.45151
2026-04-02 08:00:00+00:00,127,2,367.0,9.2,0.0,46.151142,14.474522
2026-04-02 08:00:00+00:00,129,2,367.0,9.4,0.0,46.010544,14.571429
2026-04-02 08:00:00+00:00,177,2,188.0,4.2,0.0,45.65905,14.88189
2026-04-02 08:00:00+00:00,194,2,172.0,7.1,0.0,46.502636,15.024076
2026-04-02 08:00:00+00:00,236,2,335.0,9.1,0.0,45.79965,15.213271
2026-04-02 08:00:00+00:00,325,2,162.0,8.0,0.0,46.572933,15.62701
2026-04-02 08:00:00+00:00,391,2,177.0,8.3,0.0,46.71353,16.112904
2026-04-02 08:00:00+00:00,422,2,282.0,9.1,0.0,46.22144,15.21531
2026-04-02 08:00:00+00:00,425,2,285.0,8.8,0.0,45.940243,15.546751
2026-04-02 08:00:00+00:00,426,2,387.0,12.1,0.0,45.51845,13.704866
2026-04-02 09:00:00+00:00,63,3,269.0,7.0,0.0,46.432335,14.134615
2026-04-02 09:00:00+00:00,76,3,408.0,9.0,0.0,46.291737,14.233227
2026-04-02 09:00:00+00:00,106,3,437.0,10.5,0.0,46.22144,14.354067
2026-04-02 09:00:00+00:00,122,3,460.0,11.5,0.0,46.08084,14.45151
2026-04-02 09:00:00+00:00,127,3,442.0,10.7,0.0,46.151142,14.474522
2026-04-02 09:00:00+00:00,129,3,452.0,10.7,0.0,46.010544,14.571429
2026-04-02 09:00:00+00:00,177,3,192.0,4.7,0.0,45.65905,14.88189
2026-04-02 09:00:00+00:00,194,3,266.0,8.7,0.0,46.502636,15.024076
2026-04-02 09:00:00+00:00,236,3,232.0,9.5,0.0,45.79965,15.213271
2026-04-02 09:00:00+00:00,325,3,179.0,8.8,0.0,46.572933,15.62701
2026-04-02 09:00:00+00:00,391,3,311.0,9.5,0.0,46.71353,16.112904
2026-04-02 09:00:00+00:00,422,3,350.0,10.2,0.0,46.22144,15.21531
2026-04-02 09:00:00+00:00,425,3,249.0,9.3,0.0,45.940243,15.546751
2026-04-02 09:00:00+00:00,426,3,549.0,13.3,0.0,45.51845,13.704866
2026-04-02 12:00:00+00:00,63,6,431.0,10.7,0.0,46.432335,14.134615
2026-04-02 12:00:00+00:00,76,6,499.0,12.2,0.0,46.291737,14.233227
2026-04-02 12:00:00+00:00,106,6,571.0,13.4,0.0,46.22144,14.354067
2026-04-02 12:00:00+00:00,122,6,476.0,13.3,0.0,46.08084,14.45151
2026-04-02 12:00:00+00:00,127,6,553.0,12.6,0.0,46.151142,14.474522
2026-04-02 12:00:00+00:00,129,6,379.0,11.9,0.0,46.010544,14.571429
2026-04-02 12:00:00+00:00,177,6,248.0,6.6,0.0,45.65905,14.88189
2026-04-02 12:00:00+00:00,194,6,243.0,10.5,0.0,46.502636,15.024076
2026-04-02 12:00:00+00:00,236,6,387.0,11.5,0.0,45.79965,15.213271
2026-04-02 12:00:00+00:00,325,6,182.0,10.3,0.0,46.572933,15.62701
2026-04-02 12:00:00+00:00,391,6,222.0,9.8,0.0,46.71353,16.112904
2026-04-02 12:00:00+00:00,422,6,258.0,11.4,0.0,46.22144,15.21531
2026-04-02 12:00:00+00:00,425,6,348.0,11.0,0.0,45.940243,15.546751
2026-04-02 12:00:00+00:00,426,6,723.0,15.4,0.0,45.51845,13.704866
2026-04-02 13:00:00+00:00,63,1,411.0,11.0,0.0,46.432335,14.134615
2026-04-02 13:00:00+00:00,76,1,516.0,12.9,0.0,46.291737,14.233227
2026-04-02 13:00:00+00:00,106,1,575.0,13.6,0.0,46.22144,14.354067
2026-04-02 13:00:00+00:00,122,1,444.0,13.3,0.0,46.08084,14.45151
2026-04-02 13:00:00+00:00,127,1,528.0,12.7,0.0,46.151142,14.474522
2026-04-02 13:00:00+00:00,129,1,311.0,11.9,0.0,46.010544,14.571429
2026-04-02 13:00:00+00:00,177,1,193.0,6.4,0.0,45.65905,14.88189
2026-04-02 13:00:00+00:00,194,1,164.0,10.0,0.1,46.502636,15.024076
2026-04-02 13:00:00+00:00,236,1,164.0,10.4,0.0,45.79965,15.213271
2026-04-02 13:00:00+00:00,325,1,164.0,10.7,0.0,46.572933,15.62701
2026-04-02 13:00:00+00:00,391,1,358.0,11.8,0.0,46.71353,16.112904
2026-04-02 13:00:00+00:00,422,1,257.0,11.4,0.0,46.22144,15.21531
2026-04-02 13:00:00+00:00,425,1,168.0,10.1,0.0,45.940243,15.546751
2026-04-02 13:00:00+00:00,426,1,646.0,16.2,0.0,45.51845,13.704866
2026-04-02 14:00:00+00:00,63,2,246.0,9.9,0.0,46.432335,14.134615
2026-04-02 14:00:00+00:00,76,2,290.0,11.6,0.0,46.291737,14.233227
2026-04-02 14:00:00+00:00,106,2,337.0,13.3,0.0,46.22144,14.354067
2026-04-02 14:00:00+00:00,122,2,445.0,14.6,0.0,46.08084,14.45151
2026-04-02 14:00:00+00:00,127,2,399.0,13.4,0.0,46.151142,14.474522
2026-04-02 14:00:00+00:00,129,2,456.0,13.5,0.0,46.010544,14.571429
2026-04-02 14:00:00+00:00,177,2,107.0,5.8,0.0,45.65905,14.88189
2026-04-02 14:00:00+00:00,194,2,171.0,10.8,0.0,46.502636,15.024076
2026-04-02 14:00:00+00:00,236,2,159.0,10.5,0.0,45.79965,15.213271
2026-04-02 14:00:00+00:00,325,2,265.0,12.2,0.0,46.572933,15.62701
2026-04-02 14:00:00+00:00,391,2,331.0,11.6,0.0,46.71353,16.112904
2026-04-02 14:00:00+00:00,422,2,173.0,11.2,0.0,46.22144,15.21531
2026-04-02 14:00:00+00:00,425,2,158.0,10.7,0.0,45.940243,15.546751
2026-04-02 14:00:00+00:00,426,2,463.0,15.5,0.0,45.51845,13.704866
2026-04-02 15:00:00+00:00,63,3,138.0,9.5,0.0,46.432335,14.134615
2026-04-02 15:00:00+00:00,76,3,212.0,10.8,0.0,46.291737,14.233227
2026-04-02 15:00:00+00:00,106,3,231.0,12.3,0.0,46.22144,14.354067
2026-04-02 15:00:00+00:00,122,3,173.0,13.6,0.0,46.08084,14.45151
2026-04-02 15:00:00+00:00,127,3,201.0,12.5,0.0,46.151142,14.474522
2026-04-02 15:00:00+00:00,129,3,160.0,12.3,0.0,46.010544,14.571429
2026-04-02 15:00:00+00:00,177,3,98.0,6.3,0.0,45.65905,14.88189
2026-04-02 15:00:00+00:00,194,3,127.0,10.7,0.0,46.502636,15.024076
2026-04-02 15:00:00+00:00,236,3,167.0,11.9,0.0,45.79965,15.213271
2026-04-02 15:00:00+00:00,325,3,202.0,11.8,0.0,46.572933,15.62701
2026-04-02 15:00:00+00:00,391,3,350.0,11.4,0.0,46.71353,16.112904
2026-04-02 15:00:00+00:00,422,3,228.0,11.8,0.0,46.22144,15.21531
2026-04-02 15:00:00+00:00,425,3,288.0,12.2,0.0,45.940243,15.546751
2026-04-02 15:00:00+00:00,426,3,412.0,16.2,0.0,45.51845,13.704866
2026-04-02 18:00:00+00:00,63,6,4.0,7.0,0.0,46.432335,14.134615
2026-04-02 18:00:00+00:00,76,6,6.0,7.9,0.0,46.291737,14.233227
2026-04-02 18:00:00+00:00,106,6,7.0,8.5,0.0,46.22144,14.354067
2026-04-02 18:00:00+00:00,122,6,6.0,9.8,0.0,46.08084,14.45151
2026-04-02 18:00:00+00:00,127,6,7.0,8.8,0.0,46.151142,14.474522
2026-04-02 18:00:00+00:00,129,6,6.0,9.2,0.0,46.010544,14.571429
2026-04-02 18:00:00+00:00,177,6,2.0,6.1,0.0,45.65905,14.88189
2026-04-02 18:00:00+00:00,194,6,4.0,8.2,0.0,46.502636,15.024076
2026-04-02 18:00:00+00:00,236,6,2.0,10.5,0.0,45.79965,15.213271
2026-04-02 18:00:00+00:00,325,6,3.0,8.2,0.1,46.572933,15.62701
2026-04-02 18:00:00+00:00,391,6,4.0,9.1,0.0,46.71353,16.112904
2026-04-02 18:00:00+00:00,422,6,4.0,8.8,0.0,46.22144,15.21531
2026-04-02 18:00:00+00:00,425,6,3.0,10.1,0.0,45.940243,15.546751
2026-04-02 18:00:00+00:00,426,6,9.0,13.3,0.0,45.51845,13.704866
2026-04-02 19:00:00+00:00,63,1,0.0,6.4,0.0,46.432335,14.134615
2026-04-02 19:00:00+00:00,76,1,0.0,7.6,0.0,46.291737,14.233227
2026-04-02 19:00:00+00:00,106,1,0.0,8.9,0.0,46.22144,14.354067
2026-04-02 19:00:00+00:00,122,1,0.0,9.1,0.0,46.08084,14.45151
2026-04-02 19:00:00+00:00,127,1,0.0,8.4,0.0,46.151142,14.474522
2026-04-02 19:00:00+00:00,129,1,0.0,9.1,0.0,46.010544,14.571429
2026-04-02 19:00:00+00:00,177,1,0.0,5.8,0.0,45.65905,14.88189
2026-04-02 19:00:00+00:00,194,1,0.0,7.8,0.0,46.502636,15.024076
2026-04-02 19:00:00+00:00,236,1,0.0,9.5,0.0,45.79965,15.213271
2026-04-02 19:00:00+00:00,325,1,0.0,8.3,0.1,46.572933,15.62701
2026-04-02 19:00:00+00:00,391,1,0.0,9.1,0.0,46.71353,16.112904
2026-04-02 19:00:00+00:00,422,1,0.0,8.6,0.0,46.22144,15.21531
2026-04-02 19:00:00+00:00,425,1,0.0,10.0,0.0,45.940243,15.546751
2026-04-02 19:00:00+00:00,426,1,0.0,12.7,0.0,45.51845,13.704866
2026-04-02 20:00:00+00:00,63,2,0.0,6.1,0.0,46.432335,14.134615
2026-04-02 20:00:00+00:00,76,2,0.0,6.9,0.0,46.291737,14.233227
2026-04-02 20:00:00+00:00,106,2,0.0,7.9,0.0,46.22144,14.354067
2026-04-02 20:00:00+00:00,122,2,0.0,8.7,0.0,46.08084,14.45151
2026-04-02 20:00:00+00:00,127,2,0.0,6.7,0.0,46.151142,14.474522
2026-04-02 20:00:00+00:00,129,2,0.0,7.5,0.0,46.010544,14.571429
2026-04-02 20:00:00+00:00,177,2,0.0,5.5,0.0,45.65905,14.88189
2026-04-02 20:00:00+00:00,194,2,0.0,6.6,0.0,46.502636,15.024076
2026-04-02 20:00:00+00:00,236,2,0.0,9.2,0.0,45.79965,15.213271
2026-04-02 20:00:00+00:00,325,2,0.0,8.2,0.0,46.572933,15.62701
2026-04-02 20:00:00+00:00,391,2,0.0,8.9,0.0,46.71353,16.112904
2026-04-02 20:00:00+00:00,422,2,0.0,8.6,0.0,46.22144,15.21531
2026-04-02 20:00:00+00:00,425,2,0.0,9.8,0.0,45.940243,15.546751
2026-04-02 20:00:00+00:00,426,2,0.0,12.6,0.0,45.51845,13.704866
2026-04-02 21:00:00+00:00,63,3,0.0,5.8,0.0,46.432335,14.134615
2026-04-02 21:00:00+00:00,76,3,0.0,6.8,0.0,46.291737,14.233227
2026-04-02 21:00:00+00:00,106,3,0.0,7.3,0.0,46.22144,14.354067
2026-04-02 21:00:00+00:00,122,3,0.0,7.7,0.0,46.08084,14.45151
2026-04-02 21:00:00+00:00,127,3,0.0,5.8,0.0,46.151142,14.474522
2026-04-02 21:00:00+00:00,129,3,0.0,7.0,0.0,46.010544,14.571429
2026-04-02 21:00:00+00:00,177,3,0.0,5.6,0.0,45.65905,14.88189
2026-04-02 21:00:00+00:00,194,3,0.0,6.5,0.0,46.502636,15.024076
2026-04-02 21:00:00+00:00,236,3,0.0,8.5,0.0,45.79965,15.213271
2026-04-02 21:00:00+00:00,325,3,0.0,8.0,0.0,46.572933,15.62701
2026-04-02 21:00:00+00:00,391,3,0.0,9.2,0.0,46.71353,16.112904
2026-04-02 21:00:00+00:00,422,3,0.0,8.4,0.0,46.22144,15.21531
2026-04-02 21:00:00+00:00,425,3,0.0,9.2,0.1,45.940243,15.546751
2026-04-02 21:00:00+00:00,426,3,0.0,11.5,0.0,45.51845,13.704866
2026-04-03 00:00:00+00:00,63,6,0.0,5.7,0.0,46.432335,14.134615
2026-04-03 00:00:00+00:00,63,24,0.0,6.0,0.0,46.432335,14.134615
2026-04-03 00:00:00+00:00,76,6,0.0,7.1,0.0,46.291737,14.233227
2026-04-03 00:00:00+00:00,76,24,0.0,6.7,0.0,46.291737,14.233227
2026-04-03 00:00:00+00:00,106,6,0.0,6.1,0.0,46.22144,14.354067
2026-04-03 00:00:00+00:00,106,24,0.0,6.1,0.0,46.22144,14.354067
2026-04-03 00:00:00+00:00,122,6,0.0,6.0,0.0,46.08084,14.45151
2026-04-03 00:00:00+00:00,122,24,0.0,6.0,0.0,46.08084,14.45151
2026-04-03 00:00:00+00:00,127,6,0.0,4.0,0.0,46.151142,14.474522
2026-04-03 00:00:00+00:00,127,24,0.0,4.3,0.0,46.151142,14.474522
2026-04-03 00:00:00+00:00,129,6,0.0,5.0,0.0,46.010544,14.571429
2026-04-03 00:00:00+00:00,129,24,0.0,5.2,0.0,46.010544,14.571429
2026-04-03 00:00:00+00:00,177,6,0.0,5.2,0.0,45.65905,14.88189
2026-04-03 00:00:00+00:00,177,24,0.0,5.1,0.0,45.65905,14.88189
2026-04-03 00:00:00+00:00,194,6,0.0,5.9,0.0,46.502636,15.024076
2026-04-03 00:00:00+00:00,194,24,0.0,5.7,0.0,46.502636,15.024076
2026-04-03 00:00:00+00:00,236,6,0.0,7.5,0.0,45.79965,15.213271
2026-04-03 00:00:00+00:00,236,24,0.0,8.0,0.0,45.79965,15.213271
2026-04-03 00:00:00+00:00,325,6,0.0,8.8,0.0,46.572933,15.62701
2026-04-03 00:00:00+00:00,325,24,0.0,8.4,0.0,46.572933,15.62701
2026-04-03 00:00:00+00:00,391,6,0.0,8.9,0.0,46.71353,16.112904
2026-04-03 00:00:00+00:00,391,24,0.0,8.7,0.0,46.71353,16.112904
2026-04-03 00:00:00+00:00,422,6,0.0,7.6,0.0,46.22144,15.21531
2026-04-03 00:00:00+00:00,422,24,0.0,6.9,0.0,46.22144,15.21531
2026-04-03 00:00:00+00:00,425,6,0.0,9.5,0.0,45.940243,15.546751
2026-04-03 00:00:00+00:00,425,24,0.0,9.2,0.0,45.940243,15.546751
2026-04-03 00:00:00+00:00,426,6,0.0,10.4,0.0,45.51845,13.704866
2026-04-03 00:00:00+00:00,426,24,0.0,9.9,0.0,45.51845,13.704866
2026-04-03 06:00:00+00:00,63,24,86.0,5.5,0.0,46.432335,14.134615
2026-04-03 06:00:00+00:00,76,24,88.0,5.2,0.0,46.291737,14.233227
2026-04-03 06:00:00+00:00,106,24,88.0,5.8,0.0,46.22144,14.354067
2026-04-03 06:00:00+00:00,122,24,84.0,4.6,0.0,46.08084,14.45151
2026-04-03 06:00:00+00:00,127,24,85.0,4.1,0.0,46.151142,14.474522
2026-04-03 06:00:00+00:00,129,24,82.0,4.1,0.0,46.010544,14.571429
2026-04-03 06:00:00+00:00,177,24,55.0,4.0,0.0,45.65905,14.88189
2026-04-03 06:00:00+00:00,194,24,94.0,5.7,0.0,46.502636,15.024076
2026-04-03 06:00:00+00:00,236,24,82.0,8.0,0.0,45.79965,15.213271
2026-04-03 06:00:00+00:00,325,24,84.0,8.4,0.0,46.572933,15.62701
2026-04-03 06:00:00+00:00,391,24,88.0,7.3,0.0,46.71353,16.112904
2026-04-03 06:00:00+00:00,422,24,94.0,6.0,0.0,46.22144,15.21531
2026-04-03 06:00:00+00:00,425,24,79.0,8.8,0.0,45.940243,15.546751
2026-04-03 06:00:00+00:00,426,24,74.0,10.8,0.0,45.51845,13.704866
2026-04-03 12:00:00+00:00,63,24,796.0,14.1,0.0,46.432335,14.134615
2026-04-03 12:00:00+00:00,76,24,792.0,15.4,0.0,46.291737,14.233227
2026-04-03 12:00:00+00:00,106,24,775.0,16.6,0.0,46.22144,14.354067
2026-04-03 12:00:00+00:00,122,24,763.0,16.3,0.0,46.08084,14.45151
2026-04-03 12:00:00+00:00,127,24,761.0,15.8,0.0,46.151142,14.474522
2026-04-03 12:00:00+00:00,129,24,764.0,16.3,0.0,46.010544,14.571429
2026-04-03 12:00:00+00:00,177,24,693.0,11.4,0.0,45.65905,14.88189
2026-04-03 12:00:00+00:00,194,24,570.0,15.5,0.0,46.502636,15.024076
2026-04-03 12:00:00+00:00,236,24,762.0,15.8,0.0,45.79965,15.213271
2026-04-03 12:00:00+00:00,325,24,764.0,15.8,0.0,46.572933,15.62701
2026-04-03 12:00:00+00:00,391,24,744.0,15.3,0.0,46.71353,16.112904
2026-04-03 12:00:00+00:00,422,24,733.0,16.5,0.0,46.22144,15.21531
2026-04-03 12:00:00+00:00,425,24,713.0,15.3,0.0,45.940243,15.546751
2026-04-03 12:00:00+00:00,426,24,767.0,16.5,0.0,45.51845,13.704866
2026-04-03 18:00:00+00:00,63,24,12.0,7.2,0.0,46.432335,14.134615
2026-04-03 18:00:00+00:00,76,24,11.0,8.5,0.0,46.291737,14.233227
2026-04-03 18:00:00+00:00,106,24,10.0,10.6,0.0,46.22144,14.354067
2026-04-03 18:00:00+00:00,122,24,9.0,12.1,0.0,46.08084,14.45151
2026-04-03 18:00:00+00:00,127,24,9.0,9.2,0.0,46.151142,14.474522
2026-04-03 18:00:00+00:00,129,24,9.0,10.5,0.0,46.010544,14.571429
2026-04-03 18:00:00+00:00,177,24,8.0,5.9,0.0,45.65905,14.88189
2026-04-03 18:00:00+00:00,194,24,8.0,9.2,0.0,46.502636,15.024076
2026-04-03 18:00:00+00:00,236,24,7.0,10.4,0.0,45.79965,15.213271
2026-04-03 18:00:00+00:00,325,24,7.0,11.1,0.0,46.572933,15.62701
2026-04-03 18:00:00+00:00,391,24,5.0,9.3,0.0,46.71353,16.112904
2026-04-03 18:00:00+00:00,422,24,7.0,10.4,0.0,46.22144,15.21531
2026-04-03 18:00:00+00:00,425,24,6.0,9.7,0.0,45.940243,15.546751
2026-04-03 18:00:00+00:00,426,24,11.0,12.3,0.0,45.51845,13.704866
2026-04-03 01:00:00+00:00,63,1,0.0,6.0,0.0,46.432335,14.134615
2026-04-03 01:00:00+00:00,76,1,0.0,7.5,0.0,46.291737,14.233227
2026-04-03 01:00:00+00:00,106,1,0.0,7.3,0.0,46.22144,14.354067
2026-04-03 01:00:00+00:00,122,1,0.0,6.4,0.0,46.08084,14.45151
2026-04-03 01:00:00+00:00,127,1,0.0,6.1,0.0,46.151142,14.474522
2026-04-03 01:00:00+00:00,129,1,0.0,5.5,0.0,46.010544,14.571429
2026-04-03 01:00:00+00:00,177,1,0.0,5.6,0.0,45.65905,14.88189
2026-04-03 01:00:00+00:00,194,1,0.0,7.1,0.0,46.502636,15.024076
2026-04-03 01:00:00+00:00,236,1,0.0,8.7,0.0,45.79965,15.213271
2026-04-03 01:00:00+00:00,325,1,0.0,9.1,0.0,46.572933,15.62701
2026-04-03 01:00:00+00:00,391,1,0.0,9.8,0.0,46.71353,16.112904
2026-04-03 01:00:00+00:00,422,1,0.0,7.8,0.0,46.22144,15.21531
2026-04-03 01:00:00+00:00,425,1,0.0,9.9,0.0,45.940243,15.546751
2026-04-03 01:00:00+00:00,426,1,0.0,11.5,0.0,45.51845,13.704866
2026-04-03 02:00:00+00:00,63,2,0.0,5.6,0.0,46.432335,14.134615
2026-04-03 02:00:00+00:00,76,2,0.0,7.1,0.0,46.291737,14.233227
2026-04-03 02:00:00+00:00,106,2,0.0,6.1,0.0,46.22144,14.354067
2026-04-03 02:00:00+00:00,122,2,0.0,5.2,0.0,46.08084,14.45151
2026-04-03 02:00:00+00:00,127,2,0.0,4.0,0.0,46.151142,14.474522
2026-04-03 02:00:00+00:00,129,2,0.0,4.8,0.0,46.010544,14.571429
2026-04-03 02:00:00+00:00,177,2,0.0,5.5,0.0,45.65905,14.88189
2026-04-03 02:00:00+00:00,194,2,0.0,6.0,0.0,46.502636,15.024076
2026-04-03 02:00:00+00:00,236,2,0.0,7.9,0.0,45.79965,15.213271
2026-04-03 02:00:00+00:00,325,2,0.0,8.8,0.0,46.572933,15.62701
2026-04-03 02:00:00+00:00,391,2,0.0,9.6,0.0,46.71353,16.112904
2026-04-03 02:00:00+00:00,422,2,0.0,7.8,0.0,46.22144,15.21531
2026-04-03 02:00:00+00:00,425,2,0.0,9.2,0.0,45.940243,15.546751
2026-04-03 02:00:00+00:00,426,2,0.0,11.8,0.0,45.51845,13.704866
2026-04-03 03:00:00+00:00,63,3,0.0,4.2,0.0,46.432335,14.134615
2026-04-03 03:00:00+00:00,76,3,0.0,6.0,0.0,46.291737,14.233227
2026-04-03 03:00:00+00:00,106,3,0.0,5.1,0.0,46.22144,14.354067
2026-04-03 03:00:00+00:00,122,3,0.0,5.0,0.0,46.08084,14.45151
2026-04-03 03:00:00+00:00,127,3,0.0,3.8,0.0,46.151142,14.474522
2026-04-03 03:00:00+00:00,129,3,0.0,4.6,0.0,46.010544,14.571429
2026-04-03 03:00:00+00:00,177,3,0.0,4.9,0.0,45.65905,14.88189
2026-04-03 03:00:00+00:00,194,3,0.0,4.8,0.0,46.502636,15.024076
2026-04-03 03:00:00+00:00,236,3,0.0,7.0,0.0,45.79965,15.213271
2026-04-03 03:00:00+00:00,325,3,0.0,8.3,0.0,46.572933,15.62701
2026-04-03 03:00:00+00:00,391,3,0.0,8.5,0.0,46.71353,16.112904
2026-04-03 03:00:00+00:00,422,3,0.0,7.0,0.0,46.22144,15.21531
2026-04-03 03:00:00+00:00,425,3,0.0,9.0,0.0,45.940243,15.546751
2026-04-03 03:00:00+00:00,426,3,0.0,11.2,0.0,45.51845,13.704866
2026-04-03 06:00:00+00:00,63,6,80.0,5.3,0.0,46.432335,14.134615
2026-04-03 06:00:00+00:00,76,6,87.0,6.0,0.0,46.291737,14.233227
2026-04-03 06:00:00+00:00,106,6,89.0,6.2,0.0,46.22144,14.354067
2026-04-03 06:00:00+00:00,122,6,88.0,4.9,0.0,46.08084,14.45151
2026-04-03 06:00:00+00:00,127,6,88.0,4.3,0.0,46.151142,14.474522
2026-04-03 06:00:00+00:00,129,6,88.0,4.8,0.0,46.010544,14.571429
2026-04-03 06:00:00+00:00,177,6,77.0,4.6,0.0,45.65905,14.88189
2026-04-03 06:00:00+00:00,194,6,97.0,5.9,0.0,46.502636,15.024076
2026-04-03 06:00:00+00:00,236,6,80.0,8.0,0.0,45.79965,15.213271
2026-04-03 06:00:00+00:00,325,6,91.0,8.8,0.0,46.572933,15.62701
2026-04-03 06:00:00+00:00,391,6,88.0,8.1,0.0,46.71353,16.112904
2026-04-03 06:00:00+00:00,422,6,88.0,7.3,0.0,46.22144,15.21531
2026-04-03 06:00:00+00:00,425,6,78.0,9.3,0.0,45.940243,15.546751
2026-04-03 06:00:00+00:00,426,6,68.0,11.8,0.0,45.51845,13.704866
2026-04-03 07:00:00+00:00,63,1,244.0,7.9,0.0,46.432335,14.134615
2026-04-03 07:00:00+00:00,76,1,244.0,9.3,0.0,46.291737,14.233227
2026-04-03 07:00:00+00:00,106,1,246.0,9.9,0.0,46.22144,14.354067
2026-04-03 07:00:00+00:00,122,1,246.0,8.6,0.0,46.08084,14.45151
2026-04-03 07:00:00+00:00,127,1,247.0,8.2,0.0,46.151142,14.474522
2026-04-03 07:00:00+00:00,129,1,245.0,8.4,0.0,46.010544,14.571429
2026-04-03 07:00:00+00:00,177,1,229.0,7.7,0.0,45.65905,14.88189
2026-04-03 07:00:00+00:00,194,1,264.0,9.2,0.0,46.502636,15.024076
2026-04-03 07:00:00+00:00,236,1,217.0,10.9,0.0,45.79965,15.213271
2026-04-03 07:00:00+00:00,325,1,234.0,10.2,0.0,46.572933,15.62701
2026-04-03 07:00:00+00:00,391,1,237.0,10.4,0.0,46.71353,16.112904
2026-04-03 07:00:00+00:00,422,1,252.0,10.5,0.0,46.22144,15.21531
2026-04-03 07:00:00+00:00,425,1,236.0,11.2,0.0,45.940243,15.546751
2026-04-03 07:00:00+00:00,426,1,237.0,14.3,0.0,45.51845,13.704866
2026-04-03 08:00:00+00:00,63,2,443.0,9.3,0.0,46.432335,14.134615
2026-04-03 08:00:00+00:00,76,2,435.0,10.8,0.0,46.291737,14.233227
2026-04-03 08:00:00+00:00,106,2,429.0,11.9,0.0,46.22144,14.354067
2026-04-03 08:00:00+00:00,122,2,423.0,11.6,0.0,46.08084,14.45151
2026-04-03 08:00:00+00:00,127,2,422.0,11.0,0.0,46.151142,14.474522
2026-04-03 08:00:00+00:00,129,2,414.0,11.0,0.0,46.010544,14.571429
2026-04-03 08:00:00+00:00,177,2,345.0,8.4,0.0,45.65905,14.88189
2026-04-03 08:00:00+00:00,194,2,423.0,10.6,0.0,46.502636,15.024076
2026-04-03 08:00:00+00:00,236,2,377.0,12.5,0.0,45.79965,15.213271
2026-04-03 08:00:00+00:00,325,2,398.0,11.5,0.0,46.572933,15.62701
2026-04-03 08:00:00+00:00,391,2,379.0,12.1,0.0,46.71353,16.112904
2026-04-03 08:00:00+00:00,422,2,430.0,12.6,0.0,46.22144,15.21531
2026-04-03 08:00:00+00:00,425,2,350.0,12.1,0.0,45.940243,15.546751
2026-04-03 08:00:00+00:00,426,2,408.0,15.4,0.0,45.51845,13.704866
2026-04-03 09:00:00+00:00,63,3,598.0,10.5,0.0,46.432335,14.134615
2026-04-03 09:00:00+00:00,76,3,585.0,12.0,0.0,46.291737,14.233227
2026-04-03 09:00:00+00:00,106,3,556.0,13.3,0.0,46.22144,14.354067
2026-04-03 09:00:00+00:00,122,3,554.0,13.4,0.0,46.08084,14.45151
2026-04-03 09:00:00+00:00,127,3,536.0,12.7,0.0,46.151142,14.474522
2026-04-03 09:00:00+00:00,129,3,573.0,12.7,0.0,46.010544,14.571429
2026-04-03 09:00:00+00:00,177,3,461.0,9.2,0.0,45.65905,14.88189
2026-04-03 09:00:00+00:00,194,3,552.0,12.2,0.0,46.502636,15.024076
2026-04-03 09:00:00+00:00,236,3,478.0,13.3,0.0,45.79965,15.213271
2026-04-03 09:00:00+00:00,325,3,541.0,12.8,0.0,46.572933,15.62701
2026-04-03 09:00:00+00:00,391,3,513.0,13.2,0.0,46.71353,16.112904
2026-04-03 09:00:00+00:00,422,3,566.0,14.0,0.0,46.22144,15.21531
2026-04-03 09:00:00+00:00,425,3,448.0,13.0,0.0,45.940243,15.546751
2026-04-03 09:00:00+00:00,426,3,575.0,16.5,0.0,45.51845,13.704866
2026-04-03 12:00:00+00:00,63,6,795.0,14.1,0.0,46.432335,14.134615
2026-04-03 12:00:00+00:00,76,6,794.0,15.4,0.0,46.291737,14.233227
2026-04-03 12:00:00+00:00,106,6,779.0,16.6,0.0,46.22144,14.354067
2026-04-03 12:00:00+00:00,122,6,766.0,16.9,0.0,46.08084,14.45151
2026-04-03 12:00:00+00:00,127,6,765.0,16.1,0.0,46.151142,14.474522
2026-04-03 12:00:00+00:00,129,6,766.0,16.7,0.0,46.010544,14.571429
2026-04-03 12:00:00+00:00,177,6,735.0,12.0,0.0,45.65905,14.88189
2026-04-03 12:00:00+00:00,194,6,512.0,15.9,0.0,46.502636,15.024076
2026-04-03 12:00:00+00:00,236,6,767.0,16.0,0.0,45.79965,15.213271
2026-04-03 12:00:00+00:00,325,6,768.0,16.4,0.0,46.572933,15.62701
2026-04-03 12:00:00+00:00,391,6,749.0,15.7,0.0,46.71353,16.112904
2026-04-03 12:00:00+00:00,422,6,735.0,16.7,0.0,46.22144,15.21531
2026-04-03 12:00:00+00:00,425,6,699.0,15.5,0.0,45.940243,15.546751
2026-04-03 12:00:00+00:00,426,6,769.0,17.1,0.0,45.51845,13.704866
2026-04-03 13:00:00+00:00,63,1,731.0,14.6,0.0,46.432335,14.134615
2026-04-03 13:00:00+00:00,76,1,739.0,16.1,0.0,46.291737,14.233227
2026-04-03 13:00:00+00:00,106,1,729.0,17.5,0.0,46.22144,14.354067
2026-04-03 13:00:00+00:00,122,1,654.0,18.1,0.0,46.08084,14.45151
2026-04-03 13:00:00+00:00,127,1,679.0,17.3,0.0,46.151142,14.474522
2026-04-03 13:00:00+00:00,129,1,609.0,17.4,0.0,46.010544,14.571429
2026-04-03 13:00:00+00:00,177,1,718.0,13.4,0.0,45.65905,14.88189
2026-04-03 13:00:00+00:00,194,1,532.0,16.1,0.0,46.502636,15.024076
2026-04-03 13:00:00+00:00,236,1,719.0,16.8,0.0,45.79965,15.213271
2026-04-03 13:00:00+00:00,325,1,710.0,17.0,0.0,46.572933,15.62701
2026-04-03 13:00:00+00:00,391,1,689.0,16.4,0.0,46.71353,16.112904
2026-04-03 13:00:00+00:00,422,1,577.0,17.1,0.0,46.22144,15.21531
2026-04-03 13:00:00+00:00,425,1,708.0,16.3,0.0,45.940243,15.546751
2026-04-03 13:00:00+00:00,426,1,608.0,17.5,0.0,45.51845,13.704866
2026-04-03 14:00:00+00:00,63,2,641.0,14.4,0.0,46.432335,14.134615
2026-04-03 14:00:00+00:00,76,2,616.0,16.0,0.0,46.291737,14.233227
2026-04-03 14:00:00+00:00,106,2,560.0,17.9,0.0,46.22144,14.354067
2026-04-03 14:00:00+00:00,122,2,454.0,18.4,0.0,46.08084,14.45151
2026-04-03 14:00:00+00:00,127,2,483.0,17.8,0.0,46.151142,14.474522
2026-04-03 14:00:00+00:00,129,2,386.0,17.1,0.0,46.010544,14.571429
2026-04-03 14:00:00+00:00,177,2,437.0,12.5,0.0,45.65905,14.88189
2026-04-03 14:00:00+00:00,194,2,496.0,15.8,0.0,46.502636,15.024076
2026-04-03 14:00:00+00:00,236,2,598.0,16.7,0.0,45.79965,15.213271
2026-04-03 14:00:00+00:00,325,2,600.0,17.0,0.0,46.572933,15.62701
2026-04-03 14:00:00+00:00,391,2,587.0,16.2,0.0,46.71353,16.112904
2026-04-03 14:00:00+00:00,422,2,500.0,17.4,0.0,46.22144,15.21531
2026-04-03 14:00:00+00:00,425,2,621.0,16.4,0.0,45.940243,15.546751
2026-04-03 14:00:00+00:00,426,2,387.0,16.7,0.0,45.51845,13.704866
2026-04-03 15:00:00+00:00,63,3,474.0,14.0,0.0,46.432335,14.134615
2026-04-03 15:00:00+00:00,76,3,429.0,15.6,0.0,46.291737,14.233227
2026-04-03 15:00:00+00:00,106,3,384.0,17.4,0.0,46.22144,14.354067
2026-04-03 15:00:00+00:00,122,3,350.0,18.1,0.0,46.08084,14.45151
2026-04-03 15:00:00+00:00,127,3,351.0,16.8,0.0,46.151142,14.474522
2026-04-03 15:00:00+00:00,129,3,321.0,16.3,0.0,46.010544,14.571429
2026-04-03 15:00:00+00:00,177,3,397.0,11.9,0.0,45.65905,14.88189
2026-04-03 15:00:00+00:00,194,3,425.0,15.0,0.0,46.502636,15.024076
2026-04-03 15:00:00+00:00,236,3,439.0,16.5,0.0,45.79965,15.213271
2026-04-03 15:00:00+00:00,325,3,442.0,15.9,0.0,46.572933,15.62701
2026-04-03 15:00:00+00:00,391,3,409.0,15.4,0.0,46.71353,16.112904
2026-04-03 15:00:00+00:00,422,3,290.0,16.7,0.0,46.22144,15.21531
2026-04-03 15:00:00+00:00,425,3,420.0,16.1,0.0,45.940243,15.546751
2026-04-03 15:00:00+00:00,426,3,321.0,16.4,0.0,45.51845,13.704866
2026-04-03 18:00:00+00:00,63,6,12.0,7.1,0.0,46.432335,14.134615
2026-04-03 18:00:00+00:00,76,6,11.0,8.3,0.0,46.291737,14.233227
2026-04-03 18:00:00+00:00,106,6,10.0,10.9,0.0,46.22144,14.354067
2026-04-03 18:00:00+00:00,122,6,9.0,12.1,0.0,46.08084,14.45151
2026-04-03 18:00:00+00:00,127,6,9.0,9.5,0.0,46.151142,14.474522
2026-04-03 18:00:00+00:00,129,6,9.0,10.1,0.0,46.010544,14.571429
2026-04-03 18:00:00+00:00,177,6,8.0,5.9,0.0,45.65905,14.88189
2026-04-03 18:00:00+00:00,194,6,8.0,9.1,0.0,46.502636,15.024076
2026-04-03 18:00:00+00:00,236,6,7.0,10.6,0.0,45.79965,15.213271
2026-04-03 18:00:00+00:00,325,6,7.0,10.8,0.0,46.572933,15.62701
2026-04-03 18:00:00+00:00,391,6,5.0,8.8,0.0,46.71353,16.112904
2026-04-03 18:00:00+00:00,422,6,7.0,10.4,0.0,46.22144,15.21531
2026-04-03 18:00:00+00:00,425,6,6.0,9.9,0.0,45.940243,15.546751
2026-04-03 18:00:00+00:00,426,6,11.0,12.5,0.0,45.51845,13.704866
2026-04-03 19:00:00+00:00,63,1,0.0,6.5,0.0,46.432335,14.134615
2026-04-03 19:00:00+00:00,76,1,0.0,7.7,0.0,46.291737,14.233227
2026-04-03 19:00:00+00:00,106,1,0.0,8.8,0.0,46.22144,14.354067
2026-04-03 19:00:00+00:00,122,1,0.0,10.6,0.0,46.08084,14.45151
2026-04-03 19:00:00+00:00,127,1,0.0,8.6,0.0,46.151142,14.474522
2026-04-03 19:00:00+00:00,129,1,0.0,9.8,0.0,46.010544,14.571429
2026-04-03 19:00:00+00:00,177,1,0.0,5.5,0.0,45.65905,14.88189
2026-04-03 19:00:00+00:00,194,1,0.0,8.0,0.0,46.502636,15.024076
2026-04-03 19:00:00+00:00,236,1,0.0,10.2,0.0,45.79965,15.213271
2026-04-03 19:00:00+00:00,325,1,0.0,10.3,0.0,46.572933,15.62701
2026-04-03 19:00:00+00:00,391,1,0.0,8.8,0.0,46.71353,16.112904
2026-04-03 19:00:00+00:00,422,1,0.0,9.1,0.0,46.22144,15.21531
2026-04-03 19:00:00+00:00,425,1,0.0,9.9,0.0,45.940243,15.546751
2026-04-03 19:00:00+00:00,426,1,0.0,12.8,0.0,45.51845,13.704866
2026-04-03 20:00:00+00:00,63,2,0.0,5.9,0.0,46.432335,14.134615
2026-04-03 20:00:00+00:00,76,2,0.0,5.4,0.0,46.291737,14.233227
2026-04-03 20:00:00+00:00,106,2,0.0,7.0,0.0,46.22144,14.354067
2026-04-03 20:00:00+00:00,122,2,0.0,9.4,0.0,46.08084,14.45151
2026-04-03 20:00:00+00:00,127,2,0.0,6.5,0.0,46.151142,14.474522
2026-04-03 20:00:00+00:00,129,2,0.0,7.8,0.0,46.010544,14.571429
2026-04-03 20:00:00+00:00,177,2,0.0,4.2,0.0,45.65905,14.88189
2026-04-03 20:00:00+00:00,194,2,0.0,7.2,0.0,46.502636,15.024076
2026-04-03 20:00:00+00:00,236,2,0.0,8.8,0.0,45.79965,15.213271
2026-04-03 20:00:00+00:00,325,2,0.0,9.7,0.0,46.572933,15.62701
2026-04-03 20:00:00+00:00,391,2,0.0,9.4,0.0,46.71353,16.112904
2026-04-03 20:00:00+00:00,422,2,0.0,6.9,0.0,46.22144,15.21531
2026-04-03 20:00:00+00:00,425,2,0.0,8.7,0.0,45.940243,15.546751
2026-04-03 20:00:00+00:00,426,2,0.0,12.4,0.0,45.51845,13.704866
2026-04-03 21:00:00+00:00,63,3,0.0,5.4,0.0,46.432335,14.134615
2026-04-03 21:00:00+00:00,76,3,0.0,4.1,0.0,46.291737,14.233227
2026-04-03 21:00:00+00:00,106,3,0.0,5.4,0.0,46.22144,14.354067
2026-04-03 21:00:00+00:00,122,3,0.0,8.1,0.0,46.08084,14.45151
2026-04-03 21:00:00+00:00,127,3,0.0,4.2,0.0,46.151142,14.474522
2026-04-03 21:00:00+00:00,129,3,0.0,7.3,0.0,46.010544,14.571429
2026-04-03 21:00:00+00:00,177,3,0.0,3.6,0.0,45.65905,14.88189
2026-04-03 21:00:00+00:00,194,3,0.0,6.5,0.0,46.502636,15.024076
2026-04-03 21:00:00+00:00,236,3,0.0,7.6,0.0,45.79965,15.213271
2026-04-03 21:00:00+00:00,325,3,0.0,8.9,0.0,46.572933,15.62701
2026-04-03 21:00:00+00:00,391,3,0.0,8.7,0.0,46.71353,16.112904
2026-04-03 21:00:00+00:00,422,3,0.0,5.7,0.0,46.22144,15.21531
2026-04-03 21:00:00+00:00,425,3,0.0,7.5,0.0,45.940243,15.546751
2026-04-03 21:00:00+00:00,426,3,0.0,12.4,0.0,45.51845,13.704866
2026-04-04 00:00:00+00:00,63,6,0.0,4.4,0.0,46.432335,14.134615
2026-04-04 00:00:00+00:00,63,24,0.0,3.4,0.0,46.432335,14.134615
2026-04-04 00:00:00+00:00,76,6,0.0,1.4,0.0,46.291737,14.233227
2026-04-04 00:00:00+00:00,76,24,0.0,-0.2,0.0,46.291737,14.233227
2026-04-04 00:00:00+00:00,106,6,0.0,2.8,0.0,46.22144,14.354067
2026-04-04 00:00:00+00:00,106,24,0.0,1.2,0.0,46.22144,14.354067
2026-04-04 00:00:00+00:00,122,6,0.0,4.3,0.0,46.08084,14.45151
2026-04-04 00:00:00+00:00,122,24,0.0,3.6,0.0,46.08084,14.45151
2026-04-04 00:00:00+00:00,127,6,0.0,1.3,0.0,46.151142,14.474522
2026-04-04 00:00:00+00:00,127,24,0.0,0.5,0.0,46.151142,14.474522
2026-04-04 00:00:00+00:00,129,6,0.0,4.7,0.0,46.010544,14.571429
2026-04-04 00:00:00+00:00,129,24,0.0,3.5,0.0,46.010544,14.571429
2026-04-04 00:00:00+00:00,177,6,0.0,0.9,0.0,45.65905,14.88189
2026-04-04 00:00:00+00:00,177,24,0.0,1.2,0.0,45.65905,14.88189
2026-04-04 00:00:00+00:00,194,6,0.0,4.0,0.0,46.502636,15.024076
2026-04-04 00:00:00+00:00,194,24,0.0,3.7,0.0,46.502636,15.024076
2026-04-04 00:00:00+00:00,236,6,0.0,7.2,0.0,45.79965,15.213271
2026-04-04 00:00:00+00:00,236,24,0.0,6.4,0.0,45.79965,15.213271
2026-04-04 00:00:00+00:00,325,6,0.0,7.4,0.0,46.572933,15.62701
2026-04-04 00:00:00+00:00,325,24,0.0,6.3,0.0,46.572933,15.62701
2026-04-04 00:00:00+00:00,391,6,0.0,6.6,0.0,46.71353,16.112904
2026-04-04 00:00:00+00:00,391,24,0.0,5.2,0.0,46.71353,16.112904
2026-04-04 00:00:00+00:00,422,6,0.0,4.1,0.0,46.22144,15.21531
2026-04-04 00:00:00+00:00,422,24,0.0,3.7,0.0,46.22144,15.21531
2026-04-04 00:00:00+00:00,425,6,0.0,4.3,0.0,45.940243,15.546751
2026-04-04 00:00:00+00:00,425,24,0.0,5.6,0.0,45.940243,15.546751
2026-04-04 00:00:00+00:00,426,6,0.0,8.1,0.0,45.51845,13.704866
2026-04-04 00:00:00+00:00,426,24,0.0,8.5,0.0,45.51845,13.704866
2026-04-04 06:00:00+00:00,63,24,92.0,6.7,0.0,46.432335,14.134615
2026-04-04 06:00:00+00:00,76,24,96.0,3.9,0.0,46.291737,14.233227
2026-04-04 06:00:00+00:00,106,24,95.0,3.6,0.0,46.22144,14.354067
2026-04-04 06:00:00+00:00,122,24,91.0,3.4,0.0,46.08084,14.45151
2026-04-04 06:00:00+00:00,127,24,91.0,2.4,0.0,46.151142,14.474522
2026-04-04 06:00:00+00:00,129,24,89.0,3.7,0.0,46.010544,14.571429
2026-04-04 06:00:00+00:00,177,24,100.0,2.4,0.0,45.65905,14.88189
2026-04-04 06:00:00+00:00,194,24,71.0,6.1,0.0,46.502636,15.024076
2026-04-04 06:00:00+00:00,236,24,102.0,6.9,0.0,45.79965,15.213271
2026-04-04 06:00:00+00:00,325,24,67.0,9.5,0.0,46.572933,15.62701
2026-04-04 06:00:00+00:00,391,24,83.0,5.7,0.0,46.71353,16.112904
2026-04-04 06:00:00+00:00,422,24,73.0,5.3,0.0,46.22144,15.21531
2026-04-04 06:00:00+00:00,425,24,104.0,5.8,0.0,45.940243,15.546751
2026-04-04 06:00:00+00:00,426,24,84.0,7.2,0.0,45.51845,13.704866
2026-04-04 12:00:00+00:00,63,24,413.0,15.7,0.0,46.432335,14.134615
2026-04-04 12:00:00+00:00,76,24,501.0,16.5,0.0,46.291737,14.233227
2026-04-04 12:00:00+00:00,106,24,627.0,16.9,0.0,46.22144,14.354067
2026-04-04 12:00:00+00:00,122,24,735.0,17.2,0.0,46.08084,14.45151
2026-04-04 12:00:00+00:00,127,24,720.0,15.6,0.0,46.151142,14.474522
2026-04-04 12:00:00+00:00,129,24,688.0,16.7,0.0,46.010544,14.571429
2026-04-04 12:00:00+00:00,177,24,511.0,13.3,0.0,45.65905,14.88189
2026-04-04 12:00:00+00:00,194,24,581.0,15.9,0.0,46.502636,15.024076
2026-04-04 12:00:00+00:00,236,24,496.0,17.1,0.0,45.79965,15.213271
2026-04-04 12:00:00+00:00,325,24,503.0,16.3,0.0,46.572933,15.62701
2026-04-04 12:00:00+00:00,391,24,210.0,15.0,0.0,46.71353,16.112904
2026-04-04 12:00:00+00:00,422,24,520.0,16.6,0.0,46.22144,15.21531
2026-04-04 12:00:00+00:00,425,24,638.0,16.9,0.0,45.940243,15.546751
2026-04-04 12:00:00+00:00,426,24,751.0,16.4,0.0,45.51845,13.704866
2026-04-04 18:00:00+00:00,63,24,5.0,12.9,0.0,46.432335,14.134615
2026-04-04 18:00:00+00:00,76,24,3.0,13.1,0.0,46.291737,14.233227
2026-04-04 18:00:00+00:00,106,24,3.0,13.8,0.0,46.22144,14.354067
2026-04-04 18:00:00+00:00,122,24,2.0,14.9,0.0,46.08084,14.45151
2026-04-04 18:00:00+00:00,127,24,2.0,13.3,0.0,46.151142,14.474522
2026-04-04 18:00:00+00:00,129,24,3.0,14.1,0.0,46.010544,14.571429
2026-04-04 18:00:00+00:00,177,24,7.0,8.5,0.0,45.65905,14.88189
2026-04-04 18:00:00+00:00,194,24,3.0,12.7,0.0,46.502636,15.024076
2026-04-04 18:00:00+00:00,236,24,5.0,12.3,0.0,45.79965,15.213271
2026-04-04 18:00:00+00:00,325,24,5.0,12.2,0.0,46.572933,15.62701
2026-04-04 18:00:00+00:00,391,24,4.0,10.9,0.0,46.71353,16.112904
2026-04-04 18:00:00+00:00,422,24,2.0,13.6,0.0,46.22144,15.21531
2026-04-04 18:00:00+00:00,425,24,6.0,11.7,0.0,45.940243,15.546751
2026-04-04 18:00:00+00:00,426,24,12.0,12.2,0.0,45.51845,13.704866
2026-04-04 01:00:00+00:00,63,1,0.0,3.4,0.0,46.432335,14.134615
2026-04-04 01:00:00+00:00,76,1,0.0,0.8,0.0,46.291737,14.233227
2026-04-04 01:00:00+00:00,106,1,0.0,1.3,0.0,46.22144,14.354067
2026-04-04 01:00:00+00:00,122,1,0.0,3.1,0.0,46.08084,14.45151
2026-04-04 01:00:00+00:00,127,1,0.0,-0.0,0.0,46.151142,14.474522
2026-04-04 01:00:00+00:00,129,1,0.0,3.7,0.0,46.010544,14.571429
2026-04-04 01:00:00+00:00,177,1,0.0,1.1,0.0,45.65905,14.88189
2026-04-04 01:00:00+00:00,194,1,0.0,3.5,0.0,46.502636,15.024076
2026-04-04 01:00:00+00:00,236,1,0.0,6.1,0.0,45.79965,15.213271
2026-04-04 01:00:00+00:00,325,1,0.0,5.4,0.0,46.572933,15.62701
2026-04-04 01:00:00+00:00,391,1,0.0,5.2,0.0,46.71353,16.112904
2026-04-04 01:00:00+00:00,422,1,0.0,3.2,0.0,46.22144,15.21531
2026-04-04 01:00:00+00:00,425,1,0.0,3.8,0.0,45.940243,15.546751
2026-04-04 01:00:00+00:00,426,1,0.0,9.4,0.0,45.51845,13.704866
2026-04-04 02:00:00+00:00,63,2,0.0,3.3,0.0,46.432335,14.134615
2026-04-04 02:00:00+00:00,76,2,0.0,0.4,0.0,46.291737,14.233227
2026-04-04 02:00:00+00:00,106,2,0.0,0.5,0.0,46.22144,14.354067
2026-04-04 02:00:00+00:00,122,2,0.0,2.4,0.0,46.08084,14.45151
2026-04-04 02:00:00+00:00,127,2,0.0,-0.1,0.0,46.151142,14.474522
2026-04-04 02:00:00+00:00,129,2,0.0,2.8,0.0,46.010544,14.571429
2026-04-04 02:00:00+00:00,177,2,0.0,0.9,0.0,45.65905,14.88189
2026-04-04 02:00:00+00:00,194,2,0.0,3.3,0.0,46.502636,15.024076
2026-04-04 02:00:00+00:00,236,2,0.0,5.7,0.0,45.79965,15.213271
2026-04-04 02:00:00+00:00,325,2,0.0,5.2,0.0,46.572933,15.62701
2026-04-04 02:00:00+00:00,391,2,0.0,4.6,0.0,46.71353,16.112904
2026-04-04 02:00:00+00:00,422,2,0.0,2.3,0.0,46.22144,15.21531
2026-04-04 02:00:00+00:00,425,2,0.0,3.1,0.0,45.940243,15.546751
2026-04-04 02:00:00+00:00,426,2,0.0,8.7,0.0,45.51845,13.704866
2026-04-04 03:00:00+00:00,63,3,0.0,3.1,0.0,46.432335,14.134615
2026-04-04 03:00:00+00:00,76,3,0.0,-0.2,0.0,46.291737,14.233227
2026-04-04 03:00:00+00:00,106,3,0.0,-0.2,0.0,46.22144,14.354067
2026-04-04 03:00:00+00:00,122,3,0.0,1.9,0.0,46.08084,14.45151
2026-04-04 03:00:00+00:00,127,3,0.0,-0.3,0.0,46.151142,14.474522
2026-04-04 03:00:00+00:00,129,3,0.0,2.0,0.0,46.010544,14.571429
2026-04-04 03:00:00+00:00,177,3,0.0,0.9,0.0,45.65905,14.88189
2026-04-04 03:00:00+00:00,194,3,0.0,2.9,0.0,46.502636,15.024076
2026-04-04 03:00:00+00:00,236,3,0.0,5.3,0.0,45.79965,15.213271
2026-04-04 03:00:00+00:00,325,3,0.0,5.0,0.0,46.572933,15.62701
2026-04-04 03:00:00+00:00,391,3,0.0,4.4,0.0,46.71353,16.112904
2026-04-04 03:00:00+00:00,422,3,0.0,1.8,0.0,46.22144,15.21531
2026-04-04 03:00:00+00:00,425,3,0.0,3.2,0.0,45.940243,15.546751
2026-04-04 03:00:00+00:00,426,3,0.0,7.8,0.0,45.51845,13.704866
2026-04-04 06:00:00+00:00,63,6,92.0,6.7,0.0,46.432335,14.134615
2026-04-04 06:00:00+00:00,76,6,91.0,4.1,0.0,46.291737,14.233227
2026-04-04 06:00:00+00:00,106,6,90.0,3.7,0.0,46.22144,14.354067
2026-04-04 06:00:00+00:00,122,6,90.0,3.6,0.0,46.08084,14.45151
2026-04-04 06:00:00+00:00,127,6,90.0,2.5,0.0,46.151142,14.474522
2026-04-04 06:00:00+00:00,129,6,90.0,3.6,0.0,46.010544,14.571429
2026-04-04 06:00:00+00:00,177,6,99.0,3.6,0.0,45.65905,14.88189
2026-04-04 06:00:00+00:00,194,6,50.0,6.1,0.0,46.502636,15.024076
2026-04-04 06:00:00+00:00,236,6,102.0,7.0,0.0,45.79965,15.213271
2026-04-04 06:00:00+00:00,325,6,71.0,7.9,0.0,46.572933,15.62701
2026-04-04 06:00:00+00:00,391,6,100.0,6.1,0.0,46.71353,16.112904
2026-04-04 06:00:00+00:00,422,6,93.0,5.1,0.0,46.22144,15.21531
2026-04-04 06:00:00+00:00,425,6,104.0,6.3,0.0,45.940243,15.546751
2026-04-04 06:00:00+00:00,426,6,83.0,8.5,0.0,45.51845,13.704866
2026-04-04 07:00:00+00:00,63,1,183.0,9.9,0.0,46.432335,14.134615
2026-04-04 07:00:00+00:00,76,1,236.0,9.4,0.0,46.291737,14.233227
2026-04-04 07:00:00+00:00,106,1,251.0,8.5,0.0,46.22144,14.354067
2026-04-04 07:00:00+00:00,122,1,254.0,6.4,0.0,46.08084,14.45151
2026-04-04 07:00:00+00:00,127,1,248.0,5.7,0.0,46.151142,14.474522
2026-04-04 07:00:00+00:00,129,1,258.0,6.2,0.0,46.010544,14.571429
2026-04-04 07:00:00+00:00,177,1,273.0,8.3,0.0,45.65905,14.88189
2026-04-04 07:00:00+00:00,194,1,159.0,8.5,0.0,46.502636,15.024076
2026-04-04 07:00:00+00:00,236,1,274.0,9.1,0.0,45.79965,15.213271
2026-04-04 07:00:00+00:00,325,1,45.0,9.3,0.0,46.572933,15.62701
2026-04-04 07:00:00+00:00,391,1,115.0,7.6,0.0,46.71353,16.112904
2026-04-04 07:00:00+00:00,422,1,167.0,6.9,0.0,46.22144,15.21531
2026-04-04 07:00:00+00:00,425,1,273.0,8.9,0.0,45.940243,15.546751
2026-04-04 07:00:00+00:00,426,1,250.0,12.8,0.0,45.51845,13.704866
2026-04-04 08:00:00+00:00,63,2,445.0,12.3,0.0,46.432335,14.134615
2026-04-04 08:00:00+00:00,76,2,437.0,12.1,0.0,46.291737,14.233227
2026-04-04 08:00:00+00:00,106,2,406.0,10.9,0.0,46.22144,14.354067
2026-04-04 08:00:00+00:00,122,2,318.0,8.7,0.0,46.08084,14.45151
2026-04-04 08:00:00+00:00,127,2,352.0,7.6,0.0,46.151142,14.474522
2026-04-04 08:00:00+00:00,129,2,300.0,8.3,0.0,46.010544,14.571429
2026-04-04 08:00:00+00:00,177,2,454.0,10.4,0.0,45.65905,14.88189
2026-04-04 08:00:00+00:00,194,2,350.0,10.9,0.0,46.502636,15.024076
2026-04-04 08:00:00+00:00,236,2,413.0,11.4,0.0,45.79965,15.213271
2026-04-04 08:00:00+00:00,325,2,252.0,13.6,0.0,46.572933,15.62701
2026-04-04 08:00:00+00:00,391,2,213.0,9.4,0.0,46.71353,16.112904
2026-04-04 08:00:00+00:00,422,2,272.0,10.1,0.0,46.22144,15.21531
2026-04-04 08:00:00+00:00,425,2,384.0,11.4,0.0,45.940243,15.546751
2026-04-04 08:00:00+00:00,426,2,426.0,15.0,0.0,45.51845,13.704866
2026-04-04 09:00:00+00:00,63,3,563.0,13.9,0.0,46.432335,14.134615
2026-04-04 09:00:00+00:00,76,3,579.0,13.8,0.0,46.291737,14.233227
2026-04-04 09:00:00+00:00,106,3,581.0,13.2,0.0,46.22144,14.354067
2026-04-04 09:00:00+00:00,122,3,580.0,12.1,0.0,46.08084,14.45151
2026-04-04 09:00:00+00:00,127,3,577.0,10.6,0.0,46.151142,14.474522
2026-04-04 09:00:00+00:00,129,3,581.0,11.4,0.0,46.010544,14.571429
2026-04-04 09:00:00+00:00,177,3,593.0,11.9,0.0,45.65905,14.88189
2026-04-04 09:00:00+00:00,194,3,586.0,13.7,0.0,46.502636,15.024076
2026-04-04 09:00:00+00:00,236,3,581.0,14.0,0.0,45.79965,15.213271
2026-04-04 09:00:00+00:00,325,3,585.0,16.0,0.0,46.572933,15.62701
2026-04-04 09:00:00+00:00,391,3,589.0,13.4,0.0,46.71353,16.112904
2026-04-04 09:00:00+00:00,422,3,587.0,14.0,0.0,46.22144,15.21531
2026-04-04 09:00:00+00:00,425,3,587.0,13.9,0.0,45.940243,15.546751
2026-04-04 09:00:00+00:00,426,3,572.0,15.8,0.0,45.51845,13.704866
2026-04-04 12:00:00+00:00,63,6,609.0,16.9,0.0,46.432335,14.134615
2026-04-04 12:00:00+00:00,76,6,624.0,17.7,0.0,46.291737,14.233227
2026-04-04 12:00:00+00:00,106,6,657.0,17.4,0.0,46.22144,14.354067
2026-04-04 12:00:00+00:00,122,6,678.0,17.4,0.0,46.08084,14.45151
2026-04-04 12:00:00+00:00,127,6,668.0,15.4,0.0,46.151142,14.474522
2026-04-04 12:00:00+00:00,129,6,533.0,16.3,0.0,46.010544,14.571429
2026-04-04 12:00:00+00:00,177,6,568.0,13.4,0.0,45.65905,14.88189
2026-04-04 12:00:00+00:00,194,6,390.0,15.1,0.0,46.502636,15.024076
2026-04-04 12:00:00+00:00,236,6,711.0,17.9,0.0,45.79965,15.213271
2026-04-04 12:00:00+00:00,325,6,552.0,17.0,0.0,46.572933,15.62701
2026-04-04 12:00:00+00:00,391,6,410.0,16.3,0.0,46.71353,16.112904
2026-04-04 12:00:00+00:00,422,6,480.0,16.7,0.0,46.22144,15.21531
2026-04-04 12:00:00+00:00,425,6,737.0,17.2,0.0,45.940243,15.546751
2026-04-04 12:00:00+00:00,426,6,736.0,16.8,0.0,45.51845,13.704866
2026-04-04 13:00:00+00:00,63,1,643.0,17.2,0.0,46.432335,14.134615
2026-04-04 13:00:00+00:00,76,1,507.0,17.8,0.0,46.291737,14.233227
2026-04-04 13:00:00+00:00,106,1,513.0,18.2,0.0,46.22144,14.354067
2026-04-04 13:00:00+00:00,122,1,627.0,18.5,0.0,46.08084,14.45151
2026-04-04 13:00:00+00:00,127,1,589.0,16.8,0.0,46.151142,14.474522
2026-04-04 13:00:00+00:00,129,1,644.0,17.7,0.0,46.010544,14.571429
2026-04-04 13:00:00+00:00,177,1,223.0,12.8,0.0,45.65905,14.88189
2026-04-04 13:00:00+00:00,194,1,413.0,16.4,0.0,46.502636,15.024076
2026-04-04 13:00:00+00:00,236,1,300.0,17.5,0.0,45.79965,15.213271
2026-04-04 13:00:00+00:00,325,1,593.0,17.3,0.0,46.572933,15.62701
2026-04-04 13:00:00+00:00,391,1,388.0,17.1,0.0,46.71353,16.112904
2026-04-04 13:00:00+00:00,422,1,611.0,18.5,0.0,46.22144,15.21531
2026-04-04 13:00:00+00:00,425,1,397.0,17.5,0.0,45.940243,15.546751
2026-04-04 13:00:00+00:00,426,1,683.0,16.9,0.0,45.51845,13.704866
2026-04-04 14:00:00+00:00,63,2,550.0,17.5,0.0,46.432335,14.134615
2026-04-04 14:00:00+00:00,76,2,482.0,19.0,0.0,46.291737,14.233227
2026-04-04 14:00:00+00:00,106,2,470.0,19.1,0.0,46.22144,14.354067
2026-04-04 14:00:00+00:00,122,2,520.0,19.0,0.0,46.08084,14.45151
2026-04-04 14:00:00+00:00,127,2,499.0,17.1,0.0,46.151142,14.474522
2026-04-04 14:00:00+00:00,129,2,544.0,18.3,0.0,46.010544,14.571429
2026-04-04 14:00:00+00:00,177,2,368.0,13.6,0.0,45.65905,14.88189
2026-04-04 14:00:00+00:00,194,2,453.0,17.0,0.0,46.502636,15.024076
2026-04-04 14:00:00+00:00,236,2,513.0,18.2,0.0,45.79965,15.213271
2026-04-04 14:00:00+00:00,325,2,562.0,17.4,0.0,46.572933,15.62701
2026-04-04 14:00:00+00:00,391,2,418.0,17.7,0.0,46.71353,16.112904
2026-04-04 14:00:00+00:00,422,2,573.0,18.6,0.0,46.22144,15.21531
2026-04-04 14:00:00+00:00,425,2,515.0,17.8,0.0,45.940243,15.546751
2026-04-04 14:00:00+00:00,426,2,575.0,16.8,0.0,45.51845,13.704866
2026-04-04 15:00:00+00:00,63,3,301.0,17.0,0.0,46.432335,14.134615
2026-04-04 15:00:00+00:00,76,3,188.0,17.8,0.0,46.291737,14.233227
2026-04-04 15:00:00+00:00,106,3,144.0,17.6,0.0,46.22144,14.354067
2026-04-04 15:00:00+00:00,122,3,277.0,18.5,0.0,46.08084,14.45151
2026-04-04 15:00:00+00:00,127,3,192.0,15.5,0.0,46.151142,14.474522
2026-04-04 15:00:00+00:00,129,3,375.0,18.2,0.0,46.010544,14.571429
2026-04-04 15:00:00+00:00,177,3,415.0,14.0,0.0,45.65905,14.88189
2026-04-04 15:00:00+00:00,194,3,280.0,16.7,0.0,46.502636,15.024076
2026-04-04 15:00:00+00:00,236,3,435.0,18.0,0.0,45.79965,15.213271
2026-04-04 15:00:00+00:00,325,3,330.0,16.5,0.0,46.572933,15.62701
2026-04-04 15:00:00+00:00,391,3,134.0,16.1,0.0,46.71353,16.112904
2026-04-04 15:00:00+00:00,422,3,388.0,18.4,0.0,46.22144,15.21531
2026-04-04 15:00:00+00:00,425,3,447.0,17.9,0.0,45.940243,15.546751
2026-04-04 15:00:00+00:00,426,3,442.0,16.4,0.0,45.51845,13.704866
2026-04-04 18:00:00+00:00,63,6,9.0,12.3,0.0,46.432335,14.134615
2026-04-04 18:00:00+00:00,76,6,7.0,13.1,0.0,46.291737,14.233227
2026-04-04 18:00:00+00:00,106,6,6.0,13.8,0.0,46.22144,14.354067
2026-04-04 18:00:00+00:00,122,6,7.0,13.2,0.0,46.08084,14.45151
2026-04-04 18:00:00+00:00,127,6,5.0,11.7,0.0,46.151142,14.474522
2026-04-04 18:00:00+00:00,129,6,7.0,12.0,0.0,46.010544,14.571429
2026-04-04 18:00:00+00:00,177,6,6.0,7.6,0.0,45.65905,14.88189
2026-04-04 18:00:00+00:00,194,6,7.0,11.4,0.0,46.502636,15.024076
2026-04-04 18:00:00+00:00,236,6,5.0,12.9,0.0,45.79965,15.213271
2026-04-04 18:00:00+00:00,325,6,3.0,13.9,0.0,46.572933,15.62701
2026-04-04 18:00:00+00:00,391,6,2.0,12.6,0.0,46.71353,16.112904
2026-04-04 18:00:00+00:00,422,6,4.0,13.4,0.0,46.22144,15.21531
2026-04-04 18:00:00+00:00,425,6,4.0,14.2,0.0,45.940243,15.546751
2026-04-04 18:00:00+00:00,426,6,12.0,12.8,0.0,45.51845,13.704866
2026-04-04 19:00:00+00:00,63,1,0.0,12.1,0.0,46.432335,14.134615
2026-04-04 19:00:00+00:00,76,1,0.0,12.3,0.0,46.291737,14.233227
2026-04-04 19:00:00+00:00,106,1,0.0,13.9,0.0,46.22144,14.354067
2026-04-04 19:00:00+00:00,122,1,0.0,12.8,0.0,46.08084,14.45151
2026-04-04 19:00:00+00:00,127,1,0.0,11.9,0.0,46.151142,14.474522
2026-04-04 19:00:00+00:00,129,1,0.0,10.7,0.0,46.010544,14.571429
2026-04-04 19:00:00+00:00,177,1,0.0,6.4,0.0,45.65905,14.88189
2026-04-04 19:00:00+00:00,194,1,0.0,11.9,0.0,46.502636,15.024076
2026-04-04 19:00:00+00:00,236,1,0.0,12.5,0.0,45.79965,15.213271
2026-04-04 19:00:00+00:00,325,1,0.0,14.9,0.0,46.572933,15.62701
2026-04-04 19:00:00+00:00,391,1,0.0,13.0,0.0,46.71353,16.112904
2026-04-04 19:00:00+00:00,422,1,0.0,12.9,0.0,46.22144,15.21531
2026-04-04 19:00:00+00:00,425,1,0.0,13.2,0.0,45.940243,15.546751
2026-04-04 19:00:00+00:00,426,1,0.0,12.8,0.0,45.51845,13.704866
2026-04-04 20:00:00+00:00,63,2,0.0,10.6,0.0,46.432335,14.134615
2026-04-04 20:00:00+00:00,76,2,0.0,10.5,0.0,46.291737,14.233227
2026-04-04 20:00:00+00:00,106,2,0.0,12.6,0.0,46.22144,14.354067
2026-04-04 20:00:00+00:00,122,2,0.0,11.5,0.0,46.08084,14.45151
2026-04-04 20:00:00+00:00,127,2,0.0,10.8,0.0,46.151142,14.474522
2026-04-04 20:00:00+00:00,129,2,0.0,9.6,0.0,46.010544,14.571429
2026-04-04 20:00:00+00:00,177,2,0.0,4.2,0.0,45.65905,14.88189
2026-04-04 20:00:00+00:00,194,2,0.0,12.3,0.0,46.502636,15.024076
2026-04-04 20:00:00+00:00,236,2,0.0,9.9,0.0,45.79965,15.213271
2026-04-04 20:00:00+00:00,325,2,0.0,14.5,0.0,46.572933,15.62701
2026-04-04 20:00:00+00:00,391,2,0.0,11.9,0.0,46.71353,16.112904
2026-04-04 20:00:00+00:00,422,2,0.0,12.2,0.0,46.22144,15.21531
2026-04-04 20:00:00+00:00,425,2,0.0,12.7,0.0,45.940243,15.546751
2026-04-04 20:00:00+00:00,426,2,0.0,12.1,0.0,45.51845,13.704866
2026-04-04 21:00:00+00:00,63,3,0.0,9.7,0.0,46.432335,14.134615
2026-04-04 21:00:00+00:00,76,3,0.0,8.0,0.0,46.291737,14.233227
2026-04-04 21:00:00+00:00,106,3,0.0,10.1,0.0,46.22144,14.354067
2026-04-04 21:00:00+00:00,122,3,0.0,10.0,0.0,46.08084,14.45151
2026-04-04 21:00:00+00:00,127,3,0.0,8.9,0.0,46.151142,14.474522
2026-04-04 21:00:00+00:00,129,3,0.0,8.9,0.0,46.010544,14.571429
2026-04-04 21:00:00+00:00,177,3,0.0,3.3,0.0,45.65905,14.88189
2026-04-04 21:00:00+00:00,194,3,0.0,11.3,0.0,46.502636,15.024076
2026-04-04 21:00:00+00:00,236,3,0.0,9.5,0.0,45.79965,15.213271
2026-04-04 21:00:00+00:00,325,3,0.0,13.0,0.0,46.572933,15.62701
2026-04-04 21:00:00+00:00,391,3,0.0,11.4,0.0,46.71353,16.112904
2026-04-04 21:00:00+00:00,422,3,0.0,12.0,0.0,46.22144,15.21531
2026-04-04 21:00:00+00:00,425,3,0.0,12.4,0.0,45.940243,15.546751
2026-04-04 21:00:00+00:00,426,3,0.0,11.2,0.0,45.51845,13.704866
2026-04-05 00:00:00+00:00,63,6,0.0,8.2,0.0,46.432335,14.134615
2026-04-05 00:00:00+00:00,63,24,0.0,6.6,0.0,46.432335,14.134615
2026-04-05 00:00:00+00:00,76,6,0.0,5.1,0.0,46.291737,14.233227
2026-04-05 00:00:00+00:00,76,24,0.0,5.1,0.0,46.291737,14.233227
2026-04-05 00:00:00+00:00,106,6,0.0,6.3,0.0,46.22144,14.354067
2026-04-05 00:00:00+00:00,106,24,0.0,5.0,0.0,46.22144,14.354067
2026-04-05 00:00:00+00:00,122,6,0.0,5.6,0.0,46.08084,14.45151
2026-04-05 00:00:00+00:00,122,24,0.0,4.4,0.0,46.08084,14.45151
2026-04-05 00:00:00+00:00,127,6,0.0,4.5,0.0,46.151142,14.474522
2026-04-05 00:00:00+00:00,127,24,0.0,2.7,0.0,46.151142,14.474522
2026-04-05 00:00:00+00:00,129,6,0.0,6.9,0.0,46.010544,14.571429
2026-04-05 00:00:00+00:00,129,24,0.0,6.7,0.0,46.010544,14.571429
2026-04-05 00:00:00+00:00,177,6,0.0,2.3,0.0,45.65905,14.88189
2026-04-05 00:00:00+00:00,177,24,0.0,3.1,0.0,45.65905,14.88189
2026-04-05 00:00:00+00:00,194,6,0.0,7.5,0.0,46.502636,15.024076
2026-04-05 00:00:00+00:00,194,24,0.0,5.8,0.0,46.502636,15.024076
2026-04-05 00:00:00+00:00,236,6,0.0,8.5,0.0,45.79965,15.213271
2026-04-05 00:00:00+00:00,236,24,0.0,6.9,0.0,45.79965,15.213271
2026-04-05 00:00:00+00:00,325,6,0.0,10.4,0.0,46.572933,15.62701
2026-04-05 00:00:00+00:00,325,24,0.0,10.7,0.0,46.572933,15.62701
2026-04-05 00:00:00+00:00,391,6,0.0,9.2,0.0,46.71353,16.112904
2026-04-05 00:00:00+00:00,391,24,0.0,8.1,0.0,46.71353,16.112904
2026-04-05 00:00:00+00:00,422,6,0.0,8.0,0.0,46.22144,15.21531
2026-04-05 00:00:00+00:00,422,24,0.0,7.3,0.0,46.22144,15.21531
2026-04-05 00:00:00+00:00,425,6,0.0,11.1,0.0,45.940243,15.546751
2026-04-05 00:00:00+00:00,425,24,0.0,6.1,0.0,45.940243,15.546751
2026-04-05 00:00:00+00:00,426,6,0.0,9.4,0.0,45.51845,13.704866
2026-04-05 00:00:00+00:00,426,24,0.0,8.5,0.0,45.51845,13.704866
2026-04-05 06:00:00+00:00,63,24,101.0,9.5,0.0,46.432335,14.134615
2026-04-05 06:00:00+00:00,76,24,99.0,6.8,0.0,46.291737,14.233227
2026-04-05 06:00:00+00:00,106,24,97.0,7.0,0.0,46.22144,14.354067
2026-04-05 06:00:00+00:00,122,24,95.0,5.4,0.0,46.08084,14.45151
2026-04-05 06:00:00+00:00,127,24,95.0,4.9,0.0,46.151142,14.474522
2026-04-05 06:00:00+00:00,129,24,97.0,6.0,0.0,46.010544,14.571429
2026-04-05 06:00:00+00:00,177,24,103.0,5.4,0.0,45.65905,14.88189
2026-04-05 06:00:00+00:00,194,24,106.0,9.2,0.0,46.502636,15.024076
2026-04-05 06:00:00+00:00,236,24,104.0,9.0,0.0,45.79965,15.213271
2026-04-05 06:00:00+00:00,325,24,109.0,10.1,0.0,46.572933,15.62701
2026-04-05 06:00:00+00:00,391,24,111.0,8.8,0.0,46.71353,16.112904
2026-04-05 06:00:00+00:00,422,24,105.0,7.5,0.0,46.22144,15.21531
2026-04-05 06:00:00+00:00,425,24,105.0,7.9,0.0,45.940243,15.546751
2026-04-05 06:00:00+00:00,426,24,87.0,11.0,0.0,45.51845,13.704866
2026-04-05 12:00:00+00:00,63,24,792.0,21.0,0.0,46.432335,14.134615
2026-04-05 12:00:00+00:00,76,24,786.0,20.9,0.0,46.291737,14.233227
2026-04-05 12:00:00+00:00,106,24,774.0,21.3,0.0,46.22144,14.354067
2026-04-05 12:00:00+00:00,122,24,768.0,21.9,0.0,46.08084,14.45151
2026-04-05 12:00:00+00:00,127,24,766.0,19.7,0.0,46.151142,14.474522
2026-04-05 12:00:00+00:00,129,24,771.0,21.5,0.0,46.010544,14.571429
2026-04-05 12:00:00+00:00,177,24,777.0,19.1,0.0,45.65905,14.88189
2026-04-05 12:00:00+00:00,194,24,776.0,21.3,0.0,46.502636,15.024076
2026-04-05 12:00:00+00:00,236,24,767.0,21.3,0.0,45.79965,15.213271
2026-04-05 12:00:00+00:00,325,24,765.0,22.2,0.0,46.572933,15.62701
2026-04-05 12:00:00+00:00,391,24,752.0,19.7,0.0,46.71353,16.112904
2026-04-05 12:00:00+00:00,422,24,766.0,21.6,0.0,46.22144,15.21531
2026-04-05 12:00:00+00:00,425,24,759.0,20.9,0.0,45.940243,15.546751
2026-04-05 12:00:00+00:00,426,24,767.0,18.7,0.0,45.51845,13.704866
2026-04-05 18:00:00+00:00,63,24,14.0,12.4,0.0,46.432335,14.134615
2026-04-05 18:00:00+00:00,76,24,13.0,12.9,0.0,46.291737,14.233227
2026-04-05 18:00:00+00:00,106,24,12.0,14.1,0.0,46.22144,14.354067
2026-04-05 18:00:00+00:00,122,24,11.0,15.7,0.0,46.08084,14.45151
2026-04-05 18:00:00+00:00,127,24,11.0,12.7,0.0,46.151142,14.474522
2026-04-05 18:00:00+00:00,129,24,11.0,14.1,0.0,46.010544,14.571429
2026-04-05 18:00:00+00:00,177,24,10.0,8.6,0.0,45.65905,14.88189
2026-04-05 18:00:00+00:00,194,24,10.0,15.0,0.0,46.502636,15.024076
2026-04-05 18:00:00+00:00,236,24,9.0,14.3,0.0,45.79965,15.213271
2026-04-05 18:00:00+00:00,325,24,8.0,17.3,0.0,46.572933,15.62701
2026-04-05 18:00:00+00:00,391,24,7.0,14.4,0.0,46.71353,16.112904
2026-04-05 18:00:00+00:00,422,24,9.0,16.8,0.0,46.22144,15.21531
2026-04-05 18:00:00+00:00,425,24,8.0,14.4,0.0,45.940243,15.546751
2026-04-05 18:00:00+00:00,426,24,13.0,14.4,0.0,45.51845,13.704866
2026-04-05 01:00:00+00:00,63,1,0.0,7.2,0.0,46.432335,14.134615
2026-04-05 01:00:00+00:00,76,1,0.0,5.3,0.0,46.291737,14.233227
2026-04-05 01:00:00+00:00,106,1,0.0,5.6,0.0,46.22144,14.354067
2026-04-05 01:00:00+00:00,122,1,0.0,4.5,0.0,46.08084,14.45151
2026-04-05 01:00:00+00:00,127,1,0.0,3.1,0.0,46.151142,14.474522
2026-04-05 01:00:00+00:00,129,1,0.0,6.2,0.0,46.010544,14.571429
2026-04-05 01:00:00+00:00,177,1,0.0,1.8,0.0,45.65905,14.88189
2026-04-05 01:00:00+00:00,194,1,0.0,6.9,0.0,46.502636,15.024076
2026-04-05 01:00:00+00:00,236,1,0.0,7.8,0.0,45.79965,15.213271
2026-04-05 01:00:00+00:00,325,1,0.0,10.3,0.0,46.572933,15.62701
2026-04-05 01:00:00+00:00,391,1,0.0,9.5,0.0,46.71353,16.112904
2026-04-05 01:00:00+00:00,422,1,0.0,7.1,0.0,46.22144,15.21531
2026-04-05 01:00:00+00:00,425,1,0.0,10.3,0.0,45.940243,15.546751
2026-04-05 01:00:00+00:00,426,1,0.0,9.2,0.0,45.51845,13.704866
2026-04-05 02:00:00+00:00,63,2,0.0,6.5,0.0,46.432335,14.134615
2026-04-05 02:00:00+00:00,76,2,0.0,5.0,0.0,46.291737,14.233227
2026-04-05 02:00:00+00:00,106,2,0.0,5.3,0.0,46.22144,14.354067
2026-04-05 02:00:00+00:00,122,2,0.0,4.2,0.0,46.08084,14.45151
2026-04-05 02:00:00+00:00,127,2,0.0,3.1,0.0,46.151142,14.474522
2026-04-05 02:00:00+00:00,129,2,0.0,5.4,0.0,46.010544,14.571429
2026-04-05 02:00:00+00:00,177,2,0.0,1.9,0.0,45.65905,14.88189
2026-04-05 02:00:00+00:00,194,2,0.0,6.3,0.0,46.502636,15.024076
2026-04-05 02:00:00+00:00,236,2,0.0,7.2,0.0,45.79965,15.213271
2026-04-05 02:00:00+00:00,325,2,0.0,10.4,0.0,46.572933,15.62701
2026-04-05 02:00:00+00:00,391,2,0.0,8.5,0.0,46.71353,16.112904
2026-04-05 02:00:00+00:00,422,2,0.0,6.5,0.0,46.22144,15.21531
2026-04-05 02:00:00+00:00,425,2,0.0,10.4,0.0,45.940243,15.546751
2026-04-05 02:00:00+00:00,426,2,0.0,8.7,0.0,45.51845,13.704866
2026-04-05 03:00:00+00:00,63,3,0.0,6.1,0.0,46.432335,14.134615
2026-04-05 03:00:00+00:00,76,3,0.0,4.9,0.0,46.291737,14.233227
2026-04-05 03:00:00+00:00,106,3,0.0,5.4,0.0,46.22144,14.354067
2026-04-05 03:00:00+00:00,122,3,0.0,4.3,0.0,46.08084,14.45151
2026-04-05 03:00:00+00:00,127,3,0.0,3.0,0.0,46.151142,14.474522
2026-04-05 03:00:00+00:00,129,3,0.0,4.4,0.0,46.010544,14.571429
2026-04-05 03:00:00+00:00,177,3,0.0,1.5,0.0,45.65905,14.88189
2026-04-05 03:00:00+00:00,194,3,0.0,6.0,0.0,46.502636,15.024076
2026-04-05 03:00:00+00:00,236,3,0.0,6.9,0.0,45.79965,15.213271
2026-04-05 03:00:00+00:00,325,3,0.0,8.9,0.0,46.572933,15.62701
2026-04-05 03:00:00+00:00,391,3,0.0,7.6,0.0,46.71353,16.112904
2026-04-05 03:00:00+00:00,422,3,0.0,6.1,0.0,46.22144,15.21531
2026-04-05 03:00:00+00:00,425,3,0.0,9.3,0.0,45.940243,15.546751
2026-04-05 03:00:00+00:00,426,3,0.0,7.1,0.0,45.51845,13.704866
2026-04-05 06:00:00+00:00,63,6,102.0,9.2,0.0,46.432335,14.134615
2026-04-05 06:00:00+00:00,76,6,100.0,7.4,0.0,46.291737,14.233227
2026-04-05 06:00:00+00:00,106,6,97.0,7.6,0.0,46.22144,14.354067
2026-04-05 06:00:00+00:00,122,6,96.0,6.2,0.0,46.08084,14.45151
2026-04-05 06:00:00+00:00,127,6,96.0,5.8,0.0,46.151142,14.474522
2026-04-05 06:00:00+00:00,129,6,98.0,6.3,0.0,46.010544,14.571429
2026-04-05 06:00:00+00:00,177,6,103.0,5.5,0.0,45.65905,14.88189
2026-04-05 06:00:00+00:00,194,6,106.0,8.7,0.0,46.502636,15.024076
2026-04-05 06:00:00+00:00,236,6,104.0,9.0,0.0,45.79965,15.213271
2026-04-05 06:00:00+00:00,325,6,109.0,11.0,0.0,46.572933,15.62701
2026-04-05 06:00:00+00:00,391,6,111.0,9.8,0.0,46.71353,16.112904
2026-04-05 06:00:00+00:00,422,6,105.0,8.2,0.0,46.22144,15.21531
2026-04-05 06:00:00+00:00,425,6,105.0,8.5,0.0,45.940243,15.546751
2026-04-05 06:00:00+00:00,426,6,87.0,10.2,0.0,45.51845,13.704866
2026-04-05 07:00:00+00:00,63,1,272.0,13.0,0.0,46.432335,14.134615
2026-04-05 07:00:00+00:00,76,1,271.0,11.8,0.0,46.291737,14.233227
2026-04-05 07:00:00+00:00,106,1,267.0,11.0,0.0,46.22144,14.354067
2026-04-05 07:00:00+00:00,122,1,264.0,9.7,0.0,46.08084,14.45151
2026-04-05 07:00:00+00:00,127,1,264.0,8.5,0.0,46.151142,14.474522
2026-04-05 07:00:00+00:00,129,1,268.0,8.9,0.0,46.010544,14.571429
2026-04-05 07:00:00+00:00,177,1,277.0,9.7,0.0,45.65905,14.88189
2026-04-05 07:00:00+00:00,194,1,278.0,12.9,0.0,46.502636,15.024076
2026-04-05 07:00:00+00:00,236,1,275.0,11.6,0.0,45.79965,15.213271
2026-04-05 07:00:00+00:00,325,1,280.0,14.8,0.0,46.572933,15.62701
2026-04-05 07:00:00+00:00,391,1,279.0,13.1,0.0,46.71353,16.112904
2026-04-05 07:00:00+00:00,422,1,276.0,11.8,0.0,46.22144,15.21531
2026-04-05 07:00:00+00:00,425,1,275.0,11.6,0.0,45.940243,15.546751
2026-04-05 07:00:00+00:00,426,1,253.0,14.2,0.0,45.51845,13.704866
2026-04-05 08:00:00+00:00,63,2,454.0,14.8,0.0,46.432335,14.134615
2026-04-05 08:00:00+00:00,76,2,450.0,14.1,0.0,46.291737,14.233227
2026-04-05 08:00:00+00:00,106,2,443.0,13.6,0.0,46.22144,14.354067
2026-04-05 08:00:00+00:00,122,2,439.0,12.6,0.0,46.08084,14.45151
2026-04-05 08:00:00+00:00,127,2,438.0,11.3,0.0,46.151142,14.474522
2026-04-05 08:00:00+00:00,129,2,443.0,11.6,0.0,46.010544,14.571429
2026-04-05 08:00:00+00:00,177,2,455.0,13.4,0.0,45.65905,14.88189
2026-04-05 08:00:00+00:00,194,2,452.0,14.6,0.0,46.502636,15.024076
2026-04-05 08:00:00+00:00,236,2,451.0,14.1,0.0,45.79965,15.213271
2026-04-05 08:00:00+00:00,325,2,453.0,16.8,0.0,46.572933,15.62701
2026-04-05 08:00:00+00:00,391,2,450.0,15.2,0.0,46.71353,16.112904
2026-04-05 08:00:00+00:00,422,2,449.0,14.9,0.0,46.22144,15.21531
2026-04-05 08:00:00+00:00,425,2,449.0,14.1,0.0,45.940243,15.546751
2026-04-05 08:00:00+00:00,426,2,431.0,16.2,0.0,45.51845,13.704866
2026-04-05 09:00:00+00:00,63,3,607.0,16.5,0.0,46.432335,14.134615
2026-04-05 09:00:00+00:00,76,3,604.0,16.3,0.0,46.291737,14.233227
2026-04-05 09:00:00+00:00,106,3,596.0,15.7,0.0,46.22144,14.354067
2026-04-05 09:00:00+00:00,122,3,591.0,15.1,0.0,46.08084,14.45151
2026-04-05 09:00:00+00:00,127,3,589.0,13.7,0.0,46.151142,14.474522
2026-04-05 09:00:00+00:00,129,3,595.0,14.2,0.0,46.010544,14.571429
2026-04-05 09:00:00+00:00,177,3,607.0,15.9,0.0,45.65905,14.88189
2026-04-05 09:00:00+00:00,194,3,603.0,16.5,0.0,46.502636,15.024076
2026-04-05 09:00:00+00:00,236,3,601.0,16.6,0.0,45.79965,15.213271
2026-04-05 09:00:00+00:00,325,3,600.0,18.6,0.0,46.572933,15.62701
2026-04-05 09:00:00+00:00,391,3,595.0,17.0,0.0,46.71353,16.112904
2026-04-05 09:00:00+00:00,422,3,599.0,17.4,0.0,46.22144,15.21531
2026-04-05 09:00:00+00:00,425,3,597.0,16.4,0.0,45.940243,15.546751
2026-04-05 09:00:00+00:00,426,3,582.0,17.0,0.0,45.51845,13.704866
2026-04-05 12:00:00+00:00,63,6,793.0,20.7,0.0,46.432335,14.134615
2026-04-05 12:00:00+00:00,76,6,788.0,20.9,0.0,46.291737,14.233227
2026-04-05 12:00:00+00:00,106,6,776.0,21.5,0.0,46.22144,14.354067
2026-04-05 12:00:00+00:00,122,6,770.0,22.1,0.0,46.08084,14.45151
2026-04-05 12:00:00+00:00,127,6,768.0,19.9,0.0,46.151142,14.474522
2026-04-05 12:00:00+00:00,129,6,773.0,21.4,0.0,46.010544,14.571429
2026-04-05 12:00:00+00:00,177,6,778.0,18.4,0.0,45.65905,14.88189
2026-04-05 12:00:00+00:00,194,6,777.0,21.4,0.0,46.502636,15.024076
2026-04-05 12:00:00+00:00,236,6,770.0,21.0,0.0,45.79965,15.213271
2026-04-05 12:00:00+00:00,325,6,767.0,22.6,0.0,46.572933,15.62701
2026-04-05 12:00:00+00:00,391,6,753.0,20.0,0.0,46.71353,16.112904
2026-04-05 12:00:00+00:00,422,6,772.0,21.7,0.0,46.22144,15.21531
2026-04-05 12:00:00+00:00,425,6,761.0,20.8,0.0,45.940243,15.546751
2026-04-05 12:00:00+00:00,426,6,769.0,18.7,0.0,45.51845,13.704866
2026-04-05 13:00:00+00:00,63,1,741.0,21.2,0.0,46.432335,14.134615
2026-04-05 13:00:00+00:00,76,1,737.0,21.6,0.0,46.291737,14.233227
2026-04-05 13:00:00+00:00,106,1,726.0,22.9,0.0,46.22144,14.354067
2026-04-05 13:00:00+00:00,122,1,721.0,23.5,0.0,46.08084,14.45151
2026-04-05 13:00:00+00:00,127,1,718.0,22.1,0.0,46.151142,14.474522
2026-04-05 13:00:00+00:00,129,1,723.0,22.4,0.0,46.010544,14.571429
2026-04-05 13:00:00+00:00,177,1,727.0,18.9,0.0,45.65905,14.88189
2026-04-05 13:00:00+00:00,194,1,728.0,22.8,0.0,46.502636,15.024076
2026-04-05 13:00:00+00:00,236,1,716.0,22.4,0.0,45.79965,15.213271
2026-04-05 13:00:00+00:00,325,1,714.0,23.2,0.0,46.572933,15.62701
2026-04-05 13:00:00+00:00,391,1,699.0,21.3,0.0,46.71353,16.112904
2026-04-05 13:00:00+00:00,422,1,721.0,22.9,0.0,46.22144,15.21531
2026-04-05 13:00:00+00:00,425,1,710.0,22.0,0.0,45.940243,15.546751
2026-04-05 13:00:00+00:00,426,1,721.0,18.9,0.0,45.51845,13.704866
2026-04-05 14:00:00+00:00,63,2,641.0,20.9,0.0,46.432335,14.134615
2026-04-05 14:00:00+00:00,76,2,635.0,21.0,0.0,46.291737,14.233227
2026-04-05 14:00:00+00:00,106,2,623.0,22.5,0.0,46.22144,14.354067
2026-04-05 14:00:00+00:00,122,2,617.0,22.9,0.0,46.08084,14.45151
2026-04-05 14:00:00+00:00,127,2,615.0,21.8,0.0,46.151142,14.474522
2026-04-05 14:00:00+00:00,129,2,620.0,21.8,0.0,46.010544,14.571429
2026-04-05 14:00:00+00:00,177,2,623.0,18.0,0.0,45.65905,14.88189
2026-04-05 14:00:00+00:00,194,2,621.0,22.8,0.0,46.502636,15.024076
2026-04-05 14:00:00+00:00,236,2,609.0,22.4,0.0,45.79965,15.213271
2026-04-05 14:00:00+00:00,325,2,603.0,23.0,0.0,46.572933,15.62701
2026-04-05 14:00:00+00:00,391,2,594.0,21.5,0.0,46.71353,16.112904
2026-04-05 14:00:00+00:00,422,2,615.0,23.3,0.0,46.22144,15.21531
2026-04-05 14:00:00+00:00,425,2,605.0,22.5,0.0,45.940243,15.546751
2026-04-05 14:00:00+00:00,426,2,621.0,18.9,0.0,45.51845,13.704866
2026-04-05 15:00:00+00:00,63,3,494.0,20.0,0.0,46.432335,14.134615
2026-04-05 15:00:00+00:00,76,3,490.0,20.0,0.0,46.291737,14.233227
2026-04-05 15:00:00+00:00,106,3,479.0,21.4,0.0,46.22144,14.354067
2026-04-05 15:00:00+00:00,122,3,473.0,22.0,0.0,46.08084,14.45151
2026-04-05 15:00:00+00:00,127,3,471.0,20.7,0.0,46.151142,14.474522
2026-04-05 15:00:00+00:00,129,3,475.0,20.9,0.0,46.010544,14.571429
2026-04-05 15:00:00+00:00,177,3,474.0,16.9,0.0,45.65905,14.88189
2026-04-05 15:00:00+00:00,194,3,472.0,22.5,0.0,46.502636,15.024076
2026-04-05 15:00:00+00:00,236,3,461.0,22.2,0.0,45.79965,15.213271
2026-04-05 15:00:00+00:00,325,3,458.0,22.4,0.0,46.572933,15.62701
2026-04-05 15:00:00+00:00,391,3,444.0,21.2,0.0,46.71353,16.112904
2026-04-05 15:00:00+00:00,422,3,466.0,23.2,0.0,46.22144,15.21531
2026-04-05 15:00:00+00:00,425,3,456.0,22.4,0.0,45.940243,15.546751
2026-04-05 15:00:00+00:00,426,3,478.0,18.3,0.0,45.51845,13.704866
2026-04-05 18:00:00+00:00,63,6,14.0,11.7,0.0,46.432335,14.134615
2026-04-05 18:00:00+00:00,76,6,13.0,12.5,0.0,46.291737,14.233227
2026-04-05 18:00:00+00:00,106,6,12.0,13.8,0.0,46.22144,14.354067
2026-04-05 18:00:00+00:00,122,6,11.0,15.5,0.0,46.08084,14.45151
2026-04-05 18:00:00+00:00,127,6,11.0,12.3,0.0,46.151142,14.474522
2026-04-05 18:00:00+00:00,129,6,11.0,14.0,0.0,46.010544,14.571429
2026-04-05 18:00:00+00:00,177,6,10.0,6.3,0.0,45.65905,14.88189
2026-04-05 18:00:00+00:00,194,6,10.0,14.5,0.0,46.502636,15.024076
2026-04-05 18:00:00+00:00,236,6,9.0,13.7,0.0,45.79965,15.213271
2026-04-05 18:00:00+00:00,325,6,8.0,17.0,0.0,46.572933,15.62701
2026-04-05 18:00:00+00:00,391,6,7.0,15.1,0.0,46.71353,16.112904
2026-04-05 18:00:00+00:00,422,6,9.0,16.2,0.0,46.22144,15.21531
2026-04-05 18:00:00+00:00,425,6,8.0,14.2,0.0,45.940243,15.546751
2026-04-05 18:00:00+00:00,426,6,14.0,14.2,0.0,45.51845,13.704866
2026-04-05 19:00:00+00:00,63,1,0.0,10.6,0.0,46.432335,14.134615
2026-04-05 19:00:00+00:00,76,1,0.0,12.1,0.0,46.291737,14.233227
2026-04-05 19:00:00+00:00,106,1,0.0,13.2,0.0,46.22144,14.354067
2026-04-05 19:00:00+00:00,122,1,0.0,14.8,0.0,46.08084,14.45151
2026-04-05 19:00:00+00:00,127,1,0.0,11.8,0.0,46.151142,14.474522
2026-04-05 19:00:00+00:00,129,1,0.0,13.3,0.0,46.010544,14.571429
2026-04-05 19:00:00+00:00,177,1,0.0,4.6,0.0,45.65905,14.88189
2026-04-05 19:00:00+00:00,194,1,0.0,13.3,0.0,46.502636,15.024076
2026-04-05 19:00:00+00:00,236,1,0.0,12.4,0.0,45.79965,15.213271
2026-04-05 19:00:00+00:00,325,1,0.0,16.6,0.0,46.572933,15.62701
2026-04-05 19:00:00+00:00,391,1,0.0,15.6,0.0,46.71353,16.112904
2026-04-05 19:00:00+00:00,422,1,0.0,16.3,0.0,46.22144,15.21531
2026-04-05 19:00:00+00:00,425,1,0.0,14.8,0.0,45.940243,15.546751
2026-04-05 19:00:00+00:00,426,1,0.0,14.2,0.0,45.51845,13.704866
2026-04-05 20:00:00+00:00,63,2,0.0,8.5,0.0,46.432335,14.134615
2026-04-05 20:00:00+00:00,76,2,0.0,11.0,0.0,46.291737,14.233227
2026-04-05 20:00:00+00:00,106,2,0.0,12.5,0.0,46.22144,14.354067
2026-04-05 20:00:00+00:00,122,2,0.0,13.1,0.0,46.08084,14.45151
2026-04-05 20:00:00+00:00,127,2,0.0,10.9,0.0,46.151142,14.474522
2026-04-05 20:00:00+00:00,129,2,0.0,11.2,0.0,46.010544,14.571429
2026-04-05 20:00:00+00:00,177,2,0.0,3.2,0.0,45.65905,14.88189
2026-04-05 20:00:00+00:00,194,2,0.0,11.0,0.0,46.502636,15.024076
2026-04-05 20:00:00+00:00,236,2,0.0,10.5,0.0,45.79965,15.213271
2026-04-05 20:00:00+00:00,325,2,0.0,15.4,0.0,46.572933,15.62701
2026-04-05 20:00:00+00:00,391,2,0.0,15.1,0.0,46.71353,16.112904
2026-04-05 20:00:00+00:00,422,2,0.0,15.2,0.0,46.22144,15.21531
2026-04-05 20:00:00+00:00,425,2,0.0,14.1,0.0,45.940243,15.546751
2026-04-05 20:00:00+00:00,426,2,0.0,12.4,0.0,45.51845,13.704866
2026-04-05 21:00:00+00:00,63,3,0.0,7.1,0.0,46.432335,14.134615
2026-04-05 21:00:00+00:00,76,3,0.0,9.7,0.0,46.291737,14.233227
2026-04-05 21:00:00+00:00,106,3,0.0,11.3,0.0,46.22144,14.354067
2026-04-05 21:00:00+00:00,122,3,0.0,11.4,0.0,46.08084,14.45151
2026-04-05 21:00:00+00:00,127,3,0.0,9.4,0.0,46.151142,14.474522
2026-04-05 21:00:00+00:00,129,3,0.0,10.2,0.0,46.010544,14.571429
2026-04-05 21:00:00+00:00,177,3,0.0,2.5,0.0,45.65905,14.88189
2026-04-05 21:00:00+00:00,194,3,0.0,9.1,0.0,46.502636,15.024076
2026-04-05 21:00:00+00:00,236,3,0.0,9.2,0.0,45.79965,15.213271
2026-04-05 21:00:00+00:00,325,3,0.0,14.5,0.0,46.572933,15.62701
2026-04-05 21:00:00+00:00,391,3,0.0,14.3,0.0,46.71353,16.112904
2026-04-05 21:00:00+00:00,422,3,0.0,14.1,0.0,46.22144,15.21531
2026-04-05 21:00:00+00:00,425,3,0.0,12.9,0.0,45.940243,15.546751
2026-04-05 21:00:00+00:00,426,3,0.0,11.8,0.0,45.51845,13.704866
2026-04-06 00:00:00+00:00,63,6,0.0,6.7,0.0,46.432335,14.134615
2026-04-06 00:00:00+00:00,63,24,0.0,8.3,0.0,46.432335,14.134615
2026-04-06 00:00:00+00:00,76,6,0.0,6.9,0.0,46.291737,14.233227
2026-04-06 00:00:00+00:00,76,24,0.0,6.8,0.0,46.291737,14.233227
2026-04-06 00:00:00+00:00,106,6,0.0,7.9,0.0,46.22144,14.354067
2026-04-06 00:00:00+00:00,106,24,0.0,7.2,0.0,46.22144,14.354067
2026-04-06 00:00:00+00:00,122,6,0.0,7.7,0.0,46.08084,14.45151
2026-04-06 00:00:00+00:00,122,24,0.0,6.8,0.0,46.08084,14.45151
2026-04-06 00:00:00+00:00,127,6,0.0,6.1,0.0,46.151142,14.474522
2026-04-06 00:00:00+00:00,127,24,0.0,5.3,0.0,46.151142,14.474522
2026-04-06 00:00:00+00:00,129,6,0.0,6.7,0.0,46.010544,14.571429
2026-04-06 00:00:00+00:00,129,24,0.0,6.1,0.0,46.010544,14.571429
2026-04-06 00:00:00+00:00,177,6,0.0,0.2,0.0,45.65905,14.88189
2026-04-06 00:00:00+00:00,177,24,0.0,1.1,0.0,45.65905,14.88189
2026-04-06 00:00:00+00:00,194,6,0.0,8.6,0.0,46.502636,15.024076
2026-04-06 00:00:00+00:00,194,24,0.0,8.9,0.0,46.502636,15.024076
2026-04-06 00:00:00+00:00,236,6,0.0,7.6,0.0,45.79965,15.213271
2026-04-06 00:00:00+00:00,236,24,0.0,7.6,0.0,45.79965,15.213271
2026-04-06 00:00:00+00:00,325,6,0.0,11.8,0.0,46.572933,15.62701
2026-04-06 00:00:00+00:00,325,24,0.0,11.9,0.0,46.572933,15.62701
2026-04-06 00:00:00+00:00,391,6,0.0,11.0,0.0,46.71353,16.112904
2026-04-06 00:00:00+00:00,391,24,0.0,9.1,0.0,46.71353,16.112904
2026-04-06 00:00:00+00:00,422,6,0.0,10.9,0.0,46.22144,15.21531
2026-04-06 00:00:00+00:00,422,24,0.0,9.8,0.0,46.22144,15.21531
2026-04-06 00:00:00+00:00,425,6,0.0,10.3,0.0,45.940243,15.546751
2026-04-06 00:00:00+00:00,425,24,0.0,9.7,0.0,45.940243,15.546751
2026-04-06 00:00:00+00:00,426,6,0.0,10.6,0.0,45.51845,13.704866
2026-04-06 00:00:00+00:00,426,24,0.0,10.5,0.0,45.51845,13.704866
2026-04-06 06:00:00+00:00,63,24,104.0,11.7,0.0,46.432335,14.134615
2026-04-06 06:00:00+00:00,76,24,102.0,9.4,0.0,46.291737,14.233227
2026-04-06 06:00:00+00:00,106,24,100.0,9.2,0.0,46.22144,14.354067
2026-04-06 06:00:00+00:00,122,24,99.0,6.9,0.0,46.08084,14.45151
2026-04-06 06:00:00+00:00,127,24,99.0,6.6,0.0,46.151142,14.474522
2026-04-06 06:00:00+00:00,129,24,100.0,6.8,0.0,46.010544,14.571429
2026-04-06 06:00:00+00:00,177,24,105.0,4.4,0.0,45.65905,14.88189
2026-04-06 06:00:00+00:00,194,24,105.0,10.1,0.0,46.502636,15.024076
2026-04-06 06:00:00+00:00,236,24,107.0,9.0,0.0,45.79965,15.213271
2026-04-06 06:00:00+00:00,325,24,82.0,14.0,0.0,46.572933,15.62701
2026-04-06 06:00:00+00:00,391,24,69.0,11.1,0.0,46.71353,16.112904
2026-04-06 06:00:00+00:00,422,24,106.0,9.2,0.0,46.22144,15.21531
2026-04-06 06:00:00+00:00,425,24,110.0,10.1,0.0,45.940243,15.546751
2026-04-06 06:00:00+00:00,426,24,91.0,12.7,0.0,45.51845,13.704866
2026-04-06 12:00:00+00:00,63,24,737.0,20.7,0.1,46.432335,14.134615
2026-04-06 12:00:00+00:00,76,24,727.0,20.0,0.0,46.291737,14.233227
2026-04-06 12:00:00+00:00,106,24,731.0,20.3,0.0,46.22144,14.354067
2026-04-06 12:00:00+00:00,122,24,752.0,21.7,0.0,46.08084,14.45151
2026-04-06 12:00:00+00:00,127,24,744.0,20.2,0.0,46.151142,14.474522
2026-04-06 12:00:00+00:00,129,24,764.0,20.9,0.0,46.010544,14.571429
2026-04-06 12:00:00+00:00,177,24,777.0,18.0,0.0,45.65905,14.88189
2026-04-06 12:00:00+00:00,194,24,710.0,20.7,0.0,46.502636,15.024076
2026-04-06 12:00:00+00:00,236,24,768.0,21.1,0.0,45.79965,15.213271
2026-04-06 12:00:00+00:00,325,24,701.0,19.4,0.0,46.572933,15.62701
2026-04-06 12:00:00+00:00,391,24,694.0,19.1,0.0,46.71353,16.112904
2026-04-06 12:00:00+00:00,422,24,750.0,21.0,0.0,46.22144,15.21531
2026-04-06 12:00:00+00:00,425,24,759.0,19.6,0.0,45.940243,15.546751
2026-04-06 12:00:00+00:00,426,24,765.0,18.6,0.0,45.51845,13.704866
2026-04-06 18:00:00+00:00,63,24,12.0,14.7,0.0,46.432335,14.134615
2026-04-06 18:00:00+00:00,76,24,12.0,14.7,0.0,46.291737,14.233227
2026-04-06 18:00:00+00:00,106,24,12.0,16.2,0.0,46.22144,14.354067
2026-04-06 18:00:00+00:00,122,24,12.0,15.7,0.0,46.08084,14.45151
2026-04-06 18:00:00+00:00,127,24,11.0,14.0,0.0,46.151142,14.474522
2026-04-06 18:00:00+00:00,129,24,12.0,14.2,0.0,46.010544,14.571429
2026-04-06 18:00:00+00:00,177,24,10.0,10.5,0.0,45.65905,14.88189
2026-04-06 18:00:00+00:00,194,24,10.0,13.9,0.0,46.502636,15.024076
2026-04-06 18:00:00+00:00,236,24,9.0,14.0,0.0,45.79965,15.213271
2026-04-06 18:00:00+00:00,325,24,8.0,15.4,0.0,46.572933,15.62701
2026-04-06 18:00:00+00:00,391,24,6.0,13.9,0.0,46.71353,16.112904
2026-04-06 18:00:00+00:00,422,24,10.0,14.7,0.0,46.22144,15.21531
2026-04-06 18:00:00+00:00,425,24,8.0,14.2,0.0,45.940243,15.546751
2026-04-06 18:00:00+00:00,426,24,14.0,14.8,0.0,45.51845,13.704866
2026-04-06 01:00:00+00:00,63,1,0.0,8.8,0.0,46.432335,14.134615
2026-04-06 01:00:00+00:00,76,1,0.0,8.5,0.0,46.291737,14.233227
2026-04-06 01:00:00+00:00,106,1,0.0,9.2,0.0,46.22144,14.354067
2026-04-06 01:00:00+00:00,122,1,0.0,8.6,0.0,46.08084,14.45151
2026-04-06 01:00:00+00:00,127,1,0.0,6.8,0.0,46.151142,14.474522
2026-04-06 01:00:00+00:00,129,1,0.0,7.5,0.0,46.010544,14.571429
2026-04-06 01:00:00+00:00,177,1,0.0,0.7,0.0,45.65905,14.88189
2026-04-06 01:00:00+00:00,194,1,0.0,9.6,0.0,46.502636,15.024076
2026-04-06 01:00:00+00:00,236,1,0.0,7.0,0.0,45.79965,15.213271
2026-04-06 01:00:00+00:00,325,1,0.0,12.9,0.0,46.572933,15.62701
2026-04-06 01:00:00+00:00,391,1,0.0,9.5,0.0,46.71353,16.112904
2026-04-06 01:00:00+00:00,422,1,0.0,11.2,0.0,46.22144,15.21531
2026-04-06 01:00:00+00:00,425,1,0.0,10.2,0.0,45.940243,15.546751
2026-04-06 01:00:00+00:00,426,1,0.0,10.3,0.0,45.51845,13.704866
2026-04-06 02:00:00+00:00,63,2,0.0,9.0,0.0,46.432335,14.134615
2026-04-06 02:00:00+00:00,76,2,0.0,8.2,0.0,46.291737,14.233227
2026-04-06 02:00:00+00:00,106,2,0.0,8.9,0.0,46.22144,14.354067
2026-04-06 02:00:00+00:00,122,2,0.0,8.3,0.0,46.08084,14.45151
2026-04-06 02:00:00+00:00,127,2,0.0,6.8,0.0,46.151142,14.474522
2026-04-06 02:00:00+00:00,129,2,0.0,6.8,0.0,46.010544,14.571429
2026-04-06 02:00:00+00:00,177,2,0.0,1.5,0.0,45.65905,14.88189
2026-04-06 02:00:00+00:00,194,2,0.0,9.9,0.0,46.502636,15.024076
2026-04-06 02:00:00+00:00,236,2,0.0,7.5,0.0,45.79965,15.213271
2026-04-06 02:00:00+00:00,325,2,0.0,13.7,0.0,46.572933,15.62701
2026-04-06 02:00:00+00:00,391,2,0.0,9.8,0.0,46.71353,16.112904
2026-04-06 02:00:00+00:00,422,2,0.0,11.1,0.0,46.22144,15.21531
2026-04-06 02:00:00+00:00,425,2,0.0,10.2,0.0,45.940243,15.546751
2026-04-06 02:00:00+00:00,426,2,0.0,10.7,0.0,45.51845,13.704866
2026-04-06 03:00:00+00:00,63,3,0.0,9.1,0.0,46.432335,14.134615
2026-04-06 03:00:00+00:00,76,3,0.0,7.1,0.0,46.291737,14.233227
2026-04-06 03:00:00+00:00,106,3,0.0,7.7,0.0,46.22144,14.354067
2026-04-06 03:00:00+00:00,122,3,0.0,8.1,0.0,46.08084,14.45151
2026-04-06 03:00:00+00:00,127,3,0.0,6.3,0.0,46.151142,14.474522
2026-04-06 03:00:00+00:00,129,3,0.0,7.2,0.0,46.010544,14.571429
2026-04-06 03:00:00+00:00,177,3,0.0,1.0,0.0,45.65905,14.88189
2026-04-06 03:00:00+00:00,194,3,0.0,9.1,0.0,46.502636,15.024076
2026-04-06 03:00:00+00:00,236,3,0.0,7.2,0.0,45.79965,15.213271
2026-04-06 03:00:00+00:00,325,3,0.0,12.8,0.0,46.572933,15.62701
2026-04-06 03:00:00+00:00,391,3,0.0,9.6,0.0,46.71353,16.112904
2026-04-06 03:00:00+00:00,422,3,0.0,10.8,0.0,46.22144,15.21531
2026-04-06 03:00:00+00:00,425,3,0.0,9.6,0.0,45.940243,15.546751
2026-04-06 03:00:00+00:00,426,3,0.0,10.9,0.0,45.51845,13.704866
2026-04-06 06:00:00+00:00,63,6,105.0,11.7,0.0,46.432335,14.134615
2026-04-06 06:00:00+00:00,76,6,97.0,9.9,0.0,46.291737,14.233227
2026-04-06 06:00:00+00:00,106,6,88.0,10.5,0.0,46.22144,14.354067
2026-04-06 06:00:00+00:00,122,6,92.0,8.6,0.0,46.08084,14.45151
2026-04-06 06:00:00+00:00,127,6,86.0,7.9,0.0,46.151142,14.474522
2026-04-06 06:00:00+00:00,129,6,99.0,8.6,0.0,46.010544,14.571429
2026-04-06 06:00:00+00:00,177,6,93.0,4.9,0.0,45.65905,14.88189
2026-04-06 06:00:00+00:00,194,6,107.0,11.1,0.0,46.502636,15.024076
2026-04-06 06:00:00+00:00,236,6,107.0,11.2,0.0,45.79965,15.213271
2026-04-06 06:00:00+00:00,325,6,68.0,14.2,0.0,46.572933,15.62701
2026-04-06 06:00:00+00:00,391,6,89.0,11.7,0.0,46.71353,16.112904
2026-04-06 06:00:00+00:00,422,6,104.0,10.5,0.0,46.22144,15.21531
2026-04-06 06:00:00+00:00,425,6,109.0,11.1,0.0,45.940243,15.546751
2026-04-06 06:00:00+00:00,426,6,80.0,13.2,0.0,45.51845,13.704866
2026-04-06 07:00:00+00:00,63,1,277.0,15.0,0.0,46.432335,14.134615
2026-04-06 07:00:00+00:00,76,1,272.0,15.2,0.0,46.291737,14.233227
2026-04-06 07:00:00+00:00,106,1,269.0,14.2,0.0,46.22144,14.354067
2026-04-06 07:00:00+00:00,122,1,269.0,11.1,0.0,46.08084,14.45151
2026-04-06 07:00:00+00:00,127,1,268.0,10.1,0.0,46.151142,14.474522
2026-04-06 07:00:00+00:00,129,1,272.0,11.1,0.0,46.010544,14.571429
2026-04-06 07:00:00+00:00,177,1,277.0,10.5,0.0,45.65905,14.88189
2026-04-06 07:00:00+00:00,194,1,244.0,13.8,0.0,46.502636,15.024076
2026-04-06 07:00:00+00:00,236,1,279.0,13.5,0.0,45.79965,15.213271
2026-04-06 07:00:00+00:00,325,1,94.0,15.1,0.0,46.572933,15.62701
2026-04-06 07:00:00+00:00,391,1,62.0,12.2,0.0,46.71353,16.112904
2026-04-06 07:00:00+00:00,422,1,275.0,13.6,0.0,46.22144,15.21531
2026-04-06 07:00:00+00:00,425,1,281.0,13.4,0.0,45.940243,15.546751
2026-04-06 07:00:00+00:00,426,1,255.0,15.4,0.0,45.51845,13.704866
2026-04-06 08:00:00+00:00,63,2,456.0,17.1,0.0,46.432335,14.134615
2026-04-06 08:00:00+00:00,76,2,448.0,18.1,0.0,46.291737,14.233227
2026-04-06 08:00:00+00:00,106,2,438.0,17.1,0.0,46.22144,14.354067
2026-04-06 08:00:00+00:00,122,2,436.0,14.9,0.0,46.08084,14.45151
2026-04-06 08:00:00+00:00,127,2,433.0,13.2,0.0,46.151142,14.474522
2026-04-06 08:00:00+00:00,129,2,442.0,14.6,0.0,46.010544,14.571429
2026-04-06 08:00:00+00:00,177,2,455.0,14.4,0.0,45.65905,14.88189
2026-04-06 08:00:00+00:00,194,2,456.0,17.1,0.0,46.502636,15.024076
2026-04-06 08:00:00+00:00,236,2,453.0,15.7,0.0,45.79965,15.213271
2026-04-06 08:00:00+00:00,325,2,321.0,17.9,0.0,46.572933,15.62701
2026-04-06 08:00:00+00:00,391,2,131.0,14.1,0.0,46.71353,16.112904
2026-04-06 08:00:00+00:00,422,2,458.0,17.0,0.0,46.22144,15.21531
2026-04-06 08:00:00+00:00,425,2,453.0,16.3,0.0,45.940243,15.546751
2026-04-06 08:00:00+00:00,426,2,429.0,16.9,0.0,45.51845,13.704866
2026-04-06 09:00:00+00:00,63,3,610.0,18.5,0.0,46.432335,14.134615
2026-04-06 09:00:00+00:00,76,3,604.0,19.8,0.0,46.291737,14.233227
2026-04-06 09:00:00+00:00,106,3,594.0,19.1,0.0,46.22144,14.354067
2026-04-06 09:00:00+00:00,122,3,590.0,18.1,0.0,46.08084,14.45151
2026-04-06 09:00:00+00:00,127,3,588.0,16.1,0.0,46.151142,14.474522
2026-04-06 09:00:00+00:00,129,3,594.0,17.8,0.0,46.010544,14.571429
2026-04-06 09:00:00+00:00,177,3,603.0,16.5,0.0,45.65905,14.88189
2026-04-06 09:00:00+00:00,194,3,605.0,19.5,0.0,46.502636,15.024076
2026-04-06 09:00:00+00:00,236,3,602.0,18.1,0.0,45.79965,15.213271
2026-04-06 09:00:00+00:00,325,3,605.0,19.2,0.0,46.572933,15.62701
2026-04-06 09:00:00+00:00,391,3,541.0,17.0,0.0,46.71353,16.112904
2026-04-06 09:00:00+00:00,422,3,598.0,19.3,0.0,46.22144,15.21531
2026-04-06 09:00:00+00:00,425,3,598.0,18.7,0.0,45.940243,15.546751
2026-04-06 09:00:00+00:00,426,3,577.0,17.7,0.0,45.51845,13.704866
2026-04-06 12:00:00+00:00,63,6,656.0,20.9,0.1,46.432335,14.134615
2026-04-06 12:00:00+00:00,76,6,659.0,21.0,0.0,46.291737,14.233227
2026-04-06 12:00:00+00:00,106,6,676.0,21.1,0.0,46.22144,14.354067
2026-04-06 12:00:00+00:00,122,6,706.0,22.4,0.0,46.08084,14.45151
2026-04-06 12:00:00+00:00,127,6,695.0,20.7,0.0,46.151142,14.474522
2026-04-06 12:00:00+00:00,129,6,731.0,21.7,0.0,46.010544,14.571429
2026-04-06 12:00:00+00:00,177,6,767.0,18.4,0.0,45.65905,14.88189
2026-04-06 12:00:00+00:00,194,6,642.0,21.1,0.2,46.502636,15.024076
2026-04-06 12:00:00+00:00,236,6,768.0,21.5,0.0,45.79965,15.213271
2026-04-06 12:00:00+00:00,325,6,666.0,19.8,0.0,46.572933,15.62701
2026-04-06 12:00:00+00:00,391,6,703.0,20.0,0.7,46.71353,16.112904
2026-04-06 12:00:00+00:00,422,6,670.0,21.9,0.0,46.22144,15.21531
2026-04-06 12:00:00+00:00,425,6,742.0,20.7,0.0,45.940243,15.546751
2026-04-06 12:00:00+00:00,426,6,766.0,19.1,0.0,45.51845,13.704866
2026-04-06 13:00:00+00:00,63,1,607.0,22.2,0.0,46.432335,14.134615
2026-04-06 13:00:00+00:00,76,1,618.0,22.9,0.0,46.291737,14.233227
2026-04-06 13:00:00+00:00,106,1,650.0,22.5,0.0,46.22144,14.354067
2026-04-06 13:00:00+00:00,122,1,601.0,23.6,0.0,46.08084,14.45151
2026-04-06 13:00:00+00:00,127,1,645.0,22.0,0.0,46.151142,14.474522
2026-04-06 13:00:00+00:00,129,1,577.0,22.4,0.0,46.010544,14.571429
2026-04-06 13:00:00+00:00,177,1,670.0,19.4,0.0,45.65905,14.88189
2026-04-06 13:00:00+00:00,194,1,422.0,22.9,0.0,46.502636,15.024076
2026-04-06 13:00:00+00:00,236,1,685.0,23.1,0.0,45.79965,15.213271
2026-04-06 13:00:00+00:00,325,1,648.0,21.0,0.1,46.572933,15.62701
2026-04-06 13:00:00+00:00,391,1,551.0,20.6,0.0,46.71353,16.112904
2026-04-06 13:00:00+00:00,422,1,627.0,23.7,0.0,46.22144,15.21531
2026-04-06 13:00:00+00:00,425,1,639.0,22.3,0.0,45.940243,15.546751
2026-04-06 13:00:00+00:00,426,1,721.0,18.9,0.0,45.51845,13.704866
2026-04-06 14:00:00+00:00,63,2,511.0,22.4,0.0,46.432335,14.134615
2026-04-06 14:00:00+00:00,76,2,511.0,22.9,0.0,46.291737,14.233227
2026-04-06 14:00:00+00:00,106,2,507.0,22.7,0.0,46.22144,14.354067
2026-04-06 14:00:00+00:00,122,2,470.0,23.4,0.0,46.08084,14.45151
2026-04-06 14:00:00+00:00,127,2,487.0,21.5,0.0,46.151142,14.474522
2026-04-06 14:00:00+00:00,129,2,493.0,21.9,0.0,46.010544,14.571429
2026-04-06 14:00:00+00:00,177,2,547.0,19.6,0.0,45.65905,14.88189
2026-04-06 14:00:00+00:00,194,2,419.0,22.4,0.0,46.502636,15.024076
2026-04-06 14:00:00+00:00,236,2,552.0,22.9,0.0,45.79965,15.213271
2026-04-06 14:00:00+00:00,325,2,517.0,20.8,0.0,46.572933,15.62701
2026-04-06 14:00:00+00:00,391,2,543.0,20.0,0.0,46.71353,16.112904
2026-04-06 14:00:00+00:00,422,2,571.0,24.0,0.0,46.22144,15.21531
2026-04-06 14:00:00+00:00,425,2,525.0,22.1,0.0,45.940243,15.546751
2026-04-06 14:00:00+00:00,426,2,620.0,19.2,0.0,45.51845,13.704866
2026-04-06 15:00:00+00:00,63,3,289.0,21.7,0.0,46.432335,14.134615
2026-04-06 15:00:00+00:00,76,3,344.0,21.8,0.0,46.291737,14.233227
2026-04-06 15:00:00+00:00,106,3,329.0,21.9,0.0,46.22144,14.354067
2026-04-06 15:00:00+00:00,122,3,331.0,23.0,0.0,46.08084,14.45151
2026-04-06 15:00:00+00:00,127,3,309.0,20.7,0.0,46.151142,14.474522
2026-04-06 15:00:00+00:00,129,3,376.0,21.6,0.0,46.010544,14.571429
2026-04-06 15:00:00+00:00,177,3,345.0,18.9,0.0,45.65905,14.88189
2026-04-06 15:00:00+00:00,194,3,298.0,22.3,0.0,46.502636,15.024076
2026-04-06 15:00:00+00:00,236,3,419.0,22.3,0.0,45.79965,15.213271
2026-04-06 15:00:00+00:00,325,3,367.0,20.5,0.0,46.572933,15.62701
2026-04-06 15:00:00+00:00,391,3,356.0,18.7,0.0,46.71353,16.112904
2026-04-06 15:00:00+00:00,422,3,408.0,23.1,0.0,46.22144,15.21531
2026-04-06 15:00:00+00:00,425,3,404.0,21.7,0.0,45.940243,15.546751
2026-04-06 15:00:00+00:00,426,3,475.0,18.5,0.0,45.51845,13.704866
2026-04-06 18:00:00+00:00,63,6,12.0,15.8,0.0,46.432335,14.134615
2026-04-06 18:00:00+00:00,76,6,12.0,15.8,0.0,46.291737,14.233227
2026-04-06 18:00:00+00:00,106,6,12.0,16.8,0.0,46.22144,14.354067
2026-04-06 18:00:00+00:00,122,6,12.0,16.6,0.0,46.08084,14.45151
2026-04-06 18:00:00+00:00,127,6,12.0,15.7,0.0,46.151142,14.474522
2026-04-06 18:00:00+00:00,129,6,12.0,14.1,0.0,46.010544,14.571429
2026-04-06 18:00:00+00:00,177,6,10.0,10.9,0.0,45.65905,14.88189
2026-04-06 18:00:00+00:00,194,6,9.0,14.8,0.0,46.502636,15.024076
2026-04-06 18:00:00+00:00,236,6,9.0,15.1,0.0,45.79965,15.213271
2026-04-06 18:00:00+00:00,325,6,7.0,14.9,0.8,46.572933,15.62701
2026-04-06 18:00:00+00:00,391,6,6.0,14.8,0.0,46.71353,16.112904
2026-04-06 18:00:00+00:00,422,6,7.0,17.0,0.0,46.22144,15.21531
2026-04-06 18:00:00+00:00,425,6,8.0,15.2,0.0,45.940243,15.546751
2026-04-06 18:00:00+00:00,426,6,14.0,15.0,0.0,45.51845,13.704866
2026-04-06 19:00:00+00:00,63,1,0.0,13.7,0.0,46.432335,14.134615
2026-04-06 19:00:00+00:00,76,1,0.0,14.1,0.0,46.291737,14.233227
2026-04-06 19:00:00+00:00,106,1,0.0,15.9,0.0,46.22144,14.354067
2026-04-06 19:00:00+00:00,122,1,0.0,17.0,0.0,46.08084,14.45151
2026-04-06 19:00:00+00:00,127,1,0.0,15.2,0.0,46.151142,14.474522
2026-04-06 19:00:00+00:00,129,1,0.0,14.5,0.0,46.010544,14.571429
2026-04-06 19:00:00+00:00,177,1,0.0,9.3,0.0,45.65905,14.88189
2026-04-06 19:00:00+00:00,194,1,0.0,14.9,0.0,46.502636,15.024076
2026-04-06 19:00:00+00:00,236,1,0.0,15.3,0.0,45.79965,15.213271
2026-04-06 19:00:00+00:00,325,1,0.0,15.5,0.0,46.572933,15.62701
2026-04-06 19:00:00+00:00,391,1,0.0,13.8,0.0,46.71353,16.112904
2026-04-06 19:00:00+00:00,422,1,0.0,17.1,0.0,46.22144,15.21531
2026-04-06 19:00:00+00:00,425,1,0.0,16.0,0.0,45.940243,15.546751
2026-04-06 19:00:00+00:00,426,1,0.0,15.2,0.0,45.51845,13.704866
2026-04-06 20:00:00+00:00,63,2,0.0,12.9,0.0,46.432335,14.134615
2026-04-06 20:00:00+00:00,76,2,0.0,12.4,0.0,46.291737,14.233227
2026-04-06 20:00:00+00:00,106,2,0.0,14.7,0.0,46.22144,14.354067
2026-04-06 20:00:00+00:00,122,2,0.0,14.5,0.0,46.08084,14.45151
2026-04-06 20:00:00+00:00,127,2,0.0,13.2,0.0,46.151142,14.474522
2026-04-06 20:00:00+00:00,129,2,0.0,12.7,0.0,46.010544,14.571429
2026-04-06 20:00:00+00:00,177,2,0.0,7.7,0.0,45.65905,14.88189
2026-04-06 20:00:00+00:00,194,2,0.0,13.1,0.0,46.502636,15.024076
2026-04-06 20:00:00+00:00,236,2,0.0,14.4,0.0,45.79965,15.213271
2026-04-06 20:00:00+00:00,325,2,0.0,13.6,0.0,46.572933,15.62701
2026-04-06 20:00:00+00:00,391,2,0.0,11.8,0.0,46.71353,16.112904
2026-04-06 20:00:00+00:00,422,2,0.0,15.3,0.0,46.22144,15.21531
2026-04-06 20:00:00+00:00,425,2,0.0,14.9,0.0,45.940243,15.546751
2026-04-06 20:00:00+00:00,426,2,0.0,13.6,0.0,45.51845,13.704866
2026-04-06 21:00:00+00:00,63,3,0.0,12.7,0.0,46.432335,14.134615
2026-04-06 21:00:00+00:00,76,3,0.0,10.5,0.0,46.291737,14.233227
2026-04-06 21:00:00+00:00,106,3,0.0,13.3,0.0,46.22144,14.354067
2026-04-06 21:00:00+00:00,122,3,0.0,12.6,0.0,46.08084,14.45151
2026-04-06 21:00:00+00:00,127,3,0.0,12.1,0.0,46.151142,14.474522
2026-04-06 21:00:00+00:00,129,3,0.0,11.8,0.0,46.010544,14.571429
2026-04-06 21:00:00+00:00,177,3,0.0,6.3,0.0,45.65905,14.88189
2026-04-06 21:00:00+00:00,194,3,0.0,12.3,0.0,46.502636,15.024076
2026-04-06 21:00:00+00:00,236,3,0.0,13.6,0.0,45.79965,15.213271
2026-04-06 21:00:00+00:00,325,3,0.0,12.7,0.0,46.572933,15.62701
2026-04-06 21:00:00+00:00,391,3,0.0,11.7,0.0,46.71353,16.112904
2026-04-06 21:00:00+00:00,422,3,0.0,14.7,0.0,46.22144,15.21531
2026-04-06 21:00:00+00:00,425,3,0.0,13.8,0.0,45.940243,15.546751
2026-04-06 21:00:00+00:00,426,3,0.0,12.3,0.0,45.51845,13.704866
2026-04-07 00:00:00+00:00,63,6,0.0,10.7,0.0,46.432335,14.134615
2026-04-07 00:00:00+00:00,63,24,0.0,9.4,0.0,46.432335,14.134615
2026-04-07 00:00:00+00:00,76,6,0.0,9.9,0.0,46.291737,14.233227
2026-04-07 00:00:00+00:00,76,24,0.0,9.4,0.0,46.291737,14.233227
2026-04-07 00:00:00+00:00,106,6,0.0,11.2,0.0,46.22144,14.354067
2026-04-07 00:00:00+00:00,106,24,0.0,11.1,0.0,46.22144,14.354067
2026-04-07 00:00:00+00:00,122,6,0.0,9.2,0.0,46.08084,14.45151
2026-04-07 00:00:00+00:00,122,24,0.0,9.7,0.0,46.08084,14.45151
2026-04-07 00:00:00+00:00,127,6,0.0,8.3,0.0,46.151142,14.474522
2026-04-07 00:00:00+00:00,127,24,0.0,8.8,0.0,46.151142,14.474522
2026-04-07 00:00:00+00:00,129,6,0.0,9.2,0.0,46.010544,14.571429
2026-04-07 00:00:00+00:00,129,24,0.0,9.3,0.0,46.010544,14.571429
2026-04-07 00:00:00+00:00,177,6,0.0,5.6,0.0,45.65905,14.88189
2026-04-07 00:00:00+00:00,177,24,0.0,6.1,0.0,45.65905,14.88189
2026-04-07 00:00:00+00:00,194,6,0.0,9.3,0.0,46.502636,15.024076
2026-04-07 00:00:00+00:00,194,24,0.0,10.5,0.0,46.502636,15.024076
2026-04-07 00:00:00+00:00,236,6,0.0,10.2,0.0,45.79965,15.213271
2026-04-07 00:00:00+00:00,236,24,0.0,8.8,0.0,45.79965,15.213271
2026-04-07 00:00:00+00:00,325,6,0.0,10.8,0.0,46.572933,15.62701
2026-04-07 00:00:00+00:00,325,24,0.0,12.3,0.4,46.572933,15.62701
2026-04-07 00:00:00+00:00,391,6,0.0,8.9,0.0,46.71353,16.112904
2026-04-07 00:00:00+00:00,391,24,0.0,8.9,0.0,46.71353,16.112904
2026-04-07 00:00:00+00:00,422,6,0.0,11.6,0.0,46.22144,15.21531
2026-04-07 00:00:00+00:00,422,24,0.0,10.9,0.0,46.22144,15.21531
2026-04-07 00:00:00+00:00,425,6,0.0,10.2,0.0,45.940243,15.546751
2026-04-07 00:00:00+00:00,425,24,0.0,10.1,0.0,45.940243,15.546751
2026-04-07 00:00:00+00:00,426,6,0.0,10.7,0.0,45.51845,13.704866
2026-04-07 00:00:00+00:00,426,24,0.0,10.4,0.0,45.51845,13.704866
2026-04-07 06:00:00+00:00,63,24,60.0,11.0,0.0,46.432335,14.134615
2026-04-07 06:00:00+00:00,76,24,82.0,9.9,0.0,46.291737,14.233227
2026-04-07 06:00:00+00:00,106,24,95.0,10.7,0.0,46.22144,14.354067
2026-04-07 06:00:00+00:00,122,24,100.0,9.0,0.0,46.08084,14.45151
2026-04-07 06:00:00+00:00,127,24,98.0,9.0,0.0,46.151142,14.474522
2026-04-07 06:00:00+00:00,129,24,100.0,8.4,0.0,46.010544,14.571429
2026-04-07 06:00:00+00:00,177,24,109.0,6.7,0.0,45.65905,14.88189
2026-04-07 06:00:00+00:00,194,24,53.0,11.0,0.0,46.502636,15.024076
2026-04-07 06:00:00+00:00,236,24,103.0,9.4,0.0,45.79965,15.213271
2026-04-07 06:00:00+00:00,325,24,50.0,10.3,0.0,46.572933,15.62701
2026-04-07 06:00:00+00:00,391,24,42.0,9.2,0.0,46.71353,16.112904
2026-04-07 06:00:00+00:00,422,24,75.0,11.3,0.0,46.22144,15.21531
2026-04-07 06:00:00+00:00,425,24,92.0,11.5,0.0,45.940243,15.546751
2026-04-07 06:00:00+00:00,426,24,93.0,10.8,0.0,45.51845,13.704866
2026-04-07 12:00:00+00:00,63,24,791.0,19.6,0.0,46.432335,14.134615
2026-04-07 12:00:00+00:00,76,24,788.0,18.5,0.0,46.291737,14.233227
2026-04-07 12:00:00+00:00,106,24,776.0,18.5,0.0,46.22144,14.354067
2026-04-07 12:00:00+00:00,122,24,768.0,19.5,0.0,46.08084,14.45151
2026-04-07 12:00:00+00:00,127,24,767.0,17.7,0.0,46.151142,14.474522
2026-04-07 12:00:00+00:00,129,24,770.0,19.1,0.0,46.010544,14.571429
2026-04-07 12:00:00+00:00,177,24,757.0,15.9,0.0,45.65905,14.88189
2026-04-07 12:00:00+00:00,194,24,731.0,19.6,0.0,46.502636,15.024076
2026-04-07 12:00:00+00:00,236,24,773.0,18.9,0.0,45.79965,15.213271
2026-04-07 12:00:00+00:00,325,24,759.0,17.1,0.0,46.572933,15.62701
2026-04-07 12:00:00+00:00,391,24,747.0,16.1,0.0,46.71353,16.112904
2026-04-07 12:00:00+00:00,422,24,773.0,19.4,0.0,46.22144,15.21531
2026-04-07 12:00:00+00:00,425,24,767.0,17.9,0.0,45.940243,15.546751
2026-04-07 12:00:00+00:00,426,24,764.0,19.4,0.0,45.51845,13.704866
2026-04-07 18:00:00+00:00,63,24,16.0,14.5,0.0,46.432335,14.134615
2026-04-07 18:00:00+00:00,76,24,15.0,14.9,0.0,46.291737,14.233227
2026-04-07 18:00:00+00:00,106,24,14.0,16.1,0.0,46.22144,14.354067
2026-04-07 18:00:00+00:00,122,24,13.0,17.4,0.0,46.08084,14.45151
2026-04-07 18:00:00+00:00,127,24,13.0,15.1,0.0,46.151142,14.474522
2026-04-07 18:00:00+00:00,129,24,13.0,15.6,0.0,46.010544,14.571429
2026-04-07 18:00:00+00:00,177,24,12.0,10.1,0.0,45.65905,14.88189
2026-04-07 18:00:00+00:00,194,24,12.0,13.3,0.0,46.502636,15.024076
2026-04-07 18:00:00+00:00,236,24,10.0,13.3,0.0,45.79965,15.213271
2026-04-07 18:00:00+00:00,325,24,10.0,13.7,0.0,46.572933,15.62701
2026-04-07 18:00:00+00:00,391,24,8.0,11.9,0.0,46.71353,16.112904
2026-04-07 18:00:00+00:00,422,24,11.0,14.4,0.0,46.22144,15.21531
2026-04-07 18:00:00+00:00,425,24,9.0,13.1,0.0,45.940243,15.546751
2026-04-07 18:00:00+00:00,426,24,15.0,14.8,0.0,45.51845,13.704866
2026-04-07 01:00:00+00:00,63,1,0.0,10.0,0.0,46.432335,14.134615
2026-04-07 01:00:00+00:00,76,1,0.0,9.4,0.0,46.291737,14.233227
2026-04-07 01:00:00+00:00,106,1,0.0,10.9,0.0,46.22144,14.354067
2026-04-07 01:00:00+00:00,122,1,0.0,9.0,0.0,46.08084,14.45151
2026-04-07 01:00:00+00:00,127,1,0.0,8.2,0.0,46.151142,14.474522
2026-04-07 01:00:00+00:00,129,1,0.0,9.3,0.0,46.010544,14.571429
2026-04-07 01:00:00+00:00,177,1,0.0,5.4,0.0,45.65905,14.88189
2026-04-07 01:00:00+00:00,194,1,0.0,8.9,0.0,46.502636,15.024076
2026-04-07 01:00:00+00:00,236,1,0.0,8.9,0.0,45.79965,15.213271
2026-04-07 01:00:00+00:00,325,1,0.0,9.7,0.0,46.572933,15.62701
2026-04-07 01:00:00+00:00,391,1,0.0,7.8,0.0,46.71353,16.112904
2026-04-07 01:00:00+00:00,422,1,0.0,10.5,0.0,46.22144,15.21531
2026-04-07 01:00:00+00:00,425,1,0.0,9.3,0.0,45.940243,15.546751
2026-04-07 01:00:00+00:00,426,1,0.0,11.1,0.0,45.51845,13.704866
2026-04-07 02:00:00+00:00,63,2,0.0,8.4,0.0,46.432335,14.134615
2026-04-07 02:00:00+00:00,76,2,0.0,8.9,0.0,46.291737,14.233227
2026-04-07 02:00:00+00:00,106,2,0.0,10.3,0.0,46.22144,14.354067
2026-04-07 02:00:00+00:00,122,2,0.0,8.6,0.0,46.08084,14.45151
2026-04-07 02:00:00+00:00,127,2,0.0,8.1,0.0,46.151142,14.474522
2026-04-07 02:00:00+00:00,129,2,0.0,8.7,0.0,46.010544,14.571429
2026-04-07 02:00:00+00:00,177,2,0.0,4.5,0.0,45.65905,14.88189
2026-04-07 02:00:00+00:00,194,2,0.0,8.8,0.0,46.502636,15.024076
2026-04-07 02:00:00+00:00,236,2,0.0,8.4,0.0,45.79965,15.213271
2026-04-07 02:00:00+00:00,325,2,0.0,9.1,0.0,46.572933,15.62701
2026-04-07 02:00:00+00:00,391,2,0.0,7.2,0.0,46.71353,16.112904
2026-04-07 02:00:00+00:00,422,2,0.0,9.5,0.0,46.22144,15.21531
2026-04-07 02:00:00+00:00,425,2,0.0,8.9,0.0,45.940243,15.546751
2026-04-07 02:00:00+00:00,426,2,0.0,10.3,0.0,45.51845,13.704866
2026-04-07 03:00:00+00:00,63,3,0.0,7.6,0.0,46.432335,14.134615
2026-04-07 03:00:00+00:00,76,3,0.0,8.1,0.0,46.291737,14.233227
2026-04-07 03:00:00+00:00,106,3,0.0,9.6,0.0,46.22144,14.354067
2026-04-07 03:00:00+00:00,122,3,0.0,8.2,0.0,46.08084,14.45151
2026-04-07 03:00:00+00:00,127,3,0.0,7.7,0.0,46.151142,14.474522
2026-04-07 03:00:00+00:00,129,3,0.0,8.0,0.0,46.010544,14.571429
2026-04-07 03:00:00+00:00,177,3,0.0,3.6,0.0,45.65905,14.88189
2026-04-07 03:00:00+00:00,194,3,0.0,8.2,0.0,46.502636,15.024076
2026-04-07 03:00:00+00:00,236,3,0.0,8.3,0.0,45.79965,15.213271
2026-04-07 03:00:00+00:00,325,3,0.0,8.6,0.0,46.572933,15.62701
2026-04-07 03:00:00+00:00,391,3,0.0,6.5,0.0,46.71353,16.112904
2026-04-07 03:00:00+00:00,422,3,0.0,9.0,0.0,46.22144,15.21531
2026-04-07 03:00:00+00:00,425,3,0.0,8.5,0.0,45.940243,15.546751
2026-04-07 03:00:00+00:00,426,3,0.0,10.1,0.0,45.51845,13.704866
2026-04-07 06:00:00+00:00,63,6,105.0,9.7,0.0,46.432335,14.134615
2026-04-07 06:00:00+00:00,76,6,102.0,9.2,0.0,46.291737,14.233227
2026-04-07 06:00:00+00:00,106,6,100.0,10.4,0.0,46.22144,14.354067
2026-04-07 06:00:00+00:00,122,6,101.0,9.1,0.0,46.08084,14.45151
2026-04-07 06:00:00+00:00,127,6,99.0,8.7,0.0,46.151142,14.474522
2026-04-07 06:00:00+00:00,129,6,105.0,8.4,0.0,46.010544,14.571429
2026-04-07 06:00:00+00:00,177,6,110.0,5.8,0.0,45.65905,14.88189
2026-04-07 06:00:00+00:00,194,6,106.0,9.7,0.0,46.502636,15.024076
2026-04-07 06:00:00+00:00,236,6,110.0,9.9,0.0,45.79965,15.213271
2026-04-07 06:00:00+00:00,325,6,115.0,10.1,0.0,46.572933,15.62701
2026-04-07 06:00:00+00:00,391,6,119.0,8.0,0.0,46.71353,16.112904
2026-04-07 06:00:00+00:00,422,6,111.0,10.1,0.0,46.22144,15.21531
2026-04-07 06:00:00+00:00,425,6,112.0,10.2,0.0,45.940243,15.546751
2026-04-07 06:00:00+00:00,426,6,94.0,11.0,0.0,45.51845,13.704866
2026-04-07 07:00:00+00:00,63,1,281.0,12.3,0.0,46.432335,14.134615
2026-04-07 07:00:00+00:00,76,1,277.0,11.6,0.0,46.291737,14.233227
2026-04-07 07:00:00+00:00,106,1,272.0,12.5,0.0,46.22144,14.354067
2026-04-07 07:00:00+00:00,122,1,271.0,11.5,0.0,46.08084,14.45151
2026-04-07 07:00:00+00:00,127,1,269.0,11.1,0.0,46.151142,14.474522
2026-04-07 07:00:00+00:00,129,1,275.0,11.0,0.0,46.010544,14.571429
2026-04-07 07:00:00+00:00,177,1,283.0,9.5,0.0,45.65905,14.88189
2026-04-07 07:00:00+00:00,194,1,278.0,12.3,0.0,46.502636,15.024076
2026-04-07 07:00:00+00:00,236,1,284.0,12.6,0.0,45.79965,15.213271
2026-04-07 07:00:00+00:00,325,1,280.0,11.4,0.0,46.572933,15.62701
2026-04-07 07:00:00+00:00,391,1,284.0,10.5,0.0,46.71353,16.112904
2026-04-07 07:00:00+00:00,422,1,280.0,12.0,0.0,46.22144,15.21531
2026-04-07 07:00:00+00:00,425,1,282.0,11.9,0.0,45.940243,15.546751
2026-04-07 07:00:00+00:00,426,1,260.0,15.4,0.0,45.51845,13.704866
2026-04-07 08:00:00+00:00,63,2,459.0,13.8,0.0,46.432335,14.134615
2026-04-07 08:00:00+00:00,76,2,451.0,12.9,0.0,46.291737,14.233227
2026-04-07 08:00:00+00:00,106,2,446.0,13.6,0.0,46.22144,14.354067
2026-04-07 08:00:00+00:00,122,2,445.0,13.9,0.0,46.08084,14.45151
2026-04-07 08:00:00+00:00,127,2,444.0,13.0,0.0,46.151142,14.474522
2026-04-07 08:00:00+00:00,129,2,449.0,13.4,0.0,46.010544,14.571429
2026-04-07 08:00:00+00:00,177,2,459.0,10.9,0.0,45.65905,14.88189
2026-04-07 08:00:00+00:00,194,2,454.0,14.0,0.0,46.502636,15.024076
2026-04-07 08:00:00+00:00,236,2,457.0,14.7,0.0,45.79965,15.213271
2026-04-07 08:00:00+00:00,325,2,457.0,12.7,0.0,46.572933,15.62701
2026-04-07 08:00:00+00:00,391,2,460.0,12.2,0.0,46.71353,16.112904
2026-04-07 08:00:00+00:00,422,2,455.0,13.8,0.0,46.22144,15.21531
2026-04-07 08:00:00+00:00,425,2,455.0,13.6,0.0,45.940243,15.546751
2026-04-07 08:00:00+00:00,426,2,434.0,18.5,0.0,45.51845,13.704866
2026-04-07 09:00:00+00:00,63,3,612.0,15.2,0.0,46.432335,14.134615
2026-04-07 09:00:00+00:00,76,3,605.0,14.1,0.0,46.291737,14.233227
2026-04-07 09:00:00+00:00,106,3,599.0,14.8,0.0,46.22144,14.354067
2026-04-07 09:00:00+00:00,122,3,594.0,15.7,0.0,46.08084,14.45151
2026-04-07 09:00:00+00:00,127,3,594.0,14.4,0.0,46.151142,14.474522
2026-04-07 09:00:00+00:00,129,3,598.0,15.0,0.0,46.010544,14.571429
2026-04-07 09:00:00+00:00,177,3,609.0,12.2,0.0,45.65905,14.88189
2026-04-07 09:00:00+00:00,194,3,610.0,15.4,0.0,46.502636,15.024076
2026-04-07 09:00:00+00:00,236,3,607.0,16.1,0.0,45.79965,15.213271
2026-04-07 09:00:00+00:00,325,3,610.0,14.1,0.0,46.572933,15.62701
2026-04-07 09:00:00+00:00,391,3,608.0,13.3,0.0,46.71353,16.112904
2026-04-07 09:00:00+00:00,422,3,605.0,15.4,0.0,46.22144,15.21531
2026-04-07 09:00:00+00:00,425,3,604.0,15.0,0.0,45.940243,15.546751
2026-04-07 09:00:00+00:00,426,3,585.0,20.2,0.0,45.51845,13.704866
2026-04-07 12:00:00+00:00,63,6,792.0,19.6,0.0,46.432335,14.134615
2026-04-07 12:00:00+00:00,76,6,786.0,18.2,0.0,46.291737,14.233227
2026-04-07 12:00:00+00:00,106,6,776.0,18.4,0.0,46.22144,14.354067
2026-04-07 12:00:00+00:00,122,6,769.0,19.4,0.0,46.08084,14.45151
2026-04-07 12:00:00+00:00,127,6,768.0,17.5,0.0,46.151142,14.474522
2026-04-07 12:00:00+00:00,129,6,771.0,18.8,0.0,46.010544,14.571429
2026-04-07 12:00:00+00:00,177,6,780.0,15.7,0.0,45.65905,14.88189
2026-04-07 12:00:00+00:00,194,6,751.0,19.2,0.0,46.502636,15.024076
2026-04-07 12:00:00+00:00,236,6,773.0,18.7,0.0,45.79965,15.213271
2026-04-07 12:00:00+00:00,325,6,765.0,17.8,0.0,46.572933,15.62701
2026-04-07 12:00:00+00:00,391,6,754.0,16.7,0.0,46.71353,16.112904
2026-04-07 12:00:00+00:00,422,6,772.0,19.3,0.0,46.22144,15.21531
2026-04-07 12:00:00+00:00,425,6,767.0,17.7,0.0,45.940243,15.546751
2026-04-07 12:00:00+00:00,426,6,765.0,20.1,0.0,45.51845,13.704866
2026-04-07 13:00:00+00:00,63,1,737.0,20.5,0.0,46.432335,14.134615
2026-04-07 13:00:00+00:00,76,1,732.0,20.4,0.0,46.291737,14.233227
2026-04-07 13:00:00+00:00,106,1,719.0,20.4,0.0,46.22144,14.354067
2026-04-07 13:00:00+00:00,122,1,716.0,20.7,0.0,46.08084,14.45151
2026-04-07 13:00:00+00:00,127,1,714.0,19.2,0.0,46.151142,14.474522
2026-04-07 13:00:00+00:00,129,1,720.0,20.2,0.0,46.010544,14.571429
2026-04-07 13:00:00+00:00,177,1,726.0,17.3,0.0,45.65905,14.88189
2026-04-07 13:00:00+00:00,194,1,707.0,21.1,0.0,46.502636,15.024076
2026-04-07 13:00:00+00:00,236,1,721.0,19.7,0.0,45.79965,15.213271
2026-04-07 13:00:00+00:00,325,1,706.0,19.4,0.0,46.572933,15.62701
2026-04-07 13:00:00+00:00,391,1,701.0,18.2,0.0,46.71353,16.112904
2026-04-07 13:00:00+00:00,422,1,716.0,20.9,0.0,46.22144,15.21531
2026-04-07 13:00:00+00:00,425,1,713.0,19.6,0.0,45.940243,15.546751
2026-04-07 13:00:00+00:00,426,1,719.0,20.1,0.0,45.51845,13.704866
2026-04-07 14:00:00+00:00,63,2,614.0,21.5,0.0,46.432335,14.134615
2026-04-07 14:00:00+00:00,76,2,616.0,21.2,0.0,46.291737,14.233227
2026-04-07 14:00:00+00:00,106,2,612.0,21.4,0.0,46.22144,14.354067
2026-04-07 14:00:00+00:00,122,2,615.0,21.3,0.0,46.08084,14.45151
2026-04-07 14:00:00+00:00,127,2,611.0,19.8,0.0,46.151142,14.474522
2026-04-07 14:00:00+00:00,129,2,617.0,20.6,0.0,46.010544,14.571429
2026-04-07 14:00:00+00:00,177,2,613.0,17.8,0.0,45.65905,14.88189
2026-04-07 14:00:00+00:00,194,2,580.0,21.2,0.0,46.502636,15.024076
2026-04-07 14:00:00+00:00,236,2,614.0,20.3,0.0,45.79965,15.213271
2026-04-07 14:00:00+00:00,325,2,603.0,19.5,0.0,46.572933,15.62701
2026-04-07 14:00:00+00:00,391,2,599.0,18.6,0.0,46.71353,16.112904
2026-04-07 14:00:00+00:00,422,2,607.0,21.5,0.0,46.22144,15.21531
2026-04-07 14:00:00+00:00,425,2,605.0,20.3,0.0,45.940243,15.546751
2026-04-07 14:00:00+00:00,426,2,620.0,19.5,0.0,45.51845,13.704866
2026-04-07 15:00:00+00:00,63,3,413.0,21.8,0.0,46.432335,14.134615
2026-04-07 15:00:00+00:00,76,3,428.0,21.1,0.0,46.291737,14.233227
2026-04-07 15:00:00+00:00,106,3,451.0,21.6,0.0,46.22144,14.354067
2026-04-07 15:00:00+00:00,122,3,462.0,21.8,0.0,46.08084,14.45151
2026-04-07 15:00:00+00:00,127,3,464.0,19.9,0.0,46.151142,14.474522
2026-04-07 15:00:00+00:00,129,3,463.0,20.8,0.0,46.010544,14.571429
2026-04-07 15:00:00+00:00,177,3,462.0,17.6,0.0,45.65905,14.88189
2026-04-07 15:00:00+00:00,194,3,416.0,20.9,0.0,46.502636,15.024076
2026-04-07 15:00:00+00:00,236,3,466.0,20.5,0.0,45.79965,15.213271
2026-04-07 15:00:00+00:00,325,3,458.0,19.1,0.0,46.572933,15.62701
2026-04-07 15:00:00+00:00,391,3,452.0,18.4,0.0,46.71353,16.112904
2026-04-07 15:00:00+00:00,422,3,456.0,21.6,0.0,46.22144,15.21531
2026-04-07 15:00:00+00:00,425,3,455.0,20.4,0.0,45.940243,15.546751
2026-04-07 15:00:00+00:00,426,3,479.0,19.2,0.0,45.51845,13.704866
2026-04-07 18:00:00+00:00,63,6,16.0,14.3,0.0,46.432335,14.134615
2026-04-07 18:00:00+00:00,76,6,15.0,14.4,0.0,46.291737,14.233227
2026-04-07 18:00:00+00:00,106,6,14.0,17.1,0.0,46.22144,14.354067
2026-04-07 18:00:00+00:00,122,6,13.0,18.0,0.0,46.08084,14.45151
2026-04-07 18:00:00+00:00,127,6,13.0,14.9,0.0,46.151142,14.474522
2026-04-07 18:00:00+00:00,129,6,13.0,16.2,0.0,46.010544,14.571429
2026-04-07 18:00:00+00:00,177,6,12.0,10.5,0.0,45.65905,14.88189
2026-04-07 18:00:00+00:00,194,6,12.0,13.5,0.0,46.502636,15.024076
2026-04-07 18:00:00+00:00,236,6,10.0,13.7,0.0,45.79965,15.213271
2026-04-07 18:00:00+00:00,325,6,10.0,14.1,0.0,46.572933,15.62701
2026-04-07 18:00:00+00:00,391,6,8.0,11.7,0.0,46.71353,16.112904
2026-04-07 18:00:00+00:00,422,6,11.0,14.7,0.0,46.22144,15.21531
2026-04-07 18:00:00+00:00,425,6,9.0,13.6,0.0,45.940243,15.546751
2026-04-07 18:00:00+00:00,426,6,15.0,15.5,0.0,45.51845,13.704866
2026-04-07 19:00:00+00:00,63,1,0.0,12.3,0.0,46.432335,14.134615
2026-04-07 19:00:00+00:00,76,1,0.0,13.2,0.0,46.291737,14.233227
2026-04-07 19:00:00+00:00,106,1,0.0,15.6,0.0,46.22144,14.354067
2026-04-07 19:00:00+00:00,122,1,0.0,17.0,0.0,46.08084,14.45151
2026-04-07 19:00:00+00:00,127,1,0.0,14.4,0.0,46.151142,14.474522
2026-04-07 19:00:00+00:00,129,1,0.0,14.3,0.0,46.010544,14.571429
2026-04-07 19:00:00+00:00,177,1,0.0,9.6,0.0,45.65905,14.88189
2026-04-07 19:00:00+00:00,194,1,0.0,12.7,0.0,46.502636,15.024076
2026-04-07 19:00:00+00:00,236,1,0.0,13.6,0.0,45.79965,15.213271
2026-04-07 19:00:00+00:00,325,1,0.0,14.3,0.0,46.572933,15.62701
2026-04-07 19:00:00+00:00,391,1,0.0,13.1,0.0,46.71353,16.112904
2026-04-07 19:00:00+00:00,422,1,0.0,14.0,0.0,46.22144,15.21531
2026-04-07 19:00:00+00:00,425,1,0.0,13.9,0.0,45.940243,15.546751
2026-04-07 19:00:00+00:00,426,1,0.0,15.3,0.0,45.51845,13.704866
2026-04-07 20:00:00+00:00,63,2,0.0,11.9,0.0,46.432335,14.134615
2026-04-07 20:00:00+00:00,76,2,0.0,11.8,0.0,46.291737,14.233227
2026-04-07 20:00:00+00:00,106,2,0.0,13.1,0.0,46.22144,14.354067
2026-04-07 20:00:00+00:00,122,2,0.0,14.8,0.0,46.08084,14.45151
2026-04-07 20:00:00+00:00,127,2,0.0,13.4,0.0,46.151142,14.474522
2026-04-07 20:00:00+00:00,129,2,0.0,13.2,0.0,46.010544,14.571429
2026-04-07 20:00:00+00:00,177,2,0.0,9.2,0.0,45.65905,14.88189
2026-04-07 20:00:00+00:00,194,2,0.0,12.0,0.0,46.502636,15.024076
2026-04-07 20:00:00+00:00,236,2,0.0,13.0,0.0,45.79965,15.213271
2026-04-07 20:00:00+00:00,325,2,0.0,12.4,0.0,46.572933,15.62701
2026-04-07 20:00:00+00:00,391,2,0.0,12.7,0.0,46.71353,16.112904
2026-04-07 20:00:00+00:00,422,2,0.0,12.8,0.0,46.22144,15.21531
2026-04-07 20:00:00+00:00,425,2,0.0,12.8,0.0,45.940243,15.546751
2026-04-07 20:00:00+00:00,426,2,0.0,14.2,0.0,45.51845,13.704866
2026-04-07 21:00:00+00:00,63,3,0.0,11.7,0.0,46.432335,14.134615
2026-04-07 21:00:00+00:00,76,3,0.0,10.5,0.0,46.291737,14.233227
2026-04-07 21:00:00+00:00,106,3,0.0,11.2,0.0,46.22144,14.354067
2026-04-07 21:00:00+00:00,122,3,0.0,13.9,0.0,46.08084,14.45151
2026-04-07 21:00:00+00:00,127,3,0.0,11.3,0.0,46.151142,14.474522
2026-04-07 21:00:00+00:00,129,3,0.0,12.3,0.0,46.010544,14.571429
2026-04-07 21:00:00+00:00,177,3,0.0,7.8,0.0,45.65905,14.88189
2026-04-07 21:00:00+00:00,194,3,0.0,11.5,0.0,46.502636,15.024076
2026-04-07 21:00:00+00:00,236,3,0.0,11.2,0.0,45.79965,15.213271
2026-04-07 21:00:00+00:00,325,3,0.0,11.8,0.0,46.572933,15.62701
2026-04-07 21:00:00+00:00,391,3,0.0,12.1,0.0,46.71353,16.112904
2026-04-07 21:00:00+00:00,422,3,0.0,13.0,0.0,46.22144,15.21531
2026-04-07 21:00:00+00:00,425,3,0.0,12.9,0.0,45.940243,15.546751
2026-04-07 21:00:00+00:00,426,3,0.0,13.2,0.0,45.51845,13.704866
2026-04-08 00:00:00+00:00,63,6,0.0,10.2,0.0,46.432335,14.134615
2026-04-08 00:00:00+00:00,63,24,0.0,7.7,0.0,46.432335,14.134615
2026-04-08 00:00:00+00:00,76,6,0.0,7.6,0.0,46.291737,14.233227
2026-04-08 00:00:00+00:00,76,24,0.0,5.6,0.0,46.291737,14.233227
2026-04-08 00:00:00+00:00,106,6,0.0,8.7,0.0,46.22144,14.354067
2026-04-08 00:00:00+00:00,106,24,0.0,7.0,0.0,46.22144,14.354067
2026-04-08 00:00:00+00:00,122,6,0.0,12.1,0.0,46.08084,14.45151
2026-04-08 00:00:00+00:00,122,24,0.0,9.6,0.0,46.08084,14.45151
2026-04-08 00:00:00+00:00,127,6,0.0,8.9,0.0,46.151142,14.474522
2026-04-08 00:00:00+00:00,127,24,0.0,7.4,0.0,46.151142,14.474522
2026-04-08 00:00:00+00:00,129,6,0.0,10.4,0.0,46.010544,14.571429
2026-04-08 00:00:00+00:00,129,24,0.0,10.5,0.0,46.010544,14.571429
2026-04-08 00:00:00+00:00,177,6,0.0,4.9,0.0,45.65905,14.88189
2026-04-08 00:00:00+00:00,177,24,0.0,5.4,0.0,45.65905,14.88189
2026-04-08 00:00:00+00:00,194,6,0.0,8.6,0.0,46.502636,15.024076
2026-04-08 00:00:00+00:00,194,24,0.0,8.3,0.0,46.502636,15.024076
2026-04-08 00:00:00+00:00,236,6,0.0,10.9,0.0,45.79965,15.213271
2026-04-08 00:00:00+00:00,236,24,0.0,10.0,0.0,45.79965,15.213271
2026-04-08 00:00:00+00:00,325,6,0.0,9.0,0.0,46.572933,15.62701
2026-04-08 00:00:00+00:00,325,24,0.0,7.7,0.0,46.572933,15.62701
2026-04-08 00:00:00+00:00,391,6,0.0,8.8,0.0,46.71353,16.112904
2026-04-08 00:00:00+00:00,391,24,0.0,8.7,0.0,46.71353,16.112904
2026-04-08 00:00:00+00:00,422,6,0.0,10.4,0.0,46.22144,15.21531
2026-04-08 00:00:00+00:00,422,24,0.0,9.3,0.0,46.22144,15.21531
2026-04-08 00:00:00+00:00,425,6,0.0,10.5,0.0,45.940243,15.546751
2026-04-08 00:00:00+00:00,425,24,0.0,9.2,0.0,45.940243,15.546751
2026-04-08 00:00:00+00:00,426,6,0.0,10.4,0.0,45.51845,13.704866
2026-04-08 00:00:00+00:00,426,24,0.0,10.5,0.0,45.51845,13.704866
2026-04-08 06:00:00+00:00,63,24,115.0,5.9,0.0,46.432335,14.134615
2026-04-08 06:00:00+00:00,76,24,111.0,5.4,0.0,46.291737,14.233227
2026-04-08 06:00:00+00:00,106,24,109.0,6.8,0.0,46.22144,14.354067
2026-04-08 06:00:00+00:00,122,24,108.0,7.6,0.0,46.08084,14.45151
2026-04-08 06:00:00+00:00,127,24,108.0,6.8,0.0,46.151142,14.474522
2026-04-08 06:00:00+00:00,129,24,112.0,6.8,0.0,46.010544,14.571429
2026-04-08 06:00:00+00:00,177,24,117.0,3.8,0.0,45.65905,14.88189
2026-04-08 06:00:00+00:00,194,24,121.0,6.7,0.0,46.502636,15.024076
2026-04-08 06:00:00+00:00,236,24,119.0,7.8,0.0,45.79965,15.213271
2026-04-08 06:00:00+00:00,325,24,128.0,7.2,0.0,46.572933,15.62701
2026-04-08 06:00:00+00:00,391,24,133.0,6.5,0.0,46.71353,16.112904
2026-04-08 06:00:00+00:00,422,24,120.0,7.0,0.0,46.22144,15.21531
2026-04-08 06:00:00+00:00,425,24,121.0,7.4,0.0,45.940243,15.546751
2026-04-08 06:00:00+00:00,426,24,99.0,11.7,0.0,45.51845,13.704866
2026-04-08 12:00:00+00:00,63,24,803.0,15.2,0.0,46.432335,14.134615
2026-04-08 12:00:00+00:00,76,24,802.0,13.3,0.0,46.291737,14.233227
2026-04-08 12:00:00+00:00,106,24,793.0,13.5,0.0,46.22144,14.354067
2026-04-08 12:00:00+00:00,122,24,788.0,15.0,0.0,46.08084,14.45151
2026-04-08 12:00:00+00:00,127,24,784.0,13.2,0.0,46.151142,14.474522
2026-04-08 12:00:00+00:00,129,24,790.0,13.9,0.0,46.010544,14.571429
2026-04-08 12:00:00+00:00,177,24,806.0,10.6,0.0,45.65905,14.88189
2026-04-08 12:00:00+00:00,194,24,794.0,14.6,0.0,46.502636,15.024076
2026-04-08 12:00:00+00:00,236,24,798.0,14.6,0.0,45.79965,15.213271
2026-04-08 12:00:00+00:00,325,24,801.0,13.9,0.0,46.572933,15.62701
2026-04-08 12:00:00+00:00,391,24,793.0,13.6,0.0,46.71353,16.112904
2026-04-08 12:00:00+00:00,422,24,790.0,14.3,0.0,46.22144,15.21531
2026-04-08 12:00:00+00:00,425,24,794.0,13.7,0.0,45.940243,15.546751
2026-04-08 12:00:00+00:00,426,24,782.0,21.0,0.0,45.51845,13.704866
2026-04-08 18:00:00+00:00,63,24,17.0,9.3,0.0,46.432335,14.134615
2026-04-08 18:00:00+00:00,76,24,16.0,8.9,0.0,46.291737,14.233227
2026-04-08 18:00:00+00:00,106,24,15.0,10.1,0.0,46.22144,14.354067
2026-04-08 18:00:00+00:00,122,24,14.0,11.5,0.0,46.08084,14.45151
2026-04-08 18:00:00+00:00,127,24,14.0,9.0,0.0,46.151142,14.474522
2026-04-08 18:00:00+00:00,129,24,14.0,10.0,0.0,46.010544,14.571429
2026-04-08 18:00:00+00:00,177,24,13.0,5.5,0.0,45.65905,14.88189
2026-04-08 18:00:00+00:00,194,24,14.0,9.5,0.0,46.502636,15.024076
2026-04-08 18:00:00+00:00,236,24,12.0,9.4,0.0,45.79965,15.213271
2026-04-08 18:00:00+00:00,325,24,11.0,10.2,0.0,46.572933,15.62701
2026-04-08 18:00:00+00:00,391,24,10.0,8.3,0.0,46.71353,16.112904
2026-04-08 18:00:00+00:00,422,24,12.0,10.7,0.0,46.22144,15.21531
2026-04-08 18:00:00+00:00,425,24,11.0,9.5,0.0,45.940243,15.546751
2026-04-08 18:00:00+00:00,426,24,17.0,13.6,0.0,45.51845,13.704866
2026-04-08 01:00:00+00:00,63,1,0.0,9.2,0.0,46.432335,14.134615
2026-04-08 01:00:00+00:00,76,1,0.0,7.2,0.0,46.291737,14.233227
2026-04-08 01:00:00+00:00,106,1,0.0,9.2,0.0,46.22144,14.354067
2026-04-08 01:00:00+00:00,122,1,0.0,10.0,0.0,46.08084,14.45151
2026-04-08 01:00:00+00:00,127,1,0.0,8.5,0.0,46.151142,14.474522
2026-04-08 01:00:00+00:00,129,1,0.0,9.6,0.0,46.010544,14.571429
2026-04-08 01:00:00+00:00,177,1,0.0,4.1,0.0,45.65905,14.88189
2026-04-08 01:00:00+00:00,194,1,0.0,7.9,0.0,46.502636,15.024076
2026-04-08 01:00:00+00:00,236,1,0.0,10.6,0.0,45.79965,15.213271
2026-04-08 01:00:00+00:00,325,1,0.0,7.4,0.0,46.572933,15.62701
2026-04-08 01:00:00+00:00,391,1,0.0,7.3,0.0,46.71353,16.112904
2026-04-08 01:00:00+00:00,422,1,0.0,9.6,0.0,46.22144,15.21531
2026-04-08 01:00:00+00:00,425,1,0.0,9.6,0.0,45.940243,15.546751
2026-04-08 01:00:00+00:00,426,1,0.0,10.1,0.0,45.51845,13.704866
2026-04-08 02:00:00+00:00,63,2,0.0,7.9,0.0,46.432335,14.134615
2026-04-08 02:00:00+00:00,76,2,0.0,6.4,0.0,46.291737,14.233227
2026-04-08 02:00:00+00:00,106,2,0.0,8.0,0.0,46.22144,14.354067
2026-04-08 02:00:00+00:00,122,2,0.0,9.8,0.0,46.08084,14.45151
2026-04-08 02:00:00+00:00,127,2,0.0,7.3,0.0,46.151142,14.474522
2026-04-08 02:00:00+00:00,129,2,0.0,9.0,0.0,46.010544,14.571429
2026-04-08 02:00:00+00:00,177,2,0.0,3.6,0.0,45.65905,14.88189
2026-04-08 02:00:00+00:00,194,2,0.0,6.1,0.0,46.502636,15.024076
2026-04-08 02:00:00+00:00,236,2,0.0,9.2,0.0,45.79965,15.213271
2026-04-08 02:00:00+00:00,325,2,0.0,5.8,0.0,46.572933,15.62701
2026-04-08 02:00:00+00:00,391,2,0.0,6.4,0.0,46.71353,16.112904
2026-04-08 02:00:00+00:00,422,2,0.0,8.2,0.0,46.22144,15.21531
2026-04-08 02:00:00+00:00,425,2,0.0,8.3,0.0,45.940243,15.546751
2026-04-08 02:00:00+00:00,426,2,0.0,9.5,0.0,45.51845,13.704866
2026-04-08 03:00:00+00:00,63,3,0.0,7.3,0.0,46.432335,14.134615
2026-04-08 03:00:00+00:00,76,3,0.0,5.4,0.0,46.291737,14.233227
2026-04-08 03:00:00+00:00,106,3,0.0,7.3,0.0,46.22144,14.354067
2026-04-08 03:00:00+00:00,122,3,0.0,8.8,0.0,46.08084,14.45151
2026-04-08 03:00:00+00:00,127,3,0.0,7.3,0.0,46.151142,14.474522
2026-04-08 03:00:00+00:00,129,3,0.0,7.8,0.0,46.010544,14.571429
2026-04-08 03:00:00+00:00,177,3,0.0,2.9,0.0,45.65905,14.88189
2026-04-08 03:00:00+00:00,194,3,0.0,4.4,0.0,46.502636,15.024076
2026-04-08 03:00:00+00:00,236,3,0.0,7.6,0.0,45.79965,15.213271
2026-04-08 03:00:00+00:00,325,3,0.0,5.6,0.0,46.572933,15.62701
2026-04-08 03:00:00+00:00,391,3,0.0,4.7,0.0,46.71353,16.112904
2026-04-08 03:00:00+00:00,422,3,0.0,7.2,0.0,46.22144,15.21531
2026-04-08 03:00:00+00:00,425,3,0.0,7.3,0.0,45.940243,15.546751
2026-04-08 03:00:00+00:00,426,3,0.0,10.1,0.0,45.51845,13.704866
2026-04-08 06:00:00+00:00,63,6,115.0,5.7,0.0,46.432335,14.134615
2026-04-08 06:00:00+00:00,76,6,114.0,4.9,0.0,46.291737,14.233227
2026-04-08 06:00:00+00:00,106,6,111.0,6.4,0.0,46.22144,14.354067
2026-04-08 06:00:00+00:00,122,6,110.0,7.5,0.0,46.08084,14.45151
2026-04-08 06:00:00+00:00,127,6,110.0,6.4,0.0,46.151142,14.474522
2026-04-08 06:00:00+00:00,129,6,112.0,6.7,0.0,46.010544,14.571429
2026-04-08 06:00:00+00:00,177,6,117.0,3.5,0.0,45.65905,14.88189
2026-04-08 06:00:00+00:00,194,6,120.0,6.4,0.0,46.502636,15.024076
2026-04-08 06:00:00+00:00,236,6,118.0,7.9,0.0,45.79965,15.213271
2026-04-08 06:00:00+00:00,325,6,127.0,7.7,0.0,46.572933,15.62701
2026-04-08 06:00:00+00:00,391,6,131.0,6.8,0.0,46.71353,16.112904
2026-04-08 06:00:00+00:00,422,6,113.0,7.4,0.0,46.22144,15.21531
2026-04-08 06:00:00+00:00,425,6,107.0,7.6,0.0,45.940243,15.546751
2026-04-08 06:00:00+00:00,426,6,99.0,11.6,0.0,45.51845,13.704866
2026-04-08 07:00:00+00:00,63,1,293.0,7.0,0.0,46.432335,14.134615
2026-04-08 07:00:00+00:00,76,1,291.0,6.6,0.0,46.291737,14.233227
2026-04-08 07:00:00+00:00,106,1,286.0,7.9,0.0,46.22144,14.354067
2026-04-08 07:00:00+00:00,122,1,283.0,9.3,0.0,46.08084,14.45151
2026-04-08 07:00:00+00:00,127,1,283.0,8.0,0.0,46.151142,14.474522
2026-04-08 07:00:00+00:00,129,1,286.0,8.5,0.0,46.010544,14.571429
2026-04-08 07:00:00+00:00,177,1,295.0,5.3,0.0,45.65905,14.88189
2026-04-08 07:00:00+00:00,194,1,290.0,8.1,0.0,46.502636,15.024076
2026-04-08 07:00:00+00:00,236,1,295.0,9.5,0.0,45.79965,15.213271
2026-04-08 07:00:00+00:00,325,1,304.0,8.6,0.0,46.572933,15.62701
2026-04-08 07:00:00+00:00,391,1,308.0,8.5,0.0,46.71353,16.112904
2026-04-08 07:00:00+00:00,422,1,283.0,9.0,0.0,46.22144,15.21531
2026-04-08 07:00:00+00:00,425,1,282.0,9.2,0.0,45.940243,15.546751
2026-04-08 07:00:00+00:00,426,1,268.0,14.0,0.0,45.51845,13.704866
2026-04-08 08:00:00+00:00,63,2,473.0,8.5,0.0,46.432335,14.134615
2026-04-08 08:00:00+00:00,76,2,470.0,7.9,0.0,46.291737,14.233227
2026-04-08 08:00:00+00:00,106,2,464.0,9.1,0.0,46.22144,14.354067
2026-04-08 08:00:00+00:00,122,2,460.0,10.4,0.0,46.08084,14.45151
2026-04-08 08:00:00+00:00,127,2,459.0,9.0,0.0,46.151142,14.474522
2026-04-08 08:00:00+00:00,129,2,464.0,9.6,0.0,46.010544,14.571429
2026-04-08 08:00:00+00:00,177,2,475.0,6.6,0.0,45.65905,14.88189
2026-04-08 08:00:00+00:00,194,2,472.0,9.5,0.0,46.502636,15.024076
2026-04-08 08:00:00+00:00,236,2,472.0,10.6,0.0,45.79965,15.213271
2026-04-08 08:00:00+00:00,325,2,480.0,9.5,0.0,46.572933,15.62701
2026-04-08 08:00:00+00:00,391,2,483.0,10.0,0.0,46.71353,16.112904
2026-04-08 08:00:00+00:00,422,2,466.0,10.2,0.0,46.22144,15.21531
2026-04-08 08:00:00+00:00,425,2,469.0,10.1,0.0,45.940243,15.546751
2026-04-08 08:00:00+00:00,426,2,444.0,15.8,0.0,45.51845,13.704866
2026-04-08 09:00:00+00:00,63,3,627.0,10.5,0.0,46.432335,14.134615
2026-04-08 09:00:00+00:00,76,3,624.0,9.5,0.0,46.291737,14.233227
2026-04-08 09:00:00+00:00,106,3,617.0,10.4,0.0,46.22144,14.354067
2026-04-08 09:00:00+00:00,122,3,612.0,11.7,0.0,46.08084,14.45151
2026-04-08 09:00:00+00:00,127,3,611.0,10.3,0.0,46.151142,14.474522
2026-04-08 09:00:00+00:00,129,3,616.0,10.9,0.0,46.010544,14.571429
2026-04-08 09:00:00+00:00,177,3,629.0,7.9,0.0,45.65905,14.88189
2026-04-08 09:00:00+00:00,194,3,628.0,11.1,0.0,46.502636,15.024076
2026-04-08 09:00:00+00:00,236,3,624.0,11.8,0.0,45.79965,15.213271
2026-04-08 09:00:00+00:00,325,3,630.0,10.8,0.0,46.572933,15.62701
2026-04-08 09:00:00+00:00,391,3,633.0,11.3,0.0,46.71353,16.112904
2026-04-08 09:00:00+00:00,422,3,621.0,11.3,0.0,46.22144,15.21531
2026-04-08 09:00:00+00:00,425,3,621.0,11.2,0.0,45.940243,15.546751
2026-04-08 09:00:00+00:00,426,3,596.0,17.6,0.0,45.51845,13.704866
2026-04-08 12:00:00+00:00,63,6,804.0,15.4,0.0,46.432335,14.134615
2026-04-08 12:00:00+00:00,76,6,807.0,13.5,0.0,46.291737,14.233227
2026-04-08 12:00:00+00:00,106,6,798.0,13.9,0.0,46.22144,14.354067
2026-04-08 12:00:00+00:00,122,6,788.0,15.3,0.0,46.08084,14.45151
2026-04-08 12:00:00+00:00,127,6,786.0,13.5,0.0,46.151142,14.474522
2026-04-08 12:00:00+00:00,129,6,791.0,14.1,0.0,46.010544,14.571429
2026-04-08 12:00:00+00:00,177,6,803.0,10.8,0.0,45.65905,14.88189
2026-04-08 12:00:00+00:00,194,6,795.0,14.7,0.0,46.502636,15.024076
2026-04-08 12:00:00+00:00,236,6,795.0,14.7,0.0,45.79965,15.213271
2026-04-08 12:00:00+00:00,325,6,799.0,14.2,0.0,46.572933,15.62701
2026-04-08 12:00:00+00:00,391,6,793.0,13.7,0.0,46.71353,16.112904
2026-04-08 12:00:00+00:00,422,6,794.0,14.5,0.0,46.22144,15.21531
2026-04-08 12:00:00+00:00,425,6,789.0,14.0,0.0,45.940243,15.546751
2026-04-08 12:00:00+00:00,426,6,779.0,21.5,0.0,45.51845,13.704866
2026-04-08 13:00:00+00:00,63,1,752.0,16.3,0.0,46.432335,14.134615
2026-04-08 13:00:00+00:00,76,1,747.0,14.8,0.0,46.291737,14.233227
2026-04-08 13:00:00+00:00,106,1,736.0,15.0,0.0,46.22144,14.354067
2026-04-08 13:00:00+00:00,122,1,730.0,16.9,0.0,46.08084,14.45151
2026-04-08 13:00:00+00:00,127,1,727.0,14.8,0.0,46.151142,14.474522
2026-04-08 13:00:00+00:00,129,1,729.0,15.7,0.0,46.010544,14.571429
2026-04-08 13:00:00+00:00,177,1,746.0,12.1,0.0,45.65905,14.88189
2026-04-08 13:00:00+00:00,194,1,731.0,15.7,0.0,46.502636,15.024076
2026-04-08 13:00:00+00:00,236,1,738.0,16.1,0.0,45.79965,15.213271
2026-04-08 13:00:00+00:00,325,1,738.0,14.9,0.0,46.572933,15.62701
2026-04-08 13:00:00+00:00,391,1,733.0,14.5,0.0,46.71353,16.112904
2026-04-08 13:00:00+00:00,422,1,734.0,15.7,0.0,46.22144,15.21531
2026-04-08 13:00:00+00:00,425,1,735.0,15.1,0.0,45.940243,15.546751
2026-04-08 13:00:00+00:00,426,1,731.0,20.9,0.0,45.51845,13.704866
2026-04-08 14:00:00+00:00,63,2,652.0,16.4,0.0,46.432335,14.134615
2026-04-08 14:00:00+00:00,76,2,645.0,15.3,0.0,46.291737,14.233227
2026-04-08 14:00:00+00:00,106,2,630.0,15.3,0.0,46.22144,14.354067
2026-04-08 14:00:00+00:00,122,2,622.0,17.2,0.0,46.08084,14.45151
2026-04-08 14:00:00+00:00,127,2,619.0,15.1,0.0,46.151142,14.474522
2026-04-08 14:00:00+00:00,129,2,618.0,15.9,0.0,46.010544,14.571429
2026-04-08 14:00:00+00:00,177,2,637.0,12.1,0.0,45.65905,14.88189
2026-04-08 14:00:00+00:00,194,2,636.0,15.7,0.0,46.502636,15.024076
2026-04-08 14:00:00+00:00,236,2,623.0,16.2,0.0,45.79965,15.213271
2026-04-08 14:00:00+00:00,325,2,629.0,15.0,0.0,46.572933,15.62701
2026-04-08 14:00:00+00:00,391,2,622.0,14.5,0.0,46.71353,16.112904
2026-04-08 14:00:00+00:00,422,2,627.0,15.9,0.0,46.22144,15.21531
2026-04-08 14:00:00+00:00,425,2,625.0,15.2,0.0,45.940243,15.546751
2026-04-08 14:00:00+00:00,426,2,630.0,19.0,0.0,45.51845,13.704866
2026-04-08 15:00:00+00:00,63,3,504.0,15.9,0.0,46.432335,14.134615
2026-04-08 15:00:00+00:00,76,3,498.0,14.9,0.0,46.291737,14.233227
2026-04-08 15:00:00+00:00,106,3,488.0,15.2,0.0,46.22144,14.354067
2026-04-08 15:00:00+00:00,122,3,481.0,16.8,0.0,46.08084,14.45151
2026-04-08 15:00:00+00:00,127,3,480.0,15.0,0.0,46.151142,14.474522
2026-04-08 15:00:00+00:00,129,3,483.0,15.5,0.0,46.010544,14.571429
2026-04-08 15:00:00+00:00,177,3,487.0,11.9,0.0,45.65905,14.88189
2026-04-08 15:00:00+00:00,194,3,464.0,14.8,0.0,46.502636,15.024076
2026-04-08 15:00:00+00:00,236,3,478.0,15.7,0.0,45.79965,15.213271
2026-04-08 15:00:00+00:00,325,3,481.0,14.5,0.0,46.572933,15.62701
2026-04-08 15:00:00+00:00,391,3,470.0,14.4,0.0,46.71353,16.112904
2026-04-08 15:00:00+00:00,422,3,478.0,15.6,0.0,46.22144,15.21531
2026-04-08 15:00:00+00:00,425,3,474.0,14.9,0.0,45.940243,15.546751
2026-04-08 15:00:00+00:00,426,3,485.0,18.7,0.0,45.51845,13.704866
2026-04-08 18:00:00+00:00,63,6,17.0,10.0,0.0,46.432335,14.134615
2026-04-08 18:00:00+00:00,76,6,16.0,9.3,0.0,46.291737,14.233227
2026-04-08 18:00:00+00:00,106,6,15.0,10.6,0.0,46.22144,14.354067
2026-04-08 18:00:00+00:00,122,6,14.0,12.0,0.0,46.08084,14.45151
2026-04-08 18:00:00+00:00,127,6,14.0,9.4,0.0,46.151142,14.474522
2026-04-08 18:00:00+00:00,129,6,14.0,10.8,0.0,46.010544,14.571429
2026-04-08 18:00:00+00:00,177,6,13.0,5.9,0.0,45.65905,14.88189
2026-04-08 18:00:00+00:00,194,6,13.0,9.4,0.0,46.502636,15.024076
2026-04-08 18:00:00+00:00,236,6,12.0,9.7,0.0,45.79965,15.213271
2026-04-08 18:00:00+00:00,325,6,11.0,10.4,0.0,46.572933,15.62701
2026-04-08 18:00:00+00:00,391,6,10.0,8.8,0.0,46.71353,16.112904
2026-04-08 18:00:00+00:00,422,6,12.0,11.3,0.0,46.22144,15.21531
2026-04-08 18:00:00+00:00,425,6,11.0,9.7,0.0,45.940243,15.546751
2026-04-08 18:00:00+00:00,426,6,17.0,14.8,0.0,45.51845,13.704866
2026-04-08 19:00:00+00:00,63,1,0.0,9.2,0.0,46.432335,14.134615
2026-04-08 19:00:00+00:00,76,1,0.0,8.5,0.0,46.291737,14.233227
2026-04-08 19:00:00+00:00,106,1,0.0,10.1,0.0,46.22144,14.354067
2026-04-08 19:00:00+00:00,122,1,0.0,11.8,0.0,46.08084,14.45151
2026-04-08 19:00:00+00:00,127,1,0.0,9.0,0.0,46.151142,14.474522
2026-04-08 19:00:00+00:00,129,1,0.0,10.4,0.0,46.010544,14.571429
2026-04-08 19:00:00+00:00,177,1,0.0,5.6,0.0,45.65905,14.88189
2026-04-08 19:00:00+00:00,194,1,0.0,8.9,0.0,46.502636,15.024076
2026-04-08 19:00:00+00:00,236,1,0.0,8.9,0.0,45.79965,15.213271
2026-04-08 19:00:00+00:00,325,1,0.0,9.8,0.0,46.572933,15.62701
2026-04-08 19:00:00+00:00,391,1,0.0,7.8,0.0,46.71353,16.112904
2026-04-08 19:00:00+00:00,422,1,0.0,10.8,0.0,46.22144,15.21531
2026-04-08 19:00:00+00:00,425,1,0.0,9.2,0.0,45.940243,15.546751
2026-04-08 19:00:00+00:00,426,1,0.0,14.7,0.0,45.51845,13.704866
2026-04-08 20:00:00+00:00,63,2,0.0,7.8,0.0,46.432335,14.134615
2026-04-08 20:00:00+00:00,76,2,0.0,8.6,0.0,46.291737,14.233227
2026-04-08 20:00:00+00:00,106,2,0.0,9.6,0.0,46.22144,14.354067
2026-04-08 20:00:00+00:00,122,2,0.0,10.6,0.0,46.08084,14.45151
2026-04-08 20:00:00+00:00,127,2,0.0,8.0,0.0,46.151142,14.474522
2026-04-08 20:00:00+00:00,129,2,0.0,9.2,0.0,46.010544,14.571429
2026-04-08 20:00:00+00:00,177,2,0.0,5.2,0.0,45.65905,14.88189
2026-04-08 20:00:00+00:00,194,2,0.0,7.4,0.0,46.502636,15.024076
2026-04-08 20:00:00+00:00,236,2,0.0,7.4,0.0,45.79965,15.213271
2026-04-08 20:00:00+00:00,325,2,0.0,8.1,0.0,46.572933,15.62701
2026-04-08 20:00:00+00:00,391,2,0.0,6.8,0.0,46.71353,16.112904
2026-04-08 20:00:00+00:00,422,2,0.0,9.5,0.0,46.22144,15.21531
2026-04-08 20:00:00+00:00,425,2,0.0,7.5,0.0,45.940243,15.546751
2026-04-08 20:00:00+00:00,426,2,0.0,13.3,0.0,45.51845,13.704866
2026-04-08 21:00:00+00:00,63,3,0.0,6.8,0.0,46.432335,14.134615
2026-04-08 21:00:00+00:00,76,3,0.0,7.8,0.0,46.291737,14.233227
2026-04-08 21:00:00+00:00,106,3,0.0,8.8,0.0,46.22144,14.354067
2026-04-08 21:00:00+00:00,122,3,0.0,9.6,0.0,46.08084,14.45151
2026-04-08 21:00:00+00:00,127,3,0.0,7.2,0.0,46.151142,14.474522
2026-04-08 21:00:00+00:00,129,3,0.0,8.4,0.0,46.010544,14.571429
2026-04-08 21:00:00+00:00,177,3,0.0,4.5,0.0,45.65905,14.88189
2026-04-08 21:00:00+00:00,194,3,0.0,6.1,0.0,46.502636,15.024076
2026-04-08 21:00:00+00:00,236,3,0.0,6.4,0.0,45.79965,15.213271
2026-04-08 21:00:00+00:00,325,3,0.0,8.2,0.0,46.572933,15.62701
2026-04-08 21:00:00+00:00,391,3,0.0,5.9,0.0,46.71353,16.112904
2026-04-08 21:00:00+00:00,422,3,0.0,7.7,0.0,46.22144,15.21531
2026-04-08 21:00:00+00:00,425,3,0.0,7.4,0.0,45.940243,15.546751
2026-04-08 21:00:00+00:00,426,3,0.0,12.3,0.0,45.51845,13.704866
2026-04-09 00:00:00+00:00,63,6,0.0,4.2,0.0,46.432335,14.134615
2026-04-09 00:00:00+00:00,63,24,0.0,3.6,0.0,46.432335,14.134615
2026-04-09 00:00:00+00:00,76,6,0.0,5.5,0.0,46.291737,14.233227
2026-04-09 00:00:00+00:00,76,24,0.0,5.3,0.0,46.291737,14.233227
2026-04-09 00:00:00+00:00,106,6,0.0,6.7,0.0,46.22144,14.354067
2026-04-09 00:00:00+00:00,106,24,0.0,6.5,0.0,46.22144,14.354067
2026-04-09 00:00:00+00:00,122,6,0.0,5.7,0.0,46.08084,14.45151
2026-04-09 00:00:00+00:00,122,24,0.0,5.2,0.0,46.08084,14.45151
2026-04-09 00:00:00+00:00,127,6,0.0,4.7,0.0,46.151142,14.474522
2026-04-09 00:00:00+00:00,127,24,0.0,4.2,0.0,46.151142,14.474522
2026-04-09 00:00:00+00:00,129,6,0.0,5.1,0.0,46.010544,14.571429
2026-04-09 00:00:00+00:00,129,24,0.0,3.8,0.0,46.010544,14.571429
2026-04-09 00:00:00+00:00,177,6,0.0,1.5,0.0,45.65905,14.88189
2026-04-09 00:00:00+00:00,177,24,0.0,1.3,0.0,45.65905,14.88189
2026-04-09 00:00:00+00:00,194,6,0.0,3.4,0.0,46.502636,15.024076
2026-04-09 00:00:00+00:00,194,24,0.0,4.3,0.0,46.502636,15.024076
2026-04-09 00:00:00+00:00,236,6,0.0,4.1,0.0,45.79965,15.213271
2026-04-09 00:00:00+00:00,236,24,0.0,4.0,0.0,45.79965,15.213271
2026-04-09 00:00:00+00:00,325,6,0.0,4.2,0.0,46.572933,15.62701
2026-04-09 00:00:00+00:00,325,24,0.0,4.6,0.0,46.572933,15.62701
2026-04-09 00:00:00+00:00,391,6,0.0,3.9,0.0,46.71353,16.112904
2026-04-09 00:00:00+00:00,391,24,0.0,3.8,0.0,46.71353,16.112904
2026-04-09 00:00:00+00:00,422,6,0.0,5.8,0.0,46.22144,15.21531
2026-04-09 00:00:00+00:00,422,24,0.0,4.1,0.0,46.22144,15.21531
2026-04-09 00:00:00+00:00,425,6,0.0,5.0,0.0,45.940243,15.546751
2026-04-09 00:00:00+00:00,425,24,0.0,4.2,0.0,45.940243,15.546751
2026-04-09 00:00:00+00:00,426,6,0.0,10.7,0.0,45.51845,13.704866
2026-04-09 00:00:00+00:00,426,24,0.0,9.8,0.0,45.51845,13.704866
2026-04-09 06:00:00+00:00,63,24,124.0,5.1,0.0,46.432335,14.134615
2026-04-09 06:00:00+00:00,76,24,122.0,4.7,0.0,46.291737,14.233227
2026-04-09 06:00:00+00:00,106,24,118.0,5.5,0.0,46.22144,14.354067
2026-04-09 06:00:00+00:00,122,24,115.0,4.9,0.0,46.08084,14.45151
2026-04-09 06:00:00+00:00,127,24,116.0,4.4,0.0,46.151142,14.474522
2026-04-09 06:00:00+00:00,129,24,117.0,3.7,0.0,46.010544,14.571429
2026-04-09 06:00:00+00:00,177,24,121.0,1.8,0.0,45.65905,14.88189
2026-04-09 06:00:00+00:00,194,24,131.0,4.1,0.0,46.502636,15.024076
2026-04-09 06:00:00+00:00,236,24,126.0,5.0,0.0,45.79965,15.213271
2026-04-09 06:00:00+00:00,325,24,134.0,6.0,0.0,46.572933,15.62701
2026-04-09 06:00:00+00:00,391,24,136.0,4.5,0.0,46.71353,16.112904
2026-04-09 06:00:00+00:00,422,24,127.0,4.5,0.0,46.22144,15.21531
2026-04-09 06:00:00+00:00,425,24,129.0,5.1,0.0,45.940243,15.546751
2026-04-09 06:00:00+00:00,426,24,96.0,9.4,0.0,45.51845,13.704866
2026-04-09 12:00:00+00:00,63,24,806.0,14.6,0.0,46.432335,14.134615
2026-04-09 12:00:00+00:00,76,24,807.0,13.2,0.0,46.291737,14.233227
2026-04-09 12:00:00+00:00,106,24,797.0,13.1,0.0,46.22144,14.354067
2026-04-09 12:00:00+00:00,122,24,787.0,14.7,0.0,46.08084,14.45151
2026-04-09 12:00:00+00:00,127,24,784.0,12.1,0.0,46.151142,14.474522
2026-04-09 12:00:00+00:00,129,24,783.0,14.0,0.0,46.010544,14.571429
2026-04-09 12:00:00+00:00,177,24,799.0,10.2,0.0,45.65905,14.88189
2026-04-09 12:00:00+00:00,194,24,750.0,13.4,0.0,46.502636,15.024076
2026-04-09 12:00:00+00:00,236,24,784.0,13.4,0.0,45.79965,15.213271
2026-04-09 12:00:00+00:00,325,24,783.0,13.0,0.0,46.572933,15.62701
2026-04-09 12:00:00+00:00,391,24,761.0,13.4,0.0,46.71353,16.112904
2026-04-09 12:00:00+00:00,422,24,747.0,13.6,0.0,46.22144,15.21531
2026-04-09 12:00:00+00:00,425,24,758.0,12.7,0.0,45.940243,15.546751
2026-04-09 12:00:00+00:00,426,24,733.0,16.4,0.0,45.51845,13.704866
2026-04-09 18:00:00+00:00,63,24,14.0,9.8,0.0,46.432335,14.134615
2026-04-09 18:00:00+00:00,76,24,16.0,8.8,0.0,46.291737,14.233227
2026-04-09 18:00:00+00:00,106,24,16.0,9.6,0.0,46.22144,14.354067
2026-04-09 18:00:00+00:00,122,24,14.0,10.8,0.0,46.08084,14.45151
2026-04-09 18:00:00+00:00,127,24,15.0,8.8,0.0,46.151142,14.474522
2026-04-09 18:00:00+00:00,129,24,14.0,9.8,0.0,46.010544,14.571429
2026-04-09 18:00:00+00:00,177,24,12.0,4.9,0.0,45.65905,14.88189
2026-04-09 18:00:00+00:00,194,24,13.0,8.4,0.0,46.502636,15.024076
2026-04-09 18:00:00+00:00,236,24,12.0,8.0,0.0,45.79965,15.213271
2026-04-09 18:00:00+00:00,325,24,12.0,9.2,0.0,46.572933,15.62701
2026-04-09 18:00:00+00:00,391,24,11.0,8.5,0.0,46.71353,16.112904
2026-04-09 18:00:00+00:00,422,24,13.0,9.3,0.0,46.22144,15.21531
2026-04-09 18:00:00+00:00,425,24,11.0,8.3,0.0,45.940243,15.546751
2026-04-09 18:00:00+00:00,426,24,16.0,12.2,0.0,45.51845,13.704866
2026-04-09 01:00:00+00:00,63,1,0.0,3.7,0.0,46.432335,14.134615
2026-04-09 01:00:00+00:00,76,1,0.0,4.5,0.0,46.291737,14.233227
2026-04-09 01:00:00+00:00,106,1,0.0,5.3,0.0,46.22144,14.354067
2026-04-09 01:00:00+00:00,122,1,0.0,5.4,0.0,46.08084,14.45151
2026-04-09 01:00:00+00:00,127,1,0.0,3.5,0.0,46.151142,14.474522
2026-04-09 01:00:00+00:00,129,1,0.0,4.8,0.0,46.010544,14.571429
2026-04-09 01:00:00+00:00,177,1,0.0,1.4,0.0,45.65905,14.88189
2026-04-09 01:00:00+00:00,194,1,0.0,2.2,0.0,46.502636,15.024076
2026-04-09 01:00:00+00:00,236,1,0.0,3.6,0.0,45.79965,15.213271
2026-04-09 01:00:00+00:00,325,1,0.0,4.0,0.0,46.572933,15.62701
2026-04-09 01:00:00+00:00,391,1,0.0,2.9,0.0,46.71353,16.112904
2026-04-09 01:00:00+00:00,422,1,0.0,5.4,0.0,46.22144,15.21531
2026-04-09 01:00:00+00:00,425,1,0.0,4.7,0.0,45.940243,15.546751
2026-04-09 01:00:00+00:00,426,1,0.0,10.7,0.0,45.51845,13.704866
2026-04-09 02:00:00+00:00,63,2,0.0,3.0,0.0,46.432335,14.134615
2026-04-09 02:00:00+00:00,76,2,0.0,4.1,0.0,46.291737,14.233227
2026-04-09 02:00:00+00:00,106,2,0.0,5.0,0.0,46.22144,14.354067
2026-04-09 02:00:00+00:00,122,2,0.0,4.3,0.0,46.08084,14.45151
2026-04-09 02:00:00+00:00,127,2,0.0,3.4,0.0,46.151142,14.474522
2026-04-09 02:00:00+00:00,129,2,0.0,4.3,0.0,46.010544,14.571429
2026-04-09 02:00:00+00:00,177,2,0.0,0.9,0.0,45.65905,14.88189
2026-04-09 02:00:00+00:00,194,2,0.0,1.6,0.0,46.502636,15.024076
2026-04-09 02:00:00+00:00,236,2,0.0,4.1,0.0,45.79965,15.213271
2026-04-09 02:00:00+00:00,325,2,0.0,3.7,0.0,46.572933,15.62701
2026-04-09 02:00:00+00:00,391,2,0.0,2.4,0.0,46.71353,16.112904
2026-04-09 02:00:00+00:00,422,2,0.0,4.3,0.0,46.22144,15.21531
2026-04-09 02:00:00+00:00,425,2,0.0,3.2,0.0,45.940243,15.546751
2026-04-09 02:00:00+00:00,426,2,0.0,10.3,0.0,45.51845,13.704866
2026-04-09 03:00:00+00:00,63,3,0.0,2.4,0.0,46.432335,14.134615
2026-04-09 03:00:00+00:00,76,3,0.0,3.2,0.0,46.291737,14.233227
2026-04-09 03:00:00+00:00,106,3,0.0,4.3,0.0,46.22144,14.354067
2026-04-09 03:00:00+00:00,122,3,0.0,3.6,0.0,46.08084,14.45151
2026-04-09 03:00:00+00:00,127,3,0.0,2.9,0.0,46.151142,14.474522
2026-04-09 03:00:00+00:00,129,3,0.0,3.6,0.0,46.010544,14.571429
2026-04-09 03:00:00+00:00,177,3,0.0,-0.1,0.0,45.65905,14.88189
2026-04-09 03:00:00+00:00,194,3,0.0,0.9,0.0,46.502636,15.024076
2026-04-09 03:00:00+00:00,236,3,0.0,2.8,0.0,45.79965,15.213271
2026-04-09 03:00:00+00:00,325,3,0.0,3.3,0.0,46.572933,15.62701
2026-04-09 03:00:00+00:00,391,3,0.0,1.9,0.0,46.71353,16.112904
2026-04-09 03:00:00+00:00,422,3,0.0,2.8,0.0,46.22144,15.21531
2026-04-09 03:00:00+00:00,425,3,0.0,2.7,0.0,45.940243,15.546751
2026-04-09 03:00:00+00:00,426,3,0.0,9.6,0.0,45.51845,13.704866
2026-04-09 06:00:00+00:00,63,6,124.0,5.2,0.0,46.432335,14.134615
2026-04-09 06:00:00+00:00,76,6,121.0,4.5,0.0,46.291737,14.233227
2026-04-09 06:00:00+00:00,106,6,118.0,5.2,0.0,46.22144,14.354067
2026-04-09 06:00:00+00:00,122,6,116.0,4.7,0.0,46.08084,14.45151
2026-04-09 06:00:00+00:00,127,6,116.0,4.2,0.0,46.151142,14.474522
2026-04-09 06:00:00+00:00,129,6,118.0,3.5,0.0,46.010544,14.571429
2026-04-09 06:00:00+00:00,177,6,125.0,1.6,0.0,45.65905,14.88189
2026-04-09 06:00:00+00:00,194,6,130.0,4.3,0.0,46.502636,15.024076
2026-04-09 06:00:00+00:00,236,6,127.0,4.9,0.0,45.79965,15.213271
2026-04-09 06:00:00+00:00,325,6,134.0,5.3,0.0,46.572933,15.62701
2026-04-09 06:00:00+00:00,391,6,137.0,4.7,0.0,46.71353,16.112904
2026-04-09 06:00:00+00:00,422,6,128.0,4.5,0.0,46.22144,15.21531
2026-04-09 06:00:00+00:00,425,6,129.0,5.1,0.0,45.940243,15.546751
2026-04-09 06:00:00+00:00,426,6,100.0,9.7,0.0,45.51845,13.704866
2026-04-09 07:00:00+00:00,63,1,300.0,7.0,0.0,46.432335,14.134615
2026-04-09 07:00:00+00:00,76,1,296.0,6.2,0.0,46.291737,14.233227
2026-04-09 07:00:00+00:00,106,1,291.0,6.7,0.0,46.22144,14.354067
2026-04-09 07:00:00+00:00,122,1,286.0,6.9,0.0,46.08084,14.45151
2026-04-09 07:00:00+00:00,127,1,287.0,5.9,0.0,46.151142,14.474522
2026-04-09 07:00:00+00:00,129,1,290.0,6.2,0.0,46.010544,14.571429
2026-04-09 07:00:00+00:00,177,1,301.0,3.8,0.0,45.65905,14.88189
2026-04-09 07:00:00+00:00,194,1,308.0,7.0,0.0,46.502636,15.024076
2026-04-09 07:00:00+00:00,236,1,300.0,7.4,0.0,45.79965,15.213271
2026-04-09 07:00:00+00:00,325,1,312.0,6.5,0.0,46.572933,15.62701
2026-04-09 07:00:00+00:00,391,1,313.0,6.6,0.0,46.71353,16.112904
2026-04-09 07:00:00+00:00,422,1,305.0,6.5,0.0,46.22144,15.21531
2026-04-09 07:00:00+00:00,425,1,303.0,7.0,0.0,45.940243,15.546751
2026-04-09 07:00:00+00:00,426,1,247.0,12.6,0.0,45.51845,13.704866
2026-04-09 08:00:00+00:00,63,2,475.0,8.8,0.0,46.432335,14.134615
2026-04-09 08:00:00+00:00,76,2,469.0,7.4,0.0,46.291737,14.233227
2026-04-09 08:00:00+00:00,106,2,456.0,7.7,0.0,46.22144,14.354067
2026-04-09 08:00:00+00:00,122,2,454.0,8.6,0.0,46.08084,14.45151
2026-04-09 08:00:00+00:00,127,2,450.0,7.1,0.0,46.151142,14.474522
2026-04-09 08:00:00+00:00,129,2,464.0,8.2,0.0,46.010544,14.571429
2026-04-09 08:00:00+00:00,177,2,455.0,5.3,0.0,45.65905,14.88189
2026-04-09 08:00:00+00:00,194,2,484.0,8.9,0.0,46.502636,15.024076
2026-04-09 08:00:00+00:00,236,2,468.0,8.9,0.0,45.79965,15.213271
2026-04-09 08:00:00+00:00,325,2,487.0,7.7,0.0,46.572933,15.62701
2026-04-09 08:00:00+00:00,391,2,486.0,8.4,0.0,46.71353,16.112904
2026-04-09 08:00:00+00:00,422,2,481.0,8.3,0.0,46.22144,15.21531
2026-04-09 08:00:00+00:00,425,2,472.0,8.3,0.0,45.940243,15.546751
2026-04-09 08:00:00+00:00,426,2,426.0,15.2,0.0,45.51845,13.704866
2026-04-09 09:00:00+00:00,63,3,624.0,10.4,0.0,46.432335,14.134615
2026-04-09 09:00:00+00:00,76,3,616.0,8.6,0.0,46.291737,14.233227
2026-04-09 09:00:00+00:00,106,3,608.0,9.0,0.0,46.22144,14.354067
2026-04-09 09:00:00+00:00,122,3,590.0,10.3,0.0,46.08084,14.45151
2026-04-09 09:00:00+00:00,127,3,600.0,8.5,0.0,46.151142,14.474522
2026-04-09 09:00:00+00:00,129,3,590.0,9.6,0.0,46.010544,14.571429
2026-04-09 09:00:00+00:00,177,3,575.0,6.7,0.0,45.65905,14.88189
2026-04-09 09:00:00+00:00,194,3,633.0,10.3,0.0,46.502636,15.024076
2026-04-09 09:00:00+00:00,236,3,615.0,10.2,0.0,45.79965,15.213271
2026-04-09 09:00:00+00:00,325,3,636.0,9.2,0.0,46.572933,15.62701
2026-04-09 09:00:00+00:00,391,3,633.0,9.8,0.0,46.71353,16.112904
2026-04-09 09:00:00+00:00,422,3,628.0,9.8,0.0,46.22144,15.21531
2026-04-09 09:00:00+00:00,425,3,607.0,9.6,0.0,45.940243,15.546751
2026-04-09 09:00:00+00:00,426,3,543.0,16.5,0.0,45.51845,13.704866
2026-04-09 12:00:00+00:00,63,6,800.0,14.1,0.0,46.432335,14.134615
2026-04-09 12:00:00+00:00,76,6,799.0,12.5,0.0,46.291737,14.233227
2026-04-09 12:00:00+00:00,106,6,792.0,12.9,0.0,46.22144,14.354067
2026-04-09 12:00:00+00:00,122,6,786.0,14.7,0.0,46.08084,14.45151
2026-04-09 12:00:00+00:00,127,6,784.0,12.3,0.0,46.151142,14.474522
2026-04-09 12:00:00+00:00,129,6,788.0,13.8,0.0,46.010544,14.571429
2026-04-09 12:00:00+00:00,177,6,798.0,10.2,0.0,45.65905,14.88189
2026-04-09 12:00:00+00:00,194,6,776.0,13.0,0.0,46.502636,15.024076
2026-04-09 12:00:00+00:00,236,6,784.0,13.5,0.0,45.79965,15.213271
2026-04-09 12:00:00+00:00,325,6,776.0,12.7,0.0,46.572933,15.62701
2026-04-09 12:00:00+00:00,391,6,744.0,12.6,0.0,46.71353,16.112904
2026-04-09 12:00:00+00:00,422,6,781.0,13.6,0.0,46.22144,15.21531
2026-04-09 12:00:00+00:00,425,6,765.0,12.6,0.0,45.940243,15.546751
2026-04-09 12:00:00+00:00,426,6,693.0,16.4,0.0,45.51845,13.704866
2026-04-09 13:00:00+00:00,63,1,752.0,15.0,0.0,46.432335,14.134615
2026-04-09 13:00:00+00:00,76,1,747.0,14.2,0.0,46.291737,14.233227
2026-04-09 13:00:00+00:00,106,1,731.0,14.4,0.0,46.22144,14.354067
2026-04-09 13:00:00+00:00,122,1,712.0,15.9,0.0,46.08084,14.45151
2026-04-09 13:00:00+00:00,127,1,716.0,13.8,0.0,46.151142,14.474522
2026-04-09 13:00:00+00:00,129,1,704.0,14.9,0.0,46.010544,14.571429
2026-04-09 13:00:00+00:00,177,1,668.0,10.7,0.0,45.65905,14.88189
2026-04-09 13:00:00+00:00,194,1,715.0,13.7,0.0,46.502636,15.024076
2026-04-09 13:00:00+00:00,236,1,707.0,14.1,0.0,45.79965,15.213271
2026-04-09 13:00:00+00:00,325,1,700.0,13.0,0.0,46.572933,15.62701
2026-04-09 13:00:00+00:00,391,1,704.0,13.9,0.0,46.71353,16.112904
2026-04-09 13:00:00+00:00,422,1,722.0,14.3,0.0,46.22144,15.21531
2026-04-09 13:00:00+00:00,425,1,710.0,13.8,0.0,45.940243,15.546751
2026-04-09 13:00:00+00:00,426,1,419.0,15.7,0.0,45.51845,13.704866
2026-04-09 14:00:00+00:00,63,2,644.0,15.4,0.0,46.432335,14.134615
2026-04-09 14:00:00+00:00,76,2,636.0,14.9,0.0,46.291737,14.233227
2026-04-09 14:00:00+00:00,106,2,617.0,14.9,0.0,46.22144,14.354067
2026-04-09 14:00:00+00:00,122,2,594.0,16.2,0.0,46.08084,14.45151
2026-04-09 14:00:00+00:00,127,2,599.0,14.2,0.0,46.151142,14.474522
2026-04-09 14:00:00+00:00,129,2,577.0,15.4,0.0,46.010544,14.571429
2026-04-09 14:00:00+00:00,177,2,558.0,10.6,0.0,45.65905,14.88189
2026-04-09 14:00:00+00:00,194,2,613.0,14.0,0.0,46.502636,15.024076
2026-04-09 14:00:00+00:00,236,2,545.0,14.2,0.0,45.79965,15.213271
2026-04-09 14:00:00+00:00,325,2,600.0,13.3,0.0,46.572933,15.62701
2026-04-09 14:00:00+00:00,391,2,596.0,14.4,0.0,46.71353,16.112904
2026-04-09 14:00:00+00:00,422,2,610.0,14.5,0.0,46.22144,15.21531
2026-04-09 14:00:00+00:00,425,2,533.0,13.7,0.0,45.940243,15.546751
2026-04-09 14:00:00+00:00,426,2,413.0,15.7,0.0,45.51845,13.704866
2026-04-09 15:00:00+00:00,63,3,485.0,15.4,0.0,46.432335,14.134615
2026-04-09 15:00:00+00:00,76,3,478.0,15.2,0.0,46.291737,14.233227
2026-04-09 15:00:00+00:00,106,3,461.0,14.9,0.0,46.22144,14.354067
2026-04-09 15:00:00+00:00,122,3,438.0,15.9,0.0,46.08084,14.45151
2026-04-09 15:00:00+00:00,127,3,444.0,14.1,0.0,46.151142,14.474522
2026-04-09 15:00:00+00:00,129,3,426.0,15.0,0.0,46.010544,14.571429
2026-04-09 15:00:00+00:00,177,3,397.0,9.7,0.0,45.65905,14.88189
2026-04-09 15:00:00+00:00,194,3,478.0,13.5,0.0,46.502636,15.024076
2026-04-09 15:00:00+00:00,236,3,387.0,13.6,0.0,45.79965,15.213271
2026-04-09 15:00:00+00:00,325,3,463.0,13.3,0.0,46.572933,15.62701
2026-04-09 15:00:00+00:00,391,3,462.0,14.0,0.0,46.71353,16.112904
2026-04-09 15:00:00+00:00,422,3,471.0,14.6,0.0,46.22144,15.21531
2026-04-09 15:00:00+00:00,425,3,352.0,13.3,0.0,45.940243,15.546751
2026-04-09 15:00:00+00:00,426,3,276.0,15.1,0.0,45.51845,13.704866
2026-04-09 18:00:00+00:00,63,6,18.0,9.1,0.0,46.432335,14.134615
2026-04-09 18:00:00+00:00,76,6,17.0,9.9,0.0,46.291737,14.233227
2026-04-09 18:00:00+00:00,106,6,16.0,10.5,0.0,46.22144,14.354067
2026-04-09 18:00:00+00:00,122,6,15.0,10.9,0.0,46.08084,14.45151
2026-04-09 18:00:00+00:00,127,6,15.0,8.6,0.0,46.151142,14.474522
2026-04-09 18:00:00+00:00,129,6,15.0,9.6,0.0,46.010544,14.571429
2026-04-09 18:00:00+00:00,177,6,14.0,4.7,0.0,45.65905,14.88189
2026-04-09 18:00:00+00:00,194,6,14.0,8.6,0.0,46.502636,15.024076
2026-04-09 18:00:00+00:00,236,6,12.0,8.1,0.0,45.79965,15.213271
2026-04-09 18:00:00+00:00,325,6,12.0,9.9,0.0,46.572933,15.62701
2026-04-09 18:00:00+00:00,391,6,11.0,8.2,0.0,46.71353,16.112904
2026-04-09 18:00:00+00:00,422,6,13.0,9.3,0.0,46.22144,15.21531
2026-04-09 18:00:00+00:00,425,6,11.0,8.6,0.0,45.940243,15.546751
2026-04-09 18:00:00+00:00,426,6,17.0,12.0,0.0,45.51845,13.704866
2026-04-09 19:00:00+00:00,63,1,0.0,7.8,0.0,46.432335,14.134615
2026-04-09 19:00:00+00:00,76,1,0.0,8.8,0.0,46.291737,14.233227
2026-04-09 19:00:00+00:00,106,1,0.0,9.3,0.0,46.22144,14.354067
2026-04-09 19:00:00+00:00,122,1,0.0,10.3,0.0,46.08084,14.45151
2026-04-09 19:00:00+00:00,127,1,0.0,8.0,0.0,46.151142,14.474522
2026-04-09 19:00:00+00:00,129,1,0.0,8.9,0.0,46.010544,14.571429
2026-04-09 19:00:00+00:00,177,1,0.0,4.7,0.0,45.65905,14.88189
2026-04-09 19:00:00+00:00,194,1,0.0,8.5,0.0,46.502636,15.024076
2026-04-09 19:00:00+00:00,236,1,0.0,7.9,0.0,45.79965,15.213271
2026-04-09 19:00:00+00:00,325,1,0.0,8.5,0.0,46.572933,15.62701
2026-04-09 19:00:00+00:00,391,1,0.0,8.2,0.0,46.71353,16.112904
2026-04-09 19:00:00+00:00,422,1,0.0,8.7,0.0,46.22144,15.21531
2026-04-09 19:00:00+00:00,425,1,0.0,8.3,0.0,45.940243,15.546751
2026-04-09 19:00:00+00:00,426,1,0.0,11.4,0.0,45.51845,13.704866
2026-04-09 20:00:00+00:00,63,2,0.0,6.6,0.0,46.432335,14.134615
2026-04-09 20:00:00+00:00,76,2,0.0,7.3,0.0,46.291737,14.233227
2026-04-09 20:00:00+00:00,106,2,0.0,8.8,0.0,46.22144,14.354067
2026-04-09 20:00:00+00:00,122,2,0.0,9.0,0.0,46.08084,14.45151
2026-04-09 20:00:00+00:00,127,2,0.0,7.4,0.0,46.151142,14.474522
2026-04-09 20:00:00+00:00,129,2,0.0,7.8,0.0,46.010544,14.571429
2026-04-09 20:00:00+00:00,177,2,0.0,3.9,0.0,45.65905,14.88189
2026-04-09 20:00:00+00:00,194,2,0.0,6.7,0.0,46.502636,15.024076
2026-04-09 20:00:00+00:00,236,2,0.0,7.0,0.0,45.79965,15.213271
2026-04-09 20:00:00+00:00,325,2,0.0,7.4,0.0,46.572933,15.62701
2026-04-09 20:00:00+00:00,391,2,0.0,7.2,0.0,46.71353,16.112904
2026-04-09 20:00:00+00:00,422,2,0.0,7.6,0.0,46.22144,15.21531
2026-04-09 20:00:00+00:00,425,2,0.0,7.3,0.0,45.940243,15.546751
2026-04-09 20:00:00+00:00,426,2,0.0,10.5,0.0,45.51845,13.704866
2026-04-09 21:00:00+00:00,63,3,0.0,5.4,0.0,46.432335,14.134615
2026-04-09 21:00:00+00:00,76,3,0.0,6.5,0.0,46.291737,14.233227
2026-04-09 21:00:00+00:00,106,3,0.0,8.2,0.0,46.22144,14.354067
2026-04-09 21:00:00+00:00,122,3,0.0,7.7,0.0,46.08084,14.45151
2026-04-09 21:00:00+00:00,127,3,0.0,6.6,0.0,46.151142,14.474522
2026-04-09 21:00:00+00:00,129,3,0.0,6.5,0.0,46.010544,14.571429
2026-04-09 21:00:00+00:00,177,3,0.0,3.2,0.0,45.65905,14.88189
2026-04-09 21:00:00+00:00,194,3,0.0,5.9,0.0,46.502636,15.024076
2026-04-09 21:00:00+00:00,236,3,0.0,5.8,0.0,45.79965,15.213271
2026-04-09 21:00:00+00:00,325,3,0.0,6.5,0.0,46.572933,15.62701
2026-04-09 21:00:00+00:00,391,3,0.0,6.1,0.0,46.71353,16.112904
2026-04-09 21:00:00+00:00,422,3,0.0,6.8,0.0,46.22144,15.21531
2026-04-09 21:00:00+00:00,425,3,0.0,6.6,0.0,45.940243,15.546751
2026-04-09 21:00:00+00:00,426,3,0.0,9.9,0.0,45.51845,13.704866
2026-04-10 00:00:00+00:00,63,6,0.0,3.2,0.0,46.432335,14.134615
2026-04-10 00:00:00+00:00,63,24,0.0,3.0,0.0,46.432335,14.134615
2026-04-10 00:00:00+00:00,76,6,0.0,4.6,0.0,46.291737,14.233227
2026-04-10 00:00:00+00:00,76,24,0.0,3.9,0.0,46.291737,14.233227
2026-04-10 00:00:00+00:00,106,6,0.0,6.1,0.0,46.22144,14.354067
2026-04-10 00:00:00+00:00,106,24,0.0,5.7,0.0,46.22144,14.354067
2026-04-10 00:00:00+00:00,122,6,0.0,5.3,0.0,46.08084,14.45151
2026-04-10 00:00:00+00:00,122,24,0.0,5.2,0.0,46.08084,14.45151
2026-04-10 00:00:00+00:00,127,6,0.0,4.2,0.0,46.151142,14.474522
2026-04-10 00:00:00+00:00,127,24,0.0,3.9,0.0,46.151142,14.474522
2026-04-10 00:00:00+00:00,129,6,0.0,3.9,0.0,46.010544,14.571429
2026-04-10 00:00:00+00:00,129,24,0.0,3.7,0.0,46.010544,14.571429
2026-04-10 00:00:00+00:00,177,6,0.0,0.5,0.0,45.65905,14.88189
2026-04-10 00:00:00+00:00,177,24,0.0,0.2,0.0,45.65905,14.88189
2026-04-10 00:00:00+00:00,194,6,0.0,4.6,0.0,46.502636,15.024076
2026-04-10 00:00:00+00:00,194,24,0.0,4.4,0.0,46.502636,15.024076
2026-04-10 00:00:00+00:00,236,6,0.0,3.7,0.0,45.79965,15.213271
2026-04-10 00:00:00+00:00,236,24,0.0,3.0,0.0,45.79965,15.213271
2026-04-10 00:00:00+00:00,325,6,0.0,4.7,0.0,46.572933,15.62701
2026-04-10 00:00:00+00:00,325,24,0.0,4.5,0.0,46.572933,15.62701
2026-04-10 00:00:00+00:00,391,6,0.0,3.7,0.0,46.71353,16.112904
2026-04-10 00:00:00+00:00,391,24,0.0,3.2,0.0,46.71353,16.112904
2026-04-10 00:00:00+00:00,422,6,0.0,4.9,0.0,46.22144,15.21531
2026-04-10 00:00:00+00:00,422,24,0.0,4.5,0.0,46.22144,15.21531
2026-04-10 00:00:00+00:00,425,6,0.0,5.1,0.0,45.940243,15.546751
2026-04-10 00:00:00+00:00,425,24,0.0,4.5,0.0,45.940243,15.546751
2026-04-10 00:00:00+00:00,426,6,0.0,8.2,0.0,45.51845,13.704866
2026-04-10 00:00:00+00:00,426,24,0.0,7.9,0.0,45.51845,13.704866
2026-04-10 06:00:00+00:00,63,24,93.0,6.3,0.0,46.432335,14.134615
2026-04-10 06:00:00+00:00,76,24,96.0,6.2,0.0,46.291737,14.233227
2026-04-10 06:00:00+00:00,106,24,95.0,6.9,0.0,46.22144,14.354067
2026-04-10 06:00:00+00:00,122,24,89.0,5.4,0.0,46.08084,14.45151
2026-04-10 06:00:00+00:00,127,24,93.0,4.9,0.0,46.151142,14.474522
2026-04-10 06:00:00+00:00,129,24,95.0,4.7,0.0,46.010544,14.571429
2026-04-10 06:00:00+00:00,177,24,119.0,3.7,0.0,45.65905,14.88189
2026-04-10 06:00:00+00:00,194,24,116.0,5.6,0.0,46.502636,15.024076
2026-04-10 06:00:00+00:00,236,24,118.0,6.2,0.0,45.79965,15.213271
2026-04-10 06:00:00+00:00,325,24,123.0,4.9,0.0,46.572933,15.62701
2026-04-10 06:00:00+00:00,391,24,132.0,3.5,0.0,46.71353,16.112904
2026-04-10 06:00:00+00:00,422,24,122.0,5.3,0.0,46.22144,15.21531
2026-04-10 06:00:00+00:00,425,24,121.0,5.4,0.0,45.940243,15.546751
2026-04-10 06:00:00+00:00,426,24,101.0,10.0,0.0,45.51845,13.704866
2026-04-10 12:00:00+00:00,63,24,511.0,15.8,0.0,46.432335,14.134615
2026-04-10 12:00:00+00:00,76,24,491.0,14.2,0.0,46.291737,14.233227
2026-04-10 12:00:00+00:00,106,24,477.0,14.5,0.0,46.22144,14.354067
2026-04-10 12:00:00+00:00,122,24,515.0,15.2,0.0,46.08084,14.45151
2026-04-10 12:00:00+00:00,127,24,485.0,13.8,0.0,46.151142,14.474522
2026-04-10 12:00:00+00:00,129,24,524.0,14.2,0.0,46.010544,14.571429
2026-04-10 12:00:00+00:00,177,24,547.0,11.5,0.0,45.65905,14.88189
2026-04-10 12:00:00+00:00,194,24,352.0,12.8,0.0,46.502636,15.024076
2026-04-10 12:00:00+00:00,236,24,586.0,14.8,0.0,45.79965,15.213271
2026-04-10 12:00:00+00:00,325,24,100.0,7.6,0.0,46.572933,15.62701
2026-04-10 12:00:00+00:00,391,24,129.0,7.9,0.1,46.71353,16.112904
2026-04-10 12:00:00+00:00,422,24,333.0,12.0,0.0,46.22144,15.21531
2026-04-10 12:00:00+00:00,425,24,374.0,12.7,0.0,45.940243,15.546751
2026-04-10 12:00:00+00:00,426,24,514.0,16.5,0.0,45.51845,13.704866
2026-04-10 18:00:00+00:00,63,24,7.0,10.1,0.0,46.432335,14.134615
2026-04-10 18:00:00+00:00,76,24,4.0,10.4,0.0,46.291737,14.233227
2026-04-10 18:00:00+00:00,106,24,4.0,11.3,0.0,46.22144,14.354067
2026-04-10 18:00:00+00:00,122,24,5.0,11.6,0.0,46.08084,14.45151
2026-04-10 18:00:00+00:00,127,24,4.0,10.1,0.0,46.151142,14.474522
2026-04-10 18:00:00+00:00,129,24,5.0,10.3,0.0,46.010544,14.571429
2026-04-10 18:00:00+00:00,177,24,8.0,6.3,0.0,45.65905,14.88189
2026-04-10 18:00:00+00:00,194,24,8.0,8.0,0.0,46.502636,15.024076
2026-04-10 18:00:00+00:00,236,24,9.0,9.6,0.0,45.79965,15.213271
2026-04-10 18:00:00+00:00,325,24,6.0,7.2,0.0,46.572933,15.62701
2026-04-10 18:00:00+00:00,391,24,7.0,5.9,0.0,46.71353,16.112904
2026-04-10 18:00:00+00:00,422,24,5.0,8.5,0.0,46.22144,15.21531
2026-04-10 18:00:00+00:00,425,24,5.0,9.1,0.1,45.940243,15.546751
2026-04-10 18:00:00+00:00,426,24,12.0,14.6,0.0,45.51845,13.704866
2026-04-10 01:00:00+00:00,63,1,0.0,2.4,0.0,46.432335,14.134615
2026-04-10 01:00:00+00:00,76,1,0.0,3.5,0.0,46.291737,14.233227
2026-04-10 01:00:00+00:00,106,1,0.0,4.6,0.0,46.22144,14.354067
2026-04-10 01:00:00+00:00,122,1,0.0,4.3,0.0,46.08084,14.45151
2026-04-10 01:00:00+00:00,127,1,0.0,3.2,0.0,46.151142,14.474522
2026-04-10 01:00:00+00:00,129,1,0.0,2.1,0.0,46.010544,14.571429
2026-04-10 01:00:00+00:00,177,1,0.0,-0.3,0.0,45.65905,14.88189
2026-04-10 01:00:00+00:00,194,1,0.0,3.8,0.0,46.502636,15.024076
2026-04-10 01:00:00+00:00,236,1,0.0,2.9,0.0,45.79965,15.213271
2026-04-10 01:00:00+00:00,325,1,0.0,3.5,0.0,46.572933,15.62701
2026-04-10 01:00:00+00:00,391,1,0.0,3.3,0.0,46.71353,16.112904
2026-04-10 01:00:00+00:00,422,1,0.0,3.5,0.0,46.22144,15.21531
2026-04-10 01:00:00+00:00,425,1,0.0,3.4,0.0,45.940243,15.546751
2026-04-10 01:00:00+00:00,426,1,0.0,7.6,0.0,45.51845,13.704866
2026-04-10 02:00:00+00:00,63,2,0.0,2.2,0.0,46.432335,14.134615
2026-04-10 02:00:00+00:00,76,2,0.0,3.3,0.0,46.291737,14.233227
2026-04-10 02:00:00+00:00,106,2,0.0,4.1,0.0,46.22144,14.354067
2026-04-10 02:00:00+00:00,122,2,0.0,3.5,0.0,46.08084,14.45151
2026-04-10 02:00:00+00:00,127,2,0.0,2.7,0.0,46.151142,14.474522
2026-04-10 02:00:00+00:00,129,2,0.0,1.6,0.0,46.010544,14.571429
2026-04-10 02:00:00+00:00,177,2,0.0,-0.3,0.0,45.65905,14.88189
2026-04-10 02:00:00+00:00,194,2,0.0,3.6,0.0,46.502636,15.024076
2026-04-10 02:00:00+00:00,236,2,0.0,3.2,0.0,45.79965,15.213271
2026-04-10 02:00:00+00:00,325,2,0.0,2.9,0.0,46.572933,15.62701
2026-04-10 02:00:00+00:00,391,2,0.0,2.7,0.0,46.71353,16.112904
2026-04-10 02:00:00+00:00,422,2,0.0,3.3,0.0,46.22144,15.21531
2026-04-10 02:00:00+00:00,425,2,0.0,2.7,0.0,45.940243,15.546751
2026-04-10 02:00:00+00:00,426,2,0.0,6.7,0.0,45.51845,13.704866
2026-04-10 03:00:00+00:00,63,3,0.0,2.3,0.0,46.432335,14.134615
2026-04-10 03:00:00+00:00,76,3,0.0,2.5,0.0,46.291737,14.233227
2026-04-10 03:00:00+00:00,106,3,0.0,3.3,0.0,46.22144,14.354067
2026-04-10 03:00:00+00:00,122,3,0.0,2.8,0.0,46.08084,14.45151
2026-04-10 03:00:00+00:00,127,3,0.0,2.4,0.0,46.151142,14.474522
2026-04-10 03:00:00+00:00,129,3,0.0,1.4,0.0,46.010544,14.571429
2026-04-10 03:00:00+00:00,177,3,0.0,-0.2,0.0,45.65905,14.88189
2026-04-10 03:00:00+00:00,194,3,0.0,2.5,0.0,46.502636,15.024076
2026-04-10 03:00:00+00:00,236,3,0.0,3.0,0.0,45.79965,15.213271
2026-04-10 03:00:00+00:00,325,3,0.0,2.9,0.0,46.572933,15.62701
2026-04-10 03:00:00+00:00,391,3,0.0,1.7,0.0,46.71353,16.112904
2026-04-10 03:00:00+00:00,422,3,0.0,3.0,0.0,46.22144,15.21531
2026-04-10 03:00:00+00:00,425,3,0.0,2.3,0.0,45.940243,15.546751
2026-04-10 03:00:00+00:00,426,3,0.0,6.8,0.0,45.51845,13.704866
2026-04-10 06:00:00+00:00,63,6,116.0,6.6,0.0,46.432335,14.134615
2026-04-10 06:00:00+00:00,76,6,117.0,6.1,0.0,46.291737,14.233227
2026-04-10 06:00:00+00:00,106,6,115.0,6.6,0.0,46.22144,14.354067
2026-04-10 06:00:00+00:00,122,6,113.0,5.5,0.0,46.08084,14.45151
2026-04-10 06:00:00+00:00,127,6,113.0,4.8,0.0,46.151142,14.474522
2026-04-10 06:00:00+00:00,129,6,113.0,4.8,0.0,46.010544,14.571429
2026-04-10 06:00:00+00:00,177,6,115.0,3.6,0.0,45.65905,14.88189
2026-04-10 06:00:00+00:00,194,6,74.0,5.9,0.0,46.502636,15.024076
2026-04-10 06:00:00+00:00,236,6,108.0,5.7,0.0,45.79965,15.213271
2026-04-10 06:00:00+00:00,325,6,47.0,4.5,0.0,46.572933,15.62701
2026-04-10 06:00:00+00:00,391,6,78.0,3.1,0.0,46.71353,16.112904
2026-04-10 06:00:00+00:00,422,6,99.0,4.9,0.0,46.22144,15.21531
2026-04-10 06:00:00+00:00,425,6,114.0,5.3,0.0,45.940243,15.546751
2026-04-10 06:00:00+00:00,426,6,102.0,9.7,0.0,45.51845,13.704866
2026-04-10 07:00:00+00:00,63,1,266.0,9.5,0.0,46.432335,14.134615
2026-04-10 07:00:00+00:00,76,1,258.0,8.8,0.0,46.291737,14.233227
2026-04-10 07:00:00+00:00,106,1,250.0,8.6,0.0,46.22144,14.354067
2026-04-10 07:00:00+00:00,122,1,253.0,7.2,0.0,46.08084,14.45151
2026-04-10 07:00:00+00:00,127,1,247.0,6.3,0.0,46.151142,14.474522
2026-04-10 07:00:00+00:00,129,1,260.0,6.9,0.0,46.010544,14.571429
2026-04-10 07:00:00+00:00,177,1,290.0,6.8,0.0,45.65905,14.88189
2026-04-10 07:00:00+00:00,194,1,173.0,7.9,0.0,46.502636,15.024076
2026-04-10 07:00:00+00:00,236,1,284.0,7.9,0.0,45.79965,15.213271
2026-04-10 07:00:00+00:00,325,1,112.0,5.1,0.0,46.572933,15.62701
2026-04-10 07:00:00+00:00,391,1,280.0,5.0,0.0,46.71353,16.112904
2026-04-10 07:00:00+00:00,422,1,270.0,6.6,0.0,46.22144,15.21531
2026-04-10 07:00:00+00:00,425,1,288.0,6.9,0.0,45.940243,15.546751
2026-04-10 07:00:00+00:00,426,1,243.0,12.8,0.0,45.51845,13.704866
2026-04-10 08:00:00+00:00,63,2,405.0,11.3,0.0,46.432335,14.134615
2026-04-10 08:00:00+00:00,76,2,445.0,10.3,0.0,46.291737,14.233227
2026-04-10 08:00:00+00:00,106,2,455.0,10.4,0.0,46.22144,14.354067
2026-04-10 08:00:00+00:00,122,2,434.0,10.0,0.0,46.08084,14.45151
2026-04-10 08:00:00+00:00,127,2,446.0,8.8,0.0,46.151142,14.474522
2026-04-10 08:00:00+00:00,129,2,429.0,9.6,0.0,46.010544,14.571429
2026-04-10 08:00:00+00:00,177,2,456.0,8.9,0.0,45.65905,14.88189
2026-04-10 08:00:00+00:00,194,2,353.0,10.3,0.0,46.502636,15.024076
2026-04-10 08:00:00+00:00,236,2,442.0,10.4,0.0,45.79965,15.213271
2026-04-10 08:00:00+00:00,325,2,134.0,5.9,0.0,46.572933,15.62701
2026-04-10 08:00:00+00:00,391,2,262.0,6.0,0.0,46.71353,16.112904
2026-04-10 08:00:00+00:00,422,2,449.0,9.0,0.0,46.22144,15.21531
2026-04-10 08:00:00+00:00,425,2,435.0,8.6,0.0,45.940243,15.546751
2026-04-10 08:00:00+00:00,426,2,431.0,15.5,0.0,45.51845,13.704866
2026-04-10 09:00:00+00:00,63,3,601.0,13.4,0.0,46.432335,14.134615
2026-04-10 09:00:00+00:00,76,3,609.0,11.8,0.0,46.291737,14.233227
2026-04-10 09:00:00+00:00,106,3,607.0,12.2,0.0,46.22144,14.354067
2026-04-10 09:00:00+00:00,122,3,604.0,12.4,0.0,46.08084,14.45151
2026-04-10 09:00:00+00:00,127,3,602.0,10.9,0.0,46.151142,14.474522
2026-04-10 09:00:00+00:00,129,3,604.0,12.0,0.0,46.010544,14.571429
2026-04-10 09:00:00+00:00,177,3,622.0,10.3,0.0,45.65905,14.88189
2026-04-10 09:00:00+00:00,194,3,603.0,12.8,0.0,46.502636,15.024076
2026-04-10 09:00:00+00:00,236,3,613.0,12.7,0.0,45.79965,15.213271
2026-04-10 09:00:00+00:00,325,3,207.0,6.8,0.0,46.572933,15.62701
2026-04-10 09:00:00+00:00,391,3,130.0,6.1,0.0,46.71353,16.112904
2026-04-10 09:00:00+00:00,422,3,614.0,11.6,0.0,46.22144,15.21531
2026-04-10 09:00:00+00:00,425,3,604.0,10.7,0.0,45.940243,15.546751
2026-04-10 09:00:00+00:00,426,3,604.0,16.8,0.0,45.51845,13.704866
2026-04-10 12:00:00+00:00,63,6,712.0,16.8,0.0,46.432335,14.134615
2026-04-10 12:00:00+00:00,76,6,581.0,15.4,0.0,46.291737,14.233227
2026-04-10 12:00:00+00:00,106,6,552.0,15.3,0.0,46.22144,14.354067
2026-04-10 12:00:00+00:00,122,6,434.0,14.9,0.0,46.08084,14.45151
2026-04-10 12:00:00+00:00,127,6,530.0,14.0,0.0,46.151142,14.474522
2026-04-10 12:00:00+00:00,129,6,452.0,14.5,0.0,46.010544,14.571429
2026-04-10 12:00:00+00:00,177,6,345.0,11.3,0.0,45.65905,14.88189
2026-04-10 12:00:00+00:00,194,6,276.0,13.0,0.0,46.502636,15.024076
2026-04-10 12:00:00+00:00,236,6,316.0,14.5,0.0,45.79965,15.213271
2026-04-10 12:00:00+00:00,325,6,265.0,9.2,0.0,46.572933,15.62701
2026-04-10 12:00:00+00:00,391,6,191.0,7.6,0.0,46.71353,16.112904
2026-04-10 12:00:00+00:00,422,6,545.0,13.8,0.0,46.22144,15.21531
2026-04-10 12:00:00+00:00,425,6,396.0,13.0,0.0,45.940243,15.546751
2026-04-10 12:00:00+00:00,426,6,688.0,17.5,0.0,45.51845,13.704866
2026-04-10 13:00:00+00:00,63,1,370.0,15.0,0.0,46.432335,14.134615
2026-04-10 13:00:00+00:00,76,1,366.0,14.9,0.0,46.291737,14.233227
2026-04-10 13:00:00+00:00,106,1,338.0,14.7,0.0,46.22144,14.354067
2026-04-10 13:00:00+00:00,122,1,376.0,14.9,0.0,46.08084,14.45151
2026-04-10 13:00:00+00:00,127,1,338.0,13.7,0.0,46.151142,14.474522
2026-04-10 13:00:00+00:00,129,1,426.0,14.7,0.0,46.010544,14.571429
2026-04-10 13:00:00+00:00,177,1,515.0,11.3,0.0,45.65905,14.88189
2026-04-10 13:00:00+00:00,194,1,313.0,13.6,0.0,46.502636,15.024076
2026-04-10 13:00:00+00:00,236,1,538.0,15.4,0.0,45.79965,15.213271
2026-04-10 13:00:00+00:00,325,1,183.0,7.7,0.0,46.572933,15.62701
2026-04-10 13:00:00+00:00,391,1,94.0,6.0,0.2,46.71353,16.112904
2026-04-10 13:00:00+00:00,422,1,320.0,12.7,0.0,46.22144,15.21531
2026-04-10 13:00:00+00:00,425,1,303.0,13.4,0.0,45.940243,15.546751
2026-04-10 13:00:00+00:00,426,1,517.0,16.4,0.0,45.51845,13.704866
2026-04-10 14:00:00+00:00,63,2,327.0,15.6,0.0,46.432335,14.134615
2026-04-10 14:00:00+00:00,76,2,237.0,15.0,0.0,46.291737,14.233227
2026-04-10 14:00:00+00:00,106,2,224.0,14.7,0.0,46.22144,14.354067
2026-04-10 14:00:00+00:00,122,2,294.0,14.6,0.0,46.08084,14.45151
2026-04-10 14:00:00+00:00,127,2,257.0,13.5,0.0,46.151142,14.474522
2026-04-10 14:00:00+00:00,129,2,316.0,14.1,0.0,46.010544,14.571429
2026-04-10 14:00:00+00:00,177,2,394.0,10.9,0.0,45.65905,14.88189
2026-04-10 14:00:00+00:00,194,2,167.0,11.3,0.2,46.502636,15.024076
2026-04-10 14:00:00+00:00,236,2,446.0,15.3,0.0,45.79965,15.213271
2026-04-10 14:00:00+00:00,325,2,309.0,8.2,0.1,46.572933,15.62701
2026-04-10 14:00:00+00:00,391,2,111.0,5.9,0.3,46.71353,16.112904
2026-04-10 14:00:00+00:00,422,2,219.0,11.1,0.0,46.22144,15.21531
2026-04-10 14:00:00+00:00,425,2,200.0,13.4,0.0,45.940243,15.546751
2026-04-10 14:00:00+00:00,426,2,504.0,16.4,0.0,45.51845,13.704866
2026-04-10 15:00:00+00:00,63,3,257.0,15.2,0.0,46.432335,14.134615
2026-04-10 15:00:00+00:00,76,3,188.0,14.4,0.0,46.291737,14.233227
2026-04-10 15:00:00+00:00,106,3,203.0,14.7,0.0,46.22144,14.354067
2026-04-10 15:00:00+00:00,122,3,194.0,13.9,0.0,46.08084,14.45151
2026-04-10 15:00:00+00:00,127,3,221.0,13.7,0.0,46.151142,14.474522
2026-04-10 15:00:00+00:00,129,3,164.0,13.1,0.0,46.010544,14.571429
2026-04-10 15:00:00+00:00,177,3,308.0,10.3,0.0,45.65905,14.88189
2026-04-10 15:00:00+00:00,194,3,238.0,10.5,0.2,46.502636,15.024076
2026-04-10 15:00:00+00:00,236,3,194.0,14.1,0.0,45.79965,15.213271
2026-04-10 15:00:00+00:00,325,3,109.0,7.0,0.4,46.572933,15.62701
2026-04-10 15:00:00+00:00,391,3,117.0,6.1,0.5,46.71353,16.112904
2026-04-10 15:00:00+00:00,422,3,101.0,9.0,0.0,46.22144,15.21531
2026-04-10 15:00:00+00:00,425,3,110.0,9.5,0.0,45.940243,15.546751
2026-04-10 15:00:00+00:00,426,3,460.0,16.6,0.0,45.51845,13.704866
2026-04-10 18:00:00+00:00,63,6,6.0,10.2,0.1,46.432335,14.134615
2026-04-10 18:00:00+00:00,76,6,5.0,10.0,0.1,46.291737,14.233227
2026-04-10 18:00:00+00:00,106,6,4.0,10.6,0.0,46.22144,14.354067
2026-04-10 18:00:00+00:00,122,6,4.0,10.3,0.1,46.08084,14.45151
2026-04-10 18:00:00+00:00,127,6,4.0,9.3,0.0,46.151142,14.474522
2026-04-10 18:00:00+00:00,129,6,6.0,8.7,0.1,46.010544,14.571429
2026-04-10 18:00:00+00:00,177,6,12.0,4.5,0.0,45.65905,14.88189
2026-04-10 18:00:00+00:00,194,6,5.0,6.6,0.2,46.502636,15.024076
2026-04-10 18:00:00+00:00,236,6,10.0,7.4,0.0,45.79965,15.213271
2026-04-10 18:00:00+00:00,325,6,7.0,5.8,0.1,46.572933,15.62701
2026-04-10 18:00:00+00:00,391,6,3.0,4.5,0.0,46.71353,16.112904
2026-04-10 18:00:00+00:00,422,6,6.0,5.3,0.0,46.22144,15.21531
2026-04-10 18:00:00+00:00,425,6,4.0,6.4,0.2,45.940243,15.546751
2026-04-10 18:00:00+00:00,426,6,13.0,14.4,0.0,45.51845,13.704866
2026-04-10 19:00:00+00:00,63,1,0.0,9.4,0.0,46.432335,14.134615
2026-04-10 19:00:00+00:00,76,1,0.0,9.0,0.0,46.291737,14.233227
2026-04-10 19:00:00+00:00,106,1,0.0,9.3,0.0,46.22144,14.354067
2026-04-10 19:00:00+00:00,122,1,0.0,8.9,0.4,46.08084,14.45151
2026-04-10 19:00:00+00:00,127,1,0.0,8.1,0.1,46.151142,14.474522
2026-04-10 19:00:00+00:00,129,1,0.0,7.4,0.4,46.010544,14.571429
2026-04-10 19:00:00+00:00,177,1,0.0,5.0,0.1,45.65905,14.88189
2026-04-10 19:00:00+00:00,194,1,0.0,6.8,0.0,46.502636,15.024076
2026-04-10 19:00:00+00:00,236,1,0.0,7.8,0.0,45.79965,15.213271
2026-04-10 19:00:00+00:00,325,1,0.0,6.0,0.0,46.572933,15.62701
2026-04-10 19:00:00+00:00,391,1,0.0,4.5,0.0,46.71353,16.112904
2026-04-10 19:00:00+00:00,422,1,0.0,6.3,0.0,46.22144,15.21531
2026-04-10 19:00:00+00:00,425,1,0.0,7.1,0.0,45.940243,15.546751
2026-04-10 19:00:00+00:00,426,1,0.0,13.9,0.0,45.51845,13.704866
2026-04-10 20:00:00+00:00,63,2,0.0,8.3,0.0,46.432335,14.134615
2026-04-10 20:00:00+00:00,76,2,0.0,7.1,0.0,46.291737,14.233227
2026-04-10 20:00:00+00:00,106,2,0.0,7.7,0.0,46.22144,14.354067
2026-04-10 20:00:00+00:00,122,2,0.0,7.8,0.0,46.08084,14.45151
2026-04-10 20:00:00+00:00,127,2,0.0,6.8,0.0,46.151142,14.474522
2026-04-10 20:00:00+00:00,129,2,0.0,6.6,0.0,46.010544,14.571429
2026-04-10 20:00:00+00:00,177,2,0.0,4.0,0.4,45.65905,14.88189
2026-04-10 20:00:00+00:00,194,2,0.0,6.0,0.0,46.502636,15.024076
2026-04-10 20:00:00+00:00,236,2,0.0,7.8,0.0,45.79965,15.213271
2026-04-10 20:00:00+00:00,325,2,0.0,5.8,0.0,46.572933,15.62701
2026-04-10 20:00:00+00:00,391,2,0.0,4.1,0.0,46.71353,16.112904
2026-04-10 20:00:00+00:00,422,2,0.0,6.0,0.0,46.22144,15.21531
2026-04-10 20:00:00+00:00,425,2,0.0,6.7,0.0,45.940243,15.546751
2026-04-10 20:00:00+00:00,426,2,0.0,12.5,0.0,45.51845,13.704866
2026-04-10 21:00:00+00:00,63,3,0.0,7.2,0.0,46.432335,14.134615
2026-04-10 21:00:00+00:00,76,3,0.0,6.4,0.0,46.291737,14.233227
2026-04-10 21:00:00+00:00,106,3,0.0,7.4,0.0,46.22144,14.354067
2026-04-10 21:00:00+00:00,122,3,0.0,7.3,0.0,46.08084,14.45151
2026-04-10 21:00:00+00:00,127,3,0.0,6.6,0.0,46.151142,14.474522
2026-04-10 21:00:00+00:00,129,3,0.0,6.0,0.0,46.010544,14.571429
2026-04-10 21:00:00+00:00,177,3,0.0,3.1,0.0,45.65905,14.88189
2026-04-10 21:00:00+00:00,194,3,0.0,6.0,0.0,46.502636,15.024076
2026-04-10 21:00:00+00:00,236,3,0.0,7.4,0.0,45.79965,15.213271
2026-04-10 21:00:00+00:00,325,3,0.0,5.0,0.0,46.572933,15.62701
2026-04-10 21:00:00+00:00,391,3,0.0,3.7,0.0,46.71353,16.112904
2026-04-10 21:00:00+00:00,422,3,0.0,5.8,0.0,46.22144,15.21531
2026-04-10 21:00:00+00:00,425,3,0.0,6.5,0.0,45.940243,15.546751
2026-04-10 21:00:00+00:00,426,3,0.0,10.9,0.0,45.51845,13.704866
2026-04-11 00:00:00+00:00,63,6,0.0,5.6,0.0,46.432335,14.134615
2026-04-11 00:00:00+00:00,63,24,0.0,6.4,0.0,46.432335,14.134615
2026-04-11 00:00:00+00:00,76,6,0.0,5.4,0.0,46.291737,14.233227
2026-04-11 00:00:00+00:00,76,24,0.0,4.9,0.0,46.291737,14.233227
2026-04-11 00:00:00+00:00,106,6,0.0,6.3,0.0,46.22144,14.354067
2026-04-11 00:00:00+00:00,106,24,0.0,5.9,0.0,46.22144,14.354067
2026-04-11 00:00:00+00:00,122,6,0.0,7.1,0.0,46.08084,14.45151
2026-04-11 00:00:00+00:00,122,24,0.0,6.1,0.0,46.08084,14.45151
2026-04-11 00:00:00+00:00,127,6,0.0,6.0,0.0,46.151142,14.474522
2026-04-11 00:00:00+00:00,127,24,0.0,5.2,0.0,46.151142,14.474522
2026-04-11 00:00:00+00:00,129,6,0.0,5.8,0.0,46.010544,14.571429
2026-04-11 00:00:00+00:00,129,24,0.0,5.0,0.0,46.010544,14.571429
2026-04-11 00:00:00+00:00,177,6,0.0,2.4,0.0,45.65905,14.88189
2026-04-11 00:00:00+00:00,177,24,0.0,2.1,0.0,45.65905,14.88189
2026-04-11 00:00:00+00:00,194,6,0.0,4.8,0.0,46.502636,15.024076
2026-04-11 00:00:00+00:00,194,24,0.0,3.9,0.0,46.502636,15.024076
2026-04-11 00:00:00+00:00,236,6,0.0,6.4,0.0,45.79965,15.213271
2026-04-11 00:00:00+00:00,236,24,0.0,4.6,0.0,45.79965,15.213271
2026-04-11 00:00:00+00:00,325,6,0.0,4.6,0.0,46.572933,15.62701
2026-04-11 00:00:00+00:00,325,24,0.0,4.4,0.0,46.572933,15.62701
2026-04-11 00:00:00+00:00,391,6,0.0,4.4,0.0,46.71353,16.112904
2026-04-11 00:00:00+00:00,391,24,0.0,4.3,0.0,46.71353,16.112904
2026-04-11 00:00:00+00:00,422,6,0.0,5.0,0.0,46.22144,15.21531
2026-04-11 00:00:00+00:00,422,24,0.0,4.1,0.0,46.22144,15.21531
2026-04-11 00:00:00+00:00,425,6,0.0,5.7,0.0,45.940243,15.546751
2026-04-11 00:00:00+00:00,425,24,0.0,4.0,0.0,45.940243,15.546751
2026-04-11 00:00:00+00:00,426,6,0.0,8.7,0.0,45.51845,13.704866
2026-04-11 00:00:00+00:00,426,24,0.0,9.9,0.0,45.51845,13.704866
2026-04-11 06:00:00+00:00,63,24,62.0,5.9,0.0,46.432335,14.134615
2026-04-11 06:00:00+00:00,76,24,75.0,4.6,0.0,46.291737,14.233227
2026-04-11 06:00:00+00:00,106,24,87.0,5.2,0.0,46.22144,14.354067
2026-04-11 06:00:00+00:00,122,24,90.0,5.2,0.0,46.08084,14.45151
2026-04-11 06:00:00+00:00,127,24,93.0,4.4,0.0,46.151142,14.474522
2026-04-11 06:00:00+00:00,129,24,90.0,4.4,0.0,46.010544,14.571429
2026-04-11 06:00:00+00:00,177,24,64.0,1.8,0.0,45.65905,14.88189
2026-04-11 06:00:00+00:00,194,24,77.0,4.4,0.0,46.502636,15.024076
2026-04-11 06:00:00+00:00,236,24,85.0,4.6,0.0,45.79965,15.213271
2026-04-11 06:00:00+00:00,325,24,66.0,5.8,0.0,46.572933,15.62701
2026-04-11 06:00:00+00:00,391,24,114.0,4.3,0.0,46.71353,16.112904
2026-04-11 06:00:00+00:00,422,24,90.0,4.4,0.0,46.22144,15.21531
2026-04-11 06:00:00+00:00,425,24,89.0,5.4,0.0,45.940243,15.546751
2026-04-11 06:00:00+00:00,426,24,83.0,11.1,0.0,45.51845,13.704866
2026-04-11 12:00:00+00:00,63,24,429.0,14.6,0.0,46.432335,14.134615
2026-04-11 12:00:00+00:00,76,24,656.0,13.9,0.0,46.291737,14.233227
2026-04-11 12:00:00+00:00,106,24,754.0,14.7,0.0,46.22144,14.354067
2026-04-11 12:00:00+00:00,122,24,778.0,16.1,0.0,46.08084,14.45151
2026-04-11 12:00:00+00:00,127,24,768.0,14.2,0.0,46.151142,14.474522
2026-04-11 12:00:00+00:00,129,24,758.0,14.9,0.0,46.010544,14.571429
2026-04-11 12:00:00+00:00,177,24,722.0,11.6,0.0,45.65905,14.88189
2026-04-11 12:00:00+00:00,194,24,475.0,13.3,0.0,46.502636,15.024076
2026-04-11 12:00:00+00:00,236,24,708.0,15.5,0.0,45.79965,15.213271
2026-04-11 12:00:00+00:00,325,24,495.0,12.9,0.0,46.572933,15.62701
2026-04-11 12:00:00+00:00,391,24,431.0,12.5,0.0,46.71353,16.112904
2026-04-11 12:00:00+00:00,422,24,605.0,14.7,0.0,46.22144,15.21531
2026-04-11 12:00:00+00:00,425,24,625.0,14.1,0.0,45.940243,15.546751
2026-04-11 12:00:00+00:00,426,24,756.0,17.5,0.0,45.51845,13.704866
2026-04-11 18:00:00+00:00,63,24,21.0,10.8,0.0,46.432335,14.134615
2026-04-11 18:00:00+00:00,76,24,19.0,12.0,0.0,46.291737,14.233227
2026-04-11 18:00:00+00:00,106,24,18.0,12.9,0.0,46.22144,14.354067
2026-04-11 18:00:00+00:00,122,24,17.0,13.7,0.0,46.08084,14.45151
2026-04-11 18:00:00+00:00,127,24,17.0,11.3,0.0,46.151142,14.474522
2026-04-11 18:00:00+00:00,129,24,17.0,12.2,0.0,46.010544,14.571429
2026-04-11 18:00:00+00:00,177,24,16.0,7.2,0.0,45.65905,14.88189
2026-04-11 18:00:00+00:00,194,24,13.0,11.2,0.0,46.502636,15.024076
2026-04-11 18:00:00+00:00,236,24,14.0,10.7,0.0,45.79965,15.213271
2026-04-11 18:00:00+00:00,325,24,13.0,10.3,0.0,46.572933,15.62701
2026-04-11 18:00:00+00:00,391,24,11.0,9.2,0.0,46.71353,16.112904
2026-04-11 18:00:00+00:00,422,24,14.0,11.3,0.0,46.22144,15.21531
2026-04-11 18:00:00+00:00,425,24,13.0,10.3,0.0,45.940243,15.546751
2026-04-11 18:00:00+00:00,426,24,20.0,13.8,0.0,45.51845,13.704866
2026-04-11 01:00:00+00:00,63,1,0.0,5.7,0.0,46.432335,14.134615
2026-04-11 01:00:00+00:00,76,1,0.0,4.6,0.0,46.291737,14.233227
2026-04-11 01:00:00+00:00,106,1,0.0,5.3,0.0,46.22144,14.354067
2026-04-11 01:00:00+00:00,122,1,0.0,6.1,0.0,46.08084,14.45151
2026-04-11 01:00:00+00:00,127,1,0.0,5.0,0.0,46.151142,14.474522
2026-04-11 01:00:00+00:00,129,1,0.0,5.4,0.0,46.010544,14.571429
2026-04-11 01:00:00+00:00,177,1,0.0,2.2,0.0,45.65905,14.88189
2026-04-11 01:00:00+00:00,194,1,0.0,4.1,0.0,46.502636,15.024076
2026-04-11 01:00:00+00:00,236,1,0.0,6.4,0.0,45.79965,15.213271
2026-04-11 01:00:00+00:00,325,1,0.0,4.4,0.0,46.572933,15.62701
2026-04-11 01:00:00+00:00,391,1,0.0,4.3,0.0,46.71353,16.112904
2026-04-11 01:00:00+00:00,422,1,0.0,4.8,0.0,46.22144,15.21531
2026-04-11 01:00:00+00:00,425,1,0.0,5.4,0.0,45.940243,15.546751
2026-04-11 01:00:00+00:00,426,1,0.0,10.0,0.0,45.51845,13.704866
2026-04-11 02:00:00+00:00,63,2,0.0,5.1,0.0,46.432335,14.134615
2026-04-11 02:00:00+00:00,76,2,0.0,4.1,0.0,46.291737,14.233227
2026-04-11 02:00:00+00:00,106,2,0.0,4.7,0.0,46.22144,14.354067
2026-04-11 02:00:00+00:00,122,2,0.0,5.6,0.0,46.08084,14.45151
2026-04-11 02:00:00+00:00,127,2,0.0,4.4,0.0,46.151142,14.474522
2026-04-11 02:00:00+00:00,129,2,0.0,5.0,0.0,46.010544,14.571429
2026-04-11 02:00:00+00:00,177,2,0.0,2.0,0.0,45.65905,14.88189
2026-04-11 02:00:00+00:00,194,2,0.0,3.4,0.0,46.502636,15.024076
2026-04-11 02:00:00+00:00,236,2,0.0,5.7,0.0,45.79965,15.213271
2026-04-11 02:00:00+00:00,325,2,0.0,3.8,0.0,46.572933,15.62701
2026-04-11 02:00:00+00:00,391,2,0.0,4.2,0.0,46.71353,16.112904
2026-04-11 02:00:00+00:00,422,2,0.0,4.5,0.0,46.22144,15.21531
2026-04-11 02:00:00+00:00,425,2,0.0,4.6,0.0,45.940243,15.546751
2026-04-11 02:00:00+00:00,426,2,0.0,9.9,0.0,45.51845,13.704866
2026-04-11 03:00:00+00:00,63,3,0.0,4.1,0.0,46.432335,14.134615
2026-04-11 03:00:00+00:00,76,3,0.0,3.2,0.0,46.291737,14.233227
2026-04-11 03:00:00+00:00,106,3,0.0,4.3,0.0,46.22144,14.354067
2026-04-11 03:00:00+00:00,122,3,0.0,4.8,0.0,46.08084,14.45151
2026-04-11 03:00:00+00:00,127,3,0.0,3.8,0.0,46.151142,14.474522
2026-04-11 03:00:00+00:00,129,3,0.0,4.2,0.0,46.010544,14.571429
2026-04-11 03:00:00+00:00,177,3,0.0,0.0,0.0,45.65905,14.88189
2026-04-11 03:00:00+00:00,194,3,0.0,3.1,0.0,46.502636,15.024076
2026-04-11 03:00:00+00:00,236,3,0.0,4.2,0.0,45.79965,15.213271
2026-04-11 03:00:00+00:00,325,3,0.0,3.1,0.0,46.572933,15.62701
2026-04-11 03:00:00+00:00,391,3,0.0,3.5,0.0,46.71353,16.112904
2026-04-11 03:00:00+00:00,422,3,0.0,4.1,0.0,46.22144,15.21531
2026-04-11 03:00:00+00:00,425,3,0.0,3.8,0.0,45.940243,15.546751
2026-04-11 03:00:00+00:00,426,3,0.0,9.2,0.0,45.51845,13.704866
2026-04-11 06:00:00+00:00,63,6,115.0,6.0,0.0,46.432335,14.134615
2026-04-11 06:00:00+00:00,76,6,108.0,4.4,0.0,46.291737,14.233227
2026-04-11 06:00:00+00:00,106,6,99.0,5.5,0.0,46.22144,14.354067
2026-04-11 06:00:00+00:00,122,6,98.0,5.8,0.0,46.08084,14.45151
2026-04-11 06:00:00+00:00,127,6,97.0,5.0,0.0,46.151142,14.474522
2026-04-11 06:00:00+00:00,129,6,104.0,5.1,0.0,46.010544,14.571429
2026-04-11 06:00:00+00:00,177,6,83.0,2.4,0.0,45.65905,14.88189
2026-04-11 06:00:00+00:00,194,6,76.0,4.8,0.0,46.502636,15.024076
2026-04-11 06:00:00+00:00,236,6,104.0,5.6,0.0,45.79965,15.213271
2026-04-11 06:00:00+00:00,325,6,113.0,6.4,0.0,46.572933,15.62701
2026-04-11 06:00:00+00:00,391,6,111.0,5.0,0.0,46.71353,16.112904
2026-04-11 06:00:00+00:00,422,6,98.0,4.5,0.0,46.22144,15.21531
2026-04-11 06:00:00+00:00,425,6,116.0,5.6,0.0,45.940243,15.546751
2026-04-11 06:00:00+00:00,426,6,101.0,11.2,0.0,45.51845,13.704866
2026-04-11 07:00:00+00:00,63,1,231.0,7.4,0.0,46.432335,14.134615
2026-04-11 07:00:00+00:00,76,1,229.0,5.8,0.0,46.291737,14.233227
2026-04-11 07:00:00+00:00,106,1,218.0,6.8,0.0,46.22144,14.354067
2026-04-11 07:00:00+00:00,122,1,162.0,7.3,0.0,46.08084,14.45151
2026-04-11 07:00:00+00:00,127,1,191.0,6.5,0.0,46.151142,14.474522
2026-04-11 07:00:00+00:00,129,1,153.0,6.7,0.0,46.010544,14.571429
2026-04-11 07:00:00+00:00,177,1,141.0,4.0,0.0,45.65905,14.88189
2026-04-11 07:00:00+00:00,194,1,199.0,6.2,0.0,46.502636,15.024076
2026-04-11 07:00:00+00:00,236,1,207.0,7.7,0.0,45.79965,15.213271
2026-04-11 07:00:00+00:00,325,1,249.0,7.6,0.0,46.572933,15.62701
2026-04-11 07:00:00+00:00,391,1,166.0,6.3,0.0,46.71353,16.112904
2026-04-11 07:00:00+00:00,422,1,206.0,6.1,0.0,46.22144,15.21531
2026-04-11 07:00:00+00:00,425,1,237.0,7.1,0.0,45.940243,15.546751
2026-04-11 07:00:00+00:00,426,1,220.0,14.8,0.0,45.51845,13.704866
2026-04-11 08:00:00+00:00,63,2,428.0,9.9,0.0,46.432335,14.134615
2026-04-11 08:00:00+00:00,76,2,411.0,8.0,0.0,46.291737,14.233227
2026-04-11 08:00:00+00:00,106,2,393.0,8.6,0.0,46.22144,14.354067
2026-04-11 08:00:00+00:00,122,2,267.0,8.7,0.0,46.08084,14.45151
2026-04-11 08:00:00+00:00,127,2,337.0,8.0,0.0,46.151142,14.474522
2026-04-11 08:00:00+00:00,129,2,246.0,8.1,0.0,46.010544,14.571429
2026-04-11 08:00:00+00:00,177,2,214.0,4.9,0.0,45.65905,14.88189
2026-04-11 08:00:00+00:00,194,2,316.0,7.9,0.0,46.502636,15.024076
2026-04-11 08:00:00+00:00,236,2,310.0,9.5,0.0,45.79965,15.213271
2026-04-11 08:00:00+00:00,325,2,394.0,9.4,0.0,46.572933,15.62701
2026-04-11 08:00:00+00:00,391,2,320.0,7.9,0.0,46.71353,16.112904
2026-04-11 08:00:00+00:00,422,2,354.0,8.3,0.0,46.22144,15.21531
2026-04-11 08:00:00+00:00,425,2,370.0,8.7,0.0,45.940243,15.546751
2026-04-11 08:00:00+00:00,426,2,363.0,16.8,0.0,45.51845,13.704866
2026-04-11 09:00:00+00:00,63,3,571.0,12.1,0.0,46.432335,14.134615
2026-04-11 09:00:00+00:00,76,3,550.0,9.9,0.0,46.291737,14.233227
2026-04-11 09:00:00+00:00,106,3,507.0,10.6,0.0,46.22144,14.354067
2026-04-11 09:00:00+00:00,122,3,429.0,10.7,0.0,46.08084,14.45151
2026-04-11 09:00:00+00:00,127,3,458.0,9.7,0.0,46.151142,14.474522
2026-04-11 09:00:00+00:00,129,3,413.0,10.0,0.0,46.010544,14.571429
2026-04-11 09:00:00+00:00,177,3,286.0,6.1,0.0,45.65905,14.88189
2026-04-11 09:00:00+00:00,194,3,347.0,9.2,0.0,46.502636,15.024076
2026-04-11 09:00:00+00:00,236,3,362.0,10.9,0.0,45.79965,15.213271
2026-04-11 09:00:00+00:00,325,3,317.0,10.2,0.0,46.572933,15.62701
2026-04-11 09:00:00+00:00,391,3,508.0,9.4,0.0,46.71353,16.112904
2026-04-11 09:00:00+00:00,422,3,329.0,9.8,0.0,46.22144,15.21531
2026-04-11 09:00:00+00:00,425,3,420.0,10.0,0.0,45.940243,15.546751
2026-04-11 09:00:00+00:00,426,3,507.0,17.9,0.0,45.51845,13.704866
2026-04-11 12:00:00+00:00,63,6,467.0,14.6,0.0,46.432335,14.134615
2026-04-11 12:00:00+00:00,76,6,643.0,14.0,0.0,46.291737,14.233227
2026-04-11 12:00:00+00:00,106,6,711.0,14.6,0.0,46.22144,14.354067
2026-04-11 12:00:00+00:00,122,6,741.0,15.9,0.0,46.08084,14.45151
2026-04-11 12:00:00+00:00,127,6,718.0,14.2,0.0,46.151142,14.474522
2026-04-11 12:00:00+00:00,129,6,730.0,14.7,0.0,46.010544,14.571429
2026-04-11 12:00:00+00:00,177,6,625.0,11.4,0.0,45.65905,14.88189
2026-04-11 12:00:00+00:00,194,6,517.0,13.6,0.0,46.502636,15.024076
2026-04-11 12:00:00+00:00,236,6,670.0,14.2,0.0,45.79965,15.213271
2026-04-11 12:00:00+00:00,325,6,653.0,14.5,0.0,46.572933,15.62701
2026-04-11 12:00:00+00:00,391,6,481.0,12.6,0.0,46.71353,16.112904
2026-04-11 12:00:00+00:00,422,6,621.0,16.2,0.0,46.22144,15.21531
2026-04-11 12:00:00+00:00,425,6,640.0,14.3,0.0,45.940243,15.546751
2026-04-11 12:00:00+00:00,426,6,787.0,18.6,0.0,45.51845,13.704866
2026-04-11 13:00:00+00:00,63,1,478.0,16.5,0.0,46.432335,14.134615
2026-04-11 13:00:00+00:00,76,1,533.0,15.5,0.0,46.291737,14.233227
2026-04-11 13:00:00+00:00,106,1,640.0,15.6,0.0,46.22144,14.354067
2026-04-11 13:00:00+00:00,122,1,720.0,17.0,0.0,46.08084,14.45151
2026-04-11 13:00:00+00:00,127,1,723.0,15.3,0.0,46.151142,14.474522
2026-04-11 13:00:00+00:00,129,1,735.0,16.1,0.0,46.010544,14.571429
2026-04-11 13:00:00+00:00,177,1,651.0,12.9,0.0,45.65905,14.88189
2026-04-11 13:00:00+00:00,194,1,480.0,14.4,0.0,46.502636,15.024076
2026-04-11 13:00:00+00:00,236,1,707.0,15.1,0.0,45.79965,15.213271
2026-04-11 13:00:00+00:00,325,1,558.0,15.6,0.0,46.572933,15.62701
2026-04-11 13:00:00+00:00,391,1,453.0,13.3,0.0,46.71353,16.112904
2026-04-11 13:00:00+00:00,422,1,609.0,15.7,0.0,46.22144,15.21531
2026-04-11 13:00:00+00:00,425,1,580.0,14.8,0.0,45.940243,15.546751
2026-04-11 13:00:00+00:00,426,1,724.0,17.5,0.0,45.51845,13.704866
2026-04-11 14:00:00+00:00,63,2,371.0,16.9,0.0,46.432335,14.134615
2026-04-11 14:00:00+00:00,76,2,439.0,16.4,0.0,46.291737,14.233227
2026-04-11 14:00:00+00:00,106,2,538.0,16.3,0.0,46.22144,14.354067
2026-04-11 14:00:00+00:00,122,2,572.0,17.5,0.0,46.08084,14.45151
2026-04-11 14:00:00+00:00,127,2,594.0,15.7,0.0,46.151142,14.474522
2026-04-11 14:00:00+00:00,129,2,574.0,16.5,0.0,46.010544,14.571429
2026-04-11 14:00:00+00:00,177,2,544.0,12.8,0.0,45.65905,14.88189
2026-04-11 14:00:00+00:00,194,2,520.0,15.0,0.0,46.502636,15.024076
2026-04-11 14:00:00+00:00,236,2,606.0,15.9,0.0,45.79965,15.213271
2026-04-11 14:00:00+00:00,325,2,455.0,14.4,0.0,46.572933,15.62701
2026-04-11 14:00:00+00:00,391,2,355.0,13.6,0.0,46.71353,16.112904
2026-04-11 14:00:00+00:00,422,2,566.0,16.1,0.0,46.22144,15.21531
2026-04-11 14:00:00+00:00,425,2,590.0,15.2,0.0,45.940243,15.546751
2026-04-11 14:00:00+00:00,426,2,639.0,17.0,0.0,45.51845,13.704866
2026-04-11 15:00:00+00:00,63,3,330.0,16.8,0.0,46.432335,14.134615
2026-04-11 15:00:00+00:00,76,3,406.0,17.6,0.0,46.291737,14.233227
2026-04-11 15:00:00+00:00,106,3,441.0,17.1,0.0,46.22144,14.354067
2026-04-11 15:00:00+00:00,122,3,439.0,17.4,0.0,46.08084,14.45151
2026-04-11 15:00:00+00:00,127,3,448.0,15.7,0.0,46.151142,14.474522
2026-04-11 15:00:00+00:00,129,3,436.0,16.0,0.0,46.010544,14.571429
2026-04-11 15:00:00+00:00,177,3,378.0,11.7,0.0,45.65905,14.88189
2026-04-11 15:00:00+00:00,194,3,211.0,14.1,0.0,46.502636,15.024076
2026-04-11 15:00:00+00:00,236,3,448.0,16.2,0.0,45.79965,15.213271
2026-04-11 15:00:00+00:00,325,3,355.0,13.4,0.0,46.572933,15.62701
2026-04-11 15:00:00+00:00,391,3,312.0,13.3,0.0,46.71353,16.112904
2026-04-11 15:00:00+00:00,422,3,409.0,16.1,0.0,46.22144,15.21531
2026-04-11 15:00:00+00:00,425,3,451.0,15.0,0.0,45.940243,15.546751
2026-04-11 15:00:00+00:00,426,3,493.0,17.1,0.0,45.51845,13.704866
2026-04-11 18:00:00+00:00,63,6,21.0,10.9,0.0,46.432335,14.134615
2026-04-11 18:00:00+00:00,76,6,20.0,11.9,0.0,46.291737,14.233227
2026-04-11 18:00:00+00:00,106,6,19.0,12.7,0.0,46.22144,14.354067
2026-04-11 18:00:00+00:00,122,6,18.0,13.3,0.0,46.08084,14.45151
2026-04-11 18:00:00+00:00,127,6,17.0,10.5,0.0,46.151142,14.474522
2026-04-11 18:00:00+00:00,129,6,17.0,11.8,0.0,46.010544,14.571429
2026-04-11 18:00:00+00:00,177,6,16.0,6.9,0.0,45.65905,14.88189
2026-04-11 18:00:00+00:00,194,6,10.0,11.7,0.0,46.502636,15.024076
2026-04-11 18:00:00+00:00,236,6,14.0,10.7,0.0,45.79965,15.213271
2026-04-11 18:00:00+00:00,325,6,13.0,10.6,0.0,46.572933,15.62701
2026-04-11 18:00:00+00:00,391,6,11.0,8.9,0.0,46.71353,16.112904
2026-04-11 18:00:00+00:00,422,6,15.0,11.9,0.0,46.22144,15.21531
2026-04-11 18:00:00+00:00,425,6,13.0,10.5,0.0,45.940243,15.546751
2026-04-11 18:00:00+00:00,426,6,20.0,14.2,0.0,45.51845,13.704866
2026-04-11 19:00:00+00:00,63,1,0.0,9.7,0.0,46.432335,14.134615
2026-04-11 19:00:00+00:00,76,1,0.0,10.6,0.0,46.291737,14.233227
2026-04-11 19:00:00+00:00,106,1,0.0,12.3,0.0,46.22144,14.354067
2026-04-11 19:00:00+00:00,122,1,0.0,12.5,0.0,46.08084,14.45151
2026-04-11 19:00:00+00:00,127,1,0.0,10.5,0.0,46.151142,14.474522
2026-04-11 19:00:00+00:00,129,1,0.0,11.1,0.0,46.010544,14.571429
2026-04-11 19:00:00+00:00,177,1,0.0,7.2,0.0,45.65905,14.88189
2026-04-11 19:00:00+00:00,194,1,0.0,11.7,0.0,46.502636,15.024076
2026-04-11 19:00:00+00:00,236,1,0.0,10.2,0.0,45.79965,15.213271
2026-04-11 19:00:00+00:00,325,1,0.0,9.8,0.0,46.572933,15.62701
2026-04-11 19:00:00+00:00,391,1,0.0,8.8,0.0,46.71353,16.112904
2026-04-11 19:00:00+00:00,422,1,0.0,12.1,0.0,46.22144,15.21531
2026-04-11 19:00:00+00:00,425,1,0.0,10.5,0.0,45.940243,15.546751
2026-04-11 19:00:00+00:00,426,1,0.0,13.9,0.0,45.51845,13.704866
2026-04-11 20:00:00+00:00,63,2,0.0,7.9,0.0,46.432335,14.134615
2026-04-11 20:00:00+00:00,76,2,0.0,9.7,0.0,46.291737,14.233227
2026-04-11 20:00:00+00:00,106,2,0.0,10.7,0.0,46.22144,14.354067
2026-04-11 20:00:00+00:00,122,2,0.0,11.5,0.0,46.08084,14.45151
2026-04-11 20:00:00+00:00,127,2,0.0,9.8,0.0,46.151142,14.474522
2026-04-11 20:00:00+00:00,129,2,0.0,9.2,0.0,46.010544,14.571429
2026-04-11 20:00:00+00:00,177,2,0.0,5.7,0.0,45.65905,14.88189
2026-04-11 20:00:00+00:00,194,2,0.0,9.9,0.0,46.502636,15.024076
2026-04-11 20:00:00+00:00,236,2,0.0,8.6,0.0,45.79965,15.213271
2026-04-11 20:00:00+00:00,325,2,0.0,9.1,0.0,46.572933,15.62701
2026-04-11 20:00:00+00:00,391,2,0.0,8.1,0.0,46.71353,16.112904
2026-04-11 20:00:00+00:00,422,2,0.0,10.3,0.0,46.22144,15.21531
2026-04-11 20:00:00+00:00,425,2,0.0,9.3,0.0,45.940243,15.546751
2026-04-11 20:00:00+00:00,426,2,0.0,13.1,0.0,45.51845,13.704866
2026-04-11 21:00:00+00:00,63,3,0.0,7.0,0.0,46.432335,14.134615
2026-04-11 21:00:00+00:00,76,3,0.0,9.1,0.0,46.291737,14.233227
2026-04-11 21:00:00+00:00,106,3,0.0,10.0,0.0,46.22144,14.354067
2026-04-11 21:00:00+00:00,122,3,0.0,10.4,0.0,46.08084,14.45151
2026-04-11 21:00:00+00:00,127,3,0.0,8.8,0.0,46.151142,14.474522
2026-04-11 21:00:00+00:00,129,3,0.0,8.2,0.0,46.010544,14.571429
2026-04-11 21:00:00+00:00,177,3,0.0,4.3,0.0,45.65905,14.88189
2026-04-11 21:00:00+00:00,194,3,0.0,8.0,0.0,46.502636,15.024076
2026-04-11 21:00:00+00:00,236,3,0.0,7.8,0.0,45.79965,15.213271
2026-04-11 21:00:00+00:00,325,3,0.0,8.9,0.0,46.572933,15.62701
2026-04-11 21:00:00+00:00,391,3,0.0,7.4,0.0,46.71353,16.112904
2026-04-11 21:00:00+00:00,422,3,0.0,8.8,0.0,46.22144,15.21531
2026-04-11 21:00:00+00:00,425,3,0.0,8.0,0.0,45.940243,15.546751
2026-04-11 21:00:00+00:00,426,3,0.0,12.0,0.0,45.51845,13.704866
2026-04-12 00:00:00+00:00,63,6,0.0,5.7,0.0,46.432335,14.134615
2026-04-12 00:00:00+00:00,63,24,0.0,5.3,0.0,46.432335,14.134615
2026-04-12 00:00:00+00:00,76,6,0.0,7.4,0.0,46.291737,14.233227
2026-04-12 00:00:00+00:00,76,24,0.0,6.8,0.0,46.291737,14.233227
2026-04-12 00:00:00+00:00,106,6,0.0,8.7,0.0,46.22144,14.354067
2026-04-12 00:00:00+00:00,106,24,0.0,8.0,0.0,46.22144,14.354067
2026-04-12 00:00:00+00:00,122,6,0.0,7.8,0.0,46.08084,14.45151
2026-04-12 00:00:00+00:00,122,24,0.0,7.6,0.0,46.08084,14.45151
2026-04-12 00:00:00+00:00,127,6,0.0,6.9,0.0,46.151142,14.474522
2026-04-12 00:00:00+00:00,127,24,0.0,6.6,0.0,46.151142,14.474522
2026-04-12 00:00:00+00:00,129,6,0.0,6.0,0.0,46.010544,14.571429
2026-04-12 00:00:00+00:00,129,24,0.0,5.4,0.0,46.010544,14.571429
2026-04-12 00:00:00+00:00,177,6,0.0,2.5,0.0,45.65905,14.88189
2026-04-12 00:00:00+00:00,177,24,0.0,2.2,0.0,45.65905,14.88189
2026-04-12 00:00:00+00:00,194,6,0.0,5.6,0.0,46.502636,15.024076
2026-04-12 00:00:00+00:00,194,24,0.0,5.2,0.0,46.502636,15.024076
2026-04-12 00:00:00+00:00,236,6,0.0,6.3,0.0,45.79965,15.213271
2026-04-12 00:00:00+00:00,236,24,0.0,5.4,0.0,45.79965,15.213271
2026-04-12 00:00:00+00:00,325,6,0.0,7.5,0.0,46.572933,15.62701
2026-04-12 00:00:00+00:00,325,24,0.0,6.9,0.0,46.572933,15.62701
2026-04-12 00:00:00+00:00,391,6,0.0,6.2,0.0,46.71353,16.112904
2026-04-12 00:00:00+00:00,391,24,0.0,6.1,0.0,46.71353,16.112904
2026-04-12 00:00:00+00:00,422,6,0.0,6.8,0.0,46.22144,15.21531
2026-04-12 00:00:00+00:00,422,24,0.0,6.3,0.0,46.22144,15.21531
2026-04-12 00:00:00+00:00,425,6,0.0,6.2,0.0,45.940243,15.546751
2026-04-12 00:00:00+00:00,425,24,0.0,5.9,0.0,45.940243,15.546751
2026-04-12 00:00:00+00:00,426,6,0.0,9.0,0.0,45.51845,13.704866
2026-04-12 00:00:00+00:00,426,24,0.0,8.9,0.0,45.51845,13.704866
2026-04-12 06:00:00+00:00,63,24,126.0,8.7,0.0,46.432335,14.134615
2026-04-12 06:00:00+00:00,76,24,126.0,7.8,0.0,46.291737,14.233227
2026-04-12 06:00:00+00:00,106,24,122.0,8.0,0.0,46.22144,14.354067
2026-04-12 06:00:00+00:00,122,24,121.0,7.4,0.0,46.08084,14.45151
2026-04-12 06:00:00+00:00,127,24,120.0,6.6,0.0,46.151142,14.474522
2026-04-12 06:00:00+00:00,129,24,124.0,6.7,0.0,46.010544,14.571429
2026-04-12 06:00:00+00:00,177,24,128.0,4.5,0.0,45.65905,14.88189
2026-04-12 06:00:00+00:00,194,24,115.0,7.8,0.0,46.502636,15.024076
2026-04-12 06:00:00+00:00,236,24,132.0,7.7,0.0,45.79965,15.213271
2026-04-12 06:00:00+00:00,325,24,74.0,8.0,0.0,46.572933,15.62701
2026-04-12 06:00:00+00:00,391,24,118.0,7.8,0.0,46.71353,16.112904
2026-04-12 06:00:00+00:00,422,24,120.0,7.6,0.0,46.22144,15.21531
2026-04-12 06:00:00+00:00,425,24,133.0,7.6,0.0,45.940243,15.546751
2026-04-12 06:00:00+00:00,426,24,114.0,11.1,0.0,45.51845,13.704866
2026-04-12 12:00:00+00:00,63,24,803.0,18.8,0.0,46.432335,14.134615
2026-04-12 12:00:00+00:00,76,24,803.0,18.0,0.0,46.291737,14.233227
2026-04-12 12:00:00+00:00,106,24,793.0,18.5,0.0,46.22144,14.354067
2026-04-12 12:00:00+00:00,122,24,789.0,20.1,0.0,46.08084,14.45151
2026-04-12 12:00:00+00:00,127,24,783.0,18.5,0.0,46.151142,14.474522
2026-04-12 12:00:00+00:00,129,24,783.0,18.7,0.0,46.010544,14.571429
2026-04-12 12:00:00+00:00,177,24,798.0,15.6,0.0,45.65905,14.88189
2026-04-12 12:00:00+00:00,194,24,793.0,17.7,0.0,46.502636,15.024076
2026-04-12 12:00:00+00:00,236,24,787.0,18.5,0.0,45.79965,15.213271
2026-04-12 12:00:00+00:00,325,24,739.0,17.6,0.0,46.572933,15.62701
2026-04-12 12:00:00+00:00,391,24,728.0,17.0,0.0,46.71353,16.112904
2026-04-12 12:00:00+00:00,422,24,742.0,19.1,0.0,46.22144,15.21531
2026-04-12 12:00:00+00:00,425,24,778.0,17.8,0.0,45.940243,15.546751
2026-04-12 12:00:00+00:00,426,24,784.0,18.0,0.0,45.51845,13.704866
2026-04-12 18:00:00+00:00,63,24,21.0,13.9,0.0,46.432335,14.134615
2026-04-12 18:00:00+00:00,76,24,19.0,15.0,0.0,46.291737,14.233227
2026-04-12 18:00:00+00:00,106,24,16.0,15.8,0.0,46.22144,14.354067
2026-04-12 18:00:00+00:00,122,24,17.0,16.9,0.0,46.08084,14.45151
2026-04-12 18:00:00+00:00,127,24,15.0,15.5,0.0,46.151142,14.474522
2026-04-12 18:00:00+00:00,129,24,18.0,15.4,0.0,46.010544,14.571429
2026-04-12 18:00:00+00:00,177,24,15.0,10.5,0.0,45.65905,14.88189
2026-04-12 18:00:00+00:00,194,24,17.0,13.6,0.0,46.502636,15.024076
2026-04-12 18:00:00+00:00,236,24,15.0,13.4,0.0,45.79965,15.213271
2026-04-12 18:00:00+00:00,325,24,15.0,14.3,0.0,46.572933,15.62701
2026-04-12 18:00:00+00:00,391,24,13.0,13.1,0.0,46.71353,16.112904
2026-04-12 18:00:00+00:00,422,24,16.0,14.5,0.0,46.22144,15.21531
2026-04-12 18:00:00+00:00,425,24,14.0,14.0,0.0,45.940243,15.546751
2026-04-12 18:00:00+00:00,426,24,21.0,15.7,0.0,45.51845,13.704866
2026-04-12 01:00:00+00:00,63,1,0.0,5.7,0.0,46.432335,14.134615
2026-04-12 01:00:00+00:00,76,1,0.0,6.4,0.0,46.291737,14.233227
2026-04-12 01:00:00+00:00,106,1,0.0,7.7,0.0,46.22144,14.354067
2026-04-12 01:00:00+00:00,122,1,0.0,7.4,0.0,46.08084,14.45151
2026-04-12 01:00:00+00:00,127,1,0.0,6.2,0.0,46.151142,14.474522
2026-04-12 01:00:00+00:00,129,1,0.0,5.3,0.0,46.010544,14.571429
2026-04-12 01:00:00+00:00,177,1,0.0,1.4,0.0,45.65905,14.88189
2026-04-12 01:00:00+00:00,194,1,0.0,5.9,0.0,46.502636,15.024076
2026-04-12 01:00:00+00:00,236,1,0.0,6.2,0.0,45.79965,15.213271
2026-04-12 01:00:00+00:00,325,1,0.0,7.4,0.0,46.572933,15.62701
2026-04-12 01:00:00+00:00,391,1,0.0,6.6,0.0,46.71353,16.112904
2026-04-12 01:00:00+00:00,422,1,0.0,6.4,0.0,46.22144,15.21531
2026-04-12 01:00:00+00:00,425,1,0.0,5.8,0.0,45.940243,15.546751
2026-04-12 01:00:00+00:00,426,1,0.0,8.7,0.0,45.51845,13.704866
2026-04-12 02:00:00+00:00,63,2,0.0,5.2,0.0,46.432335,14.134615
2026-04-12 02:00:00+00:00,76,2,0.0,6.0,0.0,46.291737,14.233227
2026-04-12 02:00:00+00:00,106,2,0.0,7.2,0.0,46.22144,14.354067
2026-04-12 02:00:00+00:00,122,2,0.0,6.5,0.0,46.08084,14.45151
2026-04-12 02:00:00+00:00,127,2,0.0,5.4,0.0,46.151142,14.474522
2026-04-12 02:00:00+00:00,129,2,0.0,4.8,0.0,46.010544,14.571429
2026-04-12 02:00:00+00:00,177,2,0.0,1.2,0.0,45.65905,14.88189
2026-04-12 02:00:00+00:00,194,2,0.0,5.4,0.0,46.502636,15.024076
2026-04-12 02:00:00+00:00,236,2,0.0,5.7,0.0,45.79965,15.213271
2026-04-12 02:00:00+00:00,325,2,0.0,7.0,0.0,46.572933,15.62701
2026-04-12 02:00:00+00:00,391,2,0.0,6.3,0.0,46.71353,16.112904
2026-04-12 02:00:00+00:00,422,2,0.0,5.6,0.0,46.22144,15.21531
2026-04-12 02:00:00+00:00,425,2,0.0,5.8,0.0,45.940243,15.546751
2026-04-12 02:00:00+00:00,426,2,0.0,8.2,0.0,45.51845,13.704866
2026-04-12 03:00:00+00:00,63,3,0.0,5.2,0.0,46.432335,14.134615
2026-04-12 03:00:00+00:00,76,3,0.0,5.6,0.0,46.291737,14.233227
2026-04-12 03:00:00+00:00,106,3,0.0,6.6,0.0,46.22144,14.354067
2026-04-12 03:00:00+00:00,122,3,0.0,5.8,0.0,46.08084,14.45151
2026-04-12 03:00:00+00:00,127,3,0.0,4.8,0.0,46.151142,14.474522
2026-04-12 03:00:00+00:00,129,3,0.0,4.2,0.0,46.010544,14.571429
2026-04-12 03:00:00+00:00,177,3,0.0,1.1,0.0,45.65905,14.88189
2026-04-12 03:00:00+00:00,194,3,0.0,5.1,0.0,46.502636,15.024076
2026-04-12 03:00:00+00:00,236,3,0.0,5.8,0.0,45.79965,15.213271
2026-04-12 03:00:00+00:00,325,3,0.0,6.5,0.0,46.572933,15.62701
2026-04-12 03:00:00+00:00,391,3,0.0,5.7,0.0,46.71353,16.112904
2026-04-12 03:00:00+00:00,422,3,0.0,5.2,0.0,46.22144,15.21531
2026-04-12 03:00:00+00:00,425,3,0.0,5.6,0.0,45.940243,15.546751
2026-04-12 03:00:00+00:00,426,3,0.0,7.8,0.0,45.51845,13.704866
2026-04-12 06:00:00+00:00,63,6,112.0,9.4,0.0,46.432335,14.134615
2026-04-12 06:00:00+00:00,76,6,80.0,8.4,0.0,46.291737,14.233227
2026-04-12 06:00:00+00:00,106,6,77.0,8.3,0.0,46.22144,14.354067
2026-04-12 06:00:00+00:00,122,6,73.0,7.8,0.0,46.08084,14.45151
2026-04-12 06:00:00+00:00,127,6,78.0,6.6,0.0,46.151142,14.474522
2026-04-12 06:00:00+00:00,129,6,72.0,7.3,0.0,46.010544,14.571429
2026-04-12 06:00:00+00:00,177,6,90.0,4.7,0.0,45.65905,14.88189
2026-04-12 06:00:00+00:00,194,6,138.0,9.1,0.0,46.502636,15.024076
2026-04-12 06:00:00+00:00,236,6,66.0,8.0,0.0,45.79965,15.213271
2026-04-12 06:00:00+00:00,325,6,126.0,8.8,0.0,46.572933,15.62701
2026-04-12 06:00:00+00:00,391,6,127.0,8.0,0.0,46.71353,16.112904
2026-04-12 06:00:00+00:00,422,6,88.0,8.3,0.0,46.22144,15.21531
2026-04-12 06:00:00+00:00,425,6,60.0,7.6,0.0,45.940243,15.546751
2026-04-12 06:00:00+00:00,426,6,114.0,11.3,0.0,45.51845,13.704866
2026-04-12 07:00:00+00:00,63,1,305.0,11.7,0.0,46.432335,14.134615
2026-04-12 07:00:00+00:00,76,1,302.0,10.3,0.0,46.291737,14.233227
2026-04-12 07:00:00+00:00,106,1,296.0,10.1,0.0,46.22144,14.354067
2026-04-12 07:00:00+00:00,122,1,293.0,10.0,0.0,46.08084,14.45151
2026-04-12 07:00:00+00:00,127,1,292.0,8.7,0.0,46.151142,14.474522
2026-04-12 07:00:00+00:00,129,1,297.0,9.7,0.0,46.010544,14.571429
2026-04-12 07:00:00+00:00,177,1,222.0,6.6,0.0,45.65905,14.88189
2026-04-12 07:00:00+00:00,194,1,291.0,11.3,0.0,46.502636,15.024076
2026-04-12 07:00:00+00:00,236,1,197.0,9.3,0.0,45.79965,15.213271
2026-04-12 07:00:00+00:00,325,1,176.0,9.7,0.0,46.572933,15.62701
2026-04-12 07:00:00+00:00,391,1,208.0,9.2,0.0,46.71353,16.112904
2026-04-12 07:00:00+00:00,422,1,300.0,10.3,0.0,46.22144,15.21531
2026-04-12 07:00:00+00:00,425,1,256.0,9.4,0.0,45.940243,15.546751
2026-04-12 07:00:00+00:00,426,1,285.0,15.6,0.0,45.51845,13.704866
2026-04-12 08:00:00+00:00,63,2,470.0,13.8,0.0,46.432335,14.134615
2026-04-12 08:00:00+00:00,76,2,471.0,12.2,0.0,46.291737,14.233227
2026-04-12 08:00:00+00:00,106,2,462.0,11.8,0.0,46.22144,14.354067
2026-04-12 08:00:00+00:00,122,2,465.0,12.3,0.0,46.08084,14.45151
2026-04-12 08:00:00+00:00,127,2,465.0,10.9,0.0,46.151142,14.474522
2026-04-12 08:00:00+00:00,129,2,468.0,11.9,0.0,46.010544,14.571429
2026-04-12 08:00:00+00:00,177,2,481.0,9.8,0.0,45.65905,14.88189
2026-04-12 08:00:00+00:00,194,2,462.0,13.3,0.0,46.502636,15.024076
2026-04-12 08:00:00+00:00,236,2,477.0,12.1,0.0,45.79965,15.213271
2026-04-12 08:00:00+00:00,325,2,283.0,11.1,0.0,46.572933,15.62701
2026-04-12 08:00:00+00:00,391,2,415.0,11.3,0.0,46.71353,16.112904
2026-04-12 08:00:00+00:00,422,2,464.0,12.5,0.0,46.22144,15.21531
2026-04-12 08:00:00+00:00,425,2,473.0,11.4,0.0,45.940243,15.546751
2026-04-12 08:00:00+00:00,426,2,456.0,17.5,0.0,45.51845,13.704866
2026-04-12 09:00:00+00:00,63,3,460.0,14.8,0.0,46.432335,14.134615
2026-04-12 09:00:00+00:00,76,3,516.0,13.5,0.0,46.291737,14.233227
2026-04-12 09:00:00+00:00,106,3,578.0,13.6,0.0,46.22144,14.354067
2026-04-12 09:00:00+00:00,122,3,625.0,14.5,0.0,46.08084,14.45151
2026-04-12 09:00:00+00:00,127,3,625.0,13.0,0.0,46.151142,14.474522
2026-04-12 09:00:00+00:00,129,3,617.0,14.1,0.0,46.010544,14.571429
2026-04-12 09:00:00+00:00,177,3,629.0,12.2,0.0,45.65905,14.88189
2026-04-12 09:00:00+00:00,194,3,557.0,14.8,0.0,46.502636,15.024076
2026-04-12 09:00:00+00:00,236,3,623.0,14.2,0.0,45.79965,15.213271
2026-04-12 09:00:00+00:00,325,3,563.0,13.4,0.0,46.572933,15.62701
2026-04-12 09:00:00+00:00,391,3,630.0,13.4,0.0,46.71353,16.112904
2026-04-12 09:00:00+00:00,422,3,574.0,14.4,0.0,46.22144,15.21531
2026-04-12 09:00:00+00:00,425,3,614.0,13.4,0.0,45.940243,15.546751
2026-04-12 09:00:00+00:00,426,3,607.0,18.7,0.0,45.51845,13.704866
2026-04-12 12:00:00+00:00,63,6,800.0,18.9,0.0,46.432335,14.134615
2026-04-12 12:00:00+00:00,76,6,799.0,17.9,0.0,46.291737,14.233227
2026-04-12 12:00:00+00:00,106,6,790.0,18.3,0.0,46.22144,14.354067
2026-04-12 12:00:00+00:00,122,6,782.0,19.6,0.0,46.08084,14.45151
2026-04-12 12:00:00+00:00,127,6,780.0,18.3,0.0,46.151142,14.474522
2026-04-12 12:00:00+00:00,129,6,784.0,18.4,0.0,46.010544,14.571429
2026-04-12 12:00:00+00:00,177,6,792.0,15.6,0.0,45.65905,14.88189
2026-04-12 12:00:00+00:00,194,6,794.0,17.8,0.0,46.502636,15.024076
2026-04-12 12:00:00+00:00,236,6,785.0,18.7,0.0,45.79965,15.213271
2026-04-12 12:00:00+00:00,325,6,633.0,17.0,0.0,46.572933,15.62701
2026-04-12 12:00:00+00:00,391,6,771.0,17.3,0.0,46.71353,16.112904
2026-04-12 12:00:00+00:00,422,6,773.0,18.6,0.0,46.22144,15.21531
2026-04-12 12:00:00+00:00,425,6,778.0,17.9,0.0,45.940243,15.546751
2026-04-12 12:00:00+00:00,426,6,783.0,18.8,0.0,45.51845,13.704866
2026-04-12 13:00:00+00:00,63,1,725.0,19.2,0.0,46.432335,14.134615
2026-04-12 13:00:00+00:00,76,1,695.0,20.0,0.0,46.291737,14.233227
2026-04-12 13:00:00+00:00,106,1,708.0,19.0,0.0,46.22144,14.354067
2026-04-12 13:00:00+00:00,122,1,732.0,19.5,0.0,46.08084,14.45151
2026-04-12 13:00:00+00:00,127,1,732.0,17.8,0.0,46.151142,14.474522
2026-04-12 13:00:00+00:00,129,1,732.0,18.5,0.0,46.010544,14.571429
2026-04-12 13:00:00+00:00,177,1,696.0,15.9,0.0,45.65905,14.88189
2026-04-12 13:00:00+00:00,194,1,733.0,17.7,0.0,46.502636,15.024076
2026-04-12 13:00:00+00:00,236,1,725.0,19.5,0.0,45.79965,15.213271
2026-04-12 13:00:00+00:00,325,1,584.0,17.2,0.0,46.572933,15.62701
2026-04-12 13:00:00+00:00,391,1,583.0,17.5,0.0,46.71353,16.112904
2026-04-12 13:00:00+00:00,422,1,715.0,19.6,0.0,46.22144,15.21531
2026-04-12 13:00:00+00:00,425,1,722.0,18.4,0.0,45.940243,15.546751
2026-04-12 13:00:00+00:00,426,1,724.0,16.9,0.0,45.51845,13.704866
2026-04-12 14:00:00+00:00,63,2,640.0,20.6,0.0,46.432335,14.134615
2026-04-12 14:00:00+00:00,76,2,572.0,20.7,0.0,46.291737,14.233227
2026-04-12 14:00:00+00:00,106,2,569.0,19.1,0.0,46.22144,14.354067
2026-04-12 14:00:00+00:00,122,2,506.0,19.4,0.0,46.08084,14.45151
2026-04-12 14:00:00+00:00,127,2,558.0,17.8,0.0,46.151142,14.474522
2026-04-12 14:00:00+00:00,129,2,511.0,18.4,0.0,46.010544,14.571429
2026-04-12 14:00:00+00:00,177,2,613.0,15.7,0.0,45.65905,14.88189
2026-04-12 14:00:00+00:00,194,2,625.0,18.2,0.0,46.502636,15.024076
2026-04-12 14:00:00+00:00,236,2,623.0,19.9,0.0,45.79965,15.213271
2026-04-12 14:00:00+00:00,325,2,531.0,17.5,0.0,46.572933,15.62701
2026-04-12 14:00:00+00:00,391,2,434.0,17.5,0.0,46.71353,16.112904
2026-04-12 14:00:00+00:00,422,2,530.0,19.8,0.0,46.22144,15.21531
2026-04-12 14:00:00+00:00,425,2,617.0,18.5,0.0,45.940243,15.546751
2026-04-12 14:00:00+00:00,426,2,609.0,16.9,0.0,45.51845,13.704866
2026-04-12 15:00:00+00:00,63,3,470.0,19.3,0.0,46.432335,14.134615
2026-04-12 15:00:00+00:00,76,3,482.0,19.3,0.0,46.291737,14.233227
2026-04-12 15:00:00+00:00,106,3,474.0,19.5,0.0,46.22144,14.354067
2026-04-12 15:00:00+00:00,122,3,450.0,20.4,0.0,46.08084,14.45151
2026-04-12 15:00:00+00:00,127,3,459.0,18.6,0.0,46.151142,14.474522
2026-04-12 15:00:00+00:00,129,3,440.0,18.6,0.0,46.010544,14.571429
2026-04-12 15:00:00+00:00,177,3,431.0,15.2,0.0,45.65905,14.88189
2026-04-12 15:00:00+00:00,194,3,464.0,18.6,0.0,46.502636,15.024076
2026-04-12 15:00:00+00:00,236,3,473.0,19.7,0.0,45.79965,15.213271
2026-04-12 15:00:00+00:00,325,3,416.0,17.8,0.0,46.572933,15.62701
2026-04-12 15:00:00+00:00,391,3,320.0,17.0,0.0,46.71353,16.112904
2026-04-12 15:00:00+00:00,422,3,448.0,19.4,0.0,46.22144,15.21531
2026-04-12 15:00:00+00:00,425,3,470.0,18.5,0.0,45.940243,15.546751
2026-04-12 15:00:00+00:00,426,3,425.0,16.7,0.0,45.51845,13.704866
2026-04-12 18:00:00+00:00,63,6,19.0,12.3,0.0,46.432335,14.134615
2026-04-12 18:00:00+00:00,76,6,18.0,14.0,0.0,46.291737,14.233227
2026-04-12 18:00:00+00:00,106,6,17.0,15.1,0.0,46.22144,14.354067
2026-04-12 18:00:00+00:00,122,6,17.0,16.0,0.0,46.08084,14.45151
2026-04-12 18:00:00+00:00,127,6,17.0,13.6,0.0,46.151142,14.474522
2026-04-12 18:00:00+00:00,129,6,17.0,14.3,0.0,46.010544,14.571429
2026-04-12 18:00:00+00:00,177,6,16.0,10.0,0.0,45.65905,14.88189
2026-04-12 18:00:00+00:00,194,6,15.0,13.5,0.0,46.502636,15.024076
2026-04-12 18:00:00+00:00,236,6,14.0,13.2,0.0,45.79965,15.213271
2026-04-12 18:00:00+00:00,325,6,14.0,14.1,0.0,46.572933,15.62701
2026-04-12 18:00:00+00:00,391,6,13.0,13.1,0.0,46.71353,16.112904
2026-04-12 18:00:00+00:00,422,6,13.0,14.7,0.0,46.22144,15.21531
2026-04-12 18:00:00+00:00,425,6,13.0,14.0,0.0,45.940243,15.546751
2026-04-12 18:00:00+00:00,426,6,19.0,14.1,0.0,45.51845,13.704866
2026-04-12 19:00:00+00:00,63,1,0.0,11.1,0.0,46.432335,14.134615
2026-04-12 19:00:00+00:00,76,1,0.0,13.0,0.0,46.291737,14.233227
2026-04-12 19:00:00+00:00,106,1,0.0,13.6,0.0,46.22144,14.354067
2026-04-12 19:00:00+00:00,122,1,0.0,14.5,0.0,46.08084,14.45151
2026-04-12 19:00:00+00:00,127,1,0.0,12.1,0.0,46.151142,14.474522
2026-04-12 19:00:00+00:00,129,1,0.0,13.0,0.0,46.010544,14.571429
2026-04-12 19:00:00+00:00,177,1,0.0,9.4,0.0,45.65905,14.88189
2026-04-12 19:00:00+00:00,194,1,0.0,12.4,0.0,46.502636,15.024076
2026-04-12 19:00:00+00:00,236,1,0.0,12.2,0.0,45.79965,15.213271
2026-04-12 19:00:00+00:00,325,1,0.0,13.4,0.0,46.572933,15.62701
2026-04-12 19:00:00+00:00,391,1,0.0,12.6,0.0,46.71353,16.112904
2026-04-12 19:00:00+00:00,422,1,0.0,13.7,0.0,46.22144,15.21531
2026-04-12 19:00:00+00:00,425,1,0.0,12.7,0.0,45.940243,15.546751
2026-04-12 19:00:00+00:00,426,1,0.0,13.9,0.0,45.51845,13.704866
2026-04-12 20:00:00+00:00,63,2,0.0,10.8,0.0,46.432335,14.134615
2026-04-12 20:00:00+00:00,76,2,0.0,12.0,0.0,46.291737,14.233227
2026-04-12 20:00:00+00:00,106,2,0.0,13.0,0.0,46.22144,14.354067
2026-04-12 20:00:00+00:00,122,2,0.0,13.7,0.0,46.08084,14.45151
2026-04-12 20:00:00+00:00,127,2,0.0,11.5,0.0,46.151142,14.474522
2026-04-12 20:00:00+00:00,129,2,0.0,11.8,0.0,46.010544,14.571429
2026-04-12 20:00:00+00:00,177,2,0.0,8.4,0.0,45.65905,14.88189
2026-04-12 20:00:00+00:00,194,2,0.0,11.9,0.0,46.502636,15.024076
2026-04-12 20:00:00+00:00,236,2,0.0,10.9,0.0,45.79965,15.213271
2026-04-12 20:00:00+00:00,325,2,0.0,12.3,0.0,46.572933,15.62701
2026-04-12 20:00:00+00:00,391,2,0.0,11.5,0.0,46.71353,16.112904
2026-04-12 20:00:00+00:00,422,2,0.0,12.7,0.0,46.22144,15.21531
2026-04-12 20:00:00+00:00,425,2,0.0,11.6,0.0,45.940243,15.546751
2026-04-12 20:00:00+00:00,426,2,0.0,14.1,0.0,45.51845,13.704866
2026-04-12 21:00:00+00:00,63,3,0.0,10.2,0.0,46.432335,14.134615
2026-04-12 21:00:00+00:00,76,3,0.0,11.4,0.0,46.291737,14.233227
2026-04-12 21:00:00+00:00,106,3,0.0,12.5,0.0,46.22144,14.354067
2026-04-12 21:00:00+00:00,122,3,0.0,12.2,0.0,46.08084,14.45151
2026-04-12 21:00:00+00:00,127,3,0.0,10.7,0.0,46.151142,14.474522
2026-04-12 21:00:00+00:00,129,3,0.0,10.2,0.0,46.010544,14.571429
2026-04-12 21:00:00+00:00,177,3,0.0,7.4,0.0,45.65905,14.88189
2026-04-12 21:00:00+00:00,194,3,0.0,11.1,0.0,46.502636,15.024076
2026-04-12 21:00:00+00:00,236,3,0.0,9.7,0.0,45.79965,15.213271
2026-04-12 21:00:00+00:00,325,3,0.0,11.5,0.0,46.572933,15.62701
2026-04-12 21:00:00+00:00,391,3,0.0,10.6,0.0,46.71353,16.112904
2026-04-12 21:00:00+00:00,422,3,0.0,11.7,0.0,46.22144,15.21531
2026-04-12 21:00:00+00:00,425,3,0.0,10.3,0.0,45.940243,15.546751
2026-04-12 21:00:00+00:00,426,3,0.0,13.4,0.0,45.51845,13.704866
2026-04-13 00:00:00+00:00,63,6,0.0,8.6,0.0,46.432335,14.134615
2026-04-13 00:00:00+00:00,63,24,0.0,8.3,0.0,46.432335,14.134615
2026-04-13 00:00:00+00:00,76,6,0.0,10.5,0.0,46.291737,14.233227
2026-04-13 00:00:00+00:00,76,24,0.0,10.0,0.0,46.291737,14.233227
2026-04-13 00:00:00+00:00,106,6,0.0,11.0,0.0,46.22144,14.354067
2026-04-13 00:00:00+00:00,106,24,0.0,10.8,0.0,46.22144,14.354067
2026-04-13 00:00:00+00:00,122,6,0.0,9.9,0.0,46.08084,14.45151
2026-04-13 00:00:00+00:00,122,24,0.0,10.9,0.0,46.08084,14.45151
2026-04-13 00:00:00+00:00,127,6,0.0,9.0,0.0,46.151142,14.474522
2026-04-13 00:00:00+00:00,127,24,0.0,9.1,0.0,46.151142,14.474522
2026-04-13 00:00:00+00:00,129,6,0.0,8.9,0.0,46.010544,14.571429
2026-04-13 00:00:00+00:00,129,24,0.0,9.5,0.0,46.010544,14.571429
2026-04-13 00:00:00+00:00,177,6,0.0,5.2,0.0,45.65905,14.88189
2026-04-13 00:00:00+00:00,177,24,0.0,4.5,0.0,45.65905,14.88189
2026-04-13 00:00:00+00:00,194,6,0.0,8.2,0.0,46.502636,15.024076
2026-04-13 00:00:00+00:00,194,24,0.0,8.0,0.0,46.502636,15.024076
2026-04-13 00:00:00+00:00,236,6,0.0,7.9,0.0,45.79965,15.213271
2026-04-13 00:00:00+00:00,236,24,0.0,7.1,0.0,45.79965,15.213271
2026-04-13 00:00:00+00:00,325,6,0.0,8.2,0.0,46.572933,15.62701
2026-04-13 00:00:00+00:00,325,24,0.0,7.9,0.0,46.572933,15.62701
2026-04-13 00:00:00+00:00,391,6,0.0,7.5,0.0,46.71353,16.112904
2026-04-13 00:00:00+00:00,391,24,0.0,6.9,0.0,46.71353,16.112904
2026-04-13 00:00:00+00:00,422,6,0.0,8.8,0.0,46.22144,15.21531
2026-04-13 00:00:00+00:00,422,24,0.0,8.2,0.0,46.22144,15.21531
2026-04-13 00:00:00+00:00,425,6,0.0,7.9,0.0,45.940243,15.546751
2026-04-13 00:00:00+00:00,425,24,0.0,6.9,0.0,45.940243,15.546751
2026-04-13 00:00:00+00:00,426,6,0.0,12.7,0.0,45.51845,13.704866
2026-04-13 00:00:00+00:00,426,24,0.0,12.7,0.0,45.51845,13.704866
2026-04-13 06:00:00+00:00,63,24,95.0,9.8,0.0,46.432335,14.134615
2026-04-13 06:00:00+00:00,76,24,99.0,9.9,0.0,46.291737,14.233227
2026-04-13 06:00:00+00:00,106,24,103.0,9.9,0.0,46.22144,14.354067
2026-04-13 06:00:00+00:00,122,24,105.0,9.5,0.0,46.08084,14.45151
2026-04-13 06:00:00+00:00,127,24,105.0,8.8,0.0,46.151142,14.474522
2026-04-13 06:00:00+00:00,129,24,105.0,8.5,0.0,46.010544,14.571429
2026-04-13 06:00:00+00:00,177,24,66.0,4.4,0.0,45.65905,14.88189
2026-04-13 06:00:00+00:00,194,24,115.0,8.4,0.0,46.502636,15.024076
2026-04-13 06:00:00+00:00,236,24,100.0,8.4,0.0,45.79965,15.213271
2026-04-13 06:00:00+00:00,325,24,123.0,8.1,0.0,46.572933,15.62701
2026-04-13 06:00:00+00:00,391,24,121.0,7.5,0.0,46.71353,16.112904
2026-04-13 06:00:00+00:00,422,24,111.0,8.3,0.0,46.22144,15.21531
2026-04-13 06:00:00+00:00,425,24,116.0,8.5,0.0,45.940243,15.546751
2026-04-13 06:00:00+00:00,426,24,30.0,13.2,0.0,45.51845,13.704866
2026-04-13 12:00:00+00:00,63,24,615.0,17.2,0.0,46.432335,14.134615
2026-04-13 12:00:00+00:00,76,24,682.0,17.2,0.0,46.291737,14.233227
2026-04-13 12:00:00+00:00,106,24,737.0,18.3,0.0,46.22144,14.354067
2026-04-13 12:00:00+00:00,122,24,765.0,18.7,0.0,46.08084,14.45151
2026-04-13 12:00:00+00:00,127,24,773.0,17.7,0.0,46.151142,14.474522
2026-04-13 12:00:00+00:00,129,24,781.0,17.4,0.0,46.010544,14.571429
2026-04-13 12:00:00+00:00,177,24,632.0,13.4,0.0,45.65905,14.88189
2026-04-13 12:00:00+00:00,194,24,694.0,17.4,0.0,46.502636,15.024076
2026-04-13 12:00:00+00:00,236,24,614.0,16.3,0.0,45.79965,15.213271
2026-04-13 12:00:00+00:00,325,24,762.0,15.9,0.0,46.572933,15.62701
2026-04-13 12:00:00+00:00,391,24,669.0,16.4,0.0,46.71353,16.112904
2026-04-13 12:00:00+00:00,422,24,790.0,16.7,0.0,46.22144,15.21531
2026-04-13 12:00:00+00:00,425,24,622.0,16.4,0.0,45.940243,15.546751
2026-04-13 12:00:00+00:00,426,24,491.0,21.9,0.0,45.51845,13.704866
2026-04-13 18:00:00+00:00,63,24,5.0,12.8,0.1,46.432335,14.134615
2026-04-13 18:00:00+00:00,76,24,5.0,12.9,0.0,46.291737,14.233227
2026-04-13 18:00:00+00:00,106,24,6.0,13.8,0.0,46.22144,14.354067
2026-04-13 18:00:00+00:00,122,24,9.0,14.5,0.4,46.08084,14.45151
2026-04-13 18:00:00+00:00,127,24,8.0,13.4,0.0,46.151142,14.474522
2026-04-13 18:00:00+00:00,129,24,13.0,13.6,0.0,46.010544,14.571429
2026-04-13 18:00:00+00:00,177,24,9.0,9.8,0.6,45.65905,14.88189
2026-04-13 18:00:00+00:00,194,24,6.0,13.6,0.0,46.502636,15.024076
2026-04-13 18:00:00+00:00,236,24,14.0,14.0,0.0,45.79965,15.213271
2026-04-13 18:00:00+00:00,325,24,5.0,14.1,0.0,46.572933,15.62701
2026-04-13 18:00:00+00:00,391,24,7.0,14.1,0.0,46.71353,16.112904
2026-04-13 18:00:00+00:00,422,24,10.0,14.9,0.0,46.22144,15.21531
2026-04-13 18:00:00+00:00,425,24,11.0,14.9,0.0,45.940243,15.546751
2026-04-13 18:00:00+00:00,426,24,6.0,16.4,0.0,45.51845,13.704866
2026-04-13 01:00:00+00:00,63,1,0.0,10.0,0.0,46.432335,14.134615
2026-04-13 01:00:00+00:00,76,1,0.0,11.2,0.0,46.291737,14.233227
2026-04-13 01:00:00+00:00,106,1,0.0,11.9,0.0,46.22144,14.354067
2026-04-13 01:00:00+00:00,122,1,0.0,10.9,0.0,46.08084,14.45151
2026-04-13 01:00:00+00:00,127,1,0.0,10.0,0.0,46.151142,14.474522
2026-04-13 01:00:00+00:00,129,1,0.0,9.8,0.0,46.010544,14.571429
2026-04-13 01:00:00+00:00,177,1,0.0,5.0,0.0,45.65905,14.88189
2026-04-13 01:00:00+00:00,194,1,0.0,9.2,0.0,46.502636,15.024076
2026-04-13 01:00:00+00:00,236,1,0.0,8.2,0.0,45.79965,15.213271
2026-04-13 01:00:00+00:00,325,1,0.0,8.3,0.0,46.572933,15.62701
2026-04-13 01:00:00+00:00,391,1,0.0,7.6,0.0,46.71353,16.112904
2026-04-13 01:00:00+00:00,422,1,0.0,8.8,0.0,46.22144,15.21531
2026-04-13 01:00:00+00:00,425,1,0.0,8.5,0.0,45.940243,15.546751
2026-04-13 01:00:00+00:00,426,1,0.0,13.3,0.0,45.51845,13.704866
2026-04-13 02:00:00+00:00,63,2,0.0,8.7,0.0,46.432335,14.134615
2026-04-13 02:00:00+00:00,76,2,0.0,10.7,0.0,46.291737,14.233227
2026-04-13 02:00:00+00:00,106,2,0.0,11.4,0.0,46.22144,14.354067
2026-04-13 02:00:00+00:00,122,2,0.0,10.3,0.0,46.08084,14.45151
2026-04-13 02:00:00+00:00,127,2,0.0,9.3,0.0,46.151142,14.474522
2026-04-13 02:00:00+00:00,129,2,0.0,9.2,0.0,46.010544,14.571429
2026-04-13 02:00:00+00:00,177,2,0.0,4.1,0.0,45.65905,14.88189
2026-04-13 02:00:00+00:00,194,2,0.0,8.7,0.0,46.502636,15.024076
2026-04-13 02:00:00+00:00,236,2,0.0,7.2,0.0,45.79965,15.213271
2026-04-13 02:00:00+00:00,325,2,0.0,8.2,0.0,46.572933,15.62701
2026-04-13 02:00:00+00:00,391,2,0.0,7.4,0.0,46.71353,16.112904
2026-04-13 02:00:00+00:00,422,2,0.0,8.6,0.0,46.22144,15.21531
2026-04-13 02:00:00+00:00,425,2,0.0,7.8,0.0,45.940243,15.546751
2026-04-13 02:00:00+00:00,426,2,0.0,13.3,0.0,45.51845,13.704866
2026-04-13 03:00:00+00:00,63,3,0.0,8.9,0.4,46.432335,14.134615
2026-04-13 03:00:00+00:00,76,3,0.0,10.3,0.0,46.291737,14.233227
2026-04-13 03:00:00+00:00,106,3,0.0,10.6,0.0,46.22144,14.354067
2026-04-13 03:00:00+00:00,122,3,0.0,9.6,0.0,46.08084,14.45151
2026-04-13 03:00:00+00:00,127,3,0.0,8.7,0.0,46.151142,14.474522
2026-04-13 03:00:00+00:00,129,3,0.0,8.6,0.0,46.010544,14.571429
2026-04-13 03:00:00+00:00,177,3,0.0,4.2,0.0,45.65905,14.88189
2026-04-13 03:00:00+00:00,194,3,0.0,7.7,0.0,46.502636,15.024076
2026-04-13 03:00:00+00:00,236,3,0.0,7.2,0.0,45.79965,15.213271
2026-04-13 03:00:00+00:00,325,3,0.0,7.5,0.0,46.572933,15.62701
2026-04-13 03:00:00+00:00,391,3,0.0,7.3,0.0,46.71353,16.112904
2026-04-13 03:00:00+00:00,422,3,0.0,7.8,0.0,46.22144,15.21531
2026-04-13 03:00:00+00:00,425,3,0.0,7.1,0.0,45.940243,15.546751
2026-04-13 03:00:00+00:00,426,3,0.0,13.2,0.0,45.51845,13.704866
2026-04-13 06:00:00+00:00,63,6,95.0,10.4,0.0,46.432335,14.134615
2026-04-13 06:00:00+00:00,76,6,83.0,11.1,0.0,46.291737,14.233227
2026-04-13 06:00:00+00:00,106,6,75.0,10.8,0.0,46.22144,14.354067
2026-04-13 06:00:00+00:00,122,6,80.0,10.4,0.0,46.08084,14.45151
2026-04-13 06:00:00+00:00,127,6,75.0,9.7,0.0,46.151142,14.474522
2026-04-13 06:00:00+00:00,129,6,85.0,9.7,0.0,46.010544,14.571429
2026-04-13 06:00:00+00:00,177,6,86.0,6.0,0.0,45.65905,14.88189
2026-04-13 06:00:00+00:00,194,6,105.0,9.9,0.0,46.502636,15.024076
2026-04-13 06:00:00+00:00,236,6,99.0,9.5,0.0,45.79965,15.213271
2026-04-13 06:00:00+00:00,325,6,126.0,8.8,0.0,46.572933,15.62701
2026-04-13 06:00:00+00:00,391,6,120.0,8.4,0.0,46.71353,16.112904
2026-04-13 06:00:00+00:00,422,6,72.0,9.1,0.0,46.22144,15.21531
2026-04-13 06:00:00+00:00,425,6,99.0,8.8,0.0,45.940243,15.546751
2026-04-13 06:00:00+00:00,426,6,35.0,13.3,0.1,45.51845,13.704866
2026-04-13 07:00:00+00:00,63,1,232.0,11.7,0.0,46.432335,14.134615
2026-04-13 07:00:00+00:00,76,1,199.0,11.6,0.0,46.291737,14.233227
2026-04-13 07:00:00+00:00,106,1,201.0,11.9,0.0,46.22144,14.354067
2026-04-13 07:00:00+00:00,122,1,219.0,12.3,0.0,46.08084,14.45151
2026-04-13 07:00:00+00:00,127,1,219.0,11.6,0.0,46.151142,14.474522
2026-04-13 07:00:00+00:00,129,1,223.0,11.1,0.0,46.010544,14.571429
2026-04-13 07:00:00+00:00,177,1,144.0,7.2,0.0,45.65905,14.88189
2026-04-13 07:00:00+00:00,194,1,203.0,10.7,0.0,46.502636,15.024076
2026-04-13 07:00:00+00:00,236,1,231.0,11.2,0.0,45.79965,15.213271
2026-04-13 07:00:00+00:00,325,1,235.0,9.6,0.0,46.572933,15.62701
2026-04-13 07:00:00+00:00,391,1,276.0,9.8,0.0,46.71353,16.112904
2026-04-13 07:00:00+00:00,422,1,233.0,10.7,0.0,46.22144,15.21531
2026-04-13 07:00:00+00:00,425,1,277.0,10.4,0.0,45.940243,15.546751
2026-04-13 07:00:00+00:00,426,1,147.0,15.6,0.0,45.51845,13.704866
2026-04-13 08:00:00+00:00,63,2,231.0,12.3,0.0,46.432335,14.134615
2026-04-13 08:00:00+00:00,76,2,229.0,11.6,0.0,46.291737,14.233227
2026-04-13 08:00:00+00:00,106,2,238.0,12.4,0.0,46.22144,14.354067
2026-04-13 08:00:00+00:00,122,2,194.0,12.8,0.0,46.08084,14.45151
2026-04-13 08:00:00+00:00,127,2,228.0,12.6,0.0,46.151142,14.474522
2026-04-13 08:00:00+00:00,129,2,172.0,11.2,0.0,46.010544,14.571429
2026-04-13 08:00:00+00:00,177,2,199.0,8.0,0.0,45.65905,14.88189
2026-04-13 08:00:00+00:00,194,2,299.0,11.8,0.0,46.502636,15.024076
2026-04-13 08:00:00+00:00,236,2,284.0,12.3,0.0,45.79965,15.213271
2026-04-13 08:00:00+00:00,325,2,332.0,10.9,0.0,46.572933,15.62701
2026-04-13 08:00:00+00:00,391,2,401.0,11.3,0.0,46.71353,16.112904
2026-04-13 08:00:00+00:00,422,2,338.0,11.8,0.0,46.22144,15.21531
2026-04-13 08:00:00+00:00,425,2,344.0,11.5,0.0,45.940243,15.546751
2026-04-13 08:00:00+00:00,426,2,266.0,17.7,0.0,45.51845,13.704866
2026-04-13 09:00:00+00:00,63,3,278.0,13.0,0.0,46.432335,14.134615
2026-04-13 09:00:00+00:00,76,3,372.0,12.8,0.0,46.291737,14.233227
2026-04-13 09:00:00+00:00,106,3,405.0,14.1,0.0,46.22144,14.354067
2026-04-13 09:00:00+00:00,122,3,456.0,14.7,0.0,46.08084,14.45151
2026-04-13 09:00:00+00:00,127,3,421.0,14.0,0.0,46.151142,14.474522
2026-04-13 09:00:00+00:00,129,3,472.0,13.4,0.0,46.010544,14.571429
2026-04-13 09:00:00+00:00,177,3,390.0,9.8,0.0,45.65905,14.88189
2026-04-13 09:00:00+00:00,194,3,512.0,14.1,0.0,46.502636,15.024076
2026-04-13 09:00:00+00:00,236,3,350.0,13.2,0.0,45.79965,15.213271
2026-04-13 09:00:00+00:00,325,3,437.0,12.2,0.0,46.572933,15.62701
2026-04-13 09:00:00+00:00,391,3,442.0,12.5,0.0,46.71353,16.112904
2026-04-13 09:00:00+00:00,422,3,512.0,13.7,0.0,46.22144,15.21531
2026-04-13 09:00:00+00:00,425,3,299.0,12.1,0.0,45.940243,15.546751
2026-04-13 09:00:00+00:00,426,3,532.0,19.6,0.0,45.51845,13.704866
2026-04-13 12:00:00+00:00,63,6,776.0,18.0,0.0,46.432335,14.134615
2026-04-13 12:00:00+00:00,76,6,781.0,17.4,0.0,46.291737,14.233227
2026-04-13 12:00:00+00:00,106,6,766.0,18.5,0.0,46.22144,14.354067
2026-04-13 12:00:00+00:00,122,6,698.0,18.8,0.0,46.08084,14.45151
2026-04-13 12:00:00+00:00,127,6,740.0,18.0,0.0,46.151142,14.474522
2026-04-13 12:00:00+00:00,129,6,707.0,17.4,0.0,46.010544,14.571429
2026-04-13 12:00:00+00:00,177,6,526.0,13.3,0.0,45.65905,14.88189
2026-04-13 12:00:00+00:00,194,6,743.0,17.7,0.0,46.502636,15.024076
2026-04-13 12:00:00+00:00,236,6,693.0,17.2,0.0,45.79965,15.213271
2026-04-13 12:00:00+00:00,325,6,766.0,15.9,0.0,46.572933,15.62701
2026-04-13 12:00:00+00:00,391,6,632.0,15.9,0.0,46.71353,16.112904
2026-04-13 12:00:00+00:00,422,6,774.0,16.8,0.0,46.22144,15.21531
2026-04-13 12:00:00+00:00,425,6,774.0,17.1,0.0,45.940243,15.546751
2026-04-13 12:00:00+00:00,426,6,372.0,21.2,0.0,45.51845,13.704866
2026-04-13 13:00:00+00:00,63,1,657.0,17.3,0.0,46.432335,14.134615
2026-04-13 13:00:00+00:00,76,1,494.0,16.6,0.0,46.291737,14.233227
2026-04-13 13:00:00+00:00,106,1,369.0,16.7,0.0,46.22144,14.354067
2026-04-13 13:00:00+00:00,122,1,288.0,17.1,0.0,46.08084,14.45151
2026-04-13 13:00:00+00:00,127,1,284.0,15.9,0.0,46.151142,14.474522
2026-04-13 13:00:00+00:00,129,1,299.0,15.7,0.0,46.010544,14.571429
2026-04-13 13:00:00+00:00,177,1,580.0,13.7,0.0,45.65905,14.88189
2026-04-13 13:00:00+00:00,194,1,399.0,15.9,0.0,46.502636,15.024076
2026-04-13 13:00:00+00:00,236,1,430.0,16.4,0.0,45.79965,15.213271
2026-04-13 13:00:00+00:00,325,1,714.0,16.0,0.0,46.572933,15.62701
2026-04-13 13:00:00+00:00,391,1,630.0,16.4,0.0,46.71353,16.112904
2026-04-13 13:00:00+00:00,422,1,228.0,14.6,0.0,46.22144,15.21531
2026-04-13 13:00:00+00:00,425,1,324.0,16.1,0.0,45.940243,15.546751
2026-04-13 13:00:00+00:00,426,1,688.0,22.6,0.0,45.51845,13.704866
2026-04-13 14:00:00+00:00,63,2,534.0,17.3,0.0,46.432335,14.134615
2026-04-13 14:00:00+00:00,76,2,462.0,16.3,0.0,46.291737,14.233227
2026-04-13 14:00:00+00:00,106,2,390.0,16.7,0.0,46.22144,14.354067
2026-04-13 14:00:00+00:00,122,2,366.0,17.3,0.0,46.08084,14.45151
2026-04-13 14:00:00+00:00,127,2,344.0,15.9,0.0,46.151142,14.474522
2026-04-13 14:00:00+00:00,129,2,396.0,16.0,0.0,46.010544,14.571429
2026-04-13 14:00:00+00:00,177,2,527.0,13.6,0.0,45.65905,14.88189
2026-04-13 14:00:00+00:00,194,2,341.0,15.7,0.0,46.502636,15.024076
2026-04-13 14:00:00+00:00,236,2,532.0,16.9,0.0,45.79965,15.213271
2026-04-13 14:00:00+00:00,325,2,271.0,15.0,0.0,46.572933,15.62701
2026-04-13 14:00:00+00:00,391,2,587.0,16.5,0.0,46.71353,16.112904
2026-04-13 14:00:00+00:00,422,2,317.0,15.9,0.0,46.22144,15.21531
2026-04-13 14:00:00+00:00,425,2,444.0,16.9,0.0,45.940243,15.546751
2026-04-13 14:00:00+00:00,426,2,588.0,22.3,0.0,45.51845,13.704866
2026-04-13 15:00:00+00:00,63,3,426.0,16.7,0.0,46.432335,14.134615
2026-04-13 15:00:00+00:00,76,3,435.0,15.9,0.0,46.291737,14.233227
2026-04-13 15:00:00+00:00,106,3,410.0,16.4,0.0,46.22144,14.354067
2026-04-13 15:00:00+00:00,122,3,330.0,17.1,0.0,46.08084,14.45151
2026-04-13 15:00:00+00:00,127,3,367.0,15.7,0.0,46.151142,14.474522
2026-04-13 15:00:00+00:00,129,3,311.0,15.8,0.0,46.010544,14.571429
2026-04-13 15:00:00+00:00,177,3,292.0,12.5,0.0,45.65905,14.88189
2026-04-13 15:00:00+00:00,194,3,362.0,15.4,0.0,46.502636,15.024076
2026-04-13 15:00:00+00:00,236,3,311.0,16.7,0.0,45.79965,15.213271
2026-04-13 15:00:00+00:00,325,3,263.0,15.2,0.0,46.572933,15.62701
2026-04-13 15:00:00+00:00,391,3,116.0,14.8,0.0,46.71353,16.112904
2026-04-13 15:00:00+00:00,422,3,355.0,16.0,0.0,46.22144,15.21531
2026-04-13 15:00:00+00:00,425,3,378.0,16.9,0.0,45.940243,15.546751
2026-04-13 15:00:00+00:00,426,3,286.0,18.9,0.0,45.51845,13.704866
2026-04-13 18:00:00+00:00,63,6,4.0,12.6,0.0,46.432335,14.134615
2026-04-13 18:00:00+00:00,76,6,6.0,12.2,0.0,46.291737,14.233227
2026-04-13 18:00:00+00:00,106,6,10.0,12.2,1.6,46.22144,14.354067
2026-04-13 18:00:00+00:00,122,6,13.0,12.0,4.2,46.08084,14.45151
2026-04-13 18:00:00+00:00,127,6,12.0,10.8,6.0,46.151142,14.474522
2026-04-13 18:00:00+00:00,129,6,13.0,12.6,0.0,46.010544,14.571429
2026-04-13 18:00:00+00:00,177,6,10.0,9.1,0.6,45.65905,14.88189
2026-04-13 18:00:00+00:00,194,6,11.0,12.4,0.0,46.502636,15.024076
2026-04-13 18:00:00+00:00,236,6,13.0,13.5,0.0,45.79965,15.213271
2026-04-13 18:00:00+00:00,325,6,7.0,13.3,0.0,46.572933,15.62701
2026-04-13 18:00:00+00:00,391,6,5.0,13.4,0.0,46.71353,16.112904
2026-04-13 18:00:00+00:00,422,6,5.0,14.2,0.0,46.22144,15.21531
2026-04-13 18:00:00+00:00,425,6,12.0,13.8,0.0,45.940243,15.546751
2026-04-13 18:00:00+00:00,426,6,7.0,16.2,0.0,45.51845,13.704866
2026-04-13 19:00:00+00:00,63,1,0.0,12.1,0.0,46.432335,14.134615
2026-04-13 19:00:00+00:00,76,1,0.0,11.8,0.0,46.291737,14.233227
2026-04-13 19:00:00+00:00,106,1,0.0,12.5,0.0,46.22144,14.354067
2026-04-13 19:00:00+00:00,122,1,0.0,13.6,0.0,46.08084,14.45151
2026-04-13 19:00:00+00:00,127,1,0.0,11.6,0.0,46.151142,14.474522
2026-04-13 19:00:00+00:00,129,1,0.0,12.4,0.0,46.010544,14.571429
2026-04-13 19:00:00+00:00,177,1,0.0,8.9,0.4,45.65905,14.88189
2026-04-13 19:00:00+00:00,194,1,0.0,11.5,0.0,46.502636,15.024076
2026-04-13 19:00:00+00:00,236,1,0.0,11.9,0.0,45.79965,15.213271
2026-04-13 19:00:00+00:00,325,1,0.0,12.8,0.0,46.572933,15.62701
2026-04-13 19:00:00+00:00,391,1,0.0,13.1,0.0,46.71353,16.112904
2026-04-13 19:00:00+00:00,422,1,0.0,13.5,0.0,46.22144,15.21531
2026-04-13 19:00:00+00:00,425,1,0.0,13.5,0.0,45.940243,15.546751
2026-04-13 19:00:00+00:00,426,1,0.0,15.8,0.0,45.51845,13.704866
2026-04-13 20:00:00+00:00,63,2,0.0,11.6,0.0,46.432335,14.134615
2026-04-13 20:00:00+00:00,76,2,0.0,11.6,0.0,46.291737,14.233227
2026-04-13 20:00:00+00:00,106,2,0.0,12.4,0.0,46.22144,14.354067
2026-04-13 20:00:00+00:00,122,2,0.0,12.9,0.0,46.08084,14.45151
2026-04-13 20:00:00+00:00,127,2,0.0,10.9,0.0,46.151142,14.474522
2026-04-13 20:00:00+00:00,129,2,0.0,11.7,0.0,46.010544,14.571429
2026-04-13 20:00:00+00:00,177,2,0.0,8.7,0.5,45.65905,14.88189
2026-04-13 20:00:00+00:00,194,2,0.0,11.9,0.0,46.502636,15.024076
2026-04-13 20:00:00+00:00,236,2,0.0,12.4,0.0,45.79965,15.213271
2026-04-13 20:00:00+00:00,325,2,0.0,11.9,0.0,46.572933,15.62701
2026-04-13 20:00:00+00:00,391,2,0.0,12.7,0.3,46.71353,16.112904
2026-04-13 20:00:00+00:00,422,2,0.0,12.8,0.0,46.22144,15.21531
2026-04-13 20:00:00+00:00,425,2,0.0,12.9,0.0,45.940243,15.546751
2026-04-13 20:00:00+00:00,426,2,0.0,16.4,0.0,45.51845,13.704866
2026-04-13 21:00:00+00:00,63,3,0.0,11.1,0.0,46.432335,14.134615
2026-04-13 21:00:00+00:00,76,3,0.0,11.0,0.0,46.291737,14.233227
2026-04-13 21:00:00+00:00,106,3,0.0,12.3,0.0,46.22144,14.354067
2026-04-13 21:00:00+00:00,122,3,0.0,12.8,0.0,46.08084,14.45151
2026-04-13 21:00:00+00:00,127,3,0.0,11.2,0.0,46.151142,14.474522
2026-04-13 21:00:00+00:00,129,3,0.0,11.1,0.0,46.010544,14.571429
2026-04-13 21:00:00+00:00,177,3,0.0,7.5,0.2,45.65905,14.88189
2026-04-13 21:00:00+00:00,194,3,0.0,10.9,0.0,46.502636,15.024076
2026-04-13 21:00:00+00:00,236,3,0.0,11.5,0.0,45.79965,15.213271
2026-04-13 21:00:00+00:00,325,3,0.0,11.0,0.0,46.572933,15.62701
2026-04-13 21:00:00+00:00,391,3,0.0,12.3,0.0,46.71353,16.112904
2026-04-13 21:00:00+00:00,422,3,0.0,12.3,0.0,46.22144,15.21531
2026-04-13 21:00:00+00:00,425,3,0.0,12.0,0.0,45.940243,15.546751
2026-04-13 21:00:00+00:00,426,3,0.0,15.8,0.0,45.51845,13.704866
2026-04-14 00:00:00+00:00,63,6,0.0,9.4,0.0,46.432335,14.134615
2026-04-14 00:00:00+00:00,63,24,0.0,9.8,0.1,46.432335,14.134615
2026-04-14 00:00:00+00:00,76,6,0.0,10.9,0.0,46.291737,14.233227
2026-04-14 00:00:00+00:00,76,24,0.0,10.3,0.0,46.291737,14.233227
2026-04-14 00:00:00+00:00,106,6,0.0,11.6,0.0,46.22144,14.354067
2026-04-14 00:00:00+00:00,106,24,0.0,11.1,0.0,46.22144,14.354067
2026-04-14 00:00:00+00:00,122,6,0.0,11.9,0.0,46.08084,14.45151
2026-04-14 00:00:00+00:00,122,24,0.0,11.5,0.0,46.08084,14.45151
2026-04-14 00:00:00+00:00,127,6,0.0,10.4,0.0,46.151142,14.474522
2026-04-14 00:00:00+00:00,127,24,0.0,10.3,0.0,46.151142,14.474522
2026-04-14 00:00:00+00:00,129,6,0.0,11.3,0.0,46.010544,14.571429
2026-04-14 00:00:00+00:00,129,24,0.0,10.5,0.0,46.010544,14.571429
2026-04-14 00:00:00+00:00,177,6,0.0,6.7,0.0,45.65905,14.88189
2026-04-14 00:00:00+00:00,177,24,0.0,7.2,0.0,45.65905,14.88189
2026-04-14 00:00:00+00:00,194,6,0.0,8.2,0.0,46.502636,15.024076
2026-04-14 00:00:00+00:00,194,24,0.0,10.0,0.0,46.502636,15.024076
2026-04-14 00:00:00+00:00,236,6,0.0,9.8,0.0,45.79965,15.213271
2026-04-14 00:00:00+00:00,236,24,0.0,10.3,0.0,45.79965,15.213271
2026-04-14 00:00:00+00:00,325,6,0.0,10.0,0.0,46.572933,15.62701
2026-04-14 00:00:00+00:00,325,24,0.0,9.8,0.0,46.572933,15.62701
2026-04-14 00:00:00+00:00,391,6,0.0,10.1,0.0,46.71353,16.112904
2026-04-14 00:00:00+00:00,391,24,0.0,10.6,0.0,46.71353,16.112904
2026-04-14 00:00:00+00:00,422,6,0.0,9.6,0.0,46.22144,15.21531
2026-04-14 00:00:00+00:00,422,24,0.0,10.7,0.0,46.22144,15.21531
2026-04-14 00:00:00+00:00,425,6,0.0,11.0,0.0,45.940243,15.546751
2026-04-14 00:00:00+00:00,425,24,0.0,11.1,0.0,45.940243,15.546751
2026-04-14 00:00:00+00:00,426,6,0.0,15.0,0.0,45.51845,13.704866
2026-04-14 00:00:00+00:00,426,24,0.0,14.8,0.3,45.51845,13.704866
2026-04-14 06:00:00+00:00,63,24,23.0,9.3,0.1,46.432335,14.134615
2026-04-14 06:00:00+00:00,76,24,37.0,11.1,0.0,46.291737,14.233227
2026-04-14 06:00:00+00:00,106,24,41.0,11.7,0.0,46.22144,14.354067
2026-04-14 06:00:00+00:00,122,24,42.0,11.7,0.0,46.08084,14.45151
2026-04-14 06:00:00+00:00,127,24,40.0,11.0,0.0,46.151142,14.474522
2026-04-14 06:00:00+00:00,129,24,42.0,11.1,0.0,46.010544,14.571429
2026-04-14 06:00:00+00:00,177,24,58.0,6.7,0.5,45.65905,14.88189
2026-04-14 06:00:00+00:00,194,24,26.0,8.9,0.0,46.502636,15.024076
2026-04-14 06:00:00+00:00,236,24,76.0,10.6,0.0,45.79965,15.213271
2026-04-14 06:00:00+00:00,325,24,88.0,10.0,0.0,46.572933,15.62701
2026-04-14 06:00:00+00:00,391,24,88.0,9.9,0.0,46.71353,16.112904
2026-04-14 06:00:00+00:00,422,24,33.0,10.5,0.1,46.22144,15.21531
2026-04-14 06:00:00+00:00,425,24,50.0,10.3,0.4,45.940243,15.546751
2026-04-14 06:00:00+00:00,426,24,52.0,13.5,0.0,45.51845,13.704866
2026-04-14 12:00:00+00:00,63,24,373.0,13.5,0.0,46.432335,14.134615
2026-04-14 12:00:00+00:00,76,24,313.0,14.7,0.0,46.291737,14.233227
2026-04-14 12:00:00+00:00,106,24,298.0,14.7,0.1,46.22144,14.354067
2026-04-14 12:00:00+00:00,122,24,286.0,15.1,0.0,46.08084,14.45151
2026-04-14 12:00:00+00:00,127,24,302.0,14.4,0.0,46.151142,14.474522
2026-04-14 12:00:00+00:00,129,24,307.0,14.3,0.0,46.010544,14.571429
2026-04-14 12:00:00+00:00,177,24,364.0,10.4,0.1,45.65905,14.88189
2026-04-14 12:00:00+00:00,194,24,368.0,13.6,0.0,46.502636,15.024076
2026-04-14 12:00:00+00:00,236,24,526.0,14.8,0.0,45.79965,15.213271
2026-04-14 12:00:00+00:00,325,24,186.0,13.9,0.0,46.572933,15.62701
2026-04-14 12:00:00+00:00,391,24,481.0,16.0,0.0,46.71353,16.112904
2026-04-14 12:00:00+00:00,422,24,463.0,14.4,0.0,46.22144,15.21531
2026-04-14 12:00:00+00:00,425,24,443.0,14.7,0.0,45.940243,15.546751
2026-04-14 12:00:00+00:00,426,24,435.0,16.4,3.1,45.51845,13.704866
2026-04-14 18:00:00+00:00,63,24,7.0,10.5,0.0,46.432335,14.134615
2026-04-14 18:00:00+00:00,76,24,7.0,11.0,0.5,46.291737,14.233227
2026-04-14 18:00:00+00:00,106,24,8.0,10.5,0.4,46.22144,14.354067
2026-04-14 18:00:00+00:00,122,24,6.0,11.4,1.9,46.08084,14.45151
2026-04-14 18:00:00+00:00,127,24,8.0,10.2,1.0,46.151142,14.474522
2026-04-14 18:00:00+00:00,129,24,4.0,11.6,1.2,46.010544,14.571429
2026-04-14 18:00:00+00:00,177,24,3.0,8.5,0.5,45.65905,14.88189
2026-04-14 18:00:00+00:00,194,24,11.0,12.0,0.0,46.502636,15.024076
2026-04-14 18:00:00+00:00,236,24,3.0,12.8,0.2,45.79965,15.213271
2026-04-14 18:00:00+00:00,325,24,6.0,12.3,0.1,46.572933,15.62701
2026-04-14 18:00:00+00:00,391,24,4.0,12.5,0.0,46.71353,16.112904
2026-04-14 18:00:00+00:00,422,24,6.0,12.4,0.0,46.22144,15.21531
2026-04-14 18:00:00+00:00,425,24,4.0,13.7,0.2,45.940243,15.546751
2026-04-14 18:00:00+00:00,426,24,15.0,14.7,0.0,45.51845,13.704866
2026-04-14 01:00:00+00:00,63,1,0.0,8.6,0.0,46.432335,14.134615
2026-04-14 01:00:00+00:00,76,1,0.0,10.0,0.0,46.291737,14.233227
2026-04-14 01:00:00+00:00,106,1,0.0,11.3,0.0,46.22144,14.354067
2026-04-14 01:00:00+00:00,122,1,0.0,12.5,0.0,46.08084,14.45151
2026-04-14 01:00:00+00:00,127,1,0.0,11.0,0.0,46.151142,14.474522
2026-04-14 01:00:00+00:00,129,1,0.0,12.3,0.0,46.010544,14.571429
2026-04-14 01:00:00+00:00,177,1,0.0,7.2,0.0,45.65905,14.88189
2026-04-14 01:00:00+00:00,194,1,0.0,10.9,0.0,46.502636,15.024076
2026-04-14 01:00:00+00:00,236,1,0.0,11.4,0.0,45.79965,15.213271
2026-04-14 01:00:00+00:00,325,1,0.0,9.7,0.0,46.572933,15.62701
2026-04-14 01:00:00+00:00,391,1,0.0,9.7,0.0,46.71353,16.112904
2026-04-14 01:00:00+00:00,422,1,0.0,10.4,0.0,46.22144,15.21531
2026-04-14 01:00:00+00:00,425,1,0.0,11.2,0.0,45.940243,15.546751
2026-04-14 01:00:00+00:00,426,1,0.0,13.2,2.6,45.51845,13.704866
2026-04-14 02:00:00+00:00,63,2,0.0,9.6,0.0,46.432335,14.134615
2026-04-14 02:00:00+00:00,76,2,0.0,9.9,0.0,46.291737,14.233227
2026-04-14 02:00:00+00:00,106,2,0.0,11.0,0.0,46.22144,14.354067
2026-04-14 02:00:00+00:00,122,2,0.0,11.7,0.0,46.08084,14.45151
2026-04-14 02:00:00+00:00,127,2,0.0,10.8,0.0,46.151142,14.474522
2026-04-14 02:00:00+00:00,129,2,0.0,11.6,0.0,46.010544,14.571429
2026-04-14 02:00:00+00:00,177,2,0.0,6.5,0.5,45.65905,14.88189
2026-04-14 02:00:00+00:00,194,2,0.0,10.4,0.0,46.502636,15.024076
2026-04-14 02:00:00+00:00,236,2,0.0,11.3,0.0,45.79965,15.213271
2026-04-14 02:00:00+00:00,325,2,0.0,9.2,0.0,46.572933,15.62701
2026-04-14 02:00:00+00:00,391,2,0.0,8.8,0.0,46.71353,16.112904
2026-04-14 02:00:00+00:00,422,2,0.0,9.9,0.0,46.22144,15.21531
2026-04-14 02:00:00+00:00,425,2,0.0,10.7,0.0,45.940243,15.546751
2026-04-14 02:00:00+00:00,426,2,0.0,13.0,1.2,45.51845,13.704866
2026-04-14 03:00:00+00:00,63,3,0.0,9.1,0.0,46.432335,14.134615
2026-04-14 03:00:00+00:00,76,3,0.0,8.7,0.0,46.291737,14.233227
2026-04-14 03:00:00+00:00,106,3,0.0,9.0,0.0,46.22144,14.354067
2026-04-14 03:00:00+00:00,122,3,0.0,10.8,0.0,46.08084,14.45151
2026-04-14 03:00:00+00:00,127,3,0.0,9.3,0.0,46.151142,14.474522
2026-04-14 03:00:00+00:00,129,3,0.0,10.9,0.0,46.010544,14.571429
2026-04-14 03:00:00+00:00,177,3,0.0,6.3,0.1,45.65905,14.88189
2026-04-14 03:00:00+00:00,194,3,0.0,9.6,0.0,46.502636,15.024076
2026-04-14 03:00:00+00:00,236,3,0.0,10.9,0.0,45.79965,15.213271
2026-04-14 03:00:00+00:00,325,3,0.0,9.1,0.0,46.572933,15.62701
2026-04-14 03:00:00+00:00,391,3,0.0,8.3,0.0,46.71353,16.112904
2026-04-14 03:00:00+00:00,422,3,0.0,8.8,0.0,46.22144,15.21531
2026-04-14 03:00:00+00:00,425,3,0.0,10.2,0.0,45.940243,15.546751
2026-04-14 03:00:00+00:00,426,3,0.0,12.6,0.5,45.51845,13.704866
2026-04-14 06:00:00+00:00,63,6,42.0,8.8,0.2,46.432335,14.134615
2026-04-14 06:00:00+00:00,76,6,35.0,9.6,0.2,46.291737,14.233227
2026-04-14 06:00:00+00:00,106,6,42.0,10.3,0.1,46.22144,14.354067
2026-04-14 06:00:00+00:00,122,6,59.0,11.0,0.0,46.08084,14.45151
2026-04-14 06:00:00+00:00,127,6,52.0,10.0,0.0,46.151142,14.474522
2026-04-14 06:00:00+00:00,129,6,58.0,11.3,0.0,46.010544,14.571429
2026-04-14 06:00:00+00:00,177,6,39.0,6.7,0.0,45.65905,14.88189
2026-04-14 06:00:00+00:00,194,6,111.0,10.3,0.0,46.502636,15.024076
2026-04-14 06:00:00+00:00,236,6,47.0,10.5,0.0,45.79965,15.213271
2026-04-14 06:00:00+00:00,325,6,94.0,9.6,0.0,46.572933,15.62701
2026-04-14 06:00:00+00:00,391,6,144.0,10.2,0.0,46.71353,16.112904
2026-04-14 06:00:00+00:00,422,6,58.0,10.3,0.0,46.22144,15.21531
2026-04-14 06:00:00+00:00,425,6,64.0,10.9,0.0,45.940243,15.546751
2026-04-14 06:00:00+00:00,426,6,40.0,12.2,0.5,45.51845,13.704866
2026-04-14 07:00:00+00:00,63,1,58.0,9.4,0.1,46.432335,14.134615
2026-04-14 07:00:00+00:00,76,1,67.0,10.8,0.0,46.291737,14.233227
2026-04-14 07:00:00+00:00,106,1,74.0,11.1,0.0,46.22144,14.354067
2026-04-14 07:00:00+00:00,122,1,104.0,11.4,0.0,46.08084,14.45151
2026-04-14 07:00:00+00:00,127,1,83.0,10.5,0.1,46.151142,14.474522
2026-04-14 07:00:00+00:00,129,1,99.0,11.2,0.0,46.010544,14.571429
2026-04-14 07:00:00+00:00,177,1,107.0,6.6,0.1,45.65905,14.88189
2026-04-14 07:00:00+00:00,194,1,119.0,11.3,0.0,46.502636,15.024076
2026-04-14 07:00:00+00:00,236,1,119.0,10.5,0.0,45.79965,15.213271
2026-04-14 07:00:00+00:00,325,1,179.0,11.5,0.0,46.572933,15.62701
2026-04-14 07:00:00+00:00,391,1,214.0,11.4,0.0,46.71353,16.112904
2026-04-14 07:00:00+00:00,422,1,36.0,10.0,0.3,46.22144,15.21531
2026-04-14 07:00:00+00:00,425,1,38.0,9.9,0.0,45.940243,15.546751
2026-04-14 07:00:00+00:00,426,1,79.0,12.4,1.2,45.51845,13.704866
2026-04-14 08:00:00+00:00,63,2,137.0,10.1,0.1,46.432335,14.134615
2026-04-14 08:00:00+00:00,76,2,106.0,11.3,0.0,46.291737,14.233227
2026-04-14 08:00:00+00:00,106,2,110.0,11.5,0.0,46.22144,14.354067
2026-04-14 08:00:00+00:00,122,2,157.0,12.1,0.0,46.08084,14.45151
2026-04-14 08:00:00+00:00,127,2,137.0,11.1,0.0,46.151142,14.474522
2026-04-14 08:00:00+00:00,129,2,199.0,12.0,0.0,46.010544,14.571429
2026-04-14 08:00:00+00:00,177,2,249.0,7.7,0.0,45.65905,14.88189
2026-04-14 08:00:00+00:00,194,2,76.0,10.5,0.5,46.502636,15.024076
2026-04-14 08:00:00+00:00,236,2,218.0,11.0,0.0,45.79965,15.213271
2026-04-14 08:00:00+00:00,325,2,144.0,11.7,0.0,46.572933,15.62701
2026-04-14 08:00:00+00:00,391,2,175.0,11.7,0.0,46.71353,16.112904
2026-04-14 08:00:00+00:00,422,2,73.0,9.9,0.4,46.22144,15.21531
2026-04-14 08:00:00+00:00,425,2,85.0,10.2,0.0,45.940243,15.546751
2026-04-14 08:00:00+00:00,426,2,76.0,12.9,0.8,45.51845,13.704866
2026-04-14 09:00:00+00:00,63,3,176.0,10.8,0.2,46.432335,14.134615
2026-04-14 09:00:00+00:00,76,3,170.0,12.0,0.1,46.291737,14.233227
2026-04-14 09:00:00+00:00,106,3,183.0,12.0,0.1,46.22144,14.354067
2026-04-14 09:00:00+00:00,122,3,203.0,12.7,0.0,46.08084,14.45151
2026-04-14 09:00:00+00:00,127,3,200.0,11.5,0.0,46.151142,14.474522
2026-04-14 09:00:00+00:00,129,3,271.0,12.8,0.0,46.010544,14.571429
2026-04-14 09:00:00+00:00,177,3,310.0,8.6,0.0,45.65905,14.88189
2026-04-14 09:00:00+00:00,194,3,92.0,9.9,0.4,46.502636,15.024076
2026-04-14 09:00:00+00:00,236,3,461.0,12.6,0.0,45.79965,15.213271
2026-04-14 09:00:00+00:00,325,3,182.0,12.5,0.0,46.572933,15.62701
2026-04-14 09:00:00+00:00,391,3,203.0,12.1,0.0,46.71353,16.112904
2026-04-14 09:00:00+00:00,422,3,203.0,11.4,0.0,46.22144,15.21531
2026-04-14 09:00:00+00:00,425,3,196.0,11.0,0.0,45.940243,15.546751
2026-04-14 09:00:00+00:00,426,3,171.0,13.3,3.0,45.51845,13.704866
2026-04-14 12:00:00+00:00,63,6,345.0,13.1,0.0,46.432335,14.134615
2026-04-14 12:00:00+00:00,76,6,542.0,15.9,0.0,46.291737,14.233227
2026-04-14 12:00:00+00:00,106,6,662.0,17.0,0.0,46.22144,14.354067
2026-04-14 12:00:00+00:00,122,6,711.0,17.8,0.0,46.08084,14.45151
2026-04-14 12:00:00+00:00,127,6,711.0,16.6,0.0,46.151142,14.474522
2026-04-14 12:00:00+00:00,129,6,650.0,16.7,0.0,46.010544,14.571429
2026-04-14 12:00:00+00:00,177,6,408.0,11.8,0.0,45.65905,14.88189
2026-04-14 12:00:00+00:00,194,6,254.0,12.9,0.0,46.502636,15.024076
2026-04-14 12:00:00+00:00,236,6,403.0,15.0,0.0,45.79965,15.213271
2026-04-14 12:00:00+00:00,325,6,405.0,15.4,0.0,46.572933,15.62701
2026-04-14 12:00:00+00:00,391,6,527.0,15.8,0.0,46.71353,16.112904
2026-04-14 12:00:00+00:00,422,6,413.0,15.0,0.0,46.22144,15.21531
2026-04-14 12:00:00+00:00,425,6,446.0,15.4,0.0,45.940243,15.546751
2026-04-14 12:00:00+00:00,426,6,435.0,16.6,1.2,45.51845,13.704866
2026-04-14 13:00:00+00:00,63,1,264.0,11.9,0.0,46.432335,14.134615
2026-04-14 13:00:00+00:00,76,1,144.0,13.0,0.1,46.291737,14.233227
2026-04-14 13:00:00+00:00,106,1,107.0,13.6,0.0,46.22144,14.354067
2026-04-14 13:00:00+00:00,122,1,172.0,14.5,0.0,46.08084,14.45151
2026-04-14 13:00:00+00:00,127,1,141.0,13.1,0.0,46.151142,14.474522
2026-04-14 13:00:00+00:00,129,1,215.0,14.1,0.0,46.010544,14.571429
2026-04-14 13:00:00+00:00,177,1,348.0,10.1,0.2,45.65905,14.88189
2026-04-14 13:00:00+00:00,194,1,270.0,13.3,0.0,46.502636,15.024076
2026-04-14 13:00:00+00:00,236,1,346.0,13.5,0.0,45.79965,15.213271
2026-04-14 13:00:00+00:00,325,1,457.0,14.0,0.0,46.572933,15.62701
2026-04-14 13:00:00+00:00,391,1,605.0,16.0,0.6,46.71353,16.112904
2026-04-14 13:00:00+00:00,422,1,251.0,12.8,0.0,46.22144,15.21531
2026-04-14 13:00:00+00:00,425,1,336.0,13.4,0.0,45.940243,15.546751
2026-04-14 13:00:00+00:00,426,1,134.0,14.3,2.1,45.51845,13.704866
2026-04-14 14:00:00+00:00,63,2,167.0,12.2,0.0,46.432335,14.134615
2026-04-14 14:00:00+00:00,76,2,209.0,13.9,0.0,46.291737,14.233227
2026-04-14 14:00:00+00:00,106,2,188.0,14.0,0.0,46.22144,14.354067
2026-04-14 14:00:00+00:00,122,2,182.0,14.9,0.0,46.08084,14.45151
2026-04-14 14:00:00+00:00,127,2,162.0,13.6,0.0,46.151142,14.474522
2026-04-14 14:00:00+00:00,129,2,192.0,14.0,0.0,46.010544,14.571429
2026-04-14 14:00:00+00:00,177,2,316.0,9.9,0.3,45.65905,14.88189
2026-04-14 14:00:00+00:00,194,2,213.0,13.4,0.0,46.502636,15.024076
2026-04-14 14:00:00+00:00,236,2,203.0,13.5,0.0,45.79965,15.213271
2026-04-14 14:00:00+00:00,325,2,221.0,13.7,0.0,46.572933,15.62701
2026-04-14 14:00:00+00:00,391,2,146.0,14.4,1.4,46.71353,16.112904
2026-04-14 14:00:00+00:00,422,2,208.0,12.9,0.0,46.22144,15.21531
2026-04-14 14:00:00+00:00,425,2,202.0,13.6,0.0,45.940243,15.546751
2026-04-14 14:00:00+00:00,426,2,123.0,14.0,2.2,45.51845,13.704866
2026-04-14 15:00:00+00:00,63,3,187.0,12.9,0.0,46.432335,14.134615
2026-04-14 15:00:00+00:00,76,3,139.0,13.9,0.0,46.291737,14.233227
2026-04-14 15:00:00+00:00,106,3,119.0,13.9,0.0,46.22144,14.354067
2026-04-14 15:00:00+00:00,122,3,101.0,14.5,0.0,46.08084,14.45151
2026-04-14 15:00:00+00:00,127,3,110.0,13.6,0.0,46.151142,14.474522
2026-04-14 15:00:00+00:00,129,3,139.0,13.7,0.0,46.010544,14.571429
2026-04-14 15:00:00+00:00,177,3,183.0,9.5,0.1,45.65905,14.88189
2026-04-14 15:00:00+00:00,194,3,138.0,12.9,0.0,46.502636,15.024076
2026-04-14 15:00:00+00:00,236,3,166.0,13.6,0.0,45.79965,15.213271
2026-04-14 15:00:00+00:00,325,3,81.0,13.4,0.0,46.572933,15.62701
2026-04-14 15:00:00+00:00,391,3,96.0,14.1,0.7,46.71353,16.112904
2026-04-14 15:00:00+00:00,422,3,137.0,13.1,0.0,46.22144,15.21531
2026-04-14 15:00:00+00:00,425,3,143.0,14.1,0.0,45.940243,15.546751
2026-04-14 15:00:00+00:00,426,3,109.0,14.4,0.2,45.51845,13.704866
2026-04-14 18:00:00+00:00,63,6,4.0,11.1,0.0,46.432335,14.134615
2026-04-14 18:00:00+00:00,76,6,5.0,11.9,0.0,46.291737,14.233227
2026-04-14 18:00:00+00:00,106,6,7.0,12.3,0.0,46.22144,14.354067
2026-04-14 18:00:00+00:00,122,6,8.0,13.7,0.0,46.08084,14.45151
2026-04-14 18:00:00+00:00,127,6,8.0,11.9,0.0,46.151142,14.474522
2026-04-14 18:00:00+00:00,129,6,7.0,12.5,0.0,46.010544,14.571429
2026-04-14 18:00:00+00:00,177,6,4.0,8.1,0.0,45.65905,14.88189
2026-04-14 18:00:00+00:00,194,6,6.0,11.1,0.0,46.502636,15.024076
2026-04-14 18:00:00+00:00,236,6,8.0,12.5,0.0,45.79965,15.213271
2026-04-14 18:00:00+00:00,325,6,3.0,11.8,0.0,46.572933,15.62701
2026-04-14 18:00:00+00:00,391,6,2.0,12.3,0.0,46.71353,16.112904
2026-04-14 18:00:00+00:00,422,6,5.0,12.6,0.0,46.22144,15.21531
2026-04-14 18:00:00+00:00,425,6,7.0,12.9,0.0,45.940243,15.546751
2026-04-14 18:00:00+00:00,426,6,9.0,13.3,1.2,45.51845,13.704866
2026-04-14 19:00:00+00:00,63,1,0.0,9.4,0.0,46.432335,14.134615
2026-04-14 19:00:00+00:00,76,1,0.0,10.3,0.0,46.291737,14.233227
2026-04-14 19:00:00+00:00,106,1,0.0,10.5,0.1,46.22144,14.354067
2026-04-14 19:00:00+00:00,122,1,0.0,11.1,0.2,46.08084,14.45151
2026-04-14 19:00:00+00:00,127,1,0.0,9.8,0.2,46.151142,14.474522
2026-04-14 19:00:00+00:00,129,1,0.0,10.5,0.2,46.010544,14.571429
2026-04-14 19:00:00+00:00,177,1,0.0,6.6,0.1,45.65905,14.88189
2026-04-14 19:00:00+00:00,194,1,0.0,9.7,0.1,46.502636,15.024076
2026-04-14 19:00:00+00:00,236,1,0.0,10.9,0.1,45.79965,15.213271
2026-04-14 19:00:00+00:00,325,1,0.0,10.9,0.0,46.572933,15.62701
2026-04-14 19:00:00+00:00,391,1,0.0,10.9,0.0,46.71353,16.112904
2026-04-14 19:00:00+00:00,422,1,0.0,10.8,0.1,46.22144,15.21531
2026-04-14 19:00:00+00:00,425,1,0.0,11.6,0.2,45.940243,15.546751
2026-04-14 19:00:00+00:00,426,1,0.0,12.9,1.0,45.51845,13.704866
2026-04-14 20:00:00+00:00,63,2,0.0,9.3,0.0,46.432335,14.134615
2026-04-14 20:00:00+00:00,76,2,0.0,10.0,0.0,46.291737,14.233227
2026-04-14 20:00:00+00:00,106,2,0.0,10.1,0.0,46.22144,14.354067
2026-04-14 20:00:00+00:00,122,2,0.0,10.8,0.2,46.08084,14.45151
2026-04-14 20:00:00+00:00,127,2,0.0,9.5,0.1,46.151142,14.474522
2026-04-14 20:00:00+00:00,129,2,0.0,10.1,0.3,46.010544,14.571429
2026-04-14 20:00:00+00:00,177,2,0.0,6.5,0.1,45.65905,14.88189
2026-04-14 20:00:00+00:00,194,2,0.0,9.5,0.0,46.502636,15.024076
2026-04-14 20:00:00+00:00,236,2,0.0,10.9,0.1,45.79965,15.213271
2026-04-14 20:00:00+00:00,325,2,0.0,10.9,0.0,46.572933,15.62701
2026-04-14 20:00:00+00:00,391,2,0.0,10.7,0.0,46.71353,16.112904
2026-04-14 20:00:00+00:00,422,2,0.0,10.6,0.0,46.22144,15.21531
2026-04-14 20:00:00+00:00,425,2,0.0,11.4,0.0,45.940243,15.546751
2026-04-14 20:00:00+00:00,426,2,0.0,11.9,0.9,45.51845,13.704866
2026-04-14 21:00:00+00:00,63,3,0.0,9.2,0.0,46.432335,14.134615
2026-04-14 21:00:00+00:00,76,3,0.0,9.9,0.0,46.291737,14.233227
2026-04-14 21:00:00+00:00,106,3,0.0,10.0,0.1,46.22144,14.354067
2026-04-14 21:00:00+00:00,122,3,0.0,10.4,0.3,46.08084,14.45151
2026-04-14 21:00:00+00:00,127,3,0.0,9.4,0.2,46.151142,14.474522
2026-04-14 21:00:00+00:00,129,3,0.0,10.1,0.2,46.010544,14.571429
2026-04-14 21:00:00+00:00,177,3,0.0,6.5,0.0,45.65905,14.88189
2026-04-14 21:00:00+00:00,194,3,0.0,9.4,0.0,46.502636,15.024076
2026-04-14 21:00:00+00:00,236,3,0.0,10.9,0.0,45.79965,15.213271
2026-04-14 21:00:00+00:00,325,3,0.0,10.8,0.0,46.572933,15.62701
2026-04-14 21:00:00+00:00,391,3,0.0,10.5,0.0,46.71353,16.112904
2026-04-14 21:00:00+00:00,422,3,0.0,10.7,0.0,46.22144,15.21531
2026-04-14 21:00:00+00:00,425,3,0.0,11.3,0.0,45.940243,15.546751
2026-04-14 21:00:00+00:00,426,3,0.0,11.6,1.2,45.51845,13.704866
2026-04-15 00:00:00+00:00,63,6,0.0,8.9,0.0,46.432335,14.134615
2026-04-15 00:00:00+00:00,63,24,0.0,10.0,0.0,46.432335,14.134615
2026-04-15 00:00:00+00:00,76,6,0.0,9.7,0.0,46.291737,14.233227
2026-04-15 00:00:00+00:00,76,24,0.0,9.9,0.0,46.291737,14.233227
2026-04-15 00:00:00+00:00,106,6,0.0,9.8,0.0,46.22144,14.354067
2026-04-15 00:00:00+00:00,106,24,0.0,11.3,0.0,46.22144,14.354067
2026-04-15 00:00:00+00:00,122,6,0.0,10.0,0.0,46.08084,14.45151
2026-04-15 00:00:00+00:00,122,24,0.0,11.8,0.0,46.08084,14.45151
2026-04-15 00:00:00+00:00,127,6,0.0,9.1,0.0,46.151142,14.474522
2026-04-15 00:00:00+00:00,127,24,0.0,10.9,0.0,46.151142,14.474522
2026-04-15 00:00:00+00:00,129,6,0.0,9.9,0.0,46.010544,14.571429
2026-04-15 00:00:00+00:00,129,24,0.0,11.7,0.0,46.010544,14.571429
2026-04-15 00:00:00+00:00,177,6,0.0,6.5,0.0,45.65905,14.88189
2026-04-15 00:00:00+00:00,177,24,0.0,8.7,0.0,45.65905,14.88189
2026-04-15 00:00:00+00:00,194,6,0.0,8.7,0.0,46.502636,15.024076
2026-04-15 00:00:00+00:00,194,24,0.0,9.4,0.0,46.502636,15.024076
2026-04-15 00:00:00+00:00,236,6,0.0,10.5,0.0,45.79965,15.213271
2026-04-15 00:00:00+00:00,236,24,0.0,12.2,0.2,45.79965,15.213271
2026-04-15 00:00:00+00:00,325,6,0.0,11.1,0.0,46.572933,15.62701
2026-04-15 00:00:00+00:00,325,24,0.0,12.1,0.1,46.572933,15.62701
2026-04-15 00:00:00+00:00,391,6,0.0,10.4,0.0,46.71353,16.112904
2026-04-15 00:00:00+00:00,391,24,0.0,12.2,0.0,46.71353,16.112904
2026-04-15 00:00:00+00:00,422,6,0.0,10.5,0.0,46.22144,15.21531
2026-04-15 00:00:00+00:00,422,24,0.0,11.3,0.0,46.22144,15.21531
2026-04-15 00:00:00+00:00,425,6,0.0,10.7,0.0,45.940243,15.546751
2026-04-15 00:00:00+00:00,425,24,0.0,11.6,0.1,45.940243,15.546751
2026-04-15 00:00:00+00:00,426,6,0.0,12.5,0.1,45.51845,13.704866
2026-04-15 00:00:00+00:00,426,24,0.0,13.4,0.0,45.51845,13.704866
2026-04-15 06:00:00+00:00,63,24,100.0,10.5,0.0,46.432335,14.134615
2026-04-15 06:00:00+00:00,76,24,93.0,10.5,0.0,46.291737,14.233227
2026-04-15 06:00:00+00:00,106,24,68.0,10.8,0.0,46.22144,14.354067
2026-04-15 06:00:00+00:00,122,24,53.0,11.5,0.0,46.08084,14.45151
2026-04-15 06:00:00+00:00,127,24,46.0,10.2,0.0,46.151142,14.474522
2026-04-15 06:00:00+00:00,129,24,53.0,11.4,0.0,46.010544,14.571429
2026-04-15 06:00:00+00:00,177,24,30.0,7.7,0.0,45.65905,14.88189
2026-04-15 06:00:00+00:00,194,24,120.0,10.6,0.0,46.502636,15.024076
2026-04-15 06:00:00+00:00,236,24,37.0,11.4,0.0,45.79965,15.213271
2026-04-15 06:00:00+00:00,325,24,89.0,12.3,0.0,46.572933,15.62701
2026-04-15 06:00:00+00:00,391,24,92.0,11.9,0.0,46.71353,16.112904
2026-04-15 06:00:00+00:00,422,24,63.0,11.1,0.0,46.22144,15.21531
2026-04-15 06:00:00+00:00,425,24,67.0,11.6,0.0,45.940243,15.546751
2026-04-15 06:00:00+00:00,426,24,51.0,14.8,0.0,45.51845,13.704866
2026-04-15 12:00:00+00:00,63,24,455.0,16.7,0.1,46.432335,14.134615
2026-04-15 12:00:00+00:00,76,24,544.0,17.3,0.0,46.291737,14.233227
2026-04-15 12:00:00+00:00,106,24,570.0,18.0,0.0,46.22144,14.354067
2026-04-15 12:00:00+00:00,122,24,510.0,18.5,0.0,46.08084,14.45151
2026-04-15 12:00:00+00:00,127,24,527.0,17.5,0.0,46.151142,14.474522
2026-04-15 12:00:00+00:00,129,24,452.0,17.2,0.0,46.010544,14.571429
2026-04-15 12:00:00+00:00,177,24,332.0,13.0,0.2,45.65905,14.88189
2026-04-15 12:00:00+00:00,194,24,399.0,17.2,0.0,46.502636,15.024076
2026-04-15 12:00:00+00:00,236,24,323.0,17.3,0.0,45.79965,15.213271
2026-04-15 12:00:00+00:00,325,24,314.0,16.9,0.0,46.572933,15.62701
2026-04-15 12:00:00+00:00,391,24,397.0,17.7,0.0,46.71353,16.112904
2026-04-15 12:00:00+00:00,422,24,425.0,18.0,0.0,46.22144,15.21531
2026-04-15 12:00:00+00:00,425,24,396.0,17.9,0.0,45.940243,15.546751
2026-04-15 12:00:00+00:00,426,24,616.0,21.7,0.1,45.51845,13.704866
2026-04-15 18:00:00+00:00,63,24,22.0,12.5,0.0,46.432335,14.134615
2026-04-15 18:00:00+00:00,76,24,19.0,13.4,0.0,46.291737,14.233227
2026-04-15 18:00:00+00:00,106,24,18.0,14.5,0.0,46.22144,14.354067
2026-04-15 18:00:00+00:00,122,24,21.0,15.1,0.0,46.08084,14.45151
2026-04-15 18:00:00+00:00,127,24,19.0,13.5,0.0,46.151142,14.474522
2026-04-15 18:00:00+00:00,129,24,21.0,13.3,0.0,46.010544,14.571429
2026-04-15 18:00:00+00:00,177,24,9.0,10.6,0.0,45.65905,14.88189
2026-04-15 18:00:00+00:00,194,24,20.0,12.6,0.0,46.502636,15.024076
2026-04-15 18:00:00+00:00,236,24,7.0,15.6,0.0,45.79965,15.213271
2026-04-15 18:00:00+00:00,325,24,16.0,14.2,0.0,46.572933,15.62701
2026-04-15 18:00:00+00:00,391,24,15.0,13.6,0.0,46.71353,16.112904
2026-04-15 18:00:00+00:00,422,24,20.0,13.9,0.0,46.22144,15.21531
2026-04-15 18:00:00+00:00,425,24,7.0,15.7,0.0,45.940243,15.546751
2026-04-15 18:00:00+00:00,426,24,22.0,15.1,0.0,45.51845,13.704866
2026-04-16 19:00:00+00:00,63,1,0.0,11.6,0.0,46.432335,14.134615
2026-04-16 19:00:00+00:00,76,1,0.0,10.9,0.0,46.291737,14.233227
2026-04-16 19:00:00+00:00,106,1,0.0,12.0,0.0,46.22144,14.354067
2026-04-16 19:00:00+00:00,122,1,0.0,14.7,0.0,46.08084,14.45151
2026-04-16 19:00:00+00:00,127,1,0.0,12.5,0.0,46.151142,14.474522
2026-04-16 19:00:00+00:00,129,1,0.0,13.8,0.0,46.010544,14.571429
2026-04-16 19:00:00+00:00,177,1,0.0,9.5,0.0,45.65905,14.88189
2026-04-16 19:00:00+00:00,194,1,0.0,12.5,0.0,46.502636,15.024076
2026-04-16 19:00:00+00:00,236,1,0.0,14.2,0.0,45.79965,15.213271
2026-04-16 19:00:00+00:00,325,1,0.0,14.8,0.0,46.572933,15.62701
2026-04-16 19:00:00+00:00,391,1,0.0,12.8,0.0,46.71353,16.112904
2026-04-16 19:00:00+00:00,422,1,0.0,12.8,0.0,46.22144,15.21531
2026-04-16 19:00:00+00:00,425,1,0.0,14.3,0.0,45.940243,15.546751
2026-04-16 19:00:00+00:00,426,1,0.0,16.5,0.0,45.51845,13.704866
2026-04-16 20:00:00+00:00,63,2,0.0,10.9,0.0,46.432335,14.134615
2026-04-16 20:00:00+00:00,76,2,0.0,10.1,0.0,46.291737,14.233227
2026-04-16 20:00:00+00:00,106,2,0.0,10.9,0.0,46.22144,14.354067
2026-04-16 20:00:00+00:00,122,2,0.0,13.6,0.0,46.08084,14.45151
2026-04-16 20:00:00+00:00,127,2,0.0,11.0,0.0,46.151142,14.474522
2026-04-16 20:00:00+00:00,129,2,0.0,12.5,0.0,46.010544,14.571429
2026-04-16 20:00:00+00:00,177,2,0.0,8.7,0.0,45.65905,14.88189
2026-04-16 20:00:00+00:00,194,2,0.0,11.7,0.0,46.502636,15.024076
2026-04-16 20:00:00+00:00,236,2,0.0,13.4,0.0,45.79965,15.213271
2026-04-16 20:00:00+00:00,325,2,0.0,13.4,0.0,46.572933,15.62701
2026-04-16 20:00:00+00:00,391,2,0.0,12.1,0.0,46.71353,16.112904
2026-04-16 20:00:00+00:00,422,2,0.0,11.6,0.0,46.22144,15.21531
2026-04-16 20:00:00+00:00,425,2,0.0,13.2,0.0,45.940243,15.546751
2026-04-16 20:00:00+00:00,426,2,0.0,16.0,0.0,45.51845,13.704866
2026-04-16 21:00:00+00:00,63,3,0.0,11.3,0.2,46.432335,14.134615
2026-04-16 21:00:00+00:00,76,3,0.0,9.9,0.0,46.291737,14.233227
2026-04-16 21:00:00+00:00,106,3,0.0,10.0,0.0,46.22144,14.354067
2026-04-16 21:00:00+00:00,122,3,0.0,12.4,0.0,46.08084,14.45151
2026-04-16 21:00:00+00:00,127,3,0.0,9.7,0.0,46.151142,14.474522
2026-04-16 21:00:00+00:00,129,3,0.0,11.3,0.0,46.010544,14.571429
2026-04-16 21:00:00+00:00,177,3,0.0,8.1,0.0,45.65905,14.88189
2026-04-16 21:00:00+00:00,194,3,0.0,11.0,0.0,46.502636,15.024076
2026-04-16 21:00:00+00:00,236,3,0.0,12.6,0.0,45.79965,15.213271
2026-04-16 21:00:00+00:00,325,3,0.0,12.9,0.0,46.572933,15.62701
2026-04-16 21:00:00+00:00,391,3,0.0,11.6,0.0,46.71353,16.112904
2026-04-16 21:00:00+00:00,422,3,0.0,10.7,0.0,46.22144,15.21531
2026-04-16 21:00:00+00:00,425,3,0.0,12.5,0.0,45.940243,15.546751
2026-04-16 21:00:00+00:00,426,3,0.0,16.4,0.0,45.51845,13.704866
2026-04-17 00:00:00+00:00,63,6,0.0,9.0,0.0,46.432335,14.134615
2026-04-17 00:00:00+00:00,76,6,0.0,8.6,0.0,46.291737,14.233227
2026-04-17 00:00:00+00:00,106,6,0.0,8.4,0.0,46.22144,14.354067
2026-04-17 00:00:00+00:00,122,6,0.0,9.9,0.0,46.08084,14.45151
2026-04-17 00:00:00+00:00,127,6,0.0,7.5,0.0,46.151142,14.474522
2026-04-17 00:00:00+00:00,129,6,0.0,9.3,0.0,46.010544,14.571429
2026-04-17 00:00:00+00:00,177,6,0.0,6.4,0.0,45.65905,14.88189
2026-04-17 00:00:00+00:00,194,6,0.0,8.8,0.0,46.502636,15.024076
2026-04-17 00:00:00+00:00,236,6,0.0,10.8,0.0,45.79965,15.213271
2026-04-17 00:00:00+00:00,325,6,0.0,10.9,0.0,46.572933,15.62701
2026-04-17 00:00:00+00:00,391,6,0.0,8.9,0.0,46.71353,16.112904
2026-04-17 00:00:00+00:00,422,6,0.0,8.4,0.0,46.22144,15.21531
2026-04-17 00:00:00+00:00,425,6,0.0,10.8,0.0,45.940243,15.546751
2026-04-17 00:00:00+00:00,426,6,0.0,14.1,0.0,45.51845,13.704866
2026-04-17 18:00:00+00:00,63,24,26.0,14.8,0.0,46.432335,14.134615
2026-04-17 18:00:00+00:00,76,24,27.0,13.8,0.0,46.291737,14.233227
2026-04-17 18:00:00+00:00,106,24,27.0,14.5,0.0,46.22144,14.354067
2026-04-17 18:00:00+00:00,122,24,26.0,17.0,0.0,46.08084,14.45151
2026-04-17 18:00:00+00:00,127,24,26.0,14.4,0.0,46.151142,14.474522
2026-04-17 18:00:00+00:00,129,24,26.0,14.3,0.0,46.010544,14.571429
2026-04-17 18:00:00+00:00,177,24,25.0,10.5,0.0,45.65905,14.88189
2026-04-17 18:00:00+00:00,194,24,25.0,13.6,0.0,46.502636,15.024076
2026-04-17 18:00:00+00:00,236,24,22.0,15.2,0.0,45.79965,15.213271
2026-04-17 18:00:00+00:00,325,24,22.0,16.1,0.0,46.572933,15.62701
2026-04-17 18:00:00+00:00,391,24,20.0,14.0,0.0,46.71353,16.112904
2026-04-17 18:00:00+00:00,422,24,23.0,15.8,0.0,46.22144,15.21531
2026-04-17 18:00:00+00:00,425,24,21.0,14.8,0.0,45.940243,15.546751
2026-04-17 18:00:00+00:00,426,24,29.0,16.2,0.0,45.51845,13.704866
2026-04-17 01:00:00+00:00,63,1,0.0,8.5,0.0,46.432335,14.134615
2026-04-17 01:00:00+00:00,76,1,0.0,8.6,0.4,46.291737,14.233227
2026-04-17 01:00:00+00:00,106,1,0.0,9.6,0.0,46.22144,14.354067
2026-04-17 01:00:00+00:00,122,1,0.0,10.3,0.0,46.08084,14.45151
2026-04-17 01:00:00+00:00,127,1,0.0,8.2,0.0,46.151142,14.474522
2026-04-17 01:00:00+00:00,129,1,0.0,10.1,0.0,46.010544,14.571429
2026-04-17 01:00:00+00:00,177,1,0.0,6.5,0.0,45.65905,14.88189
2026-04-17 01:00:00+00:00,194,1,0.0,7.6,0.0,46.502636,15.024076
2026-04-17 01:00:00+00:00,236,1,0.0,10.6,0.0,45.79965,15.213271
2026-04-17 01:00:00+00:00,325,1,0.0,11.1,0.0,46.572933,15.62701
2026-04-17 01:00:00+00:00,391,1,0.0,8.0,0.0,46.71353,16.112904
2026-04-17 01:00:00+00:00,422,1,0.0,7.9,0.0,46.22144,15.21531
2026-04-17 01:00:00+00:00,425,1,0.0,10.3,0.0,45.940243,15.546751
2026-04-17 01:00:00+00:00,426,1,0.0,13.7,0.0,45.51845,13.704866
2026-04-17 02:00:00+00:00,63,2,0.0,8.8,0.0,46.432335,14.134615
2026-04-17 02:00:00+00:00,76,2,0.0,8.1,0.1,46.291737,14.233227
2026-04-17 02:00:00+00:00,106,2,0.0,8.9,0.0,46.22144,14.354067
2026-04-17 02:00:00+00:00,122,2,0.0,9.5,0.0,46.08084,14.45151
2026-04-17 02:00:00+00:00,127,2,0.0,7.7,0.0,46.151142,14.474522
2026-04-17 02:00:00+00:00,129,2,0.0,9.3,0.0,46.010544,14.571429
2026-04-17 02:00:00+00:00,177,2,0.0,5.8,0.0,45.65905,14.88189
2026-04-17 02:00:00+00:00,194,2,0.0,7.1,0.0,46.502636,15.024076
2026-04-17 02:00:00+00:00,236,2,0.0,10.2,0.0,45.79965,15.213271
2026-04-17 02:00:00+00:00,325,2,0.0,10.8,0.0,46.572933,15.62701
2026-04-17 02:00:00+00:00,391,2,0.0,8.3,0.0,46.71353,16.112904
2026-04-17 02:00:00+00:00,422,2,0.0,7.7,0.0,46.22144,15.21531
2026-04-17 02:00:00+00:00,425,2,0.0,9.8,0.0,45.940243,15.546751
2026-04-17 02:00:00+00:00,426,2,0.0,13.8,0.0,45.51845,13.704866
2026-04-17 03:00:00+00:00,63,3,0.0,8.5,0.0,46.432335,14.134615
2026-04-17 03:00:00+00:00,76,3,0.0,7.1,0.0,46.291737,14.233227
2026-04-17 03:00:00+00:00,106,3,0.0,7.8,0.0,46.22144,14.354067
2026-04-17 03:00:00+00:00,122,3,0.0,9.0,0.0,46.08084,14.45151
2026-04-17 03:00:00+00:00,127,3,0.0,7.1,0.0,46.151142,14.474522
2026-04-17 03:00:00+00:00,129,3,0.0,8.7,0.0,46.010544,14.571429
2026-04-17 03:00:00+00:00,177,3,0.0,5.3,0.0,45.65905,14.88189
2026-04-17 03:00:00+00:00,194,3,0.0,6.6,0.0,46.502636,15.024076
2026-04-17 03:00:00+00:00,236,3,0.0,9.9,0.0,45.79965,15.213271
2026-04-17 03:00:00+00:00,325,3,0.0,10.5,0.0,46.572933,15.62701
2026-04-17 03:00:00+00:00,391,3,0.0,8.0,0.0,46.71353,16.112904
2026-04-17 03:00:00+00:00,422,3,0.0,7.6,0.0,46.22144,15.21531
2026-04-17 03:00:00+00:00,425,3,0.0,9.5,0.0,45.940243,15.546751
2026-04-17 03:00:00+00:00,426,3,0.0,13.8,0.0,45.51845,13.704866
2026-04-17 06:00:00+00:00,63,6,155.0,11.8,0.0,46.432335,14.134615
2026-04-17 06:00:00+00:00,76,6,153.0,10.1,0.0,46.291737,14.233227
2026-04-17 06:00:00+00:00,106,6,147.0,10.7,0.0,46.22144,14.354067
2026-04-17 06:00:00+00:00,122,6,145.0,10.8,0.0,46.08084,14.45151
2026-04-17 06:00:00+00:00,127,6,145.0,10.0,0.0,46.151142,14.474522
2026-04-17 06:00:00+00:00,129,6,148.0,10.7,0.0,46.010544,14.571429
2026-04-17 06:00:00+00:00,177,6,153.0,8.5,0.0,45.65905,14.88189
2026-04-17 06:00:00+00:00,194,6,147.0,10.7,0.0,46.502636,15.024076
2026-04-17 06:00:00+00:00,236,6,155.0,12.3,0.0,45.79965,15.213271
2026-04-17 06:00:00+00:00,325,6,163.0,13.9,0.0,46.572933,15.62701
2026-04-17 06:00:00+00:00,391,6,163.0,10.7,0.0,46.71353,16.112904
2026-04-17 06:00:00+00:00,422,6,135.0,9.8,0.0,46.22144,15.21531
2026-04-17 06:00:00+00:00,425,6,158.0,12.0,0.0,45.940243,15.546751
2026-04-17 06:00:00+00:00,426,6,135.0,15.3,0.0,45.51845,13.704866
2026-04-17 07:00:00+00:00,63,1,339.0,13.5,0.0,46.432335,14.134615
2026-04-17 07:00:00+00:00,76,1,332.0,13.5,0.0,46.291737,14.233227
2026-04-17 07:00:00+00:00,106,1,322.0,14.3,0.0,46.22144,14.354067
2026-04-17 07:00:00+00:00,122,1,318.0,13.4,0.0,46.08084,14.45151
2026-04-17 07:00:00+00:00,127,1,318.0,13.0,0.0,46.151142,14.474522
2026-04-17 07:00:00+00:00,129,1,323.0,13.0,0.0,46.010544,14.571429
2026-04-17 07:00:00+00:00,177,1,333.0,11.3,0.0,45.65905,14.88189
2026-04-17 07:00:00+00:00,194,1,334.0,14.0,0.0,46.502636,15.024076
2026-04-17 07:00:00+00:00,236,1,333.0,14.8,0.0,45.79965,15.213271
2026-04-17 07:00:00+00:00,325,1,339.0,15.7,0.0,46.572933,15.62701
2026-04-17 07:00:00+00:00,391,1,338.0,13.6,0.0,46.71353,16.112904
2026-04-17 07:00:00+00:00,422,1,299.0,12.0,0.0,46.22144,15.21531
2026-04-17 07:00:00+00:00,425,1,334.0,14.2,0.0,45.940243,15.546751
2026-04-17 07:00:00+00:00,426,1,309.0,17.9,0.0,45.51845,13.704866
2026-04-17 08:00:00+00:00,63,2,514.0,15.0,0.0,46.432335,14.134615
2026-04-17 08:00:00+00:00,76,2,507.0,15.3,0.2,46.291737,14.233227
2026-04-17 08:00:00+00:00,106,2,496.0,15.9,0.0,46.22144,14.354067
2026-04-17 08:00:00+00:00,122,2,490.0,16.2,0.0,46.08084,14.45151
2026-04-17 08:00:00+00:00,127,2,489.0,15.2,0.0,46.151142,14.474522
2026-04-17 08:00:00+00:00,129,2,496.0,15.8,0.0,46.010544,14.571429
2026-04-17 08:00:00+00:00,177,2,509.0,13.2,0.0,45.65905,14.88189
2026-04-17 08:00:00+00:00,194,2,502.0,15.9,0.0,46.502636,15.024076
2026-04-17 08:00:00+00:00,236,2,506.0,16.5,0.0,45.79965,15.213271
2026-04-17 08:00:00+00:00,325,2,509.0,17.1,0.0,46.572933,15.62701
2026-04-17 08:00:00+00:00,391,2,504.0,16.5,0.0,46.71353,16.112904
2026-04-17 08:00:00+00:00,422,2,497.0,15.5,0.0,46.22144,15.21531
2026-04-17 08:00:00+00:00,425,2,503.0,16.3,0.0,45.940243,15.546751
2026-04-17 08:00:00+00:00,426,2,482.0,19.8,0.0,45.51845,13.704866
2026-04-17 09:00:00+00:00,63,3,656.0,16.5,0.0,46.432335,14.134615
2026-04-17 09:00:00+00:00,76,3,627.0,17.0,0.1,46.291737,14.233227
2026-04-17 09:00:00+00:00,106,3,606.0,17.0,0.0,46.22144,14.354067
2026-04-17 09:00:00+00:00,122,3,612.0,18.2,0.0,46.08084,14.45151
2026-04-17 09:00:00+00:00,127,3,598.0,16.7,0.0,46.151142,14.474522
2026-04-17 09:00:00+00:00,129,3,594.0,17.5,0.0,46.010544,14.571429
2026-04-17 09:00:00+00:00,177,3,655.0,14.5,0.0,45.65905,14.88189
2026-04-17 09:00:00+00:00,194,3,611.0,17.5,0.0,46.502636,15.024076
2026-04-17 09:00:00+00:00,236,3,643.0,18.0,0.0,45.79965,15.213271
2026-04-17 09:00:00+00:00,325,3,649.0,18.0,0.0,46.572933,15.62701
2026-04-17 09:00:00+00:00,391,3,647.0,18.4,0.1,46.71353,16.112904
2026-04-17 09:00:00+00:00,422,3,647.0,17.2,0.0,46.22144,15.21531
2026-04-17 09:00:00+00:00,425,3,644.0,17.9,0.0,45.940243,15.546751
2026-04-17 09:00:00+00:00,426,3,631.0,21.5,0.0,45.51845,13.704866
2026-04-17 12:00:00+00:00,63,6,694.0,19.4,0.0,46.432335,14.134615
2026-04-17 12:00:00+00:00,76,6,538.0,17.7,0.1,46.291737,14.233227
2026-04-17 12:00:00+00:00,106,6,544.0,18.7,0.0,46.22144,14.354067
2026-04-17 12:00:00+00:00,122,6,641.0,21.6,0.0,46.08084,14.45151
2026-04-17 12:00:00+00:00,127,6,617.0,19.9,0.0,46.151142,14.474522
2026-04-17 12:00:00+00:00,129,6,633.0,19.6,0.0,46.010544,14.571429
2026-04-17 12:00:00+00:00,177,6,695.0,16.1,0.0,45.65905,14.88189
2026-04-17 12:00:00+00:00,194,6,699.0,19.9,0.0,46.502636,15.024076
2026-04-17 12:00:00+00:00,236,6,640.0,19.5,0.0,45.79965,15.213271
2026-04-17 12:00:00+00:00,325,6,711.0,19.9,0.0,46.572933,15.62701
2026-04-17 12:00:00+00:00,391,6,713.0,20.2,0.0,46.71353,16.112904
2026-04-17 12:00:00+00:00,422,6,714.0,19.2,0.0,46.22144,15.21531
2026-04-17 12:00:00+00:00,425,6,720.0,19.8,0.0,45.940243,15.546751
2026-04-17 12:00:00+00:00,426,6,799.0,23.5,0.0,45.51845,13.704866
2026-04-17 13:00:00+00:00,63,1,685.0,20.1,0.0,46.432335,14.134615
2026-04-17 13:00:00+00:00,76,1,599.0,19.2,0.0,46.291737,14.233227
2026-04-17 13:00:00+00:00,106,1,556.0,20.1,0.0,46.22144,14.354067
2026-04-17 13:00:00+00:00,122,1,571.0,21.7,0.0,46.08084,14.45151
2026-04-17 13:00:00+00:00,127,1,554.0,20.2,0.0,46.151142,14.474522
2026-04-17 13:00:00+00:00,129,1,624.0,19.8,0.0,46.010544,14.571429
2026-04-17 13:00:00+00:00,177,1,674.0,16.5,0.0,45.65905,14.88189
2026-04-17 13:00:00+00:00,194,1,607.0,20.4,0.0,46.502636,15.024076
2026-04-17 13:00:00+00:00,236,1,698.0,20.5,0.0,45.79965,15.213271
2026-04-17 13:00:00+00:00,325,1,555.0,19.7,0.0,46.572933,15.62701
2026-04-17 13:00:00+00:00,391,1,656.0,20.2,0.0,46.71353,16.112904
2026-04-17 13:00:00+00:00,422,1,498.0,19.8,0.0,46.22144,15.21531
2026-04-17 13:00:00+00:00,425,1,684.0,20.5,0.0,45.940243,15.546751
2026-04-17 13:00:00+00:00,426,1,756.0,22.4,0.0,45.51845,13.704866
2026-04-17 14:00:00+00:00,63,2,534.0,19.6,0.0,46.432335,14.134615
2026-04-17 14:00:00+00:00,76,2,389.0,18.8,0.0,46.291737,14.233227
2026-04-17 14:00:00+00:00,106,2,236.0,18.8,0.0,46.22144,14.354067
2026-04-17 14:00:00+00:00,122,2,342.0,21.1,0.0,46.08084,14.45151
2026-04-17 14:00:00+00:00,127,2,225.0,18.9,0.0,46.151142,14.474522
2026-04-17 14:00:00+00:00,129,2,500.0,20.0,0.0,46.010544,14.571429
2026-04-17 14:00:00+00:00,177,2,576.0,16.6,0.0,45.65905,14.88189
2026-04-17 14:00:00+00:00,194,2,503.0,20.1,0.0,46.502636,15.024076
2026-04-17 14:00:00+00:00,236,2,567.0,20.0,0.0,45.79965,15.213271
2026-04-17 14:00:00+00:00,325,2,509.0,19.8,0.0,46.572933,15.62701
2026-04-17 14:00:00+00:00,391,2,560.0,20.1,0.0,46.71353,16.112904
2026-04-17 14:00:00+00:00,422,2,625.0,20.0,0.0,46.22144,15.21531
2026-04-17 14:00:00+00:00,425,2,562.0,20.6,0.0,45.940243,15.546751
2026-04-17 14:00:00+00:00,426,2,661.0,22.6,0.0,45.51845,13.704866
2026-04-17 15:00:00+00:00,63,3,493.0,19.6,0.0,46.432335,14.134615
2026-04-17 15:00:00+00:00,76,3,421.0,18.3,0.0,46.291737,14.233227
2026-04-17 15:00:00+00:00,106,3,335.0,18.6,0.0,46.22144,14.354067
2026-04-17 15:00:00+00:00,122,3,372.0,21.3,0.0,46.08084,14.45151
2026-04-17 15:00:00+00:00,127,3,318.0,19.0,0.0,46.151142,14.474522
2026-04-17 15:00:00+00:00,129,3,435.0,19.9,0.0,46.010544,14.571429
2026-04-17 15:00:00+00:00,177,3,450.0,15.8,0.0,45.65905,14.88189
2026-04-17 15:00:00+00:00,194,3,262.0,18.6,0.0,46.502636,15.024076
2026-04-17 15:00:00+00:00,236,3,458.0,20.0,0.0,45.79965,15.213271
2026-04-17 15:00:00+00:00,325,3,400.0,19.4,0.0,46.572933,15.62701
2026-04-17 15:00:00+00:00,391,3,438.0,19.8,0.0,46.71353,16.112904
2026-04-17 15:00:00+00:00,422,3,469.0,19.4,0.0,46.22144,15.21531
2026-04-17 15:00:00+00:00,425,3,435.0,20.1,0.0,45.940243,15.546751
2026-04-17 15:00:00+00:00,426,3,507.0,22.9,0.0,45.51845,13.704866
2026-04-17 18:00:00+00:00,63,6,29.0,13.9,0.0,46.432335,14.134615
2026-04-17 18:00:00+00:00,76,6,29.0,13.4,0.0,46.291737,14.233227
2026-04-17 18:00:00+00:00,106,6,28.0,14.3,0.0,46.22144,14.354067
2026-04-17 18:00:00+00:00,122,6,26.0,16.5,0.0,46.08084,14.45151
2026-04-17 18:00:00+00:00,127,6,26.0,14.1,0.0,46.151142,14.474522
2026-04-17 18:00:00+00:00,129,6,26.0,13.9,0.0,46.010544,14.571429
2026-04-17 18:00:00+00:00,177,6,24.0,10.3,0.0,45.65905,14.88189
2026-04-17 18:00:00+00:00,194,6,24.0,13.9,0.0,46.502636,15.024076
2026-04-17 18:00:00+00:00,236,6,22.0,14.6,0.0,45.79965,15.213271
2026-04-17 18:00:00+00:00,325,6,23.0,16.0,0.0,46.572933,15.62701
2026-04-17 18:00:00+00:00,391,6,20.0,14.3,0.0,46.71353,16.112904
2026-04-17 18:00:00+00:00,422,6,23.0,14.7,0.0,46.22144,15.21531
2026-04-17 18:00:00+00:00,425,6,21.0,15.4,0.0,45.940243,15.546751
2026-04-17 18:00:00+00:00,426,6,28.0,16.9,0.0,45.51845,13.704866
2026-04-17 19:00:00+00:00,63,1,0.0,13.3,0.0,46.432335,14.134615
2026-04-17 19:00:00+00:00,76,1,0.0,13.0,0.0,46.291737,14.233227
2026-04-17 19:00:00+00:00,106,1,0.0,13.3,0.0,46.22144,14.354067
2026-04-17 19:00:00+00:00,122,1,0.0,15.0,0.0,46.08084,14.45151
2026-04-17 19:00:00+00:00,127,1,0.0,12.5,0.0,46.151142,14.474522
2026-04-17 19:00:00+00:00,129,1,0.0,13.2,0.0,46.010544,14.571429
2026-04-17 19:00:00+00:00,177,1,0.0,9.7,0.0,45.65905,14.88189
2026-04-17 19:00:00+00:00,194,1,0.0,12.8,0.0,46.502636,15.024076
2026-04-17 19:00:00+00:00,236,1,0.0,14.8,0.0,45.79965,15.213271
2026-04-17 19:00:00+00:00,325,1,0.0,16.1,0.0,46.572933,15.62701
2026-04-17 19:00:00+00:00,391,1,0.0,13.8,0.0,46.71353,16.112904
2026-04-17 19:00:00+00:00,422,1,0.0,13.9,0.0,46.22144,15.21531
2026-04-17 19:00:00+00:00,425,1,0.0,14.6,0.0,45.940243,15.546751
2026-04-17 19:00:00+00:00,426,1,0.0,16.2,0.0,45.51845,13.704866
2026-04-17 20:00:00+00:00,63,2,0.0,12.5,0.0,46.432335,14.134615
2026-04-17 20:00:00+00:00,76,2,0.0,11.9,0.0,46.291737,14.233227
2026-04-17 20:00:00+00:00,106,2,0.0,12.3,0.0,46.22144,14.354067
2026-04-17 20:00:00+00:00,122,2,0.0,13.9,0.0,46.08084,14.45151
2026-04-17 20:00:00+00:00,127,2,0.0,11.4,0.0,46.151142,14.474522
2026-04-17 20:00:00+00:00,129,2,0.0,11.9,0.0,46.010544,14.571429
2026-04-17 20:00:00+00:00,177,2,0.0,8.8,0.0,45.65905,14.88189
2026-04-17 20:00:00+00:00,194,2,0.0,12.0,0.0,46.502636,15.024076
2026-04-17 20:00:00+00:00,236,2,0.0,14.0,0.0,45.79965,15.213271
2026-04-17 20:00:00+00:00,325,2,0.0,14.5,0.0,46.572933,15.62701
2026-04-17 20:00:00+00:00,391,2,0.0,13.4,0.0,46.71353,16.112904
2026-04-17 20:00:00+00:00,422,2,0.0,12.1,0.0,46.22144,15.21531
2026-04-17 20:00:00+00:00,425,2,0.0,12.5,0.0,45.940243,15.546751
2026-04-17 20:00:00+00:00,426,2,0.0,15.0,0.0,45.51845,13.704866
2026-04-17 21:00:00+00:00,63,3,0.0,11.6,0.0,46.432335,14.134615
2026-04-17 21:00:00+00:00,76,3,0.0,11.3,0.0,46.291737,14.233227
2026-04-17 21:00:00+00:00,106,3,0.0,11.6,0.0,46.22144,14.354067
2026-04-17 21:00:00+00:00,122,3,0.0,12.9,0.0,46.08084,14.45151
2026-04-17 21:00:00+00:00,127,3,0.0,10.1,0.0,46.151142,14.474522
2026-04-17 21:00:00+00:00,129,3,0.0,11.2,0.0,46.010544,14.571429
2026-04-17 21:00:00+00:00,177,3,0.0,8.1,0.0,45.65905,14.88189
2026-04-17 21:00:00+00:00,194,3,0.0,11.0,0.0,46.502636,15.024076
2026-04-17 21:00:00+00:00,236,3,0.0,13.0,0.0,45.79965,15.213271
2026-04-17 21:00:00+00:00,325,3,0.0,14.5,0.0,46.572933,15.62701
2026-04-17 21:00:00+00:00,391,3,0.0,13.4,0.0,46.71353,16.112904
2026-04-17 21:00:00+00:00,422,3,0.0,10.5,0.0,46.22144,15.21531
2026-04-17 21:00:00+00:00,425,3,0.0,11.7,0.0,45.940243,15.546751
2026-04-17 21:00:00+00:00,426,3,0.0,13.1,0.0,45.51845,13.704866
2026-04-18 00:00:00+00:00,63,6,0.0,9.5,0.0,46.432335,14.134615
2026-04-18 00:00:00+00:00,63,24,0.0,9.7,0.0,46.432335,14.134615
2026-04-18 00:00:00+00:00,76,6,0.0,9.2,0.0,46.291737,14.233227
2026-04-18 00:00:00+00:00,76,24,0.0,9.1,0.0,46.291737,14.233227
2026-04-18 00:00:00+00:00,106,6,0.0,9.7,0.0,46.22144,14.354067
2026-04-18 00:00:00+00:00,106,24,0.0,9.1,0.0,46.22144,14.354067
2026-04-18 00:00:00+00:00,122,6,0.0,9.9,0.0,46.08084,14.45151
2026-04-18 00:00:00+00:00,122,24,0.0,9.8,0.0,46.08084,14.45151
2026-04-18 00:00:00+00:00,127,6,0.0,7.3,0.0,46.151142,14.474522
2026-04-18 00:00:00+00:00,127,24,0.0,7.1,0.0,46.151142,14.474522
2026-04-18 00:00:00+00:00,129,6,0.0,9.9,0.0,46.010544,14.571429
2026-04-18 00:00:00+00:00,129,24,0.0,9.5,0.0,46.010544,14.571429
2026-04-18 00:00:00+00:00,177,6,0.0,5.5,0.0,45.65905,14.88189
2026-04-18 00:00:00+00:00,177,24,0.0,6.3,0.0,45.65905,14.88189
2026-04-18 00:00:00+00:00,194,6,0.0,10.3,0.0,46.502636,15.024076
2026-04-18 00:00:00+00:00,194,24,0.0,10.7,0.0,46.502636,15.024076
2026-04-18 00:00:00+00:00,236,6,0.0,10.3,0.0,45.79965,15.213271
2026-04-18 00:00:00+00:00,236,24,0.0,9.7,0.0,45.79965,15.213271
2026-04-18 00:00:00+00:00,325,6,0.0,13.0,0.0,46.572933,15.62701
2026-04-18 00:00:00+00:00,325,24,0.0,12.6,0.0,46.572933,15.62701
2026-04-18 00:00:00+00:00,391,6,0.0,11.6,0.0,46.71353,16.112904
2026-04-18 00:00:00+00:00,391,24,0.0,11.3,0.0,46.71353,16.112904
2026-04-18 00:00:00+00:00,422,6,0.0,7.8,0.0,46.22144,15.21531
2026-04-18 00:00:00+00:00,422,24,0.0,7.5,0.0,46.22144,15.21531
2026-04-18 00:00:00+00:00,425,6,0.0,9.2,0.0,45.940243,15.546751
2026-04-18 00:00:00+00:00,425,24,0.0,9.2,0.0,45.940243,15.546751
2026-04-18 00:00:00+00:00,426,6,0.0,11.8,0.0,45.51845,13.704866
2026-04-18 00:00:00+00:00,426,24,0.0,12.4,0.0,45.51845,13.704866
2026-04-18 06:00:00+00:00,63,24,160.0,12.1,0.0,46.432335,14.134615
2026-04-18 06:00:00+00:00,76,24,157.0,11.3,0.0,46.291737,14.233227
2026-04-18 06:00:00+00:00,106,24,152.0,10.9,0.0,46.22144,14.354067
2026-04-18 06:00:00+00:00,122,24,150.0,10.3,0.0,46.08084,14.45151
2026-04-18 06:00:00+00:00,127,24,149.0,9.1,0.0,46.151142,14.474522
2026-04-18 06:00:00+00:00,129,24,153.0,10.6,0.0,46.010544,14.571429
2026-04-18 06:00:00+00:00,177,24,160.0,9.0,0.0,45.65905,14.88189
2026-04-18 06:00:00+00:00,194,24,166.0,11.8,0.0,46.502636,15.024076
2026-04-18 06:00:00+00:00,236,24,161.0,11.3,0.0,45.79965,15.213271
2026-04-18 06:00:00+00:00,325,24,171.0,13.1,0.0,46.572933,15.62701
2026-04-18 06:00:00+00:00,391,24,174.0,12.2,0.0,46.71353,16.112904
2026-04-18 06:00:00+00:00,422,24,164.0,9.6,0.0,46.22144,15.21531
2026-04-18 06:00:00+00:00,425,24,164.0,12.3,0.0,45.940243,15.546751
2026-04-18 06:00:00+00:00,426,24,140.0,14.5,0.0,45.51845,13.704866
2026-04-18 12:00:00+00:00,63,24,716.0,20.3,0.0,46.432335,14.134615
2026-04-18 12:00:00+00:00,76,24,582.0,18.4,0.0,46.291737,14.233227
2026-04-18 12:00:00+00:00,106,24,612.0,18.0,0.0,46.22144,14.354067
2026-04-18 12:00:00+00:00,122,24,662.0,20.9,0.0,46.08084,14.45151
2026-04-18 12:00:00+00:00,127,24,670.0,18.7,0.0,46.151142,14.474522
2026-04-18 12:00:00+00:00,129,24,635.0,19.0,0.0,46.010544,14.571429
2026-04-18 12:00:00+00:00,177,24,734.0,15.7,0.0,45.65905,14.88189
2026-04-18 12:00:00+00:00,194,24,499.0,18.1,0.0,46.502636,15.024076
2026-04-18 12:00:00+00:00,236,24,762.0,19.2,0.0,45.79965,15.213271
2026-04-18 12:00:00+00:00,325,24,805.0,19.6,0.0,46.572933,15.62701
2026-04-18 12:00:00+00:00,391,24,813.0,18.8,0.0,46.71353,16.112904
2026-04-18 12:00:00+00:00,422,24,578.0,18.2,0.0,46.22144,15.21531
2026-04-18 12:00:00+00:00,425,24,772.0,19.5,0.0,45.940243,15.546751
2026-04-18 12:00:00+00:00,426,24,576.0,20.4,0.0,45.51845,13.704866
2026-04-18 18:00:00+00:00,63,24,30.0,13.0,0.0,46.432335,14.134615
2026-04-18 18:00:00+00:00,76,24,29.0,12.9,0.0,46.291737,14.233227
2026-04-18 18:00:00+00:00,106,24,28.0,14.6,0.0,46.22144,14.354067
2026-04-18 18:00:00+00:00,122,24,27.0,16.2,0.0,46.08084,14.45151
2026-04-18 18:00:00+00:00,127,24,27.0,14.4,0.0,46.151142,14.474522
2026-04-18 18:00:00+00:00,129,24,26.0,13.9,0.0,46.010544,14.571429
2026-04-18 18:00:00+00:00,177,24,25.0,10.4,0.0,45.65905,14.88189
2026-04-18 18:00:00+00:00,194,24,22.0,14.0,0.0,46.502636,15.024076
2026-04-18 18:00:00+00:00,236,24,24.0,13.7,0.0,45.79965,15.213271
2026-04-18 18:00:00+00:00,325,24,24.0,14.9,0.0,46.572933,15.62701
2026-04-18 18:00:00+00:00,391,24,22.0,13.5,0.0,46.71353,16.112904
2026-04-18 18:00:00+00:00,422,24,24.0,13.7,0.0,46.22144,15.21531
2026-04-18 18:00:00+00:00,425,24,23.0,14.4,0.0,45.940243,15.546751
2026-04-18 18:00:00+00:00,426,24,29.0,16.4,0.0,45.51845,13.704866
2026-04-18 01:00:00+00:00,63,1,0.0,9.6,0.0,46.432335,14.134615
2026-04-18 01:00:00+00:00,76,1,0.0,8.1,0.0,46.291737,14.233227
2026-04-18 01:00:00+00:00,106,1,0.0,8.2,0.0,46.22144,14.354067
2026-04-18 01:00:00+00:00,122,1,0.0,9.1,0.0,46.08084,14.45151
2026-04-18 01:00:00+00:00,127,1,0.0,6.8,0.0,46.151142,14.474522
2026-04-18 01:00:00+00:00,129,1,0.0,8.8,0.0,46.010544,14.571429
2026-04-18 01:00:00+00:00,177,1,0.0,5.1,0.0,45.65905,14.88189
2026-04-18 01:00:00+00:00,194,1,0.0,9.2,0.0,46.502636,15.024076
2026-04-18 01:00:00+00:00,236,1,0.0,9.0,0.0,45.79965,15.213271
2026-04-18 01:00:00+00:00,325,1,0.0,12.1,0.0,46.572933,15.62701
2026-04-18 01:00:00+00:00,391,1,0.0,10.8,0.0,46.71353,16.112904
2026-04-18 01:00:00+00:00,422,1,0.0,6.4,0.0,46.22144,15.21531
2026-04-18 01:00:00+00:00,425,1,0.0,8.3,0.0,45.940243,15.546751
2026-04-18 01:00:00+00:00,426,1,0.0,13.8,0.0,45.51845,13.704866
2026-04-18 02:00:00+00:00,63,2,0.0,9.5,0.0,46.432335,14.134615
2026-04-18 02:00:00+00:00,76,2,0.0,7.6,0.0,46.291737,14.233227
2026-04-18 02:00:00+00:00,106,2,0.0,7.5,0.0,46.22144,14.354067
2026-04-18 02:00:00+00:00,122,2,0.0,8.5,0.0,46.08084,14.45151
2026-04-18 02:00:00+00:00,127,2,0.0,6.6,0.0,46.151142,14.474522
2026-04-18 02:00:00+00:00,129,2,0.0,8.5,0.0,46.010544,14.571429
2026-04-18 02:00:00+00:00,177,2,0.0,5.8,0.0,45.65905,14.88189
2026-04-18 02:00:00+00:00,194,2,0.0,9.3,0.0,46.502636,15.024076
2026-04-18 02:00:00+00:00,236,2,0.0,8.2,0.0,45.79965,15.213271
2026-04-18 02:00:00+00:00,325,2,0.0,11.0,0.0,46.572933,15.62701
2026-04-18 02:00:00+00:00,391,2,0.0,10.3,0.0,46.71353,16.112904
2026-04-18 02:00:00+00:00,422,2,0.0,6.0,0.0,46.22144,15.21531
2026-04-18 02:00:00+00:00,425,2,0.0,8.9,0.0,45.940243,15.546751
2026-04-18 02:00:00+00:00,426,2,0.0,11.9,0.0,45.51845,13.704866
2026-04-18 03:00:00+00:00,63,3,0.0,9.0,0.0,46.432335,14.134615
2026-04-18 03:00:00+00:00,76,3,0.0,7.1,0.0,46.291737,14.233227
2026-04-18 03:00:00+00:00,106,3,0.0,6.8,0.0,46.22144,14.354067
2026-04-18 03:00:00+00:00,122,3,0.0,8.2,0.0,46.08084,14.45151
2026-04-18 03:00:00+00:00,127,3,0.0,6.3,0.0,46.151142,14.474522
2026-04-18 03:00:00+00:00,129,3,0.0,8.1,0.0,46.010544,14.571429
2026-04-18 03:00:00+00:00,177,3,0.0,5.7,0.0,45.65905,14.88189
2026-04-18 03:00:00+00:00,194,3,0.0,8.9,0.0,46.502636,15.024076
2026-04-18 03:00:00+00:00,236,3,0.0,7.8,0.0,45.79965,15.213271
2026-04-18 03:00:00+00:00,325,3,0.0,10.5,0.0,46.572933,15.62701
2026-04-18 03:00:00+00:00,391,3,0.0,10.1,0.0,46.71353,16.112904
2026-04-18 03:00:00+00:00,422,3,0.0,5.9,0.0,46.22144,15.21531
2026-04-18 03:00:00+00:00,425,3,0.0,9.5,0.0,45.940243,15.546751
2026-04-18 03:00:00+00:00,426,3,0.0,11.2,0.0,45.51845,13.704866
2026-04-18 06:00:00+00:00,63,6,158.0,12.4,0.0,46.432335,14.134615
2026-04-18 06:00:00+00:00,76,6,156.0,11.4,0.0,46.291737,14.233227
2026-04-18 06:00:00+00:00,106,6,151.0,11.1,0.0,46.22144,14.354067
2026-04-18 06:00:00+00:00,122,6,149.0,10.6,0.0,46.08084,14.45151
2026-04-18 06:00:00+00:00,127,6,148.0,9.5,0.0,46.151142,14.474522
2026-04-18 06:00:00+00:00,129,6,152.0,10.5,0.0,46.010544,14.571429
2026-04-18 06:00:00+00:00,177,6,159.0,9.1,0.0,45.65905,14.88189
2026-04-18 06:00:00+00:00,194,6,165.0,12.0,0.0,46.502636,15.024076
2026-04-18 06:00:00+00:00,236,6,161.0,11.2,0.0,45.79965,15.213271
2026-04-18 06:00:00+00:00,325,6,171.0,13.7,0.0,46.572933,15.62701
2026-04-18 06:00:00+00:00,391,6,174.0,12.5,0.0,46.71353,16.112904
2026-04-18 06:00:00+00:00,422,6,163.0,9.7,0.0,46.22144,15.21531
2026-04-18 06:00:00+00:00,425,6,163.0,12.2,0.0,45.940243,15.546751
2026-04-18 06:00:00+00:00,426,6,117.0,15.0,0.0,45.51845,13.704866
2026-04-18 07:00:00+00:00,63,1,328.0,14.0,0.0,46.432335,14.134615
2026-04-18 07:00:00+00:00,76,1,330.0,14.7,0.0,46.291737,14.233227
2026-04-18 07:00:00+00:00,106,1,323.0,14.0,0.0,46.22144,14.354067
2026-04-18 07:00:00+00:00,122,1,320.0,12.6,0.0,46.08084,14.45151
2026-04-18 07:00:00+00:00,127,1,318.0,11.4,0.0,46.151142,14.474522
2026-04-18 07:00:00+00:00,129,1,326.0,12.3,0.0,46.010544,14.571429
2026-04-18 07:00:00+00:00,177,1,338.0,11.6,0.0,45.65905,14.88189
2026-04-18 07:00:00+00:00,194,1,343.0,14.5,0.0,46.502636,15.024076
2026-04-18 07:00:00+00:00,236,1,338.0,13.2,0.0,45.79965,15.213271
2026-04-18 07:00:00+00:00,325,1,349.0,15.1,0.0,46.572933,15.62701
2026-04-18 07:00:00+00:00,391,1,350.0,14.7,0.0,46.71353,16.112904
2026-04-18 07:00:00+00:00,422,1,342.0,12.8,0.0,46.22144,15.21531
2026-04-18 07:00:00+00:00,425,1,341.0,14.0,0.0,45.940243,15.546751
2026-04-18 07:00:00+00:00,426,1,271.0,18.3,0.0,45.51845,13.704866
2026-04-18 08:00:00+00:00,63,2,511.0,15.8,0.0,46.432335,14.134615
2026-04-18 08:00:00+00:00,76,2,504.0,16.4,0.0,46.291737,14.233227
2026-04-18 08:00:00+00:00,106,2,495.0,15.7,0.0,46.22144,14.354067
2026-04-18 08:00:00+00:00,122,2,492.0,15.3,0.0,46.08084,14.45151
2026-04-18 08:00:00+00:00,127,2,490.0,13.8,0.0,46.151142,14.474522
2026-04-18 08:00:00+00:00,129,2,497.0,14.9,0.0,46.010544,14.571429
2026-04-18 08:00:00+00:00,177,2,513.0,13.3,0.0,45.65905,14.88189
2026-04-18 08:00:00+00:00,194,2,516.0,16.1,0.0,46.502636,15.024076
2026-04-18 08:00:00+00:00,236,2,512.0,15.3,0.0,45.79965,15.213271
2026-04-18 08:00:00+00:00,325,2,520.0,16.0,0.0,46.572933,15.62701
2026-04-18 08:00:00+00:00,391,2,519.0,16.3,0.0,46.71353,16.112904
2026-04-18 08:00:00+00:00,422,2,515.0,15.4,0.0,46.22144,15.21531
2026-04-18 08:00:00+00:00,425,2,514.0,15.7,0.0,45.940243,15.546751
2026-04-18 08:00:00+00:00,426,2,437.0,20.3,0.0,45.51845,13.704866
2026-04-18 09:00:00+00:00,63,3,656.0,17.2,0.0,46.432335,14.134615
2026-04-18 09:00:00+00:00,76,3,598.0,17.6,0.0,46.291737,14.233227
2026-04-18 09:00:00+00:00,106,3,560.0,16.5,0.0,46.22144,14.354067
2026-04-18 09:00:00+00:00,122,3,596.0,17.4,0.0,46.08084,14.45151
2026-04-18 09:00:00+00:00,127,3,564.0,15.3,0.0,46.151142,14.474522
2026-04-18 09:00:00+00:00,129,3,636.0,17.1,0.0,46.010544,14.571429
2026-04-18 09:00:00+00:00,177,3,662.0,14.1,0.0,45.65905,14.88189
2026-04-18 09:00:00+00:00,194,3,627.0,17.4,0.0,46.502636,15.024076
2026-04-18 09:00:00+00:00,236,3,661.0,17.0,0.0,45.79965,15.213271
2026-04-18 09:00:00+00:00,325,3,667.0,17.2,0.0,46.572933,15.62701
2026-04-18 09:00:00+00:00,391,3,660.0,17.4,0.0,46.71353,16.112904
2026-04-18 09:00:00+00:00,422,3,651.0,16.7,0.0,46.22144,15.21531
2026-04-18 09:00:00+00:00,425,3,659.0,16.9,0.0,45.940243,15.546751
2026-04-18 09:00:00+00:00,426,3,585.0,21.5,0.0,45.51845,13.704866
2026-04-18 12:00:00+00:00,63,6,654.0,19.7,0.0,46.432335,14.134615
2026-04-18 12:00:00+00:00,76,6,513.0,17.9,0.0,46.291737,14.233227
2026-04-18 12:00:00+00:00,106,6,537.0,17.3,0.0,46.22144,14.354067
2026-04-18 12:00:00+00:00,122,6,625.0,20.4,0.0,46.08084,14.45151
2026-04-18 12:00:00+00:00,127,6,622.0,17.9,0.0,46.151142,14.474522
2026-04-18 12:00:00+00:00,129,6,651.0,19.3,0.0,46.010544,14.571429
2026-04-18 12:00:00+00:00,177,6,811.0,16.1,0.0,45.65905,14.88189
2026-04-18 12:00:00+00:00,194,6,549.0,18.9,0.0,46.502636,15.024076
2026-04-18 12:00:00+00:00,236,6,796.0,19.2,0.0,45.79965,15.213271
2026-04-18 12:00:00+00:00,325,6,770.0,19.9,0.0,46.572933,15.62701
2026-04-18 12:00:00+00:00,391,6,701.0,19.1,0.0,46.71353,16.112904
2026-04-18 12:00:00+00:00,422,6,770.0,19.0,0.0,46.22144,15.21531
2026-04-18 12:00:00+00:00,425,6,690.0,19.7,0.0,45.940243,15.546751
2026-04-18 12:00:00+00:00,426,6,454.0,20.8,0.0,45.51845,13.704866
2026-04-18 13:00:00+00:00,63,1,553.0,19.9,0.0,46.432335,14.134615
2026-04-18 13:00:00+00:00,76,1,546.0,19.6,0.0,46.291737,14.233227
2026-04-18 13:00:00+00:00,106,1,524.0,18.5,0.0,46.22144,14.354067
2026-04-18 13:00:00+00:00,122,1,644.0,22.0,0.0,46.08084,14.45151
2026-04-18 13:00:00+00:00,127,1,565.0,19.2,0.0,46.151142,14.474522
2026-04-18 13:00:00+00:00,129,1,691.0,20.3,0.0,46.010544,14.571429
2026-04-18 13:00:00+00:00,177,1,735.0,16.1,0.0,45.65905,14.88189
2026-04-18 13:00:00+00:00,194,1,688.0,19.7,0.0,46.502636,15.024076
2026-04-18 13:00:00+00:00,236,1,630.0,20.3,0.0,45.79965,15.213271
2026-04-18 13:00:00+00:00,325,1,762.0,21.1,0.0,46.572933,15.62701
2026-04-18 13:00:00+00:00,391,1,745.0,19.6,0.0,46.71353,16.112904
2026-04-18 13:00:00+00:00,422,1,548.0,19.4,0.0,46.22144,15.21531
2026-04-18 13:00:00+00:00,425,1,665.0,20.4,0.0,45.940243,15.546751
2026-04-18 13:00:00+00:00,426,1,707.0,21.5,0.0,45.51845,13.704866
2026-04-18 14:00:00+00:00,63,2,589.0,20.5,0.0,46.432335,14.134615
2026-04-18 14:00:00+00:00,76,2,408.0,18.3,0.0,46.291737,14.233227
2026-04-18 14:00:00+00:00,106,2,401.0,18.6,0.0,46.22144,14.354067
2026-04-18 14:00:00+00:00,122,2,491.0,21.7,0.0,46.08084,14.45151
2026-04-18 14:00:00+00:00,127,2,477.0,19.7,0.0,46.151142,14.474522
2026-04-18 14:00:00+00:00,129,2,542.0,19.5,0.0,46.010544,14.571429
2026-04-18 14:00:00+00:00,177,2,578.0,15.7,0.0,45.65905,14.88189
2026-04-18 14:00:00+00:00,194,2,498.0,19.2,0.0,46.502636,15.024076
2026-04-18 14:00:00+00:00,236,2,543.0,20.1,0.0,45.79965,15.213271
2026-04-18 14:00:00+00:00,325,2,624.0,21.4,0.0,46.572933,15.62701
2026-04-18 14:00:00+00:00,391,2,645.0,19.8,0.0,46.71353,16.112904
2026-04-18 14:00:00+00:00,422,2,616.0,19.4,0.0,46.22144,15.21531
2026-04-18 14:00:00+00:00,425,2,608.0,20.2,0.0,45.940243,15.546751
2026-04-18 14:00:00+00:00,426,2,609.0,21.0,0.0,45.51845,13.704866
2026-04-18 15:00:00+00:00,63,3,396.0,19.9,0.0,46.432335,14.134615
2026-04-18 15:00:00+00:00,76,3,369.0,18.1,0.0,46.291737,14.233227
2026-04-18 15:00:00+00:00,106,3,417.0,19.2,0.0,46.22144,14.354067
2026-04-18 15:00:00+00:00,122,3,471.0,21.1,0.0,46.08084,14.45151
2026-04-18 15:00:00+00:00,127,3,476.0,19.6,0.0,46.151142,14.474522
2026-04-18 15:00:00+00:00,129,3,458.0,19.0,0.0,46.010544,14.571429
2026-04-18 15:00:00+00:00,177,3,481.0,15.8,0.0,45.65905,14.88189
2026-04-18 15:00:00+00:00,194,3,438.0,19.4,0.0,46.502636,15.024076
2026-04-18 15:00:00+00:00,236,3,504.0,20.0,0.0,45.79965,15.213271
2026-04-18 15:00:00+00:00,325,3,481.0,19.3,0.0,46.572933,15.62701
2026-04-18 15:00:00+00:00,391,3,495.0,19.3,0.0,46.71353,16.112904
2026-04-18 15:00:00+00:00,422,3,464.0,18.9,0.0,46.22144,15.21531
2026-04-18 15:00:00+00:00,425,3,501.0,19.8,0.0,45.940243,15.546751
2026-04-18 15:00:00+00:00,426,3,492.0,20.4,0.0,45.51845,13.704866
2026-04-18 18:00:00+00:00,63,6,28.0,14.4,0.0,46.432335,14.134615
2026-04-18 18:00:00+00:00,76,6,29.0,12.9,0.0,46.291737,14.233227
2026-04-18 18:00:00+00:00,106,6,28.0,14.4,0.0,46.22144,14.354067
2026-04-18 18:00:00+00:00,122,6,26.0,16.4,0.0,46.08084,14.45151
2026-04-18 18:00:00+00:00,127,6,27.0,14.6,0.0,46.151142,14.474522
2026-04-18 18:00:00+00:00,129,6,26.0,14.4,0.0,46.010544,14.571429
2026-04-18 18:00:00+00:00,177,6,26.0,11.0,0.0,45.65905,14.88189
2026-04-18 18:00:00+00:00,194,6,23.0,14.0,0.0,46.502636,15.024076
2026-04-18 18:00:00+00:00,236,6,24.0,15.1,0.0,45.79965,15.213271
2026-04-18 18:00:00+00:00,325,6,24.0,15.0,0.0,46.572933,15.62701
2026-04-18 18:00:00+00:00,391,6,21.0,13.3,0.0,46.71353,16.112904
2026-04-18 18:00:00+00:00,422,6,24.0,14.4,0.0,46.22144,15.21531
2026-04-18 18:00:00+00:00,425,6,23.0,14.2,0.0,45.940243,15.546751
2026-04-18 18:00:00+00:00,426,6,30.0,16.5,0.0,45.51845,13.704866
2026-04-18 19:00:00+00:00,63,1,0.0,14.3,0.0,46.432335,14.134615
2026-04-18 19:00:00+00:00,76,1,0.0,12.6,0.0,46.291737,14.233227
2026-04-18 19:00:00+00:00,106,1,0.0,13.3,0.0,46.22144,14.354067
2026-04-18 19:00:00+00:00,122,1,0.0,15.5,0.0,46.08084,14.45151
2026-04-18 19:00:00+00:00,127,1,0.0,13.6,0.0,46.151142,14.474522
2026-04-18 19:00:00+00:00,129,1,0.0,12.9,0.0,46.010544,14.571429
2026-04-18 19:00:00+00:00,177,1,0.0,9.3,0.0,45.65905,14.88189
2026-04-18 19:00:00+00:00,194,1,0.0,13.1,0.0,46.502636,15.024076
2026-04-18 19:00:00+00:00,236,1,0.0,13.2,0.0,45.79965,15.213271
2026-04-18 19:00:00+00:00,325,1,0.0,14.6,0.0,46.572933,15.62701
2026-04-18 19:00:00+00:00,391,1,0.0,12.9,0.0,46.71353,16.112904
2026-04-18 19:00:00+00:00,422,1,0.0,13.4,0.0,46.22144,15.21531
2026-04-18 19:00:00+00:00,425,1,0.0,14.2,0.0,45.940243,15.546751
2026-04-18 19:00:00+00:00,426,1,0.0,17.1,0.0,45.51845,13.704866
2026-04-18 20:00:00+00:00,63,2,0.0,12.2,0.0,46.432335,14.134615
2026-04-18 20:00:00+00:00,76,2,0.0,11.0,0.0,46.291737,14.233227
2026-04-18 20:00:00+00:00,106,2,0.0,12.3,0.0,46.22144,14.354067
2026-04-18 20:00:00+00:00,122,2,0.0,14.1,0.0,46.08084,14.45151
2026-04-18 20:00:00+00:00,127,2,0.0,12.3,0.0,46.151142,14.474522
2026-04-18 20:00:00+00:00,129,2,0.0,11.6,0.0,46.010544,14.571429
2026-04-18 20:00:00+00:00,177,2,0.0,7.9,0.0,45.65905,14.88189
2026-04-18 20:00:00+00:00,194,2,0.0,12.2,0.0,46.502636,15.024076
2026-04-18 20:00:00+00:00,236,2,0.0,11.9,0.0,45.79965,15.213271
2026-04-18 20:00:00+00:00,325,2,0.0,14.6,0.0,46.572933,15.62701
2026-04-18 20:00:00+00:00,391,2,0.0,11.9,0.0,46.71353,16.112904
2026-04-18 20:00:00+00:00,422,2,0.0,12.6,0.0,46.22144,15.21531
2026-04-18 20:00:00+00:00,425,2,0.0,13.1,0.0,45.940243,15.546751
2026-04-18 20:00:00+00:00,426,2,0.0,15.6,0.0,45.51845,13.704866
2026-04-18 21:00:00+00:00,63,3,0.0,10.6,0.0,46.432335,14.134615
2026-04-18 21:00:00+00:00,76,3,0.0,10.1,0.0,46.291737,14.233227
2026-04-18 21:00:00+00:00,106,3,0.0,11.2,0.0,46.22144,14.354067
2026-04-18 21:00:00+00:00,122,3,0.0,12.9,0.0,46.08084,14.45151
2026-04-18 21:00:00+00:00,127,3,0.0,11.3,0.0,46.151142,14.474522
2026-04-18 21:00:00+00:00,129,3,0.0,10.5,0.0,46.010544,14.571429
2026-04-18 21:00:00+00:00,177,3,0.0,6.7,0.0,45.65905,14.88189
2026-04-18 21:00:00+00:00,194,3,0.0,11.4,0.0,46.502636,15.024076
2026-04-18 21:00:00+00:00,236,3,0.0,10.8,0.0,45.79965,15.213271
2026-04-18 21:00:00+00:00,325,3,0.0,14.6,0.0,46.572933,15.62701
2026-04-18 21:00:00+00:00,391,3,0.0,11.1,0.0,46.71353,16.112904
2026-04-18 21:00:00+00:00,422,3,0.0,11.9,0.0,46.22144,15.21531
2026-04-18 21:00:00+00:00,425,3,0.0,12.5,0.0,45.940243,15.546751
2026-04-18 21:00:00+00:00,426,3,0.0,14.4,0.0,45.51845,13.704866
2026-04-19 00:00:00+00:00,63,6,0.0,9.1,0.0,46.432335,14.134615
2026-04-19 00:00:00+00:00,63,24,0.0,8.5,0.0,46.432335,14.134615
2026-04-19 00:00:00+00:00,76,6,0.0,8.6,0.0,46.291737,14.233227
2026-04-19 00:00:00+00:00,76,24,0.0,8.6,0.0,46.291737,14.233227
2026-04-19 00:00:00+00:00,106,6,0.0,9.5,0.0,46.22144,14.354067
2026-04-19 00:00:00+00:00,106,24,0.0,9.0,0.0,46.22144,14.354067
2026-04-19 00:00:00+00:00,122,6,0.0,10.0,0.0,46.08084,14.45151
2026-04-19 00:00:00+00:00,122,24,0.0,9.5,0.0,46.08084,14.45151
2026-04-19 00:00:00+00:00,127,6,0.0,8.9,0.0,46.151142,14.474522
2026-04-19 00:00:00+00:00,127,24,0.0,8.3,0.0,46.151142,14.474522
2026-04-19 00:00:00+00:00,129,6,0.0,7.4,0.0,46.010544,14.571429
2026-04-19 00:00:00+00:00,129,24,0.0,7.9,0.0,46.010544,14.571429
2026-04-19 00:00:00+00:00,177,6,0.0,6.1,0.0,45.65905,14.88189
2026-04-19 00:00:00+00:00,177,24,0.0,5.6,0.0,45.65905,14.88189
2026-04-19 00:00:00+00:00,194,6,0.0,9.4,0.0,46.502636,15.024076
2026-04-19 00:00:00+00:00,194,24,0.0,9.5,0.0,46.502636,15.024076
2026-04-19 00:00:00+00:00,236,6,0.0,10.0,0.0,45.79965,15.213271
2026-04-19 00:00:00+00:00,236,24,0.0,9.3,0.0,45.79965,15.213271
2026-04-19 00:00:00+00:00,325,6,0.0,12.3,0.0,46.572933,15.62701
2026-04-19 00:00:00+00:00,325,24,0.0,12.0,0.0,46.572933,15.62701
2026-04-19 00:00:00+00:00,391,6,0.0,10.6,0.0,46.71353,16.112904
2026-04-19 00:00:00+00:00,391,24,0.0,9.7,0.0,46.71353,16.112904
2026-04-19 00:00:00+00:00,422,6,0.0,10.1,0.0,46.22144,15.21531
2026-04-19 00:00:00+00:00,422,24,0.0,8.6,0.0,46.22144,15.21531
2026-04-19 00:00:00+00:00,425,6,0.0,9.9,0.0,45.940243,15.546751
2026-04-19 00:00:00+00:00,425,24,0.0,9.2,0.0,45.940243,15.546751
2026-04-19 00:00:00+00:00,426,6,0.0,11.8,0.0,45.51845,13.704866
2026-04-19 00:00:00+00:00,426,24,0.0,12.1,0.0,45.51845,13.704866
2026-04-19 06:00:00+00:00,63,24,160.0,12.8,0.0,46.432335,14.134615
2026-04-19 06:00:00+00:00,76,24,159.0,11.9,0.0,46.291737,14.233227
2026-04-19 06:00:00+00:00,106,24,156.0,11.5,0.0,46.22144,14.354067
2026-04-19 06:00:00+00:00,122,24,151.0,10.8,0.0,46.08084,14.45151
2026-04-19 06:00:00+00:00,127,24,152.0,9.8,0.0,46.151142,14.474522
2026-04-19 06:00:00+00:00,129,24,154.0,10.3,0.0,46.010544,14.571429
2026-04-19 06:00:00+00:00,177,24,163.0,9.1,0.0,45.65905,14.88189
2026-04-19 06:00:00+00:00,194,24,166.0,12.5,0.0,46.502636,15.024076
2026-04-19 06:00:00+00:00,236,24,164.0,11.6,0.0,45.79965,15.213271
2026-04-19 06:00:00+00:00,325,24,171.0,14.2,0.0,46.572933,15.62701
2026-04-19 06:00:00+00:00,391,24,175.0,10.8,0.0,46.71353,16.112904
2026-04-19 06:00:00+00:00,422,24,165.0,11.6,0.0,46.22144,15.21531
2026-04-19 06:00:00+00:00,425,24,166.0,11.2,0.0,45.940243,15.546751
2026-04-19 06:00:00+00:00,426,24,141.0,14.1,0.0,45.51845,13.704866
2026-04-19 12:00:00+00:00,63,24,355.0,16.6,0.0,46.432335,14.134615
2026-04-19 12:00:00+00:00,76,24,291.0,16.2,0.3,46.291737,14.233227
2026-04-19 12:00:00+00:00,106,24,273.0,16.5,0.2,46.22144,14.354067
2026-04-19 12:00:00+00:00,122,24,247.0,17.9,0.0,46.08084,14.45151
2026-04-19 12:00:00+00:00,127,24,266.0,16.8,0.0,46.151142,14.474522
2026-04-19 12:00:00+00:00,129,24,299.0,16.1,0.0,46.010544,14.571429
2026-04-19 12:00:00+00:00,177,24,423.0,12.2,2.6,45.65905,14.88189
2026-04-19 12:00:00+00:00,194,24,687.0,20.5,0.1,46.502636,15.024076
2026-04-19 12:00:00+00:00,236,24,757.0,21.5,0.0,45.79965,15.213271
2026-04-19 12:00:00+00:00,325,24,794.0,22.2,0.0,46.572933,15.62701
2026-04-19 12:00:00+00:00,391,24,775.0,21.3,0.0,46.71353,16.112904
2026-04-19 12:00:00+00:00,422,24,714.0,21.0,0.0,46.22144,15.21531
2026-04-19 12:00:00+00:00,425,24,823.0,22.1,0.0,45.940243,15.546751
2026-04-19 12:00:00+00:00,426,24,722.0,20.4,0.0,45.51845,13.704866
2026-04-19 18:00:00+00:00,63,24,15.0,11.7,0.0,46.432335,14.134615
2026-04-19 18:00:00+00:00,76,24,13.0,13.4,0.1,46.291737,14.233227
2026-04-19 18:00:00+00:00,106,24,15.0,14.1,0.1,46.22144,14.354067
2026-04-19 18:00:00+00:00,122,24,13.0,15.2,0.0,46.08084,14.45151
2026-04-19 18:00:00+00:00,127,24,14.0,14.0,0.0,46.151142,14.474522
2026-04-19 18:00:00+00:00,129,24,12.0,15.1,0.0,46.010544,14.571429
2026-04-19 18:00:00+00:00,177,24,9.0,9.9,0.0,45.65905,14.88189
2026-04-19 18:00:00+00:00,194,24,6.0,12.9,0.0,46.502636,15.024076
2026-04-19 18:00:00+00:00,236,24,15.0,14.9,0.1,45.79965,15.213271
2026-04-19 18:00:00+00:00,325,24,11.0,13.4,0.1,46.572933,15.62701
2026-04-19 18:00:00+00:00,391,24,8.0,13.3,0.1,46.71353,16.112904
2026-04-19 18:00:00+00:00,422,24,11.0,14.1,0.2,46.22144,15.21531
2026-04-19 18:00:00+00:00,425,24,11.0,14.6,1.2,45.940243,15.546751
2026-04-19 18:00:00+00:00,426,24,26.0,16.7,0.0,45.51845,13.704866
2026-04-19 01:00:00+00:00,63,1,0.0,8.8,0.0,46.432335,14.134615
2026-04-19 01:00:00+00:00,76,1,0.0,7.8,0.0,46.291737,14.233227
2026-04-19 01:00:00+00:00,106,1,0.0,8.2,0.0,46.22144,14.354067
2026-04-19 01:00:00+00:00,122,1,0.0,8.8,0.0,46.08084,14.45151
2026-04-19 01:00:00+00:00,127,1,0.0,7.3,0.0,46.151142,14.474522
2026-04-19 01:00:00+00:00,129,1,0.0,6.8,0.0,46.010544,14.571429
2026-04-19 01:00:00+00:00,177,1,0.0,4.9,0.0,45.65905,14.88189
2026-04-19 01:00:00+00:00,194,1,0.0,9.0,0.0,46.502636,15.024076
2026-04-19 01:00:00+00:00,236,1,0.0,8.9,0.0,45.79965,15.213271
2026-04-19 01:00:00+00:00,325,1,0.0,11.7,0.0,46.572933,15.62701
2026-04-19 01:00:00+00:00,391,1,0.0,7.1,0.0,46.71353,16.112904
2026-04-19 01:00:00+00:00,422,1,0.0,7.6,0.0,46.22144,15.21531
2026-04-19 01:00:00+00:00,425,1,0.0,8.2,0.0,45.940243,15.546751
2026-04-19 01:00:00+00:00,426,1,0.0,10.7,0.0,45.51845,13.704866
2026-04-19 02:00:00+00:00,63,2,0.0,8.9,0.0,46.432335,14.134615
2026-04-19 02:00:00+00:00,76,2,0.0,7.5,0.0,46.291737,14.233227
2026-04-19 02:00:00+00:00,106,2,0.0,7.9,0.0,46.22144,14.354067
2026-04-19 02:00:00+00:00,122,2,0.0,8.1,0.0,46.08084,14.45151
2026-04-19 02:00:00+00:00,127,2,0.0,6.9,0.0,46.151142,14.474522
2026-04-19 02:00:00+00:00,129,2,0.0,6.2,0.0,46.010544,14.571429
2026-04-19 02:00:00+00:00,177,2,0.0,5.0,0.0,45.65905,14.88189
2026-04-19 02:00:00+00:00,194,2,0.0,9.0,0.0,46.502636,15.024076
2026-04-19 02:00:00+00:00,236,2,0.0,8.4,0.0,45.79965,15.213271
2026-04-19 02:00:00+00:00,325,2,0.0,11.1,0.0,46.572933,15.62701
2026-04-19 02:00:00+00:00,391,2,0.0,6.2,0.0,46.71353,16.112904
2026-04-19 02:00:00+00:00,422,2,0.0,7.4,0.0,46.22144,15.21531
2026-04-19 02:00:00+00:00,425,2,0.0,7.4,0.0,45.940243,15.546751
2026-04-19 02:00:00+00:00,426,2,0.0,10.6,0.0,45.51845,13.704866
2026-04-19 03:00:00+00:00,63,3,0.0,8.7,0.0,46.432335,14.134615
2026-04-19 03:00:00+00:00,76,3,0.0,7.2,0.0,46.291737,14.233227
2026-04-19 03:00:00+00:00,106,3,0.0,7.7,0.0,46.22144,14.354067
2026-04-19 03:00:00+00:00,122,3,0.0,7.4,0.0,46.08084,14.45151
2026-04-19 03:00:00+00:00,127,3,0.0,6.6,0.0,46.151142,14.474522
2026-04-19 03:00:00+00:00,129,3,0.0,5.8,0.0,46.010544,14.571429
2026-04-19 03:00:00+00:00,177,3,0.0,4.8,0.0,45.65905,14.88189
2026-04-19 03:00:00+00:00,194,3,0.0,8.7,0.0,46.502636,15.024076
2026-04-19 03:00:00+00:00,236,3,0.0,8.0,0.0,45.79965,15.213271
2026-04-19 03:00:00+00:00,325,3,0.0,10.8,0.0,46.572933,15.62701
2026-04-19 03:00:00+00:00,391,3,0.0,5.8,0.0,46.71353,16.112904
2026-04-19 03:00:00+00:00,422,3,0.0,7.4,0.0,46.22144,15.21531
2026-04-19 03:00:00+00:00,425,3,0.0,7.2,0.0,45.940243,15.546751
2026-04-19 03:00:00+00:00,426,3,0.0,10.6,0.0,45.51845,13.704866
2026-04-19 06:00:00+00:00,63,6,160.0,13.2,0.0,46.432335,14.134615
2026-04-19 06:00:00+00:00,76,6,160.0,12.1,0.0,46.291737,14.233227
2026-04-19 06:00:00+00:00,106,6,156.0,11.6,0.0,46.22144,14.354067
2026-04-19 06:00:00+00:00,122,6,152.0,10.8,0.0,46.08084,14.45151
2026-04-19 06:00:00+00:00,127,6,153.0,9.7,0.0,46.151142,14.474522
2026-04-19 06:00:00+00:00,129,6,154.0,10.2,0.0,46.010544,14.571429
2026-04-19 06:00:00+00:00,177,6,163.0,9.1,0.0,45.65905,14.88189
2026-04-19 06:00:00+00:00,194,6,166.0,12.3,0.0,46.502636,15.024076
2026-04-19 06:00:00+00:00,236,6,164.0,10.9,0.0,45.79965,15.213271
2026-04-19 06:00:00+00:00,325,6,173.0,14.4,0.0,46.572933,15.62701
2026-04-19 06:00:00+00:00,391,6,176.0,10.4,0.0,46.71353,16.112904
2026-04-19 06:00:00+00:00,422,6,164.0,11.5,0.0,46.22144,15.21531
2026-04-19 06:00:00+00:00,425,6,166.0,11.0,0.0,45.940243,15.546751
2026-04-19 06:00:00+00:00,426,6,142.0,14.3,0.0,45.51845,13.704866
2026-04-19 07:00:00+00:00,63,1,316.0,15.3,0.0,46.432335,14.134615
2026-04-19 07:00:00+00:00,76,1,312.0,14.8,0.0,46.291737,14.233227
2026-04-19 07:00:00+00:00,106,1,318.0,13.9,0.0,46.22144,14.354067
2026-04-19 07:00:00+00:00,122,1,322.0,13.0,0.0,46.08084,14.45151
2026-04-19 07:00:00+00:00,127,1,325.0,11.8,0.0,46.151142,14.474522
2026-04-19 07:00:00+00:00,129,1,324.0,12.3,0.0,46.010544,14.571429
2026-04-19 07:00:00+00:00,177,1,335.0,12.7,0.0,45.65905,14.88189
2026-04-19 07:00:00+00:00,194,1,336.0,14.8,0.0,46.502636,15.024076
2026-04-19 07:00:00+00:00,236,1,335.0,13.1,0.0,45.79965,15.213271
2026-04-19 07:00:00+00:00,325,1,337.0,16.0,0.0,46.572933,15.62701
2026-04-19 07:00:00+00:00,391,1,348.0,13.8,0.0,46.71353,16.112904
2026-04-19 07:00:00+00:00,422,1,333.0,13.9,0.0,46.22144,15.21531
2026-04-19 07:00:00+00:00,425,1,337.0,12.9,0.0,45.940243,15.546751
2026-04-19 07:00:00+00:00,426,1,303.0,18.2,0.0,45.51845,13.704866
2026-04-19 08:00:00+00:00,63,2,485.0,17.1,0.0,46.432335,14.134615
2026-04-19 08:00:00+00:00,76,2,483.0,16.8,0.0,46.291737,14.233227
2026-04-19 08:00:00+00:00,106,2,490.0,16.1,0.0,46.22144,14.354067
2026-04-19 08:00:00+00:00,122,2,469.0,15.6,0.0,46.08084,14.45151
2026-04-19 08:00:00+00:00,127,2,486.0,14.3,0.0,46.151142,14.474522
2026-04-19 08:00:00+00:00,129,2,469.0,14.8,0.0,46.010544,14.571429
2026-04-19 08:00:00+00:00,177,2,499.0,15.0,0.0,45.65905,14.88189
2026-04-19 08:00:00+00:00,194,2,501.0,16.9,0.0,46.502636,15.024076
2026-04-19 08:00:00+00:00,236,2,480.0,15.8,0.0,45.79965,15.213271
2026-04-19 08:00:00+00:00,325,2,494.0,17.6,0.0,46.572933,15.62701
2026-04-19 08:00:00+00:00,391,2,498.0,16.2,0.0,46.71353,16.112904
2026-04-19 08:00:00+00:00,422,2,493.0,16.8,0.0,46.22144,15.21531
2026-04-19 08:00:00+00:00,425,2,481.0,15.7,0.0,45.940243,15.546751
2026-04-19 08:00:00+00:00,426,2,468.0,19.1,0.0,45.51845,13.704866
2026-04-19 09:00:00+00:00,63,3,652.0,18.9,0.0,46.432335,14.134615
2026-04-19 09:00:00+00:00,76,3,642.0,18.5,0.0,46.291737,14.233227
2026-04-19 09:00:00+00:00,106,3,638.0,17.7,0.0,46.22144,14.354067
2026-04-19 09:00:00+00:00,122,3,580.0,18.1,0.0,46.08084,14.45151
2026-04-19 09:00:00+00:00,127,3,614.0,16.5,0.0,46.151142,14.474522
2026-04-19 09:00:00+00:00,129,3,572.0,17.1,0.0,46.010544,14.571429
2026-04-19 09:00:00+00:00,177,3,560.0,16.2,0.0,45.65905,14.88189
2026-04-19 09:00:00+00:00,194,3,650.0,18.9,0.0,46.502636,15.024076
2026-04-19 09:00:00+00:00,236,3,622.0,18.4,0.0,45.79965,15.213271
2026-04-19 09:00:00+00:00,325,3,585.0,19.1,0.0,46.572933,15.62701
2026-04-19 09:00:00+00:00,391,3,608.0,17.9,0.0,46.71353,16.112904
2026-04-19 09:00:00+00:00,422,3,608.0,19.1,0.0,46.22144,15.21531
2026-04-19 09:00:00+00:00,425,3,612.0,18.2,0.0,45.940243,15.546751
2026-04-19 09:00:00+00:00,426,3,632.0,19.8,0.0,45.51845,13.704866
2026-04-19 12:00:00+00:00,63,6,433.0,16.3,0.0,46.432335,14.134615
2026-04-19 12:00:00+00:00,76,6,528.0,17.3,2.4,46.291737,14.233227
2026-04-19 12:00:00+00:00,106,6,631.0,19.9,0.0,46.22144,14.354067
2026-04-19 12:00:00+00:00,122,6,482.0,19.6,0.6,46.08084,14.45151
2026-04-19 12:00:00+00:00,127,6,592.0,18.8,0.0,46.151142,14.474522
2026-04-19 12:00:00+00:00,129,6,449.0,17.1,2.9,46.010544,14.571429
2026-04-19 12:00:00+00:00,177,6,479.0,15.1,0.9,45.65905,14.88189
2026-04-19 12:00:00+00:00,194,6,601.0,17.5,0.6,46.502636,15.024076
2026-04-19 12:00:00+00:00,236,6,767.0,21.6,0.0,45.79965,15.213271
2026-04-19 12:00:00+00:00,325,6,755.0,22.2,0.0,46.572933,15.62701
2026-04-19 12:00:00+00:00,391,6,774.0,21.8,0.0,46.71353,16.112904
2026-04-19 12:00:00+00:00,422,6,626.0,18.9,0.3,46.22144,15.21531
2026-04-19 12:00:00+00:00,425,6,777.0,22.0,0.0,45.940243,15.546751
2026-04-19 12:00:00+00:00,426,6,689.0,21.2,0.0,45.51845,13.704866
2026-04-19 13:00:00+00:00,63,1,696.0,16.7,1.2,46.432335,14.134615
2026-04-19 13:00:00+00:00,76,1,627.0,18.4,0.3,46.291737,14.233227
2026-04-19 13:00:00+00:00,106,1,537.0,19.5,0.1,46.22144,14.354067
2026-04-19 13:00:00+00:00,122,1,551.0,20.0,0.2,46.08084,14.45151
2026-04-19 13:00:00+00:00,127,1,511.0,18.8,0.5,46.151142,14.474522
2026-04-19 13:00:00+00:00,129,1,624.0,18.7,0.2,46.010544,14.571429
2026-04-19 13:00:00+00:00,177,1,379.0,12.6,0.4,45.65905,14.88189
2026-04-19 13:00:00+00:00,194,1,487.0,19.2,0.0,46.502636,15.024076
2026-04-19 13:00:00+00:00,236,1,387.0,17.9,0.2,45.79965,15.213271
2026-04-19 13:00:00+00:00,325,1,578.0,21.9,0.0,46.572933,15.62701
2026-04-19 13:00:00+00:00,391,1,670.0,22.0,0.0,46.71353,16.112904
2026-04-19 13:00:00+00:00,422,1,276.0,17.4,0.1,46.22144,15.21531
2026-04-19 13:00:00+00:00,425,1,527.0,17.5,0.2,45.940243,15.546751
2026-04-19 13:00:00+00:00,426,1,621.0,20.1,0.0,45.51845,13.704866
2026-04-19 14:00:00+00:00,63,2,152.0,13.3,0.6,46.432335,14.134615
2026-04-19 14:00:00+00:00,76,2,251.0,16.0,0.3,46.291737,14.233227
2026-04-19 14:00:00+00:00,106,2,333.0,18.0,0.1,46.22144,14.354067
2026-04-19 14:00:00+00:00,122,2,353.0,17.3,3.0,46.08084,14.45151
2026-04-19 14:00:00+00:00,127,2,371.0,16.8,1.4,46.151142,14.474522
2026-04-19 14:00:00+00:00,129,2,392.0,16.6,0.2,46.010544,14.571429
2026-04-19 14:00:00+00:00,177,2,432.0,14.8,0.2,45.65905,14.88189
2026-04-19 14:00:00+00:00,194,2,506.0,19.2,0.0,46.502636,15.024076
2026-04-19 14:00:00+00:00,236,2,503.0,19.1,0.0,45.79965,15.213271
2026-04-19 14:00:00+00:00,325,2,345.0,20.8,0.0,46.572933,15.62701
2026-04-19 14:00:00+00:00,391,2,515.0,21.5,0.1,46.71353,16.112904
2026-04-19 14:00:00+00:00,422,2,468.0,19.7,0.0,46.22144,15.21531
2026-04-19 14:00:00+00:00,425,2,286.0,18.2,0.1,45.940243,15.546751
2026-04-19 14:00:00+00:00,426,2,503.0,18.9,0.0,45.51845,13.704866
2026-04-19 15:00:00+00:00,63,3,84.0,12.8,0.4,46.432335,14.134615
2026-04-19 15:00:00+00:00,76,3,154.0,14.6,1.2,46.291737,14.233227
2026-04-19 15:00:00+00:00,106,3,185.0,16.4,0.2,46.22144,14.354067
2026-04-19 15:00:00+00:00,122,3,188.0,18.3,0.0,46.08084,14.45151
2026-04-19 15:00:00+00:00,127,3,188.0,16.2,0.0,46.151142,14.474522
2026-04-19 15:00:00+00:00,129,3,189.0,17.2,0.0,46.010544,14.571429
2026-04-19 15:00:00+00:00,177,3,275.0,12.5,1.5,45.65905,14.88189
2026-04-19 15:00:00+00:00,194,3,170.0,16.0,0.8,46.502636,15.024076
2026-04-19 15:00:00+00:00,236,3,261.0,17.7,0.6,45.79965,15.213271
2026-04-19 15:00:00+00:00,325,3,293.0,16.5,0.5,46.572933,15.62701
2026-04-19 15:00:00+00:00,391,3,322.0,19.1,1.2,46.71353,16.112904
2026-04-19 15:00:00+00:00,422,3,322.0,18.7,0.5,46.22144,15.21531
2026-04-19 15:00:00+00:00,425,3,350.0,19.1,0.0,45.940243,15.546751
2026-04-19 15:00:00+00:00,426,3,275.0,17.9,0.2,45.51845,13.704866
2026-04-19 18:00:00+00:00,63,6,23.0,11.0,0.0,46.432335,14.134615
2026-04-19 18:00:00+00:00,76,6,21.0,11.7,0.0,46.291737,14.233227
2026-04-19 18:00:00+00:00,106,6,19.0,13.5,0.0,46.22144,14.354067
2026-04-19 18:00:00+00:00,122,6,15.0,14.8,0.0,46.08084,14.45151
2026-04-19 18:00:00+00:00,127,6,15.0,13.3,0.0,46.151142,14.474522
2026-04-19 18:00:00+00:00,129,6,12.0,13.6,0.0,46.010544,14.571429
2026-04-19 18:00:00+00:00,177,6,10.0,9.9,0.0,45.65905,14.88189
2026-04-19 18:00:00+00:00,194,6,12.0,14.4,0.0,46.502636,15.024076
2026-04-19 18:00:00+00:00,236,6,12.0,14.0,0.2,45.79965,15.213271
2026-04-19 18:00:00+00:00,325,6,14.0,14.0,0.0,46.572933,15.62701
2026-04-19 18:00:00+00:00,391,6,13.0,13.8,0.0,46.71353,16.112904
2026-04-19 18:00:00+00:00,422,6,14.0,14.2,0.0,46.22144,15.21531
2026-04-19 18:00:00+00:00,425,6,17.0,14.9,0.0,45.940243,15.546751
2026-04-19 18:00:00+00:00,426,6,27.0,16.2,0.0,45.51845,13.704866
2026-04-19 19:00:00+00:00,63,1,0.0,9.9,0.0,46.432335,14.134615
2026-04-19 19:00:00+00:00,76,1,0.0,10.8,0.0,46.291737,14.233227
2026-04-19 19:00:00+00:00,106,1,0.0,11.6,0.0,46.22144,14.354067
2026-04-19 19:00:00+00:00,122,1,0.0,12.9,0.0,46.08084,14.45151
2026-04-19 19:00:00+00:00,127,1,0.0,11.5,0.0,46.151142,14.474522
2026-04-19 19:00:00+00:00,129,1,0.0,12.7,0.0,46.010544,14.571429
2026-04-19 19:00:00+00:00,177,1,0.0,10.4,0.1,45.65905,14.88189
2026-04-19 19:00:00+00:00,194,1,0.0,11.4,0.0,46.502636,15.024076
2026-04-19 19:00:00+00:00,236,1,0.0,14.0,0.3,45.79965,15.213271
2026-04-19 19:00:00+00:00,325,1,0.0,13.4,0.1,46.572933,15.62701
2026-04-19 19:00:00+00:00,391,1,0.0,12.2,0.5,46.71353,16.112904
2026-04-19 19:00:00+00:00,422,1,0.0,14.2,0.1,46.22144,15.21531
2026-04-19 19:00:00+00:00,425,1,0.0,12.8,3.5,45.940243,15.546751
2026-04-19 19:00:00+00:00,426,1,0.0,16.3,0.0,45.51845,13.704866
2026-04-19 20:00:00+00:00,63,2,0.0,8.8,0.0,46.432335,14.134615
2026-04-19 20:00:00+00:00,76,2,0.0,9.2,0.0,46.291737,14.233227
2026-04-19 20:00:00+00:00,106,2,0.0,10.7,0.0,46.22144,14.354067
2026-04-19 20:00:00+00:00,122,2,0.0,11.6,0.0,46.08084,14.45151
2026-04-19 20:00:00+00:00,127,2,0.0,10.1,0.0,46.151142,14.474522
2026-04-19 20:00:00+00:00,129,2,0.0,12.0,0.0,46.010544,14.571429
2026-04-19 20:00:00+00:00,177,2,0.0,9.4,1.1,45.65905,14.88189
2026-04-19 20:00:00+00:00,194,2,0.0,10.1,0.0,46.502636,15.024076
2026-04-19 20:00:00+00:00,236,2,0.0,13.5,0.6,45.79965,15.213271
2026-04-19 20:00:00+00:00,325,2,0.0,12.3,0.0,46.572933,15.62701
2026-04-19 20:00:00+00:00,391,2,0.0,11.7,0.0,46.71353,16.112904
2026-04-19 20:00:00+00:00,422,2,0.0,13.2,0.0,46.22144,15.21531
2026-04-19 20:00:00+00:00,425,2,0.0,12.9,0.3,45.940243,15.546751
2026-04-19 20:00:00+00:00,426,2,0.0,15.9,0.0,45.51845,13.704866
2026-04-19 21:00:00+00:00,63,3,0.0,8.1,0.0,46.432335,14.134615
2026-04-19 21:00:00+00:00,76,3,0.0,8.1,0.0,46.291737,14.233227
2026-04-19 21:00:00+00:00,106,3,0.0,9.7,0.0,46.22144,14.354067
2026-04-19 21:00:00+00:00,122,3,0.0,10.7,0.0,46.08084,14.45151
2026-04-19 21:00:00+00:00,127,3,0.0,9.4,0.0,46.151142,14.474522
2026-04-19 21:00:00+00:00,129,3,0.0,10.9,0.0,46.010544,14.571429
2026-04-19 21:00:00+00:00,177,3,0.0,8.6,0.3,45.65905,14.88189
2026-04-19 21:00:00+00:00,194,3,0.0,9.0,0.0,46.502636,15.024076
2026-04-19 21:00:00+00:00,236,3,0.0,12.7,0.3,45.79965,15.213271
2026-04-19 21:00:00+00:00,325,3,0.0,11.8,0.0,46.572933,15.62701
2026-04-19 21:00:00+00:00,391,3,0.0,10.6,0.0,46.71353,16.112904
2026-04-19 21:00:00+00:00,422,3,0.0,12.1,0.0,46.22144,15.21531
2026-04-19 21:00:00+00:00,425,3,0.0,12.8,0.2,45.940243,15.546751
2026-04-19 21:00:00+00:00,426,3,0.0,13.9,0.0,45.51845,13.704866
2026-04-20 00:00:00+00:00,63,6,0.0,6.2,1.2,46.432335,14.134615
2026-04-20 00:00:00+00:00,63,24,0.0,9.2,0.1,46.432335,14.134615
2026-04-20 00:00:00+00:00,76,6,0.0,6.2,0.1,46.291737,14.233227
2026-04-20 00:00:00+00:00,76,24,0.0,7.0,0.0,46.291737,14.233227
2026-04-20 00:00:00+00:00,106,6,0.0,7.4,0.0,46.22144,14.354067
2026-04-20 00:00:00+00:00,106,24,0.0,7.6,0.0,46.22144,14.354067
2026-04-20 00:00:00+00:00,122,6,0.0,9.3,0.0,46.08084,14.45151
2026-04-20 00:00:00+00:00,122,24,0.0,8.9,0.0,46.08084,14.45151
2026-04-20 00:00:00+00:00,127,6,0.0,7.6,0.0,46.151142,14.474522
2026-04-20 00:00:00+00:00,127,24,0.0,8.1,0.0,46.151142,14.474522
2026-04-20 00:00:00+00:00,129,6,0.0,9.6,0.0,46.010544,14.571429
2026-04-20 00:00:00+00:00,129,24,0.0,9.1,0.6,46.010544,14.571429
2026-04-20 00:00:00+00:00,177,6,0.0,6.7,0.3,45.65905,14.88189
2026-04-20 00:00:00+00:00,177,24,0.0,5.4,0.0,45.65905,14.88189
2026-04-20 00:00:00+00:00,194,6,0.0,8.8,0.0,46.502636,15.024076
2026-04-20 00:00:00+00:00,194,24,0.0,8.7,0.0,46.502636,15.024076
2026-04-20 00:00:00+00:00,236,6,0.0,9.1,0.5,45.79965,15.213271
2026-04-20 00:00:00+00:00,236,24,0.0,10.5,0.9,45.79965,15.213271
2026-04-20 00:00:00+00:00,325,6,0.0,9.4,1.0,46.572933,15.62701
2026-04-20 00:00:00+00:00,325,24,0.0,11.0,0.1,46.572933,15.62701
2026-04-20 00:00:00+00:00,391,6,0.0,9.5,0.0,46.71353,16.112904
2026-04-20 00:00:00+00:00,391,24,0.0,10.7,0.0,46.71353,16.112904
2026-04-20 00:00:00+00:00,422,6,0.0,10.4,0.0,46.22144,15.21531
2026-04-20 00:00:00+00:00,422,24,0.0,9.7,0.0,46.22144,15.21531
2026-04-20 00:00:00+00:00,425,6,0.0,10.6,0.0,45.940243,15.546751
2026-04-20 00:00:00+00:00,425,24,0.0,10.8,2.4,45.940243,15.546751
2026-04-20 00:00:00+00:00,426,6,0.0,12.5,0.0,45.51845,13.704866
2026-04-20 00:00:00+00:00,426,24,0.0,11.0,0.0,45.51845,13.704866
2026-04-20 06:00:00+00:00,63,24,112.0,10.3,0.0,46.432335,14.134615
2026-04-20 06:00:00+00:00,76,24,118.0,9.3,0.4,46.291737,14.233227
2026-04-20 06:00:00+00:00,106,24,129.0,9.6,0.1,46.22144,14.354067
2026-04-20 06:00:00+00:00,122,24,88.0,9.7,0.3,46.08084,14.45151
2026-04-20 06:00:00+00:00,127,24,117.0,9.3,0.2,46.151142,14.474522
2026-04-20 06:00:00+00:00,129,24,76.0,9.6,0.0,46.010544,14.571429
2026-04-20 06:00:00+00:00,177,24,115.0,7.7,0.0,45.65905,14.88189
2026-04-20 06:00:00+00:00,194,24,157.0,10.4,0.0,46.502636,15.024076
2026-04-20 06:00:00+00:00,236,24,115.0,11.6,0.0,45.79965,15.213271
2026-04-20 06:00:00+00:00,325,24,135.0,10.2,0.0,46.572933,15.62701
2026-04-20 06:00:00+00:00,391,24,179.0,10.0,0.0,46.71353,16.112904
2026-04-20 06:00:00+00:00,422,24,102.0,10.4,0.1,46.22144,15.21531
2026-04-20 06:00:00+00:00,425,24,94.0,11.2,0.0,45.940243,15.546751
2026-04-20 06:00:00+00:00,426,24,98.0,12.8,0.8,45.51845,13.704866
2026-04-20 12:00:00+00:00,63,24,363.0,11.9,0.3,46.432335,14.134615
2026-04-20 12:00:00+00:00,76,24,327.0,11.3,0.0,46.291737,14.233227
2026-04-20 12:00:00+00:00,106,24,353.0,12.3,0.0,46.22144,14.354067
2026-04-20 12:00:00+00:00,122,24,301.0,12.6,0.0,46.08084,14.45151
2026-04-20 12:00:00+00:00,127,24,346.0,11.9,0.0,46.151142,14.474522
2026-04-20 12:00:00+00:00,129,24,235.0,11.5,0.0,46.010544,14.571429
2026-04-20 12:00:00+00:00,177,24,285.0,8.4,0.0,45.65905,14.88189
2026-04-20 12:00:00+00:00,194,24,271.0,11.8,0.5,46.502636,15.024076
2026-04-20 12:00:00+00:00,236,24,224.0,12.2,0.0,45.79965,15.213271
2026-04-20 12:00:00+00:00,325,24,529.0,12.9,1.4,46.572933,15.62701
2026-04-20 12:00:00+00:00,391,24,503.0,16.0,0.0,46.71353,16.112904
2026-04-20 12:00:00+00:00,422,24,318.0,12.5,0.4,46.22144,15.21531
2026-04-20 12:00:00+00:00,425,24,346.0,11.7,0.2,45.940243,15.546751
2026-04-20 12:00:00+00:00,426,24,536.0,17.3,0.2,45.51845,13.704866
2026-04-20 18:00:00+00:00,63,24,28.0,8.7,0.2,46.432335,14.134615
2026-04-20 18:00:00+00:00,76,24,19.0,9.7,4.1,46.291737,14.233227
2026-04-20 18:00:00+00:00,106,24,15.0,10.6,5.8,46.22144,14.354067
2026-04-20 18:00:00+00:00,122,24,18.0,11.3,0.6,46.08084,14.45151
2026-04-20 18:00:00+00:00,127,24,16.0,10.5,1.3,46.151142,14.474522
2026-04-20 18:00:00+00:00,129,24,22.0,10.2,0.1,46.010544,14.571429
2026-04-20 18:00:00+00:00,177,24,13.0,6.4,0.7,45.65905,14.88189
2026-04-20 18:00:00+00:00,194,24,25.0,9.3,0.7,46.502636,15.024076
2026-04-20 18:00:00+00:00,236,24,17.0,10.7,0.2,45.79965,15.213271
2026-04-20 18:00:00+00:00,325,24,18.0,10.4,0.0,46.572933,15.62701
2026-04-20 18:00:00+00:00,391,24,20.0,10.6,0.0,46.71353,16.112904
2026-04-20 18:00:00+00:00,422,24,23.0,10.4,0.0,46.22144,15.21531
2026-04-20 18:00:00+00:00,425,24,19.0,9.4,0.0,45.940243,15.546751
2026-04-20 18:00:00+00:00,426,24,24.0,14.0,0.0,45.51845,13.704866
2026-04-20 01:00:00+00:00,63,1,0.0,8.4,0.0,46.432335,14.134615
2026-04-20 01:00:00+00:00,76,1,0.0,8.0,0.2,46.291737,14.233227
2026-04-20 01:00:00+00:00,106,1,0.0,8.8,0.1,46.22144,14.354067
2026-04-20 01:00:00+00:00,122,1,0.0,10.2,0.2,46.08084,14.45151
2026-04-20 01:00:00+00:00,127,1,0.0,8.1,0.2,46.151142,14.474522
2026-04-20 01:00:00+00:00,129,1,0.0,9.3,0.3,46.010544,14.571429
2026-04-20 01:00:00+00:00,177,1,0.0,6.0,1.2,45.65905,14.88189
2026-04-20 01:00:00+00:00,194,1,0.0,9.2,0.0,46.502636,15.024076
2026-04-20 01:00:00+00:00,236,1,0.0,9.4,1.0,45.79965,15.213271
2026-04-20 01:00:00+00:00,325,1,0.0,10.3,1.9,46.572933,15.62701
2026-04-20 01:00:00+00:00,391,1,0.0,10.2,0.1,46.71353,16.112904
2026-04-20 01:00:00+00:00,422,1,0.0,9.2,0.0,46.22144,15.21531
2026-04-20 01:00:00+00:00,425,1,0.0,10.0,0.1,45.940243,15.546751
2026-04-20 01:00:00+00:00,426,1,0.0,11.7,0.0,45.51845,13.704866
2026-04-20 02:00:00+00:00,63,2,0.0,8.2,0.0,46.432335,14.134615
2026-04-20 02:00:00+00:00,76,2,0.0,7.5,0.1,46.291737,14.233227
2026-04-20 02:00:00+00:00,106,2,0.0,8.4,0.0,46.22144,14.354067
2026-04-20 02:00:00+00:00,122,2,0.0,9.0,2.9,46.08084,14.45151
2026-04-20 02:00:00+00:00,127,2,0.0,7.4,0.1,46.151142,14.474522
2026-04-20 02:00:00+00:00,129,2,0.0,8.3,1.2,46.010544,14.571429
2026-04-20 02:00:00+00:00,177,2,0.0,5.5,1.8,45.65905,14.88189
2026-04-20 02:00:00+00:00,194,2,0.0,9.2,0.0,46.502636,15.024076
2026-04-20 02:00:00+00:00,236,2,0.0,9.1,1.0,45.79965,15.213271
2026-04-20 02:00:00+00:00,325,2,0.0,9.8,0.1,46.572933,15.62701
2026-04-20 02:00:00+00:00,391,2,0.0,9.9,0.0,46.71353,16.112904
2026-04-20 02:00:00+00:00,422,2,0.0,9.0,0.1,46.22144,15.21531
2026-04-20 02:00:00+00:00,425,2,0.0,9.4,0.0,45.940243,15.546751
2026-04-20 02:00:00+00:00,426,2,0.0,11.7,0.0,45.51845,13.704866
2026-04-20 03:00:00+00:00,63,3,0.0,7.6,0.0,46.432335,14.134615
2026-04-20 03:00:00+00:00,76,3,0.0,7.4,0.5,46.291737,14.233227
2026-04-20 03:00:00+00:00,106,3,0.0,8.2,0.0,46.22144,14.354067
2026-04-20 03:00:00+00:00,122,3,0.0,8.5,0.1,46.08084,14.45151
2026-04-20 03:00:00+00:00,127,3,0.0,7.8,0.1,46.151142,14.474522
2026-04-20 03:00:00+00:00,129,3,0.0,7.2,0.5,46.010544,14.571429
2026-04-20 03:00:00+00:00,177,3,0.0,5.6,0.0,45.65905,14.88189
2026-04-20 03:00:00+00:00,194,3,0.0,8.3,0.0,46.502636,15.024076
2026-04-20 03:00:00+00:00,236,3,0.0,9.3,0.6,45.79965,15.213271
2026-04-20 03:00:00+00:00,325,3,0.0,9.7,0.0,46.572933,15.62701
2026-04-20 03:00:00+00:00,391,3,0.0,9.6,0.0,46.71353,16.112904
2026-04-20 03:00:00+00:00,422,3,0.0,8.9,0.0,46.22144,15.21531
2026-04-20 03:00:00+00:00,425,3,0.0,9.4,1.9,45.940243,15.546751
2026-04-20 03:00:00+00:00,426,3,0.0,11.0,0.0,45.51845,13.704866
2026-04-20 06:00:00+00:00,63,6,142.0,9.7,0.0,46.432335,14.134615
2026-04-20 06:00:00+00:00,76,6,113.0,8.6,0.0,46.291737,14.233227
2026-04-20 06:00:00+00:00,106,6,112.0,9.4,0.0,46.22144,14.354067
2026-04-20 06:00:00+00:00,122,6,101.0,9.9,1.5,46.08084,14.45151
2026-04-20 06:00:00+00:00,127,6,113.0,9.2,0.0,46.151142,14.474522
2026-04-20 06:00:00+00:00,129,6,95.0,9.2,0.4,46.010544,14.571429
2026-04-20 06:00:00+00:00,177,6,104.0,6.7,0.9,45.65905,14.88189
2026-04-20 06:00:00+00:00,194,6,129.0,10.1,0.0,46.502636,15.024076
2026-04-20 06:00:00+00:00,236,6,107.0,10.9,1.6,45.79965,15.213271
2026-04-20 06:00:00+00:00,325,6,158.0,10.5,0.1,46.572933,15.62701
2026-04-20 06:00:00+00:00,391,6,177.0,9.7,0.0,46.71353,16.112904
2026-04-20 06:00:00+00:00,422,6,95.0,10.2,0.4,46.22144,15.21531
2026-04-20 06:00:00+00:00,425,6,100.0,10.4,0.7,45.940243,15.546751
2026-04-20 06:00:00+00:00,426,6,125.0,14.0,0.1,45.51845,13.704866
2026-04-20 07:00:00+00:00,63,1,264.0,11.2,0.0,46.432335,14.134615
2026-04-20 07:00:00+00:00,76,1,294.0,11.0,0.0,46.291737,14.233227
2026-04-20 07:00:00+00:00,106,1,291.0,11.1,0.0,46.22144,14.354067
2026-04-20 07:00:00+00:00,122,1,273.0,11.6,0.0,46.08084,14.45151
2026-04-20 07:00:00+00:00,127,1,272.0,10.4,0.0,46.151142,14.474522
2026-04-20 07:00:00+00:00,129,1,232.0,11.2,0.0,46.010544,14.571429
2026-04-20 07:00:00+00:00,177,1,116.0,7.3,1.0,45.65905,14.88189
2026-04-20 07:00:00+00:00,194,1,221.0,11.3,0.0,46.502636,15.024076
2026-04-20 07:00:00+00:00,236,1,149.0,10.8,1.8,45.79965,15.213271
2026-04-20 07:00:00+00:00,325,1,245.0,12.1,0.0,46.572933,15.62701
2026-04-20 07:00:00+00:00,391,1,304.0,11.4,0.0,46.71353,16.112904
2026-04-20 07:00:00+00:00,422,1,245.0,11.8,0.2,46.22144,15.21531
2026-04-20 07:00:00+00:00,425,1,230.0,11.4,1.7,45.940243,15.546751
2026-04-20 07:00:00+00:00,426,1,308.0,16.6,0.0,45.51845,13.704866
2026-04-20 08:00:00+00:00,63,2,443.0,12.5,0.1,46.432335,14.134615
2026-04-20 08:00:00+00:00,76,2,477.0,12.1,0.0,46.291737,14.233227
2026-04-20 08:00:00+00:00,106,2,491.0,12.5,0.0,46.22144,14.354067
2026-04-20 08:00:00+00:00,122,2,496.0,13.9,0.1,46.08084,14.45151
2026-04-20 08:00:00+00:00,127,2,490.0,12.5,0.0,46.151142,14.474522
2026-04-20 08:00:00+00:00,129,2,501.0,13.2,0.0,46.010544,14.571429
2026-04-20 08:00:00+00:00,177,2,304.0,9.3,0.1,45.65905,14.88189
2026-04-20 08:00:00+00:00,194,2,338.0,12.2,0.1,46.502636,15.024076
2026-04-20 08:00:00+00:00,236,2,188.0,11.7,1.0,45.79965,15.213271
2026-04-20 08:00:00+00:00,325,2,344.0,12.5,0.4,46.572933,15.62701
2026-04-20 08:00:00+00:00,391,2,444.0,12.8,0.0,46.71353,16.112904
2026-04-20 08:00:00+00:00,422,2,346.0,13.0,0.1,46.22144,15.21531
2026-04-20 08:00:00+00:00,425,2,244.0,11.9,1.3,45.940243,15.546751
2026-04-20 08:00:00+00:00,426,2,462.0,17.5,0.0,45.51845,13.704866
2026-04-20 09:00:00+00:00,63,3,458.0,13.6,0.1,46.432335,14.134615
2026-04-20 09:00:00+00:00,76,3,499.0,12.5,0.1,46.291737,14.233227
2026-04-20 09:00:00+00:00,106,3,536.0,13.6,0.0,46.22144,14.354067
2026-04-20 09:00:00+00:00,122,3,579.0,15.3,0.0,46.08084,14.45151
2026-04-20 09:00:00+00:00,127,3,557.0,14.1,0.0,46.151142,14.474522
2026-04-20 09:00:00+00:00,129,3,588.0,14.1,0.0,46.010544,14.571429
2026-04-20 09:00:00+00:00,177,3,455.0,10.6,0.1,45.65905,14.88189
2026-04-20 09:00:00+00:00,194,3,229.0,11.4,0.4,46.502636,15.024076
2026-04-20 09:00:00+00:00,236,3,466.0,13.6,0.3,45.79965,15.213271
2026-04-20 09:00:00+00:00,325,3,396.0,12.2,0.9,46.572933,15.62701
2026-04-20 09:00:00+00:00,391,3,462.0,12.9,0.9,46.71353,16.112904
2026-04-20 09:00:00+00:00,422,3,413.0,14.2,0.2,46.22144,15.21531
2026-04-20 09:00:00+00:00,425,3,394.0,13.0,0.1,45.940243,15.546751
2026-04-20 09:00:00+00:00,426,3,458.0,15.9,1.1,45.51845,13.704866
2026-04-20 12:00:00+00:00,63,6,331.0,11.3,3.2,46.432335,14.134615
2026-04-20 12:00:00+00:00,76,6,274.0,11.9,0.1,46.291737,14.233227
2026-04-20 12:00:00+00:00,106,6,287.0,12.9,0.1,46.22144,14.354067
2026-04-20 12:00:00+00:00,122,6,430.0,14.5,0.0,46.08084,14.45151
2026-04-20 12:00:00+00:00,127,6,341.0,12.7,0.2,46.151142,14.474522
2026-04-20 12:00:00+00:00,129,6,385.0,14.2,0.1,46.010544,14.571429
2026-04-20 12:00:00+00:00,177,6,495.0,11.6,0.2,45.65905,14.88189
2026-04-20 12:00:00+00:00,194,6,191.0,10.1,3.6,46.502636,15.024076
2026-04-20 12:00:00+00:00,236,6,361.0,16.0,0.1,45.79965,15.213271
2026-04-20 12:00:00+00:00,325,6,378.0,12.2,0.7,46.572933,15.62701
2026-04-20 12:00:00+00:00,391,6,446.0,13.7,0.0,46.71353,16.112904
2026-04-20 12:00:00+00:00,422,6,163.0,13.2,2.7,46.22144,15.21531
2026-04-20 12:00:00+00:00,425,6,388.0,14.9,0.2,45.940243,15.546751
2026-04-20 12:00:00+00:00,426,6,507.0,16.0,0.1,45.51845,13.704866
2026-04-20 13:00:00+00:00,63,1,602.0,14.3,1.8,46.432335,14.134615
2026-04-20 13:00:00+00:00,76,1,485.0,13.9,0.0,46.291737,14.233227
2026-04-20 13:00:00+00:00,106,1,427.0,12.8,0.4,46.22144,14.354067
2026-04-20 13:00:00+00:00,122,1,388.0,13.0,0.2,46.08084,14.45151
2026-04-20 13:00:00+00:00,127,1,381.0,12.1,0.5,46.151142,14.474522
2026-04-20 13:00:00+00:00,129,1,327.0,12.2,0.0,46.010544,14.571429
2026-04-20 13:00:00+00:00,177,1,420.0,10.6,2.5,45.65905,14.88189
2026-04-20 13:00:00+00:00,194,1,222.0,10.2,3.1,46.502636,15.024076
2026-04-20 13:00:00+00:00,236,1,232.0,12.1,1.9,45.79965,15.213271
2026-04-20 13:00:00+00:00,325,1,536.0,12.0,3.4,46.572933,15.62701
2026-04-20 13:00:00+00:00,391,1,632.0,14.1,0.1,46.71353,16.112904
2026-04-20 13:00:00+00:00,422,1,239.0,10.7,0.1,46.22144,15.21531
2026-04-20 13:00:00+00:00,425,1,371.0,11.2,0.6,45.940243,15.546751
2026-04-20 13:00:00+00:00,426,1,696.0,17.6,0.8,45.51845,13.704866
2026-04-20 14:00:00+00:00,63,2,474.0,12.0,4.4,46.432335,14.134615
2026-04-20 14:00:00+00:00,76,2,499.0,13.3,4.3,46.291737,14.233227
2026-04-20 14:00:00+00:00,106,2,507.0,13.1,0.1,46.22144,14.354067
2026-04-20 14:00:00+00:00,122,2,480.0,13.6,1.2,46.08084,14.45151
2026-04-20 14:00:00+00:00,127,2,484.0,12.8,1.1,46.151142,14.474522
2026-04-20 14:00:00+00:00,129,2,438.0,13.0,0.1,46.010544,14.571429
2026-04-20 14:00:00+00:00,177,2,224.0,7.5,1.6,45.65905,14.88189
2026-04-20 14:00:00+00:00,194,2,204.0,9.9,0.4,46.502636,15.024076
2026-04-20 14:00:00+00:00,236,2,330.0,12.2,0.5,45.79965,15.213271
2026-04-20 14:00:00+00:00,325,2,242.0,11.3,1.3,46.572933,15.62701
2026-04-20 14:00:00+00:00,391,2,477.0,14.1,0.0,46.71353,16.112904
2026-04-20 14:00:00+00:00,422,2,161.0,10.5,0.2,46.22144,15.21531
2026-04-20 14:00:00+00:00,425,2,229.0,10.7,1.6,45.940243,15.546751
2026-04-20 14:00:00+00:00,426,2,525.0,15.4,4.5,45.51845,13.704866
2026-04-20 15:00:00+00:00,63,3,309.0,11.4,1.3,46.432335,14.134615
2026-04-20 15:00:00+00:00,76,3,314.0,11.2,7.2,46.291737,14.233227
2026-04-20 15:00:00+00:00,106,3,290.0,12.0,0.1,46.22144,14.354067
2026-04-20 15:00:00+00:00,122,3,236.0,12.8,1.3,46.08084,14.45151
2026-04-20 15:00:00+00:00,127,3,247.0,11.7,0.0,46.151142,14.474522
2026-04-20 15:00:00+00:00,129,3,269.0,12.5,1.0,46.010544,14.571429
2026-04-20 15:00:00+00:00,177,3,128.0,6.4,2.2,45.65905,14.88189
2026-04-20 15:00:00+00:00,194,3,314.0,10.7,0.2,46.502636,15.024076
2026-04-20 15:00:00+00:00,236,3,183.0,11.6,0.2,45.79965,15.213271
2026-04-20 15:00:00+00:00,325,3,261.0,11.6,0.1,46.572933,15.62701
2026-04-20 15:00:00+00:00,391,3,346.0,13.2,0.0,46.71353,16.112904
2026-04-20 15:00:00+00:00,422,3,196.0,10.6,0.0,46.22144,15.21531
2026-04-20 15:00:00+00:00,425,3,335.0,11.0,0.0,45.940243,15.546751
2026-04-20 15:00:00+00:00,426,3,310.0,15.2,1.1,45.51845,13.704866
2026-04-20 18:00:00+00:00,63,6,19.0,9.3,1.4,46.432335,14.134615
2026-04-20 18:00:00+00:00,76,6,18.0,8.0,3.2,46.291737,14.233227
2026-04-20 18:00:00+00:00,106,6,14.0,8.7,0.2,46.22144,14.354067
2026-04-20 18:00:00+00:00,122,6,9.0,9.8,0.2,46.08084,14.45151
2026-04-20 18:00:00+00:00,127,6,9.0,8.8,0.0,46.151142,14.474522
2026-04-20 18:00:00+00:00,129,6,12.0,9.1,1.1,46.010544,14.571429
2026-04-20 18:00:00+00:00,177,6,12.0,5.2,0.0,45.65905,14.88189
2026-04-20 18:00:00+00:00,194,6,25.0,8.4,0.0,46.502636,15.024076
2026-04-20 18:00:00+00:00,236,6,19.0,9.6,3.4,45.79965,15.213271
2026-04-20 18:00:00+00:00,325,6,22.0,9.3,0.0,46.572933,15.62701
2026-04-20 18:00:00+00:00,391,6,19.0,9.9,0.0,46.71353,16.112904
2026-04-20 18:00:00+00:00,422,6,22.0,9.1,0.0,46.22144,15.21531
2026-04-20 18:00:00+00:00,425,6,15.0,9.2,0.1,45.940243,15.546751
2026-04-20 18:00:00+00:00,426,6,21.0,14.7,0.0,45.51845,13.704866
2026-04-20 19:00:00+00:00,63,1,0.0,8.3,1.5,46.432335,14.134615
2026-04-20 19:00:00+00:00,76,1,0.0,8.2,3.0,46.291737,14.233227
2026-04-20 19:00:00+00:00,106,1,0.0,8.3,0.0,46.22144,14.354067
2026-04-20 19:00:00+00:00,122,1,0.0,9.0,0.3,46.08084,14.45151
2026-04-20 19:00:00+00:00,127,1,0.0,8.0,0.1,46.151142,14.474522
2026-04-20 19:00:00+00:00,129,1,0.0,8.3,0.1,46.010544,14.571429
2026-04-20 19:00:00+00:00,177,1,0.0,4.3,0.3,45.65905,14.88189
2026-04-20 19:00:00+00:00,194,1,0.0,7.5,0.0,46.502636,15.024076
2026-04-20 19:00:00+00:00,236,1,0.0,9.2,0.1,45.79965,15.213271
2026-04-20 19:00:00+00:00,325,1,0.0,8.7,0.0,46.572933,15.62701
2026-04-20 19:00:00+00:00,391,1,0.0,9.4,0.0,46.71353,16.112904
2026-04-20 19:00:00+00:00,422,1,0.0,8.1,0.0,46.22144,15.21531
2026-04-20 19:00:00+00:00,425,1,0.0,8.2,0.0,45.940243,15.546751
2026-04-20 19:00:00+00:00,426,1,0.0,13.9,0.0,45.51845,13.704866
2026-04-20 20:00:00+00:00,63,2,0.0,8.8,0.1,46.432335,14.134615
2026-04-20 20:00:00+00:00,76,2,0.0,8.0,0.6,46.291737,14.233227
2026-04-20 20:00:00+00:00,106,2,0.0,8.4,1.1,46.22144,14.354067
2026-04-20 20:00:00+00:00,122,2,0.0,8.4,0.4,46.08084,14.45151
2026-04-20 20:00:00+00:00,127,2,0.0,7.8,0.0,46.151142,14.474522
2026-04-20 20:00:00+00:00,129,2,0.0,7.5,0.3,46.010544,14.571429
2026-04-20 20:00:00+00:00,177,2,0.0,4.4,2.9,45.65905,14.88189
2026-04-20 20:00:00+00:00,194,2,0.0,7.1,0.0,46.502636,15.024076
2026-04-20 20:00:00+00:00,236,2,0.0,9.0,0.4,45.79965,15.213271
2026-04-20 20:00:00+00:00,325,2,0.0,8.4,0.0,46.572933,15.62701
2026-04-20 20:00:00+00:00,391,2,0.0,8.6,0.0,46.71353,16.112904
2026-04-20 20:00:00+00:00,422,2,0.0,7.3,0.0,46.22144,15.21531
2026-04-20 20:00:00+00:00,425,2,0.0,8.4,0.0,45.940243,15.546751
2026-04-20 20:00:00+00:00,426,2,0.0,13.3,0.0,45.51845,13.704866
2026-04-20 21:00:00+00:00,63,3,0.0,8.6,0.2,46.432335,14.134615
2026-04-20 21:00:00+00:00,76,3,0.0,7.8,0.9,46.291737,14.233227
2026-04-20 21:00:00+00:00,106,3,0.0,8.1,0.2,46.22144,14.354067
2026-04-20 21:00:00+00:00,122,3,0.0,8.4,0.4,46.08084,14.45151
2026-04-20 21:00:00+00:00,127,3,0.0,7.5,0.1,46.151142,14.474522
2026-04-20 21:00:00+00:00,129,3,0.0,7.7,0.5,46.010544,14.571429
2026-04-20 21:00:00+00:00,177,3,0.0,4.4,0.3,45.65905,14.88189
2026-04-20 21:00:00+00:00,194,3,0.0,7.0,0.0,46.502636,15.024076
2026-04-20 21:00:00+00:00,236,3,0.0,8.7,0.0,45.79965,15.213271
2026-04-20 21:00:00+00:00,325,3,0.0,8.8,0.1,46.572933,15.62701
2026-04-20 21:00:00+00:00,391,3,0.0,8.2,0.0,46.71353,16.112904
2026-04-20 21:00:00+00:00,422,3,0.0,7.4,0.0,46.22144,15.21531
2026-04-20 21:00:00+00:00,425,3,0.0,7.9,0.0,45.940243,15.546751
2026-04-20 21:00:00+00:00,426,3,0.0,12.5,2.4,45.51845,13.704866
2026-04-21 00:00:00+00:00,63,6,0.0,6.2,0.0,46.432335,14.134615
2026-04-21 00:00:00+00:00,63,24,0.0,6.2,0.0,46.432335,14.134615
2026-04-21 00:00:00+00:00,76,6,0.0,5.7,0.0,46.291737,14.233227
2026-04-21 00:00:00+00:00,76,24,0.0,4.2,0.0,46.291737,14.233227
2026-04-21 00:00:00+00:00,106,6,0.0,6.7,0.0,46.22144,14.354067
2026-04-21 00:00:00+00:00,106,24,0.0,4.7,0.0,46.22144,14.354067
2026-04-21 00:00:00+00:00,122,6,0.0,7.1,0.0,46.08084,14.45151
2026-04-21 00:00:00+00:00,122,24,0.0,6.1,0.0,46.08084,14.45151
2026-04-21 00:00:00+00:00,127,6,0.0,6.4,0.0,46.151142,14.474522
2026-04-21 00:00:00+00:00,127,24,0.0,4.6,0.0,46.151142,14.474522
2026-04-21 00:00:00+00:00,129,6,0.0,6.0,0.0,46.010544,14.571429
2026-04-21 00:00:00+00:00,129,24,0.0,6.0,0.0,46.010544,14.571429
2026-04-21 00:00:00+00:00,177,6,0.0,3.5,0.0,45.65905,14.88189
2026-04-21 00:00:00+00:00,177,24,0.0,3.3,0.0,45.65905,14.88189
2026-04-21 00:00:00+00:00,194,6,0.0,5.8,0.0,46.502636,15.024076
2026-04-21 00:00:00+00:00,194,24,0.0,5.5,0.0,46.502636,15.024076
2026-04-21 00:00:00+00:00,236,6,0.0,8.3,0.0,45.79965,15.213271
2026-04-21 00:00:00+00:00,236,24,0.0,7.8,0.0,45.79965,15.213271
2026-04-21 00:00:00+00:00,325,6,0.0,7.6,0.1,46.572933,15.62701
2026-04-21 00:00:00+00:00,325,24,0.0,8.4,0.0,46.572933,15.62701
2026-04-21 00:00:00+00:00,391,6,0.0,6.4,0.0,46.71353,16.112904
2026-04-21 00:00:00+00:00,391,24,0.0,7.1,0.0,46.71353,16.112904
2026-04-21 00:00:00+00:00,422,6,0.0,5.9,0.0,46.22144,15.21531
2026-04-21 00:00:00+00:00,422,24,0.0,5.8,0.0,46.22144,15.21531
2026-04-21 00:00:00+00:00,425,6,0.0,7.6,0.0,45.940243,15.546751
2026-04-21 00:00:00+00:00,425,24,0.0,7.3,0.0,45.940243,15.546751
2026-04-21 00:00:00+00:00,426,6,0.0,11.2,0.0,45.51845,13.704866
2026-04-21 00:00:00+00:00,426,24,0.0,11.0,0.0,45.51845,13.704866
2026-04-21 06:00:00+00:00,63,24,127.0,6.8,0.0,46.432335,14.134615
2026-04-21 06:00:00+00:00,76,24,155.0,7.4,0.0,46.291737,14.233227
2026-04-21 06:00:00+00:00,106,24,157.0,8.1,0.0,46.22144,14.354067
2026-04-21 06:00:00+00:00,122,24,137.0,7.5,0.0,46.08084,14.45151
2026-04-21 06:00:00+00:00,127,24,144.0,6.6,0.0,46.151142,14.474522
2026-04-21 06:00:00+00:00,129,24,134.0,7.4,0.0,46.010544,14.571429
2026-04-21 06:00:00+00:00,177,24,160.0,6.1,0.0,45.65905,14.88189
2026-04-21 06:00:00+00:00,194,24,177.0,8.2,0.0,46.502636,15.024076
2026-04-21 06:00:00+00:00,236,24,133.0,7.9,0.0,45.79965,15.213271
2026-04-21 06:00:00+00:00,325,24,187.0,8.7,0.0,46.572933,15.62701
2026-04-21 06:00:00+00:00,391,24,188.0,7.8,0.0,46.71353,16.112904
2026-04-21 06:00:00+00:00,422,24,145.0,6.9,0.0,46.22144,15.21531
2026-04-21 06:00:00+00:00,425,24,146.0,8.2,0.0,45.940243,15.546751
2026-04-21 06:00:00+00:00,426,24,153.0,12.4,0.0,45.51845,13.704866
2026-04-21 12:00:00+00:00,63,24,761.0,13.9,0.0,46.432335,14.134615
2026-04-21 12:00:00+00:00,76,24,785.0,13.9,0.0,46.291737,14.233227
2026-04-21 12:00:00+00:00,106,24,775.0,13.4,0.0,46.22144,14.354067
2026-04-21 12:00:00+00:00,122,24,785.0,15.5,0.0,46.08084,14.45151
2026-04-21 12:00:00+00:00,127,24,759.0,13.7,0.0,46.151142,14.474522
2026-04-21 12:00:00+00:00,129,24,792.0,14.8,0.0,46.010544,14.571429
2026-04-21 12:00:00+00:00,177,24,759.0,11.3,0.0,45.65905,14.88189
2026-04-21 12:00:00+00:00,194,24,681.0,12.2,0.0,46.502636,15.024076
2026-04-21 12:00:00+00:00,236,24,741.0,14.7,0.0,45.79965,15.213271
2026-04-21 12:00:00+00:00,325,24,758.0,14.7,0.0,46.572933,15.62701
2026-04-21 12:00:00+00:00,391,24,675.0,12.7,0.2,46.71353,16.112904
2026-04-21 12:00:00+00:00,422,24,656.0,13.8,0.2,46.22144,15.21531
2026-04-21 12:00:00+00:00,425,24,702.0,14.2,0.0,45.940243,15.546751
2026-04-21 12:00:00+00:00,426,24,820.0,19.5,0.1,45.51845,13.704866
2026-04-21 18:00:00+00:00,63,24,36.0,7.5,0.0,46.432335,14.134615
2026-04-21 18:00:00+00:00,76,24,32.0,5.8,0.0,46.291737,14.233227
2026-04-21 18:00:00+00:00,106,24,28.0,7.7,0.0,46.22144,14.354067
2026-04-21 18:00:00+00:00,122,24,29.0,9.9,0.0,46.08084,14.45151
2026-04-21 18:00:00+00:00,127,24,26.0,8.0,0.0,46.151142,14.474522
2026-04-21 18:00:00+00:00,129,24,31.0,9.6,0.0,46.010544,14.571429
2026-04-21 18:00:00+00:00,177,24,28.0,5.9,0.0,45.65905,14.88189
2026-04-21 18:00:00+00:00,194,24,27.0,8.6,0.0,46.502636,15.024076
2026-04-21 18:00:00+00:00,236,24,28.0,9.1,0.0,45.79965,15.213271
2026-04-21 18:00:00+00:00,325,24,20.0,9.2,0.0,46.572933,15.62701
2026-04-21 18:00:00+00:00,391,24,25.0,9.7,0.0,46.71353,16.112904
2026-04-21 18:00:00+00:00,422,24,28.0,9.5,0.3,46.22144,15.21531
2026-04-21 18:00:00+00:00,425,24,26.0,10.0,0.0,45.940243,15.546751
2026-04-21 18:00:00+00:00,426,24,33.0,14.3,0.0,45.51845,13.704866
2026-04-21 01:00:00+00:00,63,1,0.0,4.2,0.0,46.432335,14.134615
2026-04-21 01:00:00+00:00,76,1,0.0,5.9,0.6,46.291737,14.233227
2026-04-21 01:00:00+00:00,106,1,0.0,7.5,1.7,46.22144,14.354067
2026-04-21 01:00:00+00:00,122,1,0.0,8.3,0.0,46.08084,14.45151
2026-04-21 01:00:00+00:00,127,1,0.0,7.7,0.5,46.151142,14.474522
2026-04-21 01:00:00+00:00,129,1,0.0,7.2,0.0,46.010544,14.571429
2026-04-21 01:00:00+00:00,177,1,0.0,4.3,0.0,45.65905,14.88189
2026-04-21 01:00:00+00:00,194,1,0.0,5.5,0.0,46.502636,15.024076
2026-04-21 01:00:00+00:00,236,1,0.0,7.2,0.0,45.79965,15.213271
2026-04-21 01:00:00+00:00,325,1,0.0,7.9,0.0,46.572933,15.62701
2026-04-21 01:00:00+00:00,391,1,0.0,6.3,0.0,46.71353,16.112904
2026-04-21 01:00:00+00:00,422,1,0.0,6.7,0.0,46.22144,15.21531
2026-04-21 01:00:00+00:00,425,1,0.0,7.4,0.0,45.940243,15.546751
2026-04-21 01:00:00+00:00,426,1,0.0,11.8,0.0,45.51845,13.704866
2026-04-21 02:00:00+00:00,63,2,0.0,3.7,0.4,46.432335,14.134615
2026-04-21 02:00:00+00:00,76,2,0.0,5.5,0.2,46.291737,14.233227
2026-04-21 02:00:00+00:00,106,2,0.0,7.4,0.4,46.22144,14.354067
2026-04-21 02:00:00+00:00,122,2,0.0,8.4,0.0,46.08084,14.45151
2026-04-21 02:00:00+00:00,127,2,0.0,7.5,0.2,46.151142,14.474522
2026-04-21 02:00:00+00:00,129,2,0.0,7.2,0.0,46.010544,14.571429
2026-04-21 02:00:00+00:00,177,2,0.0,3.7,0.0,45.65905,14.88189
2026-04-21 02:00:00+00:00,194,2,0.0,4.9,0.1,46.502636,15.024076
2026-04-21 02:00:00+00:00,236,2,0.0,7.3,0.0,45.79965,15.213271
2026-04-21 02:00:00+00:00,325,2,0.0,7.4,0.0,46.572933,15.62701
2026-04-21 02:00:00+00:00,391,2,0.0,6.7,0.3,46.71353,16.112904
2026-04-21 02:00:00+00:00,422,2,0.0,5.9,0.0,46.22144,15.21531
2026-04-21 02:00:00+00:00,425,2,0.0,7.2,0.0,45.940243,15.546751
2026-04-21 02:00:00+00:00,426,2,0.0,11.2,0.0,45.51845,13.704866
2026-04-21 03:00:00+00:00,63,3,0.0,4.3,0.0,46.432335,14.134615
2026-04-21 03:00:00+00:00,76,3,0.0,5.4,0.5,46.291737,14.233227
2026-04-21 03:00:00+00:00,106,3,0.0,6.8,0.0,46.22144,14.354067
2026-04-21 03:00:00+00:00,122,3,0.0,7.9,0.0,46.08084,14.45151
2026-04-21 03:00:00+00:00,127,3,0.0,6.4,0.0,46.151142,14.474522
2026-04-21 03:00:00+00:00,129,3,0.0,6.9,0.0,46.010544,14.571429
2026-04-21 03:00:00+00:00,177,3,0.0,2.5,0.0,45.65905,14.88189
2026-04-21 03:00:00+00:00,194,3,0.0,4.3,0.0,46.502636,15.024076
2026-04-21 03:00:00+00:00,236,3,0.0,6.9,0.0,45.79965,15.213271
2026-04-21 03:00:00+00:00,325,3,0.0,7.2,0.0,46.572933,15.62701
2026-04-21 03:00:00+00:00,391,3,0.0,6.1,0.5,46.71353,16.112904
2026-04-21 03:00:00+00:00,422,3,0.0,5.6,0.0,46.22144,15.21531
2026-04-21 03:00:00+00:00,425,3,0.0,6.0,0.0,45.940243,15.546751
2026-04-21 03:00:00+00:00,426,3,0.0,10.2,0.0,45.51845,13.704866
2026-04-21 06:00:00+00:00,63,6,104.0,7.2,0.0,46.432335,14.134615
2026-04-21 06:00:00+00:00,76,6,150.0,7.4,0.1,46.291737,14.233227
2026-04-21 06:00:00+00:00,106,6,160.0,8.1,0.0,46.22144,14.354067
2026-04-21 06:00:00+00:00,122,6,123.0,8.5,0.0,46.08084,14.45151
2026-04-21 06:00:00+00:00,127,6,144.0,7.5,0.0,46.151142,14.474522
2026-04-21 06:00:00+00:00,129,6,113.0,8.1,0.0,46.010544,14.571429
2026-04-21 06:00:00+00:00,177,6,118.0,5.1,0.0,45.65905,14.88189
2026-04-21 06:00:00+00:00,194,6,171.0,7.5,0.0,46.502636,15.024076
2026-04-21 06:00:00+00:00,236,6,153.0,8.5,0.1,45.79965,15.213271
2026-04-21 06:00:00+00:00,325,6,150.0,8.5,0.0,46.572933,15.62701
2026-04-21 06:00:00+00:00,391,6,160.0,7.8,0.1,46.71353,16.112904
2026-04-21 06:00:00+00:00,422,6,148.0,7.1,0.0,46.22144,15.21531
2026-04-21 06:00:00+00:00,425,6,138.0,8.3,0.0,45.940243,15.546751
2026-04-21 06:00:00+00:00,426,6,142.0,11.7,0.0,45.51845,13.704866
2026-04-22 00:00:00+00:00,63,24,0.0,3.3,0.0,46.432335,14.134615
2026-04-22 00:00:00+00:00,76,24,0.0,2.8,0.0,46.291737,14.233227
2026-04-22 00:00:00+00:00,106,24,0.0,3.1,0.0,46.22144,14.354067
2026-04-22 00:00:00+00:00,122,24,0.0,4.7,0.0,46.08084,14.45151
2026-04-22 00:00:00+00:00,127,24,0.0,2.5,0.0,46.151142,14.474522
2026-04-22 00:00:00+00:00,129,24,0.0,5.0,0.0,46.010544,14.571429
2026-04-22 00:00:00+00:00,177,24,0.0,3.2,0.0,45.65905,14.88189
2026-04-22 00:00:00+00:00,194,24,0.0,3.2,0.0,46.502636,15.024076
2026-04-22 00:00:00+00:00,236,24,0.0,6.1,0.0,45.79965,15.213271
2026-04-22 00:00:00+00:00,325,24,0.0,6.7,0.0,46.572933,15.62701
2026-04-22 00:00:00+00:00,391,24,0.0,6.2,0.0,46.71353,16.112904
2026-04-22 00:00:00+00:00,422,24,0.0,3.9,0.0,46.22144,15.21531
2026-04-22 00:00:00+00:00,425,24,0.0,6.4,0.0,45.940243,15.546751
2026-04-22 00:00:00+00:00,426,24,0.0,11.0,0.0,45.51845,13.704866
2026-04-21 01:00:00+00:00,63,1,0.0,4.2,0.0,46.432335,14.134615
2026-04-21 01:00:00+00:00,76,1,0.0,5.9,0.6,46.291737,14.233227
2026-04-21 01:00:00+00:00,106,1,0.0,7.5,1.7,46.22144,14.354067
2026-04-21 01:00:00+00:00,122,1,0.0,8.3,0.0,46.08084,14.45151
2026-04-21 01:00:00+00:00,127,1,0.0,7.7,0.5,46.151142,14.474522
2026-04-21 01:00:00+00:00,129,1,0.0,7.2,0.0,46.010544,14.571429
2026-04-21 01:00:00+00:00,177,1,0.0,4.3,0.0,45.65905,14.88189
2026-04-21 01:00:00+00:00,194,1,0.0,5.5,0.0,46.502636,15.024076
2026-04-21 01:00:00+00:00,236,1,0.0,7.2,0.0,45.79965,15.213271
2026-04-21 01:00:00+00:00,325,1,0.0,7.9,0.0,46.572933,15.62701
2026-04-21 01:00:00+00:00,391,1,0.0,6.3,0.0,46.71353,16.112904
2026-04-21 01:00:00+00:00,422,1,0.0,6.7,0.0,46.22144,15.21531
2026-04-21 01:00:00+00:00,425,1,0.0,7.4,0.0,45.940243,15.546751
2026-04-21 01:00:00+00:00,426,1,0.0,11.8,0.0,45.51845,13.704866
2026-04-21 02:00:00+00:00,63,2,0.0,3.7,0.4,46.432335,14.134615
2026-04-21 02:00:00+00:00,76,2,0.0,5.5,0.2,46.291737,14.233227
2026-04-21 02:00:00+00:00,106,2,0.0,7.4,0.4,46.22144,14.354067
2026-04-21 02:00:00+00:00,122,2,0.0,8.4,0.0,46.08084,14.45151
2026-04-21 02:00:00+00:00,127,2,0.0,7.5,0.2,46.151142,14.474522
2026-04-21 02:00:00+00:00,129,2,0.0,7.2,0.0,46.010544,14.571429
2026-04-21 02:00:00+00:00,177,2,0.0,3.7,0.0,45.65905,14.88189
2026-04-21 02:00:00+00:00,194,2,0.0,4.9,0.1,46.502636,15.024076
2026-04-21 02:00:00+00:00,236,2,0.0,7.3,0.0,45.79965,15.213271
2026-04-21 02:00:00+00:00,325,2,0.0,7.4,0.0,46.572933,15.62701
2026-04-21 02:00:00+00:00,391,2,0.0,6.7,0.3,46.71353,16.112904
2026-04-21 02:00:00+00:00,422,2,0.0,5.9,0.0,46.22144,15.21531
2026-04-21 02:00:00+00:00,425,2,0.0,7.2,0.0,45.940243,15.546751
2026-04-21 02:00:00+00:00,426,2,0.0,11.2,0.0,45.51845,13.704866
2026-04-21 03:00:00+00:00,63,3,0.0,4.3,0.0,46.432335,14.134615
2026-04-21 03:00:00+00:00,76,3,0.0,5.4,0.5,46.291737,14.233227
2026-04-21 03:00:00+00:00,106,3,0.0,6.8,0.0,46.22144,14.354067
2026-04-21 03:00:00+00:00,122,3,0.0,7.9,0.0,46.08084,14.45151
2026-04-21 03:00:00+00:00,127,3,0.0,6.4,0.0,46.151142,14.474522
2026-04-21 03:00:00+00:00,129,3,0.0,6.9,0.0,46.010544,14.571429
2026-04-21 03:00:00+00:00,177,3,0.0,2.5,0.0,45.65905,14.88189
2026-04-21 03:00:00+00:00,194,3,0.0,4.3,0.0,46.502636,15.024076
2026-04-21 03:00:00+00:00,236,3,0.0,6.9,0.0,45.79965,15.213271
2026-04-21 03:00:00+00:00,325,3,0.0,7.2,0.0,46.572933,15.62701
2026-04-21 03:00:00+00:00,391,3,0.0,6.1,0.5,46.71353,16.112904
2026-04-21 03:00:00+00:00,422,3,0.0,5.6,0.0,46.22144,15.21531
2026-04-21 03:00:00+00:00,425,3,0.0,6.0,0.0,45.940243,15.546751
2026-04-21 03:00:00+00:00,426,3,0.0,10.2,0.0,45.51845,13.704866
2026-04-21 06:00:00+00:00,63,6,104.0,7.2,0.0,46.432335,14.134615
2026-04-21 06:00:00+00:00,76,6,150.0,7.4,0.1,46.291737,14.233227
2026-04-21 06:00:00+00:00,106,6,160.0,8.1,0.0,46.22144,14.354067
2026-04-21 06:00:00+00:00,122,6,123.0,8.5,0.0,46.08084,14.45151
2026-04-21 06:00:00+00:00,127,6,144.0,7.5,0.0,46.151142,14.474522
2026-04-21 06:00:00+00:00,129,6,113.0,8.1,0.0,46.010544,14.571429
2026-04-21 06:00:00+00:00,177,6,118.0,5.1,0.0,45.65905,14.88189
2026-04-21 06:00:00+00:00,194,6,171.0,7.5,0.0,46.502636,15.024076
2026-04-21 06:00:00+00:00,236,6,153.0,8.5,0.1,45.79965,15.213271
2026-04-21 06:00:00+00:00,325,6,150.0,8.5,0.0,46.572933,15.62701
2026-04-21 06:00:00+00:00,391,6,160.0,7.8,0.1,46.71353,16.112904
2026-04-21 06:00:00+00:00,422,6,148.0,7.1,0.0,46.22144,15.21531
2026-04-21 06:00:00+00:00,425,6,138.0,8.3,0.0,45.940243,15.546751
2026-04-21 06:00:00+00:00,426,6,142.0,11.7,0.0,45.51845,13.704866
2026-04-21 07:00:00+00:00,63,1,221.0,8.4,0.0,46.432335,14.134615
2026-04-21 07:00:00+00:00,76,1,310.0,8.7,0.2,46.291737,14.233227
2026-04-21 07:00:00+00:00,106,1,305.0,9.3,0.1,46.22144,14.354067
2026-04-21 07:00:00+00:00,122,1,248.0,10.1,0.1,46.08084,14.45151
2026-04-21 07:00:00+00:00,127,1,268.0,9.2,0.0,46.151142,14.474522
2026-04-21 07:00:00+00:00,129,1,241.0,9.4,0.0,46.010544,14.571429
2026-04-21 07:00:00+00:00,177,1,256.0,6.6,0.1,45.65905,14.88189
2026-04-21 07:00:00+00:00,194,1,332.0,9.9,0.0,46.502636,15.024076
2026-04-21 07:00:00+00:00,236,1,310.0,10.4,0.0,45.79965,15.213271
2026-04-21 07:00:00+00:00,325,1,269.0,9.3,0.1,46.572933,15.62701
2026-04-21 07:00:00+00:00,391,1,345.0,9.3,0.0,46.71353,16.112904
2026-04-21 07:00:00+00:00,422,1,307.0,9.5,0.0,46.22144,15.21531
2026-04-21 07:00:00+00:00,425,1,318.0,10.1,0.0,45.940243,15.546751
2026-04-21 07:00:00+00:00,426,1,243.0,13.1,0.0,45.51845,13.704866
2026-04-21 08:00:00+00:00,63,2,414.0,9.7,0.1,46.432335,14.134615
2026-04-21 08:00:00+00:00,76,2,488.0,9.8,0.1,46.291737,14.233227
2026-04-21 08:00:00+00:00,106,2,469.0,10.1,0.1,46.22144,14.354067
2026-04-21 08:00:00+00:00,122,2,302.0,11.2,0.0,46.08084,14.45151
2026-04-21 08:00:00+00:00,127,2,387.0,10.3,0.0,46.151142,14.474522
2026-04-21 08:00:00+00:00,129,2,263.0,10.2,0.0,46.010544,14.571429
2026-04-21 08:00:00+00:00,177,2,388.0,7.9,0.1,45.65905,14.88189
2026-04-21 08:00:00+00:00,194,2,476.0,11.2,0.1,46.502636,15.024076
2026-04-21 08:00:00+00:00,236,2,369.0,11.6,0.1,45.79965,15.213271
2026-04-21 08:00:00+00:00,325,2,447.0,10.6,0.1,46.572933,15.62701
2026-04-21 08:00:00+00:00,391,2,518.0,10.8,0.0,46.71353,16.112904
2026-04-21 08:00:00+00:00,422,2,464.0,11.1,0.0,46.22144,15.21531
2026-04-21 08:00:00+00:00,425,2,399.0,10.9,0.0,45.940243,15.546751
2026-04-21 08:00:00+00:00,426,2,401.0,15.0,0.0,45.51845,13.704866
2026-04-21 09:00:00+00:00,63,3,336.0,10.2,0.1,46.432335,14.134615
2026-04-21 09:00:00+00:00,76,3,454.0,10.8,0.1,46.291737,14.233227
2026-04-21 09:00:00+00:00,106,3,463.0,11.5,0.2,46.22144,14.354067
2026-04-21 09:00:00+00:00,122,3,389.0,12.1,0.0,46.08084,14.45151
2026-04-21 09:00:00+00:00,127,3,426.0,11.4,0.0,46.151142,14.474522
2026-04-21 09:00:00+00:00,129,3,425.0,11.4,0.0,46.010544,14.571429
2026-04-21 09:00:00+00:00,177,3,493.0,8.9,0.1,45.65905,14.88189
2026-04-21 09:00:00+00:00,194,3,628.0,12.7,0.1,46.502636,15.024076
2026-04-21 09:00:00+00:00,236,3,329.0,12.2,0.0,45.79965,15.213271
2026-04-21 09:00:00+00:00,325,3,622.0,12.1,0.0,46.572933,15.62701
2026-04-21 09:00:00+00:00,391,3,632.0,12.0,0.0,46.71353,16.112904
2026-04-21 09:00:00+00:00,422,3,600.0,12.0,0.0,46.22144,15.21531
2026-04-21 09:00:00+00:00,425,3,489.0,12.0,0.0,45.940243,15.546751
2026-04-21 09:00:00+00:00,426,3,641.0,17.3,0.0,45.51845,13.704866
2026-04-21 12:00:00+00:00,63,6,762.0,13.6,0.1,46.432335,14.134615
2026-04-21 12:00:00+00:00,76,6,742.0,12.3,0.0,46.291737,14.233227
2026-04-21 12:00:00+00:00,106,6,739.0,12.8,0.0,46.22144,14.354067
2026-04-21 12:00:00+00:00,122,6,712.0,14.9,0.0,46.08084,14.45151
2026-04-21 12:00:00+00:00,127,6,712.0,13.5,0.0,46.151142,14.474522
2026-04-21 12:00:00+00:00,129,6,655.0,14.1,0.1,46.010544,14.571429
2026-04-21 12:00:00+00:00,177,6,694.0,11.3,0.3,45.65905,14.88189
2026-04-21 12:00:00+00:00,194,6,703.0,12.4,0.2,46.502636,15.024076
2026-04-21 12:00:00+00:00,236,6,746.0,15.0,0.2,45.79965,15.213271
2026-04-21 12:00:00+00:00,325,6,504.0,14.2,0.0,46.572933,15.62701
2026-04-21 12:00:00+00:00,391,6,264.0,9.5,1.9,46.71353,16.112904
2026-04-21 12:00:00+00:00,422,6,466.0,10.8,0.7,46.22144,15.21531
2026-04-21 12:00:00+00:00,425,6,766.0,14.4,0.1,45.940243,15.546751
2026-04-21 12:00:00+00:00,426,6,787.0,19.3,0.0,45.51845,13.704866
2026-04-21 13:00:00+00:00,63,1,656.0,13.4,0.1,46.432335,14.134615
2026-04-21 13:00:00+00:00,76,1,401.0,9.7,2.4,46.291737,14.233227
2026-04-21 13:00:00+00:00,106,1,304.0,9.9,1.1,46.22144,14.354067
2026-04-21 13:00:00+00:00,122,1,454.0,12.6,0.4,46.08084,14.45151
2026-04-21 13:00:00+00:00,127,1,362.0,10.7,0.0,46.151142,14.474522
2026-04-21 13:00:00+00:00,129,1,471.0,11.0,0.5,46.010544,14.571429
2026-04-21 13:00:00+00:00,177,1,703.0,10.7,0.1,45.65905,14.88189
2026-04-21 13:00:00+00:00,194,1,417.0,12.4,0.0,46.502636,15.024076
2026-04-21 13:00:00+00:00,236,1,655.0,15.4,0.0,45.79965,15.213271
2026-04-21 13:00:00+00:00,325,1,654.0,12.9,0.3,46.572933,15.62701
2026-04-21 13:00:00+00:00,391,1,540.0,12.3,0.1,46.71353,16.112904
2026-04-21 13:00:00+00:00,422,1,596.0,12.1,0.0,46.22144,15.21531
2026-04-21 13:00:00+00:00,425,1,444.0,11.7,0.2,45.940243,15.546751
2026-04-21 13:00:00+00:00,426,1,673.0,18.5,0.0,45.51845,13.704866
2026-04-21 14:00:00+00:00,63,2,651.0,13.4,0.1,46.432335,14.134615
2026-04-21 14:00:00+00:00,76,2,478.0,10.1,0.3,46.291737,14.233227
2026-04-21 14:00:00+00:00,106,2,375.0,10.5,0.0,46.22144,14.354067
2026-04-21 14:00:00+00:00,122,2,397.0,12.7,0.1,46.08084,14.45151
2026-04-21 14:00:00+00:00,127,2,347.0,10.8,0.0,46.151142,14.474522
2026-04-21 14:00:00+00:00,129,2,459.0,12.1,0.0,46.010544,14.571429
2026-04-21 14:00:00+00:00,177,2,595.0,10.2,0.0,45.65905,14.88189
2026-04-21 14:00:00+00:00,194,2,529.0,11.7,0.2,46.502636,15.024076
2026-04-21 14:00:00+00:00,236,2,420.0,11.3,2.0,45.79965,15.213271
2026-04-21 14:00:00+00:00,325,2,560.0,12.4,0.2,46.572933,15.62701
2026-04-21 14:00:00+00:00,391,2,569.0,13.3,0.0,46.71353,16.112904
2026-04-21 14:00:00+00:00,422,2,400.0,11.6,0.0,46.22144,15.21531
2026-04-21 14:00:00+00:00,425,2,507.0,13.8,0.1,45.940243,15.546751
2026-04-21 14:00:00+00:00,426,2,609.0,17.6,0.0,45.51845,13.704866
2026-04-21 15:00:00+00:00,63,3,474.0,12.9,0.1,46.432335,14.134615
2026-04-21 15:00:00+00:00,76,3,371.0,8.9,1.3,46.291737,14.233227
2026-04-21 15:00:00+00:00,106,3,305.0,9.9,0.0,46.22144,14.354067
2026-04-21 15:00:00+00:00,122,3,356.0,12.1,0.1,46.08084,14.45151
2026-04-21 15:00:00+00:00,127,3,309.0,10.9,0.1,46.151142,14.474522
2026-04-21 15:00:00+00:00,129,3,415.0,12.0,0.3,46.010544,14.571429
2026-04-21 15:00:00+00:00,177,3,419.0,8.2,0.1,45.65905,14.88189
2026-04-21 15:00:00+00:00,194,3,432.0,12.2,0.0,46.502636,15.024076
2026-04-21 15:00:00+00:00,236,3,400.0,12.8,0.0,45.79965,15.213271
2026-04-21 15:00:00+00:00,325,3,406.0,12.4,0.0,46.572933,15.62701
2026-04-21 15:00:00+00:00,391,3,441.0,12.7,0.1,46.71353,16.112904
2026-04-21 15:00:00+00:00,422,3,414.0,10.1,0.0,46.22144,15.21531
2026-04-21 15:00:00+00:00,425,3,396.0,11.5,0.3,45.940243,15.546751
2026-04-21 15:00:00+00:00,426,3,505.0,17.9,0.0,45.51845,13.704866
2026-04-21 18:00:00+00:00,63,6,34.0,6.9,0.0,46.432335,14.134615
2026-04-21 18:00:00+00:00,76,6,35.0,5.7,0.1,46.291737,14.233227
2026-04-21 18:00:00+00:00,106,6,32.0,6.8,0.0,46.22144,14.354067
2026-04-21 18:00:00+00:00,122,6,28.0,9.3,0.0,46.08084,14.45151
2026-04-21 18:00:00+00:00,127,6,28.0,7.6,0.0,46.151142,14.474522
2026-04-21 18:00:00+00:00,129,6,29.0,8.7,0.0,46.010544,14.571429
2026-04-21 18:00:00+00:00,177,6,25.0,4.7,0.0,45.65905,14.88189
2026-04-21 18:00:00+00:00,194,6,31.0,6.9,0.0,46.502636,15.024076
2026-04-21 18:00:00+00:00,236,6,24.0,8.5,0.0,45.79965,15.213271
2026-04-21 18:00:00+00:00,325,6,14.0,8.7,0.3,46.572933,15.62701
2026-04-21 18:00:00+00:00,391,6,24.0,8.9,0.0,46.71353,16.112904
2026-04-21 18:00:00+00:00,422,6,27.0,8.4,0.9,46.22144,15.21531
2026-04-21 18:00:00+00:00,425,6,25.0,9.8,0.0,45.940243,15.546751
2026-04-21 18:00:00+00:00,426,6,33.0,14.2,0.0,45.51845,13.704866
2026-04-21 19:00:00+00:00,63,1,0.0,4.9,0.5,46.432335,14.134615
2026-04-21 19:00:00+00:00,76,1,0.0,6.1,0.4,46.291737,14.233227
2026-04-21 19:00:00+00:00,106,1,0.0,7.1,0.0,46.22144,14.354067
2026-04-21 19:00:00+00:00,122,1,0.0,8.9,0.0,46.08084,14.45151
2026-04-21 19:00:00+00:00,127,1,0.0,6.8,0.0,46.151142,14.474522
2026-04-21 19:00:00+00:00,129,1,0.0,7.9,0.0,46.010544,14.571429
2026-04-21 19:00:00+00:00,177,1,0.0,4.6,0.1,45.65905,14.88189
2026-04-21 19:00:00+00:00,194,1,0.0,6.9,0.0,46.502636,15.024076
2026-04-21 19:00:00+00:00,236,1,0.0,8.3,0.0,45.79965,15.213271
2026-04-21 19:00:00+00:00,325,1,0.0,8.4,0.0,46.572933,15.62701
2026-04-21 19:00:00+00:00,391,1,0.0,8.0,0.0,46.71353,16.112904
2026-04-21 19:00:00+00:00,422,1,0.0,8.2,0.0,46.22144,15.21531
2026-04-21 19:00:00+00:00,425,1,0.0,7.4,0.0,45.940243,15.546751
2026-04-21 19:00:00+00:00,426,1,0.0,13.0,0.0,45.51845,13.704866
2026-04-21 20:00:00+00:00,63,2,0.0,5.6,1.6,46.432335,14.134615
2026-04-21 20:00:00+00:00,76,2,0.0,5.7,0.8,46.291737,14.233227
2026-04-21 20:00:00+00:00,106,2,0.0,7.2,0.5,46.22144,14.354067
2026-04-21 20:00:00+00:00,122,2,0.0,8.2,0.0,46.08084,14.45151
2026-04-21 20:00:00+00:00,127,2,0.0,6.9,0.0,46.151142,14.474522
2026-04-21 20:00:00+00:00,129,2,0.0,7.1,0.0,46.010544,14.571429
2026-04-21 20:00:00+00:00,177,2,0.0,4.0,0.0,45.65905,14.88189
2026-04-21 20:00:00+00:00,194,2,0.0,5.1,0.0,46.502636,15.024076
2026-04-21 20:00:00+00:00,236,2,0.0,6.4,0.0,45.79965,15.213271
2026-04-21 20:00:00+00:00,325,2,0.0,7.7,0.0,46.572933,15.62701
2026-04-21 20:00:00+00:00,391,2,0.0,7.2,0.0,46.71353,16.112904
2026-04-21 20:00:00+00:00,422,2,0.0,6.5,0.0,46.22144,15.21531
2026-04-21 20:00:00+00:00,425,2,0.0,6.5,0.0,45.940243,15.546751
2026-04-21 20:00:00+00:00,426,2,0.0,12.2,0.0,45.51845,13.704866
2026-04-21 21:00:00+00:00,63,3,0.0,5.3,0.0,46.432335,14.134615
2026-04-21 21:00:00+00:00,76,3,0.0,5.5,0.3,46.291737,14.233227
2026-04-21 21:00:00+00:00,106,3,0.0,6.7,0.6,46.22144,14.354067
2026-04-21 21:00:00+00:00,122,3,0.0,7.0,0.0,46.08084,14.45151
2026-04-21 21:00:00+00:00,127,3,0.0,6.4,0.0,46.151142,14.474522
2026-04-21 21:00:00+00:00,129,3,0.0,6.4,0.0,46.010544,14.571429
2026-04-21 21:00:00+00:00,177,3,0.0,3.2,0.0,45.65905,14.88189
2026-04-21 21:00:00+00:00,194,3,0.0,4.3,0.0,46.502636,15.024076
2026-04-21 21:00:00+00:00,236,3,0.0,5.8,0.0,45.79965,15.213271
2026-04-21 21:00:00+00:00,325,3,0.0,6.9,0.0,46.572933,15.62701
2026-04-21 21:00:00+00:00,391,3,0.0,6.9,0.0,46.71353,16.112904
2026-04-21 21:00:00+00:00,422,3,0.0,6.1,0.0,46.22144,15.21531
2026-04-21 21:00:00+00:00,425,3,0.0,6.1,0.0,45.940243,15.546751
2026-04-21 21:00:00+00:00,426,3,0.0,11.4,0.0,45.51845,13.704866
2026-04-22 00:00:00+00:00,63,6,0.0,3.2,0.0,46.432335,14.134615
2026-04-22 00:00:00+00:00,63,24,0.0,3.3,0.0,46.432335,14.134615
2026-04-22 00:00:00+00:00,76,6,0.0,3.3,0.1,46.291737,14.233227
2026-04-22 00:00:00+00:00,76,24,0.0,2.8,0.0,46.291737,14.233227
2026-04-22 00:00:00+00:00,106,6,0.0,4.4,0.0,46.22144,14.354067
2026-04-22 00:00:00+00:00,106,24,0.0,3.1,0.0,46.22144,14.354067
2026-04-22 00:00:00+00:00,122,6,0.0,4.9,0.0,46.08084,14.45151
2026-04-22 00:00:00+00:00,122,24,0.0,4.7,0.0,46.08084,14.45151
2026-04-22 00:00:00+00:00,127,6,0.0,3.5,0.0,46.151142,14.474522
2026-04-22 00:00:00+00:00,127,24,0.0,2.5,0.0,46.151142,14.474522
2026-04-22 00:00:00+00:00,129,6,0.0,4.3,0.0,46.010544,14.571429
2026-04-22 00:00:00+00:00,129,24,0.0,5.0,0.0,46.010544,14.571429
2026-04-22 00:00:00+00:00,177,6,0.0,2.2,0.0,45.65905,14.88189
2026-04-22 00:00:00+00:00,177,24,0.0,3.2,0.0,45.65905,14.88189
2026-04-22 00:00:00+00:00,194,6,0.0,2.3,0.0,46.502636,15.024076
2026-04-22 00:00:00+00:00,194,24,0.0,3.2,0.0,46.502636,15.024076
2026-04-22 00:00:00+00:00,236,6,0.0,5.3,0.0,45.79965,15.213271
2026-04-22 00:00:00+00:00,236,24,0.0,6.1,0.0,45.79965,15.213271
2026-04-22 00:00:00+00:00,325,6,0.0,5.6,0.0,46.572933,15.62701
2026-04-22 00:00:00+00:00,325,24,0.0,6.7,0.0,46.572933,15.62701
2026-04-22 00:00:00+00:00,391,6,0.0,5.6,0.0,46.71353,16.112904
2026-04-22 00:00:00+00:00,391,24,0.0,6.2,0.0,46.71353,16.112904
2026-04-22 00:00:00+00:00,422,6,0.0,3.3,0.0,46.22144,15.21531
2026-04-22 00:00:00+00:00,422,24,0.0,3.9,0.0,46.22144,15.21531
2026-04-22 00:00:00+00:00,425,6,0.0,5.0,0.0,45.940243,15.546751
2026-04-22 00:00:00+00:00,425,24,0.0,6.4,0.0,45.940243,15.546751
2026-04-22 00:00:00+00:00,426,6,0.0,10.2,0.0,45.51845,13.704866
2026-04-22 00:00:00+00:00,426,24,0.0,11.0,0.0,45.51845,13.704866
2026-04-22 06:00:00+00:00,63,24,182.0,5.7,0.0,46.432335,14.134615
2026-04-22 06:00:00+00:00,76,24,181.0,5.7,0.0,46.291737,14.233227
2026-04-22 06:00:00+00:00,106,24,176.0,6.2,0.0,46.22144,14.354067
2026-04-22 06:00:00+00:00,122,24,172.0,5.7,0.0,46.08084,14.45151
2026-04-22 06:00:00+00:00,127,24,172.0,5.3,0.0,46.151142,14.474522
2026-04-22 06:00:00+00:00,129,24,175.0,6.4,0.0,46.010544,14.571429
2026-04-22 06:00:00+00:00,177,24,154.0,3.9,0.0,45.65905,14.88189
2026-04-22 06:00:00+00:00,194,24,186.0,6.7,0.0,46.502636,15.024076
2026-04-22 06:00:00+00:00,236,24,177.0,6.9,0.0,45.79965,15.213271
2026-04-22 06:00:00+00:00,325,24,178.0,7.4,0.0,46.572933,15.62701
2026-04-22 06:00:00+00:00,391,24,194.0,7.3,0.0,46.71353,16.112904
2026-04-22 06:00:00+00:00,422,24,182.0,5.7,0.0,46.22144,15.21531
2026-04-22 06:00:00+00:00,425,24,177.0,7.5,0.0,45.940243,15.546751
2026-04-22 06:00:00+00:00,426,24,162.0,11.1,0.0,45.51845,13.704866
2026-04-22 12:00:00+00:00,63,24,568.0,11.1,0.0,46.432335,14.134615
2026-04-22 12:00:00+00:00,76,24,616.0,12.3,0.0,46.291737,14.233227
2026-04-22 12:00:00+00:00,106,24,617.0,13.3,0.0,46.22144,14.354067
2026-04-22 12:00:00+00:00,122,24,578.0,13.7,0.0,46.08084,14.45151
2026-04-22 12:00:00+00:00,127,24,595.0,12.7,0.0,46.151142,14.474522
2026-04-22 12:00:00+00:00,129,24,583.0,12.4,0.0,46.010544,14.571429
2026-04-22 12:00:00+00:00,177,24,539.0,8.6,0.0,45.65905,14.88189
2026-04-22 12:00:00+00:00,194,24,558.0,11.5,0.0,46.502636,15.024076
2026-04-22 12:00:00+00:00,236,24,657.0,12.5,0.0,45.79965,15.213271
2026-04-22 12:00:00+00:00,325,24,458.0,12.1,0.0,46.572933,15.62701
2026-04-22 12:00:00+00:00,391,24,516.0,12.8,0.0,46.71353,16.112904
2026-04-22 12:00:00+00:00,422,24,761.0,13.4,0.0,46.22144,15.21531
2026-04-22 12:00:00+00:00,425,24,620.0,11.8,0.0,45.940243,15.546751
2026-04-22 12:00:00+00:00,426,24,836.0,16.1,0.0,45.51845,13.704866
2026-04-22 18:00:00+00:00,63,24,44.0,7.9,0.0,46.432335,14.134615
2026-04-22 18:00:00+00:00,76,24,42.0,8.3,0.0,46.291737,14.233227
2026-04-22 18:00:00+00:00,106,24,38.0,9.6,0.0,46.22144,14.354067
2026-04-22 18:00:00+00:00,122,24,36.0,9.8,0.0,46.08084,14.45151
2026-04-22 18:00:00+00:00,127,24,36.0,8.0,0.0,46.151142,14.474522
2026-04-22 18:00:00+00:00,129,24,36.0,8.6,0.0,46.010544,14.571429
2026-04-22 18:00:00+00:00,177,24,34.0,4.1,0.0,45.65905,14.88189
2026-04-22 18:00:00+00:00,194,24,24.0,9.2,0.0,46.502636,15.024076
2026-04-22 18:00:00+00:00,236,24,32.0,8.5,0.0,45.79965,15.213271
2026-04-22 18:00:00+00:00,325,24,20.0,10.3,0.0,46.572933,15.62701
2026-04-22 18:00:00+00:00,391,24,24.0,10.2,0.0,46.71353,16.112904
2026-04-22 18:00:00+00:00,422,24,32.0,8.6,0.0,46.22144,15.21531
2026-04-22 18:00:00+00:00,425,24,30.0,8.2,0.0,45.940243,15.546751
2026-04-22 18:00:00+00:00,426,24,40.0,13.2,0.0,45.51845,13.704866
2026-04-22 01:00:00+00:00,63,1,0.0,4.6,0.0,46.432335,14.134615
2026-04-22 01:00:00+00:00,76,1,0.0,4.7,0.0,46.291737,14.233227
2026-04-22 01:00:00+00:00,106,1,0.0,5.2,0.0,46.22144,14.354067
2026-04-22 01:00:00+00:00,122,1,0.0,5.2,0.0,46.08084,14.45151
2026-04-22 01:00:00+00:00,127,1,0.0,4.0,0.0,46.151142,14.474522
2026-04-22 01:00:00+00:00,129,1,0.0,4.6,0.0,46.010544,14.571429
2026-04-22 01:00:00+00:00,177,1,0.0,2.9,0.0,45.65905,14.88189
2026-04-22 01:00:00+00:00,194,1,0.0,4.0,0.0,46.502636,15.024076
2026-04-22 01:00:00+00:00,236,1,0.0,5.6,0.0,45.79965,15.213271
2026-04-22 01:00:00+00:00,325,1,0.0,6.0,0.0,46.572933,15.62701
2026-04-22 01:00:00+00:00,391,1,0.0,6.3,0.0,46.71353,16.112904
2026-04-22 01:00:00+00:00,422,1,0.0,3.3,0.0,46.22144,15.21531
2026-04-22 01:00:00+00:00,425,1,0.0,5.5,0.0,45.940243,15.546751
2026-04-22 01:00:00+00:00,426,1,0.0,11.2,0.0,45.51845,13.704866
2026-04-22 02:00:00+00:00,63,2,0.0,3.0,0.0,46.432335,14.134615
2026-04-22 02:00:00+00:00,76,2,0.0,3.6,0.0,46.291737,14.233227
2026-04-22 02:00:00+00:00,106,2,0.0,4.8,0.0,46.22144,14.354067
2026-04-22 02:00:00+00:00,122,2,0.0,4.6,0.0,46.08084,14.45151
2026-04-22 02:00:00+00:00,127,2,0.0,3.7,0.0,46.151142,14.474522
2026-04-22 02:00:00+00:00,129,2,0.0,3.8,0.0,46.010544,14.571429
2026-04-22 02:00:00+00:00,177,2,0.0,2.7,0.0,45.65905,14.88189
2026-04-22 02:00:00+00:00,194,2,0.0,3.0,0.0,46.502636,15.024076
2026-04-22 02:00:00+00:00,236,2,0.0,5.0,0.0,45.79965,15.213271
2026-04-22 02:00:00+00:00,325,2,0.0,5.7,0.0,46.572933,15.62701
2026-04-22 02:00:00+00:00,391,2,0.0,6.2,0.0,46.71353,16.112904
2026-04-22 02:00:00+00:00,422,2,0.0,2.6,0.0,46.22144,15.21531
2026-04-22 02:00:00+00:00,425,2,0.0,5.2,0.0,45.940243,15.546751
2026-04-22 02:00:00+00:00,426,2,0.0,10.7,0.0,45.51845,13.704866
2026-04-22 03:00:00+00:00,63,3,0.0,3.1,0.0,46.432335,14.134615
2026-04-22 03:00:00+00:00,76,3,0.0,2.7,0.0,46.291737,14.233227
2026-04-22 03:00:00+00:00,106,3,0.0,3.6,0.0,46.22144,14.354067
2026-04-22 03:00:00+00:00,122,3,0.0,3.7,0.0,46.08084,14.45151
2026-04-22 03:00:00+00:00,127,3,0.0,2.3,0.0,46.151142,14.474522
2026-04-22 03:00:00+00:00,129,3,0.0,3.5,0.0,46.010544,14.571429
2026-04-22 03:00:00+00:00,177,3,0.0,2.5,0.0,45.65905,14.88189
2026-04-22 03:00:00+00:00,194,3,0.0,2.3,0.0,46.502636,15.024076
2026-04-22 03:00:00+00:00,236,3,0.0,4.1,0.0,45.79965,15.213271
2026-04-22 03:00:00+00:00,325,3,0.0,5.4,0.0,46.572933,15.62701
2026-04-22 03:00:00+00:00,391,3,0.0,6.0,0.0,46.71353,16.112904
2026-04-22 03:00:00+00:00,422,3,0.0,2.1,0.0,46.22144,15.21531
2026-04-22 03:00:00+00:00,425,3,0.0,4.9,0.0,45.940243,15.546751
2026-04-22 03:00:00+00:00,426,3,0.0,9.9,0.0,45.51845,13.704866
2026-04-22 06:00:00+00:00,63,6,137.0,4.8,0.0,46.432335,14.134615
2026-04-22 06:00:00+00:00,76,6,146.0,5.1,0.0,46.291737,14.233227
2026-04-22 06:00:00+00:00,106,6,136.0,6.0,0.0,46.22144,14.354067
2026-04-22 06:00:00+00:00,122,6,150.0,5.8,0.0,46.08084,14.45151
2026-04-22 06:00:00+00:00,127,6,134.0,5.2,0.0,46.151142,14.474522
2026-04-22 06:00:00+00:00,129,6,169.0,6.4,0.0,46.010544,14.571429
2026-04-22 06:00:00+00:00,177,6,164.0,4.3,0.0,45.65905,14.88189
2026-04-22 06:00:00+00:00,194,6,187.0,6.3,0.0,46.502636,15.024076
2026-04-22 06:00:00+00:00,236,6,183.0,6.9,0.0,45.79965,15.213271
2026-04-22 06:00:00+00:00,325,6,193.0,7.6,0.0,46.572933,15.62701
2026-04-22 06:00:00+00:00,391,6,196.0,7.6,0.0,46.71353,16.112904
2026-04-22 06:00:00+00:00,422,6,182.0,5.8,0.0,46.22144,15.21531
2026-04-22 06:00:00+00:00,425,6,186.0,7.8,0.0,45.940243,15.546751
2026-04-22 06:00:00+00:00,426,6,147.0,10.9,0.0,45.51845,13.704866
2026-04-22 07:00:00+00:00,63,1,324.0,6.5,0.0,46.432335,14.134615
2026-04-22 07:00:00+00:00,76,1,324.0,7.7,0.0,46.291737,14.233227
2026-04-22 07:00:00+00:00,106,1,298.0,8.7,0.0,46.22144,14.354067
2026-04-22 07:00:00+00:00,122,1,316.0,8.8,0.0,46.08084,14.45151
2026-04-22 07:00:00+00:00,127,1,291.0,8.2,0.0,46.151142,14.474522
2026-04-22 07:00:00+00:00,129,1,345.0,8.9,0.0,46.010544,14.571429
2026-04-22 07:00:00+00:00,177,1,348.0,5.8,0.0,45.65905,14.88189
2026-04-22 07:00:00+00:00,194,1,359.0,8.1,0.0,46.502636,15.024076
2026-04-22 07:00:00+00:00,236,1,366.0,9.2,0.0,45.79965,15.213271
2026-04-22 07:00:00+00:00,325,1,366.0,9.2,0.0,46.572933,15.62701
2026-04-22 07:00:00+00:00,391,1,371.0,10.0,0.0,46.71353,16.112904
2026-04-22 07:00:00+00:00,422,1,369.0,9.1,0.0,46.22144,15.21531
2026-04-22 07:00:00+00:00,425,1,367.0,10.0,0.0,45.940243,15.546751
2026-04-22 07:00:00+00:00,426,1,338.0,12.5,0.0,45.51845,13.704866
2026-04-22 08:00:00+00:00,63,2,524.0,7.9,0.1,46.432335,14.134615
2026-04-22 08:00:00+00:00,76,2,508.0,9.2,0.0,46.291737,14.233227
2026-04-22 08:00:00+00:00,106,2,489.0,10.5,0.2,46.22144,14.354067
2026-04-22 08:00:00+00:00,122,2,509.0,11.2,0.1,46.08084,14.45151
2026-04-22 08:00:00+00:00,127,2,490.0,10.3,0.0,46.151142,14.474522
2026-04-22 08:00:00+00:00,129,2,533.0,10.7,0.0,46.010544,14.571429
2026-04-22 08:00:00+00:00,177,2,533.0,6.7,0.0,45.65905,14.88189
2026-04-22 08:00:00+00:00,194,2,470.0,9.2,0.0,46.502636,15.024076
2026-04-22 08:00:00+00:00,236,2,536.0,10.8,0.0,45.79965,15.213271
2026-04-22 08:00:00+00:00,325,2,468.0,10.2,0.3,46.572933,15.62701
2026-04-22 08:00:00+00:00,391,2,478.0,10.7,0.0,46.71353,16.112904
2026-04-22 08:00:00+00:00,422,2,534.0,10.7,0.4,46.22144,15.21531
2026-04-22 08:00:00+00:00,425,2,523.0,10.9,0.0,45.940243,15.546751
2026-04-22 08:00:00+00:00,426,2,519.0,13.9,0.0,45.51845,13.704866
2026-04-22 09:00:00+00:00,63,3,632.0,9.0,0.0,46.432335,14.134615
2026-04-22 09:00:00+00:00,76,3,625.0,10.7,0.0,46.291737,14.233227
2026-04-22 09:00:00+00:00,106,3,622.0,11.9,0.0,46.22144,14.354067
2026-04-22 09:00:00+00:00,122,3,622.0,12.6,0.0,46.08084,14.45151
2026-04-22 09:00:00+00:00,127,3,620.0,11.5,0.0,46.151142,14.474522
2026-04-22 09:00:00+00:00,129,3,639.0,11.5,0.0,46.010544,14.571429
2026-04-22 09:00:00+00:00,177,3,644.0,7.4,0.0,45.65905,14.88189
2026-04-22 09:00:00+00:00,194,3,637.0,10.8,0.0,46.502636,15.024076
2026-04-22 09:00:00+00:00,236,3,614.0,11.7,0.0,45.79965,15.213271
2026-04-22 09:00:00+00:00,325,3,546.0,11.5,0.0,46.572933,15.62701
2026-04-22 09:00:00+00:00,391,3,577.0,11.5,0.0,46.71353,16.112904
2026-04-22 09:00:00+00:00,422,3,646.0,11.9,0.2,46.22144,15.21531
2026-04-22 09:00:00+00:00,425,3,622.0,11.6,0.0,45.940243,15.546751
2026-04-22 09:00:00+00:00,426,3,672.0,14.9,0.0,45.51845,13.704866
2026-04-22 12:00:00+00:00,63,6,562.0,11.2,0.0,46.432335,14.134615
2026-04-22 12:00:00+00:00,76,6,611.0,12.3,0.0,46.291737,14.233227
2026-04-22 12:00:00+00:00,106,6,607.0,13.3,0.0,46.22144,14.354067
2026-04-22 12:00:00+00:00,122,6,598.0,13.9,0.0,46.08084,14.45151
2026-04-22 12:00:00+00:00,127,6,583.0,12.8,0.0,46.151142,14.474522
2026-04-22 12:00:00+00:00,129,6,553.0,12.5,0.0,46.010544,14.571429
2026-04-22 12:00:00+00:00,177,6,576.0,8.8,0.0,45.65905,14.88189
2026-04-22 12:00:00+00:00,194,6,582.0,12.2,0.0,46.502636,15.024076
2026-04-22 12:00:00+00:00,236,6,653.0,13.1,0.0,45.79965,15.213271
2026-04-22 12:00:00+00:00,325,6,466.0,12.7,0.0,46.572933,15.62701
2026-04-22 12:00:00+00:00,391,6,460.0,12.9,0.0,46.71353,16.112904
2026-04-22 12:00:00+00:00,422,6,615.0,13.3,0.0,46.22144,15.21531
2026-04-22 12:00:00+00:00,425,6,664.0,12.3,0.0,45.940243,15.546751
2026-04-22 12:00:00+00:00,426,6,796.0,16.8,0.0,45.51845,13.704866
2026-04-22 13:00:00+00:00,63,1,521.0,11.3,0.0,46.432335,14.134615
2026-04-22 13:00:00+00:00,76,1,509.0,12.3,0.0,46.291737,14.233227
2026-04-22 13:00:00+00:00,106,1,468.0,13.4,0.0,46.22144,14.354067
2026-04-22 13:00:00+00:00,122,1,492.0,14.3,0.0,46.08084,14.45151
2026-04-22 13:00:00+00:00,127,1,453.0,13.1,0.0,46.151142,14.474522
2026-04-22 13:00:00+00:00,129,1,579.0,13.3,0.0,46.010544,14.571429
2026-04-22 13:00:00+00:00,177,1,633.0,9.1,0.0,45.65905,14.88189
2026-04-22 13:00:00+00:00,194,1,565.0,12.7,0.0,46.502636,15.024076
2026-04-22 13:00:00+00:00,236,1,757.0,13.3,0.0,45.79965,15.213271
2026-04-22 13:00:00+00:00,325,1,425.0,13.0,0.0,46.572933,15.62701
2026-04-22 13:00:00+00:00,391,1,449.0,13.4,0.0,46.71353,16.112904
2026-04-22 13:00:00+00:00,422,1,587.0,13.8,0.0,46.22144,15.21531
2026-04-22 13:00:00+00:00,425,1,660.0,12.8,0.1,45.940243,15.546751
2026-04-22 13:00:00+00:00,426,1,664.0,16.8,0.0,45.51845,13.704866
2026-04-22 14:00:00+00:00,63,2,506.0,12.2,0.0,46.432335,14.134615
2026-04-22 14:00:00+00:00,76,2,488.0,12.9,0.0,46.291737,14.233227
2026-04-22 14:00:00+00:00,106,2,489.0,14.1,0.0,46.22144,14.354067
2026-04-22 14:00:00+00:00,122,2,441.0,14.7,0.0,46.08084,14.45151
2026-04-22 14:00:00+00:00,127,2,470.0,13.7,0.0,46.151142,14.474522
2026-04-22 14:00:00+00:00,129,2,452.0,13.3,0.0,46.010544,14.571429
2026-04-22 14:00:00+00:00,177,2,499.0,8.9,0.0,45.65905,14.88189
2026-04-22 14:00:00+00:00,194,2,444.0,12.9,0.0,46.502636,15.024076
2026-04-22 14:00:00+00:00,236,2,652.0,13.4,0.0,45.79965,15.213271
2026-04-22 14:00:00+00:00,325,2,331.0,13.1,0.0,46.572933,15.62701
2026-04-22 14:00:00+00:00,391,2,361.0,13.2,0.0,46.71353,16.112904
2026-04-22 14:00:00+00:00,422,2,553.0,13.9,0.0,46.22144,15.21531
2026-04-22 14:00:00+00:00,425,2,587.0,13.2,0.0,45.940243,15.546751
2026-04-22 14:00:00+00:00,426,2,626.0,16.7,0.0,45.51845,13.704866
2026-04-22 15:00:00+00:00,63,3,453.0,12.3,0.0,46.432335,14.134615
2026-04-22 15:00:00+00:00,76,3,421.0,13.1,0.0,46.291737,14.233227
2026-04-22 15:00:00+00:00,106,3,379.0,14.0,0.0,46.22144,14.354067
2026-04-22 15:00:00+00:00,122,3,306.0,14.5,0.0,46.08084,14.45151
2026-04-22 15:00:00+00:00,127,3,327.0,13.3,0.0,46.151142,14.474522
2026-04-22 15:00:00+00:00,129,3,302.0,13.0,0.0,46.010544,14.571429
2026-04-22 15:00:00+00:00,177,3,344.0,8.6,0.0,45.65905,14.88189
2026-04-22 15:00:00+00:00,194,3,266.0,12.6,0.0,46.502636,15.024076
2026-04-22 15:00:00+00:00,236,3,476.0,13.2,0.0,45.79965,15.213271
2026-04-22 15:00:00+00:00,325,3,241.0,13.1,0.0,46.572933,15.62701
2026-04-22 15:00:00+00:00,391,3,222.0,12.9,0.0,46.71353,16.112904
2026-04-22 15:00:00+00:00,422,3,333.0,13.5,0.0,46.22144,15.21531
2026-04-22 15:00:00+00:00,425,3,441.0,13.3,0.0,45.940243,15.546751
2026-04-22 15:00:00+00:00,426,3,542.0,16.8,0.0,45.51845,13.704866
2026-04-22 18:00:00+00:00,63,6,39.0,9.1,0.0,46.432335,14.134615
2026-04-22 18:00:00+00:00,76,6,40.0,9.0,0.0,46.291737,14.233227
2026-04-22 18:00:00+00:00,106,6,39.0,8.6,0.0,46.22144,14.354067
2026-04-22 18:00:00+00:00,122,6,37.0,9.9,0.0,46.08084,14.45151
2026-04-22 18:00:00+00:00,127,6,37.0,7.6,0.0,46.151142,14.474522
2026-04-22 18:00:00+00:00,129,6,36.0,8.4,0.0,46.010544,14.571429
2026-04-22 18:00:00+00:00,177,6,34.0,4.5,0.0,45.65905,14.88189
2026-04-22 18:00:00+00:00,194,6,18.0,10.3,0.0,46.502636,15.024076
2026-04-22 18:00:00+00:00,236,6,32.0,8.7,0.0,45.79965,15.213271
2026-04-22 18:00:00+00:00,325,6,17.0,10.8,0.0,46.572933,15.62701
2026-04-22 18:00:00+00:00,391,6,17.0,10.5,0.0,46.71353,16.112904
2026-04-22 18:00:00+00:00,422,6,28.0,9.6,0.0,46.22144,15.21531
2026-04-22 18:00:00+00:00,425,6,30.0,8.7,0.0,45.940243,15.546751
2026-04-22 18:00:00+00:00,426,6,41.0,12.9,0.0,45.51845,13.704866
2026-04-22 19:00:00+00:00,63,1,0.0,8.9,0.0,46.432335,14.134615
2026-04-22 19:00:00+00:00,76,1,0.0,8.2,0.0,46.291737,14.233227
2026-04-22 19:00:00+00:00,106,1,0.0,9.0,0.0,46.22144,14.354067
2026-04-22 19:00:00+00:00,122,1,0.0,8.3,0.0,46.08084,14.45151
2026-04-22 19:00:00+00:00,127,1,0.0,7.7,0.0,46.151142,14.474522
2026-04-22 19:00:00+00:00,129,1,0.0,6.9,0.0,46.010544,14.571429
2026-04-22 19:00:00+00:00,177,1,0.0,3.4,0.0,45.65905,14.88189
2026-04-22 19:00:00+00:00,194,1,0.0,7.3,0.0,46.502636,15.024076
2026-04-22 19:00:00+00:00,236,1,0.0,7.6,0.0,45.79965,15.213271
2026-04-22 19:00:00+00:00,325,1,0.0,10.3,0.0,46.572933,15.62701
2026-04-22 19:00:00+00:00,391,1,0.0,9.6,0.0,46.71353,16.112904
2026-04-22 19:00:00+00:00,422,1,0.0,8.6,0.0,46.22144,15.21531
2026-04-22 19:00:00+00:00,425,1,0.0,9.1,0.0,45.940243,15.546751
2026-04-22 19:00:00+00:00,426,1,0.0,11.5,0.0,45.51845,13.704866
2026-04-22 20:00:00+00:00,63,2,0.0,6.6,0.0,46.432335,14.134615
2026-04-22 20:00:00+00:00,76,2,0.0,6.6,0.0,46.291737,14.233227
2026-04-22 20:00:00+00:00,106,2,0.0,8.2,0.0,46.22144,14.354067
2026-04-22 20:00:00+00:00,122,2,0.0,7.6,0.0,46.08084,14.45151
2026-04-22 20:00:00+00:00,127,2,0.0,7.2,0.0,46.151142,14.474522
2026-04-22 20:00:00+00:00,129,2,0.0,5.2,0.0,46.010544,14.571429
2026-04-22 20:00:00+00:00,177,2,0.0,2.2,0.0,45.65905,14.88189
2026-04-22 20:00:00+00:00,194,2,0.0,7.1,0.0,46.502636,15.024076
2026-04-22 20:00:00+00:00,236,2,0.0,6.0,0.0,45.79965,15.213271
2026-04-22 20:00:00+00:00,325,2,0.0,9.9,0.0,46.572933,15.62701
2026-04-22 20:00:00+00:00,391,2,0.0,8.2,0.0,46.71353,16.112904
2026-04-22 20:00:00+00:00,422,2,0.0,7.3,0.0,46.22144,15.21531
2026-04-22 20:00:00+00:00,425,2,0.0,8.2,0.0,45.940243,15.546751
2026-04-22 20:00:00+00:00,426,2,0.0,9.5,0.0,45.51845,13.704866
2026-04-22 21:00:00+00:00,63,3,0.0,5.2,0.0,46.432335,14.134615
2026-04-22 21:00:00+00:00,76,3,0.0,4.1,0.0,46.291737,14.233227
2026-04-22 21:00:00+00:00,106,3,0.0,6.5,0.0,46.22144,14.354067
2026-04-22 21:00:00+00:00,122,3,0.0,6.5,0.0,46.08084,14.45151
2026-04-22 21:00:00+00:00,127,3,0.0,6.1,0.0,46.151142,14.474522
2026-04-22 21:00:00+00:00,129,3,0.0,4.6,0.0,46.010544,14.571429
2026-04-22 21:00:00+00:00,177,3,0.0,1.3,0.0,45.65905,14.88189
2026-04-22 21:00:00+00:00,194,3,0.0,6.3,0.0,46.502636,15.024076
2026-04-22 21:00:00+00:00,236,3,0.0,4.7,0.0,45.79965,15.213271
2026-04-22 21:00:00+00:00,325,3,0.0,9.0,0.0,46.572933,15.62701
2026-04-22 21:00:00+00:00,391,3,0.0,8.3,0.0,46.71353,16.112904
2026-04-22 21:00:00+00:00,422,3,0.0,6.9,0.0,46.22144,15.21531
2026-04-22 21:00:00+00:00,425,3,0.0,7.0,0.0,45.940243,15.546751
2026-04-22 21:00:00+00:00,426,3,0.0,10.0,0.0,45.51845,13.704866
2026-04-23 00:00:00+00:00,63,6,0.0,4.3,0.0,46.432335,14.134615
2026-04-23 00:00:00+00:00,63,24,0.0,3.9,0.0,46.432335,14.134615
2026-04-23 00:00:00+00:00,76,6,0.0,1.8,0.0,46.291737,14.233227
2026-04-23 00:00:00+00:00,76,24,0.0,1.9,0.0,46.291737,14.233227
2026-04-23 00:00:00+00:00,106,6,0.0,2.4,0.0,46.22144,14.354067
2026-04-23 00:00:00+00:00,106,24,0.0,2.0,0.0,46.22144,14.354067
2026-04-23 00:00:00+00:00,122,6,0.0,2.4,0.0,46.08084,14.45151
2026-04-23 00:00:00+00:00,122,24,0.0,2.6,0.0,46.08084,14.45151
2026-04-23 00:00:00+00:00,127,6,0.0,1.3,0.0,46.151142,14.474522
2026-04-23 00:00:00+00:00,127,24,0.0,0.8,0.0,46.151142,14.474522
2026-04-23 00:00:00+00:00,129,6,0.0,3.8,0.0,46.010544,14.571429
2026-04-23 00:00:00+00:00,129,24,0.0,3.7,0.0,46.010544,14.571429
2026-04-23 00:00:00+00:00,177,6,0.0,1.2,0.0,45.65905,14.88189
2026-04-23 00:00:00+00:00,177,24,0.0,1.6,0.0,45.65905,14.88189
2026-04-23 00:00:00+00:00,194,6,0.0,4.6,0.0,46.502636,15.024076
2026-04-23 00:00:00+00:00,194,24,0.0,3.8,0.0,46.502636,15.024076
2026-04-23 00:00:00+00:00,236,6,0.0,3.8,0.0,45.79965,15.213271
2026-04-23 00:00:00+00:00,236,24,0.0,4.3,0.0,45.79965,15.213271
2026-04-23 00:00:00+00:00,325,6,0.0,7.8,0.0,46.572933,15.62701
2026-04-23 00:00:00+00:00,325,24,0.0,7.4,0.0,46.572933,15.62701
2026-04-23 00:00:00+00:00,391,6,0.0,5.8,0.0,46.71353,16.112904
2026-04-23 00:00:00+00:00,391,24,0.0,6.4,0.0,46.71353,16.112904
2026-04-23 00:00:00+00:00,422,6,0.0,4.0,0.0,46.22144,15.21531
2026-04-23 00:00:00+00:00,422,24,0.0,3.5,0.0,46.22144,15.21531
2026-04-23 00:00:00+00:00,425,6,0.0,4.3,0.0,45.940243,15.546751
2026-04-23 00:00:00+00:00,425,24,0.0,3.4,0.0,45.940243,15.546751
2026-04-23 00:00:00+00:00,426,6,0.0,6.9,0.0,45.51845,13.704866
2026-04-23 00:00:00+00:00,426,24,0.0,7.8,0.0,45.51845,13.704866
2026-04-23 06:00:00+00:00,63,24,192.0,7.9,0.0,46.432335,14.134615
2026-04-23 06:00:00+00:00,76,24,191.0,6.9,0.0,46.291737,14.233227
2026-04-23 06:00:00+00:00,106,24,185.0,6.7,0.0,46.22144,14.354067
2026-04-23 06:00:00+00:00,122,24,181.0,4.6,0.0,46.08084,14.45151
2026-04-23 06:00:00+00:00,127,24,181.0,4.3,0.0,46.151142,14.474522
2026-04-23 06:00:00+00:00,129,24,184.0,4.5,0.0,46.010544,14.571429
2026-04-23 06:00:00+00:00,177,24,190.0,6.1,0.0,45.65905,14.88189
2026-04-23 06:00:00+00:00,194,24,193.0,7.0,0.0,46.502636,15.024076
2026-04-23 06:00:00+00:00,236,24,190.0,6.1,0.0,45.79965,15.213271
2026-04-23 06:00:00+00:00,325,24,194.0,10.2,0.0,46.572933,15.62701
2026-04-23 06:00:00+00:00,391,24,198.0,9.2,0.0,46.71353,16.112904
2026-04-23 06:00:00+00:00,422,24,191.0,5.9,0.0,46.22144,15.21531
2026-04-23 06:00:00+00:00,425,24,193.0,7.1,0.0,45.940243,15.546751
2026-04-23 06:00:00+00:00,426,24,169.0,9.9,0.0,45.51845,13.704866
2026-04-23 12:00:00+00:00,63,24,868.0,16.7,0.0,46.432335,14.134615
2026-04-23 12:00:00+00:00,76,24,865.0,17.7,0.0,46.291737,14.233227
2026-04-23 12:00:00+00:00,106,24,852.0,18.4,0.0,46.22144,14.354067
2026-04-23 12:00:00+00:00,122,24,841.0,18.7,0.0,46.08084,14.45151
2026-04-23 12:00:00+00:00,127,24,841.0,17.0,0.0,46.151142,14.474522
2026-04-23 12:00:00+00:00,129,24,842.0,16.8,0.0,46.010544,14.571429
2026-04-23 12:00:00+00:00,177,24,848.0,13.0,0.0,45.65905,14.88189
2026-04-23 12:00:00+00:00,194,24,772.0,17.5,0.0,46.502636,15.024076
2026-04-23 12:00:00+00:00,236,24,839.0,16.7,0.0,45.79965,15.213271
2026-04-23 12:00:00+00:00,325,24,716.0,17.8,0.0,46.572933,15.62701
2026-04-23 12:00:00+00:00,391,24,643.0,17.1,0.0,46.71353,16.112904
2026-04-23 12:00:00+00:00,422,24,819.0,17.4,0.0,46.22144,15.21531
2026-04-23 12:00:00+00:00,425,24,823.0,17.1,0.0,45.940243,15.546751
2026-04-23 12:00:00+00:00,426,24,846.0,16.3,0.0,45.51845,13.704866
2026-04-23 18:00:00+00:00,63,24,35.0,12.4,0.0,46.432335,14.134615
2026-04-23 18:00:00+00:00,76,24,38.0,13.0,0.0,46.291737,14.233227
2026-04-23 18:00:00+00:00,106,24,38.0,13.3,0.0,46.22144,14.354067
2026-04-23 18:00:00+00:00,122,24,38.0,13.6,0.0,46.08084,14.45151
2026-04-23 18:00:00+00:00,127,24,37.0,12.9,0.0,46.151142,14.474522
2026-04-23 18:00:00+00:00,129,24,38.0,11.1,0.0,46.010544,14.571429
2026-04-23 18:00:00+00:00,177,24,31.0,8.0,0.0,45.65905,14.88189
2026-04-23 18:00:00+00:00,194,24,36.0,12.2,0.0,46.502636,15.024076
2026-04-23 18:00:00+00:00,236,24,33.0,12.6,0.0,45.79965,15.213271
2026-04-23 18:00:00+00:00,325,24,27.0,14.0,0.0,46.572933,15.62701
2026-04-23 18:00:00+00:00,391,24,22.0,14.0,0.0,46.71353,16.112904
2026-04-23 18:00:00+00:00,422,24,35.0,11.6,0.0,46.22144,15.21531
2026-04-23 18:00:00+00:00,425,24,30.0,11.9,0.0,45.940243,15.546751
2026-04-23 18:00:00+00:00,426,24,40.0,13.0,0.0,45.51845,13.704866
2026-04-23 01:00:00+00:00,63,1,0.0,3.7,0.0,46.432335,14.134615
2026-04-23 01:00:00+00:00,76,1,0.0,1.3,0.0,46.291737,14.233227
2026-04-23 01:00:00+00:00,106,1,0.0,1.8,0.0,46.22144,14.354067
2026-04-23 01:00:00+00:00,122,1,0.0,0.6,0.0,46.08084,14.45151
2026-04-23 01:00:00+00:00,127,1,0.0,0.0,0.0,46.151142,14.474522
2026-04-23 01:00:00+00:00,129,1,0.0,2.1,0.0,46.010544,14.571429
2026-04-23 01:00:00+00:00,177,1,0.0,1.0,0.0,45.65905,14.88189
2026-04-23 01:00:00+00:00,194,1,0.0,3.0,0.0,46.502636,15.024076
2026-04-23 01:00:00+00:00,236,1,0.0,2.6,0.0,45.79965,15.213271
2026-04-23 01:00:00+00:00,325,1,0.0,7.7,0.0,46.572933,15.62701
2026-04-23 01:00:00+00:00,391,1,0.0,5.5,0.0,46.71353,16.112904
2026-04-23 01:00:00+00:00,422,1,0.0,2.0,0.0,46.22144,15.21531
2026-04-23 01:00:00+00:00,425,1,0.0,2.7,0.0,45.940243,15.546751
2026-04-23 01:00:00+00:00,426,1,0.0,6.1,0.0,45.51845,13.704866
2026-04-23 02:00:00+00:00,63,2,0.0,3.3,0.0,46.432335,14.134615
2026-04-23 02:00:00+00:00,76,2,0.0,1.1,0.0,46.291737,14.233227
2026-04-23 02:00:00+00:00,106,2,0.0,1.8,0.0,46.22144,14.354067
2026-04-23 02:00:00+00:00,122,2,0.0,0.1,0.0,46.08084,14.45151
2026-04-23 02:00:00+00:00,127,2,0.0,0.0,0.0,46.151142,14.474522
2026-04-23 02:00:00+00:00,129,2,0.0,1.9,0.0,46.010544,14.571429
2026-04-23 02:00:00+00:00,177,2,0.0,0.9,0.0,45.65905,14.88189
2026-04-23 02:00:00+00:00,194,2,0.0,2.7,0.0,46.502636,15.024076
2026-04-23 02:00:00+00:00,236,2,0.0,2.0,0.0,45.79965,15.213271
2026-04-23 02:00:00+00:00,325,2,0.0,8.0,0.0,46.572933,15.62701
2026-04-23 02:00:00+00:00,391,2,0.0,5.5,0.0,46.71353,16.112904
2026-04-23 02:00:00+00:00,422,2,0.0,1.8,0.0,46.22144,15.21531
2026-04-23 02:00:00+00:00,425,2,0.0,2.4,0.0,45.940243,15.546751
2026-04-23 02:00:00+00:00,426,2,0.0,6.0,0.0,45.51845,13.704866
2026-04-23 03:00:00+00:00,63,3,0.0,2.8,0.0,46.432335,14.134615
2026-04-23 03:00:00+00:00,76,3,0.0,0.7,0.0,46.291737,14.233227
2026-04-23 03:00:00+00:00,106,3,0.0,1.6,0.0,46.22144,14.354067
2026-04-23 03:00:00+00:00,122,3,0.0,-0.4,0.0,46.08084,14.45151
2026-04-23 03:00:00+00:00,127,3,0.0,-0.1,0.0,46.151142,14.474522
2026-04-23 03:00:00+00:00,129,3,0.0,1.3,0.0,46.010544,14.571429
2026-04-23 03:00:00+00:00,177,3,0.0,0.9,0.0,45.65905,14.88189
2026-04-23 03:00:00+00:00,194,3,0.0,2.4,0.0,46.502636,15.024076
2026-04-23 03:00:00+00:00,236,3,0.0,1.8,0.0,45.79965,15.213271
2026-04-23 03:00:00+00:00,325,3,0.0,8.1,0.0,46.572933,15.62701
2026-04-23 03:00:00+00:00,391,3,0.0,5.8,0.0,46.71353,16.112904
2026-04-23 03:00:00+00:00,422,3,0.0,1.6,0.0,46.22144,15.21531
2026-04-23 03:00:00+00:00,425,3,0.0,2.2,0.0,45.940243,15.546751
2026-04-23 03:00:00+00:00,426,3,0.0,5.4,0.0,45.51845,13.704866
2026-04-23 06:00:00+00:00,63,6,192.0,8.2,0.0,46.432335,14.134615
2026-04-23 06:00:00+00:00,76,6,191.0,6.9,0.0,46.291737,14.233227
2026-04-23 06:00:00+00:00,106,6,184.0,6.8,0.0,46.22144,14.354067
2026-04-23 06:00:00+00:00,122,6,180.0,4.3,0.0,46.08084,14.45151
2026-04-23 06:00:00+00:00,127,6,180.0,4.1,0.0,46.151142,14.474522
2026-04-23 06:00:00+00:00,129,6,183.0,4.1,0.0,46.010544,14.571429
2026-04-23 06:00:00+00:00,177,6,190.0,6.1,0.0,45.65905,14.88189
2026-04-23 06:00:00+00:00,194,6,195.0,7.3,0.0,46.502636,15.024076
2026-04-23 06:00:00+00:00,236,6,190.0,6.0,0.0,45.79965,15.213271
2026-04-23 06:00:00+00:00,325,6,198.0,11.0,0.0,46.572933,15.62701
2026-04-23 06:00:00+00:00,391,6,202.0,9.2,0.0,46.71353,16.112904
2026-04-23 06:00:00+00:00,422,6,192.0,5.6,0.0,46.22144,15.21531
2026-04-23 06:00:00+00:00,425,6,190.0,6.8,0.0,45.940243,15.546751
2026-04-23 06:00:00+00:00,426,6,169.0,10.2,0.0,45.51845,13.704866
2026-04-23 07:00:00+00:00,63,1,381.0,9.8,0.0,46.432335,14.134615
2026-04-23 07:00:00+00:00,76,1,378.0,10.5,0.0,46.291737,14.233227
2026-04-23 07:00:00+00:00,106,1,368.0,10.4,0.0,46.22144,14.354067
2026-04-23 07:00:00+00:00,122,1,362.0,7.5,0.0,46.08084,14.45151
2026-04-23 07:00:00+00:00,127,1,362.0,6.7,0.0,46.151142,14.474522
2026-04-23 07:00:00+00:00,129,1,366.0,6.6,0.0,46.010544,14.571429
2026-04-23 07:00:00+00:00,177,1,376.0,8.2,0.0,45.65905,14.88189
2026-04-23 07:00:00+00:00,194,1,377.0,9.3,0.0,46.502636,15.024076
2026-04-23 07:00:00+00:00,236,1,375.0,9.0,0.0,45.79965,15.213271
2026-04-23 07:00:00+00:00,325,1,382.0,12.7,0.0,46.572933,15.62701
2026-04-23 07:00:00+00:00,391,1,378.0,11.6,0.0,46.71353,16.112904
2026-04-23 07:00:00+00:00,422,1,376.0,8.7,0.0,46.22144,15.21531
2026-04-23 07:00:00+00:00,425,1,376.0,10.1,0.0,45.940243,15.546751
2026-04-23 07:00:00+00:00,426,1,349.0,13.6,0.0,45.51845,13.704866
2026-04-23 08:00:00+00:00,63,2,562.0,11.5,0.0,46.432335,14.134615
2026-04-23 08:00:00+00:00,76,2,557.0,12.4,0.0,46.291737,14.233227
2026-04-23 08:00:00+00:00,106,2,547.0,12.8,0.0,46.22144,14.354067
2026-04-23 08:00:00+00:00,122,2,540.0,11.3,0.0,46.08084,14.45151
2026-04-23 08:00:00+00:00,127,2,539.0,9.9,0.0,46.151142,14.474522
2026-04-23 08:00:00+00:00,129,2,543.0,10.2,0.0,46.010544,14.571429
2026-04-23 08:00:00+00:00,177,2,555.0,9.6,0.0,45.65905,14.88189
2026-04-23 08:00:00+00:00,194,2,549.0,11.2,0.0,46.502636,15.024076
2026-04-23 08:00:00+00:00,236,2,553.0,12.1,0.0,45.79965,15.213271
2026-04-23 08:00:00+00:00,325,2,557.0,13.5,0.0,46.572933,15.62701
2026-04-23 08:00:00+00:00,391,2,549.0,13.7,0.0,46.71353,16.112904
2026-04-23 08:00:00+00:00,422,2,553.0,12.2,0.0,46.22144,15.21531
2026-04-23 08:00:00+00:00,425,2,549.0,13.2,0.0,45.940243,15.546751
2026-04-23 08:00:00+00:00,426,2,527.0,14.6,0.0,45.51845,13.704866
2026-04-23 09:00:00+00:00,63,3,712.0,13.3,0.0,46.432335,14.134615
2026-04-23 09:00:00+00:00,76,3,704.0,14.2,0.0,46.291737,14.233227
2026-04-23 09:00:00+00:00,106,3,692.0,14.8,0.0,46.22144,14.354067
2026-04-23 09:00:00+00:00,122,3,687.0,14.2,0.0,46.08084,14.45151
2026-04-23 09:00:00+00:00,127,3,684.0,12.8,0.0,46.151142,14.474522
2026-04-23 09:00:00+00:00,129,3,692.0,13.1,0.0,46.010544,14.571429
2026-04-23 09:00:00+00:00,177,3,705.0,10.6,0.0,45.65905,14.88189
2026-04-23 09:00:00+00:00,194,3,698.0,13.1,0.0,46.502636,15.024076
2026-04-23 09:00:00+00:00,236,3,701.0,14.2,0.0,45.79965,15.213271
2026-04-23 09:00:00+00:00,325,3,697.0,14.9,0.0,46.572933,15.62701
2026-04-23 09:00:00+00:00,391,3,679.0,14.9,0.0,46.71353,16.112904
2026-04-23 09:00:00+00:00,422,3,697.0,14.1,0.0,46.22144,15.21531
2026-04-23 09:00:00+00:00,425,3,694.0,14.9,0.0,45.940243,15.546751
2026-04-23 09:00:00+00:00,426,3,679.0,15.3,0.0,45.51845,13.704866
2026-04-23 12:00:00+00:00,63,6,872.0,16.9,0.0,46.432335,14.134615
2026-04-23 12:00:00+00:00,76,6,869.0,17.6,0.0,46.291737,14.233227
2026-04-23 12:00:00+00:00,106,6,856.0,18.5,0.0,46.22144,14.354067
2026-04-23 12:00:00+00:00,122,6,841.0,19.1,0.0,46.08084,14.45151
2026-04-23 12:00:00+00:00,127,6,843.0,17.6,0.0,46.151142,14.474522
2026-04-23 12:00:00+00:00,129,6,840.0,17.1,0.0,46.010544,14.571429
2026-04-23 12:00:00+00:00,177,6,853.0,13.5,0.0,45.65905,14.88189
2026-04-23 12:00:00+00:00,194,6,811.0,17.5,0.0,46.502636,15.024076
2026-04-23 12:00:00+00:00,236,6,844.0,16.6,0.0,45.79965,15.213271
2026-04-23 12:00:00+00:00,325,6,780.0,18.1,0.0,46.572933,15.62701
2026-04-23 12:00:00+00:00,391,6,752.0,17.9,0.0,46.71353,16.112904
2026-04-23 12:00:00+00:00,422,6,840.0,17.7,0.0,46.22144,15.21531
2026-04-23 12:00:00+00:00,425,6,840.0,17.3,0.0,45.940243,15.546751
2026-04-23 12:00:00+00:00,426,6,844.0,16.2,0.0,45.51845,13.704866
2026-04-23 13:00:00+00:00,63,1,802.0,17.4,0.0,46.432335,14.134615
2026-04-23 13:00:00+00:00,76,1,804.0,18.8,0.0,46.291737,14.233227
2026-04-23 13:00:00+00:00,106,1,800.0,19.8,0.0,46.22144,14.354067
2026-04-23 13:00:00+00:00,122,1,786.0,20.2,0.0,46.08084,14.45151
2026-04-23 13:00:00+00:00,127,1,789.0,19.0,0.0,46.151142,14.474522
2026-04-23 13:00:00+00:00,129,1,784.0,18.5,0.0,46.010544,14.571429
2026-04-23 13:00:00+00:00,177,1,802.0,14.4,0.0,45.65905,14.88189
2026-04-23 13:00:00+00:00,194,1,654.0,19.2,0.0,46.502636,15.024076
2026-04-23 13:00:00+00:00,236,1,788.0,17.7,0.0,45.79965,15.213271
2026-04-23 13:00:00+00:00,325,1,465.0,18.6,0.0,46.572933,15.62701
2026-04-23 13:00:00+00:00,391,1,627.0,19.2,0.0,46.71353,16.112904
2026-04-23 13:00:00+00:00,422,1,733.0,18.5,0.0,46.22144,15.21531
2026-04-23 13:00:00+00:00,425,1,785.0,18.4,0.0,45.940243,15.546751
2026-04-23 13:00:00+00:00,426,1,793.0,16.7,0.0,45.51845,13.704866
2026-04-23 14:00:00+00:00,63,2,689.0,18.2,0.0,46.432335,14.134615
2026-04-23 14:00:00+00:00,76,2,687.0,19.0,0.0,46.291737,14.233227
2026-04-23 14:00:00+00:00,106,2,678.0,19.7,0.0,46.22144,14.354067
2026-04-23 14:00:00+00:00,122,2,681.0,20.7,0.0,46.08084,14.45151
2026-04-23 14:00:00+00:00,127,2,672.0,19.4,0.0,46.151142,14.474522
2026-04-23 14:00:00+00:00,129,2,685.0,18.7,0.0,46.010544,14.571429
2026-04-23 14:00:00+00:00,177,2,688.0,14.5,0.0,45.65905,14.88189
2026-04-23 14:00:00+00:00,194,2,581.0,19.0,0.0,46.502636,15.024076
2026-04-23 14:00:00+00:00,236,2,677.0,17.7,0.0,45.79965,15.213271
2026-04-23 14:00:00+00:00,325,2,292.0,17.7,0.0,46.572933,15.62701
2026-04-23 14:00:00+00:00,391,2,568.0,18.6,0.0,46.71353,16.112904
2026-04-23 14:00:00+00:00,422,2,575.0,18.9,0.0,46.22144,15.21531
2026-04-23 14:00:00+00:00,425,2,675.0,18.9,0.0,45.940243,15.546751
2026-04-23 14:00:00+00:00,426,2,687.0,16.5,0.0,45.51845,13.704866
2026-04-23 15:00:00+00:00,63,3,537.0,17.5,0.0,46.432335,14.134615
2026-04-23 15:00:00+00:00,76,3,536.0,18.4,0.0,46.291737,14.233227
2026-04-23 15:00:00+00:00,106,3,507.0,19.4,0.0,46.22144,14.354067
2026-04-23 15:00:00+00:00,122,3,502.0,20.9,0.0,46.08084,14.45151
2026-04-23 15:00:00+00:00,127,3,494.0,19.8,0.0,46.151142,14.474522
2026-04-23 15:00:00+00:00,129,3,510.0,18.2,0.0,46.010544,14.571429
2026-04-23 15:00:00+00:00,177,3,525.0,14.5,0.0,45.65905,14.88189
2026-04-23 15:00:00+00:00,194,3,476.0,18.7,0.0,46.502636,15.024076
2026-04-23 15:00:00+00:00,236,3,504.0,17.4,0.0,45.79965,15.213271
2026-04-23 15:00:00+00:00,325,3,280.0,17.8,0.0,46.572933,15.62701
2026-04-23 15:00:00+00:00,391,3,428.0,18.4,0.0,46.71353,16.112904
2026-04-23 15:00:00+00:00,422,3,422.0,17.5,0.0,46.22144,15.21531
2026-04-23 15:00:00+00:00,425,3,509.0,19.0,0.0,45.940243,15.546751
2026-04-23 15:00:00+00:00,426,3,540.0,16.2,0.0,45.51845,13.704866
2026-04-23 18:00:00+00:00,63,6,31.0,11.8,0.0,46.432335,14.134615
2026-04-23 18:00:00+00:00,76,6,34.0,14.0,0.0,46.291737,14.233227
2026-04-23 18:00:00+00:00,106,6,34.0,14.7,0.0,46.22144,14.354067
2026-04-23 18:00:00+00:00,122,6,36.0,13.8,0.0,46.08084,14.45151
2026-04-23 18:00:00+00:00,127,6,34.0,12.5,0.0,46.151142,14.474522
2026-04-23 18:00:00+00:00,129,6,37.0,11.1,0.0,46.010544,14.571429
2026-04-23 18:00:00+00:00,177,6,23.0,10.2,0.0,45.65905,14.88189
2026-04-23 18:00:00+00:00,194,6,38.0,12.1,0.0,46.502636,15.024076
2026-04-23 18:00:00+00:00,236,6,31.0,13.4,0.0,45.79965,15.213271
2026-04-23 18:00:00+00:00,325,6,33.0,12.9,0.0,46.572933,15.62701
2026-04-23 18:00:00+00:00,391,6,27.0,13.4,0.0,46.71353,16.112904
2026-04-23 18:00:00+00:00,422,6,35.0,12.3,0.0,46.22144,15.21531
2026-04-23 18:00:00+00:00,425,6,29.0,13.4,0.0,45.940243,15.546751
2026-04-23 18:00:00+00:00,426,6,36.0,13.3,0.0,45.51845,13.704866
2026-04-23 19:00:00+00:00,63,1,0.0,11.4,0.0,46.432335,14.134615
2026-04-23 19:00:00+00:00,76,1,0.0,10.7,0.0,46.291737,14.233227
2026-04-23 19:00:00+00:00,106,1,0.0,11.1,0.0,46.22144,14.354067
2026-04-23 19:00:00+00:00,122,1,0.0,11.6,0.0,46.08084,14.45151
2026-04-23 19:00:00+00:00,127,1,0.0,10.8,0.0,46.151142,14.474522
2026-04-23 19:00:00+00:00,129,1,0.0,10.1,0.0,46.010544,14.571429
2026-04-23 19:00:00+00:00,177,1,0.0,8.4,0.0,45.65905,14.88189
2026-04-23 19:00:00+00:00,194,1,0.0,11.2,0.0,46.502636,15.024076
2026-04-23 19:00:00+00:00,236,1,0.0,13.6,0.0,45.79965,15.213271
2026-04-23 19:00:00+00:00,325,1,0.0,13.8,0.0,46.572933,15.62701
2026-04-23 19:00:00+00:00,391,1,0.0,13.2,0.0,46.71353,16.112904
2026-04-23 19:00:00+00:00,422,1,0.0,10.9,0.0,46.22144,15.21531
2026-04-23 19:00:00+00:00,425,1,0.0,12.0,0.0,45.940243,15.546751
2026-04-23 19:00:00+00:00,426,1,0.0,13.4,0.0,45.51845,13.704866
2026-04-23 20:00:00+00:00,63,2,0.0,9.5,0.0,46.432335,14.134615
2026-04-23 20:00:00+00:00,76,2,0.0,8.1,0.0,46.291737,14.233227
2026-04-23 20:00:00+00:00,106,2,0.0,8.6,0.0,46.22144,14.354067
2026-04-23 20:00:00+00:00,122,2,0.0,9.9,0.0,46.08084,14.45151
2026-04-23 20:00:00+00:00,127,2,0.0,9.2,0.0,46.151142,14.474522
2026-04-23 20:00:00+00:00,129,2,0.0,8.5,0.0,46.010544,14.571429
2026-04-23 20:00:00+00:00,177,2,0.0,5.7,0.0,45.65905,14.88189
2026-04-23 20:00:00+00:00,194,2,0.0,9.0,0.0,46.502636,15.024076
2026-04-23 20:00:00+00:00,236,2,0.0,12.7,0.0,45.79965,15.213271
2026-04-23 20:00:00+00:00,325,2,0.0,12.3,0.0,46.572933,15.62701
2026-04-23 20:00:00+00:00,391,2,0.0,12.1,0.0,46.71353,16.112904
2026-04-23 20:00:00+00:00,422,2,0.0,9.3,0.0,46.22144,15.21531
2026-04-23 20:00:00+00:00,425,2,0.0,9.9,0.0,45.940243,15.546751
2026-04-23 20:00:00+00:00,426,2,0.0,12.8,0.0,45.51845,13.704866
2026-04-23 21:00:00+00:00,63,3,0.0,8.4,0.0,46.432335,14.134615
2026-04-23 21:00:00+00:00,76,3,0.0,6.3,0.0,46.291737,14.233227
2026-04-23 21:00:00+00:00,106,3,0.0,6.6,0.0,46.22144,14.354067
2026-04-23 21:00:00+00:00,122,3,0.0,8.4,0.0,46.08084,14.45151
2026-04-23 21:00:00+00:00,127,3,0.0,7.5,0.0,46.151142,14.474522
2026-04-23 21:00:00+00:00,129,3,0.0,7.2,0.0,46.010544,14.571429
2026-04-23 21:00:00+00:00,177,3,0.0,3.9,0.0,45.65905,14.88189
2026-04-23 21:00:00+00:00,194,3,0.0,8.3,0.0,46.502636,15.024076
2026-04-23 21:00:00+00:00,236,3,0.0,9.6,0.0,45.79965,15.213271
2026-04-23 21:00:00+00:00,325,3,0.0,11.1,0.0,46.572933,15.62701
2026-04-23 21:00:00+00:00,391,3,0.0,11.9,0.0,46.71353,16.112904
2026-04-23 21:00:00+00:00,422,3,0.0,7.5,0.0,46.22144,15.21531
2026-04-23 21:00:00+00:00,425,3,0.0,8.9,0.0,45.940243,15.546751
2026-04-23 21:00:00+00:00,426,3,0.0,11.2,0.0,45.51845,13.704866
2026-04-24 00:00:00+00:00,63,6,0.0,6.6,0.0,46.432335,14.134615
2026-04-24 00:00:00+00:00,63,24,0.0,6.5,0.0,46.432335,14.134615
2026-04-24 00:00:00+00:00,76,6,0.0,3.3,0.0,46.291737,14.233227
2026-04-24 00:00:00+00:00,76,24,0.0,3.1,0.0,46.291737,14.233227
2026-04-24 00:00:00+00:00,106,6,0.0,3.6,0.0,46.22144,14.354067
2026-04-24 00:00:00+00:00,106,24,0.0,3.4,0.0,46.22144,14.354067
2026-04-24 00:00:00+00:00,122,6,0.0,4.0,0.0,46.08084,14.45151
2026-04-24 00:00:00+00:00,122,24,0.0,3.7,0.0,46.08084,14.45151
2026-04-24 00:00:00+00:00,127,6,0.0,2.9,0.0,46.151142,14.474522
2026-04-24 00:00:00+00:00,127,24,0.0,2.9,0.0,46.151142,14.474522
2026-04-24 00:00:00+00:00,129,6,0.0,4.5,0.0,46.010544,14.571429
2026-04-24 00:00:00+00:00,129,24,0.0,4.2,0.0,46.010544,14.571429
2026-04-24 00:00:00+00:00,177,6,0.0,2.2,0.0,45.65905,14.88189
2026-04-24 00:00:00+00:00,177,24,0.0,2.3,0.0,45.65905,14.88189
2026-04-24 00:00:00+00:00,194,6,0.0,10.0,0.0,46.502636,15.024076
2026-04-24 00:00:00+00:00,194,24,0.0,8.7,0.0,46.502636,15.024076
2026-04-24 00:00:00+00:00,236,6,0.0,6.7,0.0,45.79965,15.213271
2026-04-24 00:00:00+00:00,236,24,0.0,6.4,0.0,45.79965,15.213271
2026-04-24 00:00:00+00:00,325,6,0.0,12.5,0.0,46.572933,15.62701
2026-04-24 00:00:00+00:00,325,24,0.0,11.1,0.0,46.572933,15.62701
2026-04-24 00:00:00+00:00,391,6,0.0,8.4,0.0,46.71353,16.112904
2026-04-24 00:00:00+00:00,391,24,0.0,7.7,0.0,46.71353,16.112904
2026-04-24 00:00:00+00:00,422,6,0.0,5.3,0.0,46.22144,15.21531
2026-04-24 00:00:00+00:00,422,24,0.0,4.8,0.0,46.22144,15.21531
2026-04-24 00:00:00+00:00,425,6,0.0,7.5,0.0,45.940243,15.546751
2026-04-24 00:00:00+00:00,425,24,0.0,7.0,0.0,45.940243,15.546751
2026-04-24 00:00:00+00:00,426,6,0.0,8.2,0.0,45.51845,13.704866
2026-04-24 00:00:00+00:00,426,24,0.0,7.4,0.0,45.51845,13.704866
2026-04-24 06:00:00+00:00,63,24,198.0,10.9,0.0,46.432335,14.134615
2026-04-24 06:00:00+00:00,76,24,194.0,8.7,0.0,46.291737,14.233227
2026-04-24 06:00:00+00:00,106,24,189.0,7.9,0.0,46.22144,14.354067
2026-04-24 06:00:00+00:00,122,24,185.0,6.2,0.0,46.08084,14.45151
2026-04-24 06:00:00+00:00,127,24,186.0,5.3,0.0,46.151142,14.474522
2026-04-24 06:00:00+00:00,129,24,188.0,6.4,0.0,46.010544,14.571429
2026-04-24 06:00:00+00:00,177,24,194.0,7.1,0.0,45.65905,14.88189
2026-04-24 06:00:00+00:00,194,24,201.0,9.7,0.0,46.502636,15.024076
2026-04-24 06:00:00+00:00,236,24,194.0,8.9,0.0,45.79965,15.213271
2026-04-24 06:00:00+00:00,325,24,202.0,11.7,0.0,46.572933,15.62701
2026-04-24 06:00:00+00:00,391,24,203.0,8.3,0.0,46.71353,16.112904
2026-04-24 06:00:00+00:00,422,24,197.0,8.5,0.0,46.22144,15.21531
2026-04-24 06:00:00+00:00,425,24,195.0,8.9,0.0,45.940243,15.546751
2026-04-24 06:00:00+00:00,426,24,173.0,11.8,0.0,45.51845,13.704866
2026-04-24 12:00:00+00:00,63,24,881.0,20.4,0.0,46.432335,14.134615
2026-04-24 12:00:00+00:00,76,24,873.0,20.5,0.0,46.291737,14.233227
2026-04-24 12:00:00+00:00,106,24,861.0,20.7,0.0,46.22144,14.354067
2026-04-24 12:00:00+00:00,122,24,852.0,21.8,0.0,46.08084,14.45151
2026-04-24 12:00:00+00:00,127,24,852.0,19.6,0.0,46.151142,14.474522
2026-04-24 12:00:00+00:00,129,24,854.0,20.8,0.0,46.010544,14.571429
2026-04-24 12:00:00+00:00,177,24,858.0,17.1,0.0,45.65905,14.88189
2026-04-24 12:00:00+00:00,194,24,869.0,20.2,0.0,46.502636,15.024076
2026-04-24 12:00:00+00:00,236,24,853.0,19.3,0.0,45.79965,15.213271
2026-04-24 12:00:00+00:00,325,24,851.0,18.6,0.0,46.572933,15.62701
2026-04-24 12:00:00+00:00,391,24,839.0,18.5,0.0,46.71353,16.112904
2026-04-24 12:00:00+00:00,422,24,852.0,19.8,0.0,46.22144,15.21531
2026-04-24 12:00:00+00:00,425,24,848.0,19.4,0.0,45.940243,15.546751
2026-04-24 12:00:00+00:00,426,24,842.0,19.5,0.0,45.51845,13.704866
2026-04-24 18:00:00+00:00,63,24,49.0,14.8,0.0,46.432335,14.134615
2026-04-24 18:00:00+00:00,76,24,46.0,12.6,0.0,46.291737,14.233227
2026-04-24 18:00:00+00:00,106,24,43.0,13.7,0.0,46.22144,14.354067
2026-04-24 18:00:00+00:00,122,24,41.0,16.5,0.0,46.08084,14.45151
2026-04-24 18:00:00+00:00,127,24,41.0,14.2,0.0,46.151142,14.474522
2026-04-24 18:00:00+00:00,129,24,40.0,14.1,0.0,46.010544,14.571429
2026-04-24 18:00:00+00:00,177,24,38.0,10.2,0.0,45.65905,14.88189
2026-04-24 18:00:00+00:00,194,24,40.0,14.1,0.0,46.502636,15.024076
2026-04-24 18:00:00+00:00,236,24,35.0,13.8,0.0,45.79965,15.213271
2026-04-24 18:00:00+00:00,325,24,36.0,13.5,0.0,46.572933,15.62701
2026-04-24 18:00:00+00:00,391,24,32.0,14.4,0.0,46.71353,16.112904
2026-04-24 18:00:00+00:00,422,24,37.0,13.5,0.0,46.22144,15.21531
2026-04-24 18:00:00+00:00,425,24,33.0,14.0,0.0,45.940243,15.546751
2026-04-24 18:00:00+00:00,426,24,45.0,15.7,0.0,45.51845,13.704866
2026-04-24 01:00:00+00:00,63,1,0.0,7.0,0.0,46.432335,14.134615
2026-04-24 01:00:00+00:00,76,1,0.0,3.0,0.0,46.291737,14.233227
2026-04-24 01:00:00+00:00,106,1,0.0,3.0,0.0,46.22144,14.354067
2026-04-24 01:00:00+00:00,122,1,0.0,3.1,0.0,46.08084,14.45151
2026-04-24 01:00:00+00:00,127,1,0.0,2.2,0.0,46.151142,14.474522
2026-04-24 01:00:00+00:00,129,1,0.0,3.8,0.0,46.010544,14.571429
2026-04-24 01:00:00+00:00,177,1,0.0,1.1,0.0,45.65905,14.88189
2026-04-24 01:00:00+00:00,194,1,0.0,9.8,0.0,46.502636,15.024076
2026-04-24 01:00:00+00:00,236,1,0.0,5.7,0.0,45.79965,15.213271
2026-04-24 01:00:00+00:00,325,1,0.0,11.6,0.0,46.572933,15.62701
2026-04-24 01:00:00+00:00,391,1,0.0,6.3,0.0,46.71353,16.112904
2026-04-24 01:00:00+00:00,422,1,0.0,4.2,0.0,46.22144,15.21531
2026-04-24 01:00:00+00:00,425,1,0.0,6.3,0.0,45.940243,15.546751
2026-04-24 01:00:00+00:00,426,1,0.0,8.6,0.0,45.51845,13.704866
2026-04-24 02:00:00+00:00,63,2,0.0,7.1,0.0,46.432335,14.134615
2026-04-24 02:00:00+00:00,76,2,0.0,2.5,0.0,46.291737,14.233227
2026-04-24 02:00:00+00:00,106,2,0.0,2.6,0.0,46.22144,14.354067
2026-04-24 02:00:00+00:00,122,2,0.0,2.2,0.0,46.08084,14.45151
2026-04-24 02:00:00+00:00,127,2,0.0,1.7,0.0,46.151142,14.474522
2026-04-24 02:00:00+00:00,129,2,0.0,3.8,0.0,46.010544,14.571429
2026-04-24 02:00:00+00:00,177,2,0.0,1.4,0.0,45.65905,14.88189
2026-04-24 02:00:00+00:00,194,2,0.0,8.3,0.0,46.502636,15.024076
2026-04-24 02:00:00+00:00,236,2,0.0,4.9,0.0,45.79965,15.213271
2026-04-24 02:00:00+00:00,325,2,0.0,12.3,0.0,46.572933,15.62701
2026-04-24 02:00:00+00:00,391,2,0.0,5.5,0.0,46.71353,16.112904
2026-04-24 02:00:00+00:00,422,2,0.0,4.1,0.0,46.22144,15.21531
2026-04-24 02:00:00+00:00,425,2,0.0,5.9,0.0,45.940243,15.546751
2026-04-24 02:00:00+00:00,426,2,0.0,8.5,0.0,45.51845,13.704866
2026-04-24 03:00:00+00:00,63,3,0.0,6.9,0.0,46.432335,14.134615
2026-04-24 03:00:00+00:00,76,3,0.0,1.7,0.0,46.291737,14.233227
2026-04-24 03:00:00+00:00,106,3,0.0,2.0,0.0,46.22144,14.354067
2026-04-24 03:00:00+00:00,122,3,0.0,1.8,0.0,46.08084,14.45151
2026-04-24 03:00:00+00:00,127,3,0.0,1.0,0.0,46.151142,14.474522
2026-04-24 03:00:00+00:00,129,3,0.0,3.6,0.0,46.010544,14.571429
2026-04-24 03:00:00+00:00,177,3,0.0,1.9,0.0,45.65905,14.88189
2026-04-24 03:00:00+00:00,194,3,0.0,7.0,0.0,46.502636,15.024076
2026-04-24 03:00:00+00:00,236,3,0.0,4.5,0.0,45.79965,15.213271
2026-04-24 03:00:00+00:00,325,3,0.0,11.7,0.0,46.572933,15.62701
2026-04-24 03:00:00+00:00,391,3,0.0,5.0,0.0,46.71353,16.112904
2026-04-24 03:00:00+00:00,422,3,0.0,4.1,0.0,46.22144,15.21531
2026-04-24 03:00:00+00:00,425,3,0.0,5.4,0.0,45.940243,15.546751
2026-04-24 03:00:00+00:00,426,3,0.0,8.6,0.0,45.51845,13.704866
2026-04-24 06:00:00+00:00,63,6,198.0,11.7,0.0,46.432335,14.134615
2026-04-24 06:00:00+00:00,76,6,194.0,9.5,0.0,46.291737,14.233227
2026-04-24 06:00:00+00:00,106,6,190.0,8.8,0.0,46.22144,14.354067
2026-04-24 06:00:00+00:00,122,6,186.0,6.6,0.0,46.08084,14.45151
2026-04-24 06:00:00+00:00,127,6,186.0,5.8,0.0,46.151142,14.474522
2026-04-24 06:00:00+00:00,129,6,189.0,7.0,0.0,46.010544,14.571429
2026-04-24 06:00:00+00:00,177,6,195.0,7.6,0.0,45.65905,14.88189
2026-04-24 06:00:00+00:00,194,6,201.0,10.5,0.0,46.502636,15.024076
2026-04-24 06:00:00+00:00,236,6,194.0,8.8,0.0,45.79965,15.213271
2026-04-24 06:00:00+00:00,325,6,203.0,12.0,0.0,46.572933,15.62701
2026-04-24 06:00:00+00:00,391,6,204.0,9.5,0.0,46.71353,16.112904
2026-04-24 06:00:00+00:00,422,6,197.0,9.0,0.0,46.22144,15.21531
2026-04-24 06:00:00+00:00,425,6,196.0,8.2,0.0,45.940243,15.546751
2026-04-24 06:00:00+00:00,426,6,173.0,12.6,0.0,45.51845,13.704866
2026-04-24 07:00:00+00:00,63,1,386.0,14.0,0.0,46.432335,14.134615
2026-04-24 07:00:00+00:00,76,1,381.0,14.2,0.0,46.291737,14.233227
2026-04-24 07:00:00+00:00,106,1,374.0,12.8,0.0,46.22144,14.354067
2026-04-24 07:00:00+00:00,122,1,368.0,9.6,0.0,46.08084,14.45151
2026-04-24 07:00:00+00:00,127,1,368.0,8.4,0.0,46.151142,14.474522
2026-04-24 07:00:00+00:00,129,1,371.0,9.1,0.0,46.010544,14.571429
2026-04-24 07:00:00+00:00,177,1,381.0,11.8,0.0,45.65905,14.88189
2026-04-24 07:00:00+00:00,194,1,385.0,13.1,0.0,46.502636,15.024076
2026-04-24 07:00:00+00:00,236,1,378.0,12.4,0.0,45.79965,15.213271
2026-04-24 07:00:00+00:00,325,1,385.0,15.2,0.0,46.572933,15.62701
2026-04-24 07:00:00+00:00,391,1,383.0,12.5,0.0,46.71353,16.112904
2026-04-24 07:00:00+00:00,422,1,381.0,11.4,0.0,46.22144,15.21531
2026-04-24 07:00:00+00:00,425,1,376.0,10.7,0.0,45.940243,15.546751
2026-04-24 07:00:00+00:00,426,1,352.0,16.4,0.0,45.51845,13.704866
2026-04-24 08:00:00+00:00,63,2,566.0,15.5,0.0,46.432335,14.134615
2026-04-24 08:00:00+00:00,76,2,561.0,16.6,0.0,46.291737,14.233227
2026-04-24 08:00:00+00:00,106,2,551.0,15.4,0.0,46.22144,14.354067
2026-04-24 08:00:00+00:00,122,2,544.0,13.2,0.0,46.08084,14.45151
2026-04-24 08:00:00+00:00,127,2,544.0,11.5,0.0,46.151142,14.474522
2026-04-24 08:00:00+00:00,129,2,547.0,12.7,0.0,46.010544,14.571429
2026-04-24 08:00:00+00:00,177,2,559.0,14.1,0.0,45.65905,14.88189
2026-04-24 08:00:00+00:00,194,2,562.0,15.1,0.0,46.502636,15.024076
2026-04-24 08:00:00+00:00,236,2,555.0,14.9,0.0,45.79965,15.213271
2026-04-24 08:00:00+00:00,325,2,559.0,16.2,0.0,46.572933,15.62701
2026-04-24 08:00:00+00:00,391,2,555.0,14.5,0.0,46.71353,16.112904
2026-04-24 08:00:00+00:00,422,2,556.0,14.5,0.0,46.22144,15.21531
2026-04-24 08:00:00+00:00,425,2,550.0,13.9,0.0,45.940243,15.546751
2026-04-24 08:00:00+00:00,426,2,527.0,17.8,0.0,45.51845,13.704866
2026-04-24 09:00:00+00:00,63,3,716.0,17.4,0.0,46.432335,14.134615
2026-04-24 09:00:00+00:00,76,3,711.0,18.2,0.0,46.291737,14.233227
2026-04-24 09:00:00+00:00,106,3,702.0,17.3,0.0,46.22144,14.354067
2026-04-24 09:00:00+00:00,122,3,693.0,16.7,0.0,46.08084,14.45151
2026-04-24 09:00:00+00:00,127,3,693.0,14.6,0.0,46.151142,14.474522
2026-04-24 09:00:00+00:00,129,3,696.0,16.0,0.0,46.010544,14.571429
2026-04-24 09:00:00+00:00,177,3,706.0,15.4,0.0,45.65905,14.88189
2026-04-24 09:00:00+00:00,194,3,710.0,17.4,0.0,46.502636,15.024076
2026-04-24 09:00:00+00:00,236,3,701.0,16.9,0.0,45.79965,15.213271
2026-04-24 09:00:00+00:00,325,3,703.0,17.3,0.0,46.572933,15.62701
2026-04-24 09:00:00+00:00,391,3,698.0,16.0,0.0,46.71353,16.112904
2026-04-24 09:00:00+00:00,422,3,703.0,17.0,0.0,46.22144,15.21531
2026-04-24 09:00:00+00:00,425,3,696.0,16.3,0.0,45.940243,15.546751
2026-04-24 09:00:00+00:00,426,3,676.0,18.7,0.0,45.51845,13.704866
2026-04-24 12:00:00+00:00,63,6,881.0,21.1,0.0,46.432335,14.134615
2026-04-24 12:00:00+00:00,76,6,874.0,21.0,0.0,46.291737,14.233227
2026-04-24 12:00:00+00:00,106,6,863.0,21.6,0.0,46.22144,14.354067
2026-04-24 12:00:00+00:00,122,6,854.0,22.9,0.0,46.08084,14.45151
2026-04-24 12:00:00+00:00,127,6,854.0,20.7,0.0,46.151142,14.474522
2026-04-24 12:00:00+00:00,129,6,856.0,21.7,0.0,46.010544,14.571429
2026-04-24 12:00:00+00:00,177,6,860.0,18.1,0.0,45.65905,14.88189
2026-04-24 12:00:00+00:00,194,6,869.0,20.8,0.0,46.502636,15.024076
2026-04-24 12:00:00+00:00,236,6,855.0,19.8,0.0,45.79965,15.213271
2026-04-24 12:00:00+00:00,325,6,852.0,19.4,0.0,46.572933,15.62701
2026-04-24 12:00:00+00:00,391,6,839.0,19.2,0.0,46.71353,16.112904
2026-04-24 12:00:00+00:00,422,6,855.0,20.3,0.0,46.22144,15.21531
2026-04-24 12:00:00+00:00,425,6,850.0,20.0,0.0,45.940243,15.546751
2026-04-24 12:00:00+00:00,426,6,845.0,20.2,0.0,45.51845,13.704866
2026-04-24 13:00:00+00:00,63,1,831.0,21.9,0.0,46.432335,14.134615
2026-04-24 13:00:00+00:00,76,1,818.0,22.1,0.0,46.291737,14.233227
2026-04-24 13:00:00+00:00,106,1,805.0,22.6,0.0,46.22144,14.354067
2026-04-24 13:00:00+00:00,122,1,795.0,23.6,0.0,46.08084,14.45151
2026-04-24 13:00:00+00:00,127,1,796.0,21.6,0.0,46.151142,14.474522
2026-04-24 13:00:00+00:00,129,1,797.0,22.3,0.0,46.010544,14.571429
2026-04-24 13:00:00+00:00,177,1,808.0,19.1,0.0,45.65905,14.88189
2026-04-24 13:00:00+00:00,194,1,812.0,21.3,0.0,46.502636,15.024076
2026-04-24 13:00:00+00:00,236,1,795.0,21.4,0.0,45.79965,15.213271
2026-04-24 13:00:00+00:00,325,1,795.0,20.1,0.0,46.572933,15.62701
2026-04-24 13:00:00+00:00,391,1,782.0,19.8,0.0,46.71353,16.112904
2026-04-24 13:00:00+00:00,422,1,796.0,21.6,0.0,46.22144,15.21531
2026-04-24 13:00:00+00:00,425,1,789.0,21.2,0.0,45.940243,15.546751
2026-04-24 13:00:00+00:00,426,1,792.0,19.9,0.0,45.51845,13.704866
2026-04-24 14:00:00+00:00,63,2,724.0,22.1,0.0,46.432335,14.134615
2026-04-24 14:00:00+00:00,76,2,711.0,21.2,0.0,46.291737,14.233227
2026-04-24 14:00:00+00:00,106,2,699.0,22.1,0.0,46.22144,14.354067
2026-04-24 14:00:00+00:00,122,2,688.0,23.4,0.0,46.08084,14.45151
2026-04-24 14:00:00+00:00,127,2,689.0,21.3,0.0,46.151142,14.474522
2026-04-24 14:00:00+00:00,129,2,690.0,21.8,0.0,46.010544,14.571429
2026-04-24 14:00:00+00:00,177,2,697.0,19.0,0.0,45.65905,14.88189
2026-04-24 14:00:00+00:00,194,2,703.0,21.7,0.0,46.502636,15.024076
2026-04-24 14:00:00+00:00,236,2,685.0,21.6,0.0,45.79965,15.213271
2026-04-24 14:00:00+00:00,325,2,685.0,20.4,0.0,46.572933,15.62701
2026-04-24 14:00:00+00:00,391,2,673.0,20.0,0.0,46.71353,16.112904
2026-04-24 14:00:00+00:00,422,2,687.0,22.0,0.0,46.22144,15.21531
2026-04-24 14:00:00+00:00,425,2,679.0,21.5,0.0,45.940243,15.546751
2026-04-24 14:00:00+00:00,426,2,689.0,19.6,0.0,45.51845,13.704866
2026-04-24 15:00:00+00:00,63,3,576.0,21.8,0.0,46.432335,14.134615
2026-04-24 15:00:00+00:00,76,3,562.0,19.9,0.0,46.291737,14.233227
2026-04-24 15:00:00+00:00,106,3,550.0,21.0,0.0,46.22144,14.354067
2026-04-24 15:00:00+00:00,122,3,541.0,22.7,0.0,46.08084,14.45151
2026-04-24 15:00:00+00:00,127,3,541.0,20.7,0.0,46.151142,14.474522
2026-04-24 15:00:00+00:00,129,3,542.0,21.0,0.0,46.010544,14.571429
2026-04-24 15:00:00+00:00,177,3,547.0,18.6,0.0,45.65905,14.88189
2026-04-24 15:00:00+00:00,194,3,553.0,21.9,0.0,46.502636,15.024076
2026-04-24 15:00:00+00:00,236,3,536.0,21.1,0.0,45.79965,15.213271
2026-04-24 15:00:00+00:00,325,3,535.0,20.3,0.0,46.572933,15.62701
2026-04-24 15:00:00+00:00,391,3,524.0,20.1,0.0,46.71353,16.112904
2026-04-24 15:00:00+00:00,422,3,540.0,22.0,0.0,46.22144,15.21531
2026-04-24 15:00:00+00:00,425,3,529.0,21.6,0.0,45.940243,15.546751
2026-04-24 15:00:00+00:00,426,3,547.0,19.6,0.0,45.51845,13.704866
2026-04-24 18:00:00+00:00,63,6,49.0,15.0,0.0,46.432335,14.134615
2026-04-24 18:00:00+00:00,76,6,46.0,12.4,0.0,46.291737,14.233227
2026-04-24 18:00:00+00:00,106,6,43.0,14.3,0.0,46.22144,14.354067
2026-04-24 18:00:00+00:00,122,6,41.0,16.9,0.0,46.08084,14.45151
2026-04-24 18:00:00+00:00,127,6,41.0,14.5,0.0,46.151142,14.474522
2026-04-24 18:00:00+00:00,129,6,40.0,14.6,0.0,46.010544,14.571429
2026-04-24 18:00:00+00:00,177,6,38.0,10.8,0.0,45.65905,14.88189
2026-04-24 18:00:00+00:00,194,6,40.0,14.3,0.0,46.502636,15.024076
2026-04-24 18:00:00+00:00,236,6,36.0,13.8,0.0,45.79965,15.213271
2026-04-24 18:00:00+00:00,325,6,36.0,14.3,0.0,46.572933,15.62701
2026-04-24 18:00:00+00:00,391,6,32.0,14.6,0.0,46.71353,16.112904
2026-04-24 18:00:00+00:00,422,6,37.0,14.1,0.0,46.22144,15.21531
2026-04-24 18:00:00+00:00,425,6,33.0,14.6,0.0,45.940243,15.546751
2026-04-24 18:00:00+00:00,426,6,44.0,15.2,0.0,45.51845,13.704866
2026-04-24 19:00:00+00:00,63,1,0.0,12.8,0.0,46.432335,14.134615
2026-04-24 19:00:00+00:00,76,1,0.0,11.7,0.0,46.291737,14.233227
2026-04-24 19:00:00+00:00,106,1,0.0,13.8,0.0,46.22144,14.354067
2026-04-24 19:00:00+00:00,122,1,0.0,15.5,0.0,46.08084,14.45151
2026-04-24 19:00:00+00:00,127,1,0.0,13.6,0.0,46.151142,14.474522
2026-04-24 19:00:00+00:00,129,1,0.0,12.9,0.0,46.010544,14.571429
2026-04-24 19:00:00+00:00,177,1,0.0,9.5,0.0,45.65905,14.88189
2026-04-24 19:00:00+00:00,194,1,0.0,13.6,0.0,46.502636,15.024076
2026-04-24 19:00:00+00:00,236,1,0.0,12.7,0.0,45.79965,15.213271
2026-04-24 19:00:00+00:00,325,1,0.0,13.2,0.0,46.572933,15.62701
2026-04-24 19:00:00+00:00,391,1,0.0,14.1,0.0,46.71353,16.112904
2026-04-24 19:00:00+00:00,422,1,0.0,12.8,0.0,46.22144,15.21531
2026-04-24 19:00:00+00:00,425,1,0.0,14.3,0.0,45.940243,15.546751
2026-04-24 19:00:00+00:00,426,1,0.0,14.0,0.0,45.51845,13.704866
2026-04-24 20:00:00+00:00,63,2,0.0,11.4,0.0,46.432335,14.134615
2026-04-24 20:00:00+00:00,76,2,0.0,9.7,0.0,46.291737,14.233227
2026-04-24 20:00:00+00:00,106,2,0.0,12.1,0.0,46.22144,14.354067
2026-04-24 20:00:00+00:00,122,2,0.0,13.7,0.0,46.08084,14.45151
2026-04-24 20:00:00+00:00,127,2,0.0,11.9,0.0,46.151142,14.474522
2026-04-24 20:00:00+00:00,129,2,0.0,10.8,0.0,46.010544,14.571429
2026-04-24 20:00:00+00:00,177,2,0.0,7.8,0.0,45.65905,14.88189
2026-04-24 20:00:00+00:00,194,2,0.0,12.7,0.0,46.502636,15.024076
2026-04-24 20:00:00+00:00,236,2,0.0,11.1,0.0,45.79965,15.213271
2026-04-24 20:00:00+00:00,325,2,0.0,13.0,0.0,46.572933,15.62701
2026-04-24 20:00:00+00:00,391,2,0.0,13.1,0.0,46.71353,16.112904
2026-04-24 20:00:00+00:00,422,2,0.0,11.5,0.0,46.22144,15.21531
2026-04-24 20:00:00+00:00,425,2,0.0,13.2,0.0,45.940243,15.546751
2026-04-24 20:00:00+00:00,426,2,0.0,12.5,0.0,45.51845,13.704866
2026-04-24 21:00:00+00:00,63,3,0.0,11.6,0.0,46.432335,14.134615
2026-04-24 21:00:00+00:00,76,3,0.0,8.4,0.0,46.291737,14.233227
2026-04-24 21:00:00+00:00,106,3,0.0,10.2,0.0,46.22144,14.354067
2026-04-24 21:00:00+00:00,122,3,0.0,11.7,0.0,46.08084,14.45151
2026-04-24 21:00:00+00:00,127,3,0.0,10.8,0.0,46.151142,14.474522
2026-04-24 21:00:00+00:00,129,3,0.0,9.2,0.0,46.010544,14.571429
2026-04-24 21:00:00+00:00,177,3,0.0,6.5,0.0,45.65905,14.88189
2026-04-24 21:00:00+00:00,194,3,0.0,12.2,0.0,46.502636,15.024076
2026-04-24 21:00:00+00:00,236,3,0.0,10.9,0.0,45.79965,15.213271
2026-04-24 21:00:00+00:00,325,3,0.0,12.1,0.0,46.572933,15.62701
2026-04-24 21:00:00+00:00,391,3,0.0,12.1,0.0,46.71353,16.112904
2026-04-24 21:00:00+00:00,422,3,0.0,10.2,0.0,46.22144,15.21531
2026-04-24 21:00:00+00:00,425,3,0.0,11.7,0.0,45.940243,15.546751
2026-04-24 21:00:00+00:00,426,3,0.0,10.6,0.0,45.51845,13.704866
2026-04-25 00:00:00+00:00,63,6,0.0,11.1,0.0,46.432335,14.134615
2026-04-25 00:00:00+00:00,63,24,0.0,10.4,0.0,46.432335,14.134615
2026-04-25 00:00:00+00:00,76,6,0.0,4.9,0.0,46.291737,14.233227
2026-04-25 00:00:00+00:00,76,24,0.0,4.8,0.0,46.291737,14.233227
2026-04-25 00:00:00+00:00,106,6,0.0,4.7,0.0,46.22144,14.354067
2026-04-25 00:00:00+00:00,106,24,0.0,4.7,0.0,46.22144,14.354067
2026-04-25 00:00:00+00:00,122,6,0.0,7.3,0.0,46.08084,14.45151
2026-04-25 00:00:00+00:00,122,24,0.0,6.6,0.0,46.08084,14.45151
2026-04-25 00:00:00+00:00,127,6,0.0,6.1,0.0,46.151142,14.474522
2026-04-25 00:00:00+00:00,127,24,0.0,5.5,0.0,46.151142,14.474522
2026-04-25 00:00:00+00:00,129,6,0.0,5.8,0.0,46.010544,14.571429
2026-04-25 00:00:00+00:00,129,24,0.0,5.8,0.0,46.010544,14.571429
2026-04-25 00:00:00+00:00,177,6,0.0,6.0,0.0,45.65905,14.88189
2026-04-25 00:00:00+00:00,177,24,0.0,5.0,0.0,45.65905,14.88189
2026-04-25 00:00:00+00:00,194,6,0.0,8.7,0.0,46.502636,15.024076
2026-04-25 00:00:00+00:00,194,24,0.0,8.0,0.0,46.502636,15.024076
2026-04-25 00:00:00+00:00,236,6,0.0,9.3,0.0,45.79965,15.213271
2026-04-25 00:00:00+00:00,236,24,0.0,7.9,0.0,45.79965,15.213271
2026-04-25 00:00:00+00:00,325,6,0.0,10.2,0.0,46.572933,15.62701
2026-04-25 00:00:00+00:00,325,24,0.0,11.0,0.0,46.572933,15.62701
2026-04-25 00:00:00+00:00,391,6,0.0,8.1,0.0,46.71353,16.112904
2026-04-25 00:00:00+00:00,391,24,0.0,7.1,0.0,46.71353,16.112904
2026-04-25 00:00:00+00:00,422,6,0.0,8.3,0.0,46.22144,15.21531
2026-04-25 00:00:00+00:00,422,24,0.0,7.4,0.0,46.22144,15.21531
2026-04-25 00:00:00+00:00,425,6,0.0,8.6,0.0,45.940243,15.546751
2026-04-25 00:00:00+00:00,425,24,0.0,7.9,0.0,45.940243,15.546751
2026-04-25 00:00:00+00:00,426,6,0.0,9.8,0.0,45.51845,13.704866
2026-04-25 00:00:00+00:00,426,24,0.0,10.0,0.0,45.51845,13.704866
2026-04-25 06:00:00+00:00,63,24,200.0,12.7,0.0,46.432335,14.134615
2026-04-25 06:00:00+00:00,76,24,197.0,11.0,0.0,46.291737,14.233227
2026-04-25 06:00:00+00:00,106,24,192.0,10.3,0.0,46.22144,14.354067
2026-04-25 06:00:00+00:00,122,24,187.0,8.9,0.0,46.08084,14.45151
2026-04-25 06:00:00+00:00,127,24,187.0,8.1,0.0,46.151142,14.474522
2026-04-25 06:00:00+00:00,129,24,189.0,8.9,0.0,46.010544,14.571429
2026-04-25 06:00:00+00:00,177,24,196.0,9.3,0.0,45.65905,14.88189
2026-04-25 06:00:00+00:00,194,24,207.0,11.5,0.0,46.502636,15.024076
2026-04-25 06:00:00+00:00,236,24,198.0,10.5,0.0,45.79965,15.213271
2026-04-25 06:00:00+00:00,325,24,207.0,14.0,0.0,46.572933,15.62701
2026-04-25 06:00:00+00:00,391,24,208.0,9.7,0.0,46.71353,16.112904
2026-04-25 06:00:00+00:00,422,24,200.0,10.4,0.0,46.22144,15.21531
2026-04-25 06:00:00+00:00,425,24,200.0,11.3,0.0,45.940243,15.546751
2026-04-25 06:00:00+00:00,426,24,173.0,13.3,0.0,45.51845,13.704866
2026-04-25 12:00:00+00:00,63,24,870.0,21.4,0.0,46.432335,14.134615
2026-04-25 12:00:00+00:00,76,24,865.0,21.4,0.0,46.291737,14.233227
2026-04-25 12:00:00+00:00,106,24,856.0,21.5,0.0,46.22144,14.354067
2026-04-25 12:00:00+00:00,122,24,846.0,22.7,0.0,46.08084,14.45151
2026-04-25 12:00:00+00:00,127,24,847.0,20.6,0.0,46.151142,14.474522
2026-04-25 12:00:00+00:00,129,24,846.0,21.5,0.0,46.010544,14.571429
2026-04-25 12:00:00+00:00,177,24,852.0,19.8,0.0,45.65905,14.88189
2026-04-25 12:00:00+00:00,194,24,853.0,21.4,0.0,46.502636,15.024076
2026-04-25 12:00:00+00:00,236,24,847.0,21.9,0.0,45.79965,15.213271
2026-04-25 12:00:00+00:00,325,24,846.0,21.9,0.0,46.572933,15.62701
2026-04-25 12:00:00+00:00,391,24,841.0,21.0,0.0,46.71353,16.112904
2026-04-25 12:00:00+00:00,422,24,848.0,21.7,0.0,46.22144,15.21531
2026-04-25 12:00:00+00:00,425,24,843.0,21.3,0.0,45.940243,15.546751
2026-04-25 12:00:00+00:00,426,24,839.0,20.5,0.0,45.51845,13.704866
2026-04-25 18:00:00+00:00,63,24,48.0,15.0,0.0,46.432335,14.134615
2026-04-25 18:00:00+00:00,76,24,47.0,15.0,0.0,46.291737,14.233227
2026-04-25 18:00:00+00:00,106,24,44.0,16.9,0.0,46.22144,14.354067
2026-04-25 18:00:00+00:00,122,24,42.0,18.6,0.0,46.08084,14.45151
2026-04-25 18:00:00+00:00,127,24,42.0,16.2,0.0,46.151142,14.474522
2026-04-25 18:00:00+00:00,129,24,42.0,16.7,0.0,46.010544,14.571429
2026-04-25 18:00:00+00:00,177,24,40.0,11.7,0.0,45.65905,14.88189
2026-04-25 18:00:00+00:00,194,24,41.0,16.5,0.0,46.502636,15.024076
2026-04-25 18:00:00+00:00,236,24,37.0,16.5,0.0,45.79965,15.213271
2026-04-25 18:00:00+00:00,325,24,37.0,17.4,0.0,46.572933,15.62701
2026-04-25 18:00:00+00:00,391,24,34.0,16.5,0.0,46.71353,16.112904
2026-04-25 18:00:00+00:00,422,24,38.0,16.4,0.0,46.22144,15.21531
2026-04-25 18:00:00+00:00,425,24,34.0,17.4,0.0,45.940243,15.546751
2026-04-25 18:00:00+00:00,426,24,46.0,17.4,0.0,45.51845,13.704866
2026-04-25 01:00:00+00:00,63,1,0.0,10.1,0.0,46.432335,14.134615
2026-04-25 01:00:00+00:00,76,1,0.0,5.2,0.0,46.291737,14.233227
2026-04-25 01:00:00+00:00,106,1,0.0,3.7,0.0,46.22144,14.354067
2026-04-25 01:00:00+00:00,122,1,0.0,5.8,0.0,46.08084,14.45151
2026-04-25 01:00:00+00:00,127,1,0.0,4.2,0.0,46.151142,14.474522
2026-04-25 01:00:00+00:00,129,1,0.0,5.4,0.0,46.010544,14.571429
2026-04-25 01:00:00+00:00,177,1,0.0,4.4,0.0,45.65905,14.88189
2026-04-25 01:00:00+00:00,194,1,0.0,7.0,0.0,46.502636,15.024076
2026-04-25 01:00:00+00:00,236,1,0.0,7.8,0.0,45.79965,15.213271
2026-04-25 01:00:00+00:00,325,1,0.0,10.1,0.0,46.572933,15.62701
2026-04-25 01:00:00+00:00,391,1,0.0,6.4,0.0,46.71353,16.112904
2026-04-25 01:00:00+00:00,422,1,0.0,6.7,0.0,46.22144,15.21531
2026-04-25 01:00:00+00:00,425,1,0.0,8.2,0.0,45.940243,15.546751
2026-04-25 01:00:00+00:00,426,1,0.0,10.5,0.0,45.51845,13.704866
2026-04-25 02:00:00+00:00,63,2,0.0,9.6,0.0,46.432335,14.134615
2026-04-25 02:00:00+00:00,76,2,0.0,5.1,0.0,46.291737,14.233227
2026-04-25 02:00:00+00:00,106,2,0.0,3.6,0.0,46.22144,14.354067
2026-04-25 02:00:00+00:00,122,2,0.0,4.7,0.0,46.08084,14.45151
2026-04-25 02:00:00+00:00,127,2,0.0,3.2,0.0,46.151142,14.474522
2026-04-25 02:00:00+00:00,129,2,0.0,5.1,0.0,46.010544,14.571429
2026-04-25 02:00:00+00:00,177,2,0.0,5.3,0.0,45.65905,14.88189
2026-04-25 02:00:00+00:00,194,2,0.0,6.5,0.0,46.502636,15.024076
2026-04-25 02:00:00+00:00,236,2,0.0,6.5,0.0,45.79965,15.213271
2026-04-25 02:00:00+00:00,325,2,0.0,9.9,0.0,46.572933,15.62701
2026-04-25 02:00:00+00:00,391,2,0.0,6.7,0.0,46.71353,16.112904
2026-04-25 02:00:00+00:00,422,2,0.0,5.8,0.0,46.22144,15.21531
2026-04-25 02:00:00+00:00,425,2,0.0,7.3,0.0,45.940243,15.546751
2026-04-25 02:00:00+00:00,426,2,0.0,10.9,0.0,45.51845,13.704866
2026-04-25 03:00:00+00:00,63,3,0.0,9.1,0.0,46.432335,14.134615
2026-04-25 03:00:00+00:00,76,3,0.0,4.4,0.0,46.291737,14.233227
2026-04-25 03:00:00+00:00,106,3,0.0,3.3,0.0,46.22144,14.354067
2026-04-25 03:00:00+00:00,122,3,0.0,4.1,0.0,46.08084,14.45151
2026-04-25 03:00:00+00:00,127,3,0.0,2.5,0.0,46.151142,14.474522
2026-04-25 03:00:00+00:00,129,3,0.0,5.2,0.0,46.010544,14.571429
2026-04-25 03:00:00+00:00,177,3,0.0,5.1,0.0,45.65905,14.88189
2026-04-25 03:00:00+00:00,194,3,0.0,6.2,0.0,46.502636,15.024076
2026-04-25 03:00:00+00:00,236,3,0.0,5.7,0.0,45.79965,15.213271
2026-04-25 03:00:00+00:00,325,3,0.0,9.7,0.0,46.572933,15.62701
2026-04-25 03:00:00+00:00,391,3,0.0,7.2,0.0,46.71353,16.112904
2026-04-25 03:00:00+00:00,422,3,0.0,5.3,0.0,46.22144,15.21531
2026-04-25 03:00:00+00:00,425,3,0.0,7.3,0.0,45.940243,15.546751
2026-04-25 03:00:00+00:00,426,3,0.0,10.3,0.0,45.51845,13.704866
2026-04-25 06:00:00+00:00,63,6,201.0,12.9,0.0,46.432335,14.134615
2026-04-25 06:00:00+00:00,76,6,198.0,11.1,0.0,46.291737,14.233227
2026-04-25 06:00:00+00:00,106,6,192.0,10.4,0.0,46.22144,14.354067
2026-04-25 06:00:00+00:00,122,6,187.0,8.7,0.0,46.08084,14.45151
2026-04-25 06:00:00+00:00,127,6,188.0,7.7,0.0,46.151142,14.474522
2026-04-25 06:00:00+00:00,129,6,190.0,8.7,0.0,46.010544,14.571429
2026-04-25 06:00:00+00:00,177,6,197.0,9.6,0.0,45.65905,14.88189
2026-04-25 06:00:00+00:00,194,6,208.0,11.5,0.0,46.502636,15.024076
2026-04-25 06:00:00+00:00,236,6,198.0,9.7,0.0,45.79965,15.213271
2026-04-25 06:00:00+00:00,325,6,208.0,14.5,0.0,46.572933,15.62701
2026-04-25 06:00:00+00:00,391,6,209.0,10.3,0.0,46.71353,16.112904
2026-04-25 06:00:00+00:00,422,6,202.0,10.0,0.0,46.22144,15.21531
2026-04-25 06:00:00+00:00,425,6,199.0,10.8,0.0,45.940243,15.546751
2026-04-25 06:00:00+00:00,426,6,175.0,13.0,0.0,45.51845,13.704866
2026-04-25 07:00:00+00:00,63,1,386.0,14.9,0.0,46.432335,14.134615
2026-04-25 07:00:00+00:00,76,1,383.0,15.6,0.0,46.291737,14.233227
2026-04-25 07:00:00+00:00,106,1,375.0,14.1,0.0,46.22144,14.354067
2026-04-25 07:00:00+00:00,122,1,368.0,11.4,0.0,46.08084,14.45151
2026-04-25 07:00:00+00:00,127,1,369.0,10.1,0.0,46.151142,14.474522
2026-04-25 07:00:00+00:00,129,1,371.0,10.6,0.0,46.010544,14.571429
2026-04-25 07:00:00+00:00,177,1,381.0,12.9,0.0,45.65905,14.88189
2026-04-25 07:00:00+00:00,194,1,391.0,13.5,0.0,46.502636,15.024076
2026-04-25 07:00:00+00:00,236,1,381.0,12.2,0.0,45.79965,15.213271
2026-04-25 07:00:00+00:00,325,1,390.0,15.3,0.0,46.572933,15.62701
2026-04-25 07:00:00+00:00,391,1,389.0,13.4,0.0,46.71353,16.112904
2026-04-25 07:00:00+00:00,422,1,384.0,12.4,0.0,46.22144,15.21531
2026-04-25 07:00:00+00:00,425,1,376.0,12.7,0.0,45.940243,15.546751
2026-04-25 07:00:00+00:00,426,1,354.0,18.1,0.0,45.51845,13.704866
2026-04-25 08:00:00+00:00,63,2,565.0,16.7,0.0,46.432335,14.134615
2026-04-25 08:00:00+00:00,76,2,560.0,17.7,0.0,46.291737,14.233227
2026-04-25 08:00:00+00:00,106,2,551.0,16.8,0.0,46.22144,14.354067
2026-04-25 08:00:00+00:00,122,2,544.0,15.0,0.0,46.08084,14.45151
2026-04-25 08:00:00+00:00,127,2,544.0,13.7,0.0,46.151142,14.474522
2026-04-25 08:00:00+00:00,129,2,546.0,13.8,0.0,46.010544,14.571429
2026-04-25 08:00:00+00:00,177,2,558.0,15.2,0.0,45.65905,14.88189
2026-04-25 08:00:00+00:00,194,2,567.0,16.1,0.0,46.502636,15.024076
2026-04-25 08:00:00+00:00,236,2,556.0,14.9,0.0,45.79965,15.213271
2026-04-25 08:00:00+00:00,325,2,564.0,17.2,0.0,46.572933,15.62701
2026-04-25 08:00:00+00:00,391,2,560.0,16.0,0.0,46.71353,16.112904
2026-04-25 08:00:00+00:00,422,2,557.0,16.0,0.0,46.22144,15.21531
2026-04-25 08:00:00+00:00,425,2,549.0,15.7,0.0,45.940243,15.546751
2026-04-25 08:00:00+00:00,426,2,528.0,19.7,0.0,45.51845,13.704866
2026-04-25 09:00:00+00:00,63,3,713.0,18.7,0.0,46.432335,14.134615
2026-04-25 09:00:00+00:00,76,3,708.0,19.0,0.0,46.291737,14.233227
2026-04-25 09:00:00+00:00,106,3,699.0,18.5,0.0,46.22144,14.354067
2026-04-25 09:00:00+00:00,122,3,691.0,18.3,0.0,46.08084,14.45151
2026-04-25 09:00:00+00:00,127,3,692.0,16.6,0.0,46.151142,14.474522
2026-04-25 09:00:00+00:00,129,3,694.0,16.9,0.0,46.010544,14.571429
2026-04-25 09:00:00+00:00,177,3,706.0,17.0,0.0,45.65905,14.88189
2026-04-25 09:00:00+00:00,194,3,713.0,18.4,0.0,46.502636,15.024076
2026-04-25 09:00:00+00:00,236,3,701.0,17.5,0.0,45.79965,15.213271
2026-04-25 09:00:00+00:00,325,3,708.0,18.6,0.0,46.572933,15.62701
2026-04-25 09:00:00+00:00,391,3,702.0,17.9,0.0,46.71353,16.112904
2026-04-25 09:00:00+00:00,422,3,702.0,18.5,0.0,46.22144,15.21531
2026-04-25 09:00:00+00:00,425,3,694.0,17.9,0.0,45.940243,15.546751
2026-04-25 09:00:00+00:00,426,3,675.0,19.8,0.0,45.51845,13.704866
2026-04-25 12:00:00+00:00,63,6,873.0,22.1,0.0,46.432335,14.134615
2026-04-25 12:00:00+00:00,76,6,868.0,22.0,0.0,46.291737,14.233227
2026-04-25 12:00:00+00:00,106,6,859.0,22.1,0.0,46.22144,14.354067
2026-04-25 12:00:00+00:00,122,6,850.0,23.6,0.0,46.08084,14.45151
2026-04-25 12:00:00+00:00,127,6,850.0,21.0,0.0,46.151142,14.474522
2026-04-25 12:00:00+00:00,129,6,851.0,22.2,0.0,46.010544,14.571429
2026-04-25 12:00:00+00:00,177,6,854.0,20.4,0.0,45.65905,14.88189
2026-04-25 12:00:00+00:00,194,6,861.0,22.1,0.0,46.502636,15.024076
2026-04-25 12:00:00+00:00,236,6,848.0,22.3,0.0,45.79965,15.213271
2026-04-25 12:00:00+00:00,325,6,849.0,21.6,0.0,46.572933,15.62701
2026-04-25 12:00:00+00:00,391,6,843.0,21.2,0.0,46.71353,16.112904
2026-04-25 12:00:00+00:00,422,6,850.0,22.3,0.0,46.22144,15.21531
2026-04-25 12:00:00+00:00,425,6,845.0,21.7,0.0,45.940243,15.546751
2026-04-25 12:00:00+00:00,426,6,842.0,21.2,0.0,45.51845,13.704866
2026-04-25 13:00:00+00:00,63,1,817.0,22.6,0.0,46.432335,14.134615
2026-04-25 13:00:00+00:00,76,1,811.0,23.0,0.0,46.291737,14.233227
2026-04-25 13:00:00+00:00,106,1,802.0,23.8,0.0,46.22144,14.354067
2026-04-25 13:00:00+00:00,122,1,795.0,25.5,0.0,46.08084,14.45151
2026-04-25 13:00:00+00:00,127,1,794.0,23.1,0.0,46.151142,14.474522
2026-04-25 13:00:00+00:00,129,1,797.0,23.9,0.0,46.010544,14.571429
2026-04-25 13:00:00+00:00,177,1,799.0,20.8,0.0,45.65905,14.88189
2026-04-25 13:00:00+00:00,194,1,803.0,22.9,0.0,46.502636,15.024076
2026-04-25 13:00:00+00:00,236,1,789.0,23.2,0.0,45.79965,15.213271
2026-04-25 13:00:00+00:00,325,1,788.0,22.7,0.0,46.572933,15.62701
2026-04-25 13:00:00+00:00,391,1,780.0,22.7,0.0,46.71353,16.112904
2026-04-25 13:00:00+00:00,422,1,793.0,23.8,0.0,46.22144,15.21531
2026-04-25 13:00:00+00:00,425,1,787.0,23.5,0.0,45.940243,15.546751
2026-04-25 13:00:00+00:00,426,1,790.0,21.1,0.0,45.51845,13.704866
2026-04-25 14:00:00+00:00,63,2,710.0,22.4,0.0,46.432335,14.134615
2026-04-25 14:00:00+00:00,76,2,702.0,22.5,0.0,46.291737,14.233227
2026-04-25 14:00:00+00:00,106,2,692.0,23.8,0.0,46.22144,14.354067
2026-04-25 14:00:00+00:00,122,2,685.0,24.9,0.0,46.08084,14.45151
2026-04-25 14:00:00+00:00,127,2,683.0,23.4,0.0,46.151142,14.474522
2026-04-25 14:00:00+00:00,129,2,687.0,23.2,0.0,46.010544,14.571429
2026-04-25 14:00:00+00:00,177,2,691.0,20.2,0.0,45.65905,14.88189
2026-04-25 14:00:00+00:00,194,2,695.0,22.9,0.0,46.502636,15.024076
2026-04-25 14:00:00+00:00,236,2,679.0,23.2,0.0,45.79965,15.213271
2026-04-25 14:00:00+00:00,325,2,679.0,23.1,0.0,46.572933,15.62701
2026-04-25 14:00:00+00:00,391,2,670.0,23.0,0.0,46.71353,16.112904
2026-04-25 14:00:00+00:00,422,2,684.0,23.9,0.0,46.22144,15.21531
2026-04-25 14:00:00+00:00,425,2,675.0,23.5,0.0,45.940243,15.546751
2026-04-25 14:00:00+00:00,426,2,688.0,21.0,0.0,45.51845,13.704866
2026-04-25 15:00:00+00:00,63,3,562.0,21.8,0.0,46.432335,14.134615
2026-04-25 15:00:00+00:00,76,3,554.0,21.4,0.0,46.291737,14.233227
2026-04-25 15:00:00+00:00,106,3,544.0,22.7,0.0,46.22144,14.354067
2026-04-25 15:00:00+00:00,122,3,536.0,23.7,0.0,46.08084,14.45151
2026-04-25 15:00:00+00:00,127,3,535.0,22.0,0.0,46.151142,14.474522
2026-04-25 15:00:00+00:00,129,3,538.0,21.9,0.0,46.010544,14.571429
2026-04-25 15:00:00+00:00,177,3,543.0,19.4,0.0,45.65905,14.88189
2026-04-25 15:00:00+00:00,194,3,548.0,22.4,0.0,46.502636,15.024076
2026-04-25 15:00:00+00:00,236,3,529.0,22.7,0.0,45.79965,15.213271
2026-04-25 15:00:00+00:00,325,3,532.0,23.0,0.0,46.572933,15.62701
2026-04-25 15:00:00+00:00,391,3,521.0,22.9,0.0,46.71353,16.112904
2026-04-25 15:00:00+00:00,422,3,537.0,23.7,0.0,46.22144,15.21531
2026-04-25 15:00:00+00:00,425,3,524.0,23.1,0.0,45.940243,15.546751
2026-04-25 15:00:00+00:00,426,3,545.0,21.1,0.0,45.51845,13.704866
2026-04-25 18:00:00+00:00,63,6,49.0,15.3,0.0,46.432335,14.134615
2026-04-25 18:00:00+00:00,76,6,47.0,14.5,0.0,46.291737,14.233227
2026-04-25 18:00:00+00:00,106,6,45.0,15.6,0.0,46.22144,14.354067
2026-04-25 18:00:00+00:00,122,6,43.0,17.9,0.0,46.08084,14.45151
2026-04-25 18:00:00+00:00,127,6,42.0,15.2,0.0,46.151142,14.474522
2026-04-25 18:00:00+00:00,129,6,42.0,15.9,0.0,46.010544,14.571429
2026-04-25 18:00:00+00:00,177,6,40.0,11.6,0.0,45.65905,14.88189
2026-04-25 18:00:00+00:00,194,6,42.0,16.1,0.0,46.502636,15.024076
2026-04-25 18:00:00+00:00,236,6,37.0,16.2,0.0,45.79965,15.213271
2026-04-25 18:00:00+00:00,325,6,37.0,17.5,0.0,46.572933,15.62701
2026-04-25 18:00:00+00:00,391,6,34.0,16.7,0.0,46.71353,16.112904
2026-04-25 18:00:00+00:00,422,6,38.0,17.4,0.0,46.22144,15.21531
2026-04-25 18:00:00+00:00,425,6,35.0,17.1,0.0,45.940243,15.546751
2026-04-25 18:00:00+00:00,426,6,46.0,17.5,0.0,45.51845,13.704866
2026-04-25 19:00:00+00:00,63,1,0.0,13.4,0.0,46.432335,14.134615
2026-04-25 19:00:00+00:00,76,1,0.0,13.6,0.0,46.291737,14.233227
2026-04-25 19:00:00+00:00,106,1,0.0,15.1,0.0,46.22144,14.354067
2026-04-25 19:00:00+00:00,122,1,0.0,16.8,0.0,46.08084,14.45151
2026-04-25 19:00:00+00:00,127,1,0.0,14.0,0.0,46.151142,14.474522
2026-04-25 19:00:00+00:00,129,1,0.0,14.6,0.0,46.010544,14.571429
2026-04-25 19:00:00+00:00,177,1,0.0,9.9,0.0,45.65905,14.88189
2026-04-25 19:00:00+00:00,194,1,0.0,14.8,0.0,46.502636,15.024076
2026-04-25 19:00:00+00:00,236,1,0.0,15.4,0.0,45.79965,15.213271
2026-04-25 19:00:00+00:00,325,1,0.0,17.0,0.0,46.572933,15.62701
2026-04-25 19:00:00+00:00,391,1,0.0,15.7,0.0,46.71353,16.112904
2026-04-25 19:00:00+00:00,422,1,0.0,17.2,0.0,46.22144,15.21531
2026-04-25 19:00:00+00:00,425,1,0.0,15.7,0.0,45.940243,15.546751
2026-04-25 19:00:00+00:00,426,1,0.0,16.4,0.0,45.51845,13.704866
2026-04-25 20:00:00+00:00,63,2,0.0,11.7,0.0,46.432335,14.134615
2026-04-25 20:00:00+00:00,76,2,0.0,12.0,0.0,46.291737,14.233227
2026-04-25 20:00:00+00:00,106,2,0.0,13.4,0.0,46.22144,14.354067
2026-04-25 20:00:00+00:00,122,2,0.0,15.2,0.0,46.08084,14.45151
2026-04-25 20:00:00+00:00,127,2,0.0,12.6,0.0,46.151142,14.474522
2026-04-25 20:00:00+00:00,129,2,0.0,12.9,0.0,46.010544,14.571429
2026-04-25 20:00:00+00:00,177,2,0.0,7.8,0.0,45.65905,14.88189
2026-04-25 20:00:00+00:00,194,2,0.0,13.6,0.0,46.502636,15.024076
2026-04-25 20:00:00+00:00,236,2,0.0,13.2,0.0,45.79965,15.213271
2026-04-25 20:00:00+00:00,325,2,0.0,15.6,0.0,46.572933,15.62701
2026-04-25 20:00:00+00:00,391,2,0.0,14.8,0.0,46.71353,16.112904
2026-04-25 20:00:00+00:00,422,2,0.0,15.2,0.0,46.22144,15.21531
2026-04-25 20:00:00+00:00,425,2,0.0,15.0,0.0,45.940243,15.546751
2026-04-25 20:00:00+00:00,426,2,0.0,14.9,0.0,45.51845,13.704866
2026-04-25 21:00:00+00:00,63,3,0.0,10.0,0.0,46.432335,14.134615
2026-04-25 21:00:00+00:00,76,3,0.0,10.2,0.0,46.291737,14.233227
2026-04-25 21:00:00+00:00,106,3,0.0,11.7,0.0,46.22144,14.354067
2026-04-25 21:00:00+00:00,122,3,0.0,13.6,0.0,46.08084,14.45151
2026-04-25 21:00:00+00:00,127,3,0.0,11.4,0.0,46.151142,14.474522
2026-04-25 21:00:00+00:00,129,3,0.0,11.7,0.0,46.010544,14.571429
2026-04-25 21:00:00+00:00,177,3,0.0,6.1,0.0,45.65905,14.88189
2026-04-25 21:00:00+00:00,194,3,0.0,12.4,0.0,46.502636,15.024076
2026-04-25 21:00:00+00:00,236,3,0.0,11.7,0.0,45.79965,15.213271
2026-04-25 21:00:00+00:00,325,3,0.0,14.4,0.0,46.572933,15.62701
2026-04-25 21:00:00+00:00,391,3,0.0,14.9,0.0,46.71353,16.112904
2026-04-25 21:00:00+00:00,422,3,0.0,14.0,0.0,46.22144,15.21531
2026-04-25 21:00:00+00:00,425,3,0.0,14.0,0.0,45.940243,15.546751
2026-04-25 21:00:00+00:00,426,3,0.0,14.4,0.0,45.51845,13.704866
2026-04-26 00:00:00+00:00,63,6,0.0,10.7,0.0,46.432335,14.134615
2026-04-26 00:00:00+00:00,63,24,0.0,10.9,0.0,46.432335,14.134615
2026-04-26 00:00:00+00:00,76,6,0.0,7.3,0.0,46.291737,14.233227
2026-04-26 00:00:00+00:00,76,24,0.0,7.4,0.0,46.291737,14.233227
2026-04-26 00:00:00+00:00,106,6,0.0,8.4,0.0,46.22144,14.354067
2026-04-26 00:00:00+00:00,106,24,0.0,8.0,0.0,46.22144,14.354067
2026-04-26 00:00:00+00:00,122,6,0.0,9.8,0.0,46.08084,14.45151
2026-04-26 00:00:00+00:00,122,24,0.0,9.4,0.0,46.08084,14.45151
2026-04-26 00:00:00+00:00,127,6,0.0,8.5,0.0,46.151142,14.474522
2026-04-26 00:00:00+00:00,127,24,0.0,8.0,0.0,46.151142,14.474522
2026-04-26 00:00:00+00:00,129,6,0.0,8.8,0.0,46.010544,14.571429
2026-04-26 00:00:00+00:00,129,24,0.0,8.3,0.0,46.010544,14.571429
2026-04-26 00:00:00+00:00,177,6,0.0,4.5,0.0,45.65905,14.88189
2026-04-26 00:00:00+00:00,177,24,0.0,4.6,0.0,45.65905,14.88189
2026-04-26 00:00:00+00:00,194,6,0.0,10.3,0.0,46.502636,15.024076
2026-04-26 00:00:00+00:00,194,24,0.0,10.5,0.0,46.502636,15.024076
2026-04-26 00:00:00+00:00,236,6,0.0,9.5,0.0,45.79965,15.213271
2026-04-26 00:00:00+00:00,236,24,0.0,9.4,0.0,45.79965,15.213271
2026-04-26 00:00:00+00:00,325,6,0.0,14.0,0.0,46.572933,15.62701
2026-04-26 00:00:00+00:00,325,24,0.0,12.9,0.0,46.572933,15.62701
2026-04-26 00:00:00+00:00,391,6,0.0,12.4,0.0,46.71353,16.112904
2026-04-26 00:00:00+00:00,391,24,0.0,11.2,0.0,46.71353,16.112904
2026-04-26 00:00:00+00:00,422,6,0.0,9.8,0.0,46.22144,15.21531
2026-04-26 00:00:00+00:00,422,24,0.0,9.1,0.0,46.22144,15.21531
2026-04-26 00:00:00+00:00,425,6,0.0,11.8,0.0,45.940243,15.546751
2026-04-26 00:00:00+00:00,425,24,0.0,11.1,0.0,45.940243,15.546751
2026-04-26 00:00:00+00:00,426,6,0.0,13.5,0.0,45.51845,13.704866
2026-04-26 00:00:00+00:00,426,24,0.0,13.2,0.0,45.51845,13.704866
2026-04-26 06:00:00+00:00,63,24,205.0,14.2,0.0,46.432335,14.134615
2026-04-26 06:00:00+00:00,76,24,200.0,12.9,0.0,46.291737,14.233227
2026-04-26 06:00:00+00:00,106,24,194.0,12.2,0.0,46.22144,14.354067
2026-04-26 06:00:00+00:00,122,24,188.0,10.4,0.0,46.08084,14.45151
2026-04-26 06:00:00+00:00,127,24,189.0,9.5,0.0,46.151142,14.474522
2026-04-26 06:00:00+00:00,129,24,190.0,10.0,0.0,46.010544,14.571429
2026-04-26 06:00:00+00:00,177,24,196.0,10.8,0.0,45.65905,14.88189
2026-04-26 06:00:00+00:00,194,24,212.0,13.4,0.0,46.502636,15.024076
2026-04-26 06:00:00+00:00,236,24,199.0,11.8,0.0,45.79965,15.213271
2026-04-26 06:00:00+00:00,325,24,213.0,14.7,0.0,46.572933,15.62701
2026-04-26 06:00:00+00:00,391,24,218.0,15.7,0.0,46.71353,16.112904
2026-04-26 06:00:00+00:00,422,24,204.0,12.0,0.0,46.22144,15.21531
2026-04-26 06:00:00+00:00,425,24,201.0,12.3,0.0,45.940243,15.546751
2026-04-26 06:00:00+00:00,426,24,174.0,14.8,0.0,45.51845,13.704866
2026-04-26 12:00:00+00:00,63,24,876.0,22.0,0.0,46.432335,14.134615
2026-04-26 12:00:00+00:00,76,24,780.0,21.9,0.0,46.291737,14.233227
2026-04-26 12:00:00+00:00,106,24,771.0,21.5,0.0,46.22144,14.354067
2026-04-26 12:00:00+00:00,122,24,817.0,23.4,0.0,46.08084,14.45151
2026-04-26 12:00:00+00:00,127,24,804.0,20.6,0.0,46.151142,14.474522
2026-04-26 12:00:00+00:00,129,24,837.0,21.6,0.0,46.010544,14.571429
2026-04-26 12:00:00+00:00,177,24,860.0,17.5,0.0,45.65905,14.88189
2026-04-26 12:00:00+00:00,194,24,863.0,22.5,0.0,46.502636,15.024076
2026-04-26 12:00:00+00:00,236,24,850.0,21.5,0.0,45.79965,15.213271
2026-04-26 12:00:00+00:00,325,24,823.0,22.2,0.0,46.572933,15.62701
2026-04-26 12:00:00+00:00,391,24,826.0,19.7,0.0,46.71353,16.112904
2026-04-26 12:00:00+00:00,422,24,826.0,21.4,0.0,46.22144,15.21531
2026-04-26 12:00:00+00:00,425,24,844.0,20.9,0.0,45.940243,15.546751
2026-04-26 12:00:00+00:00,426,24,843.0,21.4,0.0,45.51845,13.704866
2026-04-26 18:00:00+00:00,63,24,49.0,14.6,0.0,46.432335,14.134615
2026-04-26 18:00:00+00:00,76,24,47.0,15.3,0.0,46.291737,14.233227
2026-04-26 18:00:00+00:00,106,24,44.0,16.5,0.0,46.22144,14.354067
2026-04-26 18:00:00+00:00,122,24,42.0,18.1,0.0,46.08084,14.45151
2026-04-26 18:00:00+00:00,127,24,42.0,16.1,0.0,46.151142,14.474522
2026-04-26 18:00:00+00:00,129,24,43.0,16.1,0.0,46.010544,14.571429
2026-04-26 18:00:00+00:00,177,24,40.0,12.0,0.0,45.65905,14.88189
2026-04-26 18:00:00+00:00,194,24,43.0,15.0,0.0,46.502636,15.024076
2026-04-26 18:00:00+00:00,236,24,38.0,15.2,0.0,45.79965,15.213271
2026-04-26 18:00:00+00:00,325,24,38.0,14.3,0.0,46.572933,15.62701
2026-04-26 18:00:00+00:00,391,24,35.0,13.9,0.0,46.71353,16.112904
2026-04-26 18:00:00+00:00,422,24,39.0,15.6,0.0,46.22144,15.21531
2026-04-26 18:00:00+00:00,425,24,35.0,16.0,0.0,45.940243,15.546751
2026-04-26 18:00:00+00:00,426,24,47.0,18.4,0.0,45.51845,13.704866
2026-04-26 01:00:00+00:00,63,1,0.0,11.3,0.0,46.432335,14.134615
2026-04-26 01:00:00+00:00,76,1,0.0,7.8,0.0,46.291737,14.233227
2026-04-26 01:00:00+00:00,106,1,0.0,7.6,0.0,46.22144,14.354067
2026-04-26 01:00:00+00:00,122,1,0.0,8.7,0.0,46.08084,14.45151
2026-04-26 01:00:00+00:00,127,1,0.0,7.3,0.0,46.151142,14.474522
2026-04-26 01:00:00+00:00,129,1,0.0,7.6,0.0,46.010544,14.571429
2026-04-26 01:00:00+00:00,177,1,0.0,4.6,0.0,45.65905,14.88189
2026-04-26 01:00:00+00:00,194,1,0.0,10.5,0.0,46.502636,15.024076
2026-04-26 01:00:00+00:00,236,1,0.0,7.9,0.0,45.79965,15.213271
2026-04-26 01:00:00+00:00,325,1,0.0,13.3,0.0,46.572933,15.62701
2026-04-26 01:00:00+00:00,391,1,0.0,10.4,0.0,46.71353,16.112904
2026-04-26 01:00:00+00:00,422,1,0.0,8.4,0.0,46.22144,15.21531
2026-04-26 01:00:00+00:00,425,1,0.0,10.4,0.0,45.940243,15.546751
2026-04-26 01:00:00+00:00,426,1,0.0,12.9,0.0,45.51845,13.704866
2026-04-26 02:00:00+00:00,63,2,0.0,10.9,0.0,46.432335,14.134615
2026-04-26 02:00:00+00:00,76,2,0.0,7.1,0.0,46.291737,14.233227
2026-04-26 02:00:00+00:00,106,2,0.0,6.8,0.0,46.22144,14.354067
2026-04-26 02:00:00+00:00,122,2,0.0,7.8,0.0,46.08084,14.45151
2026-04-26 02:00:00+00:00,127,2,0.0,6.6,0.0,46.151142,14.474522
2026-04-26 02:00:00+00:00,129,2,0.0,7.3,0.0,46.010544,14.571429
2026-04-26 02:00:00+00:00,177,2,0.0,4.6,0.0,45.65905,14.88189
2026-04-26 02:00:00+00:00,194,2,0.0,10.2,0.0,46.502636,15.024076
2026-04-26 02:00:00+00:00,236,2,0.0,8.2,0.0,45.79965,15.213271
2026-04-26 02:00:00+00:00,325,2,0.0,12.4,0.0,46.572933,15.62701
2026-04-26 02:00:00+00:00,391,2,0.0,9.8,0.0,46.71353,16.112904
2026-04-26 02:00:00+00:00,422,2,0.0,7.7,0.0,46.22144,15.21531
2026-04-26 02:00:00+00:00,425,2,0.0,9.7,0.0,45.940243,15.546751
2026-04-26 02:00:00+00:00,426,2,0.0,11.6,0.0,45.51845,13.704866
2026-04-26 03:00:00+00:00,63,3,0.0,10.3,0.0,46.432335,14.134615
2026-04-26 03:00:00+00:00,76,3,0.0,6.5,0.0,46.291737,14.233227
2026-04-26 03:00:00+00:00,106,3,0.0,6.1,0.0,46.22144,14.354067
2026-04-26 03:00:00+00:00,122,3,0.0,7.4,0.0,46.08084,14.45151
2026-04-26 03:00:00+00:00,127,3,0.0,5.7,0.0,46.151142,14.474522
2026-04-26 03:00:00+00:00,129,3,0.0,6.7,0.0,46.010544,14.571429
2026-04-26 03:00:00+00:00,177,3,0.0,4.8,0.0,45.65905,14.88189
2026-04-26 03:00:00+00:00,194,3,0.0,9.7,0.0,46.502636,15.024076
2026-04-26 03:00:00+00:00,236,3,0.0,8.3,0.0,45.79965,15.213271
2026-04-26 03:00:00+00:00,325,3,0.0,11.8,0.0,46.572933,15.62701
2026-04-26 03:00:00+00:00,391,3,0.0,9.9,0.0,46.71353,16.112904
2026-04-26 03:00:00+00:00,422,3,0.0,7.3,0.0,46.22144,15.21531
2026-04-26 03:00:00+00:00,425,3,0.0,8.8,0.0,45.940243,15.546751
2026-04-26 03:00:00+00:00,426,3,0.0,10.7,0.0,45.51845,13.704866
2026-04-26 06:00:00+00:00,63,6,204.0,15.0,0.0,46.432335,14.134615
2026-04-26 06:00:00+00:00,76,6,199.0,13.5,0.0,46.291737,14.233227
2026-04-26 06:00:00+00:00,106,6,194.0,12.5,0.0,46.22144,14.354067
2026-04-26 06:00:00+00:00,122,6,188.0,10.4,0.0,46.08084,14.45151
2026-04-26 06:00:00+00:00,127,6,189.0,9.5,0.0,46.151142,14.474522
2026-04-26 06:00:00+00:00,129,6,191.0,9.9,0.0,46.010544,14.571429
2026-04-26 06:00:00+00:00,177,6,196.0,11.5,0.0,45.65905,14.88189
2026-04-26 06:00:00+00:00,194,6,210.0,14.2,0.0,46.502636,15.024076
2026-04-26 06:00:00+00:00,236,6,199.0,11.6,0.0,45.79965,15.213271
2026-04-26 06:00:00+00:00,325,6,212.0,15.4,0.0,46.572933,15.62701
2026-04-26 06:00:00+00:00,391,6,215.0,16.6,0.0,46.71353,16.112904
2026-04-26 06:00:00+00:00,422,6,204.0,12.4,0.0,46.22144,15.21531
2026-04-26 06:00:00+00:00,425,6,202.0,12.1,0.0,45.940243,15.546751
2026-04-26 06:00:00+00:00,426,6,174.0,14.3,0.0,45.51845,13.704866
2026-04-26 07:00:00+00:00,63,1,389.0,17.3,0.0,46.432335,14.134615
2026-04-26 07:00:00+00:00,76,1,382.0,17.8,0.0,46.291737,14.233227
2026-04-26 07:00:00+00:00,106,1,374.0,16.2,0.0,46.22144,14.354067
2026-04-26 07:00:00+00:00,122,1,367.0,13.4,0.0,46.08084,14.45151
2026-04-26 07:00:00+00:00,127,1,368.0,12.1,0.0,46.151142,14.474522
2026-04-26 07:00:00+00:00,129,1,370.0,12.8,0.0,46.010544,14.571429
2026-04-26 07:00:00+00:00,177,1,380.0,15.2,0.0,45.65905,14.88189
2026-04-26 07:00:00+00:00,194,1,392.0,16.8,0.0,46.502636,15.024076
2026-04-26 07:00:00+00:00,236,1,382.0,15.3,0.0,45.79965,15.213271
2026-04-26 07:00:00+00:00,325,1,392.0,18.1,0.0,46.572933,15.62701
2026-04-26 07:00:00+00:00,391,1,395.0,18.4,0.0,46.71353,16.112904
2026-04-26 07:00:00+00:00,422,1,385.0,15.8,0.0,46.22144,15.21531
2026-04-26 07:00:00+00:00,425,1,383.0,14.9,0.0,45.940243,15.546751
2026-04-26 07:00:00+00:00,426,1,351.0,19.1,0.0,45.51845,13.704866
2026-04-26 08:00:00+00:00,63,2,564.0,18.4,0.0,46.432335,14.134615
2026-04-26 08:00:00+00:00,76,2,557.0,19.8,0.0,46.291737,14.233227
2026-04-26 08:00:00+00:00,106,2,547.0,18.8,0.0,46.22144,14.354067
2026-04-26 08:00:00+00:00,122,2,540.0,16.7,0.0,46.08084,14.45151
2026-04-26 08:00:00+00:00,127,2,539.0,15.2,0.0,46.151142,14.474522
2026-04-26 08:00:00+00:00,129,2,543.0,15.8,0.0,46.010544,14.571429
2026-04-26 08:00:00+00:00,177,2,557.0,17.3,0.0,45.65905,14.88189
2026-04-26 08:00:00+00:00,194,2,566.0,19.1,0.0,46.502636,15.024076
2026-04-26 08:00:00+00:00,236,2,555.0,18.2,0.0,45.79965,15.213271
2026-04-26 08:00:00+00:00,325,2,565.0,19.3,0.0,46.572933,15.62701
2026-04-26 08:00:00+00:00,391,2,567.0,18.5,0.0,46.71353,16.112904
2026-04-26 08:00:00+00:00,422,2,556.0,18.8,0.0,46.22144,15.21531
2026-04-26 08:00:00+00:00,425,2,553.0,17.7,0.0,45.940243,15.546751
2026-04-26 08:00:00+00:00,426,2,524.0,20.4,0.0,45.51845,13.704866
2026-04-26 09:00:00+00:00,63,3,713.0,19.8,0.0,46.432335,14.134615
2026-04-26 09:00:00+00:00,76,3,704.0,20.9,0.0,46.291737,14.233227
2026-04-26 09:00:00+00:00,106,3,692.0,20.5,0.0,46.22144,14.354067
2026-04-26 09:00:00+00:00,122,3,684.0,20.3,0.0,46.08084,14.45151
2026-04-26 09:00:00+00:00,127,3,684.0,18.4,0.0,46.151142,14.474522
2026-04-26 09:00:00+00:00,129,3,688.0,19.2,0.0,46.010544,14.571429
2026-04-26 09:00:00+00:00,177,3,704.0,18.3,0.0,45.65905,14.88189
2026-04-26 09:00:00+00:00,194,3,714.0,20.2,0.0,46.502636,15.024076
2026-04-26 09:00:00+00:00,236,3,697.0,20.5,0.0,45.79965,15.213271
2026-04-26 09:00:00+00:00,325,3,710.0,20.9,0.0,46.572933,15.62701
2026-04-26 09:00:00+00:00,391,3,709.0,19.9,0.0,46.71353,16.112904
2026-04-26 09:00:00+00:00,422,3,699.0,20.2,0.0,46.22144,15.21531
2026-04-26 09:00:00+00:00,425,3,695.0,19.6,0.0,45.940243,15.546751
2026-04-26 09:00:00+00:00,426,3,672.0,20.8,0.0,45.51845,13.704866
2026-04-26 12:00:00+00:00,63,6,873.0,22.8,0.0,46.432335,14.134615
2026-04-26 12:00:00+00:00,76,6,794.0,23.2,0.0,46.291737,14.233227
2026-04-26 12:00:00+00:00,106,6,799.0,22.9,0.0,46.22144,14.354067
2026-04-26 12:00:00+00:00,122,6,838.0,24.8,0.0,46.08084,14.45151
2026-04-26 12:00:00+00:00,127,6,837.0,22.3,0.0,46.151142,14.474522
2026-04-26 12:00:00+00:00,129,6,835.0,22.5,0.0,46.010544,14.571429
2026-04-26 12:00:00+00:00,177,6,855.0,18.7,0.0,45.65905,14.88189
2026-04-26 12:00:00+00:00,194,6,867.0,23.5,0.0,46.502636,15.024076
2026-04-26 12:00:00+00:00,236,6,816.0,22.5,0.0,45.79965,15.213271
2026-04-26 12:00:00+00:00,325,6,820.0,23.3,0.0,46.572933,15.62701
2026-04-26 12:00:00+00:00,391,6,837.0,19.4,0.0,46.71353,16.112904
2026-04-26 12:00:00+00:00,422,6,822.0,22.2,0.0,46.22144,15.21531
2026-04-26 12:00:00+00:00,425,6,839.0,21.9,0.0,45.940243,15.546751
2026-04-26 12:00:00+00:00,426,6,836.0,21.6,0.0,45.51845,13.704866
2026-04-26 13:00:00+00:00,63,1,816.0,24.2,0.0,46.432335,14.134615
2026-04-26 13:00:00+00:00,76,1,628.0,23.6,0.0,46.291737,14.233227
2026-04-26 13:00:00+00:00,106,1,659.0,23.7,0.0,46.22144,14.354067
2026-04-26 13:00:00+00:00,122,1,768.0,25.9,0.0,46.08084,14.45151
2026-04-26 13:00:00+00:00,127,1,762.0,23.9,0.0,46.151142,14.474522
2026-04-26 13:00:00+00:00,129,1,790.0,24.5,0.0,46.010544,14.571429
2026-04-26 13:00:00+00:00,177,1,805.0,19.5,0.0,45.65905,14.88189
2026-04-26 13:00:00+00:00,194,1,817.0,24.4,0.0,46.502636,15.024076
2026-04-26 13:00:00+00:00,236,1,782.0,23.6,0.0,45.79965,15.213271
2026-04-26 13:00:00+00:00,325,1,782.0,19.7,0.0,46.572933,15.62701
2026-04-26 13:00:00+00:00,391,1,761.0,17.9,0.0,46.71353,16.112904
2026-04-26 13:00:00+00:00,422,1,739.0,23.2,0.0,46.22144,15.21531
2026-04-26 13:00:00+00:00,425,1,773.0,22.8,0.0,45.940243,15.546751
2026-04-26 13:00:00+00:00,426,1,791.0,21.5,0.0,45.51845,13.704866
2026-04-26 14:00:00+00:00,63,2,718.0,24.2,0.0,46.432335,14.134615
2026-04-26 14:00:00+00:00,76,2,672.0,24.1,0.0,46.291737,14.233227
2026-04-26 14:00:00+00:00,106,2,661.0,24.4,0.0,46.22144,14.354067
2026-04-26 14:00:00+00:00,122,2,662.0,26.1,0.0,46.08084,14.45151
2026-04-26 14:00:00+00:00,127,2,667.0,23.9,0.0,46.151142,14.474522
2026-04-26 14:00:00+00:00,129,2,668.0,24.1,0.0,46.010544,14.571429
2026-04-26 14:00:00+00:00,177,2,696.0,19.1,0.0,45.65905,14.88189
2026-04-26 14:00:00+00:00,194,2,705.0,24.7,0.0,46.502636,15.024076
2026-04-26 14:00:00+00:00,236,2,659.0,23.1,0.0,45.79965,15.213271
2026-04-26 14:00:00+00:00,325,2,669.0,20.4,0.0,46.572933,15.62701
2026-04-26 14:00:00+00:00,391,2,664.0,18.2,0.0,46.71353,16.112904
2026-04-26 14:00:00+00:00,422,2,654.0,23.1,0.0,46.22144,15.21531
2026-04-26 14:00:00+00:00,425,2,630.0,22.7,0.0,45.940243,15.546751
2026-04-26 14:00:00+00:00,426,2,687.0,21.3,0.0,45.51845,13.704866
2026-04-26 15:00:00+00:00,63,3,572.0,23.6,0.0,46.432335,14.134615
2026-04-26 15:00:00+00:00,76,3,544.0,23.6,0.0,46.291737,14.233227
2026-04-26 15:00:00+00:00,106,3,534.0,24.6,0.0,46.22144,14.354067
2026-04-26 15:00:00+00:00,122,3,456.0,25.4,0.0,46.08084,14.45151
2026-04-26 15:00:00+00:00,127,3,505.0,23.0,0.0,46.151142,14.474522
2026-04-26 15:00:00+00:00,129,3,450.0,22.5,0.0,46.010544,14.571429
2026-04-26 15:00:00+00:00,177,3,524.0,18.4,0.0,45.65905,14.88189
2026-04-26 15:00:00+00:00,194,3,543.0,22.6,0.0,46.502636,15.024076
2026-04-26 15:00:00+00:00,236,3,517.0,22.1,0.0,45.79965,15.213271
2026-04-26 15:00:00+00:00,325,3,520.0,17.5,0.0,46.572933,15.62701
2026-04-26 15:00:00+00:00,391,3,510.0,17.7,0.0,46.71353,16.112904
2026-04-26 15:00:00+00:00,422,3,522.0,21.9,0.0,46.22144,15.21531
2026-04-26 15:00:00+00:00,425,3,501.0,21.3,0.0,45.940243,15.546751
2026-04-26 15:00:00+00:00,426,3,543.0,21.4,0.0,45.51845,13.704866
2026-04-26 18:00:00+00:00,63,6,51.0,16.8,0.0,46.432335,14.134615
2026-04-26 18:00:00+00:00,76,6,47.0,16.4,0.0,46.291737,14.233227
2026-04-26 18:00:00+00:00,106,6,44.0,16.9,0.0,46.22144,14.354067
2026-04-26 18:00:00+00:00,122,6,41.0,18.1,0.0,46.08084,14.45151
2026-04-26 18:00:00+00:00,127,6,42.0,16.7,0.0,46.151142,14.474522
2026-04-26 18:00:00+00:00,129,6,41.0,16.3,0.0,46.010544,14.571429
2026-04-26 18:00:00+00:00,177,6,40.0,12.4,0.0,45.65905,14.88189
2026-04-26 18:00:00+00:00,194,6,42.0,14.3,0.0,46.502636,15.024076
2026-04-26 18:00:00+00:00,236,6,38.0,15.9,0.0,45.79965,15.213271
2026-04-26 18:00:00+00:00,325,6,38.0,13.1,0.0,46.572933,15.62701
2026-04-26 18:00:00+00:00,391,6,35.0,13.5,0.0,46.71353,16.112904
2026-04-26 18:00:00+00:00,422,6,39.0,14.6,0.0,46.22144,15.21531
2026-04-26 18:00:00+00:00,425,6,36.0,14.8,0.0,45.940243,15.546751
2026-04-26 18:00:00+00:00,426,6,47.0,18.3,0.0,45.51845,13.704866
2026-04-26 19:00:00+00:00,63,1,0.0,15.5,0.0,46.432335,14.134615
2026-04-26 19:00:00+00:00,76,1,0.0,15.7,0.0,46.291737,14.233227
2026-04-26 19:00:00+00:00,106,1,0.0,15.9,0.0,46.22144,14.354067
2026-04-26 19:00:00+00:00,122,1,0.0,17.0,0.0,46.08084,14.45151
2026-04-26 19:00:00+00:00,127,1,0.0,15.6,0.0,46.151142,14.474522
2026-04-26 19:00:00+00:00,129,1,0.0,15.4,0.0,46.010544,14.571429
2026-04-26 19:00:00+00:00,177,1,0.0,11.5,0.0,45.65905,14.88189
2026-04-26 19:00:00+00:00,194,1,0.0,13.1,0.0,46.502636,15.024076
2026-04-26 19:00:00+00:00,236,1,0.0,15.0,0.0,45.79965,15.213271
2026-04-26 19:00:00+00:00,325,1,0.0,12.5,0.0,46.572933,15.62701
2026-04-26 19:00:00+00:00,391,1,0.0,12.1,0.0,46.71353,16.112904
2026-04-26 19:00:00+00:00,422,1,0.0,13.8,0.0,46.22144,15.21531
2026-04-26 19:00:00+00:00,425,1,0.0,13.7,0.0,45.940243,15.546751
2026-04-26 19:00:00+00:00,426,1,0.0,17.4,0.0,45.51845,13.704866
2026-04-26 20:00:00+00:00,63,2,0.0,14.3,0.0,46.432335,14.134615
2026-04-26 20:00:00+00:00,76,2,0.0,13.1,0.0,46.291737,14.233227
2026-04-26 20:00:00+00:00,106,2,0.0,13.5,0.0,46.22144,14.354067
2026-04-26 20:00:00+00:00,122,2,0.0,15.1,0.0,46.08084,14.45151
2026-04-26 20:00:00+00:00,127,2,0.0,13.2,0.0,46.151142,14.474522
2026-04-26 20:00:00+00:00,129,2,0.0,13.5,0.0,46.010544,14.571429
2026-04-26 20:00:00+00:00,177,2,0.0,9.1,0.0,45.65905,14.88189
2026-04-26 20:00:00+00:00,194,2,0.0,11.3,0.0,46.502636,15.024076
2026-04-26 20:00:00+00:00,236,2,0.0,13.0,0.0,45.79965,15.213271
2026-04-26 20:00:00+00:00,325,2,0.0,11.2,0.0,46.572933,15.62701
2026-04-26 20:00:00+00:00,391,2,0.0,10.6,0.0,46.71353,16.112904
2026-04-26 20:00:00+00:00,422,2,0.0,12.6,0.0,46.22144,15.21531
2026-04-26 20:00:00+00:00,425,2,0.0,12.3,0.0,45.940243,15.546751
2026-04-26 20:00:00+00:00,426,2,0.0,15.6,0.0,45.51845,13.704866
2026-04-26 21:00:00+00:00,63,3,0.0,12.5,0.0,46.432335,14.134615
2026-04-26 21:00:00+00:00,76,3,0.0,11.1,0.0,46.291737,14.233227
2026-04-26 21:00:00+00:00,106,3,0.0,11.6,0.0,46.22144,14.354067
2026-04-26 21:00:00+00:00,122,3,0.0,13.5,0.0,46.08084,14.45151
2026-04-26 21:00:00+00:00,127,3,0.0,10.8,0.0,46.151142,14.474522
2026-04-26 21:00:00+00:00,129,3,0.0,12.1,0.0,46.010544,14.571429
2026-04-26 21:00:00+00:00,177,3,0.0,7.4,0.0,45.65905,14.88189
2026-04-26 21:00:00+00:00,194,3,0.0,9.8,0.0,46.502636,15.024076
2026-04-26 21:00:00+00:00,236,3,0.0,10.9,0.0,45.79965,15.213271
2026-04-26 21:00:00+00:00,325,3,0.0,10.6,0.0,46.572933,15.62701
2026-04-26 21:00:00+00:00,391,3,0.0,9.6,0.0,46.71353,16.112904
2026-04-26 21:00:00+00:00,422,3,0.0,11.6,0.0,46.22144,15.21531
2026-04-26 21:00:00+00:00,425,3,0.0,11.1,0.0,45.940243,15.546751
2026-04-26 21:00:00+00:00,426,3,0.0,14.2,0.0,45.51845,13.704866
2026-04-27 00:00:00+00:00,63,6,0.0,9.4,0.0,46.432335,14.134615
2026-04-27 00:00:00+00:00,63,24,0.0,10.1,0.0,46.432335,14.134615
2026-04-27 00:00:00+00:00,76,6,0.0,9.2,0.0,46.291737,14.233227
2026-04-27 00:00:00+00:00,76,24,0.0,10.0,0.0,46.291737,14.233227
2026-04-27 00:00:00+00:00,106,6,0.0,10.1,0.0,46.22144,14.354067
2026-04-27 00:00:00+00:00,106,24,0.0,11.0,0.0,46.22144,14.354067
2026-04-27 00:00:00+00:00,122,6,0.0,10.5,0.0,46.08084,14.45151
2026-04-27 00:00:00+00:00,122,24,0.0,11.0,0.0,46.08084,14.45151
2026-04-27 00:00:00+00:00,127,6,0.0,9.5,0.0,46.151142,14.474522
2026-04-27 00:00:00+00:00,127,24,0.0,10.2,0.0,46.151142,14.474522
2026-04-27 00:00:00+00:00,129,6,0.0,9.1,0.0,46.010544,14.571429
2026-04-27 00:00:00+00:00,129,24,0.0,9.6,0.0,46.010544,14.571429
2026-04-27 00:00:00+00:00,177,6,0.0,4.5,0.0,45.65905,14.88189
2026-04-27 00:00:00+00:00,177,24,0.0,5.6,0.0,45.65905,14.88189
2026-04-27 00:00:00+00:00,194,6,0.0,8.3,0.0,46.502636,15.024076
2026-04-27 00:00:00+00:00,194,24,0.0,10.0,0.0,46.502636,15.024076
2026-04-27 00:00:00+00:00,236,6,0.0,9.0,0.0,45.79965,15.213271
2026-04-27 00:00:00+00:00,236,24,0.0,8.6,0.0,45.79965,15.213271
2026-04-27 00:00:00+00:00,325,6,0.0,9.5,0.0,46.572933,15.62701
2026-04-27 00:00:00+00:00,325,24,0.0,10.7,0.0,46.572933,15.62701
2026-04-27 00:00:00+00:00,391,6,0.0,8.1,0.0,46.71353,16.112904
2026-04-27 00:00:00+00:00,391,24,0.0,9.1,0.0,46.71353,16.112904
2026-04-27 00:00:00+00:00,422,6,0.0,8.4,0.0,46.22144,15.21531
2026-04-27 00:00:00+00:00,422,24,0.0,9.5,0.0,46.22144,15.21531
2026-04-27 00:00:00+00:00,425,6,0.0,8.7,0.0,45.940243,15.546751
2026-04-27 00:00:00+00:00,425,24,0.0,9.2,0.0,45.940243,15.546751
2026-04-27 00:00:00+00:00,426,6,0.0,14.9,0.0,45.51845,13.704866
2026-04-27 00:00:00+00:00,426,24,0.0,13.9,0.0,45.51845,13.704866
2026-04-27 06:00:00+00:00,63,24,200.0,10.5,0.0,46.432335,14.134615
2026-04-27 06:00:00+00:00,76,24,197.0,10.4,0.0,46.291737,14.233227
2026-04-27 06:00:00+00:00,106,24,193.0,11.2,0.0,46.22144,14.354067
2026-04-27 06:00:00+00:00,122,24,190.0,10.7,0.0,46.08084,14.45151
2026-04-27 06:00:00+00:00,127,24,190.0,10.0,0.0,46.151142,14.474522
2026-04-27 06:00:00+00:00,129,24,191.0,9.7,0.0,46.010544,14.571429
2026-04-27 06:00:00+00:00,177,24,184.0,7.6,0.0,45.65905,14.88189
2026-04-27 06:00:00+00:00,194,24,206.0,11.4,0.0,46.502636,15.024076
2026-04-27 06:00:00+00:00,236,24,190.0,10.4,0.0,45.79965,15.213271
2026-04-27 06:00:00+00:00,325,24,209.0,11.3,0.0,46.572933,15.62701
2026-04-27 06:00:00+00:00,391,24,211.0,10.1,0.0,46.71353,16.112904
2026-04-27 06:00:00+00:00,422,24,202.0,10.5,0.0,46.22144,15.21531
2026-04-27 06:00:00+00:00,425,24,186.0,10.3,0.0,45.940243,15.546751
2026-04-27 06:00:00+00:00,426,24,176.0,14.5,0.0,45.51845,13.704866
2026-04-27 12:00:00+00:00,63,24,870.0,19.5,0.0,46.432335,14.134615
2026-04-27 12:00:00+00:00,76,24,865.0,18.1,0.0,46.291737,14.233227
2026-04-27 12:00:00+00:00,106,24,852.0,18.5,0.0,46.22144,14.354067
2026-04-27 12:00:00+00:00,122,24,843.0,19.9,0.0,46.08084,14.45151
2026-04-27 12:00:00+00:00,127,24,843.0,18.1,0.0,46.151142,14.474522
2026-04-27 12:00:00+00:00,129,24,845.0,18.0,0.0,46.010544,14.571429
2026-04-27 12:00:00+00:00,177,24,851.0,15.2,0.0,45.65905,14.88189
2026-04-27 12:00:00+00:00,194,24,849.0,18.9,0.0,46.502636,15.024076
2026-04-27 12:00:00+00:00,236,24,845.0,19.0,0.0,45.79965,15.213271
2026-04-27 12:00:00+00:00,325,24,845.0,18.2,0.0,46.572933,15.62701
2026-04-27 12:00:00+00:00,391,24,837.0,18.1,0.0,46.71353,16.112904
2026-04-27 12:00:00+00:00,422,24,844.0,18.7,0.0,46.22144,15.21531
2026-04-27 12:00:00+00:00,425,24,838.0,18.2,0.0,45.940243,15.546751
2026-04-27 12:00:00+00:00,426,24,842.0,22.5,0.0,45.51845,13.704866
2026-04-27 18:00:00+00:00,63,24,47.0,13.9,0.0,46.432335,14.134615
2026-04-27 18:00:00+00:00,76,24,48.0,13.9,0.0,46.291737,14.233227
2026-04-27 18:00:00+00:00,106,24,47.0,15.3,0.0,46.22144,14.354067
2026-04-27 18:00:00+00:00,122,24,45.0,16.6,0.0,46.08084,14.45151
2026-04-27 18:00:00+00:00,127,24,45.0,13.7,0.0,46.151142,14.474522
2026-04-27 18:00:00+00:00,129,24,44.0,14.6,0.0,46.010544,14.571429
2026-04-27 18:00:00+00:00,177,24,42.0,10.3,0.0,45.65905,14.88189
2026-04-27 18:00:00+00:00,194,24,45.0,13.9,0.0,46.502636,15.024076
2026-04-27 18:00:00+00:00,236,24,40.0,13.6,0.0,45.79965,15.213271
2026-04-27 18:00:00+00:00,325,24,40.0,15.0,0.0,46.572933,15.62701
2026-04-27 18:00:00+00:00,391,24,37.0,14.7,0.0,46.71353,16.112904
2026-04-27 18:00:00+00:00,422,24,40.0,14.8,0.0,46.22144,15.21531
2026-04-27 18:00:00+00:00,425,24,38.0,14.2,0.0,45.940243,15.546751
2026-04-27 18:00:00+00:00,426,24,49.0,18.0,0.0,45.51845,13.704866
2026-04-27 01:00:00+00:00,63,1,0.0,9.9,0.0,46.432335,14.134615
2026-04-27 01:00:00+00:00,76,1,0.0,9.3,0.0,46.291737,14.233227
2026-04-27 01:00:00+00:00,106,1,0.0,10.3,0.0,46.22144,14.354067
2026-04-27 01:00:00+00:00,122,1,0.0,11.0,0.0,46.08084,14.45151
2026-04-27 01:00:00+00:00,127,1,0.0,9.5,0.0,46.151142,14.474522
2026-04-27 01:00:00+00:00,129,1,0.0,9.5,0.0,46.010544,14.571429
2026-04-27 01:00:00+00:00,177,1,0.0,5.6,0.0,45.65905,14.88189
2026-04-27 01:00:00+00:00,194,1,0.0,8.4,0.0,46.502636,15.024076
2026-04-27 01:00:00+00:00,236,1,0.0,8.6,0.0,45.79965,15.213271
2026-04-27 01:00:00+00:00,325,1,0.0,9.0,0.0,46.572933,15.62701
2026-04-27 01:00:00+00:00,391,1,0.0,6.5,0.0,46.71353,16.112904
2026-04-27 01:00:00+00:00,422,1,0.0,8.1,0.0,46.22144,15.21531
2026-04-27 01:00:00+00:00,425,1,0.0,8.4,0.0,45.940243,15.546751
2026-04-27 01:00:00+00:00,426,1,0.0,14.8,0.0,45.51845,13.704866
2026-04-27 02:00:00+00:00,63,2,0.0,8.7,0.0,46.432335,14.134615
2026-04-27 02:00:00+00:00,76,2,0.0,8.7,0.0,46.291737,14.233227
2026-04-27 02:00:00+00:00,106,2,0.0,9.9,0.0,46.22144,14.354067
2026-04-27 02:00:00+00:00,122,2,0.0,10.1,0.0,46.08084,14.45151
2026-04-27 02:00:00+00:00,127,2,0.0,9.2,0.0,46.151142,14.474522
2026-04-27 02:00:00+00:00,129,2,0.0,8.9,0.0,46.010544,14.571429
2026-04-27 02:00:00+00:00,177,2,0.0,4.9,0.0,45.65905,14.88189
2026-04-27 02:00:00+00:00,194,2,0.0,7.6,0.0,46.502636,15.024076
2026-04-27 02:00:00+00:00,236,2,0.0,8.4,0.0,45.79965,15.213271
2026-04-27 02:00:00+00:00,325,2,0.0,8.4,0.0,46.572933,15.62701
2026-04-27 02:00:00+00:00,391,2,0.0,5.8,0.0,46.71353,16.112904
2026-04-27 02:00:00+00:00,422,2,0.0,7.9,0.0,46.22144,15.21531
2026-04-27 02:00:00+00:00,425,2,0.0,8.3,0.0,45.940243,15.546751
2026-04-27 02:00:00+00:00,426,2,0.0,14.5,0.0,45.51845,13.704866
2026-04-27 03:00:00+00:00,63,3,0.0,7.5,0.0,46.432335,14.134615
2026-04-27 03:00:00+00:00,76,3,0.0,7.9,0.0,46.291737,14.233227
2026-04-27 03:00:00+00:00,106,3,0.0,9.3,0.0,46.22144,14.354067
2026-04-27 03:00:00+00:00,122,3,0.0,9.8,0.0,46.08084,14.45151
2026-04-27 03:00:00+00:00,127,3,0.0,8.9,0.0,46.151142,14.474522
2026-04-27 03:00:00+00:00,129,3,0.0,8.6,0.0,46.010544,14.571429
2026-04-27 03:00:00+00:00,177,3,0.0,4.7,0.0,45.65905,14.88189
2026-04-27 03:00:00+00:00,194,3,0.0,7.6,0.0,46.502636,15.024076
2026-04-27 03:00:00+00:00,236,3,0.0,8.1,0.0,45.79965,15.213271
2026-04-27 03:00:00+00:00,325,3,0.0,8.0,0.0,46.572933,15.62701
2026-04-27 03:00:00+00:00,391,3,0.0,5.4,0.0,46.71353,16.112904
2026-04-27 03:00:00+00:00,422,3,0.0,7.7,0.0,46.22144,15.21531
2026-04-27 03:00:00+00:00,425,3,0.0,7.7,0.0,45.940243,15.546751
2026-04-27 03:00:00+00:00,426,3,0.0,13.8,0.0,45.51845,13.704866
2026-04-27 06:00:00+00:00,63,6,196.0,10.5,0.0,46.432335,14.134615
2026-04-27 06:00:00+00:00,76,6,192.0,10.5,0.0,46.291737,14.233227
2026-04-27 06:00:00+00:00,106,6,191.0,11.4,0.0,46.22144,14.354067
2026-04-27 06:00:00+00:00,122,6,190.0,11.2,0.0,46.08084,14.45151
2026-04-27 06:00:00+00:00,127,6,190.0,10.4,0.0,46.151142,14.474522
2026-04-27 06:00:00+00:00,129,6,190.0,9.9,0.0,46.010544,14.571429
2026-04-27 06:00:00+00:00,177,6,199.0,7.6,0.0,45.65905,14.88189
2026-04-27 06:00:00+00:00,194,6,204.0,11.2,0.0,46.502636,15.024076
2026-04-27 06:00:00+00:00,236,6,198.0,10.7,0.0,45.79965,15.213271
2026-04-27 06:00:00+00:00,325,6,208.0,10.7,0.0,46.572933,15.62701
2026-04-27 06:00:00+00:00,391,6,210.0,9.2,0.0,46.71353,16.112904
2026-04-27 06:00:00+00:00,422,6,195.0,10.2,0.0,46.22144,15.21531
2026-04-27 06:00:00+00:00,425,6,180.0,10.2,0.0,45.940243,15.546751
2026-04-27 06:00:00+00:00,426,6,178.0,14.8,0.0,45.51845,13.704866
2026-04-27 07:00:00+00:00,63,1,383.0,12.3,0.0,46.432335,14.134615
2026-04-27 07:00:00+00:00,76,1,380.0,12.2,0.0,46.291737,14.233227
2026-04-27 07:00:00+00:00,106,1,373.0,12.9,0.0,46.22144,14.354067
2026-04-27 07:00:00+00:00,122,1,368.0,13.3,0.0,46.08084,14.45151
2026-04-27 07:00:00+00:00,127,1,368.0,12.5,0.0,46.151142,14.474522
2026-04-27 07:00:00+00:00,129,1,371.0,12.1,0.0,46.010544,14.571429
2026-04-27 07:00:00+00:00,177,1,381.0,9.4,0.0,45.65905,14.88189
2026-04-27 07:00:00+00:00,194,1,386.0,13.2,0.0,46.502636,15.024076
2026-04-27 07:00:00+00:00,236,1,378.0,12.6,0.0,45.79965,15.213271
2026-04-27 07:00:00+00:00,325,1,388.0,12.4,0.0,46.572933,15.62701
2026-04-27 07:00:00+00:00,391,1,387.0,11.3,0.0,46.71353,16.112904
2026-04-27 07:00:00+00:00,422,1,379.0,12.0,0.0,46.22144,15.21531
2026-04-27 07:00:00+00:00,425,1,374.0,11.8,0.0,45.940243,15.546751
2026-04-27 07:00:00+00:00,426,1,355.0,17.8,0.0,45.51845,13.704866
2026-04-27 08:00:00+00:00,63,2,557.0,14.1,0.0,46.432335,14.134615
2026-04-27 08:00:00+00:00,76,2,554.0,13.4,0.0,46.291737,14.233227
2026-04-27 08:00:00+00:00,106,2,547.0,14.0,0.0,46.22144,14.354067
2026-04-27 08:00:00+00:00,122,2,540.0,15.3,0.0,46.08084,14.45151
2026-04-27 08:00:00+00:00,127,2,540.0,14.0,0.0,46.151142,14.474522
2026-04-27 08:00:00+00:00,129,2,543.0,13.8,0.0,46.010544,14.571429
2026-04-27 08:00:00+00:00,177,2,554.0,10.7,0.0,45.65905,14.88189
2026-04-27 08:00:00+00:00,194,2,558.0,14.7,0.0,46.502636,15.024076
2026-04-27 08:00:00+00:00,236,2,549.0,14.2,0.0,45.79965,15.213271
2026-04-27 08:00:00+00:00,325,2,558.0,13.9,0.0,46.572933,15.62701
2026-04-27 08:00:00+00:00,391,2,555.0,13.2,0.0,46.71353,16.112904
2026-04-27 08:00:00+00:00,422,2,549.0,13.8,0.0,46.22144,15.21531
2026-04-27 08:00:00+00:00,425,2,538.0,13.4,0.0,45.940243,15.546751
2026-04-27 08:00:00+00:00,426,2,528.0,20.1,0.0,45.51845,13.704866
2026-04-27 09:00:00+00:00,63,3,704.0,15.9,0.0,46.432335,14.134615
2026-04-27 09:00:00+00:00,76,3,700.0,14.7,0.0,46.291737,14.233227
2026-04-27 09:00:00+00:00,106,3,692.0,15.3,0.0,46.22144,14.354067
2026-04-27 09:00:00+00:00,122,3,685.0,16.8,0.0,46.08084,14.45151
2026-04-27 09:00:00+00:00,127,3,685.0,15.2,0.0,46.151142,14.474522
2026-04-27 09:00:00+00:00,129,3,688.0,15.1,0.0,46.010544,14.571429
2026-04-27 09:00:00+00:00,177,3,699.0,12.1,0.0,45.65905,14.88189
2026-04-27 09:00:00+00:00,194,3,701.0,16.1,0.0,46.502636,15.024076
2026-04-27 09:00:00+00:00,236,3,694.0,15.8,0.0,45.79965,15.213271
2026-04-27 09:00:00+00:00,325,3,699.0,15.2,0.0,46.572933,15.62701
2026-04-27 09:00:00+00:00,391,3,694.0,14.8,0.0,46.71353,16.112904
2026-04-27 09:00:00+00:00,422,3,695.0,15.3,0.0,46.22144,15.21531
2026-04-27 09:00:00+00:00,425,3,689.0,15.1,0.0,45.940243,15.546751
2026-04-27 09:00:00+00:00,426,3,675.0,21.9,0.0,45.51845,13.704866
2026-04-27 12:00:00+00:00,63,6,868.0,19.6,0.0,46.432335,14.134615
2026-04-27 12:00:00+00:00,76,6,865.0,18.2,0.0,46.291737,14.233227
2026-04-27 12:00:00+00:00,106,6,851.0,18.6,0.0,46.22144,14.354067
2026-04-27 12:00:00+00:00,122,6,844.0,19.9,0.0,46.08084,14.45151
2026-04-27 12:00:00+00:00,127,6,842.0,18.2,0.0,46.151142,14.474522
2026-04-27 12:00:00+00:00,129,6,846.0,17.9,0.0,46.010544,14.571429
2026-04-27 12:00:00+00:00,177,6,847.0,15.1,0.0,45.65905,14.88189
2026-04-27 12:00:00+00:00,194,6,850.0,19.1,0.0,46.502636,15.024076
2026-04-27 12:00:00+00:00,236,6,845.0,19.1,0.0,45.79965,15.213271
2026-04-27 12:00:00+00:00,325,6,842.0,18.4,0.0,46.572933,15.62701
2026-04-27 12:00:00+00:00,391,6,833.0,17.8,0.0,46.71353,16.112904
2026-04-27 12:00:00+00:00,422,6,844.0,18.8,0.0,46.22144,15.21531
2026-04-27 12:00:00+00:00,425,6,840.0,18.3,0.0,45.940243,15.546751
2026-04-27 12:00:00+00:00,426,6,846.0,24.4,0.0,45.51845,13.704866
2026-04-27 13:00:00+00:00,63,1,775.0,20.4,0.0,46.432335,14.134615
2026-04-27 13:00:00+00:00,76,1,782.0,19.0,0.0,46.291737,14.233227
2026-04-27 13:00:00+00:00,106,1,790.0,19.5,0.0,46.22144,14.354067
2026-04-27 13:00:00+00:00,122,1,794.0,20.7,0.0,46.08084,14.45151
2026-04-27 13:00:00+00:00,127,1,794.0,19.0,0.0,46.151142,14.474522
2026-04-27 13:00:00+00:00,129,1,791.0,18.9,0.0,46.010544,14.571429
2026-04-27 13:00:00+00:00,177,1,781.0,15.6,0.0,45.65905,14.88189
2026-04-27 13:00:00+00:00,194,1,794.0,19.9,0.0,46.502636,15.024076
2026-04-27 13:00:00+00:00,236,1,788.0,19.6,0.0,45.79965,15.213271
2026-04-27 13:00:00+00:00,325,1,787.0,19.0,0.0,46.572933,15.62701
2026-04-27 13:00:00+00:00,391,1,776.0,18.4,0.0,46.71353,16.112904
2026-04-27 13:00:00+00:00,422,1,787.0,19.5,0.0,46.22144,15.21531
2026-04-27 13:00:00+00:00,425,1,781.0,19.1,0.0,45.940243,15.546751
2026-04-27 13:00:00+00:00,426,1,795.0,22.7,0.0,45.51845,13.704866
2026-04-27 14:00:00+00:00,63,2,645.0,20.3,0.0,46.432335,14.134615
2026-04-27 14:00:00+00:00,76,2,674.0,19.1,0.0,46.291737,14.233227
2026-04-27 14:00:00+00:00,106,2,684.0,19.6,0.0,46.22144,14.354067
2026-04-27 14:00:00+00:00,122,2,687.0,21.2,0.0,46.08084,14.45151
2026-04-27 14:00:00+00:00,127,2,684.0,19.1,0.0,46.151142,14.474522
2026-04-27 14:00:00+00:00,129,2,686.0,19.3,0.0,46.010544,14.571429
2026-04-27 14:00:00+00:00,177,2,672.0,15.7,0.0,45.65905,14.88189
2026-04-27 14:00:00+00:00,194,2,687.0,19.4,0.0,46.502636,15.024076
2026-04-27 14:00:00+00:00,236,2,681.0,19.6,0.0,45.79965,15.213271
2026-04-27 14:00:00+00:00,325,2,677.0,19.0,0.0,46.572933,15.62701
2026-04-27 14:00:00+00:00,391,2,664.0,18.7,0.0,46.71353,16.112904
2026-04-27 14:00:00+00:00,422,2,680.0,19.7,0.0,46.22144,15.21531
2026-04-27 14:00:00+00:00,425,2,673.0,19.2,0.0,45.940243,15.546751
2026-04-27 14:00:00+00:00,426,2,696.0,21.5,0.0,45.51845,13.704866
2026-04-27 15:00:00+00:00,63,3,456.0,19.7,0.0,46.432335,14.134615
2026-04-27 15:00:00+00:00,76,3,511.0,18.6,0.0,46.291737,14.233227
2026-04-27 15:00:00+00:00,106,3,536.0,19.6,0.0,46.22144,14.354067
2026-04-27 15:00:00+00:00,122,3,544.0,21.1,0.0,46.08084,14.45151
2026-04-27 15:00:00+00:00,127,3,541.0,19.1,0.0,46.151142,14.474522
2026-04-27 15:00:00+00:00,129,3,541.0,19.1,0.0,46.010544,14.571429
2026-04-27 15:00:00+00:00,177,3,514.0,15.2,0.0,45.65905,14.88189
2026-04-27 15:00:00+00:00,194,3,531.0,18.5,0.0,46.502636,15.024076
2026-04-27 15:00:00+00:00,236,3,533.0,19.3,0.0,45.79965,15.213271
2026-04-27 15:00:00+00:00,325,3,532.0,18.8,0.0,46.572933,15.62701
2026-04-27 15:00:00+00:00,391,3,521.0,18.5,0.0,46.71353,16.112904
2026-04-27 15:00:00+00:00,422,3,530.0,19.3,0.0,46.22144,15.21531
2026-04-27 15:00:00+00:00,425,3,526.0,19.0,0.0,45.940243,15.546751
2026-04-27 15:00:00+00:00,426,3,553.0,20.7,0.0,45.51845,13.704866
2026-04-27 18:00:00+00:00,63,6,50.0,13.8,0.0,46.432335,14.134615
2026-04-27 18:00:00+00:00,76,6,48.0,13.8,0.0,46.291737,14.233227
2026-04-27 18:00:00+00:00,106,6,46.0,15.5,0.0,46.22144,14.354067
2026-04-27 18:00:00+00:00,122,6,44.0,17.0,0.0,46.08084,14.45151
2026-04-27 18:00:00+00:00,127,6,45.0,14.1,0.0,46.151142,14.474522
2026-04-27 18:00:00+00:00,129,6,44.0,14.7,0.0,46.010544,14.571429
2026-04-27 18:00:00+00:00,177,6,41.0,10.1,0.0,45.65905,14.88189
2026-04-27 18:00:00+00:00,194,6,44.0,13.7,0.0,46.502636,15.024076
2026-04-27 18:00:00+00:00,236,6,40.0,13.8,0.0,45.79965,15.213271
2026-04-27 18:00:00+00:00,325,6,39.0,14.8,0.0,46.572933,15.62701
2026-04-27 18:00:00+00:00,391,6,37.0,14.5,0.0,46.71353,16.112904
2026-04-27 18:00:00+00:00,422,6,40.0,14.9,0.0,46.22144,15.21531
2026-04-27 18:00:00+00:00,425,6,38.0,14.1,0.0,45.940243,15.546751
2026-04-27 18:00:00+00:00,426,6,48.0,18.2,0.0,45.51845,13.704866
2026-04-27 19:00:00+00:00,63,1,0.0,12.8,0.0,46.432335,14.134615
2026-04-27 19:00:00+00:00,76,1,0.0,13.3,0.0,46.291737,14.233227
2026-04-27 19:00:00+00:00,106,1,0.0,14.3,0.0,46.22144,14.354067
2026-04-27 19:00:00+00:00,122,1,0.0,16.0,0.0,46.08084,14.45151
2026-04-27 19:00:00+00:00,127,1,0.0,13.0,0.0,46.151142,14.474522
2026-04-27 19:00:00+00:00,129,1,0.0,13.8,0.0,46.010544,14.571429
2026-04-27 19:00:00+00:00,177,1,0.0,9.0,0.0,45.65905,14.88189
2026-04-27 19:00:00+00:00,194,1,0.0,13.2,0.0,46.502636,15.024076
2026-04-27 19:00:00+00:00,236,1,0.0,12.5,0.0,45.79965,15.213271
2026-04-27 19:00:00+00:00,325,1,0.0,14.2,0.0,46.572933,15.62701
2026-04-27 19:00:00+00:00,391,1,0.0,13.5,0.0,46.71353,16.112904
2026-04-27 19:00:00+00:00,422,1,0.0,13.4,0.0,46.22144,15.21531
2026-04-27 19:00:00+00:00,425,1,0.0,13.0,0.0,45.940243,15.546751
2026-04-27 19:00:00+00:00,426,1,0.0,17.6,0.0,45.51845,13.704866
2026-04-27 20:00:00+00:00,63,2,0.0,11.8,0.0,46.432335,14.134615
2026-04-27 20:00:00+00:00,76,2,0.0,12.6,0.0,46.291737,14.233227
2026-04-27 20:00:00+00:00,106,2,0.0,13.2,0.0,46.22144,14.354067
2026-04-27 20:00:00+00:00,122,2,0.0,14.8,0.0,46.08084,14.45151
2026-04-27 20:00:00+00:00,127,2,0.0,12.1,0.0,46.151142,14.474522
2026-04-27 20:00:00+00:00,129,2,0.0,12.8,0.0,46.010544,14.571429
2026-04-27 20:00:00+00:00,177,2,0.0,8.0,0.0,45.65905,14.88189
2026-04-27 20:00:00+00:00,194,2,0.0,12.1,0.0,46.502636,15.024076
2026-04-27 20:00:00+00:00,236,2,0.0,11.4,0.0,45.79965,15.213271
2026-04-27 20:00:00+00:00,325,2,0.0,14.0,0.0,46.572933,15.62701
2026-04-27 20:00:00+00:00,391,2,0.0,12.5,0.0,46.71353,16.112904
2026-04-27 20:00:00+00:00,422,2,0.0,12.3,0.0,46.22144,15.21531
2026-04-27 20:00:00+00:00,425,2,0.0,12.1,0.0,45.940243,15.546751
2026-04-27 20:00:00+00:00,426,2,0.0,16.5,0.0,45.51845,13.704866
2026-04-27 21:00:00+00:00,63,3,0.0,11.4,0.0,46.432335,14.134615
2026-04-27 21:00:00+00:00,76,3,0.0,12.1,0.0,46.291737,14.233227
2026-04-27 21:00:00+00:00,106,3,0.0,12.8,0.0,46.22144,14.354067
2026-04-27 21:00:00+00:00,122,3,0.0,13.5,0.0,46.08084,14.45151
2026-04-27 21:00:00+00:00,127,3,0.0,11.6,0.0,46.151142,14.474522
2026-04-27 21:00:00+00:00,129,3,0.0,11.7,0.0,46.010544,14.571429
2026-04-27 21:00:00+00:00,177,3,0.0,7.3,0.0,45.65905,14.88189
2026-04-27 21:00:00+00:00,194,3,0.0,11.7,0.0,46.502636,15.024076
2026-04-27 21:00:00+00:00,236,3,0.0,11.2,0.0,45.79965,15.213271
2026-04-27 21:00:00+00:00,325,3,0.0,13.9,0.0,46.572933,15.62701
2026-04-27 21:00:00+00:00,391,3,0.0,11.2,0.0,46.71353,16.112904
2026-04-27 21:00:00+00:00,422,3,0.0,11.8,0.0,46.22144,15.21531
2026-04-27 21:00:00+00:00,425,3,0.0,11.8,0.0,45.940243,15.546751
2026-04-27 21:00:00+00:00,426,3,0.0,14.8,0.0,45.51845,13.704866
2026-04-28 00:00:00+00:00,63,6,0.0,9.0,0.0,46.432335,14.134615
2026-04-28 00:00:00+00:00,63,24,0.0,8.3,0.0,46.432335,14.134615
2026-04-28 00:00:00+00:00,76,6,0.0,9.5,0.0,46.291737,14.233227
2026-04-28 00:00:00+00:00,76,24,0.0,8.7,0.0,46.291737,14.233227
2026-04-28 00:00:00+00:00,106,6,0.0,10.7,0.0,46.22144,14.354067
2026-04-28 00:00:00+00:00,106,24,0.0,9.9,0.0,46.22144,14.354067
2026-04-28 00:00:00+00:00,122,6,0.0,11.0,0.0,46.08084,14.45151
2026-04-28 00:00:00+00:00,122,24,0.0,10.2,0.0,46.08084,14.45151
2026-04-28 00:00:00+00:00,127,6,0.0,9.6,0.0,46.151142,14.474522
2026-04-28 00:00:00+00:00,127,24,0.0,8.6,0.0,46.151142,14.474522
2026-04-28 00:00:00+00:00,129,6,0.0,8.9,0.0,46.010544,14.571429
2026-04-28 00:00:00+00:00,129,24,0.0,8.2,0.0,46.010544,14.571429
2026-04-28 00:00:00+00:00,177,6,0.0,5.0,0.0,45.65905,14.88189
2026-04-28 00:00:00+00:00,177,24,0.0,5.2,0.0,45.65905,14.88189
2026-04-28 00:00:00+00:00,194,6,0.0,10.4,0.0,46.502636,15.024076
2026-04-28 00:00:00+00:00,194,24,0.0,9.8,0.0,46.502636,15.024076
2026-04-28 00:00:00+00:00,236,6,0.0,9.8,0.0,45.79965,15.213271
2026-04-28 00:00:00+00:00,236,24,0.0,9.6,0.0,45.79965,15.213271
2026-04-28 00:00:00+00:00,325,6,0.0,11.0,0.0,46.572933,15.62701
2026-04-28 00:00:00+00:00,325,24,0.0,10.2,0.0,46.572933,15.62701
2026-04-28 00:00:00+00:00,391,6,0.0,9.4,0.0,46.71353,16.112904
2026-04-28 00:00:00+00:00,391,24,0.0,8.6,0.0,46.71353,16.112904
2026-04-28 00:00:00+00:00,422,6,0.0,10.3,0.0,46.22144,15.21531
2026-04-28 00:00:00+00:00,422,24,0.0,9.5,0.0,46.22144,15.21531
2026-04-28 00:00:00+00:00,425,6,0.0,10.9,0.0,45.940243,15.546751
2026-04-28 00:00:00+00:00,425,24,0.0,10.4,0.0,45.940243,15.546751
2026-04-28 00:00:00+00:00,426,6,0.0,11.3,0.0,45.51845,13.704866
2026-04-28 00:00:00+00:00,426,24,0.0,11.2,0.0,45.51845,13.704866
2026-04-28 06:00:00+00:00,63,24,193.0,12.4,0.0,46.432335,14.134615
2026-04-28 06:00:00+00:00,76,24,193.0,12.4,0.0,46.291737,14.233227
2026-04-28 06:00:00+00:00,106,24,188.0,12.6,0.0,46.22144,14.354067
2026-04-28 06:00:00+00:00,122,24,184.0,11.3,0.0,46.08084,14.45151
2026-04-28 06:00:00+00:00,127,24,184.0,10.6,0.0,46.151142,14.474522
2026-04-28 06:00:00+00:00,129,24,185.0,10.6,0.0,46.010544,14.571429
2026-04-28 06:00:00+00:00,177,24,195.0,9.1,0.0,45.65905,14.88189
2026-04-28 06:00:00+00:00,194,24,186.0,12.6,0.0,46.502636,15.024076
2026-04-28 06:00:00+00:00,236,24,199.0,11.5,0.0,45.79965,15.213271
2026-04-28 06:00:00+00:00,325,24,204.0,12.3,0.0,46.572933,15.62701
2026-04-28 06:00:00+00:00,391,24,211.0,11.6,0.0,46.71353,16.112904
2026-04-28 06:00:00+00:00,422,24,195.0,10.2,0.0,46.22144,15.21531
2026-04-28 06:00:00+00:00,425,24,197.0,11.4,0.0,45.940243,15.546751
2026-04-28 06:00:00+00:00,426,24,173.0,15.3,0.0,45.51845,13.704866
2026-04-28 12:00:00+00:00,63,24,697.0,18.2,0.0,46.432335,14.134615
2026-04-28 12:00:00+00:00,76,24,597.0,17.6,0.0,46.291737,14.233227
2026-04-28 12:00:00+00:00,106,24,614.0,18.9,0.0,46.22144,14.354067
2026-04-28 12:00:00+00:00,122,24,735.0,20.6,0.0,46.08084,14.45151
2026-04-28 12:00:00+00:00,127,24,697.0,19.0,0.0,46.151142,14.474522
2026-04-28 12:00:00+00:00,129,24,792.0,19.3,0.0,46.010544,14.571429
2026-04-28 12:00:00+00:00,177,24,760.0,16.4,0.0,45.65905,14.88189
2026-04-28 12:00:00+00:00,194,24,668.0,18.7,0.0,46.502636,15.024076
2026-04-28 12:00:00+00:00,236,24,775.0,20.4,0.0,45.79965,15.213271
2026-04-28 12:00:00+00:00,325,24,775.0,18.6,0.0,46.572933,15.62701
2026-04-28 12:00:00+00:00,391,24,749.0,19.1,0.0,46.71353,16.112904
2026-04-28 12:00:00+00:00,422,24,737.0,19.2,0.0,46.22144,15.21531
2026-04-28 12:00:00+00:00,425,24,662.0,19.3,0.0,45.940243,15.546751
2026-04-28 12:00:00+00:00,426,24,833.0,22.2,0.0,45.51845,13.704866
2026-04-28 18:00:00+00:00,63,24,13.0,13.1,0.3,46.432335,14.134615
2026-04-28 18:00:00+00:00,76,24,14.0,13.0,0.5,46.291737,14.233227
2026-04-28 18:00:00+00:00,106,24,14.0,14.7,0.6,46.22144,14.354067
2026-04-28 18:00:00+00:00,122,24,14.0,17.0,0.1,46.08084,14.45151
2026-04-28 18:00:00+00:00,127,24,13.0,14.6,0.3,46.151142,14.474522
2026-04-28 18:00:00+00:00,129,24,14.0,15.5,0.0,46.010544,14.571429
2026-04-28 18:00:00+00:00,177,24,37.0,11.5,0.0,45.65905,14.88189
2026-04-28 18:00:00+00:00,194,24,24.0,14.3,0.0,46.502636,15.024076
2026-04-28 18:00:00+00:00,236,24,22.0,15.9,0.0,45.79965,15.213271
2026-04-28 18:00:00+00:00,325,24,22.0,16.1,0.1,46.572933,15.62701
2026-04-28 18:00:00+00:00,391,24,26.0,15.9,0.0,46.71353,16.112904
2026-04-28 18:00:00+00:00,422,24,20.0,16.0,0.0,46.22144,15.21531
2026-04-28 18:00:00+00:00,425,24,9.0,16.5,0.0,45.940243,15.546751
2026-04-28 18:00:00+00:00,426,24,46.0,19.1,0.0,45.51845,13.704866
2026-04-28 01:00:00+00:00,63,1,0.0,9.3,0.0,46.432335,14.134615
2026-04-28 01:00:00+00:00,76,1,0.0,8.9,0.0,46.291737,14.233227
2026-04-28 01:00:00+00:00,106,1,0.0,9.6,0.0,46.22144,14.354067
2026-04-28 01:00:00+00:00,122,1,0.0,10.2,0.0,46.08084,14.45151
2026-04-28 01:00:00+00:00,127,1,0.0,8.5,0.0,46.151142,14.474522
2026-04-28 01:00:00+00:00,129,1,0.0,8.7,0.0,46.010544,14.571429
2026-04-28 01:00:00+00:00,177,1,0.0,4.3,0.0,45.65905,14.88189
2026-04-28 01:00:00+00:00,194,1,0.0,9.4,0.0,46.502636,15.024076
2026-04-28 01:00:00+00:00,236,1,0.0,9.2,0.0,45.79965,15.213271
2026-04-28 01:00:00+00:00,325,1,0.0,10.4,0.0,46.572933,15.62701
2026-04-28 01:00:00+00:00,391,1,0.0,8.1,0.0,46.71353,16.112904
2026-04-28 01:00:00+00:00,422,1,0.0,9.1,0.0,46.22144,15.21531
2026-04-28 01:00:00+00:00,425,1,0.0,9.6,0.0,45.940243,15.546751
2026-04-28 01:00:00+00:00,426,1,0.0,12.8,0.0,45.51845,13.704866
2026-04-28 02:00:00+00:00,63,2,0.0,8.7,0.0,46.432335,14.134615
2026-04-28 02:00:00+00:00,76,2,0.0,8.1,0.0,46.291737,14.233227
2026-04-28 02:00:00+00:00,106,2,0.0,8.9,0.0,46.22144,14.354067
2026-04-28 02:00:00+00:00,122,2,0.0,9.4,0.0,46.08084,14.45151
2026-04-28 02:00:00+00:00,127,2,0.0,8.0,0.0,46.151142,14.474522
2026-04-28 02:00:00+00:00,129,2,0.0,8.0,0.0,46.010544,14.571429
2026-04-28 02:00:00+00:00,177,2,0.0,3.7,0.0,45.65905,14.88189
2026-04-28 02:00:00+00:00,194,2,0.0,8.6,0.0,46.502636,15.024076
2026-04-28 02:00:00+00:00,236,2,0.0,9.1,0.0,45.79965,15.213271
2026-04-28 02:00:00+00:00,325,2,0.0,9.5,0.0,46.572933,15.62701
2026-04-28 02:00:00+00:00,391,2,0.0,8.2,0.1,46.71353,16.112904
2026-04-28 02:00:00+00:00,422,2,0.0,8.8,0.0,46.22144,15.21531
2026-04-28 02:00:00+00:00,425,2,0.0,9.1,0.0,45.940243,15.546751
2026-04-28 02:00:00+00:00,426,2,0.0,11.9,0.0,45.51845,13.704866
2026-04-28 03:00:00+00:00,63,3,0.0,8.3,0.0,46.432335,14.134615
2026-04-28 03:00:00+00:00,76,3,0.0,7.5,0.0,46.291737,14.233227
2026-04-28 03:00:00+00:00,106,3,0.0,8.5,0.0,46.22144,14.354067
2026-04-28 03:00:00+00:00,122,3,0.0,8.7,0.0,46.08084,14.45151
2026-04-28 03:00:00+00:00,127,3,0.0,7.7,0.0,46.151142,14.474522
2026-04-28 03:00:00+00:00,129,3,0.0,7.1,0.0,46.010544,14.571429
2026-04-28 03:00:00+00:00,177,3,0.0,3.4,0.0,45.65905,14.88189
2026-04-28 03:00:00+00:00,194,3,0.0,8.1,0.0,46.502636,15.024076
2026-04-28 03:00:00+00:00,236,3,0.0,8.3,0.0,45.79965,15.213271
2026-04-28 03:00:00+00:00,325,3,0.0,8.5,0.7,46.572933,15.62701
2026-04-28 03:00:00+00:00,391,3,0.0,7.6,0.0,46.71353,16.112904
2026-04-28 03:00:00+00:00,422,3,0.0,8.3,0.0,46.22144,15.21531
2026-04-28 03:00:00+00:00,425,3,0.0,8.5,0.0,45.940243,15.546751
2026-04-28 03:00:00+00:00,426,3,0.0,10.7,0.0,45.51845,13.704866
2026-04-28 06:00:00+00:00,63,6,185.0,12.9,0.0,46.432335,14.134615
2026-04-28 06:00:00+00:00,76,6,186.0,12.8,0.0,46.291737,14.233227
2026-04-28 06:00:00+00:00,106,6,186.0,12.8,0.0,46.22144,14.354067
2026-04-28 06:00:00+00:00,122,6,183.0,11.3,0.0,46.08084,14.45151
2026-04-28 06:00:00+00:00,127,6,185.0,10.6,0.0,46.151142,14.474522
2026-04-28 06:00:00+00:00,129,6,182.0,10.6,0.0,46.010544,14.571429
2026-04-28 06:00:00+00:00,177,6,194.0,8.8,0.0,45.65905,14.88189
2026-04-28 06:00:00+00:00,194,6,184.0,12.8,0.0,46.502636,15.024076
2026-04-28 06:00:00+00:00,236,6,195.0,11.8,0.0,45.79965,15.213271
2026-04-28 06:00:00+00:00,325,6,195.0,11.5,0.0,46.572933,15.62701
2026-04-28 06:00:00+00:00,391,6,190.0,11.0,0.1,46.71353,16.112904
2026-04-28 06:00:00+00:00,422,6,187.0,10.4,0.0,46.22144,15.21531
2026-04-28 06:00:00+00:00,425,6,187.0,11.1,0.0,45.940243,15.546751
2026-04-28 06:00:00+00:00,426,6,166.0,15.2,0.0,45.51845,13.704866
2026-04-28 07:00:00+00:00,63,1,352.0,14.6,0.0,46.432335,14.134615
2026-04-28 07:00:00+00:00,76,1,320.0,13.8,0.0,46.291737,14.233227
2026-04-28 07:00:00+00:00,106,1,320.0,13.7,0.1,46.22144,14.354067
2026-04-28 07:00:00+00:00,122,1,343.0,13.5,0.0,46.08084,14.45151
2026-04-28 07:00:00+00:00,127,1,337.0,12.6,0.0,46.151142,14.474522
2026-04-28 07:00:00+00:00,129,1,351.0,12.8,0.0,46.010544,14.571429
2026-04-28 07:00:00+00:00,177,1,326.0,11.1,0.0,45.65905,14.88189
2026-04-28 07:00:00+00:00,194,1,366.0,14.7,0.0,46.502636,15.024076
2026-04-28 07:00:00+00:00,236,1,362.0,13.9,0.0,45.79965,15.213271
2026-04-28 07:00:00+00:00,325,1,372.0,13.5,0.0,46.572933,15.62701
2026-04-28 07:00:00+00:00,391,1,361.0,13.0,0.0,46.71353,16.112904
2026-04-28 07:00:00+00:00,422,1,350.0,12.5,0.0,46.22144,15.21531
2026-04-28 07:00:00+00:00,425,1,361.0,13.1,0.0,45.940243,15.546751
2026-04-28 07:00:00+00:00,426,1,336.0,19.0,0.0,45.51845,13.704866
2026-04-28 08:00:00+00:00,63,2,481.0,15.9,0.0,46.432335,14.134615
2026-04-28 08:00:00+00:00,76,2,436.0,14.5,0.0,46.291737,14.233227
2026-04-28 08:00:00+00:00,106,2,448.0,14.8,0.1,46.22144,14.354067
2026-04-28 08:00:00+00:00,122,2,504.0,15.9,0.3,46.08084,14.45151
2026-04-28 08:00:00+00:00,127,2,489.0,14.7,0.0,46.151142,14.474522
2026-04-28 08:00:00+00:00,129,2,527.0,15.2,0.0,46.010544,14.571429
2026-04-28 08:00:00+00:00,177,2,482.0,12.8,0.0,45.65905,14.88189
2026-04-28 08:00:00+00:00,194,2,515.0,16.3,0.0,46.502636,15.024076
2026-04-28 08:00:00+00:00,236,2,531.0,15.9,0.0,45.79965,15.213271
2026-04-28 08:00:00+00:00,325,2,489.0,15.2,0.0,46.572933,15.62701
2026-04-28 08:00:00+00:00,391,2,445.0,14.4,0.0,46.71353,16.112904
2026-04-28 08:00:00+00:00,422,2,512.0,14.8,0.0,46.22144,15.21531
2026-04-28 08:00:00+00:00,425,2,537.0,15.1,0.0,45.940243,15.546751
2026-04-28 08:00:00+00:00,426,2,506.0,21.4,0.0,45.51845,13.704866
2026-04-28 09:00:00+00:00,63,3,655.0,17.0,0.0,46.432335,14.134615
2026-04-28 09:00:00+00:00,76,3,607.0,15.6,0.0,46.291737,14.233227
2026-04-28 09:00:00+00:00,106,3,571.0,16.0,0.2,46.22144,14.354067
2026-04-28 09:00:00+00:00,122,3,610.0,17.6,0.3,46.08084,14.45151
2026-04-28 09:00:00+00:00,127,3,577.0,16.3,0.1,46.151142,14.474522
2026-04-28 09:00:00+00:00,129,3,651.0,16.8,0.0,46.010544,14.571429
2026-04-28 09:00:00+00:00,177,3,653.0,14.1,0.0,45.65905,14.88189
2026-04-28 09:00:00+00:00,194,3,579.0,17.4,0.0,46.502636,15.024076
2026-04-28 09:00:00+00:00,236,3,624.0,17.6,0.0,45.79965,15.213271
2026-04-28 09:00:00+00:00,325,3,609.0,16.4,0.0,46.572933,15.62701
2026-04-28 09:00:00+00:00,391,3,599.0,16.0,0.0,46.71353,16.112904
2026-04-28 09:00:00+00:00,422,3,612.0,16.5,0.0,46.22144,15.21531
2026-04-28 09:00:00+00:00,425,3,624.0,16.6,0.0,45.940243,15.546751
2026-04-28 09:00:00+00:00,426,3,673.0,22.8,0.0,45.51845,13.704866
2026-04-28 12:00:00+00:00,63,6,715.0,17.7,0.0,46.432335,14.134615
2026-04-28 12:00:00+00:00,76,6,723.0,18.2,0.0,46.291737,14.233227
2026-04-28 12:00:00+00:00,106,6,730.0,19.1,0.0,46.22144,14.354067
2026-04-28 12:00:00+00:00,122,6,664.0,20.0,0.0,46.08084,14.45151
2026-04-28 12:00:00+00:00,127,6,713.0,18.7,0.0,46.151142,14.474522
2026-04-28 12:00:00+00:00,129,6,658.0,18.8,0.0,46.010544,14.571429
2026-04-28 12:00:00+00:00,177,6,787.0,16.0,0.0,45.65905,14.88189
2026-04-28 12:00:00+00:00,194,6,655.0,18.0,0.0,46.502636,15.024076
2026-04-28 12:00:00+00:00,236,6,774.0,20.2,0.0,45.79965,15.213271
2026-04-28 12:00:00+00:00,325,6,722.0,18.4,0.0,46.572933,15.62701
2026-04-28 12:00:00+00:00,391,6,739.0,18.5,0.0,46.71353,16.112904
2026-04-28 12:00:00+00:00,422,6,676.0,19.3,0.0,46.22144,15.21531
2026-04-28 12:00:00+00:00,425,6,681.0,19.0,0.0,45.940243,15.546751
2026-04-28 12:00:00+00:00,426,6,809.0,21.8,0.0,45.51845,13.704866
2026-04-28 13:00:00+00:00,63,1,733.0,18.9,0.0,46.432335,14.134615
2026-04-28 13:00:00+00:00,76,1,745.0,18.7,0.0,46.291737,14.233227
2026-04-28 13:00:00+00:00,106,1,752.0,19.7,0.0,46.22144,14.354067
2026-04-28 13:00:00+00:00,122,1,704.0,20.8,0.0,46.08084,14.45151
2026-04-28 13:00:00+00:00,127,1,735.0,19.4,0.0,46.151142,14.474522
2026-04-28 13:00:00+00:00,129,1,699.0,19.6,0.0,46.010544,14.571429
2026-04-28 13:00:00+00:00,177,1,747.0,16.2,0.0,45.65905,14.88189
2026-04-28 13:00:00+00:00,194,1,503.0,18.0,0.0,46.502636,15.024076
2026-04-28 13:00:00+00:00,236,1,757.0,20.6,0.0,45.79965,15.213271
2026-04-28 13:00:00+00:00,325,1,738.0,18.9,0.0,46.572933,15.62701
2026-04-28 13:00:00+00:00,391,1,738.0,19.1,0.0,46.71353,16.112904
2026-04-28 13:00:00+00:00,422,1,628.0,19.4,0.0,46.22144,15.21531
2026-04-28 13:00:00+00:00,425,1,693.0,19.5,0.0,45.940243,15.546751
2026-04-28 13:00:00+00:00,426,1,777.0,21.7,0.0,45.51845,13.704866
2026-04-28 14:00:00+00:00,63,2,450.0,18.2,0.0,46.432335,14.134615
2026-04-28 14:00:00+00:00,76,2,517.0,18.5,0.0,46.291737,14.233227
2026-04-28 14:00:00+00:00,106,2,582.0,19.8,0.0,46.22144,14.354067
2026-04-28 14:00:00+00:00,122,2,564.0,21.0,0.0,46.08084,14.45151
2026-04-28 14:00:00+00:00,127,2,597.0,19.5,0.0,46.151142,14.474522
2026-04-28 14:00:00+00:00,129,2,554.0,19.3,0.0,46.010544,14.571429
2026-04-28 14:00:00+00:00,177,2,606.0,16.2,0.0,45.65905,14.88189
2026-04-28 14:00:00+00:00,194,2,598.0,18.6,0.0,46.502636,15.024076
2026-04-28 14:00:00+00:00,236,2,634.0,20.7,0.0,45.79965,15.213271
2026-04-28 14:00:00+00:00,325,2,649.0,18.9,0.0,46.572933,15.62701
2026-04-28 14:00:00+00:00,391,2,636.0,19.1,0.0,46.71353,16.112904
2026-04-28 14:00:00+00:00,422,2,634.0,19.8,0.0,46.22144,15.21531
2026-04-28 14:00:00+00:00,425,2,606.0,19.6,0.0,45.940243,15.546751
2026-04-28 14:00:00+00:00,426,2,645.0,21.3,0.0,45.51845,13.704866
2026-04-28 15:00:00+00:00,63,3,339.0,18.1,0.0,46.432335,14.134615
2026-04-28 15:00:00+00:00,76,3,389.0,18.5,0.0,46.291737,14.233227
2026-04-28 15:00:00+00:00,106,3,418.0,19.8,0.0,46.22144,14.354067
2026-04-28 15:00:00+00:00,122,3,436.0,20.4,0.0,46.08084,14.45151
2026-04-28 15:00:00+00:00,127,3,434.0,19.2,0.0,46.151142,14.474522
2026-04-28 15:00:00+00:00,129,3,450.0,19.0,0.0,46.010544,14.571429
2026-04-28 15:00:00+00:00,177,3,445.0,15.4,0.0,45.65905,14.88189
2026-04-28 15:00:00+00:00,194,3,434.0,18.4,0.0,46.502636,15.024076
2026-04-28 15:00:00+00:00,236,3,484.0,20.1,0.0,45.79965,15.213271
2026-04-28 15:00:00+00:00,325,3,477.0,18.8,0.0,46.572933,15.62701
2026-04-28 15:00:00+00:00,391,3,451.0,18.8,0.0,46.71353,16.112904
2026-04-28 15:00:00+00:00,422,3,484.0,19.6,0.0,46.22144,15.21531
2026-04-28 15:00:00+00:00,425,3,464.0,19.3,0.0,45.940243,15.546751
2026-04-28 15:00:00+00:00,426,3,506.0,21.0,0.0,45.51845,13.704866
2026-04-28 18:00:00+00:00,63,6,8.0,12.5,1.3,46.432335,14.134615
2026-04-28 18:00:00+00:00,76,6,17.0,13.7,0.0,46.291737,14.233227
2026-04-28 18:00:00+00:00,106,6,21.0,13.8,0.9,46.22144,14.354067
2026-04-28 18:00:00+00:00,122,6,18.0,15.8,0.3,46.08084,14.45151
2026-04-28 18:00:00+00:00,127,6,20.0,13.9,0.9,46.151142,14.474522
2026-04-28 18:00:00+00:00,129,6,18.0,15.6,0.0,46.010544,14.571429
2026-04-28 18:00:00+00:00,177,6,33.0,11.2,0.0,45.65905,14.88189
2026-04-28 18:00:00+00:00,194,6,23.0,14.9,0.0,46.502636,15.024076
2026-04-28 18:00:00+00:00,236,6,29.0,15.5,0.0,45.79965,15.213271
2026-04-28 18:00:00+00:00,325,6,21.0,16.2,0.0,46.572933,15.62701
2026-04-28 18:00:00+00:00,391,6,26.0,15.4,0.0,46.71353,16.112904
2026-04-28 18:00:00+00:00,422,6,21.0,15.8,0.1,46.22144,15.21531
2026-04-28 18:00:00+00:00,425,6,23.0,15.6,0.0,45.940243,15.546751
2026-04-28 18:00:00+00:00,426,6,43.0,18.5,0.0,45.51845,13.704866
2026-04-28 19:00:00+00:00,63,1,0.0,12.2,0.7,46.432335,14.134615
2026-04-28 19:00:00+00:00,76,1,0.0,12.9,0.3,46.291737,14.233227
2026-04-28 19:00:00+00:00,106,1,0.0,14.0,0.0,46.22144,14.354067
2026-04-28 19:00:00+00:00,122,1,0.0,14.5,0.0,46.08084,14.45151
2026-04-28 19:00:00+00:00,127,1,0.0,13.0,0.0,46.151142,14.474522
2026-04-28 19:00:00+00:00,129,1,0.0,14.0,0.0,46.010544,14.571429
2026-04-28 19:00:00+00:00,177,1,0.0,9.5,0.0,45.65905,14.88189
2026-04-28 19:00:00+00:00,194,1,0.0,14.9,0.1,46.502636,15.024076
2026-04-28 19:00:00+00:00,236,1,0.0,14.5,0.7,45.79965,15.213271
2026-04-28 19:00:00+00:00,325,1,0.0,15.8,0.0,46.572933,15.62701
2026-04-28 19:00:00+00:00,391,1,0.0,14.3,0.0,46.71353,16.112904
2026-04-28 19:00:00+00:00,422,1,0.0,15.1,0.0,46.22144,15.21531
2026-04-28 19:00:00+00:00,425,1,0.0,15.4,0.0,45.940243,15.546751
2026-04-28 19:00:00+00:00,426,1,0.0,17.6,0.0,45.51845,13.704866
2026-04-28 20:00:00+00:00,63,2,0.0,12.1,1.2,46.432335,14.134615
2026-04-28 20:00:00+00:00,76,2,0.0,13.0,0.5,46.291737,14.233227
2026-04-28 20:00:00+00:00,106,2,0.0,13.8,0.2,46.22144,14.354067
2026-04-28 20:00:00+00:00,122,2,0.0,14.1,0.0,46.08084,14.45151
2026-04-28 20:00:00+00:00,127,2,0.0,12.9,0.0,46.151142,14.474522
2026-04-28 20:00:00+00:00,129,2,0.0,13.0,0.0,46.010544,14.571429
2026-04-28 20:00:00+00:00,177,2,0.0,8.3,0.0,45.65905,14.88189
2026-04-28 20:00:00+00:00,194,2,0.0,13.7,0.7,46.502636,15.024076
2026-04-28 20:00:00+00:00,236,2,0.0,13.7,0.5,45.79965,15.213271
2026-04-28 20:00:00+00:00,325,2,0.0,15.3,0.0,46.572933,15.62701
2026-04-28 20:00:00+00:00,391,2,0.0,13.8,0.0,46.71353,16.112904
2026-04-28 20:00:00+00:00,422,2,0.0,14.6,1.0,46.22144,15.21531
2026-04-28 20:00:00+00:00,425,2,0.0,13.9,2.0,45.940243,15.546751
2026-04-28 20:00:00+00:00,426,2,0.0,17.8,0.0,45.51845,13.704866
2026-04-28 21:00:00+00:00,63,3,0.0,11.9,1.3,46.432335,14.134615
2026-04-28 21:00:00+00:00,76,3,0.0,12.7,0.8,46.291737,14.233227
2026-04-28 21:00:00+00:00,106,3,0.0,13.2,0.4,46.22144,14.354067
2026-04-28 21:00:00+00:00,122,3,0.0,13.4,0.0,46.08084,14.45151
2026-04-28 21:00:00+00:00,127,3,0.0,12.2,0.1,46.151142,14.474522
2026-04-28 21:00:00+00:00,129,3,0.0,11.8,0.0,46.010544,14.571429
2026-04-28 21:00:00+00:00,177,3,0.0,7.7,0.0,45.65905,14.88189
2026-04-28 21:00:00+00:00,194,3,0.0,12.3,1.5,46.502636,15.024076
2026-04-28 21:00:00+00:00,236,3,0.0,12.8,0.0,45.79965,15.213271
2026-04-28 21:00:00+00:00,325,3,0.0,14.4,0.1,46.572933,15.62701
2026-04-28 21:00:00+00:00,391,3,0.0,13.6,0.0,46.71353,16.112904
2026-04-28 21:00:00+00:00,422,3,0.0,14.2,0.4,46.22144,15.21531
2026-04-28 21:00:00+00:00,425,3,0.0,12.9,3.2,45.940243,15.546751
2026-04-28 21:00:00+00:00,426,3,0.0,16.6,0.0,45.51845,13.704866
2026-04-29 00:00:00+00:00,63,6,0.0,11.5,0.7,46.432335,14.134615
2026-04-29 00:00:00+00:00,63,24,0.0,11.5,0.5,46.432335,14.134615
2026-04-29 00:00:00+00:00,76,6,0.0,11.5,0.4,46.291737,14.233227
2026-04-29 00:00:00+00:00,76,24,0.0,11.2,0.7,46.291737,14.233227
2026-04-29 00:00:00+00:00,106,6,0.0,12.7,0.1,46.22144,14.354067
2026-04-29 00:00:00+00:00,106,24,0.0,11.8,0.6,46.22144,14.354067
2026-04-29 00:00:00+00:00,122,6,0.0,12.7,0.0,46.08084,14.45151
2026-04-29 00:00:00+00:00,122,24,0.0,12.9,0.2,46.08084,14.45151
2026-04-29 00:00:00+00:00,127,6,0.0,11.8,0.0,46.151142,14.474522
2026-04-29 00:00:00+00:00,127,24,0.0,11.3,0.5,46.151142,14.474522
2026-04-29 00:00:00+00:00,129,6,0.0,11.3,0.0,46.010544,14.571429
2026-04-29 00:00:00+00:00,129,24,0.0,11.9,0.0,46.010544,14.571429
2026-04-29 00:00:00+00:00,177,6,0.0,6.0,0.0,45.65905,14.88189
2026-04-29 00:00:00+00:00,177,24,0.0,7.1,0.0,45.65905,14.88189
2026-04-29 00:00:00+00:00,194,6,0.0,10.9,1.3,46.502636,15.024076
2026-04-29 00:00:00+00:00,194,24,0.0,11.1,0.8,46.502636,15.024076
2026-04-29 00:00:00+00:00,236,6,0.0,11.7,0.0,45.79965,15.213271
2026-04-29 00:00:00+00:00,236,24,0.0,11.5,0.0,45.79965,15.213271
2026-04-29 00:00:00+00:00,325,6,0.0,11.6,0.8,46.572933,15.62701
2026-04-29 00:00:00+00:00,325,24,0.0,11.6,0.8,46.572933,15.62701
2026-04-29 00:00:00+00:00,391,6,0.0,12.2,0.0,46.71353,16.112904
2026-04-29 00:00:00+00:00,391,24,0.0,11.8,0.0,46.71353,16.112904
2026-04-29 00:00:00+00:00,422,6,0.0,12.4,0.3,46.22144,15.21531
2026-04-29 00:00:00+00:00,422,24,0.0,12.0,0.1,46.22144,15.21531
2026-04-29 00:00:00+00:00,425,6,0.0,11.7,0.0,45.940243,15.546751
2026-04-29 00:00:00+00:00,425,24,0.0,11.9,0.1,45.940243,15.546751
2026-04-29 00:00:00+00:00,426,6,0.0,14.7,0.0,45.51845,13.704866
2026-04-29 00:00:00+00:00,426,24,0.0,14.0,0.0,45.51845,13.704866
2026-04-29 06:00:00+00:00,63,24,39.0,10.6,0.7,46.432335,14.134615
2026-04-29 06:00:00+00:00,76,24,25.0,9.7,1.9,46.291737,14.233227
2026-04-29 06:00:00+00:00,106,24,21.0,10.4,1.5,46.22144,14.354067
2026-04-29 06:00:00+00:00,122,24,36.0,11.0,0.3,46.08084,14.45151
2026-04-29 06:00:00+00:00,127,24,27.0,10.2,0.6,46.151142,14.474522
2026-04-29 06:00:00+00:00,129,24,51.0,10.7,0.1,46.010544,14.571429
2026-04-29 06:00:00+00:00,177,24,62.0,7.6,0.1,45.65905,14.88189
2026-04-29 06:00:00+00:00,194,24,41.0,10.3,0.2,46.502636,15.024076
2026-04-29 06:00:00+00:00,236,24,68.0,11.6,0.0,45.79965,15.213271
2026-04-29 06:00:00+00:00,325,24,95.0,10.6,0.0,46.572933,15.62701
2026-04-29 06:00:00+00:00,391,24,95.0,10.4,0.0,46.71353,16.112904
2026-04-29 06:00:00+00:00,422,24,27.0,10.9,1.8,46.22144,15.21531
2026-04-29 06:00:00+00:00,425,24,46.0,11.1,0.1,45.940243,15.546751
2026-04-29 06:00:00+00:00,426,24,100.0,16.1,0.0,45.51845,13.704866
2026-04-29 12:00:00+00:00,63,24,107.0,10.1,1.1,46.432335,14.134615
2026-04-29 12:00:00+00:00,76,24,117.0,9.1,0.8,46.291737,14.233227
2026-04-29 12:00:00+00:00,106,24,127.0,9.6,0.7,46.22144,14.354067
2026-04-29 12:00:00+00:00,122,24,116.0,10.2,0.9,46.08084,14.45151
2026-04-29 12:00:00+00:00,127,24,122.0,9.8,0.4,46.151142,14.474522
2026-04-29 12:00:00+00:00,129,24,106.0,9.1,1.0,46.010544,14.571429
2026-04-29 12:00:00+00:00,177,24,101.0,6.4,0.6,45.65905,14.88189
2026-04-29 12:00:00+00:00,194,24,188.0,10.2,0.4,46.502636,15.024076
2026-04-29 12:00:00+00:00,236,24,102.0,9.6,1.2,45.79965,15.213271
2026-04-29 12:00:00+00:00,325,24,353.0,12.1,0.1,46.572933,15.62701
2026-04-29 12:00:00+00:00,391,24,349.0,12.6,0.0,46.71353,16.112904
2026-04-29 12:00:00+00:00,422,24,141.0,10.1,0.3,46.22144,15.21531
2026-04-29 12:00:00+00:00,425,24,152.0,9.9,0.3,45.940243,15.546751
2026-04-29 12:00:00+00:00,426,24,671.0,19.3,0.0,45.51845,13.704866
2026-04-29 18:00:00+00:00,63,24,19.0,8.8,0.0,46.432335,14.134615
2026-04-29 18:00:00+00:00,76,24,24.0,8.2,0.2,46.291737,14.233227
2026-04-29 18:00:00+00:00,106,24,28.0,8.3,0.1,46.22144,14.354067
2026-04-29 18:00:00+00:00,122,24,20.0,9.1,0.2,46.08084,14.45151
2026-04-29 18:00:00+00:00,127,24,26.0,8.3,0.1,46.151142,14.474522
2026-04-29 18:00:00+00:00,129,24,15.0,8.0,0.3,46.010544,14.571429
2026-04-29 18:00:00+00:00,177,24,7.0,4.7,0.7,45.65905,14.88189
2026-04-29 18:00:00+00:00,194,24,46.0,8.7,0.0,46.502636,15.024076
2026-04-29 18:00:00+00:00,236,24,10.0,8.9,0.2,45.79965,15.213271
2026-04-29 18:00:00+00:00,325,24,35.0,10.4,0.0,46.572933,15.62701
2026-04-29 18:00:00+00:00,391,24,41.0,9.9,0.0,46.71353,16.112904
2026-04-29 18:00:00+00:00,422,24,22.0,8.3,0.0,46.22144,15.21531
2026-04-29 18:00:00+00:00,425,24,14.0,9.2,0.2,45.940243,15.546751
2026-04-29 18:00:00+00:00,426,24,10.0,12.8,0.2,45.51845,13.704866
2026-04-29 01:00:00+00:00,63,1,0.0,11.2,0.2,46.432335,14.134615
2026-04-29 01:00:00+00:00,76,1,0.0,11.2,0.3,46.291737,14.233227
2026-04-29 01:00:00+00:00,106,1,0.0,11.8,0.5,46.22144,14.354067
2026-04-29 01:00:00+00:00,122,1,0.0,12.4,0.6,46.08084,14.45151
2026-04-29 01:00:00+00:00,127,1,0.0,11.5,0.7,46.151142,14.474522
2026-04-29 01:00:00+00:00,129,1,0.0,11.5,0.4,46.010544,14.571429
2026-04-29 01:00:00+00:00,177,1,0.0,6.3,0.0,45.65905,14.88189
2026-04-29 01:00:00+00:00,194,1,0.0,10.8,0.2,46.502636,15.024076
2026-04-29 01:00:00+00:00,236,1,0.0,11.9,0.0,45.79965,15.213271
2026-04-29 01:00:00+00:00,325,1,0.0,11.8,0.0,46.572933,15.62701
2026-04-29 01:00:00+00:00,391,1,0.0,11.6,0.0,46.71353,16.112904
2026-04-29 01:00:00+00:00,422,1,0.0,12.4,0.2,46.22144,15.21531
2026-04-29 01:00:00+00:00,425,1,0.0,11.9,0.4,45.940243,15.546751
2026-04-29 01:00:00+00:00,426,1,0.0,15.0,0.0,45.51845,13.704866
2026-04-29 02:00:00+00:00,63,2,0.0,11.0,0.1,46.432335,14.134615
2026-04-29 02:00:00+00:00,76,2,0.0,10.7,0.2,46.291737,14.233227
2026-04-29 02:00:00+00:00,106,2,0.0,11.5,0.3,46.22144,14.354067
2026-04-29 02:00:00+00:00,122,2,0.0,12.1,0.2,46.08084,14.45151
2026-04-29 02:00:00+00:00,127,2,0.0,11.1,0.3,46.151142,14.474522
2026-04-29 02:00:00+00:00,129,2,0.0,11.0,0.2,46.010544,14.571429
2026-04-29 02:00:00+00:00,177,2,0.0,6.2,0.0,45.65905,14.88189
2026-04-29 02:00:00+00:00,194,2,0.0,10.5,0.1,46.502636,15.024076
2026-04-29 02:00:00+00:00,236,2,0.0,11.8,0.0,45.79965,15.213271
2026-04-29 02:00:00+00:00,325,2,0.0,11.4,0.0,46.572933,15.62701
2026-04-29 02:00:00+00:00,391,2,0.0,10.9,0.0,46.71353,16.112904
2026-04-29 02:00:00+00:00,422,2,0.0,11.8,0.3,46.22144,15.21531
2026-04-29 02:00:00+00:00,425,2,0.0,11.3,0.3,45.940243,15.546751
2026-04-29 02:00:00+00:00,426,2,0.0,14.5,0.0,45.51845,13.704866
2026-04-29 03:00:00+00:00,63,3,0.0,10.9,0.2,46.432335,14.134615
2026-04-29 03:00:00+00:00,76,3,0.0,10.5,0.6,46.291737,14.233227
2026-04-29 03:00:00+00:00,106,3,0.0,11.2,0.5,46.22144,14.354067
2026-04-29 03:00:00+00:00,122,3,0.0,11.7,0.0,46.08084,14.45151
2026-04-29 03:00:00+00:00,127,3,0.0,10.9,0.1,46.151142,14.474522
2026-04-29 03:00:00+00:00,129,3,0.0,10.8,0.0,46.010544,14.571429
2026-04-29 03:00:00+00:00,177,3,0.0,6.2,0.0,45.65905,14.88189
2026-04-29 03:00:00+00:00,194,3,0.0,10.2,0.1,46.502636,15.024076
2026-04-29 03:00:00+00:00,236,3,0.0,11.3,0.0,45.79965,15.213271
2026-04-29 03:00:00+00:00,325,3,0.0,10.5,0.2,46.572933,15.62701
2026-04-29 03:00:00+00:00,391,3,0.0,10.7,0.0,46.71353,16.112904
2026-04-29 03:00:00+00:00,422,3,0.0,11.5,0.2,46.22144,15.21531
2026-04-29 03:00:00+00:00,425,3,0.0,11.1,0.2,45.940243,15.546751
2026-04-29 03:00:00+00:00,426,3,0.0,14.1,0.0,45.51845,13.704866
2026-04-29 06:00:00+00:00,63,6,33.0,10.9,0.2,46.432335,14.134615
2026-04-29 06:00:00+00:00,76,6,22.0,10.1,0.7,46.291737,14.233227
2026-04-29 06:00:00+00:00,106,6,20.0,10.8,1.2,46.22144,14.354067
2026-04-29 06:00:00+00:00,122,6,29.0,11.2,0.3,46.08084,14.45151
2026-04-29 06:00:00+00:00,127,6,23.0,10.3,0.8,46.151142,14.474522
2026-04-29 06:00:00+00:00,129,6,39.0,10.7,0.0,46.010544,14.571429
2026-04-29 06:00:00+00:00,177,6,120.0,8.0,0.0,45.65905,14.88189
2026-04-29 06:00:00+00:00,194,6,24.0,8.8,0.7,46.502636,15.024076
2026-04-29 06:00:00+00:00,236,6,86.0,10.8,0.0,45.79965,15.213271
2026-04-29 06:00:00+00:00,325,6,59.0,10.4,0.1,46.572933,15.62701
2026-04-29 06:00:00+00:00,391,6,120.0,10.7,0.0,46.71353,16.112904
2026-04-29 06:00:00+00:00,422,6,26.0,9.5,0.7,46.22144,15.21531
2026-04-29 06:00:00+00:00,425,6,40.0,9.3,0.1,45.940243,15.546751
2026-04-29 06:00:00+00:00,426,6,102.0,16.2,0.0,45.51845,13.704866
2026-04-29 07:00:00+00:00,63,1,70.0,10.7,0.4,46.432335,14.134615
2026-04-29 07:00:00+00:00,76,1,60.0,10.2,0.4,46.291737,14.233227
2026-04-29 07:00:00+00:00,106,1,65.0,11.1,0.7,46.22144,14.354067
2026-04-29 07:00:00+00:00,122,1,73.0,11.3,0.8,46.08084,14.45151
2026-04-29 07:00:00+00:00,127,1,71.0,10.8,0.8,46.151142,14.474522
2026-04-29 07:00:00+00:00,129,1,76.0,10.7,0.4,46.010544,14.571429
2026-04-29 07:00:00+00:00,177,1,138.0,8.9,0.0,45.65905,14.88189
2026-04-29 07:00:00+00:00,194,1,77.0,9.8,0.0,46.502636,15.024076
2026-04-29 07:00:00+00:00,236,1,70.0,10.5,0.0,45.79965,15.213271
2026-04-29 07:00:00+00:00,325,1,225.0,11.4,0.0,46.572933,15.62701
2026-04-29 07:00:00+00:00,391,1,227.0,11.2,0.0,46.71353,16.112904
2026-04-29 07:00:00+00:00,422,1,83.0,10.2,0.1,46.22144,15.21531
2026-04-29 07:00:00+00:00,425,1,68.0,9.6,0.3,45.940243,15.546751
2026-04-29 07:00:00+00:00,426,1,225.0,18.1,0.0,45.51845,13.704866
2026-04-29 08:00:00+00:00,63,2,122.0,10.8,0.6,46.432335,14.134615
2026-04-29 08:00:00+00:00,76,2,104.0,10.2,0.6,46.291737,14.233227
2026-04-29 08:00:00+00:00,106,2,116.0,10.8,0.7,46.22144,14.354067
2026-04-29 08:00:00+00:00,122,2,120.0,10.8,0.7,46.08084,14.45151
2026-04-29 08:00:00+00:00,127,2,125.0,10.3,0.6,46.151142,14.474522
2026-04-29 08:00:00+00:00,129,2,113.0,10.3,0.2,46.010544,14.571429
2026-04-29 08:00:00+00:00,177,2,148.0,8.3,0.1,45.65905,14.88189
2026-04-29 08:00:00+00:00,194,2,130.0,9.9,0.0,46.502636,15.024076
2026-04-29 08:00:00+00:00,236,2,233.0,11.1,0.0,45.79965,15.213271
2026-04-29 08:00:00+00:00,325,2,180.0,11.4,0.0,46.572933,15.62701
2026-04-29 08:00:00+00:00,391,2,257.0,11.4,0.0,46.71353,16.112904
2026-04-29 08:00:00+00:00,422,2,151.0,10.4,0.2,46.22144,15.21531
2026-04-29 08:00:00+00:00,425,2,87.0,9.3,0.7,45.940243,15.546751
2026-04-29 08:00:00+00:00,426,2,313.0,18.9,0.0,45.51845,13.704866
2026-04-29 09:00:00+00:00,63,3,124.0,10.7,0.8,46.432335,14.134615
2026-04-29 09:00:00+00:00,76,3,145.0,10.1,0.6,46.291737,14.233227
2026-04-29 09:00:00+00:00,106,3,166.0,10.3,0.5,46.22144,14.354067
2026-04-29 09:00:00+00:00,122,3,146.0,10.6,0.4,46.08084,14.45151
2026-04-29 09:00:00+00:00,127,3,162.0,10.0,0.4,46.151142,14.474522
2026-04-29 09:00:00+00:00,129,3,123.0,9.9,0.2,46.010544,14.571429
2026-04-29 09:00:00+00:00,177,3,96.0,7.4,0.2,45.65905,14.88189
2026-04-29 09:00:00+00:00,194,3,185.0,10.0,0.1,46.502636,15.024076
2026-04-29 09:00:00+00:00,236,3,146.0,10.5,0.0,45.79965,15.213271
2026-04-29 09:00:00+00:00,325,3,234.0,11.9,0.0,46.572933,15.62701
2026-04-29 09:00:00+00:00,391,3,343.0,11.7,0.0,46.71353,16.112904
2026-04-29 09:00:00+00:00,422,3,132.0,10.1,0.3,46.22144,15.21531
2026-04-29 09:00:00+00:00,425,3,163.0,9.6,0.6,45.940243,15.546751
2026-04-29 09:00:00+00:00,426,3,441.0,19.6,0.0,45.51845,13.704866
2026-04-29 12:00:00+00:00,63,6,118.0,10.1,1.2,46.432335,14.134615
2026-04-29 12:00:00+00:00,76,6,136.0,8.8,1.2,46.291737,14.233227
2026-04-29 12:00:00+00:00,106,6,172.0,9.0,1.0,46.22144,14.354067
2026-04-29 12:00:00+00:00,122,6,148.0,9.9,1.1,46.08084,14.45151
2026-04-29 12:00:00+00:00,127,6,177.0,9.2,0.8,46.151142,14.474522
2026-04-29 12:00:00+00:00,129,6,135.0,8.8,1.2,46.010544,14.571429
2026-04-29 12:00:00+00:00,177,6,140.0,6.2,0.7,45.65905,14.88189
2026-04-29 12:00:00+00:00,194,6,246.0,10.7,0.3,46.502636,15.024076
2026-04-29 12:00:00+00:00,236,6,160.0,10.3,0.7,45.79965,15.213271
2026-04-29 12:00:00+00:00,325,6,402.0,13.3,0.0,46.572933,15.62701
2026-04-29 12:00:00+00:00,391,6,456.0,13.1,0.0,46.71353,16.112904
2026-04-29 12:00:00+00:00,422,6,167.0,10.4,0.5,46.22144,15.21531
2026-04-29 12:00:00+00:00,425,6,121.0,10.2,0.6,45.940243,15.546751
2026-04-29 12:00:00+00:00,426,6,566.0,19.4,0.0,45.51845,13.704866
2026-04-29 13:00:00+00:00,63,1,143.0,9.7,0.8,46.432335,14.134615
2026-04-29 13:00:00+00:00,76,1,119.0,8.6,1.3,46.291737,14.233227
2026-04-29 13:00:00+00:00,106,1,109.0,9.3,1.7,46.22144,14.354067
2026-04-29 13:00:00+00:00,122,1,117.0,9.9,1.8,46.08084,14.45151
2026-04-29 13:00:00+00:00,127,1,111.0,9.4,1.7,46.151142,14.474522
2026-04-29 13:00:00+00:00,129,1,121.0,8.8,1.6,46.010544,14.571429
2026-04-29 13:00:00+00:00,177,1,97.0,6.1,0.9,45.65905,14.88189
2026-04-29 13:00:00+00:00,194,1,159.0,9.7,0.3,46.502636,15.024076
2026-04-29 13:00:00+00:00,236,1,118.0,9.3,1.4,45.79965,15.213271
2026-04-29 13:00:00+00:00,325,1,306.0,12.1,0.0,46.572933,15.62701
2026-04-29 13:00:00+00:00,391,1,244.0,12.2,0.0,46.71353,16.112904
2026-04-29 13:00:00+00:00,422,1,120.0,9.1,1.3,46.22144,15.21531
2026-04-29 13:00:00+00:00,425,1,120.0,9.2,1.0,45.940243,15.546751
2026-04-29 13:00:00+00:00,426,1,418.0,17.0,0.0,45.51845,13.704866
2026-04-29 14:00:00+00:00,63,2,112.0,9.4,0.4,46.432335,14.134615
2026-04-29 14:00:00+00:00,76,2,103.0,8.3,0.6,46.291737,14.233227
2026-04-29 14:00:00+00:00,106,2,104.0,9.1,1.0,46.22144,14.354067
2026-04-29 14:00:00+00:00,122,2,82.0,9.8,1.6,46.08084,14.45151
2026-04-29 14:00:00+00:00,127,2,94.0,9.2,1.3,46.151142,14.474522
2026-04-29 14:00:00+00:00,129,2,78.0,8.6,1.6,46.010544,14.571429
2026-04-29 14:00:00+00:00,177,2,54.0,5.5,1.9,45.65905,14.88189
2026-04-29 14:00:00+00:00,194,2,167.0,9.4,0.3,46.502636,15.024076
2026-04-29 14:00:00+00:00,236,2,66.0,8.9,1.4,45.79965,15.213271
2026-04-29 14:00:00+00:00,325,2,250.0,12.0,0.0,46.572933,15.62701
2026-04-29 14:00:00+00:00,391,2,160.0,11.8,0.0,46.71353,16.112904
2026-04-29 14:00:00+00:00,422,2,134.0,9.4,0.8,46.22144,15.21531
2026-04-29 14:00:00+00:00,425,2,105.0,9.3,1.2,45.940243,15.546751
2026-04-29 14:00:00+00:00,426,2,396.0,16.7,0.0,45.51845,13.704866
2026-04-29 15:00:00+00:00,63,3,99.0,9.2,0.4,46.432335,14.134615
2026-04-29 15:00:00+00:00,76,3,81.0,8.1,0.4,46.291737,14.233227
2026-04-29 15:00:00+00:00,106,3,88.0,8.8,0.6,46.22144,14.354067
2026-04-29 15:00:00+00:00,122,3,102.0,9.6,1.0,46.08084,14.45151
2026-04-29 15:00:00+00:00,127,3,97.0,8.9,0.7,46.151142,14.474522
2026-04-29 15:00:00+00:00,129,3,100.0,8.4,1.0,46.010544,14.571429
2026-04-29 15:00:00+00:00,177,3,55.0,5.1,1.8,45.65905,14.88189
2026-04-29 15:00:00+00:00,194,3,162.0,9.0,0.3,46.502636,15.024076
2026-04-29 15:00:00+00:00,236,3,52.0,8.8,1.5,45.79965,15.213271
2026-04-29 15:00:00+00:00,325,3,201.0,12.0,0.0,46.572933,15.62701
2026-04-29 15:00:00+00:00,391,3,111.0,11.8,0.0,46.71353,16.112904
2026-04-29 15:00:00+00:00,422,3,119.0,9.6,0.5,46.22144,15.21531
2026-04-29 15:00:00+00:00,425,3,95.0,9.5,1.2,45.940243,15.546751
2026-04-29 15:00:00+00:00,426,3,339.0,16.5,0.0,45.51845,13.704866
2026-04-29 18:00:00+00:00,63,6,18.0,8.5,0.2,46.432335,14.134615
2026-04-29 18:00:00+00:00,76,6,19.0,7.9,0.4,46.291737,14.233227
2026-04-29 18:00:00+00:00,106,6,21.0,7.8,0.2,46.22144,14.354067
2026-04-29 18:00:00+00:00,122,6,19.0,8.6,0.1,46.08084,14.45151
2026-04-29 18:00:00+00:00,127,6,21.0,7.7,0.1,46.151142,14.474522
2026-04-29 18:00:00+00:00,129,6,16.0,7.6,0.2,46.010544,14.571429
2026-04-29 18:00:00+00:00,177,6,7.0,4.4,1.1,45.65905,14.88189
2026-04-29 18:00:00+00:00,194,6,18.0,7.6,0.0,46.502636,15.024076
2026-04-29 18:00:00+00:00,236,6,8.0,8.8,0.7,45.79965,15.213271
2026-04-29 18:00:00+00:00,325,6,28.0,10.7,0.0,46.572933,15.62701
2026-04-29 18:00:00+00:00,391,6,34.0,10.0,0.0,46.71353,16.112904
2026-04-29 18:00:00+00:00,422,6,18.0,9.0,0.1,46.22144,15.21531
2026-04-29 18:00:00+00:00,425,6,7.0,9.1,0.6,45.940243,15.546751
2026-04-29 18:00:00+00:00,426,6,9.0,12.3,0.5,45.51845,13.704866
2026-04-29 19:00:00+00:00,63,1,0.0,8.0,0.0,46.432335,14.134615
2026-04-29 19:00:00+00:00,76,1,0.0,7.5,0.4,46.291737,14.233227
2026-04-29 19:00:00+00:00,106,1,0.0,7.6,0.2,46.22144,14.354067
2026-04-29 19:00:00+00:00,122,1,0.0,8.3,0.1,46.08084,14.45151
2026-04-29 19:00:00+00:00,127,1,0.0,7.5,0.1,46.151142,14.474522
2026-04-29 19:00:00+00:00,129,1,0.0,7.2,0.2,46.010544,14.571429
2026-04-29 19:00:00+00:00,177,1,0.0,4.3,0.8,45.65905,14.88189
2026-04-29 19:00:00+00:00,194,1,0.0,6.2,0.0,46.502636,15.024076
2026-04-29 19:00:00+00:00,236,1,0.0,8.5,0.8,45.79965,15.213271
2026-04-29 19:00:00+00:00,325,1,0.0,8.6,0.0,46.572933,15.62701
2026-04-29 19:00:00+00:00,391,1,0.0,8.2,0.0,46.71353,16.112904
2026-04-29 19:00:00+00:00,422,1,0.0,8.1,0.0,46.22144,15.21531
2026-04-29 19:00:00+00:00,425,1,0.0,8.6,0.2,45.940243,15.546751
2026-04-29 19:00:00+00:00,426,1,0.0,12.0,0.4,45.51845,13.704866
2026-04-29 20:00:00+00:00,63,2,0.0,7.5,0.0,46.432335,14.134615
2026-04-29 20:00:00+00:00,76,2,0.0,7.0,0.1,46.291737,14.233227
2026-04-29 20:00:00+00:00,106,2,0.0,6.8,0.0,46.22144,14.354067
2026-04-29 20:00:00+00:00,122,2,0.0,7.3,0.0,46.08084,14.45151
2026-04-29 20:00:00+00:00,127,2,0.0,6.7,0.0,46.151142,14.474522
2026-04-29 20:00:00+00:00,129,2,0.0,6.9,0.1,46.010544,14.571429
2026-04-29 20:00:00+00:00,177,2,0.0,4.3,0.5,45.65905,14.88189
2026-04-29 20:00:00+00:00,194,2,0.0,4.7,0.0,46.502636,15.024076
2026-04-29 20:00:00+00:00,236,2,0.0,8.5,0.2,45.79965,15.213271
2026-04-29 20:00:00+00:00,325,2,0.0,7.8,0.0,46.572933,15.62701
2026-04-29 20:00:00+00:00,391,2,0.0,7.2,0.0,46.71353,16.112904
2026-04-29 20:00:00+00:00,422,2,0.0,7.6,0.0,46.22144,15.21531
2026-04-29 20:00:00+00:00,425,2,0.0,8.1,0.0,45.940243,15.546751
2026-04-29 20:00:00+00:00,426,2,0.0,12.0,0.0,45.51845,13.704866
2026-04-29 21:00:00+00:00,63,3,0.0,7.0,0.0,46.432335,14.134615
2026-04-29 21:00:00+00:00,76,3,0.0,6.8,0.0,46.291737,14.233227
2026-04-29 21:00:00+00:00,106,3,0.0,6.5,0.0,46.22144,14.354067
2026-04-29 21:00:00+00:00,122,3,0.0,6.5,0.0,46.08084,14.45151
2026-04-29 21:00:00+00:00,127,3,0.0,6.2,0.0,46.151142,14.474522
2026-04-29 21:00:00+00:00,129,3,0.0,5.8,0.0,46.010544,14.571429
2026-04-29 21:00:00+00:00,177,3,0.0,3.9,0.1,45.65905,14.88189
2026-04-29 21:00:00+00:00,194,3,0.0,4.3,0.0,46.502636,15.024076
2026-04-29 21:00:00+00:00,236,3,0.0,8.0,0.0,45.79965,15.213271
2026-04-29 21:00:00+00:00,325,3,0.0,8.3,0.0,46.572933,15.62701
2026-04-29 21:00:00+00:00,391,3,0.0,8.2,0.0,46.71353,16.112904
2026-04-29 21:00:00+00:00,422,3,0.0,6.7,0.0,46.22144,15.21531
2026-04-29 21:00:00+00:00,425,3,0.0,7.3,0.0,45.940243,15.546751
2026-04-29 21:00:00+00:00,426,3,0.0,12.3,0.0,45.51845,13.704866
2026-04-30 00:00:00+00:00,63,6,0.0,4.2,0.0,46.432335,14.134615
2026-04-30 00:00:00+00:00,63,24,0.0,4.4,0.0,46.432335,14.134615
2026-04-30 00:00:00+00:00,76,6,0.0,5.1,0.0,46.291737,14.233227
2026-04-30 00:00:00+00:00,76,24,0.0,3.8,0.0,46.291737,14.233227
2026-04-30 00:00:00+00:00,106,6,0.0,4.7,0.0,46.22144,14.354067
2026-04-30 00:00:00+00:00,106,24,0.0,4.6,0.0,46.22144,14.354067
2026-04-30 00:00:00+00:00,122,6,0.0,4.7,0.0,46.08084,14.45151
2026-04-30 00:00:00+00:00,122,24,0.0,5.8,0.0,46.08084,14.45151
2026-04-30 00:00:00+00:00,127,6,0.0,3.7,0.0,46.151142,14.474522
2026-04-30 00:00:00+00:00,127,24,0.0,4.9,0.0,46.151142,14.474522
2026-04-30 00:00:00+00:00,129,6,0.0,4.5,0.0,46.010544,14.571429
2026-04-30 00:00:00+00:00,129,24,0.0,4.9,0.0,46.010544,14.571429
2026-04-30 00:00:00+00:00,177,6,0.0,2.3,0.0,45.65905,14.88189
2026-04-30 00:00:00+00:00,177,24,0.0,3.0,0.0,45.65905,14.88189
2026-04-30 00:00:00+00:00,194,6,0.0,4.3,0.0,46.502636,15.024076
2026-04-30 00:00:00+00:00,194,24,0.0,5.1,0.0,46.502636,15.024076
2026-04-30 00:00:00+00:00,236,6,0.0,5.6,0.0,45.79965,15.213271
2026-04-30 00:00:00+00:00,236,24,0.0,5.6,0.0,45.79965,15.213271
2026-04-30 00:00:00+00:00,325,6,0.0,6.0,0.0,46.572933,15.62701
2026-04-30 00:00:00+00:00,325,24,0.0,6.3,0.0,46.572933,15.62701
2026-04-30 00:00:00+00:00,391,6,0.0,6.3,0.0,46.71353,16.112904
2026-04-30 00:00:00+00:00,391,24,0.0,7.0,0.0,46.71353,16.112904
2026-04-30 00:00:00+00:00,422,6,0.0,3.3,0.0,46.22144,15.21531
2026-04-30 00:00:00+00:00,422,24,0.0,4.3,0.0,46.22144,15.21531
2026-04-30 00:00:00+00:00,425,6,0.0,4.8,0.0,45.940243,15.546751
2026-04-30 00:00:00+00:00,425,24,0.0,5.4,0.0,45.940243,15.546751
2026-04-30 00:00:00+00:00,426,6,0.0,12.6,0.0,45.51845,13.704866
2026-04-30 00:00:00+00:00,426,24,0.0,12.5,0.0,45.51845,13.704866
2026-04-30 06:00:00+00:00,63,24,225.0,4.3,0.0,46.432335,14.134615
2026-04-30 06:00:00+00:00,76,24,221.0,4.7,0.0,46.291737,14.233227
2026-04-30 06:00:00+00:00,106,24,216.0,4.7,0.0,46.22144,14.354067
2026-04-30 06:00:00+00:00,122,24,213.0,5.6,0.0,46.08084,14.45151
2026-04-30 06:00:00+00:00,127,24,213.0,4.7,0.0,46.151142,14.474522
2026-04-30 06:00:00+00:00,129,24,216.0,5.3,0.0,46.010544,14.571429
2026-04-30 06:00:00+00:00,177,24,220.0,1.6,0.0,45.65905,14.88189
2026-04-30 06:00:00+00:00,194,24,233.0,5.2,0.0,46.502636,15.024076
2026-04-30 06:00:00+00:00,236,24,223.0,5.3,0.0,45.79965,15.213271
2026-04-30 06:00:00+00:00,325,24,234.0,5.8,0.0,46.572933,15.62701
2026-04-30 06:00:00+00:00,391,24,235.0,5.9,0.0,46.71353,16.112904
2026-04-30 06:00:00+00:00,422,24,227.0,4.7,0.0,46.22144,15.21531
2026-04-30 06:00:00+00:00,425,24,226.0,5.8,0.0,45.940243,15.546751
2026-04-30 06:00:00+00:00,426,24,201.0,9.9,0.0,45.51845,13.704866
2026-04-30 12:00:00+00:00,63,24,914.0,13.1,0.0,46.432335,14.134615
2026-04-30 12:00:00+00:00,76,24,903.0,12.9,0.0,46.291737,14.233227
2026-04-30 12:00:00+00:00,106,24,890.0,12.6,0.0,46.22144,14.354067
2026-04-30 12:00:00+00:00,122,24,884.0,13.2,0.0,46.08084,14.45151
2026-04-30 12:00:00+00:00,127,24,882.0,11.9,0.0,46.151142,14.474522
2026-04-30 12:00:00+00:00,129,24,888.0,12.2,0.0,46.010544,14.571429
2026-04-30 12:00:00+00:00,177,24,896.0,8.1,0.0,45.65905,14.88189
2026-04-30 12:00:00+00:00,194,24,900.0,11.6,0.0,46.502636,15.024076
2026-04-30 12:00:00+00:00,236,24,886.0,12.2,0.0,45.79965,15.213271
2026-04-30 12:00:00+00:00,325,24,885.0,12.6,0.0,46.572933,15.62701
2026-04-30 12:00:00+00:00,391,24,874.0,12.6,0.0,46.71353,16.112904
2026-04-30 12:00:00+00:00,422,24,886.0,12.2,0.0,46.22144,15.21531
2026-04-30 12:00:00+00:00,425,24,878.0,12.2,0.0,45.940243,15.546751
2026-04-30 12:00:00+00:00,426,24,890.0,16.8,0.0,45.51845,13.704866
2026-04-30 18:00:00+00:00,63,24,63.0,7.7,0.0,46.432335,14.134615
2026-04-30 18:00:00+00:00,76,24,60.0,6.1,0.0,46.291737,14.233227
2026-04-30 18:00:00+00:00,106,24,57.0,7.2,0.0,46.22144,14.354067
2026-04-30 18:00:00+00:00,122,24,54.0,9.5,0.0,46.08084,14.45151
2026-04-30 18:00:00+00:00,127,24,54.0,8.0,0.0,46.151142,14.474522
2026-04-30 18:00:00+00:00,129,24,54.0,8.2,0.0,46.010544,14.571429
2026-04-30 18:00:00+00:00,177,24,51.0,4.0,0.0,45.65905,14.88189
2026-04-30 18:00:00+00:00,194,24,55.0,7.1,0.0,46.502636,15.024076
2026-04-30 18:00:00+00:00,236,24,49.0,7.9,0.0,45.79965,15.213271
2026-04-30 18:00:00+00:00,325,24,49.0,8.8,0.0,46.572933,15.62701
2026-04-30 18:00:00+00:00,391,24,45.0,9.1,0.0,46.71353,16.112904
2026-04-30 18:00:00+00:00,422,24,50.0,8.6,0.0,46.22144,15.21531
2026-04-30 18:00:00+00:00,425,24,46.0,7.9,0.0,45.940243,15.546751
2026-04-30 18:00:00+00:00,426,24,58.0,13.6,0.0,45.51845,13.704866
2026-04-30 01:00:00+00:00,63,1,0.0,5.7,0.0,46.432335,14.134615
2026-04-30 01:00:00+00:00,76,1,0.0,5.3,0.1,46.291737,14.233227
2026-04-30 01:00:00+00:00,106,1,0.0,4.7,0.0,46.22144,14.354067
2026-04-30 01:00:00+00:00,122,1,0.0,4.3,0.0,46.08084,14.45151
2026-04-30 01:00:00+00:00,127,1,0.0,3.7,0.0,46.151142,14.474522
2026-04-30 01:00:00+00:00,129,1,0.0,3.8,0.0,46.010544,14.571429
2026-04-30 01:00:00+00:00,177,1,0.0,1.1,0.0,45.65905,14.88189
2026-04-30 01:00:00+00:00,194,1,0.0,4.4,0.0,46.502636,15.024076
2026-04-30 01:00:00+00:00,236,1,0.0,3.9,0.0,45.79965,15.213271
2026-04-30 01:00:00+00:00,325,1,0.0,5.6,0.0,46.572933,15.62701
2026-04-30 01:00:00+00:00,391,1,0.0,5.1,0.0,46.71353,16.112904
2026-04-30 01:00:00+00:00,422,1,0.0,3.1,0.0,46.22144,15.21531
2026-04-30 01:00:00+00:00,425,1,0.0,4.1,0.0,45.940243,15.546751
2026-04-30 01:00:00+00:00,426,1,0.0,11.1,0.0,45.51845,13.704866
2026-04-30 02:00:00+00:00,63,2,0.0,4.1,0.0,46.432335,14.134615
2026-04-30 02:00:00+00:00,76,2,0.0,3.7,0.0,46.291737,14.233227
2026-04-30 02:00:00+00:00,106,2,0.0,3.0,0.0,46.22144,14.354067
2026-04-30 02:00:00+00:00,122,2,0.0,3.5,0.0,46.08084,14.45151
2026-04-30 02:00:00+00:00,127,2,0.0,2.1,0.0,46.151142,14.474522
2026-04-30 02:00:00+00:00,129,2,0.0,2.9,0.0,46.010544,14.571429
2026-04-30 02:00:00+00:00,177,2,0.0,0.2,0.0,45.65905,14.88189
2026-04-30 02:00:00+00:00,194,2,0.0,3.6,0.0,46.502636,15.024076
2026-04-30 02:00:00+00:00,236,2,0.0,3.1,0.0,45.79965,15.213271
2026-04-30 02:00:00+00:00,325,2,0.0,4.6,0.0,46.572933,15.62701
2026-04-30 02:00:00+00:00,391,2,0.0,4.2,0.0,46.71353,16.112904
2026-04-30 02:00:00+00:00,422,2,0.0,2.5,0.0,46.22144,15.21531
2026-04-30 02:00:00+00:00,425,2,0.0,3.8,0.0,45.940243,15.546751
2026-04-30 02:00:00+00:00,426,2,0.0,10.4,0.0,45.51845,13.704866
2026-04-30 03:00:00+00:00,63,3,0.0,2.5,0.0,46.432335,14.134615
2026-04-30 03:00:00+00:00,76,3,0.0,2.6,0.0,46.291737,14.233227
2026-04-30 03:00:00+00:00,106,3,0.0,1.7,0.0,46.22144,14.354067
2026-04-30 03:00:00+00:00,122,3,0.0,3.0,0.0,46.08084,14.45151
2026-04-30 03:00:00+00:00,127,3,0.0,0.9,0.0,46.151142,14.474522
2026-04-30 03:00:00+00:00,129,3,0.0,2.2,0.0,46.010544,14.571429
2026-04-30 03:00:00+00:00,177,3,0.0,-0.4,0.0,45.65905,14.88189
2026-04-30 03:00:00+00:00,194,3,0.0,2.8,0.0,46.502636,15.024076
2026-04-30 03:00:00+00:00,236,3,0.0,2.6,0.0,45.79965,15.213271
2026-04-30 03:00:00+00:00,325,3,0.0,3.9,0.0,46.572933,15.62701
2026-04-30 03:00:00+00:00,391,3,0.0,3.5,0.0,46.71353,16.112904
2026-04-30 03:00:00+00:00,422,3,0.0,1.6,0.0,46.22144,15.21531
2026-04-30 03:00:00+00:00,425,3,0.0,3.5,0.0,45.940243,15.546751
2026-04-30 03:00:00+00:00,426,3,0.0,9.6,0.0,45.51845,13.704866
2026-04-30 06:00:00+00:00,63,6,225.0,4.5,0.0,46.432335,14.134615
2026-04-30 06:00:00+00:00,76,6,214.0,4.7,0.0,46.291737,14.233227
2026-04-30 06:00:00+00:00,106,6,212.0,4.2,0.0,46.22144,14.354067
2026-04-30 06:00:00+00:00,122,6,212.0,5.3,0.0,46.08084,14.45151
2026-04-30 06:00:00+00:00,127,6,213.0,4.5,0.0,46.151142,14.474522
2026-04-30 06:00:00+00:00,129,6,216.0,4.7,0.0,46.010544,14.571429
2026-04-30 06:00:00+00:00,177,6,222.0,0.9,0.0,45.65905,14.88189
2026-04-30 06:00:00+00:00,194,6,233.0,5.1,0.0,46.502636,15.024076
2026-04-30 06:00:00+00:00,236,6,225.0,4.6,0.0,45.79965,15.213271
2026-04-30 06:00:00+00:00,325,6,233.0,5.7,0.0,46.572933,15.62701
2026-04-30 06:00:00+00:00,391,6,234.0,5.5,0.0,46.71353,16.112904
2026-04-30 06:00:00+00:00,422,6,224.0,4.1,0.0,46.22144,15.21531
2026-04-30 06:00:00+00:00,425,6,226.0,5.1,0.0,45.940243,15.546751
2026-04-30 06:00:00+00:00,426,6,202.0,9.9,0.0,45.51845,13.704866
2026-04-30 07:00:00+00:00,63,1,415.0,5.7,0.0,46.432335,14.134615
2026-04-30 07:00:00+00:00,76,1,402.0,6.4,0.0,46.291737,14.233227
2026-04-30 07:00:00+00:00,106,1,397.0,6.5,0.0,46.22144,14.354067
2026-04-30 07:00:00+00:00,122,1,399.0,7.6,0.0,46.08084,14.45151
2026-04-30 07:00:00+00:00,127,1,399.0,6.7,0.0,46.151142,14.474522
2026-04-30 07:00:00+00:00,129,1,405.0,6.9,0.0,46.010544,14.571429
2026-04-30 07:00:00+00:00,177,1,411.0,2.5,0.0,45.65905,14.88189
2026-04-30 07:00:00+00:00,194,1,421.0,6.6,0.0,46.502636,15.024076
2026-04-30 07:00:00+00:00,236,1,411.0,6.7,0.0,45.79965,15.213271
2026-04-30 07:00:00+00:00,325,1,417.0,7.5,0.0,46.572933,15.62701
2026-04-30 07:00:00+00:00,391,1,417.0,7.6,0.0,46.71353,16.112904
2026-04-30 07:00:00+00:00,422,1,410.0,6.8,0.0,46.22144,15.21531
2026-04-30 07:00:00+00:00,425,1,409.0,7.1,0.0,45.940243,15.546751
2026-04-30 07:00:00+00:00,426,1,389.0,11.2,0.0,45.51845,13.704866
2026-04-30 08:00:00+00:00,63,2,596.0,7.6,0.0,46.432335,14.134615
2026-04-30 08:00:00+00:00,76,2,585.0,8.2,0.0,46.291737,14.233227
2026-04-30 08:00:00+00:00,106,2,578.0,8.7,0.0,46.22144,14.354067
2026-04-30 08:00:00+00:00,122,2,577.0,9.3,0.0,46.08084,14.45151
2026-04-30 08:00:00+00:00,127,2,575.0,8.3,0.0,46.151142,14.474522
2026-04-30 08:00:00+00:00,129,2,582.0,8.2,0.0,46.010544,14.571429
2026-04-30 08:00:00+00:00,177,2,589.0,4.1,0.0,45.65905,14.88189
2026-04-30 08:00:00+00:00,194,2,598.0,7.9,0.0,46.502636,15.024076
2026-04-30 08:00:00+00:00,236,2,586.0,8.5,0.0,45.79965,15.213271
2026-04-30 08:00:00+00:00,325,2,592.0,8.8,0.0,46.572933,15.62701
2026-04-30 08:00:00+00:00,391,2,588.0,9.1,0.0,46.71353,16.112904
2026-04-30 08:00:00+00:00,422,2,588.0,8.6,0.0,46.22144,15.21531
2026-04-30 08:00:00+00:00,425,2,583.0,8.6,0.0,45.940243,15.546751
2026-04-30 08:00:00+00:00,426,2,573.0,12.4,0.0,45.51845,13.704866
2026-04-30 09:00:00+00:00,63,3,749.0,9.4,0.0,46.432335,14.134615
2026-04-30 09:00:00+00:00,76,3,738.0,10.0,0.0,46.291737,14.233227
2026-04-30 09:00:00+00:00,106,3,728.0,10.2,0.0,46.22144,14.354067
2026-04-30 09:00:00+00:00,122,3,724.0,10.4,0.0,46.08084,14.45151
2026-04-30 09:00:00+00:00,127,3,722.0,9.4,0.0,46.151142,14.474522
2026-04-30 09:00:00+00:00,129,3,728.0,9.5,0.0,46.010544,14.571429
2026-04-30 09:00:00+00:00,177,3,736.0,5.6,0.0,45.65905,14.88189
2026-04-30 09:00:00+00:00,194,3,745.0,9.1,0.0,46.502636,15.024076
2026-04-30 09:00:00+00:00,236,3,732.0,9.8,0.0,45.79965,15.213271
2026-04-30 09:00:00+00:00,325,3,736.0,10.2,0.0,46.572933,15.62701
2026-04-30 09:00:00+00:00,391,3,730.0,10.4,0.0,46.71353,16.112904
2026-04-30 09:00:00+00:00,422,3,734.0,10.0,0.0,46.22144,15.21531
2026-04-30 09:00:00+00:00,425,3,728.0,9.9,0.0,45.940243,15.546751
2026-04-30 09:00:00+00:00,426,3,727.0,13.8,0.0,45.51845,13.704866
2026-04-30 12:00:00+00:00,63,6,913.0,13.3,0.0,46.432335,14.134615
2026-04-30 12:00:00+00:00,76,6,901.0,12.7,0.0,46.291737,14.233227
2026-04-30 12:00:00+00:00,106,6,888.0,12.5,0.0,46.22144,14.354067
2026-04-30 12:00:00+00:00,122,6,882.0,13.3,0.0,46.08084,14.45151
2026-04-30 12:00:00+00:00,127,6,880.0,12.0,0.0,46.151142,14.474522
2026-04-30 12:00:00+00:00,129,6,885.0,12.3,0.0,46.010544,14.571429
2026-04-30 12:00:00+00:00,177,6,897.0,8.3,0.0,45.65905,14.88189
2026-04-30 12:00:00+00:00,194,6,898.0,12.0,0.0,46.502636,15.024076
2026-04-30 12:00:00+00:00,236,6,883.0,12.4,0.0,45.79965,15.213271
2026-04-30 12:00:00+00:00,325,6,884.0,13.0,0.0,46.572933,15.62701
2026-04-30 12:00:00+00:00,391,6,876.0,12.8,0.0,46.71353,16.112904
2026-04-30 12:00:00+00:00,422,6,884.0,12.5,0.0,46.22144,15.21531
2026-04-30 12:00:00+00:00,425,6,878.0,12.4,0.0,45.940243,15.546751
2026-04-30 12:00:00+00:00,426,6,889.0,16.9,0.0,45.51845,13.704866
2026-04-30 13:00:00+00:00,63,1,855.0,13.9,0.0,46.432335,14.134615
2026-04-30 13:00:00+00:00,76,1,840.0,13.4,0.0,46.291737,14.233227
2026-04-30 13:00:00+00:00,106,1,825.0,13.2,0.0,46.22144,14.354067
2026-04-30 13:00:00+00:00,122,1,821.0,14.1,0.0,46.08084,14.45151
2026-04-30 13:00:00+00:00,127,1,816.0,12.8,0.0,46.151142,14.474522
2026-04-30 13:00:00+00:00,129,1,827.0,12.9,0.0,46.010544,14.571429
2026-04-30 13:00:00+00:00,177,1,837.0,8.8,0.0,45.65905,14.88189
2026-04-30 13:00:00+00:00,194,1,838.0,12.5,0.0,46.502636,15.024076
2026-04-30 13:00:00+00:00,236,1,825.0,12.9,0.0,45.79965,15.213271
2026-04-30 13:00:00+00:00,325,1,825.0,13.5,0.0,46.572933,15.62701
2026-04-30 13:00:00+00:00,391,1,815.0,13.3,0.0,46.71353,16.112904
2026-04-30 13:00:00+00:00,422,1,825.0,13.1,0.0,46.22144,15.21531
2026-04-30 13:00:00+00:00,425,1,815.0,12.9,0.0,45.940243,15.546751
2026-04-30 13:00:00+00:00,426,1,832.0,17.5,0.0,45.51845,13.704866
2026-04-30 14:00:00+00:00,63,2,748.0,14.1,0.0,46.432335,14.134615
2026-04-30 14:00:00+00:00,76,2,735.0,13.1,0.0,46.291737,14.233227
2026-04-30 14:00:00+00:00,106,2,721.0,13.2,0.0,46.22144,14.354067
2026-04-30 14:00:00+00:00,122,2,714.0,14.2,0.0,46.08084,14.45151
2026-04-30 14:00:00+00:00,127,2,711.0,12.8,0.0,46.151142,14.474522
2026-04-30 14:00:00+00:00,129,2,714.0,12.9,0.0,46.010544,14.571429
2026-04-30 14:00:00+00:00,177,2,707.0,8.7,0.0,45.65905,14.88189
2026-04-30 14:00:00+00:00,194,2,732.0,12.7,0.0,46.502636,15.024076
2026-04-30 14:00:00+00:00,236,2,717.0,13.0,0.0,45.79965,15.213271
2026-04-30 14:00:00+00:00,325,2,715.0,13.6,0.0,46.572933,15.62701
2026-04-30 14:00:00+00:00,391,2,704.0,13.6,0.0,46.71353,16.112904
2026-04-30 14:00:00+00:00,422,2,716.0,13.3,0.0,46.22144,15.21531
2026-04-30 14:00:00+00:00,425,2,706.0,13.0,0.0,45.940243,15.546751
2026-04-30 14:00:00+00:00,426,2,723.0,17.7,0.0,45.51845,13.704866
2026-04-30 15:00:00+00:00,63,3,599.0,13.8,0.0,46.432335,14.134615
2026-04-30 15:00:00+00:00,76,3,586.0,12.2,0.0,46.291737,14.233227
2026-04-30 15:00:00+00:00,106,3,573.0,12.5,0.0,46.22144,14.354067
2026-04-30 15:00:00+00:00,122,3,566.0,13.8,0.0,46.08084,14.45151
2026-04-30 15:00:00+00:00,127,3,564.0,12.4,0.0,46.151142,14.474522
2026-04-30 15:00:00+00:00,129,3,567.0,12.6,0.0,46.010544,14.571429
2026-04-30 15:00:00+00:00,177,3,562.0,8.4,0.0,45.65905,14.88189
2026-04-30 15:00:00+00:00,194,3,580.0,12.5,0.0,46.502636,15.024076
2026-04-30 15:00:00+00:00,236,3,560.0,12.7,0.0,45.79965,15.213271
2026-04-30 15:00:00+00:00,325,3,564.0,13.2,0.0,46.572933,15.62701
2026-04-30 15:00:00+00:00,391,3,552.0,13.3,0.0,46.71353,16.112904
2026-04-30 15:00:00+00:00,422,3,567.0,13.0,0.0,46.22144,15.21531
2026-04-30 15:00:00+00:00,425,3,555.0,12.8,0.0,45.940243,15.546751
2026-04-30 15:00:00+00:00,426,3,581.0,17.4,0.0,45.51845,13.704866
2026-04-30 18:00:00+00:00,63,6,63.0,8.2,0.0,46.432335,14.134615
2026-04-30 18:00:00+00:00,76,6,61.0,6.5,0.0,46.291737,14.233227
2026-04-30 18:00:00+00:00,106,6,57.0,7.4,0.0,46.22144,14.354067
2026-04-30 18:00:00+00:00,122,6,54.0,9.8,0.0,46.08084,14.45151
2026-04-30 18:00:00+00:00,127,6,54.0,7.9,0.0,46.151142,14.474522
2026-04-30 18:00:00+00:00,129,6,54.0,8.4,0.0,46.010544,14.571429
2026-04-30 18:00:00+00:00,177,6,51.0,4.0,0.0,45.65905,14.88189
2026-04-30 18:00:00+00:00,194,6,54.0,7.8,0.0,46.502636,15.024076
2026-04-30 18:00:00+00:00,236,6,49.0,8.4,0.0,45.79965,15.213271
2026-04-30 18:00:00+00:00,325,6,49.0,9.2,0.0,46.572933,15.62701
2026-04-30 18:00:00+00:00,391,6,45.0,9.0,0.0,46.71353,16.112904
2026-04-30 18:00:00+00:00,422,6,50.0,8.9,0.0,46.22144,15.21531
2026-04-30 18:00:00+00:00,425,6,46.0,8.0,0.0,45.940243,15.546751
2026-04-30 18:00:00+00:00,426,6,59.0,14.1,0.0,45.51845,13.704866
2026-04-30 19:00:00+00:00,63,1,0.0,7.0,0.0,46.432335,14.134615
2026-04-30 19:00:00+00:00,76,1,0.0,6.4,0.0,46.291737,14.233227
2026-04-30 19:00:00+00:00,106,1,0.0,7.7,0.0,46.22144,14.354067
2026-04-30 19:00:00+00:00,122,1,0.0,8.5,0.0,46.08084,14.45151
2026-04-30 19:00:00+00:00,127,1,0.0,7.6,0.0,46.151142,14.474522
2026-04-30 19:00:00+00:00,129,1,0.0,7.4,0.0,46.010544,14.571429
2026-04-30 19:00:00+00:00,177,1,0.0,4.3,0.0,45.65905,14.88189
2026-04-30 19:00:00+00:00,194,1,0.0,6.7,0.0,46.502636,15.024076
2026-04-30 19:00:00+00:00,236,1,0.0,8.2,0.0,45.79965,15.213271
2026-04-30 19:00:00+00:00,325,1,0.0,8.5,0.0,46.572933,15.62701
2026-04-30 19:00:00+00:00,391,1,0.0,8.1,0.0,46.71353,16.112904
2026-04-30 19:00:00+00:00,422,1,0.0,8.3,0.0,46.22144,15.21531
2026-04-30 19:00:00+00:00,425,1,0.0,7.6,0.0,45.940243,15.546751
2026-04-30 19:00:00+00:00,426,1,0.0,13.0,0.0,45.51845,13.704866
2026-04-30 20:00:00+00:00,63,2,0.0,5.7,0.0,46.432335,14.134615
2026-04-30 20:00:00+00:00,76,2,0.0,5.9,0.0,46.291737,14.233227
2026-04-30 20:00:00+00:00,106,2,0.0,6.6,0.0,46.22144,14.354067
2026-04-30 20:00:00+00:00,122,2,0.0,7.1,0.0,46.08084,14.45151
2026-04-30 20:00:00+00:00,127,2,0.0,5.6,0.0,46.151142,14.474522
2026-04-30 20:00:00+00:00,129,2,0.0,6.5,0.0,46.010544,14.571429
2026-04-30 20:00:00+00:00,177,2,0.0,3.6,0.0,45.65905,14.88189
2026-04-30 20:00:00+00:00,194,2,0.0,5.8,0.0,46.502636,15.024076
2026-04-30 20:00:00+00:00,236,2,0.0,6.7,0.0,45.79965,15.213271
2026-04-30 20:00:00+00:00,325,2,0.0,8.4,0.0,46.572933,15.62701
2026-04-30 20:00:00+00:00,391,2,0.0,7.4,0.0,46.71353,16.112904
2026-04-30 20:00:00+00:00,422,2,0.0,7.0,0.0,46.22144,15.21531
2026-04-30 20:00:00+00:00,425,2,0.0,6.5,0.0,45.940243,15.546751
2026-04-30 20:00:00+00:00,426,2,0.0,12.0,0.0,45.51845,13.704866
2026-04-30 21:00:00+00:00,63,3,0.0,5.1,0.0,46.432335,14.134615
2026-04-30 21:00:00+00:00,76,3,0.0,5.0,0.0,46.291737,14.233227
2026-04-30 21:00:00+00:00,106,3,0.0,6.4,0.0,46.22144,14.354067
2026-04-30 21:00:00+00:00,122,3,0.0,6.0,0.0,46.08084,14.45151
2026-04-30 21:00:00+00:00,127,3,0.0,5.3,0.0,46.151142,14.474522
2026-04-30 21:00:00+00:00,129,3,0.0,5.6,0.0,46.010544,14.571429
2026-04-30 21:00:00+00:00,177,3,0.0,3.1,0.0,45.65905,14.88189
2026-04-30 21:00:00+00:00,194,3,0.0,5.0,0.0,46.502636,15.024076
2026-04-30 21:00:00+00:00,236,3,0.0,6.6,0.0,45.79965,15.213271
2026-04-30 21:00:00+00:00,325,3,0.0,7.0,0.0,46.572933,15.62701
2026-04-30 21:00:00+00:00,391,3,0.0,6.2,0.0,46.71353,16.112904
2026-04-30 21:00:00+00:00,422,3,0.0,5.5,0.0,46.22144,15.21531
2026-04-30 21:00:00+00:00,425,3,0.0,5.9,0.0,45.940243,15.546751
2026-04-30 21:00:00+00:00,426,3,0.0,11.3,0.0,45.51845,13.704866
2026-05-01 00:00:00+00:00,63,6,0.0,2.4,0.0,46.432335,14.134615
2026-05-01 00:00:00+00:00,63,24,0.0,2.1,0.0,46.432335,14.134615
2026-05-01 00:00:00+00:00,76,6,0.0,1.9,0.0,46.291737,14.233227
2026-05-01 00:00:00+00:00,76,24,0.0,1.0,0.0,46.291737,14.233227
2026-05-01 00:00:00+00:00,106,6,0.0,2.5,0.0,46.22144,14.354067
2026-05-01 00:00:00+00:00,106,24,0.0,1.7,0.0,46.22144,14.354067
2026-05-01 00:00:00+00:00,122,6,0.0,4.3,0.0,46.08084,14.45151
2026-05-01 00:00:00+00:00,122,24,0.0,3.5,0.0,46.08084,14.45151
2026-05-01 00:00:00+00:00,127,6,0.0,1.9,0.0,46.151142,14.474522
2026-05-01 00:00:00+00:00,127,24,0.0,1.1,0.0,46.151142,14.474522
2026-05-01 00:00:00+00:00,129,6,0.0,3.1,0.0,46.010544,14.571429
2026-05-01 00:00:00+00:00,129,24,0.0,2.4,0.0,46.010544,14.571429
2026-05-01 00:00:00+00:00,177,6,0.0,0.5,0.0,45.65905,14.88189
2026-05-01 00:00:00+00:00,177,24,0.0,1.2,0.0,45.65905,14.88189
2026-05-01 00:00:00+00:00,194,6,0.0,3.0,0.0,46.502636,15.024076
2026-05-01 00:00:00+00:00,194,24,0.0,2.5,0.0,46.502636,15.024076
2026-05-01 00:00:00+00:00,236,6,0.0,4.2,0.0,45.79965,15.213271
2026-05-01 00:00:00+00:00,236,24,0.0,3.5,0.0,45.79965,15.213271
2026-05-01 00:00:00+00:00,325,6,0.0,6.1,0.0,46.572933,15.62701
2026-05-01 00:00:00+00:00,325,24,0.0,5.4,0.0,46.572933,15.62701
2026-05-01 00:00:00+00:00,391,6,0.0,4.5,0.0,46.71353,16.112904
2026-05-01 00:00:00+00:00,391,24,0.0,3.8,0.0,46.71353,16.112904
2026-05-01 00:00:00+00:00,422,6,0.0,1.7,0.0,46.22144,15.21531
2026-05-01 00:00:00+00:00,422,24,0.0,1.4,0.0,46.22144,15.21531
2026-05-01 00:00:00+00:00,425,6,0.0,2.9,0.0,45.940243,15.546751
2026-05-01 00:00:00+00:00,425,24,0.0,3.1,0.0,45.940243,15.546751
2026-05-01 00:00:00+00:00,426,6,0.0,9.6,0.0,45.51845,13.704866
2026-05-01 00:00:00+00:00,426,24,0.0,9.9,0.0,45.51845,13.704866
2026-05-01 06:00:00+00:00,63,24,221.0,7.4,0.0,46.432335,14.134615
2026-05-01 06:00:00+00:00,76,24,220.0,7.5,0.0,46.291737,14.233227
2026-05-01 06:00:00+00:00,106,24,214.0,7.1,0.0,46.22144,14.354067
2026-05-01 06:00:00+00:00,122,24,210.0,4.6,0.0,46.08084,14.45151
2026-05-01 06:00:00+00:00,127,24,210.0,4.4,0.0,46.151142,14.474522
2026-05-01 06:00:00+00:00,129,24,213.0,4.7,0.0,46.010544,14.571429
2026-05-01 06:00:00+00:00,177,24,222.0,5.1,0.0,45.65905,14.88189
2026-05-01 06:00:00+00:00,194,24,225.0,7.8,0.0,46.502636,15.024076
2026-05-01 06:00:00+00:00,236,24,222.0,5.9,0.0,45.79965,15.213271
2026-05-01 06:00:00+00:00,325,24,229.0,9.6,0.0,46.572933,15.62701
2026-05-01 06:00:00+00:00,391,24,232.0,9.1,0.0,46.71353,16.112904
2026-05-01 06:00:00+00:00,422,24,223.0,6.1,0.0,46.22144,15.21531
2026-05-01 06:00:00+00:00,425,24,224.0,7.1,0.0,45.940243,15.546751
2026-05-01 06:00:00+00:00,426,24,200.0,12.1,0.0,45.51845,13.704866
2026-05-01 12:00:00+00:00,63,24,870.0,15.7,0.0,46.432335,14.134615
2026-05-01 12:00:00+00:00,76,24,830.0,17.3,0.0,46.291737,14.233227
2026-05-01 12:00:00+00:00,106,24,806.0,18.2,0.0,46.22144,14.354067
2026-05-01 12:00:00+00:00,122,24,623.0,17.7,0.0,46.08084,14.45151
2026-05-01 12:00:00+00:00,127,24,709.0,16.6,0.0,46.151142,14.474522
2026-05-01 12:00:00+00:00,129,24,557.0,16.0,0.0,46.010544,14.571429
2026-05-01 12:00:00+00:00,177,24,890.0,11.4,0.0,45.65905,14.88189
2026-05-01 12:00:00+00:00,194,24,589.0,15.6,0.0,46.502636,15.024076
2026-05-01 12:00:00+00:00,236,24,866.0,15.8,0.0,45.79965,15.213271
2026-05-01 12:00:00+00:00,325,24,548.0,16.7,0.0,46.572933,15.62701
2026-05-01 12:00:00+00:00,391,24,860.0,17.2,0.0,46.71353,16.112904
2026-05-01 12:00:00+00:00,422,24,683.0,16.7,0.0,46.22144,15.21531
2026-05-01 12:00:00+00:00,425,24,873.0,15.8,0.0,45.940243,15.546751
2026-05-01 12:00:00+00:00,426,24,867.0,19.2,0.0,45.51845,13.704866
2026-05-01 18:00:00+00:00,63,24,64.0,12.3,0.0,46.432335,14.134615
2026-05-01 18:00:00+00:00,76,24,61.0,11.1,0.0,46.291737,14.233227
2026-05-01 18:00:00+00:00,106,24,58.0,11.4,0.0,46.22144,14.354067
2026-05-01 18:00:00+00:00,122,24,55.0,13.6,0.0,46.08084,14.45151
2026-05-01 18:00:00+00:00,127,24,55.0,11.5,0.0,46.151142,14.474522
2026-05-01 18:00:00+00:00,129,24,54.0,11.7,0.0,46.010544,14.571429
2026-05-01 18:00:00+00:00,177,24,51.0,7.1,0.0,45.65905,14.88189
2026-05-01 18:00:00+00:00,194,24,54.0,11.4,0.0,46.502636,15.024076
2026-05-01 18:00:00+00:00,236,24,48.0,11.9,0.0,45.79965,15.213271
2026-05-01 18:00:00+00:00,325,24,47.0,13.2,0.0,46.572933,15.62701
2026-05-01 18:00:00+00:00,391,24,43.0,13.2,0.0,46.71353,16.112904
2026-05-01 18:00:00+00:00,422,24,50.0,12.7,0.0,46.22144,15.21531
2026-05-01 18:00:00+00:00,425,24,46.0,11.7,0.0,45.940243,15.546751
2026-05-01 18:00:00+00:00,426,24,58.0,15.4,0.0,45.51845,13.704866
2026-05-01 01:00:00+00:00,63,1,0.0,2.3,0.0,46.432335,14.134615
2026-05-01 01:00:00+00:00,76,1,0.0,-0.0,0.0,46.291737,14.233227
2026-05-01 01:00:00+00:00,106,1,0.0,-0.1,0.0,46.22144,14.354067
2026-05-01 01:00:00+00:00,122,1,0.0,1.9,0.0,46.08084,14.45151
2026-05-01 01:00:00+00:00,127,1,0.0,-0.7,0.0,46.151142,14.474522
2026-05-01 01:00:00+00:00,129,1,0.0,2.3,0.0,46.010544,14.571429
2026-05-01 01:00:00+00:00,177,1,0.0,-0.3,0.0,45.65905,14.88189
2026-05-01 01:00:00+00:00,194,1,0.0,1.5,0.0,46.502636,15.024076
2026-05-01 01:00:00+00:00,236,1,0.0,2.4,0.0,45.79965,15.213271
2026-05-01 01:00:00+00:00,325,1,0.0,6.4,0.0,46.572933,15.62701
2026-05-01 01:00:00+00:00,391,1,0.0,3.8,0.0,46.71353,16.112904
2026-05-01 01:00:00+00:00,422,1,0.0,0.9,0.0,46.22144,15.21531
2026-05-01 01:00:00+00:00,425,1,0.0,1.3,0.0,45.940243,15.546751
2026-05-01 01:00:00+00:00,426,1,0.0,9.2,0.0,45.51845,13.704866
2026-05-01 02:00:00+00:00,63,2,0.0,2.3,0.0,46.432335,14.134615
2026-05-01 02:00:00+00:00,76,2,0.0,0.0,0.0,46.291737,14.233227
2026-05-01 02:00:00+00:00,106,2,0.0,0.1,0.0,46.22144,14.354067
2026-05-01 02:00:00+00:00,122,2,0.0,1.1,0.0,46.08084,14.45151
2026-05-01 02:00:00+00:00,127,2,0.0,-1.2,0.0,46.151142,14.474522
2026-05-01 02:00:00+00:00,129,2,0.0,1.9,0.0,46.010544,14.571429
2026-05-01 02:00:00+00:00,177,2,0.0,-0.1,0.0,45.65905,14.88189
2026-05-01 02:00:00+00:00,194,2,0.0,1.3,0.0,46.502636,15.024076
2026-05-01 02:00:00+00:00,236,2,0.0,2.3,0.0,45.79965,15.213271
2026-05-01 02:00:00+00:00,325,2,0.0,6.3,0.0,46.572933,15.62701
2026-05-01 02:00:00+00:00,391,2,0.0,3.7,0.0,46.71353,16.112904
2026-05-01 02:00:00+00:00,422,2,0.0,0.9,0.0,46.22144,15.21531
2026-05-01 02:00:00+00:00,425,2,0.0,0.4,0.0,45.940243,15.546751
2026-05-01 02:00:00+00:00,426,2,0.0,9.1,0.0,45.51845,13.704866
2026-05-01 03:00:00+00:00,63,3,0.0,2.2,0.0,46.432335,14.134615
2026-05-01 03:00:00+00:00,76,3,0.0,0.2,0.0,46.291737,14.233227
2026-05-01 03:00:00+00:00,106,3,0.0,0.4,0.0,46.22144,14.354067
2026-05-01 03:00:00+00:00,122,3,0.0,0.6,0.0,46.08084,14.45151
2026-05-01 03:00:00+00:00,127,3,0.0,-1.2,0.0,46.151142,14.474522
2026-05-01 03:00:00+00:00,129,3,0.0,1.6,0.0,46.010544,14.571429
2026-05-01 03:00:00+00:00,177,3,0.0,0.0,0.0,45.65905,14.88189
2026-05-01 03:00:00+00:00,194,3,0.0,1.3,0.0,46.502636,15.024076
2026-05-01 03:00:00+00:00,236,3,0.0,2.1,0.0,45.79965,15.213271
2026-05-01 03:00:00+00:00,325,3,0.0,6.3,0.0,46.572933,15.62701
2026-05-01 03:00:00+00:00,391,3,0.0,3.5,0.0,46.71353,16.112904
2026-05-01 03:00:00+00:00,422,3,0.0,0.9,0.0,46.22144,15.21531
2026-05-01 03:00:00+00:00,425,3,0.0,0.2,0.0,45.940243,15.546751
2026-05-01 03:00:00+00:00,426,3,0.0,8.6,0.0,45.51845,13.704866
2026-05-01 06:00:00+00:00,63,6,222.0,7.5,0.0,46.432335,14.134615
2026-05-01 06:00:00+00:00,76,6,221.0,7.7,0.0,46.291737,14.233227
2026-05-01 06:00:00+00:00,106,6,215.0,7.5,0.0,46.22144,14.354067
2026-05-01 06:00:00+00:00,122,6,211.0,4.5,0.0,46.08084,14.45151
2026-05-01 06:00:00+00:00,127,6,211.0,4.5,0.0,46.151142,14.474522
2026-05-01 06:00:00+00:00,129,6,215.0,4.6,0.0,46.010544,14.571429
2026-05-01 06:00:00+00:00,177,6,221.0,5.1,0.0,45.65905,14.88189
2026-05-01 06:00:00+00:00,194,6,226.0,7.4,0.0,46.502636,15.024076
2026-05-01 06:00:00+00:00,236,6,222.0,5.5,0.0,45.79965,15.213271
2026-05-01 06:00:00+00:00,325,6,230.0,10.2,0.0,46.572933,15.62701
2026-05-01 06:00:00+00:00,391,6,232.0,8.3,0.0,46.71353,16.112904
2026-05-01 06:00:00+00:00,422,6,224.0,5.8,0.0,46.22144,15.21531
2026-05-01 06:00:00+00:00,425,6,224.0,6.1,0.0,45.940243,15.546751
2026-05-01 06:00:00+00:00,426,6,200.0,12.0,0.0,45.51845,13.704866
2026-05-01 07:00:00+00:00,63,1,406.0,8.9,0.0,46.432335,14.134615
2026-05-01 07:00:00+00:00,76,1,402.0,10.1,0.0,46.291737,14.233227
2026-05-01 07:00:00+00:00,106,1,396.0,10.6,0.0,46.22144,14.354067
2026-05-01 07:00:00+00:00,122,1,392.0,8.0,0.0,46.08084,14.45151
2026-05-01 07:00:00+00:00,127,1,391.0,7.8,0.0,46.151142,14.474522
2026-05-01 07:00:00+00:00,129,1,396.0,7.3,0.0,46.010544,14.571429
2026-05-01 07:00:00+00:00,177,1,406.0,6.8,0.0,45.65905,14.88189
2026-05-01 07:00:00+00:00,194,1,404.0,9.1,0.0,46.502636,15.024076
2026-05-01 07:00:00+00:00,236,1,405.0,7.9,0.0,45.79965,15.213271
2026-05-01 07:00:00+00:00,325,1,408.0,11.9,0.0,46.572933,15.62701
2026-05-01 07:00:00+00:00,391,1,410.0,11.3,0.0,46.71353,16.112904
2026-05-01 07:00:00+00:00,422,1,406.0,9.2,0.0,46.22144,15.21531
2026-05-01 07:00:00+00:00,425,1,405.0,9.2,0.0,45.940243,15.546751
2026-05-01 07:00:00+00:00,426,1,381.0,13.9,0.0,45.51845,13.704866
2026-05-01 08:00:00+00:00,63,2,580.0,10.5,0.0,46.432335,14.134615
2026-05-01 08:00:00+00:00,76,2,575.0,11.9,0.0,46.291737,14.233227
2026-05-01 08:00:00+00:00,106,2,567.0,12.7,0.0,46.22144,14.354067
2026-05-01 08:00:00+00:00,122,2,564.0,11.6,0.0,46.08084,14.45151
2026-05-01 08:00:00+00:00,127,2,562.0,10.8,0.0,46.151142,14.474522
2026-05-01 08:00:00+00:00,129,2,569.0,10.8,0.0,46.010544,14.571429
2026-05-01 08:00:00+00:00,177,2,582.0,8.1,0.0,45.65905,14.88189
2026-05-01 08:00:00+00:00,194,2,575.0,11.3,0.0,46.502636,15.024076
2026-05-01 08:00:00+00:00,236,2,579.0,10.9,0.0,45.79965,15.213271
2026-05-01 08:00:00+00:00,325,2,576.0,13.2,0.0,46.572933,15.62701
2026-05-01 08:00:00+00:00,391,2,577.0,13.5,0.0,46.71353,16.112904
2026-05-01 08:00:00+00:00,422,2,577.0,12.3,0.0,46.22144,15.21531
2026-05-01 08:00:00+00:00,425,2,578.0,11.8,0.0,45.940243,15.546751
2026-05-01 08:00:00+00:00,426,2,557.0,15.2,0.0,45.51845,13.704866
2026-05-01 09:00:00+00:00,63,3,726.0,11.9,0.0,46.432335,14.134615
2026-05-01 09:00:00+00:00,76,3,720.0,13.6,0.0,46.291737,14.233227
2026-05-01 09:00:00+00:00,106,3,710.0,14.1,0.0,46.22144,14.354067
2026-05-01 09:00:00+00:00,122,3,707.0,13.8,0.0,46.08084,14.45151
2026-05-01 09:00:00+00:00,127,3,704.0,12.8,0.0,46.151142,14.474522
2026-05-01 09:00:00+00:00,129,3,713.0,13.3,0.0,46.010544,14.571429
2026-05-01 09:00:00+00:00,177,3,729.0,9.1,0.0,45.65905,14.88189
2026-05-01 09:00:00+00:00,194,3,717.0,13.2,0.0,46.502636,15.024076
2026-05-01 09:00:00+00:00,236,3,724.0,13.0,0.0,45.79965,15.213271
2026-05-01 09:00:00+00:00,325,3,719.0,14.8,0.0,46.572933,15.62701
2026-05-01 09:00:00+00:00,391,3,715.0,14.7,0.0,46.71353,16.112904
2026-05-01 09:00:00+00:00,422,3,718.0,14.2,0.0,46.22144,15.21531
2026-05-01 09:00:00+00:00,425,3,720.0,13.8,0.0,45.940243,15.546751
2026-05-01 09:00:00+00:00,426,3,704.0,16.8,0.0,45.51845,13.704866
2026-05-01 12:00:00+00:00,63,6,879.0,15.9,0.0,46.432335,14.134615
2026-05-01 12:00:00+00:00,76,6,816.0,17.3,0.0,46.291737,14.233227
2026-05-01 12:00:00+00:00,106,6,736.0,18.2,0.0,46.22144,14.354067
2026-05-01 12:00:00+00:00,122,6,687.0,18.3,0.0,46.08084,14.45151
2026-05-01 12:00:00+00:00,127,6,669.0,17.0,0.0,46.151142,14.474522
2026-05-01 12:00:00+00:00,129,6,643.0,16.9,0.0,46.010544,14.571429
2026-05-01 12:00:00+00:00,177,6,867.0,12.1,0.0,45.65905,14.88189
2026-05-01 12:00:00+00:00,194,6,783.0,16.8,0.0,46.502636,15.024076
2026-05-01 12:00:00+00:00,236,6,848.0,16.9,0.0,45.79965,15.213271
2026-05-01 12:00:00+00:00,325,6,624.0,17.1,0.0,46.572933,15.62701
2026-05-01 12:00:00+00:00,391,6,730.0,16.8,0.0,46.71353,16.112904
2026-05-01 12:00:00+00:00,422,6,683.0,17.4,0.0,46.22144,15.21531
2026-05-01 12:00:00+00:00,425,6,858.0,17.0,0.0,45.940243,15.546751
2026-05-01 12:00:00+00:00,426,6,868.0,19.1,0.0,45.51845,13.704866
2026-05-01 13:00:00+00:00,63,1,821.0,16.0,0.0,46.432335,14.134615
2026-05-01 13:00:00+00:00,76,1,697.0,17.6,0.0,46.291737,14.233227
2026-05-01 13:00:00+00:00,106,1,658.0,19.0,0.0,46.22144,14.354067
2026-05-01 13:00:00+00:00,122,1,616.0,19.2,0.0,46.08084,14.45151
2026-05-01 13:00:00+00:00,127,1,638.0,18.0,0.0,46.151142,14.474522
2026-05-01 13:00:00+00:00,129,1,653.0,17.2,0.0,46.010544,14.571429
2026-05-01 13:00:00+00:00,177,1,697.0,12.3,0.0,45.65905,14.88189
2026-05-01 13:00:00+00:00,194,1,702.0,16.9,0.0,46.502636,15.024076
2026-05-01 13:00:00+00:00,236,1,660.0,17.3,0.0,45.79965,15.213271
2026-05-01 13:00:00+00:00,325,1,546.0,17.4,0.0,46.572933,15.62701
2026-05-01 13:00:00+00:00,391,1,606.0,17.5,0.0,46.71353,16.112904
2026-05-01 13:00:00+00:00,422,1,603.0,17.9,0.0,46.22144,15.21531
2026-05-01 13:00:00+00:00,425,1,731.0,17.4,0.0,45.940243,15.546751
2026-05-01 13:00:00+00:00,426,1,812.0,18.2,0.0,45.51845,13.704866
2026-05-01 14:00:00+00:00,63,2,715.0,16.1,0.0,46.432335,14.134615
2026-05-01 14:00:00+00:00,76,2,674.0,18.5,0.0,46.291737,14.233227
2026-05-01 14:00:00+00:00,106,2,641.0,20.3,0.0,46.22144,14.354067
2026-05-01 14:00:00+00:00,122,2,609.0,19.3,0.0,46.08084,14.45151
2026-05-01 14:00:00+00:00,127,2,611.0,17.9,0.0,46.151142,14.474522
2026-05-01 14:00:00+00:00,129,2,566.0,17.6,0.0,46.010544,14.571429
2026-05-01 14:00:00+00:00,177,2,510.0,12.6,0.0,45.65905,14.88189
2026-05-01 14:00:00+00:00,194,2,524.0,16.9,0.0,46.502636,15.024076
2026-05-01 14:00:00+00:00,236,2,447.0,16.9,0.0,45.79965,15.213271
2026-05-01 14:00:00+00:00,325,2,370.0,17.0,0.0,46.572933,15.62701
2026-05-01 14:00:00+00:00,391,2,481.0,17.0,0.0,46.71353,16.112904
2026-05-01 14:00:00+00:00,422,2,632.0,18.0,0.0,46.22144,15.21531
2026-05-01 14:00:00+00:00,425,2,447.0,17.1,0.0,45.940243,15.546751
2026-05-01 14:00:00+00:00,426,2,693.0,18.3,0.0,45.51845,13.704866
2026-05-01 15:00:00+00:00,63,3,580.0,16.2,0.0,46.432335,14.134615
2026-05-01 15:00:00+00:00,76,3,531.0,18.3,0.0,46.291737,14.233227
2026-05-01 15:00:00+00:00,106,3,488.0,17.6,0.0,46.22144,14.354067
2026-05-01 15:00:00+00:00,122,3,507.0,17.9,0.0,46.08084,14.45151
2026-05-01 15:00:00+00:00,127,3,477.0,16.2,0.0,46.151142,14.474522
2026-05-01 15:00:00+00:00,129,3,514.0,17.9,0.0,46.010544,14.571429
2026-05-01 15:00:00+00:00,177,3,457.0,12.7,0.0,45.65905,14.88189
2026-05-01 15:00:00+00:00,194,3,476.0,16.6,0.0,46.502636,15.024076
2026-05-01 15:00:00+00:00,236,3,498.0,17.1,0.0,45.79965,15.213271
2026-05-01 15:00:00+00:00,325,3,441.0,17.7,0.0,46.572933,15.62701
2026-05-01 15:00:00+00:00,391,3,467.0,17.3,0.0,46.71353,16.112904
2026-05-01 15:00:00+00:00,422,3,478.0,17.7,0.0,46.22144,15.21531
2026-05-01 15:00:00+00:00,425,3,459.0,16.9,0.0,45.940243,15.546751
2026-05-01 15:00:00+00:00,426,3,549.0,18.4,0.0,45.51845,13.704866
2026-05-01 18:00:00+00:00,63,6,63.0,12.1,0.0,46.432335,14.134615
2026-05-01 18:00:00+00:00,76,6,61.0,11.5,0.0,46.291737,14.233227
2026-05-01 18:00:00+00:00,106,6,57.0,12.1,0.0,46.22144,14.354067
2026-05-01 18:00:00+00:00,122,6,54.0,14.2,0.0,46.08084,14.45151
2026-05-01 18:00:00+00:00,127,6,54.0,11.4,0.0,46.151142,14.474522
2026-05-01 18:00:00+00:00,129,6,54.0,12.3,0.0,46.010544,14.571429
2026-05-01 18:00:00+00:00,177,6,51.0,7.5,0.0,45.65905,14.88189
2026-05-01 18:00:00+00:00,194,6,54.0,11.8,0.0,46.502636,15.024076
2026-05-01 18:00:00+00:00,236,6,48.0,12.0,0.0,45.79965,15.213271
2026-05-01 18:00:00+00:00,325,6,47.0,13.1,0.0,46.572933,15.62701
2026-05-01 18:00:00+00:00,391,6,44.0,13.0,0.0,46.71353,16.112904
2026-05-01 18:00:00+00:00,422,6,50.0,12.5,0.0,46.22144,15.21531
2026-05-01 18:00:00+00:00,425,6,45.0,11.6,0.0,45.940243,15.546751
2026-05-01 18:00:00+00:00,426,6,58.0,14.7,0.0,45.51845,13.704866
2026-05-01 19:00:00+00:00,63,1,0.0,10.1,0.0,46.432335,14.134615
2026-05-01 19:00:00+00:00,76,1,0.0,10.9,0.0,46.291737,14.233227
2026-05-01 19:00:00+00:00,106,1,0.0,11.5,0.0,46.22144,14.354067
2026-05-01 19:00:00+00:00,122,1,0.0,12.3,0.0,46.08084,14.45151
2026-05-01 19:00:00+00:00,127,1,0.0,10.5,0.0,46.151142,14.474522
2026-05-01 19:00:00+00:00,129,1,0.0,10.7,0.0,46.010544,14.571429
2026-05-01 19:00:00+00:00,177,1,0.0,6.6,0.0,45.65905,14.88189
2026-05-01 19:00:00+00:00,194,1,0.0,11.6,0.0,46.502636,15.024076
2026-05-01 19:00:00+00:00,236,1,0.0,12.2,0.0,45.79965,15.213271
2026-05-01 19:00:00+00:00,325,1,0.0,13.6,0.0,46.572933,15.62701
2026-05-01 19:00:00+00:00,391,1,0.0,13.2,0.0,46.71353,16.112904
2026-05-01 19:00:00+00:00,422,1,0.0,11.5,0.0,46.22144,15.21531
2026-05-01 19:00:00+00:00,425,1,0.0,11.5,0.0,45.940243,15.546751
2026-05-01 19:00:00+00:00,426,1,0.0,13.6,0.0,45.51845,13.704866
2026-05-01 20:00:00+00:00,63,2,0.0,8.8,0.0,46.432335,14.134615
2026-05-01 20:00:00+00:00,76,2,0.0,10.4,0.0,46.291737,14.233227
2026-05-01 20:00:00+00:00,106,2,0.0,11.4,0.0,46.22144,14.354067
2026-05-01 20:00:00+00:00,122,2,0.0,11.3,0.0,46.08084,14.45151
2026-05-01 20:00:00+00:00,127,2,0.0,10.2,0.0,46.151142,14.474522
2026-05-01 20:00:00+00:00,129,2,0.0,9.1,0.0,46.010544,14.571429
2026-05-01 20:00:00+00:00,177,2,0.0,5.5,0.0,45.65905,14.88189
2026-05-01 20:00:00+00:00,194,2,0.0,10.4,0.0,46.502636,15.024076
2026-05-01 20:00:00+00:00,236,2,0.0,11.8,0.0,45.79965,15.213271
2026-05-01 20:00:00+00:00,325,2,0.0,12.5,0.0,46.572933,15.62701
2026-05-01 20:00:00+00:00,391,2,0.0,12.1,0.0,46.71353,16.112904
2026-05-01 20:00:00+00:00,422,2,0.0,10.3,0.0,46.22144,15.21531
2026-05-01 20:00:00+00:00,425,2,0.0,11.1,0.0,45.940243,15.546751
2026-05-01 20:00:00+00:00,426,2,0.0,12.5,0.0,45.51845,13.704866
2026-05-01 21:00:00+00:00,63,3,0.0,8.2,0.0,46.432335,14.134615
2026-05-01 21:00:00+00:00,76,3,0.0,8.9,0.0,46.291737,14.233227
2026-05-01 21:00:00+00:00,106,3,0.0,9.8,0.0,46.22144,14.354067
2026-05-01 21:00:00+00:00,122,3,0.0,10.2,0.0,46.08084,14.45151
2026-05-01 21:00:00+00:00,127,3,0.0,8.7,0.0,46.151142,14.474522
2026-05-01 21:00:00+00:00,129,3,0.0,8.5,0.0,46.010544,14.571429
2026-05-01 21:00:00+00:00,177,3,0.0,4.5,0.0,45.65905,14.88189
2026-05-01 21:00:00+00:00,194,3,0.0,8.9,0.0,46.502636,15.024076
2026-05-01 21:00:00+00:00,236,3,0.0,10.0,0.0,45.79965,15.213271
2026-05-01 21:00:00+00:00,325,3,0.0,11.5,0.0,46.572933,15.62701
2026-05-01 21:00:00+00:00,391,3,0.0,10.6,0.0,46.71353,16.112904
2026-05-01 21:00:00+00:00,422,3,0.0,9.1,0.0,46.22144,15.21531
2026-05-01 21:00:00+00:00,425,3,0.0,9.6,0.0,45.940243,15.546751
2026-05-01 21:00:00+00:00,426,3,0.0,12.0,0.0,45.51845,13.704866
2026-05-02 00:00:00+00:00,63,6,0.0,5.9,0.0,46.432335,14.134615
2026-05-02 00:00:00+00:00,63,24,0.0,5.6,0.0,46.432335,14.134615
2026-05-02 00:00:00+00:00,76,6,0.0,5.7,0.0,46.291737,14.233227
2026-05-02 00:00:00+00:00,76,24,0.0,5.2,0.0,46.291737,14.233227
2026-05-02 00:00:00+00:00,106,6,0.0,6.1,0.0,46.22144,14.354067
2026-05-02 00:00:00+00:00,106,24,0.0,6.3,0.0,46.22144,14.354067
2026-05-02 00:00:00+00:00,122,6,0.0,6.5,0.0,46.08084,14.45151
2026-05-02 00:00:00+00:00,122,24,0.0,5.8,0.0,46.08084,14.45151
2026-05-02 00:00:00+00:00,127,6,0.0,4.9,0.0,46.151142,14.474522
2026-05-02 00:00:00+00:00,127,24,0.0,4.1,0.0,46.151142,14.474522
2026-05-02 00:00:00+00:00,129,6,0.0,6.8,0.0,46.010544,14.571429
2026-05-02 00:00:00+00:00,129,24,0.0,6.3,0.0,46.010544,14.571429
2026-05-02 00:00:00+00:00,177,6,0.0,3.8,0.0,45.65905,14.88189
2026-05-02 00:00:00+00:00,177,24,0.0,3.2,0.0,45.65905,14.88189
2026-05-02 00:00:00+00:00,194,6,0.0,6.7,0.0,46.502636,15.024076
2026-05-02 00:00:00+00:00,194,24,0.0,6.6,0.0,46.502636,15.024076
2026-05-02 00:00:00+00:00,236,6,0.0,7.5,0.0,45.79965,15.213271
2026-05-02 00:00:00+00:00,236,24,0.0,6.0,0.0,45.79965,15.213271
2026-05-02 00:00:00+00:00,325,6,0.0,10.2,0.0,46.572933,15.62701
2026-05-02 00:00:00+00:00,325,24,0.0,8.7,0.0,46.572933,15.62701
2026-05-02 00:00:00+00:00,391,6,0.0,8.5,0.0,46.71353,16.112904
2026-05-02 00:00:00+00:00,391,24,0.0,8.5,0.0,46.71353,16.112904
2026-05-02 00:00:00+00:00,422,6,0.0,6.6,0.0,46.22144,15.21531
2026-05-02 00:00:00+00:00,422,24,0.0,5.9,0.0,46.22144,15.21531
2026-05-02 00:00:00+00:00,425,6,0.0,7.0,0.0,45.940243,15.546751
2026-05-02 00:00:00+00:00,425,24,0.0,7.0,0.0,45.940243,15.546751
2026-05-02 00:00:00+00:00,426,6,0.0,10.5,0.0,45.51845,13.704866
2026-05-02 00:00:00+00:00,426,24,0.0,8.6,0.0,45.51845,13.704866
2026-05-02 06:00:00+00:00,63,24,224.0,12.3,0.0,46.432335,14.134615
2026-05-02 06:00:00+00:00,76,24,220.0,11.4,0.0,46.291737,14.233227
2026-05-02 06:00:00+00:00,106,24,215.0,10.8,0.0,46.22144,14.354067
2026-05-02 06:00:00+00:00,122,24,210.0,8.0,0.0,46.08084,14.45151
2026-05-02 06:00:00+00:00,127,24,211.0,7.4,0.0,46.151142,14.474522
2026-05-02 06:00:00+00:00,129,24,213.0,7.9,0.0,46.010544,14.571429
2026-05-02 06:00:00+00:00,177,24,218.0,9.4,0.0,45.65905,14.88189
2026-05-02 06:00:00+00:00,194,24,227.0,11.3,0.0,46.502636,15.024076
2026-05-02 06:00:00+00:00,236,24,219.0,9.8,0.0,45.79965,15.213271
2026-05-02 06:00:00+00:00,325,24,229.0,15.1,0.0,46.572933,15.62701
2026-05-02 06:00:00+00:00,391,24,231.0,10.9,0.0,46.71353,16.112904
2026-05-02 06:00:00+00:00,422,24,222.0,9.7,0.0,46.22144,15.21531
2026-05-02 06:00:00+00:00,425,24,221.0,10.0,0.0,45.940243,15.546751
2026-05-02 06:00:00+00:00,426,24,198.0,14.2,0.0,45.51845,13.704866
2026-05-02 12:00:00+00:00,63,24,890.0,20.9,0.0,46.432335,14.134615
2026-05-02 12:00:00+00:00,76,24,876.0,20.6,0.0,46.291737,14.233227
2026-05-02 12:00:00+00:00,106,24,860.0,20.3,0.0,46.22144,14.354067
2026-05-02 12:00:00+00:00,122,24,854.0,22.4,0.0,46.08084,14.45151
2026-05-02 12:00:00+00:00,127,24,849.0,19.9,0.0,46.151142,14.474522
2026-05-02 12:00:00+00:00,129,24,852.0,21.0,0.0,46.010544,14.571429
2026-05-02 12:00:00+00:00,177,24,862.0,16.6,0.0,45.65905,14.88189
2026-05-02 12:00:00+00:00,194,24,870.0,21.6,0.0,46.502636,15.024076
2026-05-02 12:00:00+00:00,236,24,844.0,20.5,0.0,45.79965,15.213271
2026-05-02 12:00:00+00:00,325,24,859.0,21.6,0.0,46.572933,15.62701
2026-05-02 12:00:00+00:00,391,24,845.0,21.8,0.0,46.71353,16.112904
2026-05-02 12:00:00+00:00,422,24,860.0,20.4,0.0,46.22144,15.21531
2026-05-02 12:00:00+00:00,425,24,822.0,20.5,0.0,45.940243,15.546751
2026-05-02 12:00:00+00:00,426,24,864.0,20.2,0.0,45.51845,13.704866
2026-05-02 18:00:00+00:00,63,24,66.0,14.7,0.0,46.432335,14.134615
2026-05-02 18:00:00+00:00,76,24,63.0,15.8,0.0,46.291737,14.233227
2026-05-02 18:00:00+00:00,106,24,60.0,16.2,0.0,46.22144,14.354067
2026-05-02 18:00:00+00:00,122,24,57.0,18.0,0.0,46.08084,14.45151
2026-05-02 18:00:00+00:00,127,24,57.0,15.0,0.0,46.151142,14.474522
2026-05-02 18:00:00+00:00,129,24,56.0,15.4,0.0,46.010544,14.571429
2026-05-02 18:00:00+00:00,177,24,54.0,11.1,0.0,45.65905,14.88189
2026-05-02 18:00:00+00:00,194,24,57.0,14.5,0.0,46.502636,15.024076
2026-05-02 18:00:00+00:00,236,24,51.0,15.7,0.0,45.79965,15.213271
2026-05-02 18:00:00+00:00,325,24,52.0,17.0,0.0,46.572933,15.62701
2026-05-02 18:00:00+00:00,391,24,48.0,17.0,0.0,46.71353,16.112904
2026-05-02 18:00:00+00:00,422,24,53.0,15.7,0.0,46.22144,15.21531
2026-05-02 18:00:00+00:00,425,24,49.0,16.6,0.0,45.940243,15.546751
2026-05-02 18:00:00+00:00,426,24,61.0,17.4,0.0,45.51845,13.704866
2026-05-02 01:00:00+00:00,63,1,0.0,6.6,0.0,46.432335,14.134615
2026-05-02 01:00:00+00:00,76,1,0.0,5.1,0.0,46.291737,14.233227
2026-05-02 01:00:00+00:00,106,1,0.0,5.4,0.0,46.22144,14.354067
2026-05-02 01:00:00+00:00,122,1,0.0,4.4,0.0,46.08084,14.45151
2026-05-02 01:00:00+00:00,127,1,0.0,3.4,0.0,46.151142,14.474522
2026-05-02 01:00:00+00:00,129,1,0.0,5.7,0.0,46.010544,14.571429
2026-05-02 01:00:00+00:00,177,1,0.0,3.4,0.0,45.65905,14.88189
2026-05-02 01:00:00+00:00,194,1,0.0,6.8,0.0,46.502636,15.024076
2026-05-02 01:00:00+00:00,236,1,0.0,5.9,0.0,45.79965,15.213271
2026-05-02 01:00:00+00:00,325,1,0.0,10.0,0.0,46.572933,15.62701
2026-05-02 01:00:00+00:00,391,1,0.0,8.7,0.0,46.71353,16.112904
2026-05-02 01:00:00+00:00,422,1,0.0,5.6,0.0,46.22144,15.21531
2026-05-02 01:00:00+00:00,425,1,0.0,6.4,0.0,45.940243,15.546751
2026-05-02 01:00:00+00:00,426,1,0.0,7.7,0.0,45.51845,13.704866
2026-05-02 02:00:00+00:00,63,2,0.0,6.8,0.0,46.432335,14.134615
2026-05-02 02:00:00+00:00,76,2,0.0,4.4,0.0,46.291737,14.233227
2026-05-02 02:00:00+00:00,106,2,0.0,4.9,0.0,46.22144,14.354067
2026-05-02 02:00:00+00:00,122,2,0.0,3.8,0.0,46.08084,14.45151
2026-05-02 02:00:00+00:00,127,2,0.0,3.2,0.0,46.151142,14.474522
2026-05-02 02:00:00+00:00,129,2,0.0,5.0,0.0,46.010544,14.571429
2026-05-02 02:00:00+00:00,177,2,0.0,3.6,0.0,45.65905,14.88189
2026-05-02 02:00:00+00:00,194,2,0.0,6.5,0.0,46.502636,15.024076
2026-05-02 02:00:00+00:00,236,2,0.0,5.3,0.0,45.79965,15.213271
2026-05-02 02:00:00+00:00,325,2,0.0,10.5,0.0,46.572933,15.62701
2026-05-02 02:00:00+00:00,391,2,0.0,8.0,0.0,46.71353,16.112904
2026-05-02 02:00:00+00:00,422,2,0.0,5.4,0.0,46.22144,15.21531
2026-05-02 02:00:00+00:00,425,2,0.0,6.1,0.0,45.940243,15.546751
2026-05-02 02:00:00+00:00,426,2,0.0,7.3,0.0,45.51845,13.704866
2026-05-02 03:00:00+00:00,63,3,0.0,6.9,0.0,46.432335,14.134615
2026-05-02 03:00:00+00:00,76,3,0.0,3.7,0.0,46.291737,14.233227
2026-05-02 03:00:00+00:00,106,3,0.0,4.2,0.0,46.22144,14.354067
2026-05-02 03:00:00+00:00,122,3,0.0,3.5,0.0,46.08084,14.45151
2026-05-02 03:00:00+00:00,127,3,0.0,2.8,0.0,46.151142,14.474522
2026-05-02 03:00:00+00:00,129,3,0.0,3.9,0.0,46.010544,14.571429
2026-05-02 03:00:00+00:00,177,3,0.0,3.6,0.0,45.65905,14.88189
2026-05-02 03:00:00+00:00,194,3,0.0,6.2,0.0,46.502636,15.024076
2026-05-02 03:00:00+00:00,236,3,0.0,5.2,0.0,45.79965,15.213271
2026-05-02 03:00:00+00:00,325,3,0.0,10.7,0.0,46.572933,15.62701
2026-05-02 03:00:00+00:00,391,3,0.0,7.0,0.0,46.71353,16.112904
2026-05-02 03:00:00+00:00,422,3,0.0,5.2,0.0,46.22144,15.21531
2026-05-02 03:00:00+00:00,425,3,0.0,6.1,0.0,45.940243,15.546751
2026-05-02 03:00:00+00:00,426,3,0.0,7.1,0.0,45.51845,13.704866
2026-05-02 06:00:00+00:00,63,6,223.0,12.4,0.0,46.432335,14.134615
2026-05-02 06:00:00+00:00,76,6,220.0,11.6,0.0,46.291737,14.233227
2026-05-02 06:00:00+00:00,106,6,214.0,11.1,0.0,46.22144,14.354067
2026-05-02 06:00:00+00:00,122,6,210.0,8.3,0.0,46.08084,14.45151
2026-05-02 06:00:00+00:00,127,6,210.0,7.6,0.0,46.151142,14.474522
2026-05-02 06:00:00+00:00,129,6,213.0,8.1,0.0,46.010544,14.571429
2026-05-02 06:00:00+00:00,177,6,218.0,9.1,0.0,45.65905,14.88189
2026-05-02 06:00:00+00:00,194,6,227.0,11.2,0.0,46.502636,15.024076
2026-05-02 06:00:00+00:00,236,6,218.0,10.4,0.0,45.79965,15.213271
2026-05-02 06:00:00+00:00,325,6,229.0,15.3,0.0,46.572933,15.62701
2026-05-02 06:00:00+00:00,391,6,231.0,11.2,0.0,46.71353,16.112904
2026-05-02 06:00:00+00:00,422,6,222.0,9.9,0.0,46.22144,15.21531
2026-05-02 06:00:00+00:00,425,6,218.0,10.3,0.0,45.940243,15.546751
2026-05-02 06:00:00+00:00,426,6,197.0,13.5,0.0,45.51845,13.704866
2026-05-02 07:00:00+00:00,63,1,407.0,14.1,0.0,46.432335,14.134615
2026-05-02 07:00:00+00:00,76,1,402.0,15.1,0.0,46.291737,14.233227
2026-05-02 07:00:00+00:00,106,1,394.0,14.8,0.0,46.22144,14.354067
2026-05-02 07:00:00+00:00,122,1,388.0,11.8,0.0,46.08084,14.45151
2026-05-02 07:00:00+00:00,127,1,388.0,10.7,0.0,46.151142,14.474522
2026-05-02 07:00:00+00:00,129,1,392.0,11.0,0.0,46.010544,14.571429
2026-05-02 07:00:00+00:00,177,1,398.0,12.3,0.0,45.65905,14.88189
2026-05-02 07:00:00+00:00,194,1,407.0,13.4,0.0,46.502636,15.024076
2026-05-02 07:00:00+00:00,236,1,394.0,12.9,0.0,45.79965,15.213271
2026-05-02 07:00:00+00:00,325,1,408.0,17.9,0.0,46.572933,15.62701
2026-05-02 07:00:00+00:00,391,1,408.0,15.0,0.0,46.71353,16.112904
2026-05-02 07:00:00+00:00,422,1,401.0,13.2,0.0,46.22144,15.21531
2026-05-02 07:00:00+00:00,425,1,392.0,13.5,0.0,45.940243,15.546751
2026-05-02 07:00:00+00:00,426,1,375.0,17.4,0.0,45.51845,13.704866
2026-05-02 08:00:00+00:00,63,2,582.0,15.6,0.0,46.432335,14.134615
2026-05-02 08:00:00+00:00,76,2,576.0,17.0,0.0,46.291737,14.233227
2026-05-02 08:00:00+00:00,106,2,567.0,17.3,0.0,46.22144,14.354067
2026-05-02 08:00:00+00:00,122,2,560.0,15.8,0.0,46.08084,14.45151
2026-05-02 08:00:00+00:00,127,2,559.0,14.2,0.0,46.151142,14.474522
2026-05-02 08:00:00+00:00,129,2,564.0,14.4,0.0,46.010544,14.571429
2026-05-02 08:00:00+00:00,177,2,573.0,14.2,0.0,45.65905,14.88189
2026-05-02 08:00:00+00:00,194,2,579.0,15.9,0.0,46.502636,15.024076
2026-05-02 08:00:00+00:00,236,2,567.0,15.6,0.0,45.79965,15.213271
2026-05-02 08:00:00+00:00,325,2,577.0,18.9,0.0,46.572933,15.62701
2026-05-02 08:00:00+00:00,391,2,574.0,17.8,0.0,46.71353,16.112904
2026-05-02 08:00:00+00:00,422,2,572.0,16.4,0.0,46.22144,15.21531
2026-05-02 08:00:00+00:00,425,2,566.0,16.3,0.0,45.940243,15.546751
2026-05-02 08:00:00+00:00,426,2,548.0,18.2,0.0,45.51845,13.704866
2026-05-02 09:00:00+00:00,63,3,729.0,17.2,0.0,46.432335,14.134615
2026-05-02 09:00:00+00:00,76,3,722.0,18.4,0.0,46.291737,14.233227
2026-05-02 09:00:00+00:00,106,3,712.0,18.9,0.0,46.22144,14.354067
2026-05-02 09:00:00+00:00,122,3,705.0,19.3,0.0,46.08084,14.45151
2026-05-02 09:00:00+00:00,127,3,704.0,17.4,0.0,46.151142,14.474522
2026-05-02 09:00:00+00:00,129,3,709.0,17.7,0.0,46.010544,14.571429
2026-05-02 09:00:00+00:00,177,3,719.0,15.2,0.0,45.65905,14.88189
2026-05-02 09:00:00+00:00,194,3,723.0,17.8,0.0,46.502636,15.024076
2026-05-02 09:00:00+00:00,236,3,713.0,17.9,0.0,45.79965,15.213271
2026-05-02 09:00:00+00:00,325,3,718.0,19.8,0.0,46.572933,15.62701
2026-05-02 09:00:00+00:00,391,3,712.0,19.4,0.0,46.71353,16.112904
2026-05-02 09:00:00+00:00,422,3,715.0,18.8,0.0,46.22144,15.21531
2026-05-02 09:00:00+00:00,425,3,710.0,18.5,0.0,45.940243,15.546751
2026-05-02 09:00:00+00:00,426,3,696.0,18.9,0.0,45.51845,13.704866
2026-05-02 12:00:00+00:00,63,6,891.0,20.9,0.0,46.432335,14.134615
2026-05-02 12:00:00+00:00,76,6,873.0,21.1,0.0,46.291737,14.233227
2026-05-02 12:00:00+00:00,106,6,861.0,20.9,0.0,46.22144,14.354067
2026-05-02 12:00:00+00:00,122,6,856.0,22.5,0.0,46.08084,14.45151
2026-05-02 12:00:00+00:00,127,6,855.0,20.1,0.0,46.151142,14.474522
2026-05-02 12:00:00+00:00,129,6,856.0,21.3,0.0,46.010544,14.571429
2026-05-02 12:00:00+00:00,177,6,838.0,16.9,0.0,45.65905,14.88189
2026-05-02 12:00:00+00:00,194,6,868.0,21.4,0.0,46.502636,15.024076
2026-05-02 12:00:00+00:00,236,6,846.0,20.7,0.0,45.79965,15.213271
2026-05-02 12:00:00+00:00,325,6,862.0,22.0,0.0,46.572933,15.62701
2026-05-02 12:00:00+00:00,391,6,848.0,22.1,0.0,46.71353,16.112904
2026-05-02 12:00:00+00:00,422,6,852.0,20.9,0.0,46.22144,15.21531
2026-05-02 12:00:00+00:00,425,6,829.0,20.9,0.0,45.940243,15.546751
2026-05-02 12:00:00+00:00,426,6,864.0,20.3,0.0,45.51845,13.704866
2026-05-02 13:00:00+00:00,63,1,838.0,21.6,0.0,46.432335,14.134615
2026-05-02 13:00:00+00:00,76,1,815.0,21.7,0.0,46.291737,14.233227
2026-05-02 13:00:00+00:00,106,1,799.0,21.6,0.0,46.22144,14.354067
2026-05-02 13:00:00+00:00,122,1,799.0,23.4,0.0,46.08084,14.45151
2026-05-02 13:00:00+00:00,127,1,794.0,21.0,0.0,46.151142,14.474522
2026-05-02 13:00:00+00:00,129,1,804.0,22.0,0.0,46.010544,14.571429
2026-05-02 13:00:00+00:00,177,1,816.0,17.5,0.0,45.65905,14.88189
2026-05-02 13:00:00+00:00,194,1,813.0,22.5,0.0,46.502636,15.024076
2026-05-02 13:00:00+00:00,236,1,806.0,21.4,0.0,45.79965,15.213271
2026-05-02 13:00:00+00:00,325,1,802.0,22.3,0.0,46.572933,15.62701
2026-05-02 13:00:00+00:00,391,1,787.0,22.7,0.0,46.71353,16.112904
2026-05-02 13:00:00+00:00,422,1,803.0,21.4,0.0,46.22144,15.21531
2026-05-02 13:00:00+00:00,425,1,753.0,21.3,0.0,45.940243,15.546751
2026-05-02 13:00:00+00:00,426,1,810.0,20.3,0.0,45.51845,13.704866
2026-05-02 14:00:00+00:00,63,2,731.0,21.8,0.0,46.432335,14.134615
2026-05-02 14:00:00+00:00,76,2,710.0,21.6,0.0,46.291737,14.233227
2026-05-02 14:00:00+00:00,106,2,696.0,21.4,0.0,46.22144,14.354067
2026-05-02 14:00:00+00:00,122,2,694.0,23.6,0.0,46.08084,14.45151
2026-05-02 14:00:00+00:00,127,2,690.0,21.2,0.0,46.151142,14.474522
2026-05-02 14:00:00+00:00,129,2,697.0,22.2,0.0,46.010544,14.571429
2026-05-02 14:00:00+00:00,177,2,709.0,17.6,0.0,45.65905,14.88189
2026-05-02 14:00:00+00:00,194,2,707.0,22.3,0.0,46.502636,15.024076
2026-05-02 14:00:00+00:00,236,2,684.0,21.5,0.0,45.79965,15.213271
2026-05-02 14:00:00+00:00,325,2,694.0,22.2,0.0,46.572933,15.62701
2026-05-02 14:00:00+00:00,391,2,680.0,22.6,0.0,46.71353,16.112904
2026-05-02 14:00:00+00:00,422,2,696.0,21.8,0.0,46.22144,15.21531
2026-05-02 14:00:00+00:00,425,2,654.0,21.1,0.0,45.940243,15.546751
2026-05-02 14:00:00+00:00,426,2,710.0,20.0,0.0,45.51845,13.704866
2026-05-02 15:00:00+00:00,63,3,584.0,21.7,0.0,46.432335,14.134615
2026-05-02 15:00:00+00:00,76,3,573.0,21.1,0.0,46.291737,14.233227
2026-05-02 15:00:00+00:00,106,3,560.0,21.2,0.0,46.22144,14.354067
2026-05-02 15:00:00+00:00,122,3,552.0,23.4,0.0,46.08084,14.45151
2026-05-02 15:00:00+00:00,127,3,550.0,21.1,0.0,46.151142,14.474522
2026-05-02 15:00:00+00:00,129,3,545.0,21.7,0.0,46.010544,14.571429
2026-05-02 15:00:00+00:00,177,3,563.0,17.3,0.0,45.65905,14.88189
2026-05-02 15:00:00+00:00,194,3,561.0,21.0,0.0,46.502636,15.024076
2026-05-02 15:00:00+00:00,236,3,547.0,21.3,0.0,45.79965,15.213271
2026-05-02 15:00:00+00:00,325,3,547.0,21.8,0.0,46.572933,15.62701
2026-05-02 15:00:00+00:00,391,3,535.0,22.2,0.0,46.71353,16.112904
2026-05-02 15:00:00+00:00,422,3,552.0,21.7,0.0,46.22144,15.21531
2026-05-02 15:00:00+00:00,425,3,519.0,20.7,0.0,45.940243,15.546751
2026-05-02 15:00:00+00:00,426,3,564.0,19.9,0.0,45.51845,13.704866
2026-05-02 18:00:00+00:00,63,6,66.0,14.8,0.0,46.432335,14.134615
2026-05-02 18:00:00+00:00,76,6,64.0,15.0,0.0,46.291737,14.233227
2026-05-02 18:00:00+00:00,106,6,60.0,15.8,0.0,46.22144,14.354067
2026-05-02 18:00:00+00:00,122,6,57.0,18.0,0.0,46.08084,14.45151
2026-05-02 18:00:00+00:00,127,6,57.0,15.5,0.0,46.151142,14.474522
2026-05-02 18:00:00+00:00,129,6,56.0,15.2,0.0,46.010544,14.571429
2026-05-02 18:00:00+00:00,177,6,54.0,11.2,0.0,45.65905,14.88189
2026-05-02 18:00:00+00:00,194,6,57.0,14.7,0.0,46.502636,15.024076
2026-05-02 18:00:00+00:00,236,6,51.0,16.0,0.0,45.79965,15.213271
2026-05-02 18:00:00+00:00,325,6,52.0,17.2,0.0,46.572933,15.62701
2026-05-02 18:00:00+00:00,391,6,48.0,17.1,0.0,46.71353,16.112904
2026-05-02 18:00:00+00:00,422,6,53.0,15.5,0.0,46.22144,15.21531
2026-05-02 18:00:00+00:00,425,6,49.0,15.5,0.0,45.940243,15.546751
2026-05-02 18:00:00+00:00,426,6,61.0,17.4,0.0,45.51845,13.704866
2026-05-02 19:00:00+00:00,63,1,1.0,12.9,0.0,46.432335,14.134615
2026-05-02 19:00:00+00:00,76,1,1.0,14.9,0.0,46.291737,14.233227
2026-05-02 19:00:00+00:00,106,1,0.0,15.1,0.0,46.22144,14.354067
2026-05-02 19:00:00+00:00,122,1,0.0,16.5,0.0,46.08084,14.45151
2026-05-02 19:00:00+00:00,127,1,0.0,14.4,0.0,46.151142,14.474522
2026-05-02 19:00:00+00:00,129,1,0.0,14.0,0.0,46.010544,14.571429
2026-05-02 19:00:00+00:00,177,1,0.0,10.1,0.0,45.65905,14.88189
2026-05-02 19:00:00+00:00,194,1,0.0,13.6,0.0,46.502636,15.024076
2026-05-02 19:00:00+00:00,236,1,0.0,14.1,0.0,45.79965,15.213271
2026-05-02 19:00:00+00:00,325,1,0.0,16.3,0.0,46.572933,15.62701
2026-05-02 19:00:00+00:00,391,1,0.0,16.0,0.0,46.71353,16.112904
2026-05-02 19:00:00+00:00,422,1,0.0,13.8,0.0,46.22144,15.21531
2026-05-02 19:00:00+00:00,425,1,0.0,15.2,0.0,45.940243,15.546751
2026-05-02 19:00:00+00:00,426,1,1.0,16.1,0.0,45.51845,13.704866
2026-05-02 20:00:00+00:00,63,2,0.0,11.1,0.0,46.432335,14.134615
2026-05-02 20:00:00+00:00,76,2,0.0,13.3,0.0,46.291737,14.233227
2026-05-02 20:00:00+00:00,106,2,0.0,13.6,0.0,46.22144,14.354067
2026-05-02 20:00:00+00:00,122,2,0.0,15.0,0.0,46.08084,14.45151
2026-05-02 20:00:00+00:00,127,2,0.0,13.0,0.0,46.151142,14.474522
2026-05-02 20:00:00+00:00,129,2,0.0,12.6,0.0,46.010544,14.571429
2026-05-02 20:00:00+00:00,177,2,0.0,9.8,0.0,45.65905,14.88189
2026-05-02 20:00:00+00:00,194,2,0.0,12.7,0.0,46.502636,15.024076
2026-05-02 20:00:00+00:00,236,2,0.0,12.3,0.0,45.79965,15.213271
2026-05-02 20:00:00+00:00,325,2,0.0,15.2,0.0,46.572933,15.62701
2026-05-02 20:00:00+00:00,391,2,0.0,15.3,0.0,46.71353,16.112904
2026-05-02 20:00:00+00:00,422,2,0.0,12.8,0.0,46.22144,15.21531
2026-05-02 20:00:00+00:00,425,2,0.0,13.5,0.0,45.940243,15.546751
2026-05-02 20:00:00+00:00,426,2,0.0,15.1,0.0,45.51845,13.704866
2026-05-02 21:00:00+00:00,63,3,0.0,9.9,0.0,46.432335,14.134615
2026-05-02 21:00:00+00:00,76,3,0.0,11.9,0.0,46.291737,14.233227
2026-05-02 21:00:00+00:00,106,3,0.0,12.3,0.0,46.22144,14.354067
2026-05-02 21:00:00+00:00,122,3,0.0,13.3,0.0,46.08084,14.45151
2026-05-02 21:00:00+00:00,127,3,0.0,11.7,0.0,46.151142,14.474522
2026-05-02 21:00:00+00:00,129,3,0.0,10.7,0.0,46.010544,14.571429
2026-05-02 21:00:00+00:00,177,3,0.0,8.3,0.0,45.65905,14.88189
2026-05-02 21:00:00+00:00,194,3,0.0,11.2,0.0,46.502636,15.024076
2026-05-02 21:00:00+00:00,236,3,0.0,10.9,0.0,45.79965,15.213271
2026-05-02 21:00:00+00:00,325,3,0.0,14.0,0.0,46.572933,15.62701
2026-05-02 21:00:00+00:00,391,3,0.0,14.6,0.0,46.71353,16.112904
2026-05-02 21:00:00+00:00,422,3,0.0,11.6,0.0,46.22144,15.21531
2026-05-02 21:00:00+00:00,425,3,0.0,11.7,0.0,45.940243,15.546751
2026-05-02 21:00:00+00:00,426,3,0.0,14.4,0.0,45.51845,13.704866
2026-05-03 00:00:00+00:00,63,6,0.0,9.8,0.0,46.432335,14.134615
2026-05-03 00:00:00+00:00,63,24,0.0,9.4,0.0,46.432335,14.134615
2026-05-03 00:00:00+00:00,76,6,0.0,8.5,0.0,46.291737,14.233227
2026-05-03 00:00:00+00:00,76,24,0.0,8.7,0.0,46.291737,14.233227
2026-05-03 00:00:00+00:00,106,6,0.0,8.5,0.0,46.22144,14.354067
2026-05-03 00:00:00+00:00,106,24,0.0,8.3,0.0,46.22144,14.354067
2026-05-03 00:00:00+00:00,122,6,0.0,9.4,0.0,46.08084,14.45151
2026-05-03 00:00:00+00:00,122,24,0.0,8.3,0.0,46.08084,14.45151
2026-05-03 00:00:00+00:00,127,6,0.0,8.3,0.0,46.151142,14.474522
2026-05-03 00:00:00+00:00,127,24,0.0,7.5,0.0,46.151142,14.474522
2026-05-03 00:00:00+00:00,129,6,0.0,7.3,0.0,46.010544,14.571429
2026-05-03 00:00:00+00:00,129,24,0.0,7.0,0.0,46.010544,14.571429
2026-05-03 00:00:00+00:00,177,6,0.0,5.0,0.0,45.65905,14.88189
2026-05-03 00:00:00+00:00,177,24,0.0,5.3,0.0,45.65905,14.88189
2026-05-03 00:00:00+00:00,194,6,0.0,10.0,0.0,46.502636,15.024076
2026-05-03 00:00:00+00:00,194,24,0.0,9.4,0.0,46.502636,15.024076
2026-05-03 00:00:00+00:00,236,6,0.0,10.3,0.0,45.79965,15.213271
2026-05-03 00:00:00+00:00,236,24,0.0,9.4,0.0,45.79965,15.213271
2026-05-03 00:00:00+00:00,325,6,0.0,12.2,0.0,46.572933,15.62701
2026-05-03 00:00:00+00:00,325,24,0.0,11.4,0.0,46.572933,15.62701
2026-05-03 00:00:00+00:00,391,6,0.0,11.5,0.0,46.71353,16.112904
2026-05-03 00:00:00+00:00,391,24,0.0,10.9,0.0,46.71353,16.112904
2026-05-03 00:00:00+00:00,422,6,0.0,9.2,0.0,46.22144,15.21531
2026-05-03 00:00:00+00:00,422,24,0.0,8.8,0.0,46.22144,15.21531
2026-05-03 00:00:00+00:00,425,6,0.0,10.3,0.0,45.940243,15.546751
2026-05-03 00:00:00+00:00,425,24,0.0,8.6,0.0,45.940243,15.546751
2026-05-03 00:00:00+00:00,426,6,0.0,13.0,0.0,45.51845,13.704866
2026-05-03 00:00:00+00:00,426,24,0.0,12.6,0.0,45.51845,13.704866
2026-05-03 06:00:00+00:00,63,24,227.0,14.6,0.0,46.432335,14.134615
2026-05-03 06:00:00+00:00,76,24,225.0,13.2,0.0,46.291737,14.233227
2026-05-03 06:00:00+00:00,106,24,219.0,12.1,0.0,46.22144,14.354067
2026-05-03 06:00:00+00:00,122,24,215.0,10.4,0.0,46.08084,14.45151
2026-05-03 06:00:00+00:00,127,24,215.0,9.3,0.0,46.151142,14.474522
2026-05-03 06:00:00+00:00,129,24,219.0,10.5,0.0,46.010544,14.571429
2026-05-03 06:00:00+00:00,177,24,225.0,10.5,0.0,45.65905,14.88189
2026-05-03 06:00:00+00:00,194,24,232.0,13.0,0.0,46.502636,15.024076
2026-05-03 06:00:00+00:00,236,24,225.0,12.3,0.0,45.79965,15.213271
2026-05-03 06:00:00+00:00,325,24,235.0,13.5,0.0,46.572933,15.62701
2026-05-03 06:00:00+00:00,391,24,237.0,11.9,0.0,46.71353,16.112904
2026-05-03 06:00:00+00:00,422,24,228.0,12.7,0.0,46.22144,15.21531
2026-05-03 06:00:00+00:00,425,24,226.0,12.5,0.0,45.940243,15.546751
2026-05-03 06:00:00+00:00,426,24,202.0,16.4,0.0,45.51845,13.704866
2026-05-03 12:00:00+00:00,63,24,884.0,22.2,0.0,46.432335,14.134615
2026-05-03 12:00:00+00:00,76,24,879.0,22.7,0.0,46.291737,14.233227
2026-05-03 12:00:00+00:00,106,24,868.0,23.8,0.0,46.22144,14.354067
2026-05-03 12:00:00+00:00,122,24,864.0,25.6,0.0,46.08084,14.45151
2026-05-03 12:00:00+00:00,127,24,859.0,23.3,0.0,46.151142,14.474522
2026-05-03 12:00:00+00:00,129,24,866.0,24.1,0.0,46.010544,14.571429
2026-05-03 12:00:00+00:00,177,24,873.0,19.9,0.0,45.65905,14.88189
2026-05-03 12:00:00+00:00,194,24,873.0,22.1,0.0,46.502636,15.024076
2026-05-03 12:00:00+00:00,236,24,866.0,23.2,0.0,45.79965,15.213271
2026-05-03 12:00:00+00:00,325,24,859.0,22.9,0.0,46.572933,15.62701
2026-05-03 12:00:00+00:00,391,24,852.0,22.6,0.0,46.71353,16.112904
2026-05-03 12:00:00+00:00,422,24,865.0,24.0,0.0,46.22144,15.21531
2026-05-03 12:00:00+00:00,425,24,862.0,23.0,0.0,45.940243,15.546751
2026-05-03 12:00:00+00:00,426,24,868.0,21.8,0.0,45.51845,13.704866
2026-05-03 18:00:00+00:00,63,24,71.0,14.8,0.0,46.432335,14.134615
2026-05-03 18:00:00+00:00,76,24,68.0,15.5,0.0,46.291737,14.233227
2026-05-03 18:00:00+00:00,106,24,64.0,16.5,0.0,46.22144,14.354067
2026-05-03 18:00:00+00:00,122,24,61.0,19.4,0.0,46.08084,14.45151
2026-05-03 18:00:00+00:00,127,24,61.0,16.2,0.0,46.151142,14.474522
2026-05-03 18:00:00+00:00,129,24,60.0,17.3,0.0,46.010544,14.571429
2026-05-03 18:00:00+00:00,177,24,55.0,13.4,0.0,45.65905,14.88189
2026-05-03 18:00:00+00:00,194,24,59.0,17.6,0.0,46.502636,15.024076
2026-05-03 18:00:00+00:00,236,24,52.0,17.8,0.0,45.79965,15.213271
2026-05-03 18:00:00+00:00,325,24,54.0,19.0,0.0,46.572933,15.62701
2026-05-03 18:00:00+00:00,391,24,50.0,18.3,0.0,46.71353,16.112904
2026-05-03 18:00:00+00:00,422,24,55.0,17.6,0.0,46.22144,15.21531
2026-05-03 18:00:00+00:00,425,24,50.0,17.2,0.0,45.940243,15.546751
2026-05-03 18:00:00+00:00,426,24,65.0,18.8,0.0,45.51845,13.704866
2026-05-03 01:00:00+00:00,63,1,0.0,10.5,0.0,46.432335,14.134615
2026-05-03 01:00:00+00:00,76,1,0.0,8.1,0.0,46.291737,14.233227
2026-05-03 01:00:00+00:00,106,1,0.0,7.4,0.0,46.22144,14.354067
2026-05-03 01:00:00+00:00,122,1,0.0,7.9,0.0,46.08084,14.45151
2026-05-03 01:00:00+00:00,127,1,0.0,6.8,0.0,46.151142,14.474522
2026-05-03 01:00:00+00:00,129,1,0.0,6.1,0.0,46.010544,14.571429
2026-05-03 01:00:00+00:00,177,1,0.0,3.9,0.0,45.65905,14.88189
2026-05-03 01:00:00+00:00,194,1,0.0,9.9,0.0,46.502636,15.024076
2026-05-03 01:00:00+00:00,236,1,0.0,8.5,0.0,45.79965,15.213271
2026-05-03 01:00:00+00:00,325,1,0.0,11.1,0.0,46.572933,15.62701
2026-05-03 01:00:00+00:00,391,1,0.0,9.3,0.0,46.71353,16.112904
2026-05-03 01:00:00+00:00,422,1,0.0,8.2,0.0,46.22144,15.21531
2026-05-03 01:00:00+00:00,425,1,0.0,8.6,0.0,45.940243,15.546751
2026-05-03 01:00:00+00:00,426,1,0.0,12.2,0.0,45.51845,13.704866
2026-05-03 02:00:00+00:00,63,2,0.0,10.5,0.0,46.432335,14.134615
2026-05-03 02:00:00+00:00,76,2,0.0,7.6,0.0,46.291737,14.233227
2026-05-03 02:00:00+00:00,106,2,0.0,6.9,0.0,46.22144,14.354067
2026-05-03 02:00:00+00:00,122,2,0.0,6.9,0.0,46.08084,14.45151
2026-05-03 02:00:00+00:00,127,2,0.0,6.0,0.0,46.151142,14.474522
2026-05-03 02:00:00+00:00,129,2,0.0,5.7,0.0,46.010544,14.571429
2026-05-03 02:00:00+00:00,177,2,0.0,3.9,0.0,45.65905,14.88189
2026-05-03 02:00:00+00:00,194,2,0.0,9.7,0.0,46.502636,15.024076
2026-05-03 02:00:00+00:00,236,2,0.0,8.2,0.0,45.79965,15.213271
2026-05-03 02:00:00+00:00,325,2,0.0,11.9,0.0,46.572933,15.62701
2026-05-03 02:00:00+00:00,391,2,0.0,9.0,0.0,46.71353,16.112904
2026-05-03 02:00:00+00:00,422,2,0.0,8.0,0.0,46.22144,15.21531
2026-05-03 02:00:00+00:00,425,2,0.0,8.4,0.0,45.940243,15.546751
2026-05-03 02:00:00+00:00,426,2,0.0,12.2,0.0,45.51845,13.704866
2026-05-03 03:00:00+00:00,63,3,0.0,10.3,0.0,46.432335,14.134615
2026-05-03 03:00:00+00:00,76,3,0.0,7.4,0.0,46.291737,14.233227
2026-05-03 03:00:00+00:00,106,3,0.0,6.3,0.0,46.22144,14.354067
2026-05-03 03:00:00+00:00,122,3,0.0,6.1,0.0,46.08084,14.45151
2026-05-03 03:00:00+00:00,127,3,0.0,5.3,0.0,46.151142,14.474522
2026-05-03 03:00:00+00:00,129,3,0.0,5.3,0.0,46.010544,14.571429
2026-05-03 03:00:00+00:00,177,3,0.0,3.9,0.0,45.65905,14.88189
2026-05-03 03:00:00+00:00,194,3,0.0,8.9,0.0,46.502636,15.024076
2026-05-03 03:00:00+00:00,236,3,0.0,8.3,0.0,45.79965,15.213271
2026-05-03 03:00:00+00:00,325,3,0.0,12.0,0.0,46.572933,15.62701
2026-05-03 03:00:00+00:00,391,3,0.0,8.9,0.0,46.71353,16.112904
2026-05-03 03:00:00+00:00,422,3,0.0,7.9,0.0,46.22144,15.21531
2026-05-03 03:00:00+00:00,425,3,0.0,8.1,0.0,45.940243,15.546751
2026-05-03 03:00:00+00:00,426,3,0.0,12.0,0.0,45.51845,13.704866
2026-05-03 06:00:00+00:00,63,6,227.0,14.8,0.0,46.432335,14.134615
2026-05-03 06:00:00+00:00,76,6,225.0,13.3,0.0,46.291737,14.233227
2026-05-03 06:00:00+00:00,106,6,219.0,12.4,0.0,46.22144,14.354067
2026-05-03 06:00:00+00:00,122,6,216.0,10.6,0.0,46.08084,14.45151
2026-05-03 06:00:00+00:00,127,6,215.0,9.5,0.0,46.151142,14.474522
2026-05-03 06:00:00+00:00,129,6,219.0,10.6,0.0,46.010544,14.571429
2026-05-03 06:00:00+00:00,177,6,225.0,10.6,0.0,45.65905,14.88189
2026-05-03 06:00:00+00:00,194,6,232.0,13.1,0.0,46.502636,15.024076
2026-05-03 06:00:00+00:00,236,6,225.0,12.3,0.0,45.79965,15.213271
2026-05-03 06:00:00+00:00,325,6,235.0,14.1,0.0,46.572933,15.62701
2026-05-03 06:00:00+00:00,391,6,238.0,11.4,0.0,46.71353,16.112904
2026-05-03 06:00:00+00:00,422,6,228.0,13.2,0.0,46.22144,15.21531
2026-05-03 06:00:00+00:00,425,6,226.0,12.7,0.0,45.940243,15.546751
2026-05-03 06:00:00+00:00,426,6,203.0,16.3,0.0,45.51845,13.704866
2026-05-03 07:00:00+00:00,63,1,410.0,16.9,0.0,46.432335,14.134615
2026-05-03 07:00:00+00:00,76,1,407.0,15.8,0.0,46.291737,14.233227
2026-05-03 07:00:00+00:00,106,1,399.0,14.6,0.0,46.22144,14.354067
2026-05-03 07:00:00+00:00,122,1,395.0,13.4,0.0,46.08084,14.45151
2026-05-03 07:00:00+00:00,127,1,393.0,11.8,0.0,46.151142,14.474522
2026-05-03 07:00:00+00:00,129,1,399.0,13.1,0.0,46.010544,14.571429
2026-05-03 07:00:00+00:00,177,1,408.0,14.2,0.0,45.65905,14.88189
2026-05-03 07:00:00+00:00,194,1,412.0,15.9,0.0,46.502636,15.024076
2026-05-03 07:00:00+00:00,236,1,405.0,15.3,0.0,45.79965,15.213271
2026-05-03 07:00:00+00:00,325,1,414.0,16.0,0.0,46.572933,15.62701
2026-05-03 07:00:00+00:00,391,1,415.0,14.3,0.0,46.71353,16.112904
2026-05-03 07:00:00+00:00,422,1,408.0,15.8,0.0,46.22144,15.21531
2026-05-03 07:00:00+00:00,425,1,405.0,15.2,0.0,45.940243,15.546751
2026-05-03 07:00:00+00:00,426,1,383.0,18.5,0.0,45.51845,13.704866
2026-05-03 08:00:00+00:00,63,2,583.0,18.4,0.0,46.432335,14.134615
2026-05-03 08:00:00+00:00,76,2,579.0,17.7,0.0,46.291737,14.233227
2026-05-03 08:00:00+00:00,106,2,570.0,16.5,0.0,46.22144,14.354067
2026-05-03 08:00:00+00:00,122,2,565.0,17.1,0.0,46.08084,14.45151
2026-05-03 08:00:00+00:00,127,2,563.0,14.6,0.0,46.151142,14.474522
2026-05-03 08:00:00+00:00,129,2,570.0,16.9,0.0,46.010544,14.571429
2026-05-03 08:00:00+00:00,177,2,580.0,16.6,0.0,45.65905,14.88189
2026-05-03 08:00:00+00:00,194,2,582.0,18.5,0.0,46.502636,15.024076
2026-05-03 08:00:00+00:00,236,2,576.0,18.0,0.0,45.79965,15.213271
2026-05-03 08:00:00+00:00,325,2,582.0,18.0,0.0,46.572933,15.62701
2026-05-03 08:00:00+00:00,391,2,580.0,17.2,0.0,46.71353,16.112904
2026-05-03 08:00:00+00:00,422,2,577.0,18.7,0.0,46.22144,15.21531
2026-05-03 08:00:00+00:00,425,2,574.0,17.9,0.0,45.940243,15.546751
2026-05-03 08:00:00+00:00,426,2,557.0,19.9,0.0,45.51845,13.704866
2026-05-03 09:00:00+00:00,63,3,728.0,20.0,0.0,46.432335,14.134615
2026-05-03 09:00:00+00:00,76,3,724.0,19.3,0.0,46.291737,14.233227
2026-05-03 09:00:00+00:00,106,3,716.0,18.6,0.0,46.22144,14.354067
2026-05-03 09:00:00+00:00,122,3,710.0,20.3,0.0,46.08084,14.45151
2026-05-03 09:00:00+00:00,127,3,708.0,17.4,0.0,46.151142,14.474522
2026-05-03 09:00:00+00:00,129,3,714.0,20.0,0.0,46.010544,14.571429
2026-05-03 09:00:00+00:00,177,3,723.0,17.7,0.0,45.65905,14.88189
2026-05-03 09:00:00+00:00,194,3,723.0,20.2,0.0,46.502636,15.024076
2026-05-03 09:00:00+00:00,236,3,718.0,20.3,0.0,45.79965,15.213271
2026-05-03 09:00:00+00:00,325,3,722.0,20.5,0.0,46.572933,15.62701
2026-05-03 09:00:00+00:00,391,3,717.0,19.8,0.0,46.71353,16.112904
2026-05-03 09:00:00+00:00,422,3,718.0,20.7,0.0,46.22144,15.21531
2026-05-03 09:00:00+00:00,425,3,715.0,20.0,0.0,45.940243,15.546751
2026-05-03 09:00:00+00:00,426,3,704.0,20.8,0.0,45.51845,13.704866
2026-05-03 12:00:00+00:00,63,6,880.0,22.3,0.0,46.432335,14.134615
2026-05-03 12:00:00+00:00,76,6,873.0,22.9,0.0,46.291737,14.233227
2026-05-03 12:00:00+00:00,106,6,866.0,23.7,0.0,46.22144,14.354067
2026-05-03 12:00:00+00:00,122,6,866.0,25.8,0.0,46.08084,14.45151
2026-05-03 12:00:00+00:00,127,6,862.0,23.2,0.0,46.151142,14.474522
2026-05-03 12:00:00+00:00,129,6,866.0,24.3,0.0,46.010544,14.571429
2026-05-03 12:00:00+00:00,177,6,873.0,19.8,0.0,45.65905,14.88189
2026-05-03 12:00:00+00:00,194,6,870.0,22.1,0.0,46.502636,15.024076
2026-05-03 12:00:00+00:00,236,6,866.0,22.8,0.0,45.79965,15.213271
2026-05-03 12:00:00+00:00,325,6,860.0,23.0,0.0,46.572933,15.62701
2026-05-03 12:00:00+00:00,391,6,851.0,23.0,0.0,46.71353,16.112904
2026-05-03 12:00:00+00:00,422,6,865.0,23.9,0.0,46.22144,15.21531
2026-05-03 12:00:00+00:00,425,6,862.0,23.2,0.0,45.940243,15.546751
2026-05-03 12:00:00+00:00,426,6,868.0,21.9,0.0,45.51845,13.704866
2026-05-03 13:00:00+00:00,63,1,789.0,22.4,0.0,46.432335,14.134615
2026-05-03 13:00:00+00:00,76,1,784.0,23.1,0.0,46.291737,14.233227
2026-05-03 13:00:00+00:00,106,1,803.0,24.4,0.0,46.22144,14.354067
2026-05-03 13:00:00+00:00,122,1,820.0,26.2,0.0,46.08084,14.45151
2026-05-03 13:00:00+00:00,127,1,817.0,24.2,0.0,46.151142,14.474522
2026-05-03 13:00:00+00:00,129,1,814.0,24.5,0.0,46.010544,14.571429
2026-05-03 13:00:00+00:00,177,1,817.0,19.8,0.0,45.65905,14.88189
2026-05-03 13:00:00+00:00,194,1,817.0,22.5,0.0,46.502636,15.024076
2026-05-03 13:00:00+00:00,236,1,808.0,23.2,0.0,45.79965,15.213271
2026-05-03 13:00:00+00:00,325,1,800.0,23.2,0.0,46.572933,15.62701
2026-05-03 13:00:00+00:00,391,1,792.0,23.3,0.0,46.71353,16.112904
2026-05-03 13:00:00+00:00,422,1,807.0,24.2,0.0,46.22144,15.21531
2026-05-03 13:00:00+00:00,425,1,802.0,23.4,0.0,45.940243,15.546751
2026-05-03 13:00:00+00:00,426,1,817.0,21.6,0.0,45.51845,13.704866
2026-05-03 14:00:00+00:00,63,2,695.0,22.2,0.0,46.432335,14.134615
2026-05-03 14:00:00+00:00,76,2,703.0,22.5,0.0,46.291737,14.233227
2026-05-03 14:00:00+00:00,106,2,708.0,23.9,0.0,46.22144,14.354067
2026-05-03 14:00:00+00:00,122,2,709.0,25.7,0.0,46.08084,14.45151
2026-05-03 14:00:00+00:00,127,2,707.0,23.7,0.0,46.151142,14.474522
2026-05-03 14:00:00+00:00,129,2,705.0,24.3,0.0,46.010544,14.571429
2026-05-03 14:00:00+00:00,177,2,697.0,19.3,0.0,45.65905,14.88189
2026-05-03 14:00:00+00:00,194,2,708.0,22.6,0.0,46.502636,15.024076
2026-05-03 14:00:00+00:00,236,2,700.0,23.1,0.0,45.79965,15.213271
2026-05-03 14:00:00+00:00,325,2,694.0,23.1,0.0,46.572933,15.62701
2026-05-03 14:00:00+00:00,391,2,686.0,23.1,0.0,46.71353,16.112904
2026-05-03 14:00:00+00:00,422,2,699.0,24.2,0.0,46.22144,15.21531
2026-05-03 14:00:00+00:00,425,2,695.0,23.4,0.0,45.940243,15.546751
2026-05-03 14:00:00+00:00,426,2,716.0,21.4,0.0,45.51845,13.704866
2026-05-03 15:00:00+00:00,63,3,564.0,21.4,0.0,46.432335,14.134615
2026-05-03 15:00:00+00:00,76,3,561.0,21.4,0.0,46.291737,14.233227
2026-05-03 15:00:00+00:00,106,3,562.0,22.8,0.0,46.22144,14.354067
2026-05-03 15:00:00+00:00,122,3,563.0,24.8,0.0,46.08084,14.45151
2026-05-03 15:00:00+00:00,127,3,561.0,22.7,0.0,46.151142,14.474522
2026-05-03 15:00:00+00:00,129,3,561.0,23.6,0.0,46.010544,14.571429
2026-05-03 15:00:00+00:00,177,3,516.0,18.6,0.0,45.65905,14.88189
2026-05-03 15:00:00+00:00,194,3,549.0,22.5,0.0,46.502636,15.024076
2026-05-03 15:00:00+00:00,236,3,551.0,22.9,0.0,45.79965,15.213271
2026-05-03 15:00:00+00:00,325,3,550.0,22.8,0.0,46.572933,15.62701
2026-05-03 15:00:00+00:00,391,3,541.0,22.7,0.0,46.71353,16.112904
2026-05-03 15:00:00+00:00,422,3,553.0,23.9,0.0,46.22144,15.21531
2026-05-03 15:00:00+00:00,425,3,547.0,23.2,0.0,45.940243,15.546751
2026-05-03 15:00:00+00:00,426,3,573.0,21.2,0.0,45.51845,13.704866
2026-05-03 18:00:00+00:00,63,6,70.0,14.8,0.0,46.432335,14.134615
2026-05-03 18:00:00+00:00,76,6,68.0,14.9,0.0,46.291737,14.233227
2026-05-03 18:00:00+00:00,106,6,64.0,16.2,0.0,46.22144,14.354067
2026-05-03 18:00:00+00:00,122,6,61.0,19.0,0.0,46.08084,14.45151
2026-05-03 18:00:00+00:00,127,6,61.0,16.0,0.0,46.151142,14.474522
2026-05-03 18:00:00+00:00,129,6,60.0,16.7,0.0,46.010544,14.571429
2026-05-03 18:00:00+00:00,177,6,55.0,13.7,0.0,45.65905,14.88189
2026-05-03 18:00:00+00:00,194,6,59.0,17.6,0.0,46.502636,15.024076
2026-05-03 18:00:00+00:00,236,6,52.0,17.2,0.0,45.79965,15.213271
2026-05-03 18:00:00+00:00,325,6,54.0,18.8,0.0,46.572933,15.62701
2026-05-03 18:00:00+00:00,391,6,50.0,18.1,0.0,46.71353,16.112904
2026-05-03 18:00:00+00:00,422,6,55.0,17.8,0.0,46.22144,15.21531
2026-05-03 18:00:00+00:00,425,6,50.0,17.4,0.0,45.940243,15.546751
2026-05-03 18:00:00+00:00,426,6,65.0,18.3,0.0,45.51845,13.704866
2026-05-03 19:00:00+00:00,63,1,1.0,13.3,0.0,46.432335,14.134615
2026-05-03 19:00:00+00:00,76,1,1.0,13.9,0.0,46.291737,14.233227
2026-05-03 19:00:00+00:00,106,1,1.0,14.9,0.0,46.22144,14.354067
2026-05-03 19:00:00+00:00,122,1,0.0,16.9,0.0,46.08084,14.45151
2026-05-03 19:00:00+00:00,127,1,0.0,14.8,0.0,46.151142,14.474522
2026-05-03 19:00:00+00:00,129,1,0.0,14.8,0.0,46.010544,14.571429
2026-05-03 19:00:00+00:00,177,1,0.0,12.3,0.0,45.65905,14.88189
2026-05-03 19:00:00+00:00,194,1,0.0,16.3,0.0,46.502636,15.024076
2026-05-03 19:00:00+00:00,236,1,0.0,16.3,0.0,45.79965,15.213271
2026-05-03 19:00:00+00:00,325,1,0.0,17.8,0.0,46.572933,15.62701
2026-05-03 19:00:00+00:00,391,1,0.0,17.8,0.0,46.71353,16.112904
2026-05-03 19:00:00+00:00,422,1,0.0,15.4,0.0,46.22144,15.21531
2026-05-03 19:00:00+00:00,425,1,0.0,16.1,0.0,45.940243,15.546751
2026-05-03 19:00:00+00:00,426,1,1.0,17.5,0.0,45.51845,13.704866
2026-05-03 20:00:00+00:00,63,2,0.0,11.5,0.0,46.432335,14.134615
2026-05-03 20:00:00+00:00,76,2,0.0,12.5,0.0,46.291737,14.233227
2026-05-03 20:00:00+00:00,106,2,0.0,13.1,0.0,46.22144,14.354067
2026-05-03 20:00:00+00:00,122,2,0.0,14.9,0.0,46.08084,14.45151
2026-05-03 20:00:00+00:00,127,2,0.0,13.1,0.0,46.151142,14.474522
2026-05-03 20:00:00+00:00,129,2,0.0,12.6,0.0,46.010544,14.571429
2026-05-03 20:00:00+00:00,177,2,0.0,10.3,0.0,45.65905,14.88189
2026-05-03 20:00:00+00:00,194,2,0.0,15.0,0.0,46.502636,15.024076
2026-05-03 20:00:00+00:00,236,2,0.0,14.3,0.0,45.79965,15.213271
2026-05-03 20:00:00+00:00,325,2,0.0,16.8,0.0,46.572933,15.62701
2026-05-03 20:00:00+00:00,391,2,0.0,16.8,0.0,46.71353,16.112904
2026-05-03 20:00:00+00:00,422,2,0.0,13.6,0.0,46.22144,15.21531
2026-05-03 20:00:00+00:00,425,2,0.0,15.1,0.0,45.940243,15.546751
2026-05-03 20:00:00+00:00,426,2,0.0,14.6,0.0,45.51845,13.704866
2026-05-03 21:00:00+00:00,63,3,0.0,9.7,0.0,46.432335,14.134615
2026-05-03 21:00:00+00:00,76,3,0.0,10.8,0.0,46.291737,14.233227
2026-05-03 21:00:00+00:00,106,3,0.0,11.4,0.0,46.22144,14.354067
2026-05-03 21:00:00+00:00,122,3,0.0,13.0,0.0,46.08084,14.45151
2026-05-03 21:00:00+00:00,127,3,0.0,11.4,0.0,46.151142,14.474522
2026-05-03 21:00:00+00:00,129,3,0.0,10.6,0.0,46.010544,14.571429
2026-05-03 21:00:00+00:00,177,3,0.0,8.6,0.0,45.65905,14.88189
2026-05-03 21:00:00+00:00,194,3,0.0,13.5,0.0,46.502636,15.024076
2026-05-03 21:00:00+00:00,236,3,0.0,12.7,0.0,45.79965,15.213271
2026-05-03 21:00:00+00:00,325,3,0.0,15.8,0.0,46.572933,15.62701
2026-05-03 21:00:00+00:00,391,3,0.0,15.8,0.0,46.71353,16.112904
2026-05-03 21:00:00+00:00,422,3,0.0,12.3,0.0,46.22144,15.21531
2026-05-03 21:00:00+00:00,425,3,0.0,13.9,0.0,45.940243,15.546751
2026-05-03 21:00:00+00:00,426,3,0.0,12.5,0.0,45.51845,13.704866
2026-05-04 00:00:00+00:00,63,6,0.0,8.9,0.0,46.432335,14.134615
2026-05-04 00:00:00+00:00,63,24,0.0,8.5,0.0,46.432335,14.134615
2026-05-04 00:00:00+00:00,76,6,0.0,8.2,0.0,46.291737,14.233227
2026-05-04 00:00:00+00:00,76,24,0.0,8.2,0.0,46.291737,14.233227
2026-05-04 00:00:00+00:00,106,6,0.0,8.6,0.0,46.22144,14.354067
2026-05-04 00:00:00+00:00,106,24,0.0,8.5,0.0,46.22144,14.354067
2026-05-04 00:00:00+00:00,122,6,0.0,8.9,0.0,46.08084,14.45151
2026-05-04 00:00:00+00:00,122,24,0.0,8.4,0.0,46.08084,14.45151
2026-05-04 00:00:00+00:00,127,6,0.0,8.2,0.0,46.151142,14.474522
2026-05-04 00:00:00+00:00,127,24,0.0,7.7,0.0,46.151142,14.474522
2026-05-04 00:00:00+00:00,129,6,0.0,6.9,0.0,46.010544,14.571429
2026-05-04 00:00:00+00:00,129,24,0.0,6.4,0.0,46.010544,14.571429
2026-05-04 00:00:00+00:00,177,6,0.0,5.9,0.0,45.65905,14.88189
2026-05-04 00:00:00+00:00,177,24,0.0,5.7,0.0,45.65905,14.88189
2026-05-04 00:00:00+00:00,194,6,0.0,10.6,0.0,46.502636,15.024076
2026-05-04 00:00:00+00:00,194,24,0.0,10.4,0.0,46.502636,15.024076
2026-05-04 00:00:00+00:00,236,6,0.0,10.5,0.0,45.79965,15.213271
2026-05-04 00:00:00+00:00,236,24,0.0,10.2,0.0,45.79965,15.213271
2026-05-04 00:00:00+00:00,325,6,0.0,13.5,0.0,46.572933,15.62701
2026-05-04 00:00:00+00:00,325,24,0.0,13.1,0.0,46.572933,15.62701
2026-05-04 00:00:00+00:00,391,6,0.0,12.5,0.0,46.71353,16.112904
2026-05-04 00:00:00+00:00,391,24,0.0,12.1,0.0,46.71353,16.112904
2026-05-04 00:00:00+00:00,422,6,0.0,9.9,0.0,46.22144,15.21531
2026-05-04 00:00:00+00:00,422,24,0.0,9.5,0.0,46.22144,15.21531
2026-05-04 00:00:00+00:00,425,6,0.0,11.3,0.0,45.940243,15.546751
2026-05-04 00:00:00+00:00,425,24,0.0,11.2,0.0,45.940243,15.546751
2026-05-04 00:00:00+00:00,426,6,0.0,12.8,0.0,45.51845,13.704866
2026-05-04 00:00:00+00:00,426,24,0.0,12.6,0.0,45.51845,13.704866
2026-05-04 06:00:00+00:00,63,24,218.0,14.7,0.0,46.432335,14.134615
2026-05-04 06:00:00+00:00,76,24,203.0,12.5,0.0,46.291737,14.233227
2026-05-04 06:00:00+00:00,106,24,197.0,12.6,0.0,46.22144,14.354067
2026-05-04 06:00:00+00:00,122,24,198.0,11.5,0.0,46.08084,14.45151
2026-05-04 06:00:00+00:00,127,24,197.0,10.6,0.0,46.151142,14.474522
2026-05-04 06:00:00+00:00,129,24,207.0,10.5,0.0,46.010544,14.571429
2026-05-04 06:00:00+00:00,177,24,205.0,10.0,0.0,45.65905,14.88189
2026-05-04 06:00:00+00:00,194,24,221.0,14.2,0.0,46.502636,15.024076
2026-05-04 06:00:00+00:00,236,24,204.0,12.9,0.0,45.79965,15.213271
2026-05-04 06:00:00+00:00,325,24,221.0,15.4,0.0,46.572933,15.62701
2026-05-04 06:00:00+00:00,391,24,242.0,13.8,0.0,46.71353,16.112904
2026-05-04 06:00:00+00:00,422,24,212.0,13.4,0.0,46.22144,15.21531
2026-05-04 06:00:00+00:00,425,24,206.0,12.8,0.0,45.940243,15.546751
2026-05-04 06:00:00+00:00,426,24,184.0,17.0,0.0,45.51845,13.704866
2026-05-04 12:00:00+00:00,63,24,885.0,21.9,0.0,46.432335,14.134615
2026-05-04 12:00:00+00:00,76,24,880.0,22.2,0.0,46.291737,14.233227
2026-05-04 12:00:00+00:00,106,24,871.0,23.9,0.0,46.22144,14.354067
2026-05-04 12:00:00+00:00,122,24,868.0,25.4,0.0,46.08084,14.45151
2026-05-04 12:00:00+00:00,127,24,864.0,23.4,0.0,46.151142,14.474522
2026-05-04 12:00:00+00:00,129,24,869.0,24.0,0.0,46.010544,14.571429
2026-05-04 12:00:00+00:00,177,24,884.0,20.2,0.0,45.65905,14.88189
2026-05-04 12:00:00+00:00,194,24,873.0,24.7,0.0,46.502636,15.024076
2026-05-04 12:00:00+00:00,236,24,870.0,24.9,0.0,45.79965,15.213271
2026-05-04 12:00:00+00:00,325,24,869.0,25.8,0.0,46.572933,15.62701
2026-05-04 12:00:00+00:00,391,24,859.0,24.4,0.0,46.71353,16.112904
2026-05-04 12:00:00+00:00,422,24,876.0,25.0,0.0,46.22144,15.21531
2026-05-04 12:00:00+00:00,425,24,863.0,24.6,0.0,45.940243,15.546751
2026-05-04 12:00:00+00:00,426,24,836.0,23.7,0.0,45.51845,13.704866
2026-05-04 18:00:00+00:00,63,24,70.0,14.6,0.0,46.432335,14.134615
2026-05-04 18:00:00+00:00,76,24,69.0,15.2,0.0,46.291737,14.233227
2026-05-04 18:00:00+00:00,106,24,67.0,16.7,0.0,46.22144,14.354067
2026-05-04 18:00:00+00:00,122,24,63.0,19.7,0.0,46.08084,14.45151
2026-05-04 18:00:00+00:00,127,24,63.0,16.3,0.0,46.151142,14.474522
2026-05-04 18:00:00+00:00,129,24,62.0,18.2,0.0,46.010544,14.571429
2026-05-04 18:00:00+00:00,177,24,59.0,11.9,0.0,45.65905,14.88189
2026-05-04 18:00:00+00:00,194,24,64.0,17.5,0.0,46.502636,15.024076
2026-05-04 18:00:00+00:00,236,24,56.0,17.2,0.0,45.79965,15.213271
2026-05-04 18:00:00+00:00,325,24,57.0,21.1,0.0,46.572933,15.62701
2026-05-04 18:00:00+00:00,391,24,53.0,20.9,0.0,46.71353,16.112904
2026-05-04 18:00:00+00:00,422,24,58.0,19.8,0.0,46.22144,15.21531
2026-05-04 18:00:00+00:00,425,24,53.0,20.0,0.0,45.940243,15.546751
2026-05-04 18:00:00+00:00,426,24,59.0,19.9,0.0,45.51845,13.704866
2026-05-04 01:00:00+00:00,63,1,0.0,9.2,0.0,46.432335,14.134615
2026-05-04 01:00:00+00:00,76,1,0.0,8.3,0.0,46.291737,14.233227
2026-05-04 01:00:00+00:00,106,1,0.0,8.1,0.0,46.22144,14.354067
2026-05-04 01:00:00+00:00,122,1,0.0,8.1,0.0,46.08084,14.45151
2026-05-04 01:00:00+00:00,127,1,0.0,7.6,0.0,46.151142,14.474522
2026-05-04 01:00:00+00:00,129,1,0.0,6.0,0.0,46.010544,14.571429
2026-05-04 01:00:00+00:00,177,1,0.0,4.6,0.0,45.65905,14.88189
2026-05-04 01:00:00+00:00,194,1,0.0,9.6,0.0,46.502636,15.024076
2026-05-04 01:00:00+00:00,236,1,0.0,9.9,0.0,45.79965,15.213271
2026-05-04 01:00:00+00:00,325,1,0.0,12.6,0.0,46.572933,15.62701
2026-05-04 01:00:00+00:00,391,1,0.0,10.4,0.0,46.71353,16.112904
2026-05-04 01:00:00+00:00,422,1,0.0,9.6,0.0,46.22144,15.21531
2026-05-04 01:00:00+00:00,425,1,0.0,10.0,0.0,45.940243,15.546751
2026-05-04 01:00:00+00:00,426,1,0.0,12.5,0.0,45.51845,13.704866
2026-05-04 02:00:00+00:00,63,2,0.0,9.4,0.0,46.432335,14.134615
2026-05-04 02:00:00+00:00,76,2,0.0,8.2,0.0,46.291737,14.233227
2026-05-04 02:00:00+00:00,106,2,0.0,8.4,0.0,46.22144,14.354067
2026-05-04 02:00:00+00:00,122,2,0.0,7.3,0.0,46.08084,14.45151
2026-05-04 02:00:00+00:00,127,2,0.0,7.2,0.0,46.151142,14.474522
2026-05-04 02:00:00+00:00,129,2,0.0,5.7,0.0,46.010544,14.571429
2026-05-04 02:00:00+00:00,177,2,0.0,4.5,0.0,45.65905,14.88189
2026-05-04 02:00:00+00:00,194,2,0.0,9.8,0.0,46.502636,15.024076
2026-05-04 02:00:00+00:00,236,2,0.0,10.1,0.0,45.79965,15.213271
2026-05-04 02:00:00+00:00,325,2,0.0,11.7,0.0,46.572933,15.62701
2026-05-04 02:00:00+00:00,391,2,0.0,9.9,0.0,46.71353,16.112904
2026-05-04 02:00:00+00:00,422,2,0.0,9.2,0.0,46.22144,15.21531
2026-05-04 02:00:00+00:00,425,2,0.0,10.0,0.0,45.940243,15.546751
2026-05-04 02:00:00+00:00,426,2,0.0,13.0,0.0,45.51845,13.704866
2026-05-04 03:00:00+00:00,63,3,0.0,9.4,0.0,46.432335,14.134615
2026-05-04 03:00:00+00:00,76,3,0.0,7.7,0.0,46.291737,14.233227
2026-05-04 03:00:00+00:00,106,3,0.0,8.1,0.0,46.22144,14.354067
2026-05-04 03:00:00+00:00,122,3,0.0,7.0,0.0,46.08084,14.45151
2026-05-04 03:00:00+00:00,127,3,0.0,6.7,0.0,46.151142,14.474522
2026-05-04 03:00:00+00:00,129,3,0.0,5.8,0.0,46.010544,14.571429
2026-05-04 03:00:00+00:00,177,3,0.0,4.2,0.0,45.65905,14.88189
2026-05-04 03:00:00+00:00,194,3,0.0,9.5,0.0,46.502636,15.024076
2026-05-04 03:00:00+00:00,236,3,0.0,9.4,0.0,45.79965,15.213271
2026-05-04 03:00:00+00:00,325,3,0.0,11.4,0.0,46.572933,15.62701
2026-05-04 03:00:00+00:00,391,3,0.0,9.6,0.0,46.71353,16.112904
2026-05-04 03:00:00+00:00,422,3,0.0,8.5,0.0,46.22144,15.21531
2026-05-04 03:00:00+00:00,425,3,0.0,9.6,0.0,45.940243,15.546751
2026-05-04 03:00:00+00:00,426,3,0.0,12.7,0.0,45.51845,13.704866
2026-05-04 06:00:00+00:00,63,6,190.0,14.6,0.0,46.432335,14.134615
2026-05-04 06:00:00+00:00,76,6,199.0,12.7,0.0,46.291737,14.233227
2026-05-04 06:00:00+00:00,106,6,205.0,12.9,0.0,46.22144,14.354067
2026-05-04 06:00:00+00:00,122,6,209.0,11.7,0.0,46.08084,14.45151
2026-05-04 06:00:00+00:00,127,6,208.0,10.9,0.0,46.151142,14.474522
2026-05-04 06:00:00+00:00,129,6,215.0,11.0,0.0,46.010544,14.571429
2026-05-04 06:00:00+00:00,177,6,224.0,10.9,0.0,45.65905,14.88189
2026-05-04 06:00:00+00:00,194,6,236.0,14.7,0.0,46.502636,15.024076
2026-05-04 06:00:00+00:00,236,6,222.0,12.8,0.0,45.79965,15.213271
2026-05-04 06:00:00+00:00,325,6,224.0,15.7,0.0,46.572933,15.62701
2026-05-04 06:00:00+00:00,391,6,239.0,13.7,0.0,46.71353,16.112904
2026-05-04 06:00:00+00:00,422,6,221.0,13.7,0.0,46.22144,15.21531
2026-05-04 06:00:00+00:00,425,6,221.0,13.1,0.0,45.940243,15.546751
2026-05-04 06:00:00+00:00,426,6,203.0,16.6,0.0,45.51845,13.704866
2026-05-04 07:00:00+00:00,63,1,397.0,16.7,0.0,46.432335,14.134615
2026-05-04 07:00:00+00:00,76,1,387.0,15.1,0.0,46.291737,14.233227
2026-05-04 07:00:00+00:00,106,1,388.0,15.0,0.0,46.22144,14.354067
2026-05-04 07:00:00+00:00,122,1,387.0,14.5,0.0,46.08084,14.45151
2026-05-04 07:00:00+00:00,127,1,389.0,13.1,0.0,46.151142,14.474522
2026-05-04 07:00:00+00:00,129,1,390.0,13.4,0.0,46.010544,14.571429
2026-05-04 07:00:00+00:00,177,1,406.0,14.4,0.0,45.65905,14.88189
2026-05-04 07:00:00+00:00,194,1,415.0,16.7,0.0,46.502636,15.024076
2026-05-04 07:00:00+00:00,236,1,410.0,15.5,0.0,45.79965,15.213271
2026-05-04 07:00:00+00:00,325,1,409.0,17.7,0.0,46.572933,15.62701
2026-05-04 07:00:00+00:00,391,1,408.0,16.7,0.0,46.71353,16.112904
2026-05-04 07:00:00+00:00,422,1,409.0,17.0,0.0,46.22144,15.21531
2026-05-04 07:00:00+00:00,425,1,403.0,15.6,0.0,45.940243,15.546751
2026-05-04 07:00:00+00:00,426,1,370.0,20.0,0.0,45.51845,13.704866
2026-05-04 08:00:00+00:00,63,2,583.0,18.4,0.0,46.432335,14.134615
2026-05-04 08:00:00+00:00,76,2,572.0,17.8,0.0,46.291737,14.233227
2026-05-04 08:00:00+00:00,106,2,565.0,17.4,0.0,46.22144,14.354067
2026-05-04 08:00:00+00:00,122,2,558.0,17.9,0.0,46.08084,14.45151
2026-05-04 08:00:00+00:00,127,2,559.0,15.9,0.0,46.151142,14.474522
2026-05-04 08:00:00+00:00,129,2,562.0,16.8,0.0,46.010544,14.571429
2026-05-04 08:00:00+00:00,177,2,577.0,16.7,0.0,45.65905,14.88189
2026-05-04 08:00:00+00:00,194,2,584.0,18.4,0.0,46.502636,15.024076
2026-05-04 08:00:00+00:00,236,2,572.0,18.0,0.0,45.79965,15.213271
2026-05-04 08:00:00+00:00,325,2,573.0,19.8,0.0,46.572933,15.62701
2026-05-04 08:00:00+00:00,391,2,583.0,19.4,0.0,46.71353,16.112904
2026-05-04 08:00:00+00:00,422,2,573.0,19.6,0.0,46.22144,15.21531
2026-05-04 08:00:00+00:00,425,2,569.0,17.8,0.0,45.940243,15.546751
2026-05-04 08:00:00+00:00,426,2,556.0,21.7,0.0,45.51845,13.704866
2026-05-04 09:00:00+00:00,63,3,729.0,20.2,0.0,46.432335,14.134615
2026-05-04 09:00:00+00:00,76,3,717.0,20.1,0.0,46.291737,14.233227
2026-05-04 09:00:00+00:00,106,3,710.0,20.0,0.0,46.22144,14.354067
2026-05-04 09:00:00+00:00,122,3,707.0,21.3,0.0,46.08084,14.45151
2026-05-04 09:00:00+00:00,127,3,707.0,18.7,0.0,46.151142,14.474522
2026-05-04 09:00:00+00:00,129,3,713.0,20.2,0.0,46.010544,14.571429
2026-05-04 09:00:00+00:00,177,3,728.0,18.4,0.0,45.65905,14.88189
2026-05-04 09:00:00+00:00,194,3,726.0,20.1,0.0,46.502636,15.024076
2026-05-04 09:00:00+00:00,236,3,725.0,20.4,0.0,45.79965,15.213271
2026-05-04 09:00:00+00:00,325,3,699.0,22.0,0.0,46.572933,15.62701
2026-05-04 09:00:00+00:00,391,3,714.0,21.4,0.0,46.71353,16.112904
2026-05-04 09:00:00+00:00,422,3,714.0,21.8,0.0,46.22144,15.21531
2026-05-04 09:00:00+00:00,425,3,710.0,20.2,0.0,45.940243,15.546751
2026-05-04 09:00:00+00:00,426,3,701.0,21.7,0.0,45.51845,13.704866
2026-05-04 12:00:00+00:00,63,6,884.0,21.8,0.0,46.432335,14.134615
2026-05-04 12:00:00+00:00,76,6,879.0,22.0,0.0,46.291737,14.233227
2026-05-04 12:00:00+00:00,106,6,868.0,23.3,0.0,46.22144,14.354067
2026-05-04 12:00:00+00:00,122,6,864.0,25.0,0.0,46.08084,14.45151
2026-05-04 12:00:00+00:00,127,6,861.0,22.9,0.0,46.151142,14.474522
2026-05-04 12:00:00+00:00,129,6,865.0,23.8,0.0,46.010544,14.571429
2026-05-04 12:00:00+00:00,177,6,869.0,20.1,0.0,45.65905,14.88189
2026-05-04 12:00:00+00:00,194,6,875.0,24.5,0.0,46.502636,15.024076
2026-05-04 12:00:00+00:00,236,6,865.0,24.8,0.0,45.79965,15.213271
2026-05-04 12:00:00+00:00,325,6,862.0,25.9,0.0,46.572933,15.62701
2026-05-04 12:00:00+00:00,391,6,852.0,24.3,0.0,46.71353,16.112904
2026-05-04 12:00:00+00:00,422,6,872.0,25.1,0.0,46.22144,15.21531
2026-05-04 12:00:00+00:00,425,6,853.0,24.8,0.0,45.940243,15.546751
2026-05-04 12:00:00+00:00,426,6,847.0,22.9,0.0,45.51845,13.704866
2026-05-04 13:00:00+00:00,63,1,820.0,21.9,0.0,46.432335,14.134615
2026-05-04 13:00:00+00:00,76,1,814.0,22.1,0.0,46.291737,14.233227
2026-05-04 13:00:00+00:00,106,1,808.0,23.6,0.0,46.22144,14.354067
2026-05-04 13:00:00+00:00,122,1,804.0,25.1,0.0,46.08084,14.45151
2026-05-04 13:00:00+00:00,127,1,802.0,23.1,0.0,46.151142,14.474522
2026-05-04 13:00:00+00:00,129,1,802.0,23.8,0.0,46.010544,14.571429
2026-05-04 13:00:00+00:00,177,1,787.0,19.8,0.0,45.65905,14.88189
2026-05-04 13:00:00+00:00,194,1,786.0,24.5,0.0,46.502636,15.024076
2026-05-04 13:00:00+00:00,236,1,776.0,25.6,0.0,45.79965,15.213271
2026-05-04 13:00:00+00:00,325,1,780.0,25.8,0.0,46.572933,15.62701
2026-05-04 13:00:00+00:00,391,1,762.0,25.0,0.0,46.71353,16.112904
2026-05-04 13:00:00+00:00,422,1,787.0,25.8,0.0,46.22144,15.21531
2026-05-04 13:00:00+00:00,425,1,762.0,25.3,0.0,45.940243,15.546751
2026-05-04 13:00:00+00:00,426,1,804.0,23.1,0.0,45.51845,13.704866
2026-05-04 14:00:00+00:00,63,2,730.0,21.5,0.0,46.432335,14.134615
2026-05-04 14:00:00+00:00,76,2,722.0,21.6,0.0,46.291737,14.233227
2026-05-04 14:00:00+00:00,106,2,711.0,23.0,0.0,46.22144,14.354067
2026-05-04 14:00:00+00:00,122,2,707.0,24.6,0.0,46.08084,14.45151
2026-05-04 14:00:00+00:00,127,2,704.0,22.6,0.0,46.151142,14.474522
2026-05-04 14:00:00+00:00,129,2,709.0,23.3,0.0,46.010544,14.571429
2026-05-04 14:00:00+00:00,177,2,706.0,19.2,0.0,45.65905,14.88189
2026-05-04 14:00:00+00:00,194,2,688.0,24.0,0.0,46.502636,15.024076
2026-05-04 14:00:00+00:00,236,2,668.0,25.5,0.0,45.79965,15.213271
2026-05-04 14:00:00+00:00,325,2,663.0,25.7,0.0,46.572933,15.62701
2026-05-04 14:00:00+00:00,391,2,615.0,25.0,0.0,46.71353,16.112904
2026-05-04 14:00:00+00:00,422,2,677.0,25.4,0.0,46.22144,15.21531
2026-05-04 14:00:00+00:00,425,2,635.0,25.3,0.0,45.940243,15.546751
2026-05-04 14:00:00+00:00,426,2,670.0,23.0,0.0,45.51845,13.704866
2026-05-04 15:00:00+00:00,63,3,580.0,20.6,0.0,46.432335,14.134615
2026-05-04 15:00:00+00:00,76,3,579.0,20.9,0.0,46.291737,14.233227
2026-05-04 15:00:00+00:00,106,3,568.0,22.2,0.0,46.22144,14.354067
2026-05-04 15:00:00+00:00,122,3,561.0,23.8,0.0,46.08084,14.45151
2026-05-04 15:00:00+00:00,127,3,559.0,21.9,0.0,46.151142,14.474522
2026-05-04 15:00:00+00:00,129,3,562.0,22.6,0.0,46.010544,14.571429
2026-05-04 15:00:00+00:00,177,3,552.0,18.1,0.0,45.65905,14.88189
2026-05-04 15:00:00+00:00,194,3,566.0,23.4,0.0,46.502636,15.024076
2026-05-04 15:00:00+00:00,236,3,532.0,24.2,0.0,45.79965,15.213271
2026-05-04 15:00:00+00:00,325,3,542.0,25.3,0.0,46.572933,15.62701
2026-05-04 15:00:00+00:00,391,3,486.0,24.8,0.0,46.71353,16.112904
2026-05-04 15:00:00+00:00,422,3,556.0,24.8,0.0,46.22144,15.21531
2026-05-04 15:00:00+00:00,425,3,523.0,25.3,0.0,45.940243,15.546751
2026-05-04 15:00:00+00:00,426,3,504.0,22.7,0.0,45.51845,13.704866
2026-05-04 18:00:00+00:00,63,6,54.0,15.1,0.0,46.432335,14.134615
2026-05-04 18:00:00+00:00,76,6,58.0,15.3,0.0,46.291737,14.233227
2026-05-04 18:00:00+00:00,106,6,61.0,16.9,0.0,46.22144,14.354067
2026-05-04 18:00:00+00:00,122,6,58.0,19.3,0.0,46.08084,14.45151
2026-05-04 18:00:00+00:00,127,6,61.0,16.0,0.0,46.151142,14.474522
2026-05-04 18:00:00+00:00,129,6,58.0,17.8,0.0,46.010544,14.571429
2026-05-04 18:00:00+00:00,177,6,54.0,11.9,0.0,45.65905,14.88189
2026-05-04 18:00:00+00:00,194,6,60.0,17.0,0.0,46.502636,15.024076
2026-05-04 18:00:00+00:00,236,6,55.0,17.3,0.0,45.79965,15.213271
2026-05-04 18:00:00+00:00,325,6,56.0,20.5,0.0,46.572933,15.62701
2026-05-04 18:00:00+00:00,391,6,53.0,21.1,0.0,46.71353,16.112904
2026-05-04 18:00:00+00:00,422,6,58.0,19.6,0.0,46.22144,15.21531
2026-05-04 18:00:00+00:00,425,6,53.0,19.8,0.0,45.940243,15.546751
2026-05-04 18:00:00+00:00,426,6,50.0,19.0,0.0,45.51845,13.704866
2026-05-04 19:00:00+00:00,63,1,1.0,13.8,0.0,46.432335,14.134615
2026-05-04 19:00:00+00:00,76,1,1.0,14.5,0.0,46.291737,14.233227
2026-05-04 19:00:00+00:00,106,1,1.0,15.6,0.0,46.22144,14.354067
2026-05-04 19:00:00+00:00,122,1,1.0,18.3,0.0,46.08084,14.45151
2026-05-04 19:00:00+00:00,127,1,1.0,15.1,0.0,46.151142,14.474522
2026-05-04 19:00:00+00:00,129,1,1.0,16.4,0.0,46.010544,14.571429
2026-05-04 19:00:00+00:00,177,1,0.0,10.1,0.0,45.65905,14.88189
2026-05-04 19:00:00+00:00,194,1,1.0,15.5,0.0,46.502636,15.024076
2026-05-04 19:00:00+00:00,236,1,0.0,15.6,0.0,45.79965,15.213271
2026-05-04 19:00:00+00:00,325,1,0.0,19.4,0.0,46.572933,15.62701
2026-05-04 19:00:00+00:00,391,1,0.0,20.3,0.0,46.71353,16.112904
2026-05-04 19:00:00+00:00,422,1,0.0,18.8,0.0,46.22144,15.21531
2026-05-04 19:00:00+00:00,425,1,0.0,18.4,0.0,45.940243,15.546751
2026-05-04 19:00:00+00:00,426,1,1.0,18.5,0.0,45.51845,13.704866
2026-05-04 20:00:00+00:00,63,2,0.0,12.7,0.0,46.432335,14.134615
2026-05-04 20:00:00+00:00,76,2,0.0,13.9,0.0,46.291737,14.233227
2026-05-04 20:00:00+00:00,106,2,0.0,15.2,0.0,46.22144,14.354067
2026-05-04 20:00:00+00:00,122,2,0.0,16.9,0.0,46.08084,14.45151
2026-05-04 20:00:00+00:00,127,2,0.0,15.0,0.0,46.151142,14.474522
2026-05-04 20:00:00+00:00,129,2,0.0,15.1,0.0,46.010544,14.571429
2026-05-04 20:00:00+00:00,177,2,0.0,8.2,0.0,45.65905,14.88189
2026-05-04 20:00:00+00:00,194,2,0.0,12.6,0.0,46.502636,15.024076
2026-05-04 20:00:00+00:00,236,2,0.0,13.2,0.0,45.79965,15.213271
2026-05-04 20:00:00+00:00,325,2,0.0,18.0,0.0,46.572933,15.62701
2026-05-04 20:00:00+00:00,391,2,0.0,19.5,0.0,46.71353,16.112904
2026-05-04 20:00:00+00:00,422,2,0.0,17.4,0.0,46.22144,15.21531
2026-05-04 20:00:00+00:00,425,2,0.0,17.1,0.0,45.940243,15.546751
2026-05-04 20:00:00+00:00,426,2,0.0,17.8,0.0,45.51845,13.704866
2026-05-04 21:00:00+00:00,63,3,0.0,11.4,0.0,46.432335,14.134615
2026-05-04 21:00:00+00:00,76,3,0.0,12.8,0.0,46.291737,14.233227
2026-05-04 21:00:00+00:00,106,3,0.0,14.1,0.0,46.22144,14.354067
2026-05-04 21:00:00+00:00,122,3,0.0,15.7,0.0,46.08084,14.45151
2026-05-04 21:00:00+00:00,127,3,0.0,13.8,0.0,46.151142,14.474522
2026-05-04 21:00:00+00:00,129,3,0.0,13.7,0.0,46.010544,14.571429
2026-05-04 21:00:00+00:00,177,3,0.0,7.0,0.0,45.65905,14.88189
2026-05-04 21:00:00+00:00,194,3,0.0,11.1,0.0,46.502636,15.024076
2026-05-04 21:00:00+00:00,236,3,0.0,11.3,0.0,45.79965,15.213271
2026-05-04 21:00:00+00:00,325,3,0.0,16.7,0.0,46.572933,15.62701
2026-05-04 21:00:00+00:00,391,3,0.0,18.5,0.0,46.71353,16.112904
2026-05-04 21:00:00+00:00,422,3,0.0,16.5,0.0,46.22144,15.21531
2026-05-04 21:00:00+00:00,425,3,0.0,15.9,0.0,45.940243,15.546751
2026-05-04 21:00:00+00:00,426,3,0.0,17.1,0.0,45.51845,13.704866
2026-05-05 00:00:00+00:00,63,6,0.0,9.0,0.0,46.432335,14.134615
2026-05-05 00:00:00+00:00,63,24,0.0,8.0,0.0,46.432335,14.134615
2026-05-05 00:00:00+00:00,76,6,0.0,10.3,0.0,46.291737,14.233227
2026-05-05 00:00:00+00:00,76,24,0.0,9.0,0.0,46.291737,14.233227
2026-05-05 00:00:00+00:00,106,6,0.0,11.7,0.0,46.22144,14.354067
2026-05-05 00:00:00+00:00,106,24,0.0,10.0,0.0,46.22144,14.354067
2026-05-05 00:00:00+00:00,122,6,0.0,12.8,0.0,46.08084,14.45151
2026-05-05 00:00:00+00:00,122,24,0.0,11.0,0.0,46.08084,14.45151
2026-05-05 00:00:00+00:00,127,6,0.0,10.9,0.0,46.151142,14.474522
2026-05-05 00:00:00+00:00,127,24,0.0,8.7,0.0,46.151142,14.474522
2026-05-05 00:00:00+00:00,129,6,0.0,12.4,0.0,46.010544,14.571429
2026-05-05 00:00:00+00:00,129,24,0.0,10.6,0.0,46.010544,14.571429
2026-05-05 00:00:00+00:00,177,6,0.0,6.3,0.0,45.65905,14.88189
2026-05-05 00:00:00+00:00,177,24,0.0,5.2,0.0,45.65905,14.88189
2026-05-05 00:00:00+00:00,194,6,0.0,8.9,0.0,46.502636,15.024076
2026-05-05 00:00:00+00:00,194,24,0.0,7.2,0.0,46.502636,15.024076
2026-05-05 00:00:00+00:00,236,6,0.0,10.0,0.0,45.79965,15.213271
2026-05-05 00:00:00+00:00,236,24,0.0,8.3,0.0,45.79965,15.213271
2026-05-05 00:00:00+00:00,325,6,0.0,14.0,0.0,46.572933,15.62701
2026-05-05 00:00:00+00:00,325,24,0.0,12.6,0.0,46.572933,15.62701
2026-05-05 00:00:00+00:00,391,6,0.0,14.9,0.0,46.71353,16.112904
2026-05-05 00:00:00+00:00,391,24,0.0,14.6,0.0,46.71353,16.112904
2026-05-05 00:00:00+00:00,422,6,0.0,15.1,0.0,46.22144,15.21531
2026-05-05 00:00:00+00:00,422,24,0.0,13.8,0.0,46.22144,15.21531
2026-05-05 00:00:00+00:00,425,6,0.0,12.6,0.0,45.940243,15.546751
2026-05-05 00:00:00+00:00,425,24,0.0,12.1,0.0,45.940243,15.546751
2026-05-05 00:00:00+00:00,426,6,0.0,14.7,0.0,45.51845,13.704866
2026-05-05 00:00:00+00:00,426,24,0.0,15.5,0.0,45.51845,13.704866
2026-05-05 06:00:00+00:00,63,24,198.0,13.8,0.0,46.432335,14.134615
2026-05-05 06:00:00+00:00,76,24,196.0,12.9,0.0,46.291737,14.233227
2026-05-05 06:00:00+00:00,106,24,190.0,13.9,0.0,46.22144,14.354067
2026-05-05 06:00:00+00:00,122,24,171.0,14.0,0.0,46.08084,14.45151
2026-05-05 06:00:00+00:00,127,24,178.0,12.9,0.0,46.151142,14.474522
2026-05-05 06:00:00+00:00,129,24,157.0,13.4,0.0,46.010544,14.571429
2026-05-05 06:00:00+00:00,177,24,155.0,10.0,0.0,45.65905,14.88189
2026-05-05 06:00:00+00:00,194,24,238.0,15.2,0.0,46.502636,15.024076
2026-05-05 06:00:00+00:00,236,24,210.0,14.6,0.0,45.79965,15.213271
2026-05-05 06:00:00+00:00,325,24,151.0,17.2,0.0,46.572933,15.62701
2026-05-05 06:00:00+00:00,391,24,194.0,16.8,0.0,46.71353,16.112904
2026-05-05 06:00:00+00:00,422,24,229.0,15.9,0.0,46.22144,15.21531
2026-05-05 06:00:00+00:00,425,24,232.0,15.2,0.0,45.940243,15.546751
2026-05-05 06:00:00+00:00,426,24,163.0,16.7,0.0,45.51845,13.704866
2026-05-05 12:00:00+00:00,63,24,248.0,15.7,0.0,46.432335,14.134615
2026-05-05 12:00:00+00:00,76,24,398.0,17.5,0.0,46.291737,14.233227
2026-05-05 12:00:00+00:00,106,24,414.0,18.7,0.0,46.22144,14.354067
2026-05-05 12:00:00+00:00,122,24,339.0,20.0,0.0,46.08084,14.45151
2026-05-05 12:00:00+00:00,127,24,352.0,18.4,0.0,46.151142,14.474522
2026-05-05 12:00:00+00:00,129,24,388.0,19.7,0.0,46.010544,14.571429
2026-05-05 12:00:00+00:00,177,24,643.0,14.4,0.0,45.65905,14.88189
2026-05-05 12:00:00+00:00,194,24,414.0,19.7,0.0,46.502636,15.024076
2026-05-05 12:00:00+00:00,236,24,758.0,21.0,0.0,45.79965,15.213271
2026-05-05 12:00:00+00:00,325,24,795.0,22.7,0.0,46.572933,15.62701
2026-05-05 12:00:00+00:00,391,24,826.0,23.3,0.0,46.71353,16.112904
2026-05-05 12:00:00+00:00,422,24,354.0,21.5,0.0,46.22144,15.21531
2026-05-05 12:00:00+00:00,425,24,473.0,21.7,0.0,45.940243,15.546751
2026-05-05 12:00:00+00:00,426,24,282.0,17.8,0.3,45.51845,13.704866
2026-05-05 18:00:00+00:00,63,24,21.0,13.1,0.1,46.432335,14.134615
2026-05-05 18:00:00+00:00,76,24,13.0,13.3,0.0,46.291737,14.233227
2026-05-05 18:00:00+00:00,106,24,11.0,14.6,0.0,46.22144,14.354067
2026-05-05 18:00:00+00:00,122,24,12.0,15.5,0.0,46.08084,14.45151
2026-05-05 18:00:00+00:00,127,24,11.0,14.6,0.0,46.151142,14.474522
2026-05-05 18:00:00+00:00,129,24,18.0,14.9,0.0,46.010544,14.571429
2026-05-05 18:00:00+00:00,177,24,49.0,9.8,0.0,45.65905,14.88189
2026-05-05 18:00:00+00:00,194,24,36.0,15.5,0.0,46.502636,15.024076
2026-05-05 18:00:00+00:00,236,24,50.0,14.9,0.0,45.79965,15.213271
2026-05-05 18:00:00+00:00,325,24,49.0,17.4,0.0,46.572933,15.62701
2026-05-05 18:00:00+00:00,391,24,46.0,17.6,0.0,46.71353,16.112904
2026-05-05 18:00:00+00:00,422,24,26.0,17.5,0.0,46.22144,15.21531
2026-05-05 18:00:00+00:00,425,24,52.0,16.2,0.0,45.940243,15.546751
2026-05-05 18:00:00+00:00,426,24,25.0,14.5,0.6,45.51845,13.704866
2026-05-05 01:00:00+00:00,63,1,0.0,8.3,0.0,46.432335,14.134615
2026-05-05 01:00:00+00:00,76,1,0.0,9.9,0.0,46.291737,14.233227
2026-05-05 01:00:00+00:00,106,1,0.0,11.4,0.0,46.22144,14.354067
2026-05-05 01:00:00+00:00,122,1,0.0,12.7,0.0,46.08084,14.45151
2026-05-05 01:00:00+00:00,127,1,0.0,10.6,0.0,46.151142,14.474522
2026-05-05 01:00:00+00:00,129,1,0.0,11.8,0.0,46.010544,14.571429
2026-05-05 01:00:00+00:00,177,1,0.0,6.4,0.0,45.65905,14.88189
2026-05-05 01:00:00+00:00,194,1,0.0,8.4,0.0,46.502636,15.024076
2026-05-05 01:00:00+00:00,236,1,0.0,8.9,0.0,45.79965,15.213271
2026-05-05 01:00:00+00:00,325,1,0.0,13.7,0.0,46.572933,15.62701
2026-05-05 01:00:00+00:00,391,1,0.0,13.7,0.0,46.71353,16.112904
2026-05-05 01:00:00+00:00,422,1,0.0,15.0,0.0,46.22144,15.21531
2026-05-05 01:00:00+00:00,425,1,0.0,12.7,0.0,45.940243,15.546751
2026-05-05 01:00:00+00:00,426,1,0.0,13.0,0.0,45.51845,13.704866
2026-05-05 02:00:00+00:00,63,2,0.0,7.7,0.0,46.432335,14.134615
2026-05-05 02:00:00+00:00,76,2,0.0,8.8,0.0,46.291737,14.233227
2026-05-05 02:00:00+00:00,106,2,0.0,9.8,0.0,46.22144,14.354067
2026-05-05 02:00:00+00:00,122,2,0.0,11.2,0.0,46.08084,14.45151
2026-05-05 02:00:00+00:00,127,2,0.0,9.2,0.0,46.151142,14.474522
2026-05-05 02:00:00+00:00,129,2,0.0,10.7,0.0,46.010544,14.571429
2026-05-05 02:00:00+00:00,177,2,0.0,6.2,0.0,45.65905,14.88189
2026-05-05 02:00:00+00:00,194,2,0.0,7.9,0.0,46.502636,15.024076
2026-05-05 02:00:00+00:00,236,2,0.0,8.5,0.0,45.79965,15.213271
2026-05-05 02:00:00+00:00,325,2,0.0,13.2,0.0,46.572933,15.62701
2026-05-05 02:00:00+00:00,391,2,0.0,13.5,0.0,46.71353,16.112904
2026-05-05 02:00:00+00:00,422,2,0.0,14.4,0.0,46.22144,15.21531
2026-05-05 02:00:00+00:00,425,2,0.0,11.7,0.0,45.940243,15.546751
2026-05-05 02:00:00+00:00,426,2,0.0,13.4,0.0,45.51845,13.704866
2026-05-05 03:00:00+00:00,63,3,0.0,7.2,0.0,46.432335,14.134615
2026-05-05 03:00:00+00:00,76,3,0.0,7.9,0.0,46.291737,14.233227
2026-05-05 03:00:00+00:00,106,3,0.0,8.8,0.0,46.22144,14.354067
2026-05-05 03:00:00+00:00,122,3,0.0,10.1,0.0,46.08084,14.45151
2026-05-05 03:00:00+00:00,127,3,0.0,8.0,0.0,46.151142,14.474522
2026-05-05 03:00:00+00:00,129,3,0.0,9.7,0.0,46.010544,14.571429
2026-05-05 03:00:00+00:00,177,3,0.0,6.1,0.0,45.65905,14.88189
2026-05-05 03:00:00+00:00,194,3,0.0,7.2,0.0,46.502636,15.024076
2026-05-05 03:00:00+00:00,236,3,0.0,8.2,0.0,45.79965,15.213271
2026-05-05 03:00:00+00:00,325,3,0.0,12.8,0.0,46.572933,15.62701
2026-05-05 03:00:00+00:00,391,3,0.0,13.6,0.0,46.71353,16.112904
2026-05-05 03:00:00+00:00,422,3,0.0,13.5,0.0,46.22144,15.21531
2026-05-05 03:00:00+00:00,425,3,0.0,11.2,0.0,45.940243,15.546751
2026-05-05 03:00:00+00:00,426,3,0.0,14.0,0.0,45.51845,13.704866
2026-05-05 06:00:00+00:00,63,6,203.0,13.8,0.0,46.432335,14.134615
2026-05-05 06:00:00+00:00,76,6,203.0,13.0,0.0,46.291737,14.233227
2026-05-05 06:00:00+00:00,106,6,198.0,13.8,0.0,46.22144,14.354067
2026-05-05 06:00:00+00:00,122,6,167.0,14.1,0.0,46.08084,14.45151
2026-05-05 06:00:00+00:00,127,6,183.0,12.7,0.0,46.151142,14.474522
2026-05-05 06:00:00+00:00,129,6,166.0,13.8,0.0,46.010544,14.571429
2026-05-05 06:00:00+00:00,177,6,132.0,9.9,0.0,45.65905,14.88189
2026-05-05 06:00:00+00:00,194,6,237.0,15.2,0.0,46.502636,15.024076
2026-05-05 06:00:00+00:00,236,6,203.0,14.4,0.0,45.79965,15.213271
2026-05-05 06:00:00+00:00,325,6,167.0,17.5,0.0,46.572933,15.62701
2026-05-05 06:00:00+00:00,391,6,254.0,16.6,0.0,46.71353,16.112904
2026-05-05 06:00:00+00:00,422,6,222.0,16.1,0.0,46.22144,15.21531
2026-05-05 06:00:00+00:00,425,6,217.0,15.2,0.0,45.940243,15.546751
2026-05-05 06:00:00+00:00,426,6,127.0,16.1,0.0,45.51845,13.704866
2026-05-05 07:00:00+00:00,63,1,367.0,15.5,0.0,46.432335,14.134615
2026-05-05 07:00:00+00:00,76,1,358.0,15.4,0.0,46.291737,14.233227
2026-05-05 07:00:00+00:00,106,1,346.0,16.4,0.0,46.22144,14.354067
2026-05-05 07:00:00+00:00,122,1,313.0,17.1,0.0,46.08084,14.45151
2026-05-05 07:00:00+00:00,127,1,328.0,15.5,0.0,46.151142,14.474522
2026-05-05 07:00:00+00:00,129,1,323.0,16.6,0.0,46.010544,14.571429
2026-05-05 07:00:00+00:00,177,1,314.0,12.4,0.0,45.65905,14.88189
2026-05-05 07:00:00+00:00,194,1,418.0,17.9,0.0,46.502636,15.024076
2026-05-05 07:00:00+00:00,236,1,381.0,17.5,0.0,45.79965,15.213271
2026-05-05 07:00:00+00:00,325,1,411.0,20.0,0.0,46.572933,15.62701
2026-05-05 07:00:00+00:00,391,1,426.0,18.6,0.0,46.71353,16.112904
2026-05-05 07:00:00+00:00,422,1,408.0,18.5,0.0,46.22144,15.21531
2026-05-05 07:00:00+00:00,425,1,398.0,17.8,0.0,45.940243,15.546751
2026-05-05 07:00:00+00:00,426,1,295.0,17.6,0.0,45.51845,13.704866
2026-05-05 08:00:00+00:00,63,2,530.0,16.9,0.0,46.432335,14.134615
2026-05-05 08:00:00+00:00,76,2,517.0,17.2,0.0,46.291737,14.233227
2026-05-05 08:00:00+00:00,106,2,507.0,18.3,0.0,46.22144,14.354067
2026-05-05 08:00:00+00:00,122,2,480.0,19.3,0.0,46.08084,14.45151
2026-05-05 08:00:00+00:00,127,2,490.0,17.6,0.0,46.151142,14.474522
2026-05-05 08:00:00+00:00,129,2,465.0,18.3,0.0,46.010544,14.571429
2026-05-05 08:00:00+00:00,177,2,492.0,14.0,0.0,45.65905,14.88189
2026-05-05 08:00:00+00:00,194,2,580.0,19.7,0.0,46.502636,15.024076
2026-05-05 08:00:00+00:00,236,2,513.0,19.4,0.0,45.79965,15.213271
2026-05-05 08:00:00+00:00,325,2,586.0,21.8,0.0,46.572933,15.62701
2026-05-05 08:00:00+00:00,391,2,594.0,20.6,0.0,46.71353,16.112904
2026-05-05 08:00:00+00:00,422,2,569.0,20.1,0.0,46.22144,15.21531
2026-05-05 08:00:00+00:00,425,2,561.0,20.1,0.0,45.940243,15.546751
2026-05-05 08:00:00+00:00,426,2,102.0,16.9,0.0,45.51845,13.704866
2026-05-05 09:00:00+00:00,63,3,648.0,17.7,0.0,46.432335,14.134615
2026-05-05 09:00:00+00:00,76,3,568.0,17.8,0.0,46.291737,14.233227
2026-05-05 09:00:00+00:00,106,3,531.0,19.2,0.0,46.22144,14.354067
2026-05-05 09:00:00+00:00,122,3,530.0,20.5,0.0,46.08084,14.45151
2026-05-05 09:00:00+00:00,127,3,531.0,19.1,0.0,46.151142,14.474522
2026-05-05 09:00:00+00:00,129,3,533.0,19.0,0.0,46.010544,14.571429
2026-05-05 09:00:00+00:00,177,3,552.0,14.3,0.0,45.65905,14.88189
2026-05-05 09:00:00+00:00,194,3,707.0,20.9,0.0,46.502636,15.024076
2026-05-05 09:00:00+00:00,236,3,571.0,19.8,0.0,45.79965,15.213271
2026-05-05 09:00:00+00:00,325,3,718.0,22.5,0.0,46.572933,15.62701
2026-05-05 09:00:00+00:00,391,3,718.0,21.8,0.0,46.71353,16.112904
2026-05-05 09:00:00+00:00,422,3,688.0,21.2,0.0,46.22144,15.21531
2026-05-05 09:00:00+00:00,425,3,663.0,21.3,0.0,45.940243,15.546751
2026-05-05 09:00:00+00:00,426,3,167.0,16.9,0.0,45.51845,13.704866
2026-05-05 12:00:00+00:00,63,6,548.0,17.1,0.0,46.432335,14.134615
2026-05-05 12:00:00+00:00,76,6,532.0,17.8,0.0,46.291737,14.233227
2026-05-05 12:00:00+00:00,106,6,520.0,19.1,0.0,46.22144,14.354067
2026-05-05 12:00:00+00:00,122,6,463.0,19.7,0.0,46.08084,14.45151
2026-05-05 12:00:00+00:00,127,6,484.0,18.5,0.0,46.151142,14.474522
2026-05-05 12:00:00+00:00,129,6,429.0,18.6,0.0,46.010544,14.571429
2026-05-05 12:00:00+00:00,177,6,555.0,14.2,0.0,45.65905,14.88189
2026-05-05 12:00:00+00:00,194,6,500.0,19.2,0.0,46.502636,15.024076
2026-05-05 12:00:00+00:00,236,6,222.0,18.4,0.0,45.79965,15.213271
2026-05-05 12:00:00+00:00,325,6,731.0,22.1,0.0,46.572933,15.62701
2026-05-05 12:00:00+00:00,391,6,805.0,23.3,0.0,46.71353,16.112904
2026-05-05 12:00:00+00:00,422,6,449.0,19.5,0.0,46.22144,15.21531
2026-05-05 12:00:00+00:00,425,6,195.0,18.2,0.1,45.940243,15.546751
2026-05-05 12:00:00+00:00,426,6,166.0,17.2,0.2,45.51845,13.704866
2026-05-05 13:00:00+00:00,63,1,446.0,16.0,0.1,46.432335,14.134615
2026-05-05 13:00:00+00:00,76,1,241.0,15.3,0.0,46.291737,14.233227
2026-05-05 13:00:00+00:00,106,1,229.0,16.4,0.0,46.22144,14.354067
2026-05-05 13:00:00+00:00,122,1,414.0,18.8,0.0,46.08084,14.45151
2026-05-05 13:00:00+00:00,127,1,338.0,16.9,0.1,46.151142,14.474522
2026-05-05 13:00:00+00:00,129,1,527.0,18.4,0.0,46.010544,14.571429
2026-05-05 13:00:00+00:00,177,1,465.0,13.4,0.0,45.65905,14.88189
2026-05-05 13:00:00+00:00,194,1,297.0,18.2,0.0,46.502636,15.024076
2026-05-05 13:00:00+00:00,236,1,297.0,18.5,0.0,45.79965,15.213271
2026-05-05 13:00:00+00:00,325,1,430.0,20.5,0.0,46.572933,15.62701
2026-05-05 13:00:00+00:00,391,1,526.0,20.3,0.0,46.71353,16.112904
2026-05-05 13:00:00+00:00,422,1,442.0,19.6,0.0,46.22144,15.21531
2026-05-05 13:00:00+00:00,425,1,192.0,18.0,0.0,45.940243,15.546751
2026-05-05 13:00:00+00:00,426,1,323.0,17.6,0.1,45.51845,13.704866
2026-05-05 14:00:00+00:00,63,2,396.0,15.4,0.0,46.432335,14.134615
2026-05-05 14:00:00+00:00,76,2,219.0,14.6,0.0,46.291737,14.233227
2026-05-05 14:00:00+00:00,106,2,162.0,15.8,0.0,46.22144,14.354067
2026-05-05 14:00:00+00:00,122,2,221.0,17.8,0.0,46.08084,14.45151
2026-05-05 14:00:00+00:00,127,2,186.0,16.2,0.0,46.151142,14.474522
2026-05-05 14:00:00+00:00,129,2,221.0,17.4,0.0,46.010544,14.571429
2026-05-05 14:00:00+00:00,177,2,398.0,12.5,0.0,45.65905,14.88189
2026-05-05 14:00:00+00:00,194,2,414.0,18.3,0.0,46.502636,15.024076
2026-05-05 14:00:00+00:00,236,2,486.0,19.0,0.0,45.79965,15.213271
2026-05-05 14:00:00+00:00,325,2,256.0,19.9,0.0,46.572933,15.62701
2026-05-05 14:00:00+00:00,391,2,265.0,20.1,0.0,46.71353,16.112904
2026-05-05 14:00:00+00:00,422,2,502.0,20.2,0.0,46.22144,15.21531
2026-05-05 14:00:00+00:00,425,2,459.0,20.0,0.0,45.940243,15.546751
2026-05-05 14:00:00+00:00,426,2,116.0,16.6,0.4,45.51845,13.704866
2026-05-05 15:00:00+00:00,63,3,166.0,14.1,0.1,46.432335,14.134615
2026-05-05 15:00:00+00:00,76,3,115.0,13.8,0.3,46.291737,14.233227
2026-05-05 15:00:00+00:00,106,3,113.0,15.3,0.1,46.22144,14.354067
2026-05-05 15:00:00+00:00,122,3,140.0,17.2,0.0,46.08084,14.45151
2026-05-05 15:00:00+00:00,127,3,128.0,15.8,0.0,46.151142,14.474522
2026-05-05 15:00:00+00:00,129,3,171.0,17.1,0.0,46.010544,14.571429
2026-05-05 15:00:00+00:00,177,3,354.0,12.0,0.0,45.65905,14.88189
2026-05-05 15:00:00+00:00,194,3,300.0,17.3,0.0,46.502636,15.024076
2026-05-05 15:00:00+00:00,236,3,326.0,18.0,0.0,45.79965,15.213271
2026-05-05 15:00:00+00:00,325,3,371.0,20.2,0.0,46.572933,15.62701
2026-05-05 15:00:00+00:00,391,3,420.0,20.0,0.0,46.71353,16.112904
2026-05-05 15:00:00+00:00,422,3,352.0,19.1,0.0,46.22144,15.21531
2026-05-05 15:00:00+00:00,425,3,330.0,19.3,0.0,45.940243,15.546751
2026-05-05 15:00:00+00:00,426,3,100.0,15.9,0.4,45.51845,13.704866
2026-05-05 18:00:00+00:00,63,6,24.0,12.3,0.0,46.432335,14.134615
2026-05-05 18:00:00+00:00,76,6,17.0,12.4,0.1,46.291737,14.233227
2026-05-05 18:00:00+00:00,106,6,18.0,13.7,0.1,46.22144,14.354067
2026-05-05 18:00:00+00:00,122,6,13.0,14.8,0.2,46.08084,14.45151
2026-05-05 18:00:00+00:00,127,6,16.0,13.7,0.1,46.151142,14.474522
2026-05-05 18:00:00+00:00,129,6,12.0,14.3,0.0,46.010544,14.571429
2026-05-05 18:00:00+00:00,177,6,47.0,9.6,0.0,45.65905,14.88189
2026-05-05 18:00:00+00:00,194,6,39.0,14.4,0.0,46.502636,15.024076
2026-05-05 18:00:00+00:00,236,6,48.0,14.5,0.0,45.79965,15.213271
2026-05-05 18:00:00+00:00,325,6,53.0,16.7,0.0,46.572933,15.62701
2026-05-05 18:00:00+00:00,391,6,51.0,17.2,0.0,46.71353,16.112904
2026-05-05 18:00:00+00:00,422,6,34.0,16.1,0.0,46.22144,15.21531
2026-05-05 18:00:00+00:00,425,6,51.0,15.7,0.0,45.940243,15.546751
2026-05-05 18:00:00+00:00,426,6,32.0,15.5,0.2,45.51845,13.704866
2026-05-05 19:00:00+00:00,63,1,1.0,11.3,0.0,46.432335,14.134615
2026-05-05 19:00:00+00:00,76,1,0.0,11.8,0.1,46.291737,14.233227
2026-05-05 19:00:00+00:00,106,1,0.0,13.2,0.1,46.22144,14.354067
2026-05-05 19:00:00+00:00,122,1,0.0,14.2,0.1,46.08084,14.45151
2026-05-05 19:00:00+00:00,127,1,0.0,13.1,0.1,46.151142,14.474522
2026-05-05 19:00:00+00:00,129,1,0.0,13.8,0.0,46.010544,14.571429
2026-05-05 19:00:00+00:00,177,1,0.0,9.0,0.0,45.65905,14.88189
2026-05-05 19:00:00+00:00,194,1,1.0,13.3,0.0,46.502636,15.024076
2026-05-05 19:00:00+00:00,236,1,0.0,13.5,0.0,45.79965,15.213271
2026-05-05 19:00:00+00:00,325,1,0.0,15.4,0.0,46.572933,15.62701
2026-05-05 19:00:00+00:00,391,1,0.0,16.0,0.0,46.71353,16.112904
2026-05-05 19:00:00+00:00,422,1,0.0,15.2,0.0,46.22144,15.21531
2026-05-05 19:00:00+00:00,425,1,0.0,14.7,0.0,45.940243,15.546751
2026-05-05 19:00:00+00:00,426,1,1.0,13.9,2.7,45.51845,13.704866
2026-05-05 20:00:00+00:00,63,2,0.0,11.6,0.0,46.432335,14.134615
2026-05-05 20:00:00+00:00,76,2,0.0,11.7,0.1,46.291737,14.233227
2026-05-05 20:00:00+00:00,106,2,0.0,13.0,0.1,46.22144,14.354067
2026-05-05 20:00:00+00:00,122,2,0.0,13.7,0.0,46.08084,14.45151
2026-05-05 20:00:00+00:00,127,2,0.0,12.9,0.0,46.151142,14.474522
2026-05-05 20:00:00+00:00,129,2,0.0,13.1,0.0,46.010544,14.571429
2026-05-05 20:00:00+00:00,177,2,0.0,8.8,0.0,45.65905,14.88189
2026-05-05 20:00:00+00:00,194,2,0.0,13.1,0.0,46.502636,15.024076
2026-05-05 20:00:00+00:00,236,2,0.0,12.9,0.0,45.79965,15.213271
2026-05-05 20:00:00+00:00,325,2,0.0,15.3,0.0,46.572933,15.62701
2026-05-05 20:00:00+00:00,391,2,0.0,15.2,0.0,46.71353,16.112904
2026-05-05 20:00:00+00:00,422,2,0.0,14.6,0.0,46.22144,15.21531
2026-05-05 20:00:00+00:00,425,2,0.0,13.6,0.0,45.940243,15.546751
2026-05-05 20:00:00+00:00,426,2,0.0,13.8,5.2,45.51845,13.704866
2026-05-05 21:00:00+00:00,63,3,0.0,11.3,0.1,46.432335,14.134615
2026-05-05 21:00:00+00:00,76,3,0.0,11.4,0.2,46.291737,14.233227
2026-05-05 21:00:00+00:00,106,3,0.0,12.6,0.1,46.22144,14.354067
2026-05-05 21:00:00+00:00,122,3,0.0,13.7,0.0,46.08084,14.45151
2026-05-05 21:00:00+00:00,127,3,0.0,12.7,0.0,46.151142,14.474522
2026-05-05 21:00:00+00:00,129,3,0.0,12.9,0.0,46.010544,14.571429
2026-05-05 21:00:00+00:00,177,3,0.0,9.1,0.0,45.65905,14.88189
2026-05-05 21:00:00+00:00,194,3,0.0,13.0,0.0,46.502636,15.024076
2026-05-05 21:00:00+00:00,236,3,0.0,12.7,0.0,45.79965,15.213271
2026-05-05 21:00:00+00:00,325,3,0.0,15.0,0.0,46.572933,15.62701
2026-05-05 21:00:00+00:00,391,3,0.0,15.0,0.0,46.71353,16.112904
2026-05-05 21:00:00+00:00,422,3,0.0,14.4,0.0,46.22144,15.21531
2026-05-05 21:00:00+00:00,425,3,0.0,13.2,0.0,45.940243,15.546751
2026-05-05 21:00:00+00:00,426,3,0.0,13.7,2.1,45.51845,13.704866
2026-05-06 00:00:00+00:00,63,6,0.0,11.3,0.0,46.432335,14.134615
2026-05-06 00:00:00+00:00,63,24,0.0,11.3,0.0,46.432335,14.134615
2026-05-06 00:00:00+00:00,76,6,0.0,11.2,0.1,46.291737,14.233227
2026-05-06 00:00:00+00:00,76,24,0.0,11.1,0.0,46.291737,14.233227
2026-05-06 00:00:00+00:00,106,6,0.0,12.5,0.0,46.22144,14.354067
2026-05-06 00:00:00+00:00,106,24,0.0,12.6,0.0,46.22144,14.354067
2026-05-06 00:00:00+00:00,122,6,0.0,13.5,0.0,46.08084,14.45151
2026-05-06 00:00:00+00:00,122,24,0.0,14.0,0.0,46.08084,14.45151
2026-05-06 00:00:00+00:00,127,6,0.0,12.3,0.0,46.151142,14.474522
2026-05-06 00:00:00+00:00,127,24,0.0,12.6,0.0,46.151142,14.474522
2026-05-06 00:00:00+00:00,129,6,0.0,12.3,0.0,46.010544,14.571429
2026-05-06 00:00:00+00:00,129,24,0.0,13.3,0.0,46.010544,14.571429
2026-05-06 00:00:00+00:00,177,6,0.0,8.8,0.0,45.65905,14.88189
2026-05-06 00:00:00+00:00,177,24,0.0,8.6,0.0,45.65905,14.88189
2026-05-06 00:00:00+00:00,194,6,0.0,11.5,0.0,46.502636,15.024076
2026-05-06 00:00:00+00:00,194,24,0.0,12.0,0.0,46.502636,15.024076
2026-05-06 00:00:00+00:00,236,6,0.0,11.8,0.0,45.79965,15.213271
2026-05-06 00:00:00+00:00,236,24,0.0,10.2,0.0,45.79965,15.213271
2026-05-06 00:00:00+00:00,325,6,0.0,14.2,0.0,46.572933,15.62701
2026-05-06 00:00:00+00:00,325,24,0.0,12.7,0.0,46.572933,15.62701
2026-05-06 00:00:00+00:00,391,6,0.0,14.4,0.0,46.71353,16.112904
2026-05-06 00:00:00+00:00,391,24,0.0,14.2,0.0,46.71353,16.112904
2026-05-06 00:00:00+00:00,422,6,0.0,13.9,0.0,46.22144,15.21531
2026-05-06 00:00:00+00:00,422,24,0.0,13.8,0.0,46.22144,15.21531
2026-05-06 00:00:00+00:00,425,6,0.0,11.5,0.0,45.940243,15.546751
2026-05-06 00:00:00+00:00,425,24,0.0,10.6,0.0,45.940243,15.546751
2026-05-06 00:00:00+00:00,426,6,0.0,14.0,2.7,45.51845,13.704866
2026-05-06 00:00:00+00:00,426,24,0.0,13.4,0.0,45.51845,13.704866
2026-05-06 06:00:00+00:00,63,24,56.0,11.9,0.0,46.432335,14.134615
2026-05-06 06:00:00+00:00,76,24,41.0,11.8,0.2,46.291737,14.233227
2026-05-06 06:00:00+00:00,106,24,31.0,12.7,0.3,46.22144,14.354067
2026-05-06 06:00:00+00:00,122,24,40.0,14.0,0.0,46.08084,14.45151
2026-05-06 06:00:00+00:00,127,24,30.0,12.5,0.1,46.151142,14.474522
2026-05-06 06:00:00+00:00,129,24,73.0,13.2,0.0,46.010544,14.571429
2026-05-06 06:00:00+00:00,177,24,51.0,10.4,0.0,45.65905,14.88189
2026-05-06 06:00:00+00:00,194,24,130.0,13.2,0.0,46.502636,15.024076
2026-05-06 06:00:00+00:00,236,24,158.0,14.6,0.0,45.79965,15.213271
2026-05-06 06:00:00+00:00,325,24,225.0,16.3,0.0,46.572933,15.62701
2026-05-06 06:00:00+00:00,391,24,242.0,16.1,0.0,46.71353,16.112904
2026-05-06 06:00:00+00:00,422,24,88.0,15.6,0.0,46.22144,15.21531
2026-05-06 06:00:00+00:00,425,24,201.0,14.0,0.0,45.940243,15.546751
2026-05-06 06:00:00+00:00,426,24,81.0,15.5,0.1,45.51845,13.704866
2026-05-06 12:00:00+00:00,63,24,213.0,14.2,0.5,46.432335,14.134615
2026-05-06 12:00:00+00:00,76,24,310.0,15.2,0.1,46.291737,14.233227
2026-05-06 12:00:00+00:00,106,24,482.0,17.9,0.0,46.22144,14.354067
2026-05-06 12:00:00+00:00,122,24,632.0,20.2,0.1,46.08084,14.45151
2026-05-06 12:00:00+00:00,127,24,606.0,18.7,0.1,46.151142,14.474522
2026-05-06 12:00:00+00:00,129,24,638.0,19.8,0.1,46.010544,14.571429
2026-05-06 12:00:00+00:00,177,24,527.0,14.1,0.0,45.65905,14.88189
2026-05-06 12:00:00+00:00,194,24,695.0,19.3,0.1,46.502636,15.024076
2026-05-06 12:00:00+00:00,236,24,668.0,20.7,0.0,45.79965,15.213271
2026-05-06 12:00:00+00:00,325,24,656.0,21.5,0.0,46.572933,15.62701
2026-05-06 12:00:00+00:00,391,24,733.0,22.1,0.3,46.71353,16.112904
2026-05-06 12:00:00+00:00,422,24,578.0,21.6,0.0,46.22144,15.21531
2026-05-06 12:00:00+00:00,425,24,672.0,22.0,0.0,45.940243,15.546751
2026-05-06 12:00:00+00:00,426,24,765.0,21.1,0.1,45.51845,13.704866
2026-05-06 18:00:00+00:00,63,24,38.0,13.1,0.1,46.432335,14.134615
2026-05-06 18:00:00+00:00,76,24,39.0,13.2,0.3,46.291737,14.233227
2026-05-06 18:00:00+00:00,106,24,35.0,14.5,0.8,46.22144,14.354067
2026-05-06 18:00:00+00:00,122,24,34.0,16.3,0.2,46.08084,14.45151
2026-05-06 18:00:00+00:00,127,24,32.0,14.6,0.3,46.151142,14.474522
2026-05-06 18:00:00+00:00,129,24,42.0,16.3,0.1,46.010544,14.571429
2026-05-06 18:00:00+00:00,177,24,32.0,11.5,0.0,45.65905,14.88189
2026-05-06 18:00:00+00:00,194,24,57.0,15.8,0.1,46.502636,15.024076
2026-05-06 18:00:00+00:00,236,24,49.0,16.6,0.0,45.79965,15.213271
2026-05-06 18:00:00+00:00,325,24,54.0,17.7,0.0,46.572933,15.62701
2026-05-06 18:00:00+00:00,391,24,51.0,18.8,0.0,46.71353,16.112904
2026-05-06 18:00:00+00:00,422,24,49.0,17.3,0.0,46.22144,15.21531
2026-05-06 18:00:00+00:00,425,24,51.0,17.7,0.0,45.940243,15.546751
2026-05-06 18:00:00+00:00,426,24,47.0,16.8,0.0,45.51845,13.704866
2026-05-06 01:00:00+00:00,63,1,0.0,12.0,0.1,46.432335,14.134615
2026-05-06 01:00:00+00:00,76,1,0.0,11.5,0.1,46.291737,14.233227
2026-05-06 01:00:00+00:00,106,1,0.0,12.3,0.0,46.22144,14.354067
2026-05-06 01:00:00+00:00,122,1,0.0,13.3,0.0,46.08084,14.45151
2026-05-06 01:00:00+00:00,127,1,0.0,12.0,0.0,46.151142,14.474522
2026-05-06 01:00:00+00:00,129,1,0.0,12.5,0.0,46.010544,14.571429
2026-05-06 01:00:00+00:00,177,1,0.0,9.3,0.0,45.65905,14.88189
2026-05-06 01:00:00+00:00,194,1,0.0,11.5,0.0,46.502636,15.024076
2026-05-06 01:00:00+00:00,236,1,0.0,12.6,0.0,45.79965,15.213271
2026-05-06 01:00:00+00:00,325,1,0.0,13.0,0.0,46.572933,15.62701
2026-05-06 01:00:00+00:00,391,1,0.0,14.2,0.0,46.71353,16.112904
2026-05-06 01:00:00+00:00,422,1,0.0,14.2,0.0,46.22144,15.21531
2026-05-06 01:00:00+00:00,425,1,0.0,12.1,0.0,45.940243,15.546751
2026-05-06 01:00:00+00:00,426,1,0.0,14.2,0.0,45.51845,13.704866
2026-05-06 02:00:00+00:00,63,2,0.0,11.9,0.1,46.432335,14.134615
2026-05-06 02:00:00+00:00,76,2,0.0,11.4,0.1,46.291737,14.233227
2026-05-06 02:00:00+00:00,106,2,0.0,12.2,0.1,46.22144,14.354067
2026-05-06 02:00:00+00:00,122,2,0.0,13.2,0.1,46.08084,14.45151
2026-05-06 02:00:00+00:00,127,2,0.0,11.4,0.1,46.151142,14.474522
2026-05-06 02:00:00+00:00,129,2,0.0,12.8,0.0,46.010544,14.571429
2026-05-06 02:00:00+00:00,177,2,0.0,8.9,0.0,45.65905,14.88189
2026-05-06 02:00:00+00:00,194,2,0.0,11.0,0.0,46.502636,15.024076
2026-05-06 02:00:00+00:00,236,2,0.0,11.4,0.0,45.79965,15.213271
2026-05-06 02:00:00+00:00,325,2,0.0,12.4,0.0,46.572933,15.62701
2026-05-06 02:00:00+00:00,391,2,0.0,13.7,0.0,46.71353,16.112904
2026-05-06 02:00:00+00:00,422,2,0.0,14.2,0.0,46.22144,15.21531
2026-05-06 02:00:00+00:00,425,2,0.0,12.1,0.0,45.940243,15.546751
2026-05-06 02:00:00+00:00,426,2,0.0,14.3,0.0,45.51845,13.704866
2026-05-06 03:00:00+00:00,63,3,0.0,11.6,0.1,46.432335,14.134615
2026-05-06 03:00:00+00:00,76,3,0.0,11.3,0.1,46.291737,14.233227
2026-05-06 03:00:00+00:00,106,3,0.0,12.0,0.0,46.22144,14.354067
2026-05-06 03:00:00+00:00,122,3,0.0,13.4,0.1,46.08084,14.45151
2026-05-06 03:00:00+00:00,127,3,0.0,11.7,0.1,46.151142,14.474522
2026-05-06 03:00:00+00:00,129,3,0.0,12.4,0.0,46.010544,14.571429
2026-05-06 03:00:00+00:00,177,3,0.0,8.9,0.0,45.65905,14.88189
2026-05-06 03:00:00+00:00,194,3,0.0,10.6,0.0,46.502636,15.024076
2026-05-06 03:00:00+00:00,236,3,0.0,10.4,0.0,45.79965,15.213271
2026-05-06 03:00:00+00:00,325,3,0.0,12.4,0.0,46.572933,15.62701
2026-05-06 03:00:00+00:00,391,3,0.0,13.3,0.0,46.71353,16.112904
2026-05-06 03:00:00+00:00,422,3,0.0,13.9,0.0,46.22144,15.21531
2026-05-06 03:00:00+00:00,425,3,0.0,11.3,0.0,45.940243,15.546751
2026-05-06 03:00:00+00:00,426,3,0.0,14.3,0.0,45.51845,13.704866
2026-05-06 06:00:00+00:00,63,6,79.0,12.3,0.0,46.432335,14.134615
2026-05-06 06:00:00+00:00,76,6,55.0,11.9,0.1,46.291737,14.233227
2026-05-06 06:00:00+00:00,106,6,58.0,12.9,0.1,46.22144,14.354067
2026-05-06 06:00:00+00:00,122,6,62.0,14.5,0.0,46.08084,14.45151
2026-05-06 06:00:00+00:00,127,6,63.0,13.2,0.0,46.151142,14.474522
2026-05-06 06:00:00+00:00,129,6,91.0,14.6,0.2,46.010544,14.571429
2026-05-06 06:00:00+00:00,177,6,132.0,11.2,0.0,45.65905,14.88189
2026-05-06 06:00:00+00:00,194,6,214.0,14.7,0.0,46.502636,15.024076
2026-05-06 06:00:00+00:00,236,6,171.0,14.7,0.0,45.79965,15.213271
2026-05-06 06:00:00+00:00,325,6,228.0,16.7,0.0,46.572933,15.62701
2026-05-06 06:00:00+00:00,391,6,236.0,16.3,0.0,46.71353,16.112904
2026-05-06 06:00:00+00:00,422,6,169.0,16.3,0.0,46.22144,15.21531
2026-05-06 06:00:00+00:00,425,6,212.0,15.0,0.0,45.940243,15.546751
2026-05-06 06:00:00+00:00,426,6,76.0,14.8,6.7,45.51845,13.704866
2026-05-06 07:00:00+00:00,63,1,143.0,13.0,0.1,46.432335,14.134615
2026-05-06 07:00:00+00:00,76,1,151.0,12.5,0.5,46.291737,14.233227
2026-05-06 07:00:00+00:00,106,1,194.0,14.1,0.2,46.22144,14.354067
2026-05-06 07:00:00+00:00,122,1,267.0,16.8,0.1,46.08084,14.45151
2026-05-06 07:00:00+00:00,127,1,242.0,14.7,0.1,46.151142,14.474522
2026-05-06 07:00:00+00:00,129,1,305.0,16.7,0.2,46.010544,14.571429
2026-05-06 07:00:00+00:00,177,1,284.0,12.3,0.0,45.65905,14.88189
2026-05-06 07:00:00+00:00,194,1,379.0,16.7,0.0,46.502636,15.024076
2026-05-06 07:00:00+00:00,236,1,393.0,17.3,0.0,45.79965,15.213271
2026-05-06 07:00:00+00:00,325,1,406.0,18.6,0.0,46.572933,15.62701
2026-05-06 07:00:00+00:00,391,1,415.0,18.3,0.0,46.71353,16.112904
2026-05-06 07:00:00+00:00,422,1,299.0,17.8,0.0,46.22144,15.21531
2026-05-06 07:00:00+00:00,425,1,398.0,17.6,0.0,45.940243,15.546751
2026-05-06 07:00:00+00:00,426,1,91.0,15.1,2.6,45.51845,13.704866
2026-05-06 08:00:00+00:00,63,2,104.0,12.8,0.3,46.432335,14.134615
2026-05-06 08:00:00+00:00,76,2,207.0,13.2,0.4,46.291737,14.233227
2026-05-06 08:00:00+00:00,106,2,271.0,15.1,0.3,46.22144,14.354067
2026-05-06 08:00:00+00:00,122,2,326.0,17.0,0.2,46.08084,14.45151
2026-05-06 08:00:00+00:00,127,2,310.0,15.5,0.2,46.151142,14.474522
2026-05-06 08:00:00+00:00,129,2,359.0,17.2,0.2,46.010544,14.571429
2026-05-06 08:00:00+00:00,177,2,371.0,13.0,0.1,45.65905,14.88189
2026-05-06 08:00:00+00:00,194,2,525.0,18.5,0.0,46.502636,15.024076
2026-05-06 08:00:00+00:00,236,2,538.0,19.3,0.0,45.79965,15.213271
2026-05-06 08:00:00+00:00,325,2,556.0,20.4,0.0,46.572933,15.62701
2026-05-06 08:00:00+00:00,391,2,578.0,19.6,0.0,46.71353,16.112904
2026-05-06 08:00:00+00:00,422,2,469.0,19.4,0.0,46.22144,15.21531
2026-05-06 08:00:00+00:00,425,2,572.0,19.4,0.0,45.940243,15.546751
2026-05-06 08:00:00+00:00,426,2,46.0,14.4,3.6,45.51845,13.704866
2026-05-06 09:00:00+00:00,63,3,288.0,13.6,1.4,46.432335,14.134615
2026-05-06 09:00:00+00:00,76,3,178.0,13.1,1.5,46.291737,14.233227
2026-05-06 09:00:00+00:00,106,3,136.0,14.1,2.0,46.22144,14.354067
2026-05-06 09:00:00+00:00,122,3,126.0,14.8,2.7,46.08084,14.45151
2026-05-06 09:00:00+00:00,127,3,134.0,14.1,1.2,46.151142,14.474522
2026-05-06 09:00:00+00:00,129,3,156.0,15.4,1.0,46.010544,14.571429
2026-05-06 09:00:00+00:00,177,3,309.0,12.7,0.1,45.65905,14.88189
2026-05-06 09:00:00+00:00,194,3,510.0,18.6,0.0,46.502636,15.024076
2026-05-06 09:00:00+00:00,236,3,564.0,19.5,0.0,45.79965,15.213271
2026-05-06 09:00:00+00:00,325,3,698.0,21.7,0.0,46.572933,15.62701
2026-05-06 09:00:00+00:00,391,3,712.0,21.0,0.0,46.71353,16.112904
2026-05-06 09:00:00+00:00,422,3,451.0,19.4,0.0,46.22144,15.21531
2026-05-06 09:00:00+00:00,425,3,720.0,21.1,0.0,45.940243,15.546751
2026-05-06 09:00:00+00:00,426,3,97.0,15.0,1.0,45.51845,13.704866
2026-05-06 12:00:00+00:00,63,6,177.0,14.2,0.3,46.432335,14.134615
2026-05-06 12:00:00+00:00,76,6,305.0,14.4,4.3,46.291737,14.233227
2026-05-06 12:00:00+00:00,106,6,407.0,15.7,0.2,46.22144,14.354067
2026-05-06 12:00:00+00:00,122,6,399.0,17.8,0.1,46.08084,14.45151
2026-05-06 12:00:00+00:00,127,6,433.0,16.2,0.1,46.151142,14.474522
2026-05-06 12:00:00+00:00,129,6,428.0,17.5,0.2,46.010544,14.571429
2026-05-06 12:00:00+00:00,177,6,544.0,13.9,0.1,45.65905,14.88189
2026-05-06 12:00:00+00:00,194,6,414.0,16.9,0.1,46.502636,15.024076
2026-05-06 12:00:00+00:00,236,6,720.0,21.4,0.0,45.79965,15.213271
2026-05-06 12:00:00+00:00,325,6,408.0,20.1,0.0,46.572933,15.62701
2026-05-06 12:00:00+00:00,391,6,656.0,21.2,0.1,46.71353,16.112904
2026-05-06 12:00:00+00:00,422,6,564.0,20.9,0.0,46.22144,15.21531
2026-05-06 12:00:00+00:00,425,6,674.0,20.7,0.7,45.940243,15.546751
2026-05-06 12:00:00+00:00,426,6,579.0,20.2,0.1,45.51845,13.704866
2026-05-06 13:00:00+00:00,63,1,205.0,13.5,0.9,46.432335,14.134615
2026-05-06 13:00:00+00:00,76,1,166.0,13.0,1.7,46.291737,14.233227
2026-05-06 13:00:00+00:00,106,1,202.0,14.4,0.5,46.22144,14.354067
2026-05-06 13:00:00+00:00,122,1,280.0,17.3,0.2,46.08084,14.45151
2026-05-06 13:00:00+00:00,127,1,263.0,15.4,1.2,46.151142,14.474522
2026-05-06 13:00:00+00:00,129,1,368.0,18.2,0.1,46.010544,14.571429
2026-05-06 13:00:00+00:00,177,1,471.0,13.5,0.1,45.65905,14.88189
2026-05-06 13:00:00+00:00,194,1,262.0,16.4,0.2,46.502636,15.024076
2026-05-06 13:00:00+00:00,236,1,689.0,19.9,0.0,45.79965,15.213271
2026-05-06 13:00:00+00:00,325,1,575.0,20.1,0.0,46.572933,15.62701
2026-05-06 13:00:00+00:00,391,1,644.0,21.1,0.0,46.71353,16.112904
2026-05-06 13:00:00+00:00,422,1,436.0,19.5,0.0,46.22144,15.21531
2026-05-06 13:00:00+00:00,425,1,468.0,19.6,0.2,45.940243,15.546751
2026-05-06 13:00:00+00:00,426,1,464.0,17.8,0.1,45.51845,13.704866
2026-05-06 14:00:00+00:00,63,2,155.0,13.6,0.2,46.432335,14.134615
2026-05-06 14:00:00+00:00,76,2,209.0,13.7,1.7,46.291737,14.233227
2026-05-06 14:00:00+00:00,106,2,308.0,15.7,0.1,46.22144,14.354067
2026-05-06 14:00:00+00:00,122,2,463.0,18.1,0.1,46.08084,14.45151
2026-05-06 14:00:00+00:00,127,2,409.0,16.7,0.2,46.151142,14.474522
2026-05-06 14:00:00+00:00,129,2,498.0,18.2,0.1,46.010544,14.571429
2026-05-06 14:00:00+00:00,177,2,384.0,12.8,0.1,45.65905,14.88189
2026-05-06 14:00:00+00:00,194,2,262.0,16.6,0.2,46.502636,15.024076
2026-05-06 14:00:00+00:00,236,2,583.0,19.6,0.1,45.79965,15.213271
2026-05-06 14:00:00+00:00,325,2,476.0,20.0,0.0,46.572933,15.62701
2026-05-06 14:00:00+00:00,391,2,628.0,21.0,0.0,46.71353,16.112904
2026-05-06 14:00:00+00:00,422,2,356.0,19.8,0.0,46.22144,15.21531
2026-05-06 14:00:00+00:00,425,2,564.0,20.9,0.0,45.940243,15.546751
2026-05-06 14:00:00+00:00,426,2,442.0,19.1,0.0,45.51845,13.704866
2026-05-06 15:00:00+00:00,63,3,156.0,13.8,0.2,46.432335,14.134615
2026-05-06 15:00:00+00:00,76,3,206.0,14.0,1.5,46.291737,14.233227
2026-05-06 15:00:00+00:00,106,3,324.0,15.8,0.1,46.22144,14.354067
2026-05-06 15:00:00+00:00,122,3,468.0,18.1,0.2,46.08084,14.45151
2026-05-06 15:00:00+00:00,127,3,434.0,16.7,0.2,46.151142,14.474522
2026-05-06 15:00:00+00:00,129,3,480.0,17.7,0.1,46.010544,14.571429
2026-05-06 15:00:00+00:00,177,3,275.0,12.7,0.1,45.65905,14.88189
2026-05-06 15:00:00+00:00,194,3,248.0,16.7,0.2,46.502636,15.024076
2026-05-06 15:00:00+00:00,236,3,482.0,19.1,0.0,45.79965,15.213271
2026-05-06 15:00:00+00:00,325,3,337.0,19.7,0.0,46.572933,15.62701
2026-05-06 15:00:00+00:00,391,3,504.0,21.0,0.0,46.71353,16.112904
2026-05-06 15:00:00+00:00,422,3,397.0,20.0,0.0,46.22144,15.21531
2026-05-06 15:00:00+00:00,425,3,321.0,20.2,0.0,45.940243,15.546751
2026-05-06 15:00:00+00:00,426,3,508.0,19.3,0.0,45.51845,13.704866
2026-05-06 18:00:00+00:00,63,6,35.0,12.1,0.3,46.432335,14.134615
2026-05-06 18:00:00+00:00,76,6,41.0,12.1,0.8,46.291737,14.233227
2026-05-06 18:00:00+00:00,106,6,47.0,13.8,0.1,46.22144,14.354067
2026-05-06 18:00:00+00:00,122,6,53.0,15.9,0.0,46.08084,14.45151
2026-05-06 18:00:00+00:00,127,6,50.0,14.0,0.0,46.151142,14.474522
2026-05-06 18:00:00+00:00,129,6,56.0,15.6,0.0,46.010544,14.571429
2026-05-06 18:00:00+00:00,177,6,40.0,11.4,0.1,45.65905,14.88189
2026-05-06 18:00:00+00:00,194,6,55.0,14.4,0.0,46.502636,15.024076
2026-05-06 18:00:00+00:00,236,6,52.0,16.1,0.0,45.79965,15.213271
2026-05-06 18:00:00+00:00,325,6,46.0,17.6,0.0,46.572933,15.62701
2026-05-06 18:00:00+00:00,391,6,44.0,18.4,0.0,46.71353,16.112904
2026-05-06 18:00:00+00:00,422,6,51.0,16.6,0.1,46.22144,15.21531
2026-05-06 18:00:00+00:00,425,6,52.0,16.8,0.0,45.940243,15.546751
2026-05-06 18:00:00+00:00,426,6,62.0,17.1,0.0,45.51845,13.704866
2026-05-06 19:00:00+00:00,63,1,1.0,11.8,0.2,46.432335,14.134615
2026-05-06 19:00:00+00:00,76,1,1.0,11.7,0.4,46.291737,14.233227
2026-05-06 19:00:00+00:00,106,1,1.0,13.0,0.7,46.22144,14.354067
2026-05-06 19:00:00+00:00,122,1,1.0,14.6,0.1,46.08084,14.45151
2026-05-06 19:00:00+00:00,127,1,1.0,12.6,0.3,46.151142,14.474522
2026-05-06 19:00:00+00:00,129,1,1.0,14.5,0.0,46.010544,14.571429
2026-05-06 19:00:00+00:00,177,1,0.0,10.6,0.3,45.65905,14.88189
2026-05-06 19:00:00+00:00,194,1,1.0,13.2,0.0,46.502636,15.024076
2026-05-06 19:00:00+00:00,236,1,0.0,14.3,0.0,45.79965,15.213271
2026-05-06 19:00:00+00:00,325,1,1.0,16.3,0.0,46.572933,15.62701
2026-05-06 19:00:00+00:00,391,1,0.0,17.4,0.0,46.71353,16.112904
2026-05-06 19:00:00+00:00,422,1,1.0,15.2,0.0,46.22144,15.21531
2026-05-06 19:00:00+00:00,425,1,0.0,14.8,0.0,45.940243,15.546751
2026-05-06 19:00:00+00:00,426,1,0.0,16.2,0.1,45.51845,13.704866
2026-05-06 20:00:00+00:00,63,2,0.0,11.5,0.4,46.432335,14.134615
2026-05-06 20:00:00+00:00,76,2,0.0,11.7,1.1,46.291737,14.233227
2026-05-06 20:00:00+00:00,106,2,0.0,12.9,0.4,46.22144,14.354067
2026-05-06 20:00:00+00:00,122,2,0.0,14.7,0.2,46.08084,14.45151
2026-05-06 20:00:00+00:00,127,2,0.0,12.8,0.7,46.151142,14.474522
2026-05-06 20:00:00+00:00,129,2,0.0,14.6,0.0,46.010544,14.571429
2026-05-06 20:00:00+00:00,177,2,0.0,10.5,0.3,45.65905,14.88189
2026-05-06 20:00:00+00:00,194,2,0.0,12.8,0.0,46.502636,15.024076
2026-05-06 20:00:00+00:00,236,2,0.0,13.7,0.0,45.79965,15.213271
2026-05-06 20:00:00+00:00,325,2,0.0,15.4,0.0,46.572933,15.62701
2026-05-06 20:00:00+00:00,391,2,0.0,16.7,0.0,46.71353,16.112904
2026-05-06 20:00:00+00:00,422,2,0.0,14.1,0.0,46.22144,15.21531
2026-05-06 20:00:00+00:00,425,2,0.0,13.9,0.0,45.940243,15.546751
2026-05-06 20:00:00+00:00,426,2,0.0,15.9,0.1,45.51845,13.704866
2026-05-06 21:00:00+00:00,63,3,0.0,11.5,1.1,46.432335,14.134615
2026-05-06 21:00:00+00:00,76,3,0.0,11.8,0.4,46.291737,14.233227
2026-05-06 21:00:00+00:00,106,3,0.0,12.8,0.1,46.22144,14.354067
2026-05-06 21:00:00+00:00,122,3,0.0,14.4,0.0,46.08084,14.45151
2026-05-06 21:00:00+00:00,127,3,0.0,12.6,0.7,46.151142,14.474522
2026-05-06 21:00:00+00:00,129,3,0.0,14.3,0.0,46.010544,14.571429
2026-05-06 21:00:00+00:00,177,3,0.0,10.5,0.5,45.65905,14.88189
2026-05-06 21:00:00+00:00,194,3,0.0,12.9,0.0,46.502636,15.024076
2026-05-06 21:00:00+00:00,236,3,0.0,13.9,0.0,45.79965,15.213271
2026-05-06 21:00:00+00:00,325,3,0.0,14.8,0.0,46.572933,15.62701
2026-05-06 21:00:00+00:00,391,3,0.0,16.1,0.0,46.71353,16.112904
2026-05-06 21:00:00+00:00,422,3,0.0,13.7,0.1,46.22144,15.21531
2026-05-06 21:00:00+00:00,425,3,0.0,13.4,0.0,45.940243,15.546751
2026-05-06 21:00:00+00:00,426,3,0.0,15.7,0.0,45.51845,13.704866
2026-05-07 00:00:00+00:00,63,6,0.0,11.4,1.2,46.432335,14.134615
2026-05-07 00:00:00+00:00,63,24,0.0,11.8,0.6,46.432335,14.134615
2026-05-07 00:00:00+00:00,76,6,0.0,11.2,0.4,46.291737,14.233227
2026-05-07 00:00:00+00:00,76,24,0.0,11.5,0.1,46.291737,14.233227
2026-05-07 00:00:00+00:00,106,6,0.0,11.7,0.1,46.22144,14.354067
2026-05-07 00:00:00+00:00,106,24,0.0,12.3,0.0,46.22144,14.354067
2026-05-07 00:00:00+00:00,122,6,0.0,13.2,0.0,46.08084,14.45151
2026-05-07 00:00:00+00:00,122,24,0.0,13.4,0.0,46.08084,14.45151
2026-05-07 00:00:00+00:00,127,6,0.0,11.8,0.0,46.151142,14.474522
2026-05-07 00:00:00+00:00,127,24,0.0,11.7,0.0,46.151142,14.474522
2026-05-07 00:00:00+00:00,129,6,0.0,13.7,0.0,46.010544,14.571429
2026-05-07 00:00:00+00:00,129,24,0.0,13.4,0.0,46.010544,14.571429
2026-05-07 00:00:00+00:00,177,6,0.0,9.1,0.4,45.65905,14.88189
2026-05-07 00:00:00+00:00,177,24,0.0,10.2,0.1,45.65905,14.88189
2026-05-07 00:00:00+00:00,194,6,0.0,11.8,0.0,46.502636,15.024076
2026-05-07 00:00:00+00:00,194,24,0.0,12.7,0.0,46.502636,15.024076
2026-05-07 00:00:00+00:00,236,6,0.0,13.4,0.1,45.79965,15.213271
2026-05-07 00:00:00+00:00,236,24,0.0,14.0,0.0,45.79965,15.213271
2026-05-07 00:00:00+00:00,325,6,0.0,13.6,0.0,46.572933,15.62701
2026-05-07 00:00:00+00:00,325,24,0.0,14.7,0.0,46.572933,15.62701
2026-05-07 00:00:00+00:00,391,6,0.0,15.3,0.0,46.71353,16.112904
2026-05-07 00:00:00+00:00,391,24,0.0,15.5,0.0,46.71353,16.112904
2026-05-07 00:00:00+00:00,422,6,0.0,12.6,0.0,46.22144,15.21531
2026-05-07 00:00:00+00:00,422,24,0.0,12.3,0.0,46.22144,15.21531
2026-05-07 00:00:00+00:00,425,6,0.0,12.2,0.0,45.940243,15.546751
2026-05-07 00:00:00+00:00,425,24,0.0,13.3,0.0,45.940243,15.546751
2026-05-07 00:00:00+00:00,426,6,0.0,15.1,0.0,45.51845,13.704866
2026-05-07 00:00:00+00:00,426,24,0.0,14.6,0.0,45.51845,13.704866
2026-05-07 06:00:00+00:00,63,24,60.0,11.6,0.1,46.432335,14.134615
2026-05-07 06:00:00+00:00,76,24,75.0,11.5,0.0,46.291737,14.233227
2026-05-07 06:00:00+00:00,106,24,99.0,13.0,0.8,46.22144,14.354067
2026-05-07 06:00:00+00:00,122,24,113.0,14.5,0.0,46.08084,14.45151
2026-05-07 06:00:00+00:00,127,24,112.0,13.3,0.0,46.151142,14.474522
2026-05-07 06:00:00+00:00,129,24,109.0,14.3,0.0,46.010544,14.571429
2026-05-07 06:00:00+00:00,177,24,43.0,10.0,0.0,45.65905,14.88189
2026-05-07 06:00:00+00:00,194,24,118.0,13.2,0.0,46.502636,15.024076
2026-05-07 06:00:00+00:00,236,24,28.0,13.0,0.0,45.79965,15.213271
2026-05-07 06:00:00+00:00,325,24,73.0,15.8,0.0,46.572933,15.62701
2026-05-07 06:00:00+00:00,391,24,37.0,15.1,0.0,46.71353,16.112904
2026-05-07 06:00:00+00:00,422,24,83.0,14.5,0.0,46.22144,15.21531
2026-05-07 06:00:00+00:00,425,24,82.0,14.5,0.0,45.940243,15.546751
2026-05-07 06:00:00+00:00,426,24,171.0,15.9,0.0,45.51845,13.704866
2026-05-07 12:00:00+00:00,63,24,827.0,18.2,0.0,46.432335,14.134615
2026-05-07 12:00:00+00:00,76,24,823.0,17.5,0.1,46.291737,14.233227
2026-05-07 12:00:00+00:00,106,24,793.0,18.9,0.1,46.22144,14.354067
2026-05-07 12:00:00+00:00,122,24,666.0,20.2,0.0,46.08084,14.45151
2026-05-07 12:00:00+00:00,127,24,725.0,18.9,0.0,46.151142,14.474522
2026-05-07 12:00:00+00:00,129,24,666.0,19.4,0.0,46.010544,14.571429
2026-05-07 12:00:00+00:00,177,24,684.0,14.8,0.1,45.65905,14.88189
2026-05-07 12:00:00+00:00,194,24,784.0,21.0,0.0,46.502636,15.024076
2026-05-07 12:00:00+00:00,236,24,760.0,20.8,0.1,45.79965,15.213271
2026-05-07 12:00:00+00:00,325,24,810.0,22.7,0.0,46.572933,15.62701
2026-05-07 12:00:00+00:00,391,24,767.0,22.3,0.1,46.71353,16.112904
2026-05-07 12:00:00+00:00,422,24,758.0,22.2,0.0,46.22144,15.21531
2026-05-07 12:00:00+00:00,425,24,591.0,21.5,0.0,45.940243,15.546751
2026-05-07 12:00:00+00:00,426,24,690.0,19.6,0.1,45.51845,13.704866
2026-05-07 18:00:00+00:00,63,24,73.0,13.0,0.0,46.432335,14.134615
2026-05-07 18:00:00+00:00,76,24,73.0,12.3,0.0,46.291737,14.233227
2026-05-07 18:00:00+00:00,106,24,70.0,13.6,0.0,46.22144,14.354067
2026-05-07 18:00:00+00:00,122,24,69.0,16.1,0.0,46.08084,14.45151
2026-05-07 18:00:00+00:00,127,24,68.0,13.8,0.0,46.151142,14.474522
2026-05-07 18:00:00+00:00,129,24,69.0,15.1,0.0,46.010544,14.571429
2026-05-07 18:00:00+00:00,177,24,63.0,10.4,0.0,45.65905,14.88189
2026-05-07 18:00:00+00:00,194,24,68.0,15.1,0.0,46.502636,15.024076
2026-05-07 18:00:00+00:00,236,24,57.0,15.5,0.0,45.79965,15.213271
2026-05-07 18:00:00+00:00,325,24,61.0,18.1,0.0,46.572933,15.62701
2026-05-07 18:00:00+00:00,391,24,56.0,17.2,0.0,46.71353,16.112904
2026-05-07 18:00:00+00:00,422,24,63.0,17.5,0.0,46.22144,15.21531
2026-05-07 18:00:00+00:00,425,24,55.0,16.8,0.0,45.940243,15.546751
2026-05-07 18:00:00+00:00,426,24,70.0,16.1,0.0,45.51845,13.704866
2026-05-07 01:00:00+00:00,63,1,0.0,11.2,0.5,46.432335,14.134615
2026-05-07 01:00:00+00:00,76,1,0.0,10.6,0.1,46.291737,14.233227
2026-05-07 01:00:00+00:00,106,1,0.0,11.2,1.0,46.22144,14.354067
2026-05-07 01:00:00+00:00,122,1,0.0,12.3,0.5,46.08084,14.45151
2026-05-07 01:00:00+00:00,127,1,0.0,10.7,2.8,46.151142,14.474522
2026-05-07 01:00:00+00:00,129,1,0.0,12.1,0.1,46.010544,14.571429
2026-05-07 01:00:00+00:00,177,1,0.0,9.6,0.1,45.65905,14.88189
2026-05-07 01:00:00+00:00,194,1,0.0,11.9,0.0,46.502636,15.024076
2026-05-07 01:00:00+00:00,236,1,0.0,13.5,0.0,45.79965,15.213271
2026-05-07 01:00:00+00:00,325,1,0.0,13.0,0.0,46.572933,15.62701
2026-05-07 01:00:00+00:00,391,1,0.0,14.9,0.0,46.71353,16.112904
2026-05-07 01:00:00+00:00,422,1,0.0,11.7,0.0,46.22144,15.21531
2026-05-07 01:00:00+00:00,425,1,0.0,12.3,0.0,45.940243,15.546751
2026-05-07 01:00:00+00:00,426,1,0.0,15.1,0.0,45.51845,13.704866
2026-05-07 02:00:00+00:00,63,2,0.0,11.2,0.1,46.432335,14.134615
2026-05-07 02:00:00+00:00,76,2,0.0,10.8,0.8,46.291737,14.233227
2026-05-07 02:00:00+00:00,106,2,0.0,11.0,5.6,46.22144,14.354067
2026-05-07 02:00:00+00:00,122,2,0.0,11.9,0.1,46.08084,14.45151
2026-05-07 02:00:00+00:00,127,2,0.0,10.4,2.1,46.151142,14.474522
2026-05-07 02:00:00+00:00,129,2,0.0,12.1,0.0,46.010544,14.571429
2026-05-07 02:00:00+00:00,177,2,0.0,9.2,0.0,45.65905,14.88189
2026-05-07 02:00:00+00:00,194,2,0.0,11.6,0.1,46.502636,15.024076
2026-05-07 02:00:00+00:00,236,2,0.0,13.0,0.0,45.79965,15.213271
2026-05-07 02:00:00+00:00,325,2,0.0,13.0,0.0,46.572933,15.62701
2026-05-07 02:00:00+00:00,391,2,0.0,14.7,0.0,46.71353,16.112904
2026-05-07 02:00:00+00:00,422,2,0.0,11.3,0.0,46.22144,15.21531
2026-05-07 02:00:00+00:00,425,2,0.0,12.5,0.0,45.940243,15.546751
2026-05-07 02:00:00+00:00,426,2,0.0,14.3,0.0,45.51845,13.704866
2026-05-07 03:00:00+00:00,63,3,0.0,10.4,0.0,46.432335,14.134615
2026-05-07 03:00:00+00:00,76,3,0.0,10.3,1.7,46.291737,14.233227
2026-05-07 03:00:00+00:00,106,3,0.0,11.0,1.0,46.22144,14.354067
2026-05-07 03:00:00+00:00,122,3,0.0,11.8,0.1,46.08084,14.45151
2026-05-07 03:00:00+00:00,127,3,0.0,10.5,0.5,46.151142,14.474522
2026-05-07 03:00:00+00:00,129,3,0.0,11.7,0.0,46.010544,14.571429
2026-05-07 03:00:00+00:00,177,3,0.0,9.0,0.0,45.65905,14.88189
2026-05-07 03:00:00+00:00,194,3,0.0,10.5,0.1,46.502636,15.024076
2026-05-07 03:00:00+00:00,236,3,0.0,11.8,0.0,45.79965,15.213271
2026-05-07 03:00:00+00:00,325,3,0.0,13.6,0.0,46.572933,15.62701
2026-05-07 03:00:00+00:00,391,3,0.0,14.7,0.0,46.71353,16.112904
2026-05-07 03:00:00+00:00,422,3,0.0,11.2,0.0,46.22144,15.21531
2026-05-07 03:00:00+00:00,425,3,0.0,11.6,0.0,45.940243,15.546751
2026-05-07 03:00:00+00:00,426,3,0.0,14.3,0.0,45.51845,13.704866
2026-05-07 06:00:00+00:00,63,6,149.0,11.9,0.1,46.432335,14.134615
2026-05-07 06:00:00+00:00,76,6,104.0,11.6,0.1,46.291737,14.233227
2026-05-07 06:00:00+00:00,106,6,83.0,12.2,0.1,46.22144,14.354067
2026-05-07 06:00:00+00:00,122,6,68.0,13.3,0.0,46.08084,14.45151
2026-05-07 06:00:00+00:00,127,6,70.0,12.0,0.1,46.151142,14.474522
2026-05-07 06:00:00+00:00,129,6,58.0,13.1,0.0,46.010544,14.571429
2026-05-07 06:00:00+00:00,177,6,32.0,9.9,0.0,45.65905,14.88189
2026-05-07 06:00:00+00:00,194,6,60.0,12.8,0.0,46.502636,15.024076
2026-05-07 06:00:00+00:00,236,6,60.0,13.5,0.0,45.79965,15.213271
2026-05-07 06:00:00+00:00,325,6,55.0,15.8,0.0,46.572933,15.62701
2026-05-07 06:00:00+00:00,391,6,93.0,16.0,0.0,46.71353,16.112904
2026-05-07 06:00:00+00:00,422,6,92.0,14.2,0.0,46.22144,15.21531
2026-05-07 06:00:00+00:00,425,6,117.0,15.1,0.0,45.940243,15.546751
2026-05-07 06:00:00+00:00,426,6,176.0,15.8,0.0,45.51845,13.704866
2026-05-07 07:00:00+00:00,63,1,127.0,12.8,1.4,46.432335,14.134615
2026-05-07 07:00:00+00:00,76,1,259.0,12.8,0.2,46.291737,14.233227
2026-05-07 07:00:00+00:00,106,1,326.0,13.7,0.0,46.22144,14.354067
2026-05-07 07:00:00+00:00,122,1,308.0,15.1,0.0,46.08084,14.45151
2026-05-07 07:00:00+00:00,127,1,317.0,13.6,0.6,46.151142,14.474522
2026-05-07 07:00:00+00:00,129,1,237.0,14.4,0.0,46.010544,14.571429
2026-05-07 07:00:00+00:00,177,1,32.0,9.8,2.7,45.65905,14.88189
2026-05-07 07:00:00+00:00,194,1,160.0,14.1,0.0,46.502636,15.024076
2026-05-07 07:00:00+00:00,236,1,60.0,13.7,0.9,45.79965,15.213271
2026-05-07 07:00:00+00:00,325,1,61.0,15.6,0.0,46.572933,15.62701
2026-05-07 07:00:00+00:00,391,1,125.0,16.0,0.0,46.71353,16.112904
2026-05-07 07:00:00+00:00,422,1,100.0,14.8,0.0,46.22144,15.21531
2026-05-07 07:00:00+00:00,425,1,151.0,15.5,0.0,45.940243,15.546751
2026-05-07 07:00:00+00:00,426,1,384.0,17.8,0.0,45.51845,13.704866
2026-05-07 08:00:00+00:00,63,2,305.0,14.1,0.1,46.432335,14.134615
2026-05-07 08:00:00+00:00,76,2,422.0,14.1,0.0,46.291737,14.233227
2026-05-07 08:00:00+00:00,106,2,451.0,15.1,0.0,46.22144,14.354067
2026-05-07 08:00:00+00:00,122,2,415.0,16.5,0.0,46.08084,14.45151
2026-05-07 08:00:00+00:00,127,2,421.0,15.0,0.7,46.151142,14.474522
2026-05-07 08:00:00+00:00,129,2,337.0,15.6,0.1,46.010544,14.571429
2026-05-07 08:00:00+00:00,177,2,74.0,10.4,0.5,45.65905,14.88189
2026-05-07 08:00:00+00:00,194,2,453.0,15.7,0.2,46.502636,15.024076
2026-05-07 08:00:00+00:00,236,2,68.0,13.5,1.3,45.79965,15.213271
2026-05-07 08:00:00+00:00,325,2,88.0,16.0,0.0,46.572933,15.62701
2026-05-07 08:00:00+00:00,391,2,181.0,16.7,0.1,46.71353,16.112904
2026-05-07 08:00:00+00:00,422,2,217.0,15.5,0.3,46.22144,15.21531
2026-05-07 08:00:00+00:00,425,2,126.0,15.6,0.6,45.940243,15.546751
2026-05-07 08:00:00+00:00,426,2,527.0,18.7,0.1,45.51845,13.704866
2026-05-07 09:00:00+00:00,63,3,522.0,15.3,0.1,46.432335,14.134615
2026-05-07 09:00:00+00:00,76,3,502.0,15.0,0.1,46.291737,14.233227
2026-05-07 09:00:00+00:00,106,3,498.0,16.1,0.1,46.22144,14.354067
2026-05-07 09:00:00+00:00,122,3,591.0,18.4,0.0,46.08084,14.45151
2026-05-07 09:00:00+00:00,127,3,531.0,16.5,0.4,46.151142,14.474522
2026-05-07 09:00:00+00:00,129,3,665.0,18.1,0.0,46.010544,14.571429
2026-05-07 09:00:00+00:00,177,3,336.0,11.5,0.1,45.65905,14.88189
2026-05-07 09:00:00+00:00,194,3,590.0,17.2,0.1,46.502636,15.024076
2026-05-07 09:00:00+00:00,236,3,173.0,14.8,0.1,45.79965,15.213271
2026-05-07 09:00:00+00:00,325,3,75.0,15.7,0.0,46.572933,15.62701
2026-05-07 09:00:00+00:00,391,3,225.0,16.9,0.4,46.71353,16.112904
2026-05-07 09:00:00+00:00,422,3,215.0,16.0,0.0,46.22144,15.21531
2026-05-07 09:00:00+00:00,425,3,126.0,15.6,0.6,45.940243,15.546751
2026-05-07 09:00:00+00:00,426,3,664.0,18.0,0.0,45.51845,13.704866
2026-05-07 12:00:00+00:00,63,6,820.0,18.1,0.0,46.432335,14.134615
2026-05-07 12:00:00+00:00,76,6,840.0,17.8,0.1,46.291737,14.233227
2026-05-07 12:00:00+00:00,106,6,809.0,18.7,0.1,46.22144,14.354067
2026-05-07 12:00:00+00:00,122,6,738.0,20.3,0.2,46.08084,14.45151
2026-05-07 12:00:00+00:00,127,6,746.0,18.5,0.2,46.151142,14.474522
2026-05-07 12:00:00+00:00,129,6,568.0,18.6,0.0,46.010544,14.571429
2026-05-07 12:00:00+00:00,177,6,466.0,13.0,1.0,45.65905,14.88189
2026-05-07 12:00:00+00:00,194,6,728.0,20.6,0.0,46.502636,15.024076
2026-05-07 12:00:00+00:00,236,6,773.0,20.0,0.1,45.79965,15.213271
2026-05-07 12:00:00+00:00,325,6,728.0,21.4,0.0,46.572933,15.62701
2026-05-07 12:00:00+00:00,391,6,711.0,20.5,0.0,46.71353,16.112904
2026-05-07 12:00:00+00:00,422,6,663.0,19.2,0.2,46.22144,15.21531
2026-05-07 12:00:00+00:00,425,6,790.0,20.6,0.1,45.940243,15.546751
2026-05-07 12:00:00+00:00,426,6,725.0,19.3,0.2,45.51845,13.704866
2026-05-07 13:00:00+00:00,63,1,725.0,18.3,0.1,46.432335,14.134615
2026-05-07 13:00:00+00:00,76,1,738.0,18.4,0.0,46.291737,14.233227
2026-05-07 13:00:00+00:00,106,1,724.0,19.4,0.0,46.22144,14.354067
2026-05-07 13:00:00+00:00,122,1,709.0,20.4,0.2,46.08084,14.45151
2026-05-07 13:00:00+00:00,127,1,706.0,18.9,0.0,46.151142,14.474522
2026-05-07 13:00:00+00:00,129,1,739.0,19.3,0.0,46.010544,14.571429
2026-05-07 13:00:00+00:00,177,1,699.0,15.2,0.1,45.65905,14.88189
2026-05-07 13:00:00+00:00,194,1,705.0,19.8,0.0,46.502636,15.024076
2026-05-07 13:00:00+00:00,236,1,666.0,17.9,0.2,45.79965,15.213271
2026-05-07 13:00:00+00:00,325,1,608.0,20.5,0.0,46.572933,15.62701
2026-05-07 13:00:00+00:00,391,1,552.0,20.3,0.0,46.71353,16.112904
2026-05-07 13:00:00+00:00,422,1,650.0,20.0,0.1,46.22144,15.21531
2026-05-07 13:00:00+00:00,425,1,640.0,18.9,0.1,45.940243,15.546751
2026-05-07 13:00:00+00:00,426,1,706.0,20.3,0.2,45.51845,13.704866
2026-05-07 14:00:00+00:00,63,2,685.0,18.3,0.0,46.432335,14.134615
2026-05-07 14:00:00+00:00,76,2,645.0,17.9,0.0,46.291737,14.233227
2026-05-07 14:00:00+00:00,106,2,630.0,19.3,0.0,46.22144,14.354067
2026-05-07 14:00:00+00:00,122,2,638.0,20.9,0.0,46.08084,14.45151
2026-05-07 14:00:00+00:00,127,2,630.0,19.2,0.0,46.151142,14.474522
2026-05-07 14:00:00+00:00,129,2,601.0,19.5,0.0,46.010544,14.571429
2026-05-07 14:00:00+00:00,177,2,599.0,15.7,0.0,45.65905,14.88189
2026-05-07 14:00:00+00:00,194,2,610.0,19.4,0.0,46.502636,15.024076
2026-05-07 14:00:00+00:00,236,2,436.0,18.7,0.1,45.79965,15.213271
2026-05-07 14:00:00+00:00,325,2,633.0,21.0,0.0,46.572933,15.62701
2026-05-07 14:00:00+00:00,391,2,573.0,20.4,0.0,46.71353,16.112904
2026-05-07 14:00:00+00:00,422,2,587.0,20.3,0.0,46.22144,15.21531
2026-05-07 14:00:00+00:00,425,2,664.0,19.7,0.1,45.940243,15.546751
2026-05-07 14:00:00+00:00,426,2,593.0,19.9,0.1,45.51845,13.704866
2026-05-07 15:00:00+00:00,63,3,467.0,17.5,0.0,46.432335,14.134615
2026-05-07 15:00:00+00:00,76,3,512.0,17.0,0.0,46.291737,14.233227
2026-05-07 15:00:00+00:00,106,3,527.0,18.9,0.0,46.22144,14.354067
2026-05-07 15:00:00+00:00,122,3,516.0,20.2,0.0,46.08084,14.45151
2026-05-07 15:00:00+00:00,127,3,519.0,18.9,0.0,46.151142,14.474522
2026-05-07 15:00:00+00:00,129,3,482.0,18.5,0.0,46.010544,14.571429
2026-05-07 15:00:00+00:00,177,3,518.0,15.4,0.0,45.65905,14.88189
2026-05-07 15:00:00+00:00,194,3,537.0,19.7,0.0,46.502636,15.024076
2026-05-07 15:00:00+00:00,236,3,495.0,19.5,0.0,45.79965,15.213271
2026-05-07 15:00:00+00:00,325,3,531.0,21.0,0.0,46.572933,15.62701
2026-05-07 15:00:00+00:00,391,3,483.0,20.4,0.0,46.71353,16.112904
2026-05-07 15:00:00+00:00,422,3,521.0,20.2,0.0,46.22144,15.21531
2026-05-07 15:00:00+00:00,425,3,501.0,19.9,0.0,45.940243,15.546751
2026-05-07 15:00:00+00:00,426,3,489.0,19.7,0.0,45.51845,13.704866
2026-05-07 18:00:00+00:00,63,6,73.0,13.1,0.0,46.432335,14.134615
2026-05-07 18:00:00+00:00,76,6,70.0,12.5,0.0,46.291737,14.233227
2026-05-07 18:00:00+00:00,106,6,67.0,13.9,0.0,46.22144,14.354067
2026-05-07 18:00:00+00:00,122,6,67.0,16.2,0.0,46.08084,14.45151
2026-05-07 18:00:00+00:00,127,6,66.0,14.0,0.0,46.151142,14.474522
2026-05-07 18:00:00+00:00,129,6,67.0,15.2,0.0,46.010544,14.571429
2026-05-07 18:00:00+00:00,177,6,60.0,10.4,0.0,45.65905,14.88189
2026-05-07 18:00:00+00:00,194,6,68.0,14.6,0.0,46.502636,15.024076
2026-05-07 18:00:00+00:00,236,6,55.0,15.6,0.0,45.79965,15.213271
2026-05-07 18:00:00+00:00,325,6,60.0,17.6,0.0,46.572933,15.62701
2026-05-07 18:00:00+00:00,391,6,53.0,17.0,0.0,46.71353,16.112904
2026-05-07 18:00:00+00:00,422,6,60.0,16.9,0.0,46.22144,15.21531
2026-05-07 18:00:00+00:00,425,6,54.0,16.2,0.0,45.940243,15.546751
2026-05-07 18:00:00+00:00,426,6,67.0,16.6,0.0,45.51845,13.704866
2026-05-07 19:00:00+00:00,63,1,2.0,10.8,0.0,46.432335,14.134615
2026-05-07 19:00:00+00:00,76,1,2.0,10.6,0.0,46.291737,14.233227
2026-05-07 19:00:00+00:00,106,1,2.0,11.7,0.0,46.22144,14.354067
2026-05-07 19:00:00+00:00,122,1,1.0,14.0,0.0,46.08084,14.45151
2026-05-07 19:00:00+00:00,127,1,1.0,12.0,0.0,46.151142,14.474522
2026-05-07 19:00:00+00:00,129,1,1.0,12.9,0.0,46.010544,14.571429
2026-05-07 19:00:00+00:00,177,1,1.0,8.6,0.0,45.65905,14.88189
2026-05-07 19:00:00+00:00,194,1,1.0,12.3,2.9,46.502636,15.024076
2026-05-07 19:00:00+00:00,236,1,1.0,13.6,0.0,45.79965,15.213271
2026-05-07 19:00:00+00:00,325,1,1.0,12.5,2.7,46.572933,15.62701
2026-05-07 19:00:00+00:00,391,1,0.0,13.2,3.2,46.71353,16.112904
2026-05-07 19:00:00+00:00,422,1,1.0,15.8,0.0,46.22144,15.21531
2026-05-07 19:00:00+00:00,425,1,0.0,14.2,0.0,45.940243,15.546751
2026-05-07 19:00:00+00:00,426,1,2.0,15.3,0.0,45.51845,13.704866
2026-05-07 20:00:00+00:00,63,2,0.0,10.2,0.0,46.432335,14.134615
2026-05-07 20:00:00+00:00,76,2,0.0,9.4,0.0,46.291737,14.233227
2026-05-07 20:00:00+00:00,106,2,0.0,10.6,0.0,46.22144,14.354067
2026-05-07 20:00:00+00:00,122,2,0.0,12.8,0.0,46.08084,14.45151
2026-05-07 20:00:00+00:00,127,2,0.0,10.9,0.0,46.151142,14.474522
2026-05-07 20:00:00+00:00,129,2,0.0,11.6,0.0,46.010544,14.571429
2026-05-07 20:00:00+00:00,177,2,0.0,7.7,0.0,45.65905,14.88189
2026-05-07 20:00:00+00:00,194,2,0.0,11.2,0.0,46.502636,15.024076
2026-05-07 20:00:00+00:00,236,2,0.0,12.4,0.0,45.79965,15.213271
2026-05-07 20:00:00+00:00,325,2,0.0,13.1,0.1,46.572933,15.62701
2026-05-07 20:00:00+00:00,391,2,0.0,13.0,0.0,46.71353,16.112904
2026-05-07 20:00:00+00:00,422,2,0.0,14.4,0.0,46.22144,15.21531
2026-05-07 20:00:00+00:00,425,2,0.0,13.5,0.0,45.940243,15.546751
2026-05-07 20:00:00+00:00,426,2,0.0,14.3,0.0,45.51845,13.704866
2026-05-07 21:00:00+00:00,63,3,0.0,9.2,0.0,46.432335,14.134615
2026-05-07 21:00:00+00:00,76,3,0.0,8.8,0.0,46.291737,14.233227
2026-05-07 21:00:00+00:00,106,3,0.0,9.6,0.0,46.22144,14.354067
2026-05-07 21:00:00+00:00,122,3,0.0,11.6,0.0,46.08084,14.45151
2026-05-07 21:00:00+00:00,127,3,0.0,9.9,0.0,46.151142,14.474522
2026-05-07 21:00:00+00:00,129,3,0.0,10.6,0.0,46.010544,14.571429
2026-05-07 21:00:00+00:00,177,3,0.0,6.9,0.0,45.65905,14.88189
2026-05-07 21:00:00+00:00,194,3,0.0,10.3,0.0,46.502636,15.024076
2026-05-07 21:00:00+00:00,236,3,0.0,11.6,0.0,45.79965,15.213271
2026-05-07 21:00:00+00:00,325,3,0.0,12.4,0.0,46.572933,15.62701
2026-05-07 21:00:00+00:00,391,3,0.0,12.1,0.0,46.71353,16.112904
2026-05-07 21:00:00+00:00,422,3,0.0,12.8,0.0,46.22144,15.21531
2026-05-07 21:00:00+00:00,425,3,0.0,12.9,0.0,45.940243,15.546751
2026-05-07 21:00:00+00:00,426,3,0.0,13.8,0.0,45.51845,13.704866
2026-05-08 00:00:00+00:00,63,6,0.0,7.8,0.0,46.432335,14.134615
2026-05-08 00:00:00+00:00,63,24,0.0,8.2,0.0,46.432335,14.134615
2026-05-08 00:00:00+00:00,76,6,0.0,6.1,0.0,46.291737,14.233227
2026-05-08 00:00:00+00:00,76,24,0.0,6.9,0.0,46.291737,14.233227
2026-05-08 00:00:00+00:00,106,6,0.0,7.0,0.0,46.22144,14.354067
2026-05-08 00:00:00+00:00,106,24,0.0,7.6,0.0,46.22144,14.354067
2026-05-08 00:00:00+00:00,122,6,0.0,8.8,0.0,46.08084,14.45151
2026-05-08 00:00:00+00:00,122,24,0.0,9.5,0.0,46.08084,14.45151
2026-05-08 00:00:00+00:00,127,6,0.0,7.9,0.0,46.151142,14.474522
2026-05-08 00:00:00+00:00,127,24,0.0,8.0,0.0,46.151142,14.474522
2026-05-08 00:00:00+00:00,129,6,0.0,9.0,0.0,46.010544,14.571429
2026-05-08 00:00:00+00:00,129,24,0.0,8.8,0.0,46.010544,14.571429
2026-05-08 00:00:00+00:00,177,6,0.0,3.8,0.0,45.65905,14.88189
2026-05-08 00:00:00+00:00,177,24,0.0,6.4,0.0,45.65905,14.88189
2026-05-08 00:00:00+00:00,194,6,0.0,8.4,0.0,46.502636,15.024076
2026-05-08 00:00:00+00:00,194,24,0.0,10.3,0.0,46.502636,15.024076
2026-05-08 00:00:00+00:00,236,6,0.0,10.5,0.0,45.79965,15.213271
2026-05-08 00:00:00+00:00,236,24,0.0,8.5,0.0,45.79965,15.213271
2026-05-08 00:00:00+00:00,325,6,0.0,10.1,0.0,46.572933,15.62701
2026-05-08 00:00:00+00:00,325,24,0.0,12.7,0.0,46.572933,15.62701
2026-05-08 00:00:00+00:00,391,6,0.0,9.4,0.0,46.71353,16.112904
2026-05-08 00:00:00+00:00,391,24,0.0,10.6,0.0,46.71353,16.112904
2026-05-08 00:00:00+00:00,422,6,0.0,10.0,0.0,46.22144,15.21531
2026-05-08 00:00:00+00:00,422,24,0.0,9.8,0.0,46.22144,15.21531
2026-05-08 00:00:00+00:00,425,6,0.0,10.0,0.0,45.940243,15.546751
2026-05-08 00:00:00+00:00,425,24,0.0,10.8,0.0,45.940243,15.546751
2026-05-08 00:00:00+00:00,426,6,0.0,13.2,0.0,45.51845,13.704866
2026-05-08 00:00:00+00:00,426,24,0.0,14.2,0.0,45.51845,13.704866
2026-05-08 06:00:00+00:00,63,24,236.0,12.3,0.0,46.432335,14.134615
2026-05-08 06:00:00+00:00,76,24,229.0,12.5,0.0,46.291737,14.233227
2026-05-08 06:00:00+00:00,106,24,221.0,12.0,0.0,46.22144,14.354067
2026-05-08 06:00:00+00:00,122,24,197.0,10.5,0.0,46.08084,14.45151
2026-05-08 06:00:00+00:00,127,24,208.0,9.9,0.0,46.151142,14.474522
2026-05-08 06:00:00+00:00,129,24,198.0,10.6,0.0,46.010544,14.571429
2026-05-08 06:00:00+00:00,177,24,203.0,10.4,0.0,45.65905,14.88189
2026-05-08 06:00:00+00:00,194,24,241.0,13.7,0.0,46.502636,15.024076
2026-05-08 06:00:00+00:00,236,24,216.0,11.8,0.0,45.79965,15.213271
2026-05-08 06:00:00+00:00,325,24,246.0,15.0,0.0,46.572933,15.62701
2026-05-08 06:00:00+00:00,391,24,249.0,14.0,0.0,46.71353,16.112904
2026-05-08 06:00:00+00:00,422,24,232.0,12.5,0.0,46.22144,15.21531
2026-05-08 06:00:00+00:00,425,24,226.0,13.1,0.0,45.940243,15.546751
2026-05-08 06:00:00+00:00,426,24,191.0,15.6,0.0,45.51845,13.704866
2026-05-08 12:00:00+00:00,63,24,708.0,18.0,0.0,46.432335,14.134615
2026-05-08 12:00:00+00:00,76,24,683.0,17.9,0.0,46.291737,14.233227
2026-05-08 12:00:00+00:00,106,24,769.0,19.6,0.0,46.22144,14.354067
2026-05-08 12:00:00+00:00,122,24,778.0,21.5,0.0,46.08084,14.45151
2026-05-08 12:00:00+00:00,127,24,816.0,19.8,0.0,46.151142,14.474522
2026-05-08 12:00:00+00:00,129,24,716.0,20.0,0.0,46.010544,14.571429
2026-05-08 12:00:00+00:00,177,24,651.0,16.2,0.0,45.65905,14.88189
2026-05-08 12:00:00+00:00,194,24,786.0,19.4,0.0,46.502636,15.024076
2026-05-08 12:00:00+00:00,236,24,541.0,20.1,0.0,45.79965,15.213271
2026-05-08 12:00:00+00:00,325,24,621.0,20.8,0.0,46.572933,15.62701
2026-05-08 12:00:00+00:00,391,24,577.0,20.8,0.0,46.71353,16.112904
2026-05-08 12:00:00+00:00,422,24,528.0,20.8,0.0,46.22144,15.21531
2026-05-08 12:00:00+00:00,425,24,666.0,20.4,0.0,45.940243,15.546751
2026-05-08 12:00:00+00:00,426,24,741.0,20.5,0.0,45.51845,13.704866
2026-05-08 18:00:00+00:00,63,24,52.0,15.0,0.0,46.432335,14.134615
2026-05-08 18:00:00+00:00,76,24,58.0,14.5,0.0,46.291737,14.233227
2026-05-08 18:00:00+00:00,106,24,65.0,15.7,0.0,46.22144,14.354067
2026-05-08 18:00:00+00:00,122,24,66.0,18.3,0.0,46.08084,14.45151
2026-05-08 18:00:00+00:00,127,24,68.0,16.1,0.0,46.151142,14.474522
2026-05-08 18:00:00+00:00,129,24,61.0,16.4,0.0,46.010544,14.571429
2026-05-08 18:00:00+00:00,177,24,30.0,11.6,0.0,45.65905,14.88189
2026-05-08 18:00:00+00:00,194,24,68.0,15.3,0.0,46.502636,15.024076
2026-05-08 18:00:00+00:00,236,24,34.0,15.9,0.0,45.79965,15.213271
2026-05-08 18:00:00+00:00,325,24,46.0,17.8,0.0,46.572933,15.62701
2026-05-08 18:00:00+00:00,391,24,44.0,17.3,0.0,46.71353,16.112904
2026-05-08 18:00:00+00:00,422,24,44.0,16.9,0.0,46.22144,15.21531
2026-05-08 18:00:00+00:00,425,24,31.0,17.0,0.0,45.940243,15.546751
2026-05-08 18:00:00+00:00,426,24,43.0,17.2,0.0,45.51845,13.704866
2026-05-08 01:00:00+00:00,63,1,0.0,7.8,0.0,46.432335,14.134615
2026-05-08 01:00:00+00:00,76,1,0.0,5.3,0.0,46.291737,14.233227
2026-05-08 01:00:00+00:00,106,1,0.0,6.4,0.0,46.22144,14.354067
2026-05-08 01:00:00+00:00,122,1,0.0,8.5,0.0,46.08084,14.45151
2026-05-08 01:00:00+00:00,127,1,0.0,7.4,0.0,46.151142,14.474522
2026-05-08 01:00:00+00:00,129,1,0.0,7.8,0.0,46.010544,14.571429
2026-05-08 01:00:00+00:00,177,1,0.0,4.6,0.0,45.65905,14.88189
2026-05-08 01:00:00+00:00,194,1,0.0,8.0,0.0,46.502636,15.024076
2026-05-08 01:00:00+00:00,236,1,0.0,9.3,0.0,45.79965,15.213271
2026-05-08 01:00:00+00:00,325,1,0.0,10.3,0.0,46.572933,15.62701
2026-05-08 01:00:00+00:00,391,1,0.0,9.1,0.0,46.71353,16.112904
2026-05-08 01:00:00+00:00,422,1,0.0,8.5,0.0,46.22144,15.21531
2026-05-08 01:00:00+00:00,425,1,0.0,9.7,0.0,45.940243,15.546751
2026-05-08 01:00:00+00:00,426,1,0.0,12.8,0.0,45.51845,13.704866
2026-05-08 02:00:00+00:00,63,2,0.0,7.6,0.0,46.432335,14.134615
2026-05-08 02:00:00+00:00,76,2,0.0,5.0,0.0,46.291737,14.233227
2026-05-08 02:00:00+00:00,106,2,0.0,6.1,0.0,46.22144,14.354067
2026-05-08 02:00:00+00:00,122,2,0.0,8.1,0.0,46.08084,14.45151
2026-05-08 02:00:00+00:00,127,2,0.0,7.1,0.0,46.151142,14.474522
2026-05-08 02:00:00+00:00,129,2,0.0,7.2,0.0,46.010544,14.571429
2026-05-08 02:00:00+00:00,177,2,0.0,4.4,0.0,45.65905,14.88189
2026-05-08 02:00:00+00:00,194,2,0.0,7.4,0.0,46.502636,15.024076
2026-05-08 02:00:00+00:00,236,2,0.0,8.3,0.0,45.79965,15.213271
2026-05-08 02:00:00+00:00,325,2,0.0,9.5,0.0,46.572933,15.62701
2026-05-08 02:00:00+00:00,391,2,0.0,8.6,0.0,46.71353,16.112904
2026-05-08 02:00:00+00:00,422,2,0.0,8.0,0.0,46.22144,15.21531
2026-05-08 02:00:00+00:00,425,2,0.0,9.3,0.0,45.940243,15.546751
2026-05-08 02:00:00+00:00,426,2,0.0,12.0,0.0,45.51845,13.704866
2026-05-08 03:00:00+00:00,63,3,0.0,7.5,0.0,46.432335,14.134615
2026-05-08 03:00:00+00:00,76,3,0.0,5.0,0.0,46.291737,14.233227
2026-05-08 03:00:00+00:00,106,3,0.0,6.1,0.0,46.22144,14.354067
2026-05-08 03:00:00+00:00,122,3,0.0,7.7,0.0,46.08084,14.45151
2026-05-08 03:00:00+00:00,127,3,0.0,6.7,0.0,46.151142,14.474522
2026-05-08 03:00:00+00:00,129,3,0.0,7.3,0.0,46.010544,14.571429
2026-05-08 03:00:00+00:00,177,3,0.0,4.1,0.0,45.65905,14.88189
2026-05-08 03:00:00+00:00,194,3,0.0,7.1,0.0,46.502636,15.024076
2026-05-08 03:00:00+00:00,236,3,0.0,7.7,0.0,45.79965,15.213271
2026-05-08 03:00:00+00:00,325,3,0.0,9.5,0.0,46.572933,15.62701
2026-05-08 03:00:00+00:00,391,3,0.0,8.3,0.0,46.71353,16.112904
2026-05-08 03:00:00+00:00,422,3,0.0,7.5,0.0,46.22144,15.21531
2026-05-08 03:00:00+00:00,425,3,0.0,8.1,0.0,45.940243,15.546751
2026-05-08 03:00:00+00:00,426,3,0.0,11.7,0.0,45.51845,13.704866
2026-05-08 06:00:00+00:00,63,6,238.0,11.0,0.0,46.432335,14.134615
2026-05-08 06:00:00+00:00,76,6,234.0,12.0,0.0,46.291737,14.233227
2026-05-08 06:00:00+00:00,106,6,223.0,11.7,0.0,46.22144,14.354067
2026-05-08 06:00:00+00:00,122,6,202.0,10.4,0.0,46.08084,14.45151
2026-05-08 06:00:00+00:00,127,6,211.0,9.4,0.0,46.151142,14.474522
2026-05-08 06:00:00+00:00,129,6,206.0,10.8,0.0,46.010544,14.571429
2026-05-08 06:00:00+00:00,177,6,217.0,9.8,0.0,45.65905,14.88189
2026-05-08 06:00:00+00:00,194,6,243.0,12.0,0.0,46.502636,15.024076
2026-05-08 06:00:00+00:00,236,6,225.0,12.0,0.0,45.79965,15.213271
2026-05-08 06:00:00+00:00,325,6,247.0,14.5,0.0,46.572933,15.62701
2026-05-08 06:00:00+00:00,391,6,249.0,12.2,0.0,46.71353,16.112904
2026-05-08 06:00:00+00:00,422,6,239.0,12.2,0.0,46.22144,15.21531
2026-05-08 06:00:00+00:00,425,6,234.0,12.5,0.0,45.940243,15.546751
2026-05-08 06:00:00+00:00,426,6,190.0,15.5,0.0,45.51845,13.704866
2026-05-08 07:00:00+00:00,63,1,410.0,12.7,0.0,46.432335,14.134615
2026-05-08 07:00:00+00:00,76,1,406.0,13.6,0.0,46.291737,14.233227
2026-05-08 07:00:00+00:00,106,1,391.0,13.3,0.0,46.22144,14.354067
2026-05-08 07:00:00+00:00,122,1,372.0,12.7,0.0,46.08084,14.45151
2026-05-08 07:00:00+00:00,127,1,376.0,11.3,0.0,46.151142,14.474522
2026-05-08 07:00:00+00:00,129,1,375.0,13.1,0.0,46.010544,14.571429
2026-05-08 07:00:00+00:00,177,1,388.0,11.5,0.0,45.65905,14.88189
2026-05-08 07:00:00+00:00,194,1,407.0,14.0,0.0,46.502636,15.024076
2026-05-08 07:00:00+00:00,236,1,388.0,13.7,0.0,45.79965,15.213271
2026-05-08 07:00:00+00:00,325,1,421.0,15.9,0.0,46.572933,15.62701
2026-05-08 07:00:00+00:00,391,1,424.0,14.6,0.0,46.71353,16.112904
2026-05-08 07:00:00+00:00,422,1,399.0,14.6,0.0,46.22144,15.21531
2026-05-08 07:00:00+00:00,425,1,383.0,13.7,0.0,45.940243,15.546751
2026-05-08 07:00:00+00:00,426,1,340.0,16.9,0.0,45.51845,13.704866
2026-05-08 08:00:00+00:00,63,2,555.0,14.7,0.0,46.432335,14.134615
2026-05-08 08:00:00+00:00,76,2,552.0,14.6,0.0,46.291737,14.233227
2026-05-08 08:00:00+00:00,106,2,556.0,14.6,0.0,46.22144,14.354067
2026-05-08 08:00:00+00:00,122,2,561.0,15.4,0.0,46.08084,14.45151
2026-05-08 08:00:00+00:00,127,2,559.0,14.0,0.0,46.151142,14.474522
2026-05-08 08:00:00+00:00,129,2,555.0,15.5,0.0,46.010544,14.571429
2026-05-08 08:00:00+00:00,177,2,568.0,13.3,0.0,45.65905,14.88189
2026-05-08 08:00:00+00:00,194,2,585.0,16.3,0.0,46.502636,15.024076
2026-05-08 08:00:00+00:00,236,2,559.0,16.1,0.0,45.79965,15.213271
2026-05-08 08:00:00+00:00,325,2,585.0,17.1,0.0,46.572933,15.62701
2026-05-08 08:00:00+00:00,391,2,587.0,16.6,0.0,46.71353,16.112904
2026-05-08 08:00:00+00:00,422,2,565.0,16.8,0.0,46.22144,15.21531
2026-05-08 08:00:00+00:00,425,2,564.0,16.1,0.0,45.940243,15.546751
2026-05-08 08:00:00+00:00,426,2,481.0,18.1,0.0,45.51845,13.704866
2026-05-08 09:00:00+00:00,63,3,516.0,15.7,0.0,46.432335,14.134615
2026-05-08 09:00:00+00:00,76,3,575.0,15.0,0.0,46.291737,14.233227
2026-05-08 09:00:00+00:00,106,3,656.0,16.0,0.0,46.22144,14.354067
2026-05-08 09:00:00+00:00,122,3,681.0,17.8,0.0,46.08084,14.45151
2026-05-08 09:00:00+00:00,127,3,696.0,16.4,0.0,46.151142,14.474522
2026-05-08 09:00:00+00:00,129,3,671.0,17.3,0.1,46.010544,14.571429
2026-05-08 09:00:00+00:00,177,3,616.0,14.2,0.0,45.65905,14.88189
2026-05-08 09:00:00+00:00,194,3,620.0,17.2,0.1,46.502636,15.024076
2026-05-08 09:00:00+00:00,236,3,629.0,17.7,0.1,45.79965,15.213271
2026-05-08 09:00:00+00:00,325,3,717.0,18.2,0.0,46.572933,15.62701
2026-05-08 09:00:00+00:00,391,3,723.0,17.9,0.0,46.71353,16.112904
2026-05-08 09:00:00+00:00,422,3,683.0,18.5,0.0,46.22144,15.21531
2026-05-08 09:00:00+00:00,425,3,712.0,17.5,0.0,45.940243,15.546751
2026-05-08 09:00:00+00:00,426,3,595.0,19.2,0.0,45.51845,13.704866
2026-05-08 12:00:00+00:00,63,6,712.0,17.8,0.0,46.432335,14.134615
2026-05-08 12:00:00+00:00,76,6,691.0,17.2,0.0,46.291737,14.233227
2026-05-08 12:00:00+00:00,106,6,718.0,18.8,0.0,46.22144,14.354067
2026-05-08 12:00:00+00:00,122,6,741.0,21.8,0.0,46.08084,14.45151
2026-05-08 12:00:00+00:00,127,6,744.0,19.8,0.0,46.151142,14.474522
2026-05-08 12:00:00+00:00,129,6,771.0,19.9,0.0,46.010544,14.571429
2026-05-08 12:00:00+00:00,177,6,711.0,16.6,0.1,45.65905,14.88189
2026-05-08 12:00:00+00:00,194,6,787.0,19.9,0.2,46.502636,15.024076
2026-05-08 12:00:00+00:00,236,6,791.0,20.3,0.0,45.79965,15.213271
2026-05-08 12:00:00+00:00,325,6,582.0,20.7,0.0,46.572933,15.62701
2026-05-08 12:00:00+00:00,391,6,642.0,20.6,0.0,46.71353,16.112904
2026-05-08 12:00:00+00:00,422,6,555.0,20.5,0.0,46.22144,15.21531
2026-05-08 12:00:00+00:00,425,6,673.0,20.3,0.0,45.940243,15.546751
2026-05-08 12:00:00+00:00,426,6,688.0,20.3,0.0,45.51845,13.704866
2026-05-08 13:00:00+00:00,63,1,691.0,18.3,0.0,46.432335,14.134615
2026-05-08 13:00:00+00:00,76,1,692.0,18.2,0.0,46.291737,14.233227
2026-05-08 13:00:00+00:00,106,1,739.0,19.3,0.0,46.22144,14.354067
2026-05-08 13:00:00+00:00,122,1,743.0,21.8,0.0,46.08084,14.45151
2026-05-08 13:00:00+00:00,127,1,760.0,19.9,0.0,46.151142,14.474522
2026-05-08 13:00:00+00:00,129,1,731.0,20.4,0.0,46.010544,14.571429
2026-05-08 13:00:00+00:00,177,1,722.0,16.6,0.1,45.65905,14.88189
2026-05-08 13:00:00+00:00,194,1,668.0,20.2,0.1,46.502636,15.024076
2026-05-08 13:00:00+00:00,236,1,743.0,20.5,0.1,45.79965,15.213271
2026-05-08 13:00:00+00:00,325,1,401.0,20.2,0.0,46.572933,15.62701
2026-05-08 13:00:00+00:00,391,1,552.0,20.6,0.0,46.71353,16.112904
2026-05-08 13:00:00+00:00,422,1,472.0,20.8,0.0,46.22144,15.21531
2026-05-08 13:00:00+00:00,425,1,753.0,20.6,0.0,45.940243,15.546751
2026-05-08 13:00:00+00:00,426,1,727.0,21.0,0.0,45.51845,13.704866
2026-05-08 14:00:00+00:00,63,2,530.0,18.1,0.0,46.432335,14.134615
2026-05-08 14:00:00+00:00,76,2,537.0,18.1,0.0,46.291737,14.233227
2026-05-08 14:00:00+00:00,106,2,558.0,19.2,0.0,46.22144,14.354067
2026-05-08 14:00:00+00:00,122,2,569.0,21.8,0.0,46.08084,14.45151
2026-05-08 14:00:00+00:00,127,2,564.0,19.8,0.0,46.151142,14.474522
2026-05-08 14:00:00+00:00,129,2,589.0,20.3,0.0,46.010544,14.571429
2026-05-08 14:00:00+00:00,177,2,589.0,16.7,0.1,45.65905,14.88189
2026-05-08 14:00:00+00:00,194,2,526.0,20.1,0.0,46.502636,15.024076
2026-05-08 14:00:00+00:00,236,2,625.0,20.7,0.0,45.79965,15.213271
2026-05-08 14:00:00+00:00,325,2,473.0,20.6,0.0,46.572933,15.62701
2026-05-08 14:00:00+00:00,391,2,502.0,20.8,0.0,46.71353,16.112904
2026-05-08 14:00:00+00:00,422,2,567.0,21.2,0.0,46.22144,15.21531
2026-05-08 14:00:00+00:00,425,2,593.0,20.2,0.0,45.940243,15.546751
2026-05-08 14:00:00+00:00,426,2,606.0,20.6,0.0,45.51845,13.704866
2026-05-08 15:00:00+00:00,63,3,527.0,18.4,0.0,46.432335,14.134615
2026-05-08 15:00:00+00:00,76,3,486.0,17.9,0.0,46.291737,14.233227
2026-05-08 15:00:00+00:00,106,3,462.0,19.1,0.0,46.22144,14.354067
2026-05-08 15:00:00+00:00,122,3,472.0,21.6,0.0,46.08084,14.45151
2026-05-08 15:00:00+00:00,127,3,462.0,19.6,0.0,46.151142,14.474522
2026-05-08 15:00:00+00:00,129,3,495.0,20.4,0.0,46.010544,14.571429
2026-05-08 15:00:00+00:00,177,3,425.0,16.5,0.0,45.65905,14.88189
2026-05-08 15:00:00+00:00,194,3,497.0,19.8,0.0,46.502636,15.024076
2026-05-08 15:00:00+00:00,236,3,517.0,20.6,0.0,45.79965,15.213271
2026-05-08 15:00:00+00:00,325,3,472.0,20.8,0.0,46.572933,15.62701
2026-05-08 15:00:00+00:00,391,3,431.0,21.0,0.0,46.71353,16.112904
2026-05-08 15:00:00+00:00,422,3,459.0,21.0,0.0,46.22144,15.21531
2026-05-08 15:00:00+00:00,425,3,456.0,19.9,0.0,45.940243,15.546751
2026-05-08 15:00:00+00:00,426,3,476.0,20.2,0.0,45.51845,13.704866
2026-05-08 18:00:00+00:00,63,6,48.0,14.3,0.0,46.432335,14.134615
2026-05-08 18:00:00+00:00,76,6,51.0,14.3,0.0,46.291737,14.233227
2026-05-08 18:00:00+00:00,106,6,54.0,15.9,0.0,46.22144,14.354067
2026-05-08 18:00:00+00:00,122,6,50.0,18.2,0.0,46.08084,14.45151
2026-05-08 18:00:00+00:00,127,6,52.0,16.9,0.0,46.151142,14.474522
2026-05-08 18:00:00+00:00,129,6,47.0,16.1,0.0,46.010544,14.571429
2026-05-08 18:00:00+00:00,177,6,49.0,12.1,0.0,45.65905,14.88189
2026-05-08 18:00:00+00:00,194,6,48.0,15.4,0.0,46.502636,15.024076
2026-05-08 18:00:00+00:00,236,6,56.0,15.7,0.0,45.79965,15.213271
2026-05-08 18:00:00+00:00,325,6,48.0,18.2,0.0,46.572933,15.62701
2026-05-08 18:00:00+00:00,391,6,57.0,17.3,0.0,46.71353,16.112904
2026-05-08 18:00:00+00:00,422,6,53.0,17.5,0.0,46.22144,15.21531
2026-05-08 18:00:00+00:00,425,6,55.0,17.3,0.0,45.940243,15.546751
2026-05-08 18:00:00+00:00,426,6,53.0,17.8,0.0,45.51845,13.704866
2026-05-08 19:00:00+00:00,63,1,2.0,13.2,0.0,46.432335,14.134615
2026-05-08 19:00:00+00:00,76,1,1.0,14.7,0.0,46.291737,14.233227
2026-05-08 19:00:00+00:00,106,1,1.0,15.5,0.0,46.22144,14.354067
2026-05-08 19:00:00+00:00,122,1,1.0,16.9,0.0,46.08084,14.45151
2026-05-08 19:00:00+00:00,127,1,1.0,15.2,0.0,46.151142,14.474522
2026-05-08 19:00:00+00:00,129,1,1.0,15.1,0.0,46.010544,14.571429
2026-05-08 19:00:00+00:00,177,1,1.0,11.7,0.0,45.65905,14.88189
2026-05-08 19:00:00+00:00,194,1,1.0,14.3,0.0,46.502636,15.024076
2026-05-08 19:00:00+00:00,236,1,1.0,14.8,0.0,45.79965,15.213271
2026-05-08 19:00:00+00:00,325,1,1.0,17.2,0.0,46.572933,15.62701
2026-05-08 19:00:00+00:00,391,1,1.0,16.7,0.0,46.71353,16.112904
2026-05-08 19:00:00+00:00,422,1,1.0,15.9,0.0,46.22144,15.21531
2026-05-08 19:00:00+00:00,425,1,1.0,15.5,0.0,45.940243,15.546751
2026-05-08 19:00:00+00:00,426,1,2.0,16.9,0.0,45.51845,13.704866
2026-05-08 20:00:00+00:00,63,2,0.0,12.4,0.0,46.432335,14.134615
2026-05-08 20:00:00+00:00,76,2,0.0,14.2,0.0,46.291737,14.233227
2026-05-08 20:00:00+00:00,106,2,0.0,14.8,0.0,46.22144,14.354067
2026-05-08 20:00:00+00:00,122,2,0.0,16.0,0.0,46.08084,14.45151
2026-05-08 20:00:00+00:00,127,2,0.0,14.1,0.0,46.151142,14.474522
2026-05-08 20:00:00+00:00,129,2,0.0,14.3,0.0,46.010544,14.571429
2026-05-08 20:00:00+00:00,177,2,0.0,11.1,0.0,45.65905,14.88189
2026-05-08 20:00:00+00:00,194,2,0.0,14.1,0.0,46.502636,15.024076
2026-05-08 20:00:00+00:00,236,2,0.0,13.4,0.0,45.79965,15.213271
2026-05-08 20:00:00+00:00,325,2,0.0,16.2,0.0,46.572933,15.62701
2026-05-08 20:00:00+00:00,391,2,0.0,14.9,0.0,46.71353,16.112904
2026-05-08 20:00:00+00:00,422,2,0.0,14.8,0.0,46.22144,15.21531
2026-05-08 20:00:00+00:00,425,2,0.0,14.0,0.0,45.940243,15.546751
2026-05-08 20:00:00+00:00,426,2,0.0,16.3,0.0,45.51845,13.704866
2026-05-08 21:00:00+00:00,63,3,0.0,11.6,0.0,46.432335,14.134615
2026-05-08 21:00:00+00:00,76,3,0.0,13.3,0.0,46.291737,14.233227
2026-05-08 21:00:00+00:00,106,3,0.0,14.3,0.0,46.22144,14.354067
2026-05-08 21:00:00+00:00,122,3,0.0,15.0,0.0,46.08084,14.45151
2026-05-08 21:00:00+00:00,127,3,0.0,13.8,0.0,46.151142,14.474522
2026-05-08 21:00:00+00:00,129,3,0.0,13.0,0.0,46.010544,14.571429
2026-05-08 21:00:00+00:00,177,3,0.0,10.3,0.0,45.65905,14.88189
2026-05-08 21:00:00+00:00,194,3,0.0,13.3,0.0,46.502636,15.024076
2026-05-08 21:00:00+00:00,236,3,0.0,12.6,0.0,45.79965,15.213271
2026-05-08 21:00:00+00:00,325,3,0.0,15.6,0.0,46.572933,15.62701
2026-05-08 21:00:00+00:00,391,3,0.0,14.6,0.0,46.71353,16.112904
2026-05-08 21:00:00+00:00,422,3,0.0,13.9,0.0,46.22144,15.21531
2026-05-08 21:00:00+00:00,425,3,0.0,13.1,0.0,45.940243,15.546751
2026-05-08 21:00:00+00:00,426,3,0.0,15.4,0.0,45.51845,13.704866
2026-05-09 00:00:00+00:00,63,6,0.0,11.9,0.0,46.432335,14.134615
2026-05-09 00:00:00+00:00,63,24,0.0,11.1,0.0,46.432335,14.134615
2026-05-09 00:00:00+00:00,76,6,0.0,11.3,0.0,46.291737,14.233227
2026-05-09 00:00:00+00:00,76,24,0.0,10.1,0.0,46.291737,14.233227
2026-05-09 00:00:00+00:00,106,6,0.0,11.9,0.0,46.22144,14.354067
2026-05-09 00:00:00+00:00,106,24,0.0,11.1,0.0,46.22144,14.354067
2026-05-09 00:00:00+00:00,122,6,0.0,12.0,0.0,46.08084,14.45151
2026-05-09 00:00:00+00:00,122,24,0.0,11.1,0.0,46.08084,14.45151
2026-05-09 00:00:00+00:00,127,6,0.0,11.6,0.0,46.151142,14.474522
2026-05-09 00:00:00+00:00,127,24,0.0,10.1,0.0,46.151142,14.474522
2026-05-09 00:00:00+00:00,129,6,0.0,10.5,0.0,46.010544,14.571429
2026-05-09 00:00:00+00:00,129,24,0.0,10.4,0.0,46.010544,14.571429
2026-05-09 00:00:00+00:00,177,6,0.0,7.6,0.0,45.65905,14.88189
2026-05-09 00:00:00+00:00,177,24,0.0,8.9,0.0,45.65905,14.88189
2026-05-09 00:00:00+00:00,194,6,0.0,12.0,0.0,46.502636,15.024076
2026-05-09 00:00:00+00:00,194,24,0.0,11.1,0.0,46.502636,15.024076
2026-05-09 00:00:00+00:00,236,6,0.0,11.9,0.0,45.79965,15.213271
2026-05-09 00:00:00+00:00,236,24,0.0,12.7,0.0,45.79965,15.213271
2026-05-09 00:00:00+00:00,325,6,0.0,14.2,0.0,46.572933,15.62701
2026-05-09 00:00:00+00:00,325,24,0.0,14.3,0.0,46.572933,15.62701
2026-05-09 00:00:00+00:00,391,6,0.0,12.7,0.0,46.71353,16.112904
2026-05-09 00:00:00+00:00,391,24,0.0,12.9,0.0,46.71353,16.112904
2026-05-09 00:00:00+00:00,422,6,0.0,12.7,0.0,46.22144,15.21531
2026-05-09 00:00:00+00:00,422,24,0.0,12.1,0.0,46.22144,15.21531
2026-05-09 00:00:00+00:00,425,6,0.0,12.0,0.0,45.940243,15.546751
2026-05-09 00:00:00+00:00,425,24,0.0,12.2,0.0,45.940243,15.546751
2026-05-09 00:00:00+00:00,426,6,0.0,14.1,0.0,45.51845,13.704866
2026-05-09 00:00:00+00:00,426,24,0.0,13.1,0.0,45.51845,13.704866
2026-05-09 06:00:00+00:00,63,24,231.0,15.1,0.0,46.432335,14.134615
2026-05-09 06:00:00+00:00,76,24,233.0,14.6,0.0,46.291737,14.233227
2026-05-09 06:00:00+00:00,106,24,231.0,14.6,0.0,46.22144,14.354067
2026-05-09 06:00:00+00:00,122,24,228.0,13.8,0.0,46.08084,14.45151
2026-05-09 06:00:00+00:00,127,24,228.0,12.9,0.0,46.151142,14.474522
2026-05-09 06:00:00+00:00,129,24,231.0,13.5,0.0,46.010544,14.571429
2026-05-09 06:00:00+00:00,177,24,239.0,12.8,0.0,45.65905,14.88189
2026-05-09 06:00:00+00:00,194,24,245.0,16.0,0.0,46.502636,15.024076
2026-05-09 06:00:00+00:00,236,24,239.0,14.4,0.0,45.79965,15.213271
2026-05-09 06:00:00+00:00,325,24,248.0,16.0,0.0,46.572933,15.62701
2026-05-09 06:00:00+00:00,391,24,249.0,15.2,0.0,46.71353,16.112904
2026-05-09 06:00:00+00:00,422,24,241.0,14.9,0.0,46.22144,15.21531
2026-05-09 06:00:00+00:00,425,24,241.0,15.0,0.0,45.940243,15.546751
2026-05-09 06:00:00+00:00,426,24,217.0,16.4,0.0,45.51845,13.704866
2026-05-09 12:00:00+00:00,63,24,733.0,20.3,0.0,46.432335,14.134615
2026-05-09 12:00:00+00:00,76,24,752.0,20.3,0.2,46.291737,14.233227
2026-05-09 12:00:00+00:00,106,24,797.0,22.0,0.0,46.22144,14.354067
2026-05-09 12:00:00+00:00,122,24,827.0,24.2,0.0,46.08084,14.45151
2026-05-09 12:00:00+00:00,127,24,824.0,21.8,0.0,46.151142,14.474522
2026-05-09 12:00:00+00:00,129,24,820.0,23.0,0.1,46.010544,14.571429
2026-05-09 12:00:00+00:00,177,24,814.0,18.5,0.0,45.65905,14.88189
2026-05-09 12:00:00+00:00,194,24,814.0,22.4,0.0,46.502636,15.024076
2026-05-09 12:00:00+00:00,236,24,835.0,22.8,0.0,45.79965,15.213271
2026-05-09 12:00:00+00:00,325,24,708.0,22.3,0.0,46.572933,15.62701
2026-05-09 12:00:00+00:00,391,24,820.0,22.7,0.0,46.71353,16.112904
2026-05-09 12:00:00+00:00,422,24,785.0,23.9,0.0,46.22144,15.21531
2026-05-09 12:00:00+00:00,425,24,822.0,22.9,0.0,45.940243,15.546751
2026-05-09 12:00:00+00:00,426,24,865.0,21.2,0.0,45.51845,13.704866
2026-05-09 18:00:00+00:00,63,24,72.0,15.0,0.0,46.432335,14.134615
2026-05-09 18:00:00+00:00,76,24,68.0,16.0,0.0,46.291737,14.233227
2026-05-09 18:00:00+00:00,106,24,59.0,17.1,0.0,46.22144,14.354067
2026-05-09 18:00:00+00:00,122,24,55.0,18.5,0.0,46.08084,14.45151
2026-05-09 18:00:00+00:00,127,24,52.0,16.3,0.0,46.151142,14.474522
2026-05-09 18:00:00+00:00,129,24,54.0,16.0,0.0,46.010544,14.571429
2026-05-09 18:00:00+00:00,177,24,54.0,14.2,0.0,45.65905,14.88189
2026-05-09 18:00:00+00:00,194,24,38.0,13.8,0.0,46.502636,15.024076
2026-05-09 18:00:00+00:00,236,24,48.0,17.8,0.0,45.79965,15.213271
2026-05-09 18:00:00+00:00,325,24,36.0,15.4,0.0,46.572933,15.62701
2026-05-09 18:00:00+00:00,391,24,33.0,15.5,0.0,46.71353,16.112904
2026-05-09 18:00:00+00:00,422,24,49.0,18.9,0.1,46.22144,15.21531
2026-05-09 18:00:00+00:00,425,24,55.0,18.8,0.0,45.940243,15.546751
2026-05-09 18:00:00+00:00,426,24,75.0,18.1,0.0,45.51845,13.704866
2026-05-09 13:00:00+00:00,63,1,748.0,20.7,0.0,46.432335,14.134615
2026-05-09 13:00:00+00:00,76,1,743.0,20.8,0.1,46.291737,14.233227
2026-05-09 13:00:00+00:00,106,1,736.0,22.5,0.0,46.22144,14.354067
2026-05-09 13:00:00+00:00,122,1,737.0,24.8,0.0,46.08084,14.45151
2026-05-09 13:00:00+00:00,127,1,729.0,22.9,0.0,46.151142,14.474522
2026-05-09 13:00:00+00:00,129,1,742.0,23.3,0.2,46.010544,14.571429
2026-05-09 13:00:00+00:00,177,1,648.0,17.5,0.0,45.65905,14.88189
2026-05-09 13:00:00+00:00,194,1,647.0,21.5,0.1,46.502636,15.024076
2026-05-09 13:00:00+00:00,236,1,746.0,22.7,0.0,45.79965,15.213271
2026-05-09 13:00:00+00:00,325,1,675.0,22.8,0.1,46.572933,15.62701
2026-05-09 13:00:00+00:00,391,1,650.0,22.8,0.0,46.71353,16.112904
2026-05-09 13:00:00+00:00,422,1,696.0,23.4,0.0,46.22144,15.21531
2026-05-09 13:00:00+00:00,425,1,779.0,23.3,0.0,45.940243,15.546751
2026-05-09 13:00:00+00:00,426,1,788.0,22.3,0.0,45.51845,13.704866
2026-05-09 14:00:00+00:00,63,2,719.0,20.8,0.0,46.432335,14.134615
2026-05-09 14:00:00+00:00,76,2,683.0,20.5,0.0,46.291737,14.233227
2026-05-09 14:00:00+00:00,106,2,637.0,22.7,0.0,46.22144,14.354067
2026-05-09 14:00:00+00:00,122,2,617.0,23.8,0.1,46.08084,14.45151
2026-05-09 14:00:00+00:00,127,2,606.0,22.5,0.0,46.151142,14.474522
2026-05-09 14:00:00+00:00,129,2,594.0,19.8,1.6,46.010544,14.571429
2026-05-09 14:00:00+00:00,177,2,600.0,17.8,0.0,45.65905,14.88189
2026-05-09 14:00:00+00:00,194,2,622.0,19.7,2.7,46.502636,15.024076
2026-05-09 14:00:00+00:00,236,2,586.0,22.7,0.0,45.79965,15.213271
2026-05-09 14:00:00+00:00,325,2,649.0,23.1,0.0,46.572933,15.62701
2026-05-09 14:00:00+00:00,391,2,556.0,22.8,0.0,46.71353,16.112904
2026-05-09 14:00:00+00:00,422,2,619.0,23.7,0.0,46.22144,15.21531
2026-05-09 14:00:00+00:00,425,2,681.0,23.3,0.0,45.940243,15.546751
2026-05-09 14:00:00+00:00,426,2,681.0,22.1,0.0,45.51845,13.704866
2026-05-09 15:00:00+00:00,63,3,520.0,20.0,0.0,46.432335,14.134615
2026-05-09 15:00:00+00:00,76,3,541.0,20.6,0.0,46.291737,14.233227
2026-05-09 15:00:00+00:00,106,3,548.0,22.0,0.0,46.22144,14.354067
2026-05-09 15:00:00+00:00,122,3,503.0,23.0,0.1,46.08084,14.45151
2026-05-09 15:00:00+00:00,127,3,527.0,21.1,0.1,46.151142,14.474522
2026-05-09 15:00:00+00:00,129,3,468.0,21.1,0.0,46.010544,14.571429
2026-05-09 15:00:00+00:00,177,3,519.0,18.1,0.0,45.65905,14.88189
2026-05-09 15:00:00+00:00,194,3,508.0,20.7,0.0,46.502636,15.024076
2026-05-09 15:00:00+00:00,236,3,510.0,22.6,0.0,45.79965,15.213271
2026-05-09 15:00:00+00:00,325,3,433.0,20.8,0.0,46.572933,15.62701
2026-05-09 15:00:00+00:00,391,3,470.0,18.7,0.2,46.71353,16.112904
2026-05-09 15:00:00+00:00,422,3,523.0,23.7,0.0,46.22144,15.21531
2026-05-09 15:00:00+00:00,425,3,487.0,22.9,0.0,45.940243,15.546751
2026-05-09 15:00:00+00:00,426,3,529.0,21.7,0.0,45.51845,13.704866
2026-05-09 18:00:00+00:00,63,6,74.0,14.6,0.0,46.432335,14.134615
2026-05-09 18:00:00+00:00,76,6,73.0,15.8,0.0,46.291737,14.233227
2026-05-09 18:00:00+00:00,106,6,67.0,17.5,0.0,46.22144,14.354067
2026-05-09 18:00:00+00:00,122,6,64.0,20.1,0.0,46.08084,14.45151
2026-05-09 18:00:00+00:00,127,6,62.0,18.0,0.0,46.151142,14.474522
2026-05-09 18:00:00+00:00,129,6,63.0,17.1,0.0,46.010544,14.571429
2026-05-09 18:00:00+00:00,177,6,61.0,14.4,0.0,45.65905,14.88189
2026-05-09 18:00:00+00:00,194,6,50.0,13.6,0.0,46.502636,15.024076
2026-05-09 18:00:00+00:00,236,6,57.0,17.9,0.0,45.79965,15.213271
2026-05-09 18:00:00+00:00,325,6,52.0,14.3,0.6,46.572933,15.62701
2026-05-09 18:00:00+00:00,391,6,27.0,16.8,0.5,46.71353,16.112904
2026-05-09 18:00:00+00:00,422,6,49.0,16.0,0.5,46.22144,15.21531
2026-05-09 18:00:00+00:00,425,6,58.0,18.0,0.2,45.940243,15.546751
2026-05-09 18:00:00+00:00,426,6,74.0,18.3,0.0,45.51845,13.704866
2026-05-09 19:00:00+00:00,63,1,2.0,12.9,0.0,46.432335,14.134615
2026-05-09 19:00:00+00:00,76,1,2.0,14.8,0.1,46.291737,14.233227
2026-05-09 19:00:00+00:00,106,1,2.0,15.4,0.0,46.22144,14.354067
2026-05-09 19:00:00+00:00,122,1,2.0,17.7,0.0,46.08084,14.45151
2026-05-09 19:00:00+00:00,127,1,1.0,15.6,0.0,46.151142,14.474522
2026-05-09 19:00:00+00:00,129,1,1.0,16.0,0.0,46.010544,14.571429
2026-05-09 19:00:00+00:00,177,1,1.0,12.0,0.0,45.65905,14.88189
2026-05-09 19:00:00+00:00,194,1,1.0,12.0,0.0,46.502636,15.024076
2026-05-09 19:00:00+00:00,236,1,1.0,16.0,0.3,45.79965,15.213271
2026-05-09 19:00:00+00:00,325,1,1.0,13.7,0.4,46.572933,15.62701
2026-05-09 19:00:00+00:00,391,1,0.0,14.1,3.4,46.71353,16.112904
2026-05-09 19:00:00+00:00,422,1,1.0,15.4,0.2,46.22144,15.21531
2026-05-09 19:00:00+00:00,425,1,1.0,15.0,0.0,45.940243,15.546751
2026-05-09 19:00:00+00:00,426,1,2.0,17.2,0.0,45.51845,13.704866
2026-05-09 20:00:00+00:00,63,2,0.0,11.2,0.0,46.432335,14.134615
2026-05-09 20:00:00+00:00,76,2,0.0,13.1,0.0,46.291737,14.233227
2026-05-09 20:00:00+00:00,106,2,0.0,14.0,0.0,46.22144,14.354067
2026-05-09 20:00:00+00:00,122,2,0.0,16.0,0.0,46.08084,14.45151
2026-05-09 20:00:00+00:00,127,2,0.0,14.6,0.0,46.151142,14.474522
2026-05-09 20:00:00+00:00,129,2,0.0,14.6,0.0,46.010544,14.571429
2026-05-09 20:00:00+00:00,177,2,0.0,11.1,0.1,45.65905,14.88189
2026-05-09 20:00:00+00:00,194,2,0.0,11.8,0.1,46.502636,15.024076
2026-05-09 20:00:00+00:00,236,2,0.0,14.5,0.0,45.79965,15.213271
2026-05-09 20:00:00+00:00,325,2,0.0,13.0,1.1,46.572933,15.62701
2026-05-09 20:00:00+00:00,391,2,0.0,14.1,0.5,46.71353,16.112904
2026-05-09 20:00:00+00:00,422,2,0.0,14.8,0.0,46.22144,15.21531
2026-05-09 20:00:00+00:00,425,2,0.0,14.1,0.0,45.940243,15.546751
2026-05-09 20:00:00+00:00,426,2,0.0,17.1,0.0,45.51845,13.704866
2026-05-09 21:00:00+00:00,63,3,0.0,9.8,0.0,46.432335,14.134615
2026-05-09 21:00:00+00:00,76,3,0.0,11.6,0.0,46.291737,14.233227
2026-05-09 21:00:00+00:00,106,3,0.0,13.4,0.0,46.22144,14.354067
2026-05-09 21:00:00+00:00,122,3,0.0,14.7,0.0,46.08084,14.45151
2026-05-09 21:00:00+00:00,127,3,0.0,12.8,0.0,46.151142,14.474522
2026-05-09 21:00:00+00:00,129,3,0.0,13.5,0.0,46.010544,14.571429
2026-05-09 21:00:00+00:00,177,3,0.0,9.5,0.0,45.65905,14.88189
2026-05-09 21:00:00+00:00,194,3,0.0,11.1,0.0,46.502636,15.024076
2026-05-09 21:00:00+00:00,236,3,0.0,13.0,0.0,45.79965,15.213271
2026-05-09 21:00:00+00:00,325,3,0.0,12.6,0.0,46.572933,15.62701
2026-05-09 21:00:00+00:00,391,3,0.0,13.2,0.0,46.71353,16.112904
2026-05-09 21:00:00+00:00,422,3,0.0,14.2,0.0,46.22144,15.21531
2026-05-09 21:00:00+00:00,425,3,0.0,13.4,0.0,45.940243,15.546751
2026-05-09 21:00:00+00:00,426,3,0.0,16.0,0.0,45.51845,13.704866
2026-05-10 00:00:00+00:00,63,6,0.0,8.5,0.0,46.432335,14.134615
2026-05-10 00:00:00+00:00,76,6,0.0,8.2,0.0,46.291737,14.233227
2026-05-10 00:00:00+00:00,106,6,0.0,10.1,0.0,46.22144,14.354067
2026-05-10 00:00:00+00:00,122,6,0.0,12.4,0.0,46.08084,14.45151
2026-05-10 00:00:00+00:00,127,6,0.0,10.6,0.0,46.151142,14.474522
2026-05-10 00:00:00+00:00,129,6,0.0,10.7,0.0,46.010544,14.571429
2026-05-10 00:00:00+00:00,177,6,0.0,6.3,0.0,45.65905,14.88189
2026-05-10 00:00:00+00:00,194,6,0.0,9.4,0.0,46.502636,15.024076
2026-05-10 00:00:00+00:00,236,6,0.0,11.6,0.0,45.79965,15.213271
2026-05-10 00:00:00+00:00,325,6,0.0,12.2,0.0,46.572933,15.62701
2026-05-10 00:00:00+00:00,391,6,0.0,10.5,0.0,46.71353,16.112904
2026-05-10 00:00:00+00:00,422,6,0.0,11.7,0.0,46.22144,15.21531
2026-05-10 00:00:00+00:00,425,6,0.0,11.3,0.0,45.940243,15.546751
2026-05-10 00:00:00+00:00,426,6,0.0,12.1,0.0,45.51845,13.704866
2026-05-10 12:00:00+00:00,63,24,519.0,18.4,0.0,46.432335,14.134615
2026-05-10 12:00:00+00:00,76,24,506.0,19.0,0.1,46.291737,14.233227
2026-05-10 12:00:00+00:00,106,24,458.0,20.4,0.1,46.22144,14.354067
2026-05-10 12:00:00+00:00,122,24,470.0,22.6,0.0,46.08084,14.45151
2026-05-10 12:00:00+00:00,127,24,427.0,20.5,0.0,46.151142,14.474522
2026-05-10 12:00:00+00:00,129,24,476.0,20.8,0.0,46.010544,14.571429
2026-05-10 12:00:00+00:00,177,24,523.0,17.2,0.0,45.65905,14.88189
2026-05-10 12:00:00+00:00,194,24,680.0,20.6,0.1,46.502636,15.024076
2026-05-10 12:00:00+00:00,236,24,476.0,21.3,0.0,45.79965,15.213271
2026-05-10 12:00:00+00:00,325,24,728.0,21.9,0.0,46.572933,15.62701
2026-05-10 12:00:00+00:00,391,24,670.0,22.2,0.0,46.71353,16.112904
2026-05-10 12:00:00+00:00,422,24,513.0,22.0,0.0,46.22144,15.21531
2026-05-10 12:00:00+00:00,425,24,543.0,22.1,0.0,45.940243,15.546751
2026-05-10 12:00:00+00:00,426,24,554.0,21.4,0.0,45.51845,13.704866
2026-05-10 18:00:00+00:00,63,24,71.0,14.8,0.0,46.432335,14.134615
2026-05-10 18:00:00+00:00,76,24,72.0,14.4,0.0,46.291737,14.233227
2026-05-10 18:00:00+00:00,106,24,66.0,16.5,0.0,46.22144,14.354067
2026-05-10 18:00:00+00:00,122,24,64.0,18.9,0.0,46.08084,14.45151
2026-05-10 18:00:00+00:00,127,24,61.0,17.0,0.0,46.151142,14.474522
2026-05-10 18:00:00+00:00,129,24,65.0,17.9,0.0,46.010544,14.571429
2026-05-10 18:00:00+00:00,177,24,60.0,12.6,0.0,45.65905,14.88189
2026-05-10 18:00:00+00:00,194,24,60.0,17.5,0.0,46.502636,15.024076
2026-05-10 18:00:00+00:00,236,24,61.0,17.7,0.0,45.79965,15.213271
2026-05-10 18:00:00+00:00,325,24,57.0,18.2,0.0,46.572933,15.62701
2026-05-10 18:00:00+00:00,391,24,54.0,18.7,0.0,46.71353,16.112904
2026-05-10 18:00:00+00:00,422,24,62.0,19.2,0.0,46.22144,15.21531
2026-05-10 18:00:00+00:00,425,24,52.0,17.9,0.0,45.940243,15.546751
2026-05-10 18:00:00+00:00,426,24,52.0,18.8,0.0,45.51845,13.704866
2026-05-10 01:00:00+00:00,63,1,0.0,9.1,0.0,46.432335,14.134615
2026-05-10 01:00:00+00:00,76,1,0.0,9.2,0.0,46.291737,14.233227
2026-05-10 01:00:00+00:00,106,1,0.0,10.2,0.0,46.22144,14.354067
2026-05-10 01:00:00+00:00,122,1,0.0,12.0,0.0,46.08084,14.45151
2026-05-10 01:00:00+00:00,127,1,0.0,10.0,0.0,46.151142,14.474522
2026-05-10 01:00:00+00:00,129,1,0.0,10.7,0.0,46.010544,14.571429
2026-05-10 01:00:00+00:00,177,1,0.0,5.8,0.0,45.65905,14.88189
2026-05-10 01:00:00+00:00,194,1,0.0,9.1,0.0,46.502636,15.024076
2026-05-10 01:00:00+00:00,236,1,0.0,11.6,0.0,45.79965,15.213271
2026-05-10 01:00:00+00:00,325,1,0.0,12.0,0.1,46.572933,15.62701
2026-05-10 01:00:00+00:00,391,1,0.0,10.0,0.0,46.71353,16.112904
2026-05-10 01:00:00+00:00,422,1,0.0,10.5,0.0,46.22144,15.21531
2026-05-10 01:00:00+00:00,425,1,0.0,10.9,0.0,45.940243,15.546751
2026-05-10 01:00:00+00:00,426,1,0.0,12.1,0.0,45.51845,13.704866
2026-05-10 02:00:00+00:00,63,2,0.0,9.0,0.0,46.432335,14.134615
2026-05-10 02:00:00+00:00,76,2,0.0,8.7,0.0,46.291737,14.233227
2026-05-10 02:00:00+00:00,106,2,0.0,9.8,0.0,46.22144,14.354067
2026-05-10 02:00:00+00:00,122,2,0.0,11.1,0.0,46.08084,14.45151
2026-05-10 02:00:00+00:00,127,2,0.0,9.4,0.0,46.151142,14.474522
2026-05-10 02:00:00+00:00,129,2,0.0,9.7,0.0,46.010544,14.571429
2026-05-10 02:00:00+00:00,177,2,0.0,5.4,0.0,45.65905,14.88189
2026-05-10 02:00:00+00:00,194,2,0.0,9.0,0.0,46.502636,15.024076
2026-05-10 02:00:00+00:00,236,2,0.0,10.9,0.0,45.79965,15.213271
2026-05-10 02:00:00+00:00,325,2,0.0,11.8,0.0,46.572933,15.62701
2026-05-10 02:00:00+00:00,391,2,0.0,9.6,0.0,46.71353,16.112904
2026-05-10 02:00:00+00:00,422,2,0.0,9.9,0.0,46.22144,15.21531
2026-05-10 02:00:00+00:00,425,2,0.0,10.2,0.0,45.940243,15.546751
2026-05-10 02:00:00+00:00,426,2,0.0,11.8,0.0,45.51845,13.704866
2026-05-10 03:00:00+00:00,63,3,0.0,8.9,0.0,46.432335,14.134615
2026-05-10 03:00:00+00:00,76,3,0.0,8.4,0.0,46.291737,14.233227
2026-05-10 03:00:00+00:00,106,3,0.0,9.5,0.0,46.22144,14.354067
2026-05-10 03:00:00+00:00,122,3,0.0,10.3,0.0,46.08084,14.45151
2026-05-10 03:00:00+00:00,127,3,0.0,9.1,0.0,46.151142,14.474522
2026-05-10 03:00:00+00:00,129,3,0.0,9.1,0.0,46.010544,14.571429
2026-05-10 03:00:00+00:00,177,3,0.0,5.3,0.0,45.65905,14.88189
2026-05-10 03:00:00+00:00,194,3,0.0,8.8,0.0,46.502636,15.024076
2026-05-10 03:00:00+00:00,236,3,0.0,10.5,0.0,45.79965,15.213271
2026-05-10 03:00:00+00:00,325,3,0.0,11.6,0.0,46.572933,15.62701
2026-05-10 03:00:00+00:00,391,3,0.0,9.5,0.0,46.71353,16.112904
2026-05-10 03:00:00+00:00,422,3,0.0,9.7,0.0,46.22144,15.21531
2026-05-10 03:00:00+00:00,425,3,0.0,9.6,0.0,45.940243,15.546751
2026-05-10 03:00:00+00:00,426,3,0.0,11.4,0.0,45.51845,13.704866
2026-05-10 06:00:00+00:00,63,6,223.0,13.1,0.0,46.432335,14.134615
2026-05-10 06:00:00+00:00,76,6,230.0,13.3,0.0,46.291737,14.233227
2026-05-10 06:00:00+00:00,106,6,227.0,13.4,0.0,46.22144,14.354067
2026-05-10 06:00:00+00:00,122,6,218.0,13.6,0.0,46.08084,14.45151
2026-05-10 06:00:00+00:00,127,6,222.0,12.5,0.0,46.151142,14.474522
2026-05-10 06:00:00+00:00,129,6,220.0,13.5,0.0,46.010544,14.571429
2026-05-10 06:00:00+00:00,177,6,219.0,10.5,0.0,45.65905,14.88189
2026-05-10 06:00:00+00:00,194,6,229.0,13.8,0.0,46.502636,15.024076
2026-05-10 06:00:00+00:00,236,6,231.0,13.6,0.0,45.79965,15.213271
2026-05-10 06:00:00+00:00,325,6,247.0,13.7,0.0,46.572933,15.62701
2026-05-10 06:00:00+00:00,391,6,240.0,13.0,0.0,46.71353,16.112904
2026-05-10 06:00:00+00:00,422,6,242.0,13.8,0.0,46.22144,15.21531
2026-05-10 06:00:00+00:00,425,6,239.0,14.0,0.0,45.940243,15.546751
2026-05-10 06:00:00+00:00,426,6,172.0,17.0,0.0,45.51845,13.704866
2026-05-10 07:00:00+00:00,63,1,349.0,14.7,0.0,46.432335,14.134615
2026-05-10 07:00:00+00:00,76,1,352.0,14.1,0.0,46.291737,14.233227
2026-05-10 07:00:00+00:00,106,1,342.0,14.4,0.0,46.22144,14.354067
2026-05-10 07:00:00+00:00,122,1,344.0,15.3,0.0,46.08084,14.45151
2026-05-10 07:00:00+00:00,127,1,336.0,14.0,0.0,46.151142,14.474522
2026-05-10 07:00:00+00:00,129,1,361.0,15.1,0.0,46.010544,14.571429
2026-05-10 07:00:00+00:00,177,1,352.0,11.9,0.0,45.65905,14.88189
2026-05-10 07:00:00+00:00,194,1,386.0,15.6,0.0,46.502636,15.024076
2026-05-10 07:00:00+00:00,236,1,385.0,15.1,0.0,45.79965,15.213271
2026-05-10 07:00:00+00:00,325,1,359.0,14.6,0.0,46.572933,15.62701
2026-05-10 07:00:00+00:00,391,1,406.0,14.1,0.0,46.71353,16.112904
2026-05-10 07:00:00+00:00,422,1,387.0,15.3,0.0,46.22144,15.21531
2026-05-10 07:00:00+00:00,425,1,405.0,15.0,0.0,45.940243,15.546751
2026-05-10 07:00:00+00:00,426,1,307.0,19.6,0.0,45.51845,13.704866
2026-05-10 08:00:00+00:00,63,2,311.0,15.6,0.1,46.432335,14.134615
2026-05-10 08:00:00+00:00,76,2,413.0,14.8,0.0,46.291737,14.233227
2026-05-10 08:00:00+00:00,106,2,471.0,15.9,0.0,46.22144,14.354067
2026-05-10 08:00:00+00:00,122,2,477.0,17.7,0.0,46.08084,14.45151
2026-05-10 08:00:00+00:00,127,2,484.0,16.3,0.0,46.151142,14.474522
2026-05-10 08:00:00+00:00,129,2,472.0,17.1,0.0,46.010544,14.571429
2026-05-10 08:00:00+00:00,177,2,483.0,13.6,0.0,45.65905,14.88189
2026-05-10 08:00:00+00:00,194,2,452.0,17.0,0.0,46.502636,15.024076
2026-05-10 08:00:00+00:00,236,2,494.0,17.0,0.0,45.79965,15.213271
2026-05-10 08:00:00+00:00,325,2,475.0,16.4,0.0,46.572933,15.62701
2026-05-10 08:00:00+00:00,391,2,592.0,15.8,0.0,46.71353,16.112904
2026-05-10 08:00:00+00:00,422,2,459.0,17.2,0.0,46.22144,15.21531
2026-05-10 08:00:00+00:00,425,2,535.0,16.8,0.0,45.940243,15.546751
2026-05-10 08:00:00+00:00,426,2,447.0,21.2,0.0,45.51845,13.704866
2026-05-10 09:00:00+00:00,63,3,550.0,16.9,0.3,46.432335,14.134615
2026-05-10 09:00:00+00:00,76,3,598.0,16.6,0.0,46.291737,14.233227
2026-05-10 09:00:00+00:00,106,3,621.0,17.8,0.0,46.22144,14.354067
2026-05-10 09:00:00+00:00,122,3,624.0,19.8,0.0,46.08084,14.45151
2026-05-10 09:00:00+00:00,127,3,622.0,18.3,0.0,46.151142,14.474522
2026-05-10 09:00:00+00:00,129,3,606.0,18.8,0.0,46.010544,14.571429
2026-05-10 09:00:00+00:00,177,3,561.0,15.0,0.0,45.65905,14.88189
2026-05-10 09:00:00+00:00,194,3,532.0,17.7,0.0,46.502636,15.024076
2026-05-10 09:00:00+00:00,236,3,620.0,18.5,0.0,45.79965,15.213271
2026-05-10 09:00:00+00:00,325,3,578.0,18.5,0.0,46.572933,15.62701
2026-05-10 09:00:00+00:00,391,3,725.0,17.3,0.0,46.71353,16.112904
2026-05-10 09:00:00+00:00,422,3,403.0,18.5,0.0,46.22144,15.21531
2026-05-10 09:00:00+00:00,425,3,618.0,18.6,0.0,45.940243,15.546751
2026-05-10 09:00:00+00:00,426,3,585.0,22.4,0.0,45.51845,13.704866
2026-05-10 12:00:00+00:00,63,6,735.0,19.9,0.0,46.432335,14.134615
2026-05-10 12:00:00+00:00,76,6,747.0,19.8,0.1,46.291737,14.233227
2026-05-10 12:00:00+00:00,106,6,719.0,21.1,0.0,46.22144,14.354067
2026-05-10 12:00:00+00:00,122,6,717.0,23.2,0.1,46.08084,14.45151
2026-05-10 12:00:00+00:00,127,6,697.0,21.1,0.0,46.151142,14.474522
2026-05-10 12:00:00+00:00,129,6,740.0,22.1,0.0,46.010544,14.571429
2026-05-10 12:00:00+00:00,177,6,510.0,17.4,0.0,45.65905,14.88189
2026-05-10 12:00:00+00:00,194,6,685.0,20.7,0.0,46.502636,15.024076
2026-05-10 12:00:00+00:00,236,6,739.0,21.9,0.0,45.79965,15.213271
2026-05-10 12:00:00+00:00,325,6,685.0,21.8,0.0,46.572933,15.62701
2026-05-10 12:00:00+00:00,391,6,634.0,20.4,0.0,46.71353,16.112904
2026-05-10 12:00:00+00:00,422,6,616.0,22.1,0.0,46.22144,15.21531
2026-05-10 12:00:00+00:00,425,6,649.0,21.9,0.0,45.940243,15.546751
2026-05-10 12:00:00+00:00,426,6,399.0,21.6,0.0,45.51845,13.704866
2026-05-10 13:00:00+00:00,63,1,729.0,20.1,0.0,46.432335,14.134615
2026-05-10 13:00:00+00:00,76,1,724.0,19.9,0.0,46.291737,14.233227
2026-05-10 13:00:00+00:00,106,1,703.0,21.6,0.1,46.22144,14.354067
2026-05-10 13:00:00+00:00,122,1,663.0,23.6,0.0,46.08084,14.45151
2026-05-10 13:00:00+00:00,127,1,672.0,22.0,0.0,46.151142,14.474522
2026-05-10 13:00:00+00:00,129,1,656.0,22.6,0.0,46.010544,14.571429
2026-05-10 13:00:00+00:00,177,1,703.0,18.5,0.0,45.65905,14.88189
2026-05-10 13:00:00+00:00,194,1,605.0,20.8,0.1,46.502636,15.024076
2026-05-10 13:00:00+00:00,236,1,740.0,22.8,0.0,45.79965,15.213271
2026-05-10 13:00:00+00:00,325,1,614.0,22.0,0.0,46.572933,15.62701
2026-05-10 13:00:00+00:00,391,1,545.0,21.5,0.0,46.71353,16.112904
2026-05-10 13:00:00+00:00,422,1,636.0,22.5,0.0,46.22144,15.21531
2026-05-10 13:00:00+00:00,425,1,639.0,22.3,0.0,45.940243,15.546751
2026-05-10 13:00:00+00:00,426,1,592.0,21.5,0.0,45.51845,13.704866
2026-05-10 14:00:00+00:00,63,2,614.0,19.6,0.1,46.432335,14.134615
2026-05-10 14:00:00+00:00,76,2,665.0,19.5,0.1,46.291737,14.233227
2026-05-10 14:00:00+00:00,106,2,653.0,21.5,0.0,46.22144,14.354067
2026-05-10 14:00:00+00:00,122,2,621.0,23.5,0.0,46.08084,14.45151
2026-05-10 14:00:00+00:00,127,2,623.0,21.8,0.0,46.151142,14.474522
2026-05-10 14:00:00+00:00,129,2,607.0,22.6,0.0,46.010544,14.571429
2026-05-10 14:00:00+00:00,177,2,564.0,17.6,0.0,45.65905,14.88189
2026-05-10 14:00:00+00:00,194,2,611.0,21.5,0.0,46.502636,15.024076
2026-05-10 14:00:00+00:00,236,2,618.0,23.0,0.0,45.79965,15.213271
2026-05-10 14:00:00+00:00,325,2,525.0,21.9,0.0,46.572933,15.62701
2026-05-10 14:00:00+00:00,391,2,395.0,22.0,0.0,46.71353,16.112904
2026-05-10 14:00:00+00:00,422,2,619.0,22.6,0.1,46.22144,15.21531
2026-05-10 14:00:00+00:00,425,2,649.0,22.7,0.1,45.940243,15.546751
2026-05-10 14:00:00+00:00,426,2,313.0,20.1,0.0,45.51845,13.704866
2026-05-10 15:00:00+00:00,63,3,296.0,18.0,0.0,46.432335,14.134615
2026-05-10 15:00:00+00:00,76,3,328.0,17.5,0.0,46.291737,14.233227
2026-05-10 15:00:00+00:00,106,3,411.0,19.8,0.0,46.22144,14.354067
2026-05-10 15:00:00+00:00,122,3,362.0,21.6,0.0,46.08084,14.45151
2026-05-10 15:00:00+00:00,127,3,442.0,20.4,0.0,46.151142,14.474522
2026-05-10 15:00:00+00:00,129,3,349.0,20.7,0.0,46.010544,14.571429
2026-05-10 15:00:00+00:00,177,3,365.0,16.0,0.0,45.65905,14.88189
2026-05-10 15:00:00+00:00,194,3,510.0,21.4,0.0,46.502636,15.024076
2026-05-10 15:00:00+00:00,236,3,458.0,22.8,0.0,45.79965,15.213271
2026-05-10 15:00:00+00:00,325,3,526.0,22.5,0.0,46.572933,15.62701
2026-05-10 15:00:00+00:00,391,3,358.0,21.3,0.0,46.71353,16.112904
2026-05-10 15:00:00+00:00,422,3,446.0,22.7,0.0,46.22144,15.21531
2026-05-10 15:00:00+00:00,425,3,510.0,22.7,0.5,45.940243,15.546751
2026-05-10 15:00:00+00:00,426,3,173.0,18.7,0.0,45.51845,13.704866
2026-05-10 18:00:00+00:00,63,6,17.0,14.6,0.0,46.432335,14.134615
2026-05-10 18:00:00+00:00,76,6,17.0,14.5,0.0,46.291737,14.233227
2026-05-10 18:00:00+00:00,106,6,20.0,16.2,0.0,46.22144,14.354067
2026-05-10 18:00:00+00:00,122,6,16.0,18.1,0.0,46.08084,14.45151
2026-05-10 18:00:00+00:00,127,6,19.0,16.6,0.0,46.151142,14.474522
2026-05-10 18:00:00+00:00,129,6,20.0,17.5,0.0,46.010544,14.571429
2026-05-10 18:00:00+00:00,177,6,26.0,13.0,0.0,45.65905,14.88189
2026-05-10 18:00:00+00:00,194,6,37.0,17.2,0.0,46.502636,15.024076
2026-05-10 18:00:00+00:00,236,6,38.0,18.3,0.0,45.79965,15.213271
2026-05-10 18:00:00+00:00,325,6,57.0,19.1,0.0,46.572933,15.62701
2026-05-10 18:00:00+00:00,391,6,57.0,18.4,0.0,46.71353,16.112904
2026-05-10 18:00:00+00:00,422,6,25.0,19.1,0.0,46.22144,15.21531
2026-05-10 18:00:00+00:00,425,6,33.0,19.3,0.0,45.940243,15.546751
2026-05-10 18:00:00+00:00,426,6,33.0,16.2,0.7,45.51845,13.704866
2026-05-10 19:00:00+00:00,63,1,1.0,13.6,0.0,46.432335,14.134615
2026-05-10 19:00:00+00:00,76,1,1.0,13.8,0.0,46.291737,14.233227
2026-05-10 19:00:00+00:00,106,1,1.0,15.5,0.0,46.22144,14.354067
2026-05-10 19:00:00+00:00,122,1,1.0,17.3,0.0,46.08084,14.45151
2026-05-10 19:00:00+00:00,127,1,1.0,16.1,0.0,46.151142,14.474522
2026-05-10 19:00:00+00:00,129,1,1.0,16.7,0.0,46.010544,14.571429
2026-05-10 19:00:00+00:00,177,1,1.0,11.3,0.0,45.65905,14.88189
2026-05-10 19:00:00+00:00,194,1,1.0,16.3,0.1,46.502636,15.024076
2026-05-10 19:00:00+00:00,236,1,1.0,17.0,0.0,45.79965,15.213271
2026-05-10 19:00:00+00:00,325,1,1.0,18.0,0.0,46.572933,15.62701
2026-05-10 19:00:00+00:00,391,1,1.0,17.8,0.0,46.71353,16.112904
2026-05-10 19:00:00+00:00,422,1,0.0,17.9,0.0,46.22144,15.21531
2026-05-10 19:00:00+00:00,425,1,0.0,17.9,0.0,45.940243,15.546751
2026-05-10 19:00:00+00:00,426,1,1.0,16.1,0.1,45.51845,13.704866
2026-05-10 20:00:00+00:00,63,2,0.0,13.2,0.0,46.432335,14.134615
2026-05-10 20:00:00+00:00,76,2,0.0,13.1,0.0,46.291737,14.233227
2026-05-10 20:00:00+00:00,106,2,0.0,14.1,0.0,46.22144,14.354067
2026-05-10 20:00:00+00:00,122,2,0.0,16.4,0.0,46.08084,14.45151
2026-05-10 20:00:00+00:00,127,2,0.0,14.4,0.0,46.151142,14.474522
2026-05-10 20:00:00+00:00,129,2,0.0,15.5,0.0,46.010544,14.571429
2026-05-10 20:00:00+00:00,177,2,0.0,10.8,0.0,45.65905,14.88189
2026-05-10 20:00:00+00:00,194,2,0.0,15.2,0.1,46.502636,15.024076
2026-05-10 20:00:00+00:00,236,2,0.0,14.7,0.0,45.79965,15.213271
2026-05-10 20:00:00+00:00,325,2,0.0,17.5,0.0,46.572933,15.62701
2026-05-10 20:00:00+00:00,391,2,0.0,17.3,0.0,46.71353,16.112904
2026-05-10 20:00:00+00:00,422,2,0.0,16.9,0.0,46.22144,15.21531
2026-05-10 20:00:00+00:00,425,2,0.0,16.8,0.0,45.940243,15.546751
2026-05-10 20:00:00+00:00,426,2,0.0,15.8,0.2,45.51845,13.704866
2026-05-10 21:00:00+00:00,63,3,0.0,12.4,0.0,46.432335,14.134615
2026-05-10 21:00:00+00:00,76,3,0.0,12.1,0.0,46.291737,14.233227
2026-05-10 21:00:00+00:00,106,3,0.0,13.5,0.0,46.22144,14.354067
2026-05-10 21:00:00+00:00,122,3,0.0,15.9,0.0,46.08084,14.45151
2026-05-10 21:00:00+00:00,127,3,0.0,14.0,0.0,46.151142,14.474522
2026-05-10 21:00:00+00:00,129,3,0.0,15.0,0.0,46.010544,14.571429
2026-05-10 21:00:00+00:00,177,3,0.0,10.8,0.0,45.65905,14.88189
2026-05-10 21:00:00+00:00,194,3,0.0,14.5,0.0,46.502636,15.024076
2026-05-10 21:00:00+00:00,236,3,0.0,13.7,0.0,45.79965,15.213271
2026-05-10 21:00:00+00:00,325,3,0.0,16.4,0.0,46.572933,15.62701
2026-05-10 21:00:00+00:00,391,3,0.0,16.8,0.0,46.71353,16.112904
2026-05-10 21:00:00+00:00,422,3,0.0,15.5,0.0,46.22144,15.21531
2026-05-10 21:00:00+00:00,425,3,0.0,15.2,0.0,45.940243,15.546751
2026-05-10 21:00:00+00:00,426,3,0.0,15.4,0.3,45.51845,13.704866
2026-05-11 00:00:00+00:00,63,6,0.0,9.8,0.0,46.432335,14.134615
2026-05-11 00:00:00+00:00,63,24,0.0,8.5,0.0,46.432335,14.134615
2026-05-11 00:00:00+00:00,76,6,0.0,10.7,0.0,46.291737,14.233227
2026-05-11 00:00:00+00:00,76,24,0.0,9.9,0.0,46.291737,14.233227
2026-05-11 00:00:00+00:00,106,6,0.0,12.0,0.0,46.22144,14.354067
2026-05-11 00:00:00+00:00,106,24,0.0,10.7,0.0,46.22144,14.354067
2026-05-11 00:00:00+00:00,122,6,0.0,13.4,0.0,46.08084,14.45151
2026-05-11 00:00:00+00:00,122,24,0.0,12.1,0.0,46.08084,14.45151
2026-05-11 00:00:00+00:00,127,6,0.0,12.2,0.4,46.151142,14.474522
2026-05-11 00:00:00+00:00,127,24,0.0,10.4,0.0,46.151142,14.474522
2026-05-11 00:00:00+00:00,129,6,0.0,12.5,0.1,46.010544,14.571429
2026-05-11 00:00:00+00:00,129,24,0.0,12.6,0.0,46.010544,14.571429
2026-05-11 00:00:00+00:00,177,6,0.0,9.8,0.3,45.65905,14.88189
2026-05-11 00:00:00+00:00,177,24,0.0,8.6,0.0,45.65905,14.88189
2026-05-11 00:00:00+00:00,194,6,0.0,11.7,0.0,46.502636,15.024076
2026-05-11 00:00:00+00:00,194,24,0.0,10.0,0.0,46.502636,15.024076
2026-05-11 00:00:00+00:00,236,6,0.0,13.7,0.4,45.79965,15.213271
2026-05-11 00:00:00+00:00,236,24,0.0,12.7,0.0,45.79965,15.213271
2026-05-11 00:00:00+00:00,325,6,0.0,14.3,0.0,46.572933,15.62701
2026-05-11 00:00:00+00:00,325,24,0.0,13.3,0.0,46.572933,15.62701
2026-05-11 00:00:00+00:00,391,6,0.0,16.4,0.0,46.71353,16.112904
2026-05-11 00:00:00+00:00,391,24,0.0,14.2,0.0,46.71353,16.112904
2026-05-11 00:00:00+00:00,422,6,0.0,14.2,0.5,46.22144,15.21531
2026-05-11 00:00:00+00:00,422,24,0.0,14.1,0.0,46.22144,15.21531
2026-05-11 00:00:00+00:00,425,6,0.0,14.2,0.1,45.940243,15.546751
2026-05-11 00:00:00+00:00,425,24,0.0,13.3,0.0,45.940243,15.546751
2026-05-11 00:00:00+00:00,426,6,0.0,14.6,0.0,45.51845,13.704866
2026-05-11 00:00:00+00:00,426,24,0.0,14.0,0.0,45.51845,13.704866
2026-05-11 06:00:00+00:00,63,24,124.0,13.0,0.0,46.432335,14.134615
2026-05-11 06:00:00+00:00,76,24,118.0,12.5,0.1,46.291737,14.233227
2026-05-11 06:00:00+00:00,106,24,142.0,13.7,0.0,46.22144,14.354067
2026-05-11 06:00:00+00:00,122,24,173.0,14.8,0.0,46.08084,14.45151
2026-05-11 06:00:00+00:00,127,24,169.0,13.5,0.0,46.151142,14.474522
2026-05-11 06:00:00+00:00,129,24,189.0,14.4,0.0,46.010544,14.571429
2026-05-11 06:00:00+00:00,177,24,153.0,12.1,0.0,45.65905,14.88189
2026-05-11 06:00:00+00:00,194,24,229.0,14.5,0.0,46.502636,15.024076
2026-05-11 06:00:00+00:00,236,24,218.0,14.7,0.0,45.79965,15.213271
2026-05-11 06:00:00+00:00,325,24,255.0,17.0,0.0,46.572933,15.62701
2026-05-11 06:00:00+00:00,391,24,254.0,15.8,0.0,46.71353,16.112904
2026-05-11 06:00:00+00:00,422,24,241.0,15.5,0.0,46.22144,15.21531
2026-05-11 06:00:00+00:00,425,24,241.0,14.5,0.0,45.940243,15.546751
2026-05-11 06:00:00+00:00,426,24,117.0,15.4,3.1,45.51845,13.704866
2026-05-11 12:00:00+00:00,63,24,501.0,16.6,0.1,46.432335,14.134615
2026-05-11 12:00:00+00:00,76,24,538.0,16.3,0.2,46.291737,14.233227
2026-05-11 12:00:00+00:00,106,24,674.0,18.6,0.2,46.22144,14.354067
2026-05-11 12:00:00+00:00,122,24,657.0,19.4,0.1,46.08084,14.45151
2026-05-11 12:00:00+00:00,127,24,735.0,18.6,0.1,46.151142,14.474522
2026-05-11 12:00:00+00:00,129,24,627.0,18.2,0.1,46.010544,14.571429
2026-05-11 12:00:00+00:00,177,24,530.0,14.7,0.0,45.65905,14.88189
2026-05-11 12:00:00+00:00,194,24,718.0,19.3,1.8,46.502636,15.024076
2026-05-11 12:00:00+00:00,236,24,621.0,20.5,0.0,45.79965,15.213271
2026-05-11 12:00:00+00:00,325,24,684.0,21.6,0.0,46.572933,15.62701
2026-05-11 12:00:00+00:00,391,24,563.0,21.1,0.0,46.71353,16.112904
2026-05-11 12:00:00+00:00,422,24,729.0,21.3,0.7,46.22144,15.21531
2026-05-11 12:00:00+00:00,425,24,647.0,21.5,0.3,45.940243,15.546751
2026-05-11 12:00:00+00:00,426,24,565.0,19.6,0.2,45.51845,13.704866
2026-05-11 18:00:00+00:00,63,24,45.0,13.0,0.1,46.432335,14.134615
2026-05-11 18:00:00+00:00,76,24,25.0,12.8,0.4,46.291737,14.233227
2026-05-11 18:00:00+00:00,106,24,24.0,13.6,2.3,46.22144,14.354067
2026-05-11 18:00:00+00:00,122,24,26.0,14.8,0.7,46.08084,14.45151
2026-05-11 18:00:00+00:00,127,24,29.0,13.7,3.8,46.151142,14.474522
2026-05-11 18:00:00+00:00,129,24,37.0,14.1,0.3,46.010544,14.571429
2026-05-11 18:00:00+00:00,177,24,34.0,11.2,0.3,45.65905,14.88189
2026-05-11 18:00:00+00:00,194,24,40.0,15.0,0.0,46.502636,15.024076
2026-05-11 18:00:00+00:00,236,24,42.0,16.4,0.0,45.79965,15.213271
2026-05-11 18:00:00+00:00,325,24,37.0,16.9,0.0,46.572933,15.62701
2026-05-11 18:00:00+00:00,391,24,47.0,17.5,0.0,46.71353,16.112904
2026-05-11 18:00:00+00:00,422,24,30.0,16.3,0.1,46.22144,15.21531
2026-05-11 18:00:00+00:00,425,24,28.0,17.3,0.0,45.940243,15.546751
2026-05-11 18:00:00+00:00,426,24,54.0,18.4,0.0,45.51845,13.704866
2026-05-11 01:00:00+00:00,63,1,0.0,10.1,0.0,46.432335,14.134615
2026-05-11 01:00:00+00:00,76,1,0.0,11.0,0.0,46.291737,14.233227
2026-05-11 01:00:00+00:00,106,1,0.0,12.5,0.0,46.22144,14.354067
2026-05-11 01:00:00+00:00,122,1,0.0,14.0,0.1,46.08084,14.45151
2026-05-11 01:00:00+00:00,127,1,0.0,12.6,0.7,46.151142,14.474522
2026-05-11 01:00:00+00:00,129,1,0.0,13.1,0.0,46.010544,14.571429
2026-05-11 01:00:00+00:00,177,1,0.0,9.7,0.0,45.65905,14.88189
2026-05-11 01:00:00+00:00,194,1,0.0,12.2,1.0,46.502636,15.024076
2026-05-11 01:00:00+00:00,236,1,0.0,13.7,0.3,45.79965,15.213271
2026-05-11 01:00:00+00:00,325,1,0.0,14.7,0.0,46.572933,15.62701
2026-05-11 01:00:00+00:00,391,1,0.0,15.8,0.0,46.71353,16.112904
2026-05-11 01:00:00+00:00,422,1,0.0,15.1,0.1,46.22144,15.21531
2026-05-11 01:00:00+00:00,425,1,0.0,13.9,2.1,45.940243,15.546751
2026-05-11 01:00:00+00:00,426,1,0.0,14.3,0.0,45.51845,13.704866
2026-05-11 02:00:00+00:00,63,2,0.0,10.7,0.0,46.432335,14.134615
2026-05-11 02:00:00+00:00,76,2,0.0,11.3,0.0,46.291737,14.233227
2026-05-11 02:00:00+00:00,106,2,0.0,12.4,0.1,46.22144,14.354067
2026-05-11 02:00:00+00:00,122,2,0.0,13.9,0.0,46.08084,14.45151
2026-05-11 02:00:00+00:00,127,2,0.0,12.3,0.1,46.151142,14.474522
2026-05-11 02:00:00+00:00,129,2,0.0,12.8,0.0,46.010544,14.571429
2026-05-11 02:00:00+00:00,177,2,0.0,9.3,0.0,45.65905,14.88189
2026-05-11 02:00:00+00:00,194,2,0.0,11.4,1.0,46.502636,15.024076
2026-05-11 02:00:00+00:00,236,2,0.0,12.8,0.0,45.79965,15.213271
2026-05-11 02:00:00+00:00,325,2,0.0,14.3,0.2,46.572933,15.62701
2026-05-11 02:00:00+00:00,391,2,0.0,14.9,0.0,46.71353,16.112904
2026-05-11 02:00:00+00:00,422,2,0.0,14.3,0.4,46.22144,15.21531
2026-05-11 02:00:00+00:00,425,2,0.0,13.1,0.0,45.940243,15.546751
2026-05-11 02:00:00+00:00,426,2,0.0,14.5,0.0,45.51845,13.704866
2026-05-11 03:00:00+00:00,63,3,0.0,11.2,0.0,46.432335,14.134615
2026-05-11 03:00:00+00:00,76,3,0.0,11.6,0.0,46.291737,14.233227
2026-05-11 03:00:00+00:00,106,3,0.0,12.8,0.0,46.22144,14.354067
2026-05-11 03:00:00+00:00,122,3,0.0,14.0,0.0,46.08084,14.45151
2026-05-11 03:00:00+00:00,127,3,0.0,12.7,0.0,46.151142,14.474522
2026-05-11 03:00:00+00:00,129,3,0.0,13.0,0.0,46.010544,14.571429
2026-05-11 03:00:00+00:00,177,3,0.0,9.1,0.0,45.65905,14.88189
2026-05-11 03:00:00+00:00,194,3,0.0,11.2,0.0,46.502636,15.024076
2026-05-11 03:00:00+00:00,236,3,0.0,12.2,0.0,45.79965,15.213271
2026-05-11 03:00:00+00:00,325,3,0.0,13.6,0.0,46.572933,15.62701
2026-05-11 03:00:00+00:00,391,3,0.0,14.1,0.1,46.71353,16.112904
2026-05-11 03:00:00+00:00,422,3,0.0,14.1,0.0,46.22144,15.21531
2026-05-11 03:00:00+00:00,425,3,0.0,12.0,0.0,45.940243,15.546751
2026-05-11 03:00:00+00:00,426,3,0.0,14.3,0.0,45.51845,13.704866
2026-05-11 06:00:00+00:00,63,6,104.0,13.1,0.0,46.432335,14.134615
2026-05-11 06:00:00+00:00,76,6,71.0,12.5,0.0,46.291737,14.233227
2026-05-11 06:00:00+00:00,106,6,71.0,13.8,0.0,46.22144,14.354067
2026-05-11 06:00:00+00:00,122,6,65.0,14.6,0.1,46.08084,14.45151
2026-05-11 06:00:00+00:00,127,6,70.0,13.6,0.1,46.151142,14.474522
2026-05-11 06:00:00+00:00,129,6,81.0,14.2,0.0,46.010544,14.571429
2026-05-11 06:00:00+00:00,177,6,162.0,11.6,0.0,45.65905,14.88189
2026-05-11 06:00:00+00:00,194,6,239.0,14.3,0.0,46.502636,15.024076
2026-05-11 06:00:00+00:00,236,6,233.0,15.8,0.0,45.79965,15.213271
2026-05-11 06:00:00+00:00,325,6,244.0,17.0,0.0,46.572933,15.62701
2026-05-11 06:00:00+00:00,391,6,246.0,15.9,0.0,46.71353,16.112904
2026-05-11 06:00:00+00:00,422,6,158.0,15.8,0.0,46.22144,15.21531
2026-05-11 06:00:00+00:00,425,6,246.0,15.3,0.0,45.940243,15.546751
2026-05-11 06:00:00+00:00,426,6,92.0,15.4,1.2,45.51845,13.704866
2026-05-11 07:00:00+00:00,63,1,347.0,15.3,0.2,46.432335,14.134615
2026-05-11 07:00:00+00:00,76,1,255.0,14.6,0.0,46.291737,14.233227
2026-05-11 07:00:00+00:00,106,1,247.0,15.8,0.1,46.22144,14.354067
2026-05-11 07:00:00+00:00,122,1,282.0,16.6,0.2,46.08084,14.45151
2026-05-11 07:00:00+00:00,127,1,280.0,15.6,0.2,46.151142,14.474522
2026-05-11 07:00:00+00:00,129,1,308.0,15.9,0.4,46.010544,14.571429
2026-05-11 07:00:00+00:00,177,1,305.0,12.5,0.0,45.65905,14.88189
2026-05-11 07:00:00+00:00,194,1,407.0,16.2,0.1,46.502636,15.024076
2026-05-11 07:00:00+00:00,236,1,370.0,17.6,0.0,45.79965,15.213271
2026-05-11 07:00:00+00:00,325,1,379.0,18.5,0.0,46.572933,15.62701
2026-05-11 07:00:00+00:00,391,1,420.0,18.0,0.0,46.71353,16.112904
2026-05-11 07:00:00+00:00,422,1,385.0,17.9,0.0,46.22144,15.21531
2026-05-11 07:00:00+00:00,425,1,372.0,17.9,0.0,45.940243,15.546751
2026-05-11 07:00:00+00:00,426,1,195.0,15.6,1.9,45.51845,13.704866
2026-05-11 08:00:00+00:00,63,2,451.0,16.6,0.1,46.432335,14.134615
2026-05-11 08:00:00+00:00,76,2,357.0,15.5,0.0,46.291737,14.233227
2026-05-11 08:00:00+00:00,106,2,366.0,16.6,0.3,46.22144,14.354067
2026-05-11 08:00:00+00:00,122,2,450.0,17.9,0.4,46.08084,14.45151
2026-05-11 08:00:00+00:00,127,2,430.0,16.6,0.3,46.151142,14.474522
2026-05-11 08:00:00+00:00,129,2,491.0,17.1,0.2,46.010544,14.571429
2026-05-11 08:00:00+00:00,177,2,394.0,13.4,0.0,45.65905,14.88189
2026-05-11 08:00:00+00:00,194,2,573.0,18.3,0.1,46.502636,15.024076
2026-05-11 08:00:00+00:00,236,2,543.0,19.1,0.0,45.79965,15.213271
2026-05-11 08:00:00+00:00,325,2,559.0,20.3,0.0,46.572933,15.62701
2026-05-11 08:00:00+00:00,391,2,592.0,19.5,0.0,46.71353,16.112904
2026-05-11 08:00:00+00:00,422,2,439.0,18.6,0.1,46.22144,15.21531
2026-05-11 08:00:00+00:00,425,2,564.0,19.6,0.0,45.940243,15.546751
2026-05-11 08:00:00+00:00,426,2,182.0,15.8,0.2,45.51845,13.704866
2026-05-11 09:00:00+00:00,63,3,614.0,17.7,0.0,46.432335,14.134615
2026-05-11 09:00:00+00:00,76,3,578.0,16.5,0.1,46.291737,14.233227
2026-05-11 09:00:00+00:00,106,3,570.0,17.8,0.4,46.22144,14.354067
2026-05-11 09:00:00+00:00,122,3,579.0,18.6,0.1,46.08084,14.45151
2026-05-11 09:00:00+00:00,127,3,584.0,17.9,0.1,46.151142,14.474522
2026-05-11 09:00:00+00:00,129,3,581.0,18.0,0.5,46.010544,14.571429
2026-05-11 09:00:00+00:00,177,3,548.0,14.5,0.1,45.65905,14.88189
2026-05-11 09:00:00+00:00,194,3,649.0,19.9,0.0,46.502636,15.024076
2026-05-11 09:00:00+00:00,236,3,611.0,20.1,0.1,45.79965,15.213271
2026-05-11 09:00:00+00:00,325,3,669.0,21.6,0.0,46.572933,15.62701
2026-05-11 09:00:00+00:00,391,3,722.0,20.8,0.0,46.71353,16.112904
2026-05-11 09:00:00+00:00,422,3,529.0,19.4,0.1,46.22144,15.21531
2026-05-11 09:00:00+00:00,425,3,624.0,20.5,0.1,45.940243,15.546751
2026-05-11 09:00:00+00:00,426,3,143.0,15.8,0.6,45.51845,13.704866
2026-05-11 12:00:00+00:00,63,6,668.0,17.0,0.1,46.432335,14.134615
2026-05-11 12:00:00+00:00,76,6,547.0,16.0,0.1,46.291737,14.233227
2026-05-11 12:00:00+00:00,106,6,619.0,17.6,0.3,46.22144,14.354067
2026-05-11 12:00:00+00:00,122,6,666.0,19.4,0.1,46.08084,14.45151
2026-05-11 12:00:00+00:00,127,6,717.0,17.9,0.0,46.151142,14.474522
2026-05-11 12:00:00+00:00,129,6,683.0,18.7,0.2,46.010544,14.571429
2026-05-11 12:00:00+00:00,177,6,471.0,13.7,0.6,45.65905,14.88189
2026-05-11 12:00:00+00:00,194,6,508.0,19.0,0.0,46.502636,15.024076
2026-05-11 12:00:00+00:00,236,6,686.0,20.9,0.1,45.79965,15.213271
2026-05-11 12:00:00+00:00,325,6,609.0,21.3,0.0,46.572933,15.62701
2026-05-11 12:00:00+00:00,391,6,633.0,21.6,0.0,46.71353,16.112904
2026-05-11 12:00:00+00:00,422,6,641.0,21.1,0.0,46.22144,15.21531
2026-05-11 12:00:00+00:00,425,6,778.0,22.0,0.0,45.940243,15.546751
2026-05-11 12:00:00+00:00,426,6,788.0,20.5,0.1,45.51845,13.704866
2026-05-11 13:00:00+00:00,63,1,654.0,16.6,0.9,46.432335,14.134615
2026-05-11 13:00:00+00:00,76,1,561.0,15.7,1.0,46.291737,14.233227
2026-05-11 13:00:00+00:00,106,1,576.0,17.8,0.2,46.22144,14.354067
2026-05-11 13:00:00+00:00,122,1,597.0,19.1,0.4,46.08084,14.45151
2026-05-11 13:00:00+00:00,127,1,613.0,18.0,0.2,46.151142,14.474522
2026-05-11 13:00:00+00:00,129,1,607.0,18.3,0.2,46.010544,14.571429
2026-05-11 13:00:00+00:00,177,1,674.0,14.1,0.2,45.65905,14.88189
2026-05-11 13:00:00+00:00,194,1,746.0,19.9,0.6,46.502636,15.024076
2026-05-11 13:00:00+00:00,236,1,772.0,21.2,0.0,45.79965,15.213271
2026-05-11 13:00:00+00:00,325,1,469.0,20.4,0.0,46.572933,15.62701
2026-05-11 13:00:00+00:00,391,1,452.0,19.8,0.0,46.71353,16.112904
2026-05-11 13:00:00+00:00,422,1,725.0,21.5,0.0,46.22144,15.21531
2026-05-11 13:00:00+00:00,425,1,690.0,21.4,0.0,45.940243,15.546751
2026-05-11 13:00:00+00:00,426,1,363.0,18.3,0.1,45.51845,13.704866
2026-05-11 14:00:00+00:00,63,2,484.0,15.4,0.4,46.432335,14.134615
2026-05-11 14:00:00+00:00,76,2,319.0,14.4,0.8,46.291737,14.233227
2026-05-11 14:00:00+00:00,106,2,257.0,15.9,0.3,46.22144,14.354067
2026-05-11 14:00:00+00:00,122,2,241.0,17.1,0.4,46.08084,14.45151
2026-05-11 14:00:00+00:00,127,2,251.0,16.0,0.5,46.151142,14.474522
2026-05-11 14:00:00+00:00,129,2,310.0,16.9,0.2,46.010544,14.571429
2026-05-11 14:00:00+00:00,177,2,450.0,13.8,0.3,45.65905,14.88189
2026-05-11 14:00:00+00:00,194,2,514.0,18.1,0.0,46.502636,15.024076
2026-05-11 14:00:00+00:00,236,2,506.0,19.5,0.1,45.79965,15.213271
2026-05-11 14:00:00+00:00,325,2,606.0,21.3,0.0,46.572933,15.62701
2026-05-11 14:00:00+00:00,391,2,493.0,20.4,0.0,46.71353,16.112904
2026-05-11 14:00:00+00:00,422,2,594.0,20.1,0.0,46.22144,15.21531
2026-05-11 14:00:00+00:00,425,2,577.0,21.0,0.0,45.940243,15.546751
2026-05-11 14:00:00+00:00,426,2,489.0,18.6,0.2,45.51845,13.704866
2026-05-11 15:00:00+00:00,63,3,240.0,14.6,0.2,46.432335,14.134615
2026-05-11 15:00:00+00:00,76,3,245.0,14.6,0.3,46.291737,14.233227
2026-05-11 15:00:00+00:00,106,3,270.0,16.1,0.3,46.22144,14.354067
2026-05-11 15:00:00+00:00,122,3,321.0,17.8,0.2,46.08084,14.45151
2026-05-11 15:00:00+00:00,127,3,305.0,16.3,0.2,46.151142,14.474522
2026-05-11 15:00:00+00:00,129,3,348.0,17.5,0.1,46.010544,14.571429
2026-05-11 15:00:00+00:00,177,3,379.0,13.9,0.1,45.65905,14.88189
2026-05-11 15:00:00+00:00,194,3,422.0,17.7,0.2,46.502636,15.024076
2026-05-11 15:00:00+00:00,236,3,483.0,19.5,0.0,45.79965,15.213271
2026-05-11 15:00:00+00:00,325,3,484.0,20.0,0.0,46.572933,15.62701
2026-05-11 15:00:00+00:00,391,3,527.0,20.7,0.0,46.71353,16.112904
2026-05-11 15:00:00+00:00,422,3,405.0,19.4,0.0,46.22144,15.21531
2026-05-11 15:00:00+00:00,425,3,450.0,19.8,0.0,45.940243,15.546751
2026-05-11 15:00:00+00:00,426,3,320.0,19.8,0.0,45.51845,13.704866
2026-05-11 18:00:00+00:00,63,6,31.0,12.6,0.1,46.432335,14.134615
2026-05-11 18:00:00+00:00,76,6,24.0,12.8,0.2,46.291737,14.233227
2026-05-11 18:00:00+00:00,106,6,27.0,14.1,0.1,46.22144,14.354067
2026-05-11 18:00:00+00:00,122,6,29.0,14.4,0.5,46.08084,14.45151
2026-05-11 18:00:00+00:00,127,6,30.0,13.6,0.5,46.151142,14.474522
2026-05-11 18:00:00+00:00,129,6,31.0,14.0,0.3,46.010544,14.571429
2026-05-11 18:00:00+00:00,177,6,35.0,11.8,0.1,45.65905,14.88189
2026-05-11 18:00:00+00:00,194,6,62.0,14.4,0.0,46.502636,15.024076
2026-05-11 18:00:00+00:00,236,6,41.0,16.6,0.0,45.79965,15.213271
2026-05-11 18:00:00+00:00,325,6,48.0,16.6,0.0,46.572933,15.62701
2026-05-11 18:00:00+00:00,391,6,47.0,17.1,0.0,46.71353,16.112904
2026-05-11 18:00:00+00:00,422,6,33.0,16.4,0.0,46.22144,15.21531
2026-05-11 18:00:00+00:00,425,6,40.0,17.4,0.0,45.940243,15.546751
2026-05-11 18:00:00+00:00,426,6,59.0,16.3,0.3,45.51845,13.704866
2026-05-11 19:00:00+00:00,63,1,1.0,12.2,0.2,46.432335,14.134615
2026-05-11 19:00:00+00:00,76,1,1.0,12.2,0.3,46.291737,14.233227
2026-05-11 19:00:00+00:00,106,1,1.0,13.0,0.4,46.22144,14.354067
2026-05-11 19:00:00+00:00,122,1,1.0,13.5,2.2,46.08084,14.45151
2026-05-11 19:00:00+00:00,127,1,1.0,12.8,0.9,46.151142,14.474522
2026-05-11 19:00:00+00:00,129,1,1.0,13.1,0.6,46.010544,14.571429
2026-05-11 19:00:00+00:00,177,1,1.0,11.1,1.0,45.65905,14.88189
2026-05-11 19:00:00+00:00,194,1,2.0,13.4,0.0,46.502636,15.024076
2026-05-11 19:00:00+00:00,236,1,1.0,15.3,0.0,45.79965,15.213271
2026-05-11 19:00:00+00:00,325,1,1.0,15.8,0.0,46.572933,15.62701
2026-05-11 19:00:00+00:00,391,1,1.0,16.1,0.0,46.71353,16.112904
2026-05-11 19:00:00+00:00,422,1,1.0,15.5,0.0,46.22144,15.21531
2026-05-11 19:00:00+00:00,425,1,1.0,16.2,0.0,45.940243,15.546751
2026-05-11 19:00:00+00:00,426,1,3.0,15.7,1.6,45.51845,13.704866
2026-05-11 20:00:00+00:00,63,2,0.0,11.8,1.1,46.432335,14.134615
2026-05-11 20:00:00+00:00,76,2,0.0,11.8,0.6,46.291737,14.233227
2026-05-11 20:00:00+00:00,106,2,0.0,12.4,0.6,46.22144,14.354067
2026-05-11 20:00:00+00:00,122,2,0.0,13.2,0.7,46.08084,14.45151
2026-05-11 20:00:00+00:00,127,2,0.0,12.2,1.3,46.151142,14.474522
2026-05-11 20:00:00+00:00,129,2,0.0,13.3,0.2,46.010544,14.571429
2026-05-11 20:00:00+00:00,177,2,0.0,10.3,0.3,45.65905,14.88189
2026-05-11 20:00:00+00:00,194,2,0.0,12.7,0.1,46.502636,15.024076
2026-05-11 20:00:00+00:00,236,2,0.0,14.8,0.0,45.79965,15.213271
2026-05-11 20:00:00+00:00,325,2,0.0,14.5,0.0,46.572933,15.62701
2026-05-11 20:00:00+00:00,391,2,0.0,15.6,0.0,46.71353,16.112904
2026-05-11 20:00:00+00:00,422,2,0.0,14.5,1.6,46.22144,15.21531
2026-05-11 20:00:00+00:00,425,2,0.0,15.6,0.0,45.940243,15.546751
2026-05-11 20:00:00+00:00,426,2,0.0,14.5,0.6,45.51845,13.704866
2026-05-11 21:00:00+00:00,63,3,0.0,11.3,5.6,46.432335,14.134615
2026-05-11 21:00:00+00:00,76,3,0.0,11.5,1.4,46.291737,14.233227
2026-05-11 21:00:00+00:00,106,3,0.0,12.1,1.7,46.22144,14.354067
2026-05-11 21:00:00+00:00,122,3,0.0,13.3,0.1,46.08084,14.45151
2026-05-11 21:00:00+00:00,127,3,0.0,12.1,0.9,46.151142,14.474522
2026-05-11 21:00:00+00:00,129,3,0.0,12.9,0.0,46.010544,14.571429
2026-05-11 21:00:00+00:00,177,3,0.0,10.3,0.1,45.65905,14.88189
2026-05-11 21:00:00+00:00,194,3,0.0,12.2,0.5,46.502636,15.024076
2026-05-11 21:00:00+00:00,236,3,0.0,14.6,0.1,45.79965,15.213271
2026-05-11 21:00:00+00:00,325,3,0.0,13.8,2.1,46.572933,15.62701
2026-05-11 21:00:00+00:00,391,3,0.0,14.0,1.0,46.71353,16.112904
2026-05-11 21:00:00+00:00,422,3,0.0,13.7,1.7,46.22144,15.21531
2026-05-11 21:00:00+00:00,425,3,0.0,15.3,0.0,45.940243,15.546751
2026-05-11 21:00:00+00:00,426,3,0.0,13.0,5.1,45.51845,13.704866
2026-05-12 00:00:00+00:00,63,6,0.0,8.3,0.0,46.432335,14.134615
2026-05-12 00:00:00+00:00,63,24,0.0,10.3,0.0,46.432335,14.134615
2026-05-12 00:00:00+00:00,76,6,0.0,9.0,0.1,46.291737,14.233227
2026-05-12 00:00:00+00:00,76,24,0.0,10.2,0.1,46.291737,14.233227
2026-05-12 00:00:00+00:00,106,6,0.0,10.3,0.2,46.22144,14.354067
2026-05-12 00:00:00+00:00,106,24,0.0,10.8,0.3,46.22144,14.354067
2026-05-12 00:00:00+00:00,122,6,0.0,11.9,0.5,46.08084,14.45151
2026-05-12 00:00:00+00:00,122,24,0.0,12.2,1.4,46.08084,14.45151
2026-05-12 00:00:00+00:00,127,6,0.0,10.8,0.5,46.151142,14.474522
2026-05-12 00:00:00+00:00,127,24,0.0,11.0,0.3,46.151142,14.474522
2026-05-12 00:00:00+00:00,129,6,0.0,11.3,0.7,46.010544,14.571429
2026-05-12 00:00:00+00:00,129,24,0.0,11.8,0.6,46.010544,14.571429
2026-05-12 00:00:00+00:00,177,6,0.0,9.3,0.0,45.65905,14.88189
2026-05-12 00:00:00+00:00,177,24,0.0,10.3,0.0,45.65905,14.88189
2026-05-12 00:00:00+00:00,194,6,0.0,10.0,0.7,46.502636,15.024076
2026-05-12 00:00:00+00:00,194,24,0.0,11.9,1.2,46.502636,15.024076
2026-05-12 00:00:00+00:00,236,6,0.0,12.3,0.8,45.79965,15.213271
2026-05-12 00:00:00+00:00,236,24,0.0,11.5,3.5,45.79965,15.213271
2026-05-12 00:00:00+00:00,325,6,0.0,12.3,0.5,46.572933,15.62701
2026-05-12 00:00:00+00:00,325,24,0.0,13.1,0.0,46.572933,15.62701
2026-05-12 00:00:00+00:00,391,6,0.0,12.7,0.1,46.71353,16.112904
2026-05-12 00:00:00+00:00,391,24,0.0,12.7,0.0,46.71353,16.112904
2026-05-12 00:00:00+00:00,422,6,0.0,12.8,1.5,46.22144,15.21531
2026-05-12 00:00:00+00:00,422,24,0.0,12.7,0.1,46.22144,15.21531
2026-05-12 00:00:00+00:00,425,6,0.0,12.5,0.6,45.940243,15.546751
2026-05-12 00:00:00+00:00,425,24,0.0,11.9,1.4,45.940243,15.546751
2026-05-12 00:00:00+00:00,426,6,0.0,12.6,0.7,45.51845,13.704866
2026-05-12 00:00:00+00:00,426,24,0.0,12.4,3.7,45.51845,13.704866
2026-05-12 06:00:00+00:00,63,24,129.0,9.8,2.1,46.432335,14.134615
2026-05-12 06:00:00+00:00,76,24,126.0,10.4,2.3,46.291737,14.233227
2026-05-12 06:00:00+00:00,106,24,121.0,11.1,0.9,46.22144,14.354067
2026-05-12 06:00:00+00:00,122,24,95.0,11.9,0.0,46.08084,14.45151
2026-05-12 06:00:00+00:00,127,24,114.0,11.1,0.7,46.151142,14.474522
2026-05-12 06:00:00+00:00,129,24,128.0,12.2,0.0,46.010544,14.571429
2026-05-12 06:00:00+00:00,177,24,183.0,10.6,0.0,45.65905,14.88189
2026-05-12 06:00:00+00:00,194,24,136.0,11.6,0.0,46.502636,15.024076
2026-05-12 06:00:00+00:00,236,24,232.0,14.2,0.0,45.79965,15.213271
2026-05-12 06:00:00+00:00,325,24,235.0,12.7,3.7,46.572933,15.62701
2026-05-12 06:00:00+00:00,391,24,228.0,12.9,0.9,46.71353,16.112904
2026-05-12 06:00:00+00:00,422,24,203.0,12.9,0.0,46.22144,15.21531
2026-05-12 06:00:00+00:00,425,24,244.0,13.5,0.0,45.940243,15.546751
2026-05-12 06:00:00+00:00,426,24,190.0,13.5,4.0,45.51845,13.704866
2026-05-12 12:00:00+00:00,63,24,184.0,6.4,0.4,46.432335,14.134615
2026-05-12 12:00:00+00:00,76,24,150.0,6.1,0.7,46.291737,14.233227
2026-05-12 12:00:00+00:00,106,24,114.0,5.9,1.5,46.22144,14.354067
2026-05-12 12:00:00+00:00,122,24,86.0,6.1,1.9,46.08084,14.45151
2026-05-12 12:00:00+00:00,127,24,88.0,5.0,2.6,46.151142,14.474522
2026-05-12 12:00:00+00:00,129,24,93.0,5.7,2.4,46.010544,14.571429
2026-05-12 12:00:00+00:00,177,24,72.0,0.6,3.0,45.65905,14.88189
2026-05-12 12:00:00+00:00,194,24,145.0,4.7,2.5,46.502636,15.024076
2026-05-12 12:00:00+00:00,236,24,116.0,7.1,3.6,45.79965,15.213271
2026-05-12 12:00:00+00:00,325,24,111.0,6.6,1.9,46.572933,15.62701
2026-05-12 12:00:00+00:00,391,24,106.0,7.7,1.8,46.71353,16.112904
2026-05-12 12:00:00+00:00,422,24,121.0,6.4,2.7,46.22144,15.21531
2026-05-12 12:00:00+00:00,425,24,105.0,6.9,3.1,45.940243,15.546751
2026-05-12 12:00:00+00:00,426,24,454.0,11.4,0.2,45.51845,13.704866
2026-05-12 18:00:00+00:00,63,24,93.0,7.4,0.0,46.432335,14.134615
2026-05-12 18:00:00+00:00,76,24,86.0,5.4,0.0,46.291737,14.233227
2026-05-12 18:00:00+00:00,106,24,79.0,5.0,0.0,46.22144,14.354067
2026-05-12 18:00:00+00:00,122,24,77.0,7.6,0.0,46.08084,14.45151
2026-05-12 18:00:00+00:00,127,24,75.0,5.6,0.0,46.151142,14.474522
2026-05-12 18:00:00+00:00,129,24,75.0,7.0,0.0,46.010544,14.571429
2026-05-12 18:00:00+00:00,177,24,79.0,2.3,0.0,45.65905,14.88189
2026-05-12 18:00:00+00:00,194,24,84.0,5.9,0.0,46.502636,15.024076
2026-05-12 18:00:00+00:00,236,24,69.0,6.8,0.0,45.79965,15.213271
2026-05-12 18:00:00+00:00,325,24,73.0,7.3,0.0,46.572933,15.62701
2026-05-12 18:00:00+00:00,391,24,71.0,7.5,0.0,46.71353,16.112904
2026-05-12 18:00:00+00:00,422,24,73.0,7.6,0.0,46.22144,15.21531
2026-05-12 18:00:00+00:00,425,24,71.0,6.8,0.0,45.940243,15.546751
2026-05-12 18:00:00+00:00,426,24,86.0,11.9,0.0,45.51845,13.704866
2026-05-12 01:00:00+00:00,63,1,0.0,9.7,0.1,46.432335,14.134615
2026-05-12 01:00:00+00:00,76,1,0.0,9.4,0.2,46.291737,14.233227
2026-05-12 01:00:00+00:00,106,1,0.0,10.2,0.3,46.22144,14.354067
2026-05-12 01:00:00+00:00,122,1,0.0,11.3,0.4,46.08084,14.45151
2026-05-12 01:00:00+00:00,127,1,0.0,10.1,0.4,46.151142,14.474522
2026-05-12 01:00:00+00:00,129,1,0.0,10.8,0.4,46.010544,14.571429
2026-05-12 01:00:00+00:00,177,1,0.0,8.3,3.8,45.65905,14.88189
2026-05-12 01:00:00+00:00,194,1,0.0,10.0,0.1,46.502636,15.024076
2026-05-12 01:00:00+00:00,236,1,0.0,12.0,3.3,45.79965,15.213271
2026-05-12 01:00:00+00:00,325,1,0.0,12.9,0.0,46.572933,15.62701
2026-05-12 01:00:00+00:00,391,1,0.0,12.2,0.4,46.71353,16.112904
2026-05-12 01:00:00+00:00,422,1,0.0,11.8,0.0,46.22144,15.21531
2026-05-12 01:00:00+00:00,425,1,0.0,11.6,1.8,45.940243,15.546751
2026-05-12 01:00:00+00:00,426,1,0.0,11.8,1.2,45.51845,13.704866
2026-05-12 02:00:00+00:00,63,2,0.0,9.0,0.0,46.432335,14.134615
2026-05-12 02:00:00+00:00,76,2,0.0,8.4,0.0,46.291737,14.233227
2026-05-12 02:00:00+00:00,106,2,0.0,8.9,0.0,46.22144,14.354067
2026-05-12 02:00:00+00:00,122,2,0.0,10.4,0.0,46.08084,14.45151
2026-05-12 02:00:00+00:00,127,2,0.0,9.2,0.0,46.151142,14.474522
2026-05-12 02:00:00+00:00,129,2,0.0,10.1,0.1,46.010544,14.571429
2026-05-12 02:00:00+00:00,177,2,0.0,8.2,0.6,45.65905,14.88189
2026-05-12 02:00:00+00:00,194,2,0.0,9.8,0.1,46.502636,15.024076
2026-05-12 02:00:00+00:00,236,2,0.0,11.7,0.0,45.79965,15.213271
2026-05-12 02:00:00+00:00,325,2,0.0,12.5,0.1,46.572933,15.62701
2026-05-12 02:00:00+00:00,391,2,0.0,11.9,2.0,46.71353,16.112904
2026-05-12 02:00:00+00:00,422,2,0.0,11.6,0.0,46.22144,15.21531
2026-05-12 02:00:00+00:00,425,2,0.0,11.5,0.0,45.940243,15.546751
2026-05-12 02:00:00+00:00,426,2,0.0,12.0,0.7,45.51845,13.704866
2026-05-12 03:00:00+00:00,63,3,0.0,8.4,0.0,46.432335,14.134615
2026-05-12 03:00:00+00:00,76,3,0.0,8.2,0.0,46.291737,14.233227
2026-05-12 03:00:00+00:00,106,3,0.0,7.3,0.0,46.22144,14.354067
2026-05-12 03:00:00+00:00,122,3,0.0,9.8,0.0,46.08084,14.45151
2026-05-12 03:00:00+00:00,127,3,0.0,8.0,0.0,46.151142,14.474522
2026-05-12 03:00:00+00:00,129,3,0.0,10.0,0.0,46.010544,14.571429
2026-05-12 03:00:00+00:00,177,3,0.0,7.9,0.0,45.65905,14.88189
2026-05-12 03:00:00+00:00,194,3,0.0,8.6,0.0,46.502636,15.024076
2026-05-12 03:00:00+00:00,236,3,0.0,10.7,0.0,45.79965,15.213271
2026-05-12 03:00:00+00:00,325,3,0.0,12.1,0.1,46.572933,15.62701
2026-05-12 03:00:00+00:00,391,3,0.0,11.8,1.1,46.71353,16.112904
2026-05-12 03:00:00+00:00,422,3,0.0,10.5,0.0,46.22144,15.21531
2026-05-12 03:00:00+00:00,425,3,0.0,10.9,0.0,45.940243,15.546751
2026-05-12 03:00:00+00:00,426,3,0.0,12.3,0.0,45.51845,13.704866
2026-05-12 06:00:00+00:00,63,6,53.0,9.2,0.7,46.432335,14.134615
2026-05-12 06:00:00+00:00,76,6,93.0,9.9,3.5,46.291737,14.233227
2026-05-12 06:00:00+00:00,106,6,101.0,9.9,1.4,46.22144,14.354067
2026-05-12 06:00:00+00:00,122,6,74.0,10.5,0.7,46.08084,14.45151
2026-05-12 06:00:00+00:00,127,6,90.0,9.5,3.5,46.151142,14.474522
2026-05-12 06:00:00+00:00,129,6,102.0,11.1,0.1,46.010544,14.571429
2026-05-12 06:00:00+00:00,177,6,171.0,9.8,0.0,45.65905,14.88189
2026-05-12 06:00:00+00:00,194,6,180.0,11.7,0.0,46.502636,15.024076
2026-05-12 06:00:00+00:00,236,6,212.0,13.4,0.0,45.79965,15.213271
2026-05-12 06:00:00+00:00,325,6,181.0,13.2,0.2,46.572933,15.62701
2026-05-12 06:00:00+00:00,391,6,158.0,13.2,0.0,46.71353,16.112904
2026-05-12 06:00:00+00:00,422,6,170.0,12.4,1.1,46.22144,15.21531
2026-05-12 06:00:00+00:00,425,6,235.0,13.3,0.0,45.940243,15.546751
2026-05-12 06:00:00+00:00,426,6,118.0,14.0,0.0,45.51845,13.704866
2026-05-12 07:00:00+00:00,63,1,34.0,8.1,4.3,46.432335,14.134615
2026-05-12 07:00:00+00:00,76,1,43.0,9.7,2.7,46.291737,14.233227
2026-05-12 07:00:00+00:00,106,1,40.0,10.0,2.9,46.22144,14.354067
2026-05-12 07:00:00+00:00,122,1,72.0,10.1,3.3,46.08084,14.45151
2026-05-12 07:00:00+00:00,127,1,43.0,9.4,4.3,46.151142,14.474522
2026-05-12 07:00:00+00:00,129,1,94.0,10.7,2.2,46.010544,14.571429
2026-05-12 07:00:00+00:00,177,1,162.0,9.8,2.6,45.65905,14.88189
2026-05-12 07:00:00+00:00,194,1,31.0,10.5,3.3,46.502636,15.024076
2026-05-12 07:00:00+00:00,236,1,150.0,13.2,1.3,45.79965,15.213271
2026-05-12 07:00:00+00:00,325,1,95.0,12.0,2.2,46.572933,15.62701
2026-05-12 07:00:00+00:00,391,1,218.0,13.0,1.9,46.71353,16.112904
2026-05-12 07:00:00+00:00,422,1,45.0,11.4,4.9,46.22144,15.21531
2026-05-12 07:00:00+00:00,425,1,132.0,12.4,0.9,45.940243,15.546751
2026-05-12 07:00:00+00:00,426,1,234.0,13.5,4.8,45.51845,13.704866
2026-05-12 08:00:00+00:00,63,2,40.0,5.7,3.7,46.432335,14.134615
2026-05-12 08:00:00+00:00,76,2,48.0,6.8,2.7,46.291737,14.233227
2026-05-12 08:00:00+00:00,106,2,58.0,8.9,3.4,46.22144,14.354067
2026-05-12 08:00:00+00:00,122,2,112.0,10.6,3.9,46.08084,14.45151
2026-05-12 08:00:00+00:00,127,2,83.0,9.9,4.4,46.151142,14.474522
2026-05-12 08:00:00+00:00,129,2,163.0,10.8,2.4,46.010544,14.571429
2026-05-12 08:00:00+00:00,177,2,309.0,10.9,0.9,45.65905,14.88189
2026-05-12 08:00:00+00:00,194,2,32.0,9.0,7.9,46.502636,15.024076
2026-05-12 08:00:00+00:00,236,2,252.0,13.8,2.0,45.79965,15.213271
2026-05-12 08:00:00+00:00,325,2,49.0,10.8,3.0,46.572933,15.62701
2026-05-12 08:00:00+00:00,391,2,96.0,11.7,2.4,46.71353,16.112904
2026-05-12 08:00:00+00:00,422,2,35.0,11.8,3.7,46.22144,15.21531
2026-05-12 08:00:00+00:00,425,2,305.0,13.1,1.0,45.940243,15.546751
2026-05-12 08:00:00+00:00,426,2,332.0,15.3,3.5,45.51845,13.704866
2026-05-12 09:00:00+00:00,63,3,97.0,5.5,3.2,46.432335,14.134615
2026-05-12 09:00:00+00:00,76,3,57.0,5.1,4.3,46.291737,14.233227
2026-05-12 09:00:00+00:00,106,3,50.0,6.9,3.4,46.22144,14.354067
2026-05-12 09:00:00+00:00,122,3,109.0,8.6,3.9,46.08084,14.45151
2026-05-12 09:00:00+00:00,127,3,77.0,7.7,3.6,46.151142,14.474522
2026-05-12 09:00:00+00:00,129,3,186.0,9.7,3.7,46.010544,14.571429
2026-05-12 09:00:00+00:00,177,3,429.0,11.3,1.3,45.65905,14.88189
2026-05-12 09:00:00+00:00,194,3,44.0,5.4,6.3,46.502636,15.024076
2026-05-12 09:00:00+00:00,236,3,388.0,14.0,1.9,45.79965,15.213271
2026-05-12 09:00:00+00:00,325,3,26.0,7.2,5.1,46.572933,15.62701
2026-05-12 09:00:00+00:00,391,3,39.0,10.2,2.7,46.71353,16.112904
2026-05-12 09:00:00+00:00,422,3,47.0,10.6,5.8,46.22144,15.21531
2026-05-12 09:00:00+00:00,425,3,259.0,13.1,1.1,45.940243,15.546751
2026-05-12 09:00:00+00:00,426,3,176.0,15.1,1.9,45.51845,13.704866
2026-05-12 12:00:00+00:00,63,6,218.0,6.3,0.9,46.432335,14.134615
2026-05-12 12:00:00+00:00,76,6,213.0,6.4,0.8,46.291737,14.233227
2026-05-12 12:00:00+00:00,106,6,247.0,7.8,0.9,46.22144,14.354067
2026-05-12 12:00:00+00:00,122,6,224.0,8.2,0.4,46.08084,14.45151
2026-05-12 12:00:00+00:00,127,6,249.0,7.4,0.5,46.151142,14.474522
2026-05-12 12:00:00+00:00,129,6,178.0,6.9,0.7,46.010544,14.571429
2026-05-12 12:00:00+00:00,177,6,82.0,2.3,3.4,45.65905,14.88189
2026-05-12 12:00:00+00:00,194,6,284.0,6.6,1.6,46.502636,15.024076
2026-05-12 12:00:00+00:00,236,6,53.0,7.2,4.9,45.79965,15.213271
2026-05-12 12:00:00+00:00,325,6,87.0,7.0,1.6,46.572933,15.62701
2026-05-12 12:00:00+00:00,391,6,147.0,8.4,2.0,46.71353,16.112904
2026-05-12 12:00:00+00:00,422,6,95.0,7.3,2.4,46.22144,15.21531
2026-05-12 12:00:00+00:00,425,6,70.0,7.0,3.4,45.940243,15.546751
2026-05-12 12:00:00+00:00,426,6,435.0,12.7,0.0,45.51845,13.704866
2026-05-12 13:00:00+00:00,63,1,537.0,8.0,0.1,46.432335,14.134615
2026-05-12 13:00:00+00:00,76,1,302.0,7.5,0.1,46.291737,14.233227
2026-05-12 13:00:00+00:00,106,1,232.0,6.9,0.3,46.22144,14.354067
2026-05-12 13:00:00+00:00,122,1,284.0,6.8,1.1,46.08084,14.45151
2026-05-12 13:00:00+00:00,127,1,226.0,5.9,0.9,46.151142,14.474522
2026-05-12 13:00:00+00:00,129,1,256.0,6.1,2.1,46.010544,14.571429
2026-05-12 13:00:00+00:00,177,1,61.0,1.1,3.0,45.65905,14.88189
2026-05-12 13:00:00+00:00,194,1,113.0,4.9,0.7,46.502636,15.024076
2026-05-12 13:00:00+00:00,236,1,78.0,4.9,2.4,45.79965,15.213271
2026-05-12 13:00:00+00:00,325,1,147.0,6.1,1.4,46.572933,15.62701
2026-05-12 13:00:00+00:00,391,1,157.0,7.0,1.2,46.71353,16.112904
2026-05-12 13:00:00+00:00,422,1,64.0,5.8,2.1,46.22144,15.21531
2026-05-12 13:00:00+00:00,425,1,108.0,5.3,1.8,45.940243,15.546751
2026-05-12 13:00:00+00:00,426,1,863.0,14.3,0.0,45.51845,13.704866
2026-05-12 14:00:00+00:00,63,2,701.0,9.1,0.1,46.432335,14.134615
2026-05-12 14:00:00+00:00,76,2,394.0,7.5,0.2,46.291737,14.233227
2026-05-12 14:00:00+00:00,106,2,204.0,6.2,0.2,46.22144,14.354067
2026-05-12 14:00:00+00:00,122,2,281.0,7.2,0.0,46.08084,14.45151
2026-05-12 14:00:00+00:00,127,2,175.0,5.8,0.0,46.151142,14.474522
2026-05-12 14:00:00+00:00,129,2,325.0,6.6,0.1,46.010544,14.571429
2026-05-12 14:00:00+00:00,177,2,129.0,1.5,1.3,45.65905,14.88189
2026-05-12 14:00:00+00:00,194,2,140.0,5.8,0.2,46.502636,15.024076
2026-05-12 14:00:00+00:00,236,2,147.0,4.9,2.5,45.79965,15.213271
2026-05-12 14:00:00+00:00,325,2,111.0,6.5,0.8,46.572933,15.62701
2026-05-12 14:00:00+00:00,391,2,114.0,7.4,0.7,46.71353,16.112904
2026-05-12 14:00:00+00:00,422,2,135.0,6.0,1.5,46.22144,15.21531
2026-05-12 14:00:00+00:00,425,2,101.0,5.7,2.2,45.940243,15.546751
2026-05-12 14:00:00+00:00,426,2,745.0,14.4,0.0,45.51845,13.704866
2026-05-12 15:00:00+00:00,63,3,607.0,9.5,0.2,46.432335,14.134615
2026-05-12 15:00:00+00:00,76,3,423.0,7.0,0.4,46.291737,14.233227
2026-05-12 15:00:00+00:00,106,3,237.0,5.9,0.1,46.22144,14.354067
2026-05-12 15:00:00+00:00,122,3,168.0,7.4,0.0,46.08084,14.45151
2026-05-12 15:00:00+00:00,127,3,130.0,5.9,0.0,46.151142,14.474522
2026-05-12 15:00:00+00:00,129,3,199.0,6.7,0.0,46.010544,14.571429
2026-05-12 15:00:00+00:00,177,3,155.0,2.4,0.3,45.65905,14.88189
2026-05-12 15:00:00+00:00,194,3,233.0,7.2,0.0,46.502636,15.024076
2026-05-12 15:00:00+00:00,236,3,95.0,5.5,1.0,45.79965,15.213271
2026-05-12 15:00:00+00:00,325,3,166.0,7.4,0.2,46.572933,15.62701
2026-05-12 15:00:00+00:00,391,3,180.0,8.0,0.3,46.71353,16.112904
2026-05-12 15:00:00+00:00,422,3,192.0,6.8,0.1,46.22144,15.21531
2026-05-12 15:00:00+00:00,425,3,83.0,5.7,1.5,45.940243,15.546751
2026-05-12 15:00:00+00:00,426,3,588.0,14.6,0.0,45.51845,13.704866
2026-05-12 18:00:00+00:00,63,6,100.0,6.7,0.0,46.432335,14.134615
2026-05-12 18:00:00+00:00,76,6,83.0,5.4,0.2,46.291737,14.233227
2026-05-12 18:00:00+00:00,106,6,66.0,5.0,0.0,46.22144,14.354067
2026-05-12 18:00:00+00:00,122,6,68.0,7.0,0.0,46.08084,14.45151
2026-05-12 18:00:00+00:00,127,6,57.0,5.3,0.0,46.151142,14.474522
2026-05-12 18:00:00+00:00,129,6,74.0,6.4,0.0,46.010544,14.571429
2026-05-12 18:00:00+00:00,177,6,76.0,1.9,0.0,45.65905,14.88189
2026-05-12 18:00:00+00:00,194,6,89.0,6.0,0.0,46.502636,15.024076
2026-05-12 18:00:00+00:00,236,6,58.0,6.3,0.0,45.79965,15.213271
2026-05-12 18:00:00+00:00,325,6,79.0,7.2,0.0,46.572933,15.62701
2026-05-12 18:00:00+00:00,391,6,75.0,7.0,0.0,46.71353,16.112904
2026-05-12 18:00:00+00:00,422,6,60.0,6.5,0.0,46.22144,15.21531
2026-05-12 18:00:00+00:00,425,6,53.0,6.0,0.0,45.940243,15.546751
2026-05-12 18:00:00+00:00,426,6,94.0,12.2,0.0,45.51845,13.704866
2026-05-12 19:00:00+00:00,63,1,5.0,5.0,0.0,46.432335,14.134615
2026-05-12 19:00:00+00:00,76,1,4.0,4.0,0.0,46.291737,14.233227
2026-05-12 19:00:00+00:00,106,1,4.0,4.2,0.0,46.22144,14.354067
2026-05-12 19:00:00+00:00,122,1,3.0,5.3,0.0,46.08084,14.45151
2026-05-12 19:00:00+00:00,127,1,3.0,4.1,0.0,46.151142,14.474522
2026-05-12 19:00:00+00:00,129,1,3.0,4.3,0.0,46.010544,14.571429
2026-05-12 19:00:00+00:00,177,1,2.0,0.7,0.0,45.65905,14.88189
2026-05-12 19:00:00+00:00,194,1,3.0,4.5,0.0,46.502636,15.024076
2026-05-12 19:00:00+00:00,236,1,2.0,5.1,0.0,45.79965,15.213271
2026-05-12 19:00:00+00:00,325,1,2.0,6.1,0.0,46.572933,15.62701
2026-05-12 19:00:00+00:00,391,1,2.0,6.0,0.0,46.71353,16.112904
2026-05-12 19:00:00+00:00,422,1,2.0,5.0,0.0,46.22144,15.21531
2026-05-12 19:00:00+00:00,425,1,2.0,4.8,0.0,45.940243,15.546751
2026-05-12 19:00:00+00:00,426,1,4.0,12.0,0.0,45.51845,13.704866
2026-05-12 20:00:00+00:00,63,2,0.0,4.5,0.0,46.432335,14.134615
2026-05-12 20:00:00+00:00,76,2,0.0,3.4,0.0,46.291737,14.233227
2026-05-12 20:00:00+00:00,106,2,0.0,3.7,0.0,46.22144,14.354067
2026-05-12 20:00:00+00:00,122,2,0.0,4.4,0.0,46.08084,14.45151
2026-05-12 20:00:00+00:00,127,2,0.0,3.6,0.0,46.151142,14.474522
2026-05-12 20:00:00+00:00,129,2,0.0,3.5,0.0,46.010544,14.571429
2026-05-12 20:00:00+00:00,177,2,0.0,0.1,0.0,45.65905,14.88189
2026-05-12 20:00:00+00:00,194,2,0.0,3.5,0.0,46.502636,15.024076
2026-05-12 20:00:00+00:00,236,2,0.0,4.4,0.0,45.79965,15.213271
2026-05-12 20:00:00+00:00,325,2,0.0,5.7,0.0,46.572933,15.62701
2026-05-12 20:00:00+00:00,391,2,0.0,5.2,0.0,46.71353,16.112904
2026-05-12 20:00:00+00:00,422,2,0.0,4.0,0.0,46.22144,15.21531
2026-05-12 20:00:00+00:00,425,2,0.0,4.3,0.0,45.940243,15.546751
2026-05-12 20:00:00+00:00,426,2,0.0,11.4,0.0,45.51845,13.704866
2026-05-12 21:00:00+00:00,63,3,0.0,3.7,0.0,46.432335,14.134615
2026-05-12 21:00:00+00:00,76,3,0.0,2.3,0.0,46.291737,14.233227
2026-05-12 21:00:00+00:00,106,3,0.0,2.8,0.0,46.22144,14.354067
2026-05-12 21:00:00+00:00,122,3,0.0,3.9,0.0,46.08084,14.45151
2026-05-12 21:00:00+00:00,127,3,0.0,3.0,0.0,46.151142,14.474522
2026-05-12 21:00:00+00:00,129,3,0.0,2.7,0.0,46.010544,14.571429
2026-05-12 21:00:00+00:00,177,3,0.0,-0.5,0.0,45.65905,14.88189
2026-05-12 21:00:00+00:00,194,3,0.0,2.8,0.0,46.502636,15.024076
2026-05-12 21:00:00+00:00,236,3,0.0,3.3,0.0,45.79965,15.213271
2026-05-12 21:00:00+00:00,325,3,0.0,5.3,0.0,46.572933,15.62701
2026-05-12 21:00:00+00:00,391,3,0.0,4.7,0.0,46.71353,16.112904
2026-05-12 21:00:00+00:00,422,3,0.0,3.1,0.0,46.22144,15.21531
2026-05-12 21:00:00+00:00,425,3,0.0,3.9,0.0,45.940243,15.546751
2026-05-12 21:00:00+00:00,426,3,0.0,11.1,0.0,45.51845,13.704866
2026-05-13 00:00:00+00:00,63,6,0.0,2.3,0.0,46.432335,14.134615
2026-05-13 00:00:00+00:00,63,24,0.0,2.9,0.0,46.432335,14.134615
2026-05-13 00:00:00+00:00,76,6,0.0,0.8,0.0,46.291737,14.233227
2026-05-13 00:00:00+00:00,76,24,0.0,0.1,0.0,46.291737,14.233227
2026-05-13 00:00:00+00:00,106,6,0.0,2.9,0.0,46.22144,14.354067
2026-05-13 00:00:00+00:00,106,24,0.0,0.7,0.0,46.22144,14.354067
2026-05-13 00:00:00+00:00,122,6,0.0,3.9,0.0,46.08084,14.45151
2026-05-13 00:00:00+00:00,122,24,0.0,2.5,0.0,46.08084,14.45151
2026-05-13 00:00:00+00:00,127,6,0.0,3.6,0.0,46.151142,14.474522
2026-05-13 00:00:00+00:00,127,24,0.0,1.4,0.0,46.151142,14.474522
2026-05-13 00:00:00+00:00,129,6,0.0,2.5,0.0,46.010544,14.571429
2026-05-13 00:00:00+00:00,129,24,0.0,2.0,0.0,46.010544,14.571429
2026-05-13 00:00:00+00:00,177,6,0.0,-1.9,0.0,45.65905,14.88189
2026-05-13 00:00:00+00:00,177,24,0.0,-1.6,0.0,45.65905,14.88189
2026-05-13 00:00:00+00:00,194,6,0.0,2.0,0.0,46.502636,15.024076
2026-05-13 00:00:00+00:00,194,24,0.0,3.9,0.0,46.502636,15.024076
2026-05-13 00:00:00+00:00,236,6,0.0,1.0,0.0,45.79965,15.213271
2026-05-13 00:00:00+00:00,236,24,0.0,2.8,0.0,45.79965,15.213271
2026-05-13 00:00:00+00:00,325,6,0.0,3.8,0.0,46.572933,15.62701
2026-05-13 00:00:00+00:00,325,24,0.0,5.0,0.0,46.572933,15.62701
2026-05-13 00:00:00+00:00,391,6,0.0,3.0,0.0,46.71353,16.112904
2026-05-13 00:00:00+00:00,391,24,0.0,4.4,0.0,46.71353,16.112904
2026-05-13 00:00:00+00:00,422,6,0.0,2.0,0.0,46.22144,15.21531
2026-05-13 00:00:00+00:00,422,24,0.0,3.4,0.0,46.22144,15.21531
2026-05-13 00:00:00+00:00,425,6,0.0,2.4,0.0,45.940243,15.546751
2026-05-13 00:00:00+00:00,425,24,0.0,3.7,0.0,45.940243,15.546751
2026-05-13 00:00:00+00:00,426,6,0.0,8.9,0.0,45.51845,13.704866
2026-05-13 00:00:00+00:00,426,24,0.0,6.8,0.0,45.51845,13.704866
2026-05-13 06:00:00+00:00,63,24,263.0,7.6,0.0,46.432335,14.134615
2026-05-13 06:00:00+00:00,76,24,267.0,6.8,0.0,46.291737,14.233227
2026-05-13 06:00:00+00:00,106,24,256.0,6.6,0.0,46.22144,14.354067
2026-05-13 06:00:00+00:00,122,24,230.0,5.5,0.0,46.08084,14.45151
2026-05-13 06:00:00+00:00,127,24,240.0,4.8,0.0,46.151142,14.474522
2026-05-13 06:00:00+00:00,129,24,219.0,5.1,0.0,46.010544,14.571429
2026-05-13 06:00:00+00:00,177,24,234.0,4.8,0.0,45.65905,14.88189
2026-05-13 06:00:00+00:00,194,24,283.0,8.3,0.0,46.502636,15.024076
2026-05-13 06:00:00+00:00,236,24,251.0,6.8,0.0,45.79965,15.213271
2026-05-13 06:00:00+00:00,325,24,288.0,9.3,0.0,46.572933,15.62701
2026-05-13 06:00:00+00:00,391,24,286.0,7.7,0.0,46.71353,16.112904
2026-05-13 06:00:00+00:00,422,24,243.0,6.1,0.0,46.22144,15.21531
2026-05-13 06:00:00+00:00,425,24,236.0,7.0,0.0,45.940243,15.546751
2026-05-13 06:00:00+00:00,426,24,190.0,11.0,0.0,45.51845,13.704866
2026-05-13 12:00:00+00:00,63,24,928.0,13.3,0.0,46.432335,14.134615
2026-05-13 12:00:00+00:00,76,24,889.0,12.8,0.0,46.291737,14.233227
2026-05-13 12:00:00+00:00,106,24,889.0,13.7,0.0,46.22144,14.354067
2026-05-13 12:00:00+00:00,122,24,876.0,14.4,0.0,46.08084,14.45151
2026-05-13 12:00:00+00:00,127,24,890.0,13.9,0.0,46.151142,14.474522
2026-05-13 12:00:00+00:00,129,24,868.0,13.8,0.0,46.010544,14.571429
2026-05-13 12:00:00+00:00,177,24,721.0,10.2,0.0,45.65905,14.88189
2026-05-13 12:00:00+00:00,194,24,879.0,14.9,0.0,46.502636,15.024076
2026-05-13 12:00:00+00:00,236,24,728.0,13.7,0.0,45.79965,15.213271
2026-05-13 12:00:00+00:00,325,24,830.0,14.9,0.0,46.572933,15.62701
2026-05-13 12:00:00+00:00,391,24,866.0,14.5,0.0,46.71353,16.112904
2026-05-13 12:00:00+00:00,422,24,851.0,14.4,0.0,46.22144,15.21531
2026-05-13 12:00:00+00:00,425,24,770.0,13.8,0.0,45.940243,15.546751
2026-05-13 12:00:00+00:00,426,24,887.0,16.3,0.0,45.51845,13.704866
2026-05-13 18:00:00+00:00,63,24,101.0,9.8,0.0,46.432335,14.134615
2026-05-13 18:00:00+00:00,76,24,97.0,10.3,0.0,46.291737,14.233227
2026-05-13 18:00:00+00:00,106,24,90.0,11.6,0.0,46.22144,14.354067
2026-05-13 18:00:00+00:00,122,24,83.0,12.1,0.0,46.08084,14.45151
2026-05-13 18:00:00+00:00,127,24,84.0,11.0,0.0,46.151142,14.474522
2026-05-13 18:00:00+00:00,129,24,84.0,10.9,0.0,46.010544,14.571429
2026-05-13 18:00:00+00:00,177,24,81.0,6.9,0.0,45.65905,14.88189
2026-05-13 18:00:00+00:00,194,24,91.0,10.6,0.0,46.502636,15.024076
2026-05-13 18:00:00+00:00,236,24,80.0,10.8,0.0,45.79965,15.213271
2026-05-13 18:00:00+00:00,325,24,82.0,11.4,0.0,46.572933,15.62701
2026-05-13 18:00:00+00:00,391,24,77.0,10.9,0.0,46.71353,16.112904
2026-05-13 18:00:00+00:00,422,24,83.0,11.6,0.0,46.22144,15.21531
2026-05-13 18:00:00+00:00,425,24,77.0,11.1,0.0,45.940243,15.546751
2026-05-13 18:00:00+00:00,426,24,94.0,13.6,0.0,45.51845,13.704866
2026-05-13 01:00:00+00:00,63,1,0.0,0.8,0.0,46.432335,14.134615
2026-05-13 01:00:00+00:00,76,1,0.0,-0.5,0.0,46.291737,14.233227
2026-05-13 01:00:00+00:00,106,1,0.0,2.9,0.0,46.22144,14.354067
2026-05-13 01:00:00+00:00,122,1,0.0,4.8,0.0,46.08084,14.45151
2026-05-13 01:00:00+00:00,127,1,0.0,4.1,0.0,46.151142,14.474522
2026-05-13 01:00:00+00:00,129,1,0.0,3.0,0.0,46.010544,14.571429
2026-05-13 01:00:00+00:00,177,1,0.0,-2.2,0.0,45.65905,14.88189
2026-05-13 01:00:00+00:00,194,1,0.0,0.8,0.0,46.502636,15.024076
2026-05-13 01:00:00+00:00,236,1,0.0,0.9,0.0,45.79965,15.213271
2026-05-13 01:00:00+00:00,325,1,0.0,3.6,0.0,46.572933,15.62701
2026-05-13 01:00:00+00:00,391,1,0.0,2.8,0.0,46.71353,16.112904
2026-05-13 01:00:00+00:00,422,1,0.0,1.7,0.0,46.22144,15.21531
2026-05-13 01:00:00+00:00,425,1,0.0,2.6,0.0,45.940243,15.546751
2026-05-13 01:00:00+00:00,426,1,0.0,7.9,0.0,45.51845,13.704866
2026-05-13 02:00:00+00:00,63,2,0.0,0.7,0.0,46.432335,14.134615
2026-05-13 02:00:00+00:00,76,2,0.0,-0.5,0.0,46.291737,14.233227
2026-05-13 02:00:00+00:00,106,2,0.0,3.1,0.0,46.22144,14.354067
2026-05-13 02:00:00+00:00,122,2,0.0,4.9,0.0,46.08084,14.45151
2026-05-13 02:00:00+00:00,127,2,0.0,4.1,0.0,46.151142,14.474522
2026-05-13 02:00:00+00:00,129,2,0.0,3.0,0.0,46.010544,14.571429
2026-05-13 02:00:00+00:00,177,2,0.0,-2.2,0.0,45.65905,14.88189
2026-05-13 02:00:00+00:00,194,2,0.0,0.9,0.0,46.502636,15.024076
2026-05-13 02:00:00+00:00,236,2,0.0,0.5,0.0,45.79965,15.213271
2026-05-13 02:00:00+00:00,325,2,0.0,4.3,0.0,46.572933,15.62701
2026-05-13 02:00:00+00:00,391,2,0.0,2.5,0.0,46.71353,16.112904
2026-05-13 02:00:00+00:00,422,2,0.0,2.0,0.0,46.22144,15.21531
2026-05-13 02:00:00+00:00,425,2,0.0,2.9,0.0,45.940243,15.546751
2026-05-13 02:00:00+00:00,426,2,0.0,7.6,0.0,45.51845,13.704866
2026-05-13 03:00:00+00:00,63,3,0.0,0.9,0.0,46.432335,14.134615
2026-05-13 03:00:00+00:00,76,3,0.0,0.4,0.0,46.291737,14.233227
2026-05-13 03:00:00+00:00,106,3,0.0,3.6,0.0,46.22144,14.354067
2026-05-13 03:00:00+00:00,122,3,0.0,4.8,0.0,46.08084,14.45151
2026-05-13 03:00:00+00:00,127,3,0.0,4.0,0.0,46.151142,14.474522
2026-05-13 03:00:00+00:00,129,3,0.0,3.0,0.0,46.010544,14.571429
2026-05-13 03:00:00+00:00,177,3,0.0,-2.4,0.0,45.65905,14.88189
2026-05-13 03:00:00+00:00,194,3,0.0,0.9,0.0,46.502636,15.024076
2026-05-13 03:00:00+00:00,236,3,0.0,0.0,0.0,45.79965,15.213271
2026-05-13 03:00:00+00:00,325,3,0.0,5.0,0.0,46.572933,15.62701
2026-05-13 03:00:00+00:00,391,3,0.0,2.1,0.0,46.71353,16.112904
2026-05-13 03:00:00+00:00,422,3,0.0,2.4,0.0,46.22144,15.21531
2026-05-13 03:00:00+00:00,425,3,0.0,3.0,0.0,45.940243,15.546751
2026-05-13 03:00:00+00:00,426,3,0.0,7.5,0.0,45.51845,13.704866
2026-05-13 06:00:00+00:00,63,6,273.0,5.8,0.0,46.432335,14.134615
2026-05-13 06:00:00+00:00,76,6,250.0,5.3,0.0,46.291737,14.233227
2026-05-13 06:00:00+00:00,106,6,222.0,5.8,0.0,46.22144,14.354067
2026-05-13 06:00:00+00:00,122,6,166.0,6.3,0.0,46.08084,14.45151
2026-05-13 06:00:00+00:00,127,6,189.0,5.5,0.0,46.151142,14.474522
2026-05-13 06:00:00+00:00,129,6,170.0,5.1,0.0,46.010544,14.571429
2026-05-13 06:00:00+00:00,177,6,217.0,3.1,0.0,45.65905,14.88189
2026-05-13 06:00:00+00:00,194,6,282.0,6.2,0.0,46.502636,15.024076
2026-05-13 06:00:00+00:00,236,6,206.0,4.7,0.0,45.79965,15.213271
2026-05-13 06:00:00+00:00,325,6,275.0,7.9,0.0,46.572933,15.62701
2026-05-13 06:00:00+00:00,391,6,240.0,5.3,0.0,46.71353,16.112904
2026-05-13 06:00:00+00:00,422,6,200.0,4.5,0.0,46.22144,15.21531
2026-05-13 06:00:00+00:00,425,6,190.0,5.4,0.0,45.940243,15.546751
2026-05-13 06:00:00+00:00,426,6,186.0,10.6,0.0,45.51845,13.704866
2026-05-13 07:00:00+00:00,63,1,432.0,7.0,0.0,46.432335,14.134615
2026-05-13 07:00:00+00:00,76,1,448.0,6.7,0.0,46.291737,14.233227
2026-05-13 07:00:00+00:00,106,1,440.0,7.5,0.0,46.22144,14.354067
2026-05-13 07:00:00+00:00,122,1,348.0,7.7,0.0,46.08084,14.45151
2026-05-13 07:00:00+00:00,127,1,394.0,7.4,0.0,46.151142,14.474522
2026-05-13 07:00:00+00:00,129,1,334.0,6.4,0.0,46.010544,14.571429
2026-05-13 07:00:00+00:00,177,1,391.0,4.6,0.0,45.65905,14.88189
2026-05-13 07:00:00+00:00,194,1,458.0,8.2,0.0,46.502636,15.024076
2026-05-13 07:00:00+00:00,236,1,382.0,6.9,0.0,45.79965,15.213271
2026-05-13 07:00:00+00:00,325,1,465.0,10.2,0.0,46.572933,15.62701
2026-05-13 07:00:00+00:00,391,1,447.0,8.4,0.0,46.71353,16.112904
2026-05-13 07:00:00+00:00,422,1,406.0,7.3,0.0,46.22144,15.21531
2026-05-13 07:00:00+00:00,425,1,375.0,6.8,0.0,45.940243,15.546751
2026-05-13 07:00:00+00:00,426,1,318.0,12.5,0.0,45.51845,13.704866
2026-05-13 08:00:00+00:00,63,2,631.0,8.4,0.0,46.432335,14.134615
2026-05-13 08:00:00+00:00,76,2,626.0,8.3,0.0,46.291737,14.233227
2026-05-13 08:00:00+00:00,106,2,611.0,9.2,0.0,46.22144,14.354067
2026-05-13 08:00:00+00:00,122,2,559.0,9.4,0.0,46.08084,14.45151
2026-05-13 08:00:00+00:00,127,2,581.0,8.9,0.0,46.151142,14.474522
2026-05-13 08:00:00+00:00,129,2,542.0,8.3,0.0,46.010544,14.571429
2026-05-13 08:00:00+00:00,177,2,532.0,6.1,0.0,45.65905,14.88189
2026-05-13 08:00:00+00:00,194,2,635.0,10.2,0.0,46.502636,15.024076
2026-05-13 08:00:00+00:00,236,2,507.0,9.2,0.0,45.79965,15.213271
2026-05-13 08:00:00+00:00,325,2,636.0,12.0,0.0,46.572933,15.62701
2026-05-13 08:00:00+00:00,391,2,627.0,11.2,0.0,46.71353,16.112904
2026-05-13 08:00:00+00:00,422,2,562.0,9.8,0.0,46.22144,15.21531
2026-05-13 08:00:00+00:00,425,2,482.0,8.8,0.0,45.940243,15.546751
2026-05-13 08:00:00+00:00,426,2,393.0,13.5,0.0,45.51845,13.704866
2026-05-13 09:00:00+00:00,63,3,788.0,9.6,0.0,46.432335,14.134615
2026-05-13 09:00:00+00:00,76,3,782.0,9.7,0.0,46.291737,14.233227
2026-05-13 09:00:00+00:00,106,3,770.0,10.6,0.0,46.22144,14.354067
2026-05-13 09:00:00+00:00,122,3,732.0,11.0,0.0,46.08084,14.45151
2026-05-13 09:00:00+00:00,127,3,749.0,10.5,0.0,46.151142,14.474522
2026-05-13 09:00:00+00:00,129,3,707.0,10.1,0.0,46.010544,14.571429
2026-05-13 09:00:00+00:00,177,3,617.0,7.2,0.0,45.65905,14.88189
2026-05-13 09:00:00+00:00,194,3,771.0,11.5,0.0,46.502636,15.024076
2026-05-13 09:00:00+00:00,236,3,599.0,11.0,0.0,45.79965,15.213271
2026-05-13 09:00:00+00:00,325,3,770.0,13.2,0.0,46.572933,15.62701
2026-05-13 09:00:00+00:00,391,3,768.0,12.4,0.0,46.71353,16.112904
2026-05-13 09:00:00+00:00,422,3,733.0,11.8,0.0,46.22144,15.21531
2026-05-13 09:00:00+00:00,425,3,627.0,10.9,0.0,45.940243,15.546751
2026-05-13 09:00:00+00:00,426,3,546.0,14.4,0.0,45.51845,13.704866
2026-05-13 12:00:00+00:00,63,6,937.0,13.2,0.0,46.432335,14.134615
2026-05-13 12:00:00+00:00,76,6,922.0,13.2,0.0,46.291737,14.233227
2026-05-13 12:00:00+00:00,106,6,916.0,13.7,0.0,46.22144,14.354067
2026-05-13 12:00:00+00:00,122,6,918.0,14.5,0.0,46.08084,14.45151
2026-05-13 12:00:00+00:00,127,6,919.0,13.8,0.0,46.151142,14.474522
2026-05-13 12:00:00+00:00,129,6,917.0,13.8,0.0,46.010544,14.571429
2026-05-13 12:00:00+00:00,177,6,829.0,10.4,0.0,45.65905,14.88189
2026-05-13 12:00:00+00:00,194,6,879.0,14.4,0.0,46.502636,15.024076
2026-05-13 12:00:00+00:00,236,6,801.0,13.8,0.0,45.79965,15.213271
2026-05-13 12:00:00+00:00,325,6,891.0,15.3,0.0,46.572933,15.62701
2026-05-13 12:00:00+00:00,391,6,849.0,14.1,0.0,46.71353,16.112904
2026-05-13 12:00:00+00:00,422,6,898.0,14.5,0.0,46.22144,15.21531
2026-05-13 12:00:00+00:00,425,6,801.0,13.7,0.0,45.940243,15.546751
2026-05-13 12:00:00+00:00,426,6,890.0,15.8,0.0,45.51845,13.704866
2026-05-13 13:00:00+00:00,63,1,624.0,14.1,0.0,46.432335,14.134615
2026-05-13 13:00:00+00:00,76,1,714.0,14.5,0.0,46.291737,14.233227
2026-05-13 13:00:00+00:00,106,1,803.0,15.1,0.0,46.22144,14.354067
2026-05-13 13:00:00+00:00,122,1,775.0,15.4,0.0,46.08084,14.45151
2026-05-13 13:00:00+00:00,127,1,820.0,14.8,0.0,46.151142,14.474522
2026-05-13 13:00:00+00:00,129,1,774.0,14.8,0.0,46.010544,14.571429
2026-05-13 13:00:00+00:00,177,1,819.0,11.4,0.0,45.65905,14.88189
2026-05-13 13:00:00+00:00,194,1,869.0,14.9,0.0,46.502636,15.024076
2026-05-13 13:00:00+00:00,236,1,804.0,14.8,0.0,45.79965,15.213271
2026-05-13 13:00:00+00:00,325,1,817.0,15.7,0.0,46.572933,15.62701
2026-05-13 13:00:00+00:00,391,1,720.0,14.9,0.0,46.71353,16.112904
2026-05-13 13:00:00+00:00,422,1,852.0,15.3,0.0,46.22144,15.21531
2026-05-13 13:00:00+00:00,425,1,810.0,14.8,0.0,45.940243,15.546751
2026-05-13 13:00:00+00:00,426,1,849.0,16.4,0.0,45.51845,13.704866
2026-05-13 14:00:00+00:00,63,2,692.0,14.9,0.0,46.432335,14.134615
2026-05-13 14:00:00+00:00,76,2,673.0,14.8,0.0,46.291737,14.233227
2026-05-13 14:00:00+00:00,106,2,680.0,15.4,0.0,46.22144,14.354067
2026-05-13 14:00:00+00:00,122,2,683.0,15.8,0.0,46.08084,14.45151
2026-05-13 14:00:00+00:00,127,2,690.0,14.9,0.0,46.151142,14.474522
2026-05-13 14:00:00+00:00,129,2,704.0,14.7,0.0,46.010544,14.571429
2026-05-13 14:00:00+00:00,177,2,730.0,11.7,0.0,45.65905,14.88189
2026-05-13 14:00:00+00:00,194,2,744.0,15.1,0.0,46.502636,15.024076
2026-05-13 14:00:00+00:00,236,2,729.0,15.1,0.0,45.79965,15.213271
2026-05-13 14:00:00+00:00,325,2,692.0,15.1,0.0,46.572933,15.62701
2026-05-13 14:00:00+00:00,391,2,715.0,15.1,0.0,46.71353,16.112904
2026-05-13 14:00:00+00:00,422,2,744.0,15.6,0.0,46.22144,15.21531
2026-05-13 14:00:00+00:00,425,2,733.0,15.1,0.0,45.940243,15.546751
2026-05-13 14:00:00+00:00,426,2,716.0,16.3,0.0,45.51845,13.704866
2026-05-13 15:00:00+00:00,63,3,488.0,14.4,0.0,46.432335,14.134615
2026-05-13 15:00:00+00:00,76,3,573.0,14.6,0.0,46.291737,14.233227
2026-05-13 15:00:00+00:00,106,3,588.0,15.4,0.0,46.22144,14.354067
2026-05-13 15:00:00+00:00,122,3,498.0,15.6,0.0,46.08084,14.45151
2026-05-13 15:00:00+00:00,127,3,541.0,14.8,0.0,46.151142,14.474522
2026-05-13 15:00:00+00:00,129,3,496.0,13.8,0.0,46.010544,14.571429
2026-05-13 15:00:00+00:00,177,3,577.0,11.5,0.0,45.65905,14.88189
2026-05-13 15:00:00+00:00,194,3,611.0,15.1,0.0,46.502636,15.024076
2026-05-13 15:00:00+00:00,236,3,586.0,15.0,0.0,45.79965,15.213271
2026-05-13 15:00:00+00:00,325,3,590.0,14.7,0.0,46.572933,15.62701
2026-05-13 15:00:00+00:00,391,3,578.0,14.5,0.0,46.71353,16.112904
2026-05-13 15:00:00+00:00,422,3,580.0,15.7,0.0,46.22144,15.21531
2026-05-13 15:00:00+00:00,425,3,593.0,15.2,0.0,45.940243,15.546751
2026-05-13 15:00:00+00:00,426,3,582.0,16.2,0.0,45.51845,13.704866
2026-05-13 18:00:00+00:00,63,6,102.0,9.5,0.0,46.432335,14.134615
2026-05-13 18:00:00+00:00,76,6,99.0,10.3,0.0,46.291737,14.233227
2026-05-13 18:00:00+00:00,106,6,95.0,11.6,0.0,46.22144,14.354067
2026-05-13 18:00:00+00:00,122,6,90.0,12.1,0.0,46.08084,14.45151
2026-05-13 18:00:00+00:00,127,6,90.0,11.1,0.0,46.151142,14.474522
2026-05-13 18:00:00+00:00,129,6,89.0,10.8,0.0,46.010544,14.571429
2026-05-13 18:00:00+00:00,177,6,78.0,6.8,0.0,45.65905,14.88189
2026-05-13 18:00:00+00:00,194,6,91.0,10.6,0.0,46.502636,15.024076
2026-05-13 18:00:00+00:00,236,6,78.0,11.0,0.0,45.79965,15.213271
2026-05-13 18:00:00+00:00,325,6,84.0,11.2,0.0,46.572933,15.62701
2026-05-13 18:00:00+00:00,391,6,80.0,10.7,0.0,46.71353,16.112904
2026-05-13 18:00:00+00:00,422,6,86.0,11.4,0.0,46.22144,15.21531
2026-05-13 18:00:00+00:00,425,6,77.0,11.2,0.0,45.940243,15.546751
2026-05-13 18:00:00+00:00,426,6,96.0,13.7,0.0,45.51845,13.704866
2026-05-13 19:00:00+00:00,63,1,5.0,8.1,0.0,46.432335,14.134615
2026-05-13 19:00:00+00:00,76,1,5.0,8.6,0.0,46.291737,14.233227
2026-05-13 19:00:00+00:00,106,1,4.0,10.2,0.0,46.22144,14.354067
2026-05-13 19:00:00+00:00,122,1,4.0,10.8,0.0,46.08084,14.45151
2026-05-13 19:00:00+00:00,127,1,4.0,10.1,0.0,46.151142,14.474522
2026-05-13 19:00:00+00:00,129,1,4.0,9.3,0.0,46.010544,14.571429
2026-05-13 19:00:00+00:00,177,1,3.0,5.8,0.0,45.65905,14.88189
2026-05-13 19:00:00+00:00,194,1,4.0,8.8,0.0,46.502636,15.024076
2026-05-13 19:00:00+00:00,236,1,2.0,9.8,0.0,45.79965,15.213271
2026-05-13 19:00:00+00:00,325,1,3.0,10.4,0.0,46.572933,15.62701
2026-05-13 19:00:00+00:00,391,1,2.0,9.5,0.0,46.71353,16.112904
2026-05-13 19:00:00+00:00,422,1,3.0,10.1,0.0,46.22144,15.21531
2026-05-13 19:00:00+00:00,425,1,2.0,9.7,0.0,45.940243,15.546751
2026-05-13 19:00:00+00:00,426,1,5.0,13.2,0.0,45.51845,13.704866
2026-05-13 20:00:00+00:00,63,2,0.0,6.9,0.0,46.432335,14.134615
2026-05-13 20:00:00+00:00,76,2,0.0,7.8,0.0,46.291737,14.233227
2026-05-13 20:00:00+00:00,106,2,0.0,9.1,0.0,46.22144,14.354067
2026-05-13 20:00:00+00:00,122,2,0.0,9.4,0.0,46.08084,14.45151
2026-05-13 20:00:00+00:00,127,2,0.0,8.9,0.0,46.151142,14.474522
2026-05-13 20:00:00+00:00,129,2,0.0,8.3,0.0,46.010544,14.571429
2026-05-13 20:00:00+00:00,177,2,0.0,4.9,0.0,45.65905,14.88189
2026-05-13 20:00:00+00:00,194,2,0.0,7.7,0.0,46.502636,15.024076
2026-05-13 20:00:00+00:00,236,2,0.0,8.3,0.0,45.79965,15.213271
2026-05-13 20:00:00+00:00,325,2,0.0,9.5,0.0,46.572933,15.62701
2026-05-13 20:00:00+00:00,391,2,0.0,8.7,0.0,46.71353,16.112904
2026-05-13 20:00:00+00:00,422,2,0.0,8.9,0.0,46.22144,15.21531
2026-05-13 20:00:00+00:00,425,2,0.0,8.8,0.0,45.940243,15.546751
2026-05-13 20:00:00+00:00,426,2,0.0,11.8,0.0,45.51845,13.704866
2026-05-13 21:00:00+00:00,63,3,0.0,5.9,0.0,46.432335,14.134615
2026-05-13 21:00:00+00:00,76,3,0.0,6.6,0.0,46.291737,14.233227
2026-05-13 21:00:00+00:00,106,3,0.0,7.8,0.0,46.22144,14.354067
2026-05-13 21:00:00+00:00,122,3,0.0,7.8,0.0,46.08084,14.45151
2026-05-13 21:00:00+00:00,127,3,0.0,7.6,0.0,46.151142,14.474522
2026-05-13 21:00:00+00:00,129,3,0.0,7.4,0.0,46.010544,14.571429
2026-05-13 21:00:00+00:00,177,3,0.0,4.2,0.0,45.65905,14.88189
2026-05-13 21:00:00+00:00,194,3,0.0,7.1,0.0,46.502636,15.024076
2026-05-13 21:00:00+00:00,236,3,0.0,7.4,0.0,45.79965,15.213271
2026-05-13 21:00:00+00:00,325,3,0.0,8.3,0.0,46.572933,15.62701
2026-05-13 21:00:00+00:00,391,3,0.0,7.9,0.0,46.71353,16.112904
2026-05-13 21:00:00+00:00,422,3,0.0,7.8,0.0,46.22144,15.21531
2026-05-13 21:00:00+00:00,425,3,0.0,7.7,0.0,45.940243,15.546751
2026-05-13 21:00:00+00:00,426,3,0.0,10.8,0.0,45.51845,13.704866
2026-05-14 00:00:00+00:00,63,6,0.0,4.0,0.0,46.432335,14.134615
2026-05-14 00:00:00+00:00,63,24,0.0,3.6,0.0,46.432335,14.134615
2026-05-14 00:00:00+00:00,76,6,0.0,3.9,0.0,46.291737,14.233227
2026-05-14 00:00:00+00:00,76,24,0.0,4.0,0.0,46.291737,14.233227
2026-05-14 00:00:00+00:00,106,6,0.0,5.1,0.0,46.22144,14.354067
2026-05-14 00:00:00+00:00,106,24,0.0,5.1,0.0,46.22144,14.354067
2026-05-14 00:00:00+00:00,122,6,0.0,5.1,0.0,46.08084,14.45151
2026-05-14 00:00:00+00:00,122,24,0.0,4.8,0.0,46.08084,14.45151
2026-05-14 00:00:00+00:00,127,6,0.0,4.8,0.0,46.151142,14.474522
2026-05-14 00:00:00+00:00,127,24,0.0,4.7,0.0,46.151142,14.474522
2026-05-14 00:00:00+00:00,129,6,0.0,4.9,0.0,46.010544,14.571429
2026-05-14 00:00:00+00:00,129,24,0.0,4.4,0.0,46.010544,14.571429
2026-05-14 00:00:00+00:00,177,6,0.0,1.8,0.0,45.65905,14.88189
2026-05-14 00:00:00+00:00,177,24,0.0,1.9,0.0,45.65905,14.88189
2026-05-14 00:00:00+00:00,194,6,0.0,5.8,0.0,46.502636,15.024076
2026-05-14 00:00:00+00:00,194,24,0.0,5.3,0.0,46.502636,15.024076
2026-05-14 00:00:00+00:00,236,6,0.0,6.7,0.0,45.79965,15.213271
2026-05-14 00:00:00+00:00,236,24,0.0,5.5,0.0,45.79965,15.213271
2026-05-14 00:00:00+00:00,325,6,0.0,7.0,0.0,46.572933,15.62701
2026-05-14 00:00:00+00:00,325,24,0.0,6.5,0.0,46.572933,15.62701
2026-05-14 00:00:00+00:00,391,6,0.0,6.0,0.0,46.71353,16.112904
2026-05-14 00:00:00+00:00,391,24,0.0,5.5,0.0,46.71353,16.112904
2026-05-14 00:00:00+00:00,422,6,0.0,5.9,0.0,46.22144,15.21531
2026-05-14 00:00:00+00:00,422,24,0.0,5.3,0.0,46.22144,15.21531
2026-05-14 00:00:00+00:00,425,6,0.0,5.6,0.0,45.940243,15.546751
2026-05-14 00:00:00+00:00,425,24,0.0,5.3,0.0,45.940243,15.546751
2026-05-14 00:00:00+00:00,426,6,0.0,7.7,0.0,45.51845,13.704866
2026-05-14 00:00:00+00:00,426,24,0.0,7.3,0.0,45.51845,13.704866
2026-05-14 06:00:00+00:00,63,24,226.0,9.3,0.0,46.432335,14.134615
2026-05-14 06:00:00+00:00,76,24,178.0,7.6,0.0,46.291737,14.233227
2026-05-14 06:00:00+00:00,106,24,187.0,8.4,0.0,46.22144,14.354067
2026-05-14 06:00:00+00:00,122,24,197.0,7.7,0.0,46.08084,14.45151
2026-05-14 06:00:00+00:00,127,24,210.0,7.6,0.0,46.151142,14.474522
2026-05-14 06:00:00+00:00,129,24,190.0,7.4,0.0,46.010544,14.571429
2026-05-14 06:00:00+00:00,177,24,216.0,7.6,0.0,45.65905,14.88189
2026-05-14 06:00:00+00:00,194,24,277.0,10.0,0.0,46.502636,15.024076
2026-05-14 06:00:00+00:00,236,24,197.0,9.6,0.0,45.79965,15.213271
2026-05-14 06:00:00+00:00,325,24,279.0,10.4,0.0,46.572933,15.62701
2026-05-14 06:00:00+00:00,391,24,285.0,8.8,0.0,46.71353,16.112904
2026-05-14 06:00:00+00:00,422,24,266.0,9.6,0.0,46.22144,15.21531
2026-05-14 06:00:00+00:00,425,24,262.0,9.2,0.0,45.940243,15.546751
2026-05-14 06:00:00+00:00,426,24,182.0,13.1,0.0,45.51845,13.704866
2026-05-14 12:00:00+00:00,63,24,97.0,8.1,4.1,46.432335,14.134615
2026-05-14 12:00:00+00:00,76,24,139.0,9.5,1.3,46.291737,14.233227
2026-05-14 12:00:00+00:00,106,24,193.0,10.3,1.4,46.22144,14.354067
2026-05-14 12:00:00+00:00,122,24,212.0,10.2,1.2,46.08084,14.45151
2026-05-14 12:00:00+00:00,127,24,213.0,11.3,1.8,46.151142,14.474522
2026-05-14 12:00:00+00:00,129,24,271.0,9.9,1.3,46.010544,14.571429
2026-05-14 12:00:00+00:00,177,24,577.0,11.4,0.3,45.65905,14.88189
2026-05-14 12:00:00+00:00,194,24,176.0,10.0,2.5,46.502636,15.024076
2026-05-14 12:00:00+00:00,236,24,608.0,15.3,0.4,45.79965,15.213271
2026-05-14 12:00:00+00:00,325,24,219.0,11.6,2.1,46.572933,15.62701
2026-05-14 12:00:00+00:00,391,24,295.0,13.0,1.4,46.71353,16.112904
2026-05-14 12:00:00+00:00,422,24,158.0,11.4,0.5,46.22144,15.21531
2026-05-14 12:00:00+00:00,425,24,467.0,13.3,0.2,45.940243,15.546751
2026-05-14 12:00:00+00:00,426,24,581.0,15.7,3.0,45.51845,13.704866
2026-05-14 18:00:00+00:00,63,24,28.0,8.6,2.0,46.432335,14.134615
2026-05-14 18:00:00+00:00,76,24,26.0,7.8,3.2,46.291737,14.233227
2026-05-14 18:00:00+00:00,106,24,33.0,8.7,2.6,46.22144,14.354067
2026-05-14 18:00:00+00:00,122,24,42.0,10.3,1.1,46.08084,14.45151
2026-05-14 18:00:00+00:00,127,24,40.0,8.9,2.5,46.151142,14.474522
2026-05-14 18:00:00+00:00,129,24,50.0,10.0,0.6,46.010544,14.571429
2026-05-14 18:00:00+00:00,177,24,55.0,8.2,0.8,45.65905,14.88189
2026-05-14 18:00:00+00:00,194,24,38.0,10.3,0.9,46.502636,15.024076
2026-05-14 18:00:00+00:00,236,24,54.0,13.6,0.3,45.79965,15.213271
2026-05-14 18:00:00+00:00,325,24,53.0,11.6,0.3,46.572933,15.62701
2026-05-14 18:00:00+00:00,391,24,53.0,11.3,0.2,46.71353,16.112904
2026-05-14 18:00:00+00:00,422,24,56.0,11.2,0.2,46.22144,15.21531
2026-05-14 18:00:00+00:00,425,24,55.0,13.7,0.0,45.940243,15.546751
2026-05-14 18:00:00+00:00,426,24,82.0,15.5,0.0,45.51845,13.704866
2026-05-14 01:00:00+00:00,63,1,0.0,4.0,0.0,46.432335,14.134615
2026-05-14 01:00:00+00:00,76,1,0.0,3.5,0.0,46.291737,14.233227
2026-05-14 01:00:00+00:00,106,1,0.0,4.8,0.0,46.22144,14.354067
2026-05-14 01:00:00+00:00,122,1,0.0,4.6,0.0,46.08084,14.45151
2026-05-14 01:00:00+00:00,127,1,0.0,4.5,0.0,46.151142,14.474522
2026-05-14 01:00:00+00:00,129,1,0.0,3.8,0.0,46.010544,14.571429
2026-05-14 01:00:00+00:00,177,1,0.0,1.2,0.0,45.65905,14.88189
2026-05-14 01:00:00+00:00,194,1,0.0,5.1,0.0,46.502636,15.024076
2026-05-14 01:00:00+00:00,236,1,0.0,5.9,0.0,45.79965,15.213271
2026-05-14 01:00:00+00:00,325,1,0.0,6.2,0.0,46.572933,15.62701
2026-05-14 01:00:00+00:00,391,1,0.0,5.3,0.0,46.71353,16.112904
2026-05-14 01:00:00+00:00,422,1,0.0,5.4,0.0,46.22144,15.21531
2026-05-14 01:00:00+00:00,425,1,0.0,5.3,0.0,45.940243,15.546751
2026-05-14 01:00:00+00:00,426,1,0.0,7.6,0.0,45.51845,13.704866
2026-05-14 02:00:00+00:00,63,2,0.0,3.9,0.0,46.432335,14.134615
2026-05-14 02:00:00+00:00,76,2,0.0,3.4,0.0,46.291737,14.233227
2026-05-14 02:00:00+00:00,106,2,0.0,4.3,0.0,46.22144,14.354067
2026-05-14 02:00:00+00:00,122,2,0.0,3.9,0.0,46.08084,14.45151
2026-05-14 02:00:00+00:00,127,2,0.0,3.9,0.0,46.151142,14.474522
2026-05-14 02:00:00+00:00,129,2,0.0,3.1,0.0,46.010544,14.571429
2026-05-14 02:00:00+00:00,177,2,0.0,1.0,0.0,45.65905,14.88189
2026-05-14 02:00:00+00:00,194,2,0.0,4.8,0.0,46.502636,15.024076
2026-05-14 02:00:00+00:00,236,2,0.0,6.1,0.0,45.79965,15.213271
2026-05-14 02:00:00+00:00,325,2,0.0,5.8,0.0,46.572933,15.62701
2026-05-14 02:00:00+00:00,391,2,0.0,5.3,0.0,46.71353,16.112904
2026-05-14 02:00:00+00:00,422,2,0.0,5.1,0.0,46.22144,15.21531
2026-05-14 02:00:00+00:00,425,2,0.0,5.3,0.0,45.940243,15.546751
2026-05-14 02:00:00+00:00,426,2,0.0,7.7,0.0,45.51845,13.704866
2026-05-14 03:00:00+00:00,63,3,0.0,3.6,0.0,46.432335,14.134615
2026-05-14 03:00:00+00:00,76,3,0.0,3.3,0.0,46.291737,14.233227
2026-05-14 03:00:00+00:00,106,3,0.0,4.0,0.0,46.22144,14.354067
2026-05-14 03:00:00+00:00,122,3,0.0,3.2,0.0,46.08084,14.45151
2026-05-14 03:00:00+00:00,127,3,0.0,3.5,0.0,46.151142,14.474522
2026-05-14 03:00:00+00:00,129,3,0.0,2.6,0.0,46.010544,14.571429
2026-05-14 03:00:00+00:00,177,3,0.0,0.8,0.0,45.65905,14.88189
2026-05-14 03:00:00+00:00,194,3,0.0,4.6,0.0,46.502636,15.024076
2026-05-14 03:00:00+00:00,236,3,0.0,5.8,0.0,45.79965,15.213271
2026-05-14 03:00:00+00:00,325,3,0.0,5.6,0.0,46.572933,15.62701
2026-05-14 03:00:00+00:00,391,3,0.0,5.0,0.0,46.71353,16.112904
2026-05-14 03:00:00+00:00,422,3,0.0,4.6,0.0,46.22144,15.21531
2026-05-14 03:00:00+00:00,425,3,0.0,5.2,0.0,45.940243,15.546751
2026-05-14 03:00:00+00:00,426,3,0.0,7.6,0.0,45.51845,13.704866
2026-05-14 06:00:00+00:00,63,6,165.0,9.5,0.0,46.432335,14.134615
2026-05-14 06:00:00+00:00,76,6,232.0,8.3,0.0,46.291737,14.233227
2026-05-14 06:00:00+00:00,106,6,252.0,9.2,0.0,46.22144,14.354067
2026-05-14 06:00:00+00:00,122,6,258.0,8.2,0.0,46.08084,14.45151
2026-05-14 06:00:00+00:00,127,6,256.0,8.1,0.0,46.151142,14.474522
2026-05-14 06:00:00+00:00,129,6,261.0,7.8,0.0,46.010544,14.571429
2026-05-14 06:00:00+00:00,177,6,268.0,8.0,0.0,45.65905,14.88189
2026-05-14 06:00:00+00:00,194,6,276.0,10.2,0.0,46.502636,15.024076
2026-05-14 06:00:00+00:00,236,6,263.0,10.0,0.0,45.79965,15.213271
2026-05-14 06:00:00+00:00,325,6,279.0,10.5,0.0,46.572933,15.62701
2026-05-14 06:00:00+00:00,391,6,280.0,9.3,0.0,46.71353,16.112904
2026-05-14 06:00:00+00:00,422,6,273.0,10.1,0.0,46.22144,15.21531
2026-05-14 06:00:00+00:00,425,6,272.0,9.5,0.0,45.940243,15.546751
2026-05-14 06:00:00+00:00,426,6,237.0,13.3,0.0,45.51845,13.704866
2026-05-14 07:00:00+00:00,63,1,243.0,10.3,0.0,46.432335,14.134615
2026-05-14 07:00:00+00:00,76,1,312.0,9.6,0.0,46.291737,14.233227
2026-05-14 07:00:00+00:00,106,1,373.0,10.6,0.0,46.22144,14.354067
2026-05-14 07:00:00+00:00,122,1,419.0,10.0,0.0,46.08084,14.45151
2026-05-14 07:00:00+00:00,127,1,419.0,10.0,0.0,46.151142,14.474522
2026-05-14 07:00:00+00:00,129,1,439.0,9.6,0.0,46.010544,14.571429
2026-05-14 07:00:00+00:00,177,1,442.0,10.1,0.0,45.65905,14.88189
2026-05-14 07:00:00+00:00,194,1,447.0,11.9,0.0,46.502636,15.024076
2026-05-14 07:00:00+00:00,236,1,448.0,12.2,0.0,45.79965,15.213271
2026-05-14 07:00:00+00:00,325,1,459.0,12.1,0.0,46.572933,15.62701
2026-05-14 07:00:00+00:00,391,1,462.0,11.1,0.0,46.71353,16.112904
2026-05-14 07:00:00+00:00,422,1,451.0,11.9,0.0,46.22144,15.21531
2026-05-14 07:00:00+00:00,425,1,445.0,11.1,0.0,45.940243,15.546751
2026-05-14 07:00:00+00:00,426,1,389.0,15.1,0.0,45.51845,13.704866
2026-05-14 08:00:00+00:00,63,2,304.0,11.3,0.0,46.432335,14.134615
2026-05-14 08:00:00+00:00,76,2,292.0,10.3,0.0,46.291737,14.233227
2026-05-14 08:00:00+00:00,106,2,315.0,11.4,0.0,46.22144,14.354067
2026-05-14 08:00:00+00:00,122,2,433.0,11.6,0.0,46.08084,14.45151
2026-05-14 08:00:00+00:00,127,2,385.0,11.4,0.0,46.151142,14.474522
2026-05-14 08:00:00+00:00,129,2,522.0,11.4,0.0,46.010544,14.571429
2026-05-14 08:00:00+00:00,177,2,582.0,11.4,0.0,45.65905,14.88189
2026-05-14 08:00:00+00:00,194,2,594.0,13.3,0.0,46.502636,15.024076
2026-05-14 08:00:00+00:00,236,2,614.0,14.5,0.0,45.79965,15.213271
2026-05-14 08:00:00+00:00,325,2,617.0,13.9,0.0,46.572933,15.62701
2026-05-14 08:00:00+00:00,391,2,624.0,13.1,0.0,46.71353,16.112904
2026-05-14 08:00:00+00:00,422,2,630.0,14.1,0.0,46.22144,15.21531
2026-05-14 08:00:00+00:00,425,2,622.0,13.4,0.0,45.940243,15.546751
2026-05-14 08:00:00+00:00,426,2,475.0,15.8,0.1,45.51845,13.704866
2026-05-14 09:00:00+00:00,63,3,318.0,11.6,0.0,46.432335,14.134615
2026-05-14 09:00:00+00:00,76,3,370.0,11.2,0.0,46.291737,14.233227
2026-05-14 09:00:00+00:00,106,3,418.0,12.5,0.0,46.22144,14.354067
2026-05-14 09:00:00+00:00,122,3,501.0,13.1,0.0,46.08084,14.45151
2026-05-14 09:00:00+00:00,127,3,467.0,12.7,0.0,46.151142,14.474522
2026-05-14 09:00:00+00:00,129,3,545.0,12.6,0.0,46.010544,14.571429
2026-05-14 09:00:00+00:00,177,3,698.0,12.5,0.0,45.65905,14.88189
2026-05-14 09:00:00+00:00,194,3,522.0,13.6,0.1,46.502636,15.024076
2026-05-14 09:00:00+00:00,236,3,746.0,16.3,0.1,45.79965,15.213271
2026-05-14 09:00:00+00:00,325,3,734.0,15.6,0.1,46.572933,15.62701
2026-05-14 09:00:00+00:00,391,3,762.0,15.1,0.0,46.71353,16.112904
2026-05-14 09:00:00+00:00,422,3,664.0,15.4,0.0,46.22144,15.21531
2026-05-14 09:00:00+00:00,425,3,754.0,15.3,0.1,45.940243,15.546751
2026-05-14 09:00:00+00:00,426,3,368.0,13.8,1.7,45.51845,13.704866
2026-05-14 12:00:00+00:00,63,6,220.0,10.2,2.6,46.432335,14.134615
2026-05-14 12:00:00+00:00,76,6,242.0,10.5,2.4,46.291737,14.233227
2026-05-14 12:00:00+00:00,106,6,320.0,11.4,1.8,46.22144,14.354067
2026-05-14 12:00:00+00:00,122,6,232.0,12.1,2.6,46.08084,14.45151
2026-05-14 12:00:00+00:00,127,6,314.0,11.2,1.9,46.151142,14.474522
2026-05-14 12:00:00+00:00,129,6,190.0,11.3,0.8,46.010544,14.571429
2026-05-14 12:00:00+00:00,177,6,619.0,11.4,0.2,45.65905,14.88189
2026-05-14 12:00:00+00:00,194,6,573.0,14.6,0.2,46.502636,15.024076
2026-05-14 12:00:00+00:00,236,6,633.0,13.5,2.9,45.79965,15.213271
2026-05-14 12:00:00+00:00,325,6,856.0,16.9,0.0,46.572933,15.62701
2026-05-14 12:00:00+00:00,391,6,735.0,17.0,0.0,46.71353,16.112904
2026-05-14 12:00:00+00:00,422,6,547.0,15.8,0.4,46.22144,15.21531
2026-05-14 12:00:00+00:00,425,6,720.0,13.8,3.0,45.940243,15.546751
2026-05-14 12:00:00+00:00,426,6,587.0,17.7,0.3,45.51845,13.704866
2026-05-14 13:00:00+00:00,63,1,124.0,7.2,2.1,46.432335,14.134615
2026-05-14 13:00:00+00:00,76,1,133.0,8.1,1.2,46.291737,14.233227
2026-05-14 13:00:00+00:00,106,1,190.0,9.9,1.6,46.22144,14.354067
2026-05-14 13:00:00+00:00,122,1,201.0,10.6,1.0,46.08084,14.45151
2026-05-14 13:00:00+00:00,127,1,224.0,10.9,1.0,46.151142,14.474522
2026-05-14 13:00:00+00:00,129,1,209.0,10.0,1.1,46.010544,14.571429
2026-05-14 13:00:00+00:00,177,1,339.0,10.7,0.3,45.65905,14.88189
2026-05-14 13:00:00+00:00,194,1,159.0,10.3,1.5,46.502636,15.024076
2026-05-14 13:00:00+00:00,236,1,335.0,13.7,0.3,45.79965,15.213271
2026-05-14 13:00:00+00:00,325,1,198.0,12.6,2.2,46.572933,15.62701
2026-05-14 13:00:00+00:00,391,1,316.0,15.2,0.0,46.71353,16.112904
2026-05-14 13:00:00+00:00,422,1,159.0,12.3,2.5,46.22144,15.21531
2026-05-14 13:00:00+00:00,425,1,349.0,14.0,0.5,45.940243,15.546751
2026-05-14 13:00:00+00:00,426,1,495.0,17.5,0.3,45.51845,13.704866
2026-05-14 14:00:00+00:00,63,2,127.0,7.6,1.2,46.432335,14.134615
2026-05-14 14:00:00+00:00,76,2,193.0,8.8,1.9,46.291737,14.233227
2026-05-14 14:00:00+00:00,106,2,291.0,10.4,1.5,46.22144,14.354067
2026-05-14 14:00:00+00:00,122,2,319.0,10.8,3.6,46.08084,14.45151
2026-05-14 14:00:00+00:00,127,2,344.0,11.6,1.4,46.151142,14.474522
2026-05-14 14:00:00+00:00,129,2,293.0,10.3,4.7,46.010544,14.571429
2026-05-14 14:00:00+00:00,177,2,485.0,11.6,0.3,45.65905,14.88189
2026-05-14 14:00:00+00:00,194,2,322.0,11.2,0.3,46.502636,15.024076
2026-05-14 14:00:00+00:00,236,2,488.0,14.7,0.1,45.79965,15.213271
2026-05-14 14:00:00+00:00,325,2,256.0,12.1,4.4,46.572933,15.62701
2026-05-14 14:00:00+00:00,391,2,258.0,12.9,2.1,46.71353,16.112904
2026-05-14 14:00:00+00:00,422,2,333.0,12.6,0.6,46.22144,15.21531
2026-05-14 14:00:00+00:00,425,2,400.0,14.6,0.1,45.940243,15.546751
2026-05-14 14:00:00+00:00,426,2,529.0,18.0,0.1,45.51845,13.704866
2026-05-14 15:00:00+00:00,63,3,150.0,8.4,1.0,46.432335,14.134615
2026-05-14 15:00:00+00:00,76,3,123.0,8.9,1.5,46.291737,14.233227
2026-05-14 15:00:00+00:00,106,3,132.0,10.4,2.3,46.22144,14.354067
2026-05-14 15:00:00+00:00,122,3,247.0,10.6,1.6,46.08084,14.45151
2026-05-14 15:00:00+00:00,127,3,188.0,11.3,2.4,46.151142,14.474522
2026-05-14 15:00:00+00:00,129,3,295.0,10.4,3.0,46.010544,14.571429
2026-05-14 15:00:00+00:00,177,3,384.0,10.0,1.1,45.65905,14.88189
2026-05-14 15:00:00+00:00,194,3,155.0,10.9,0.9,46.502636,15.024076
2026-05-14 15:00:00+00:00,236,3,378.0,15.4,0.4,45.79965,15.213271
2026-05-14 15:00:00+00:00,325,3,264.0,12.1,0.3,46.572933,15.62701
2026-05-14 15:00:00+00:00,391,3,237.0,12.7,1.1,46.71353,16.112904
2026-05-14 15:00:00+00:00,422,3,337.0,13.4,0.2,46.22144,15.21531
2026-05-14 15:00:00+00:00,425,3,466.0,15.5,0.1,45.940243,15.546751
2026-05-14 15:00:00+00:00,426,3,573.0,19.0,0.1,45.51845,13.704866
2026-05-14 18:00:00+00:00,63,6,23.0,8.0,0.8,46.432335,14.134615
2026-05-14 18:00:00+00:00,76,6,27.0,7.9,1.6,46.291737,14.233227
2026-05-14 18:00:00+00:00,106,6,33.0,8.9,2.4,46.22144,14.354067
2026-05-14 18:00:00+00:00,122,6,41.0,9.8,2.6,46.08084,14.45151
2026-05-14 18:00:00+00:00,127,6,38.0,9.2,1.6,46.151142,14.474522
2026-05-14 18:00:00+00:00,129,6,50.0,9.5,1.3,46.010544,14.571429
2026-05-14 18:00:00+00:00,177,6,56.0,7.7,0.8,45.65905,14.88189
2026-05-14 18:00:00+00:00,194,6,59.0,9.9,1.0,46.502636,15.024076
2026-05-14 18:00:00+00:00,236,6,57.0,13.4,0.4,45.79965,15.213271
2026-05-14 18:00:00+00:00,325,6,45.0,11.2,0.4,46.572933,15.62701
2026-05-14 18:00:00+00:00,391,6,41.0,11.6,0.2,46.71353,16.112904
2026-05-14 18:00:00+00:00,422,6,45.0,11.5,0.4,46.22144,15.21531
2026-05-14 18:00:00+00:00,425,6,57.0,11.3,0.1,45.940243,15.546751
2026-05-14 18:00:00+00:00,426,6,65.0,14.8,0.1,45.51845,13.704866
2026-05-14 19:00:00+00:00,63,1,0.0,4.5,4.1,46.432335,14.134615
2026-05-14 19:00:00+00:00,76,1,1.0,7.7,2.7,46.291737,14.233227
2026-05-14 19:00:00+00:00,106,1,1.0,8.9,1.9,46.22144,14.354067
2026-05-14 19:00:00+00:00,122,1,2.0,8.8,0.4,46.08084,14.45151
2026-05-14 19:00:00+00:00,127,1,2.0,8.3,1.0,46.151142,14.474522
2026-05-14 19:00:00+00:00,129,1,3.0,8.8,0.0,46.010544,14.571429
2026-05-14 19:00:00+00:00,177,1,1.0,6.7,1.1,45.65905,14.88189
2026-05-14 19:00:00+00:00,194,1,1.0,9.6,1.0,46.502636,15.024076
2026-05-14 19:00:00+00:00,236,1,2.0,12.2,0.3,45.79965,15.213271
2026-05-14 19:00:00+00:00,325,1,2.0,10.3,0.5,46.572933,15.62701
2026-05-14 19:00:00+00:00,391,1,1.0,10.9,0.5,46.71353,16.112904
2026-05-14 19:00:00+00:00,422,1,1.0,10.6,0.1,46.22144,15.21531
2026-05-14 19:00:00+00:00,425,1,2.0,10.6,0.0,45.940243,15.546751
2026-05-14 19:00:00+00:00,426,1,2.0,14.6,0.2,45.51845,13.704866
2026-05-14 20:00:00+00:00,63,2,0.0,4.1,3.6,46.432335,14.134615
2026-05-14 20:00:00+00:00,76,2,0.0,7.5,2.2,46.291737,14.233227
2026-05-14 20:00:00+00:00,106,2,0.0,8.5,1.2,46.22144,14.354067
2026-05-14 20:00:00+00:00,122,2,0.0,8.6,0.8,46.08084,14.45151
2026-05-14 20:00:00+00:00,127,2,0.0,8.0,0.7,46.151142,14.474522
2026-05-14 20:00:00+00:00,129,2,0.0,8.1,1.0,46.010544,14.571429
2026-05-14 20:00:00+00:00,177,2,0.0,7.2,0.8,45.65905,14.88189
2026-05-14 20:00:00+00:00,194,2,0.0,8.8,0.8,46.502636,15.024076
2026-05-14 20:00:00+00:00,236,2,0.0,11.2,0.2,45.79965,15.213271
2026-05-14 20:00:00+00:00,325,2,0.0,10.1,0.1,46.572933,15.62701
2026-05-14 20:00:00+00:00,391,2,0.0,9.8,0.5,46.71353,16.112904
2026-05-14 20:00:00+00:00,422,2,0.0,9.9,0.3,46.22144,15.21531
2026-05-14 20:00:00+00:00,425,2,0.0,10.0,0.0,45.940243,15.546751
2026-05-14 20:00:00+00:00,426,2,0.0,13.5,0.0,45.51845,13.704866
2026-05-14 21:00:00+00:00,63,3,0.0,4.3,1.7,46.432335,14.134615
2026-05-14 21:00:00+00:00,76,3,0.0,7.0,2.5,46.291737,14.233227
2026-05-14 21:00:00+00:00,106,3,0.0,8.2,0.9,46.22144,14.354067
2026-05-14 21:00:00+00:00,122,3,0.0,8.4,0.9,46.08084,14.45151
2026-05-14 21:00:00+00:00,127,3,0.0,7.7,1.3,46.151142,14.474522
2026-05-14 21:00:00+00:00,129,3,0.0,8.1,0.4,46.010544,14.571429
2026-05-14 21:00:00+00:00,177,3,0.0,6.9,0.9,45.65905,14.88189
2026-05-14 21:00:00+00:00,194,3,0.0,8.3,0.6,46.502636,15.024076
2026-05-14 21:00:00+00:00,236,3,0.0,10.5,0.5,45.79965,15.213271
2026-05-14 21:00:00+00:00,325,3,0.0,9.3,0.3,46.572933,15.62701
2026-05-14 21:00:00+00:00,391,3,0.0,9.6,0.0,46.71353,16.112904
2026-05-14 21:00:00+00:00,422,3,0.0,9.8,0.6,46.22144,15.21531
2026-05-14 21:00:00+00:00,425,3,0.0,9.5,0.2,45.940243,15.546751
2026-05-14 21:00:00+00:00,426,3,0.0,11.4,0.0,45.51845,13.704866
2026-05-15 00:00:00+00:00,63,6,0.0,4.5,0.4,46.432335,14.134615
2026-05-15 00:00:00+00:00,63,24,0.0,7.5,0.7,46.432335,14.134615
2026-05-15 00:00:00+00:00,76,6,0.0,6.7,1.3,46.291737,14.233227
2026-05-15 00:00:00+00:00,76,24,0.0,7.0,1.0,46.291737,14.233227
2026-05-15 00:00:00+00:00,106,6,0.0,7.8,1.6,46.22144,14.354067
2026-05-15 00:00:00+00:00,106,24,0.0,7.6,1.7,46.22144,14.354067
2026-05-15 00:00:00+00:00,122,6,0.0,7.0,2.5,46.08084,14.45151
2026-05-15 00:00:00+00:00,122,24,0.0,7.5,2.8,46.08084,14.45151
2026-05-15 00:00:00+00:00,127,6,0.0,6.6,3.9,46.151142,14.474522
2026-05-15 00:00:00+00:00,127,24,0.0,6.2,9.0,46.151142,14.474522
2026-05-15 00:00:00+00:00,129,6,0.0,6.3,1.1,46.010544,14.571429
2026-05-15 00:00:00+00:00,129,24,0.0,7.0,1.7,46.010544,14.571429
2026-05-15 00:00:00+00:00,177,6,0.0,6.4,0.1,45.65905,14.88189
2026-05-15 00:00:00+00:00,177,24,0.0,6.3,0.4,45.65905,14.88189
2026-05-15 00:00:00+00:00,194,6,0.0,6.7,0.0,46.502636,15.024076
2026-05-15 00:00:00+00:00,194,24,0.0,7.4,0.1,46.502636,15.024076
2026-05-15 00:00:00+00:00,236,6,0.0,9.6,0.0,45.79965,15.213271
2026-05-15 00:00:00+00:00,236,24,0.0,8.6,0.1,45.79965,15.213271
2026-05-15 00:00:00+00:00,325,6,0.0,8.3,0.1,46.572933,15.62701
2026-05-15 00:00:00+00:00,325,24,0.0,8.4,0.0,46.572933,15.62701
2026-05-15 00:00:00+00:00,391,6,0.0,9.1,0.0,46.71353,16.112904
2026-05-15 00:00:00+00:00,391,24,0.0,9.9,0.0,46.71353,16.112904
2026-05-15 00:00:00+00:00,422,6,0.0,8.3,0.1,46.22144,15.21531
2026-05-15 00:00:00+00:00,422,24,0.0,9.3,0.3,46.22144,15.21531
2026-05-15 00:00:00+00:00,425,6,0.0,9.0,0.1,45.940243,15.546751
2026-05-15 00:00:00+00:00,425,24,0.0,10.1,0.0,45.940243,15.546751
2026-05-15 00:00:00+00:00,426,6,0.0,11.2,3.1,45.51845,13.704866
2026-05-15 00:00:00+00:00,426,24,0.0,13.7,0.0,45.51845,13.704866
2026-05-15 06:00:00+00:00,63,24,57.0,8.0,0.2,46.432335,14.134615
2026-05-15 06:00:00+00:00,76,24,115.0,8.0,0.0,46.291737,14.233227
2026-05-15 06:00:00+00:00,106,24,148.0,8.9,0.0,46.22144,14.354067
2026-05-15 06:00:00+00:00,122,24,173.0,9.4,0.2,46.08084,14.45151
2026-05-15 06:00:00+00:00,127,24,165.0,8.5,0.0,46.151142,14.474522
2026-05-15 06:00:00+00:00,129,24,191.0,9.8,0.1,46.010544,14.571429
2026-05-15 06:00:00+00:00,177,24,181.0,8.0,0.4,45.65905,14.88189
2026-05-15 06:00:00+00:00,194,24,134.0,9.5,0.1,46.502636,15.024076
2026-05-15 06:00:00+00:00,236,24,234.0,11.4,0.0,45.79965,15.213271
2026-05-15 06:00:00+00:00,325,24,184.0,11.5,0.0,46.572933,15.62701
2026-05-15 06:00:00+00:00,391,24,243.0,11.8,0.6,46.71353,16.112904
2026-05-15 06:00:00+00:00,422,24,186.0,10.9,0.0,46.22144,15.21531
2026-05-15 06:00:00+00:00,425,24,224.0,10.9,0.0,45.940243,15.546751
2026-05-15 06:00:00+00:00,426,24,125.0,11.4,0.2,45.51845,13.704866
2026-05-15 12:00:00+00:00,63,24,119.0,9.0,2.6,46.432335,14.134615
2026-05-15 12:00:00+00:00,76,24,83.0,9.3,2.2,46.291737,14.233227
2026-05-15 12:00:00+00:00,106,24,87.0,10.0,1.4,46.22144,14.354067
2026-05-15 12:00:00+00:00,122,24,199.0,11.5,0.4,46.08084,14.45151
2026-05-15 12:00:00+00:00,127,24,141.0,10.5,0.5,46.151142,14.474522
2026-05-15 12:00:00+00:00,129,24,292.0,11.9,0.8,46.010544,14.571429
2026-05-15 12:00:00+00:00,177,24,310.0,9.7,0.8,45.65905,14.88189
2026-05-15 12:00:00+00:00,194,24,250.0,11.4,2.3,46.502636,15.024076
2026-05-15 12:00:00+00:00,236,24,408.0,15.2,0.2,45.79965,15.213271
2026-05-15 12:00:00+00:00,325,24,315.0,13.7,0.7,46.572933,15.62701
2026-05-15 12:00:00+00:00,391,24,646.0,15.0,1.2,46.71353,16.112904
2026-05-15 12:00:00+00:00,422,24,288.0,13.0,2.3,46.22144,15.21531
2026-05-15 12:00:00+00:00,425,24,358.0,14.7,0.1,45.940243,15.546751
2026-05-15 12:00:00+00:00,426,24,312.0,13.2,3.6,45.51845,13.704866
2026-05-15 18:00:00+00:00,63,24,27.0,8.6,0.5,46.432335,14.134615
2026-05-15 18:00:00+00:00,76,24,20.0,8.6,0.9,46.291737,14.233227
2026-05-15 18:00:00+00:00,106,24,16.0,9.4,1.2,46.22144,14.354067
2026-05-15 18:00:00+00:00,122,24,11.0,10.9,2.3,46.08084,14.45151
2026-05-15 18:00:00+00:00,127,24,14.0,9.7,1.4,46.151142,14.474522
2026-05-15 18:00:00+00:00,129,24,11.0,10.4,1.4,46.010544,14.571429
2026-05-15 18:00:00+00:00,177,24,8.0,7.9,3.9,45.65905,14.88189
2026-05-15 18:00:00+00:00,194,24,21.0,10.3,0.9,46.502636,15.024076
2026-05-15 18:00:00+00:00,236,24,7.0,11.7,2.9,45.79965,15.213271
2026-05-15 18:00:00+00:00,325,24,15.0,11.4,0.7,46.572933,15.62701
2026-05-15 18:00:00+00:00,391,24,23.0,12.1,0.5,46.71353,16.112904
2026-05-15 18:00:00+00:00,422,24,13.0,11.5,1.2,46.22144,15.21531
2026-05-15 18:00:00+00:00,425,24,10.0,11.9,1.6,45.940243,15.546751
2026-05-15 18:00:00+00:00,426,24,16.0,12.0,1.4,45.51845,13.704866
2026-05-15 01:00:00+00:00,63,1,0.0,4.7,2.1,46.432335,14.134615
2026-05-15 01:00:00+00:00,76,1,0.0,7.1,1.3,46.291737,14.233227
2026-05-15 01:00:00+00:00,106,1,0.0,7.8,4.4,46.22144,14.354067
2026-05-15 01:00:00+00:00,122,1,0.0,7.9,3.8,46.08084,14.45151
2026-05-15 01:00:00+00:00,127,1,0.0,6.8,3.3,46.151142,14.474522
2026-05-15 01:00:00+00:00,129,1,0.0,7.0,3.0,46.010544,14.571429
2026-05-15 01:00:00+00:00,177,1,0.0,5.7,1.5,45.65905,14.88189
2026-05-15 01:00:00+00:00,194,1,0.0,6.9,1.0,46.502636,15.024076
2026-05-15 01:00:00+00:00,236,1,0.0,8.7,0.3,45.79965,15.213271
2026-05-15 01:00:00+00:00,325,1,0.0,8.4,0.1,46.572933,15.62701
2026-05-15 01:00:00+00:00,391,1,0.0,9.2,0.4,46.71353,16.112904
2026-05-15 01:00:00+00:00,422,1,0.0,8.2,5.0,46.22144,15.21531
2026-05-15 01:00:00+00:00,425,1,0.0,8.5,0.3,45.940243,15.546751
2026-05-15 01:00:00+00:00,426,1,0.0,10.7,0.4,45.51845,13.704866
2026-05-15 02:00:00+00:00,63,2,0.0,4.8,0.8,46.432335,14.134615
2026-05-15 02:00:00+00:00,76,2,0.0,6.8,1.0,46.291737,14.233227
2026-05-15 02:00:00+00:00,106,2,0.0,7.3,1.2,46.22144,14.354067
2026-05-15 02:00:00+00:00,122,2,0.0,7.3,1.1,46.08084,14.45151
2026-05-15 02:00:00+00:00,127,2,0.0,6.4,1.4,46.151142,14.474522
2026-05-15 02:00:00+00:00,129,2,0.0,7.2,0.7,46.010544,14.571429
2026-05-15 02:00:00+00:00,177,2,0.0,5.7,0.2,45.65905,14.88189
2026-05-15 02:00:00+00:00,194,2,0.0,6.8,0.9,46.502636,15.024076
2026-05-15 02:00:00+00:00,236,2,0.0,8.3,0.1,45.79965,15.213271
2026-05-15 02:00:00+00:00,325,2,0.0,8.1,0.5,46.572933,15.62701
2026-05-15 02:00:00+00:00,391,2,0.0,8.6,0.1,46.71353,16.112904
2026-05-15 02:00:00+00:00,422,2,0.0,7.8,1.6,46.22144,15.21531
2026-05-15 02:00:00+00:00,425,2,0.0,8.3,0.5,45.940243,15.546751
2026-05-15 02:00:00+00:00,426,2,0.0,9.7,0.1,45.51845,13.704866
2026-05-15 03:00:00+00:00,63,3,0.0,4.8,0.9,46.432335,14.134615
2026-05-15 03:00:00+00:00,76,3,0.0,7.0,0.4,46.291737,14.233227
2026-05-15 03:00:00+00:00,106,3,0.0,7.3,0.1,46.22144,14.354067
2026-05-15 03:00:00+00:00,122,3,0.0,7.5,0.1,46.08084,14.45151
2026-05-15 03:00:00+00:00,127,3,0.0,6.6,0.0,46.151142,14.474522
2026-05-15 03:00:00+00:00,129,3,0.0,6.9,0.1,46.010544,14.571429
2026-05-15 03:00:00+00:00,177,3,0.0,5.2,0.2,45.65905,14.88189
2026-05-15 03:00:00+00:00,194,3,0.0,6.8,0.4,46.502636,15.024076
2026-05-15 03:00:00+00:00,236,3,0.0,7.6,0.1,45.79965,15.213271
2026-05-15 03:00:00+00:00,325,3,0.0,8.0,0.3,46.572933,15.62701
2026-05-15 03:00:00+00:00,391,3,0.0,8.3,0.5,46.71353,16.112904
2026-05-15 03:00:00+00:00,422,3,0.0,7.9,0.2,46.22144,15.21531
2026-05-15 03:00:00+00:00,425,3,0.0,7.0,0.0,45.940243,15.546751
2026-05-15 03:00:00+00:00,426,3,0.0,8.9,0.1,45.51845,13.704866
2026-05-15 06:00:00+00:00,63,6,72.0,5.2,0.0,46.432335,14.134615
2026-05-15 06:00:00+00:00,76,6,144.0,7.0,0.0,46.291737,14.233227
2026-05-15 06:00:00+00:00,106,6,199.0,8.7,0.0,46.22144,14.354067
2026-05-15 06:00:00+00:00,122,6,199.0,9.0,0.0,46.08084,14.45151
2026-05-15 06:00:00+00:00,127,6,216.0,8.3,0.0,46.151142,14.474522
2026-05-15 06:00:00+00:00,129,6,200.0,8.9,0.1,46.010544,14.571429
2026-05-15 06:00:00+00:00,177,6,214.0,8.2,0.0,45.65905,14.88189
2026-05-15 06:00:00+00:00,194,6,95.0,6.2,0.0,46.502636,15.024076
2026-05-15 06:00:00+00:00,236,6,266.0,11.0,0.0,45.79965,15.213271
2026-05-15 06:00:00+00:00,325,6,194.0,10.3,0.0,46.572933,15.62701
2026-05-15 06:00:00+00:00,391,6,271.0,10.5,0.0,46.71353,16.112904
2026-05-15 06:00:00+00:00,422,6,171.0,10.4,0.0,46.22144,15.21531
2026-05-15 06:00:00+00:00,425,6,253.0,10.8,0.0,45.940243,15.546751
2026-05-15 06:00:00+00:00,426,6,231.0,13.0,0.0,45.51845,13.704866
2026-05-15 07:00:00+00:00,63,1,111.0,5.7,0.0,46.432335,14.134615
2026-05-15 07:00:00+00:00,76,1,276.0,8.2,0.1,46.291737,14.233227
2026-05-15 07:00:00+00:00,106,1,335.0,9.7,0.1,46.22144,14.354067
2026-05-15 07:00:00+00:00,122,1,369.0,10.1,0.0,46.08084,14.45151
2026-05-15 07:00:00+00:00,127,1,352.0,9.4,0.0,46.151142,14.474522
2026-05-15 07:00:00+00:00,129,1,393.0,10.1,0.0,46.010544,14.571429
2026-05-15 07:00:00+00:00,177,1,422.0,9.2,0.0,45.65905,14.88189
2026-05-15 07:00:00+00:00,194,1,277.0,7.3,0.0,46.502636,15.024076
2026-05-15 07:00:00+00:00,236,1,440.0,12.8,0.0,45.79965,15.213271
2026-05-15 07:00:00+00:00,325,1,403.0,11.6,0.4,46.572933,15.62701
2026-05-15 07:00:00+00:00,391,1,428.0,12.0,0.0,46.71353,16.112904
2026-05-15 07:00:00+00:00,422,1,401.0,11.7,0.2,46.22144,15.21531
2026-05-15 07:00:00+00:00,425,1,434.0,12.3,0.0,45.940243,15.546751
2026-05-15 07:00:00+00:00,426,1,379.0,12.9,0.3,45.51845,13.704866
2026-05-15 08:00:00+00:00,63,2,313.0,7.6,0.0,46.432335,14.134615
2026-05-15 08:00:00+00:00,76,2,434.0,9.8,0.0,46.291737,14.233227
2026-05-15 08:00:00+00:00,106,2,480.0,11.2,0.1,46.22144,14.354067
2026-05-15 08:00:00+00:00,122,2,488.0,11.8,0.0,46.08084,14.45151
2026-05-15 08:00:00+00:00,127,2,493.0,11.2,0.0,46.151142,14.474522
2026-05-15 08:00:00+00:00,129,2,504.0,11.2,0.1,46.010544,14.571429
2026-05-15 08:00:00+00:00,177,2,508.0,10.3,0.2,45.65905,14.88189
2026-05-15 08:00:00+00:00,194,2,377.0,8.7,0.0,46.502636,15.024076
2026-05-15 08:00:00+00:00,236,2,584.0,14.4,0.1,45.79965,15.213271
2026-05-15 08:00:00+00:00,325,2,608.0,13.4,0.4,46.572933,15.62701
2026-05-15 08:00:00+00:00,391,2,539.0,13.4,0.2,46.71353,16.112904
2026-05-15 08:00:00+00:00,422,2,546.0,13.2,0.1,46.22144,15.21531
2026-05-15 08:00:00+00:00,425,2,611.0,14.2,0.0,45.940243,15.546751
2026-05-15 08:00:00+00:00,426,2,338.0,12.9,0.8,45.51845,13.704866
2026-05-15 09:00:00+00:00,63,3,399.0,9.3,0.0,46.432335,14.134615
2026-05-15 09:00:00+00:00,76,3,524.0,11.5,0.1,46.291737,14.233227
2026-05-15 09:00:00+00:00,106,3,590.0,12.2,0.2,46.22144,14.354067
2026-05-15 09:00:00+00:00,122,3,600.0,13.1,0.2,46.08084,14.45151
2026-05-15 09:00:00+00:00,127,3,615.0,12.4,0.1,46.151142,14.474522
2026-05-15 09:00:00+00:00,129,3,587.0,12.7,0.3,46.010544,14.571429
2026-05-15 09:00:00+00:00,177,3,367.0,10.2,0.4,45.65905,14.88189
2026-05-15 09:00:00+00:00,194,3,655.0,11.5,0.0,46.502636,15.024076
2026-05-15 09:00:00+00:00,236,3,542.0,15.4,0.2,45.79965,15.213271
2026-05-15 09:00:00+00:00,325,3,714.0,15.4,0.1,46.572933,15.62701
2026-05-15 09:00:00+00:00,391,3,687.0,14.8,0.1,46.71353,16.112904
2026-05-15 09:00:00+00:00,422,3,670.0,14.5,0.1,46.22144,15.21531
2026-05-15 09:00:00+00:00,425,3,586.0,15.2,0.1,45.940243,15.546751
2026-05-15 09:00:00+00:00,426,3,336.0,14.3,0.3,45.51845,13.704866
2026-05-15 12:00:00+00:00,63,6,80.0,8.6,1.6,46.432335,14.134615
2026-05-15 12:00:00+00:00,76,6,116.0,8.9,1.9,46.291737,14.233227
2026-05-15 12:00:00+00:00,106,6,146.0,10.2,1.5,46.22144,14.354067
2026-05-15 12:00:00+00:00,122,6,198.0,12.0,0.9,46.08084,14.45151
2026-05-15 12:00:00+00:00,127,6,164.0,10.9,1.0,46.151142,14.474522
2026-05-15 12:00:00+00:00,129,6,201.0,11.6,0.6,46.010544,14.571429
2026-05-15 12:00:00+00:00,177,6,110.0,8.2,1.0,45.65905,14.88189
2026-05-15 12:00:00+00:00,194,6,283.0,11.1,1.7,46.502636,15.024076
2026-05-15 12:00:00+00:00,236,6,172.0,13.5,1.5,45.79965,15.213271
2026-05-15 12:00:00+00:00,325,6,250.0,13.1,0.9,46.572933,15.62701
2026-05-15 12:00:00+00:00,391,6,442.0,15.5,0.1,46.71353,16.112904
2026-05-15 12:00:00+00:00,422,6,261.0,13.1,2.0,46.22144,15.21531
2026-05-15 12:00:00+00:00,425,6,187.0,12.8,2.0,45.940243,15.546751
2026-05-15 12:00:00+00:00,426,6,288.0,13.2,2.0,45.51845,13.704866
2026-05-15 13:00:00+00:00,63,1,86.0,7.9,1.9,46.432335,14.134615
2026-05-15 13:00:00+00:00,76,1,74.0,8.8,1.5,46.291737,14.233227
2026-05-15 13:00:00+00:00,106,1,95.0,10.0,1.7,46.22144,14.354067
2026-05-15 13:00:00+00:00,122,1,126.0,11.4,0.9,46.08084,14.45151
2026-05-15 13:00:00+00:00,127,1,116.0,10.2,1.2,46.151142,14.474522
2026-05-15 13:00:00+00:00,129,1,155.0,11.0,0.8,46.010544,14.571429
2026-05-15 13:00:00+00:00,177,1,269.0,8.6,0.4,45.65905,14.88189
2026-05-15 13:00:00+00:00,194,1,168.0,10.0,1.3,46.502636,15.024076
2026-05-15 13:00:00+00:00,236,1,148.0,12.8,0.7,45.79965,15.213271
2026-05-15 13:00:00+00:00,325,1,156.0,12.4,2.6,46.572933,15.62701
2026-05-15 13:00:00+00:00,391,1,193.0,13.5,1.4,46.71353,16.112904
2026-05-15 13:00:00+00:00,422,1,119.0,11.5,2.0,46.22144,15.21531
2026-05-15 13:00:00+00:00,425,1,169.0,12.9,1.0,45.940243,15.546751
2026-05-15 13:00:00+00:00,426,1,501.0,16.0,0.1,45.51845,13.704866
2026-05-15 14:00:00+00:00,63,2,169.0,8.8,0.8,46.432335,14.134615
2026-05-15 14:00:00+00:00,76,2,149.0,9.3,0.8,46.291737,14.233227
2026-05-15 14:00:00+00:00,106,2,192.0,10.2,0.8,46.22144,14.354067
2026-05-15 14:00:00+00:00,122,2,374.0,12.4,0.3,46.08084,14.45151
2026-05-15 14:00:00+00:00,127,2,294.0,10.9,0.3,46.151142,14.474522
2026-05-15 14:00:00+00:00,129,2,467.0,12.5,0.1,46.010544,14.571429
2026-05-15 14:00:00+00:00,177,2,429.0,10.2,0.1,45.65905,14.88189
2026-05-15 14:00:00+00:00,194,2,270.0,10.7,0.4,46.502636,15.024076
2026-05-15 14:00:00+00:00,236,2,555.0,14.3,0.0,45.79965,15.213271
2026-05-15 14:00:00+00:00,325,2,97.0,12.1,2.0,46.572933,15.62701
2026-05-15 14:00:00+00:00,391,2,123.0,12.6,2.1,46.71353,16.112904
2026-05-15 14:00:00+00:00,422,2,443.0,12.8,0.2,46.22144,15.21531
2026-05-15 14:00:00+00:00,425,2,443.0,13.8,0.1,45.940243,15.546751
2026-05-15 14:00:00+00:00,426,2,381.0,13.6,0.9,45.51845,13.704866
2026-05-15 15:00:00+00:00,63,3,128.0,8.9,1.1,46.432335,14.134615
2026-05-15 15:00:00+00:00,76,3,147.0,10.3,1.1,46.291737,14.233227
2026-05-15 15:00:00+00:00,106,3,202.0,10.8,1.1,46.22144,14.354067
2026-05-15 15:00:00+00:00,122,3,262.0,12.5,0.6,46.08084,14.45151
2026-05-15 15:00:00+00:00,127,3,263.0,11.3,0.5,46.151142,14.474522
2026-05-15 15:00:00+00:00,129,3,339.0,12.8,0.3,46.010544,14.571429
2026-05-15 15:00:00+00:00,177,3,358.0,10.7,0.1,45.65905,14.88189
2026-05-15 15:00:00+00:00,194,3,265.0,11.1,0.2,46.502636,15.024076
2026-05-15 15:00:00+00:00,236,3,296.0,14.6,0.0,45.79965,15.213271
2026-05-15 15:00:00+00:00,325,3,275.0,12.7,0.0,46.572933,15.62701
2026-05-15 15:00:00+00:00,391,3,104.0,12.4,0.5,46.71353,16.112904
2026-05-15 15:00:00+00:00,422,3,287.0,12.9,0.0,46.22144,15.21531
2026-05-15 15:00:00+00:00,425,3,326.0,14.1,0.1,45.940243,15.546751
2026-05-15 15:00:00+00:00,426,3,207.0,13.5,3.8,45.51845,13.704866
2026-05-15 18:00:00+00:00,63,6,5.0,7.2,3.1,46.432335,14.134615
2026-05-15 18:00:00+00:00,76,6,11.0,8.2,1.4,46.291737,14.233227
2026-05-15 18:00:00+00:00,106,6,11.0,9.4,2.3,46.22144,14.354067
2026-05-15 18:00:00+00:00,122,6,7.0,10.5,3.8,46.08084,14.45151
2026-05-15 18:00:00+00:00,127,6,8.0,9.5,2.8,46.151142,14.474522
2026-05-15 18:00:00+00:00,129,6,5.0,9.9,2.8,46.010544,14.571429
2026-05-15 18:00:00+00:00,177,6,11.0,8.0,1.4,45.65905,14.88189
2026-05-15 18:00:00+00:00,194,6,13.0,9.9,1.7,46.502636,15.024076
2026-05-15 18:00:00+00:00,236,6,13.0,12.1,2.3,45.79965,15.213271
2026-05-15 18:00:00+00:00,325,6,24.0,11.2,0.6,46.572933,15.62701
2026-05-15 18:00:00+00:00,391,6,34.0,11.4,0.1,46.71353,16.112904
2026-05-15 18:00:00+00:00,422,6,10.0,11.5,3.8,46.22144,15.21531
2026-05-15 18:00:00+00:00,425,6,8.0,12.0,3.0,45.940243,15.546751
2026-05-15 18:00:00+00:00,426,6,7.0,11.3,10.1,45.51845,13.704866
2026-05-15 19:00:00+00:00,63,1,0.0,5.7,3.7,46.432335,14.134615
2026-05-15 19:00:00+00:00,76,1,1.0,7.6,2.4,46.291737,14.233227
2026-05-15 19:00:00+00:00,106,1,1.0,8.6,2.7,46.22144,14.354067
2026-05-15 19:00:00+00:00,122,1,1.0,8.9,2.8,46.08084,14.45151
2026-05-15 19:00:00+00:00,127,1,1.0,8.3,2.4,46.151142,14.474522
2026-05-15 19:00:00+00:00,129,1,1.0,8.6,4.2,46.010544,14.571429
2026-05-15 19:00:00+00:00,177,1,1.0,7.4,2.7,45.65905,14.88189
2026-05-15 19:00:00+00:00,194,1,0.0,10.0,3.0,46.502636,15.024076
2026-05-15 19:00:00+00:00,236,1,1.0,11.4,1.9,45.79965,15.213271
2026-05-15 19:00:00+00:00,325,1,0.0,10.9,3.7,46.572933,15.62701
2026-05-15 19:00:00+00:00,391,1,1.0,11.6,1.3,46.71353,16.112904
2026-05-15 19:00:00+00:00,422,1,0.0,11.0,2.2,46.22144,15.21531
2026-05-15 19:00:00+00:00,425,1,0.0,11.6,1.2,45.940243,15.546751
2026-05-15 19:00:00+00:00,426,1,1.0,11.1,0.8,45.51845,13.704866
2026-05-15 20:00:00+00:00,63,2,0.0,5.8,1.0,46.432335,14.134615
2026-05-15 20:00:00+00:00,76,2,0.0,7.0,1.0,46.291737,14.233227
2026-05-15 20:00:00+00:00,106,2,0.0,8.1,1.3,46.22144,14.354067
2026-05-15 20:00:00+00:00,122,2,0.0,8.8,1.6,46.08084,14.45151
2026-05-15 20:00:00+00:00,127,2,0.0,8.0,1.6,46.151142,14.474522
2026-05-15 20:00:00+00:00,129,2,0.0,8.2,1.9,46.010544,14.571429
2026-05-15 20:00:00+00:00,177,2,0.0,6.8,2.4,45.65905,14.88189
2026-05-15 20:00:00+00:00,194,2,0.0,9.5,1.6,46.502636,15.024076
2026-05-15 20:00:00+00:00,236,2,0.0,11.2,2.7,45.79965,15.213271
2026-05-15 20:00:00+00:00,325,2,0.0,10.9,2.7,46.572933,15.62701
2026-05-15 20:00:00+00:00,391,2,0.0,11.4,2.6,46.71353,16.112904
2026-05-15 20:00:00+00:00,422,2,0.0,10.7,2.9,46.22144,15.21531
2026-05-15 20:00:00+00:00,425,2,0.0,11.6,1.9,45.940243,15.546751
2026-05-15 20:00:00+00:00,426,2,0.0,10.6,0.6,45.51845,13.704866
2026-05-15 21:00:00+00:00,63,3,0.0,5.6,0.1,46.432335,14.134615
2026-05-15 21:00:00+00:00,76,3,0.0,6.5,0.2,46.291737,14.233227
2026-05-15 21:00:00+00:00,106,3,0.0,7.6,0.4,46.22144,14.354067
2026-05-15 21:00:00+00:00,122,3,0.0,8.4,0.5,46.08084,14.45151
2026-05-15 21:00:00+00:00,127,3,0.0,7.6,0.5,46.151142,14.474522
2026-05-15 21:00:00+00:00,129,3,0.0,7.9,0.7,46.010544,14.571429
2026-05-15 21:00:00+00:00,177,3,0.0,6.3,1.9,45.65905,14.88189
2026-05-15 21:00:00+00:00,194,3,0.0,9.0,0.8,46.502636,15.024076
2026-05-15 21:00:00+00:00,236,3,0.0,10.6,1.6,45.79965,15.213271
2026-05-15 21:00:00+00:00,325,3,0.0,10.5,1.5,46.572933,15.62701
2026-05-15 21:00:00+00:00,391,3,0.0,11.0,1.7,46.71353,16.112904
2026-05-15 21:00:00+00:00,422,3,0.0,10.5,3.2,46.22144,15.21531
2026-05-15 21:00:00+00:00,425,3,0.0,11.5,1.6,45.940243,15.546751
2026-05-15 21:00:00+00:00,426,3,0.0,10.3,0.0,45.51845,13.704866
2026-05-16 00:00:00+00:00,63,6,0.0,4.4,0.0,46.432335,14.134615
2026-05-16 00:00:00+00:00,63,24,0.0,7.3,0.4,46.432335,14.134615
2026-05-16 00:00:00+00:00,76,6,0.0,4.9,0.0,46.291737,14.233227
2026-05-16 00:00:00+00:00,76,24,0.0,7.4,0.4,46.291737,14.233227
2026-05-16 00:00:00+00:00,106,6,0.0,5.9,0.0,46.22144,14.354067
2026-05-16 00:00:00+00:00,106,24,0.0,8.4,0.6,46.22144,14.354067
2026-05-16 00:00:00+00:00,122,6,0.0,7.0,0.0,46.08084,14.45151
2026-05-16 00:00:00+00:00,122,24,0.0,9.2,0.9,46.08084,14.45151
2026-05-16 00:00:00+00:00,127,6,0.0,6.1,0.0,46.151142,14.474522
2026-05-16 00:00:00+00:00,127,24,0.0,8.0,0.7,46.151142,14.474522
2026-05-16 00:00:00+00:00,129,6,0.0,6.8,0.0,46.010544,14.571429
2026-05-16 00:00:00+00:00,129,24,0.0,8.8,0.7,46.010544,14.571429
2026-05-16 00:00:00+00:00,177,6,0.0,6.0,0.1,45.65905,14.88189
2026-05-16 00:00:00+00:00,177,24,0.0,6.4,0.6,45.65905,14.88189
2026-05-16 00:00:00+00:00,194,6,0.0,7.5,0.0,46.502636,15.024076
2026-05-16 00:00:00+00:00,194,24,0.0,8.9,2.3,46.502636,15.024076
2026-05-16 00:00:00+00:00,236,6,0.0,9.7,0.3,45.79965,15.213271
2026-05-16 00:00:00+00:00,236,24,0.0,9.9,0.8,45.79965,15.213271
2026-05-16 00:00:00+00:00,325,6,0.0,9.1,0.3,46.572933,15.62701
2026-05-16 00:00:00+00:00,325,24,0.0,10.2,1.0,46.572933,15.62701
2026-05-16 00:00:00+00:00,391,6,0.0,10.2,2.5,46.71353,16.112904
2026-05-16 00:00:00+00:00,391,24,0.0,10.5,0.7,46.71353,16.112904
2026-05-16 00:00:00+00:00,422,6,0.0,9.0,0.1,46.22144,15.21531
2026-05-16 00:00:00+00:00,422,24,0.0,10.2,1.5,46.22144,15.21531
2026-05-16 00:00:00+00:00,425,6,0.0,9.3,0.3,45.940243,15.546751
2026-05-16 00:00:00+00:00,425,24,0.0,10.0,1.0,45.940243,15.546751
2026-05-16 00:00:00+00:00,426,6,0.0,9.8,0.0,45.51845,13.704866
2026-05-16 00:00:00+00:00,426,24,0.0,11.5,0.6,45.51845,13.704866
2026-05-16 06:00:00+00:00,63,24,129.0,7.5,0.1,46.432335,14.134615
2026-05-16 06:00:00+00:00,76,24,137.0,8.0,0.1,46.291737,14.233227
2026-05-16 06:00:00+00:00,106,24,125.0,8.7,0.2,46.22144,14.354067
2026-05-16 06:00:00+00:00,122,24,124.0,8.2,0.9,46.08084,14.45151
2026-05-16 06:00:00+00:00,127,24,115.0,7.6,0.3,46.151142,14.474522
2026-05-16 06:00:00+00:00,129,24,122.0,7.9,1.0,46.010544,14.571429
2026-05-16 06:00:00+00:00,177,24,58.0,5.7,0.1,45.65905,14.88189
2026-05-16 06:00:00+00:00,194,24,69.0,7.7,0.3,46.502636,15.024076
2026-05-16 06:00:00+00:00,236,24,74.0,9.0,0.2,45.79965,15.213271
2026-05-16 06:00:00+00:00,325,24,79.0,9.6,0.1,46.572933,15.62701
2026-05-16 06:00:00+00:00,391,24,96.0,10.3,0.2,46.71353,16.112904
2026-05-16 06:00:00+00:00,422,24,117.0,9.5,0.2,46.22144,15.21531
2026-05-16 06:00:00+00:00,425,24,76.0,9.7,0.1,45.940243,15.546751
2026-05-16 06:00:00+00:00,426,24,101.0,11.3,0.1,45.51845,13.704866
2026-05-16 12:00:00+00:00,63,24,657.0,12.4,0.1,46.432335,14.134615
2026-05-16 12:00:00+00:00,76,24,585.0,13.0,0.0,46.291737,14.233227
2026-05-16 12:00:00+00:00,106,24,518.0,14.0,0.0,46.22144,14.354067
2026-05-16 12:00:00+00:00,122,24,563.0,13.6,0.1,46.08084,14.45151
2026-05-16 12:00:00+00:00,127,24,517.0,13.0,0.2,46.151142,14.474522
2026-05-16 12:00:00+00:00,129,24,584.0,12.7,0.1,46.010544,14.571429
2026-05-16 12:00:00+00:00,177,24,320.0,7.9,0.3,45.65905,14.88189
2026-05-16 12:00:00+00:00,194,24,446.0,12.2,0.2,46.502636,15.024076
2026-05-16 12:00:00+00:00,236,24,456.0,12.5,1.2,45.79965,15.213271
2026-05-16 12:00:00+00:00,325,24,377.0,13.0,0.3,46.572933,15.62701
2026-05-16 12:00:00+00:00,391,24,396.0,13.4,0.3,46.71353,16.112904
2026-05-16 12:00:00+00:00,422,24,742.0,14.5,0.1,46.22144,15.21531
2026-05-16 12:00:00+00:00,425,24,494.0,13.4,0.2,45.940243,15.546751
2026-05-16 12:00:00+00:00,426,24,479.0,14.0,0.2,45.51845,13.704866
2026-05-16 18:00:00+00:00,63,24,78.0,9.4,0.0,46.432335,14.134615
2026-05-16 18:00:00+00:00,76,24,71.0,10.5,0.0,46.291737,14.233227
2026-05-16 18:00:00+00:00,106,24,61.0,11.7,0.0,46.22144,14.354067
2026-05-16 18:00:00+00:00,122,24,51.0,12.8,0.0,46.08084,14.45151
2026-05-16 18:00:00+00:00,127,24,49.0,11.7,0.0,46.151142,14.474522
2026-05-16 18:00:00+00:00,129,24,48.0,11.7,0.0,46.010544,14.571429
2026-05-16 18:00:00+00:00,177,24,52.0,7.8,0.0,45.65905,14.88189
2026-05-16 18:00:00+00:00,194,24,32.0,11.4,0.0,46.502636,15.024076
2026-05-16 18:00:00+00:00,236,24,40.0,11.5,0.0,45.79965,15.213271
2026-05-16 18:00:00+00:00,325,24,27.0,12.0,0.0,46.572933,15.62701
2026-05-16 18:00:00+00:00,391,24,36.0,12.1,0.0,46.71353,16.112904
2026-05-16 18:00:00+00:00,422,24,36.0,12.8,0.0,46.22144,15.21531
2026-05-16 18:00:00+00:00,425,24,38.0,12.5,0.0,45.940243,15.546751
2026-05-16 18:00:00+00:00,426,24,79.0,14.6,0.0,45.51845,13.704866
2026-05-16 01:00:00+00:00,63,1,0.0,5.9,0.0,46.432335,14.134615
2026-05-16 01:00:00+00:00,76,1,0.0,5.9,0.0,46.291737,14.233227
2026-05-16 01:00:00+00:00,106,1,0.0,6.7,0.0,46.22144,14.354067
2026-05-16 01:00:00+00:00,122,1,0.0,7.3,0.0,46.08084,14.45151
2026-05-16 01:00:00+00:00,127,1,0.0,6.7,0.0,46.151142,14.474522
2026-05-16 01:00:00+00:00,129,1,0.0,6.9,0.0,46.010544,14.571429
2026-05-16 01:00:00+00:00,177,1,0.0,5.6,0.0,45.65905,14.88189
2026-05-16 01:00:00+00:00,194,1,0.0,7.5,0.0,46.502636,15.024076
2026-05-16 01:00:00+00:00,236,1,0.0,9.2,0.0,45.79965,15.213271
2026-05-16 01:00:00+00:00,325,1,0.0,9.3,0.1,46.572933,15.62701
2026-05-16 01:00:00+00:00,391,1,0.0,9.8,0.4,46.71353,16.112904
2026-05-16 01:00:00+00:00,422,1,0.0,8.5,0.0,46.22144,15.21531
2026-05-16 01:00:00+00:00,425,1,0.0,9.7,0.1,45.940243,15.546751
2026-05-16 01:00:00+00:00,426,1,0.0,9.7,0.3,45.51845,13.704866
2026-05-16 02:00:00+00:00,63,2,0.0,5.1,0.0,46.432335,14.134615
2026-05-16 02:00:00+00:00,76,2,0.0,4.9,0.0,46.291737,14.233227
2026-05-16 02:00:00+00:00,106,2,0.0,5.7,0.0,46.22144,14.354067
2026-05-16 02:00:00+00:00,122,2,0.0,6.6,0.0,46.08084,14.45151
2026-05-16 02:00:00+00:00,127,2,0.0,5.8,0.0,46.151142,14.474522
2026-05-16 02:00:00+00:00,129,2,0.0,6.6,0.0,46.010544,14.571429
2026-05-16 02:00:00+00:00,177,2,0.0,5.2,0.1,45.65905,14.88189
2026-05-16 02:00:00+00:00,194,2,0.0,7.1,0.0,46.502636,15.024076
2026-05-16 02:00:00+00:00,236,2,0.0,8.8,0.0,45.79965,15.213271
2026-05-16 02:00:00+00:00,325,2,0.0,8.7,0.0,46.572933,15.62701
2026-05-16 02:00:00+00:00,391,2,0.0,9.3,0.0,46.71353,16.112904
2026-05-16 02:00:00+00:00,422,2,0.0,7.9,0.0,46.22144,15.21531
2026-05-16 02:00:00+00:00,425,2,0.0,9.2,0.0,45.940243,15.546751
2026-05-16 02:00:00+00:00,426,2,0.0,9.0,0.2,45.51845,13.704866
2026-05-16 03:00:00+00:00,63,3,0.0,5.5,0.0,46.432335,14.134615
2026-05-16 03:00:00+00:00,76,3,0.0,5.0,0.0,46.291737,14.233227
2026-05-16 03:00:00+00:00,106,3,0.0,5.4,0.0,46.22144,14.354067
2026-05-16 03:00:00+00:00,122,3,0.0,6.4,0.0,46.08084,14.45151
2026-05-16 03:00:00+00:00,127,3,0.0,5.4,0.0,46.151142,14.474522
2026-05-16 03:00:00+00:00,129,3,0.0,6.7,0.0,46.010544,14.571429
2026-05-16 03:00:00+00:00,177,3,0.0,5.1,0.1,45.65905,14.88189
2026-05-16 03:00:00+00:00,194,3,0.0,7.0,0.0,46.502636,15.024076
2026-05-16 03:00:00+00:00,236,3,0.0,8.6,0.1,45.79965,15.213271
2026-05-16 03:00:00+00:00,325,3,0.0,8.2,0.0,46.572933,15.62701
2026-05-16 03:00:00+00:00,391,3,0.0,8.8,0.0,46.71353,16.112904
2026-05-16 03:00:00+00:00,422,3,0.0,7.3,0.0,46.22144,15.21531
2026-05-16 03:00:00+00:00,425,3,0.0,8.7,0.0,45.940243,15.546751
2026-05-16 03:00:00+00:00,426,3,0.0,9.1,1.3,45.51845,13.704866
2026-05-16 06:00:00+00:00,63,6,90.0,7.0,0.1,46.432335,14.134615
2026-05-16 06:00:00+00:00,76,6,127.0,7.8,0.0,46.291737,14.233227
2026-05-16 06:00:00+00:00,106,6,136.0,8.4,0.0,46.22144,14.354067
2026-05-16 06:00:00+00:00,122,6,131.0,8.1,0.2,46.08084,14.45151
2026-05-16 06:00:00+00:00,127,6,134.0,7.3,0.0,46.151142,14.474522
2026-05-16 06:00:00+00:00,129,6,133.0,7.9,0.3,46.010544,14.571429
2026-05-16 06:00:00+00:00,177,6,55.0,6.2,0.1,45.65905,14.88189
2026-05-16 06:00:00+00:00,194,6,166.0,8.1,0.0,46.502636,15.024076
2026-05-16 06:00:00+00:00,236,6,84.0,9.4,0.0,45.79965,15.213271
2026-05-16 06:00:00+00:00,325,6,170.0,10.7,0.0,46.572933,15.62701
2026-05-16 06:00:00+00:00,391,6,232.0,10.9,0.0,46.71353,16.112904
2026-05-16 06:00:00+00:00,422,6,158.0,9.4,0.0,46.22144,15.21531
2026-05-16 06:00:00+00:00,425,6,144.0,10.4,0.0,45.940243,15.546751
2026-05-16 06:00:00+00:00,426,6,75.0,10.9,0.8,45.51845,13.704866
2026-05-16 07:00:00+00:00,63,1,246.0,8.5,0.1,46.432335,14.134615
2026-05-16 07:00:00+00:00,76,1,209.0,9.1,0.0,46.291737,14.233227
2026-05-16 07:00:00+00:00,106,1,225.0,10.2,0.0,46.22144,14.354067
2026-05-16 07:00:00+00:00,122,1,287.0,9.8,0.0,46.08084,14.45151
2026-05-16 07:00:00+00:00,127,1,261.0,9.3,0.0,46.151142,14.474522
2026-05-16 07:00:00+00:00,129,1,275.0,9.6,0.0,46.010544,14.571429
2026-05-16 07:00:00+00:00,177,1,122.0,6.8,0.4,45.65905,14.88189
2026-05-16 07:00:00+00:00,194,1,134.0,8.5,0.0,46.502636,15.024076
2026-05-16 07:00:00+00:00,236,1,106.0,10.0,0.3,45.79965,15.213271
2026-05-16 07:00:00+00:00,325,1,124.0,10.4,0.0,46.572933,15.62701
2026-05-16 07:00:00+00:00,391,1,214.0,11.6,0.1,46.71353,16.112904
2026-05-16 07:00:00+00:00,422,1,180.0,10.1,0.0,46.22144,15.21531
2026-05-16 07:00:00+00:00,425,1,121.0,10.5,0.1,45.940243,15.546751
2026-05-16 07:00:00+00:00,426,1,187.0,12.0,0.1,45.51845,13.704866
2026-05-16 08:00:00+00:00,63,2,373.0,9.7,0.1,46.432335,14.134615
2026-05-16 08:00:00+00:00,76,2,313.0,10.1,0.0,46.291737,14.233227
2026-05-16 08:00:00+00:00,106,2,248.0,10.9,0.0,46.22144,14.354067
2026-05-16 08:00:00+00:00,122,2,230.0,10.3,0.0,46.08084,14.45151
2026-05-16 08:00:00+00:00,127,2,205.0,9.8,0.0,46.151142,14.474522
2026-05-16 08:00:00+00:00,129,2,249.0,10.1,0.1,46.010544,14.571429
2026-05-16 08:00:00+00:00,177,2,224.0,6.5,1.3,45.65905,14.88189
2026-05-16 08:00:00+00:00,194,2,360.0,10.2,0.0,46.502636,15.024076
2026-05-16 08:00:00+00:00,236,2,246.0,11.0,0.3,45.79965,15.213271
2026-05-16 08:00:00+00:00,325,2,317.0,11.5,0.0,46.572933,15.62701
2026-05-16 08:00:00+00:00,391,2,280.0,12.1,0.3,46.71353,16.112904
2026-05-16 08:00:00+00:00,422,2,222.0,10.9,0.1,46.22144,15.21531
2026-05-16 08:00:00+00:00,425,2,185.0,11.1,0.4,45.940243,15.546751
2026-05-16 08:00:00+00:00,426,2,289.0,13.4,0.0,45.51845,13.704866
2026-05-16 09:00:00+00:00,63,3,443.0,10.1,0.1,46.432335,14.134615
2026-05-16 09:00:00+00:00,76,3,464.0,11.3,0.0,46.291737,14.233227
2026-05-16 09:00:00+00:00,106,3,452.0,12.0,0.1,46.22144,14.354067
2026-05-16 09:00:00+00:00,122,3,294.0,11.3,0.1,46.08084,14.45151
2026-05-16 09:00:00+00:00,127,3,360.0,10.8,0.2,46.151142,14.474522
2026-05-16 09:00:00+00:00,129,3,201.0,10.5,0.1,46.010544,14.571429
2026-05-16 09:00:00+00:00,177,3,262.0,7.0,0.8,45.65905,14.88189
2026-05-16 09:00:00+00:00,194,3,385.0,11.3,0.2,46.502636,15.024076
2026-05-16 09:00:00+00:00,236,3,261.0,11.5,0.3,45.79965,15.213271
2026-05-16 09:00:00+00:00,325,3,389.0,12.2,0.2,46.572933,15.62701
2026-05-16 09:00:00+00:00,391,3,324.0,12.8,0.2,46.71353,16.112904
2026-05-16 09:00:00+00:00,422,3,168.0,11.0,0.3,46.22144,15.21531
2026-05-16 09:00:00+00:00,425,3,268.0,11.4,0.4,45.940243,15.546751
2026-05-16 09:00:00+00:00,426,3,363.0,13.8,0.2,45.51845,13.704866
2026-05-16 12:00:00+00:00,63,6,701.0,12.0,0.1,46.432335,14.134615
2026-05-16 12:00:00+00:00,76,6,625.0,13.6,0.1,46.291737,14.233227
2026-05-16 12:00:00+00:00,106,6,588.0,14.4,0.0,46.22144,14.354067
2026-05-16 12:00:00+00:00,122,6,599.0,12.9,0.1,46.08084,14.45151
2026-05-16 12:00:00+00:00,127,6,574.0,11.8,0.4,46.151142,14.474522
2026-05-16 12:00:00+00:00,129,6,513.0,11.8,0.5,46.010544,14.571429
2026-05-16 12:00:00+00:00,177,6,234.0,7.5,0.4,45.65905,14.88189
2026-05-16 12:00:00+00:00,194,6,601.0,13.9,0.1,46.502636,15.024076
2026-05-16 12:00:00+00:00,236,6,232.0,12.0,0.3,45.79965,15.213271
2026-05-16 12:00:00+00:00,325,6,467.0,13.5,0.1,46.572933,15.62701
2026-05-16 12:00:00+00:00,391,6,473.0,14.1,0.1,46.71353,16.112904
2026-05-16 12:00:00+00:00,422,6,351.0,12.7,0.0,46.22144,15.21531
2026-05-16 12:00:00+00:00,425,6,336.0,12.8,0.3,45.940243,15.546751
2026-05-16 12:00:00+00:00,426,6,467.0,12.9,0.1,45.51845,13.704866
2026-05-16 13:00:00+00:00,63,1,620.0,13.7,0.1,46.432335,14.134615
2026-05-16 13:00:00+00:00,76,1,536.0,13.9,0.1,46.291737,14.233227
2026-05-16 13:00:00+00:00,106,1,504.0,15.0,0.0,46.22144,14.354067
2026-05-16 13:00:00+00:00,122,1,545.0,15.1,0.0,46.08084,14.45151
2026-05-16 13:00:00+00:00,127,1,519.0,14.6,0.1,46.151142,14.474522
2026-05-16 13:00:00+00:00,129,1,531.0,13.5,0.1,46.010544,14.571429
2026-05-16 13:00:00+00:00,177,1,193.0,7.2,0.8,45.65905,14.88189
2026-05-16 13:00:00+00:00,194,1,440.0,14.7,0.0,46.502636,15.024076
2026-05-16 13:00:00+00:00,236,1,182.0,12.0,0.7,45.79965,15.213271
2026-05-16 13:00:00+00:00,325,1,513.0,14.4,0.1,46.572933,15.62701
2026-05-16 13:00:00+00:00,391,1,527.0,15.0,0.0,46.71353,16.112904
2026-05-16 13:00:00+00:00,422,1,429.0,14.8,0.0,46.22144,15.21531
2026-05-16 13:00:00+00:00,425,1,182.0,11.5,0.5,45.940243,15.546751
2026-05-16 13:00:00+00:00,426,1,534.0,13.6,0.1,45.51845,13.704866
2026-05-16 14:00:00+00:00,63,2,521.0,13.9,0.0,46.432335,14.134615
2026-05-16 14:00:00+00:00,76,2,500.0,14.1,0.0,46.291737,14.233227
2026-05-16 14:00:00+00:00,106,2,482.0,15.2,0.0,46.22144,14.354067
2026-05-16 14:00:00+00:00,122,2,450.0,15.6,0.0,46.08084,14.45151
2026-05-16 14:00:00+00:00,127,2,454.0,15.2,0.0,46.151142,14.474522
2026-05-16 14:00:00+00:00,129,2,392.0,14.3,0.1,46.010544,14.571429
2026-05-16 14:00:00+00:00,177,2,232.0,7.0,1.1,45.65905,14.88189
2026-05-16 14:00:00+00:00,194,2,267.0,13.9,0.0,46.502636,15.024076
2026-05-16 14:00:00+00:00,236,2,218.0,11.6,0.7,45.79965,15.213271
2026-05-16 14:00:00+00:00,325,2,307.0,14.1,0.0,46.572933,15.62701
2026-05-16 14:00:00+00:00,391,2,316.0,14.6,0.0,46.71353,16.112904
2026-05-16 14:00:00+00:00,422,2,227.0,14.2,0.0,46.22144,15.21531
2026-05-16 14:00:00+00:00,425,2,155.0,11.6,0.8,45.940243,15.546751
2026-05-16 14:00:00+00:00,426,2,457.0,13.9,0.3,45.51845,13.704866
2026-05-16 15:00:00+00:00,63,3,425.0,13.3,0.0,46.432335,14.134615
2026-05-16 15:00:00+00:00,76,3,420.0,13.9,0.0,46.291737,14.233227
2026-05-16 15:00:00+00:00,106,3,398.0,14.7,0.0,46.22144,14.354067
2026-05-16 15:00:00+00:00,122,3,359.0,15.8,0.0,46.08084,14.45151
2026-05-16 15:00:00+00:00,127,3,363.0,15.0,0.0,46.151142,14.474522
2026-05-16 15:00:00+00:00,129,3,278.0,13.6,0.0,46.010544,14.571429
2026-05-16 15:00:00+00:00,177,3,203.0,7.4,0.6,45.65905,14.88189
2026-05-16 15:00:00+00:00,194,3,286.0,14.1,0.0,46.502636,15.024076
2026-05-16 15:00:00+00:00,236,3,255.0,11.7,0.3,45.79965,15.213271
2026-05-16 15:00:00+00:00,325,3,215.0,13.4,0.0,46.572933,15.62701
2026-05-16 15:00:00+00:00,391,3,224.0,13.9,0.0,46.71353,16.112904
2026-05-16 15:00:00+00:00,422,3,194.0,14.2,0.0,46.22144,15.21531
2026-05-16 15:00:00+00:00,425,3,209.0,12.3,0.5,45.940243,15.546751
2026-05-16 15:00:00+00:00,426,3,297.0,14.2,0.2,45.51845,13.704866
2026-05-16 18:00:00+00:00,63,6,76.0,9.8,0.0,46.432335,14.134615
2026-05-16 18:00:00+00:00,76,6,68.0,10.8,0.0,46.291737,14.233227
2026-05-16 18:00:00+00:00,106,6,65.0,11.8,0.0,46.22144,14.354067
2026-05-16 18:00:00+00:00,122,6,57.0,13.3,0.0,46.08084,14.45151
2026-05-16 18:00:00+00:00,127,6,59.0,12.2,0.0,46.151142,14.474522
2026-05-16 18:00:00+00:00,129,6,46.0,12.0,0.0,46.010544,14.571429
2026-05-16 18:00:00+00:00,177,6,39.0,6.5,0.5,45.65905,14.88189
2026-05-16 18:00:00+00:00,194,6,49.0,11.3,0.0,46.502636,15.024076
2026-05-16 18:00:00+00:00,236,6,30.0,10.0,0.2,45.79965,15.213271
2026-05-16 18:00:00+00:00,325,6,34.0,11.9,0.0,46.572933,15.62701
2026-05-16 18:00:00+00:00,391,6,31.0,11.5,0.0,46.71353,16.112904
2026-05-16 18:00:00+00:00,422,6,35.0,12.1,0.0,46.22144,15.21531
2026-05-16 18:00:00+00:00,425,6,27.0,11.3,0.0,45.940243,15.546751
2026-05-16 18:00:00+00:00,426,6,71.0,12.7,0.1,45.51845,13.704866
2026-05-16 19:00:00+00:00,63,1,5.0,8.7,0.0,46.432335,14.134615
2026-05-16 19:00:00+00:00,76,1,5.0,9.4,0.0,46.291737,14.233227
2026-05-16 19:00:00+00:00,106,1,4.0,11.3,0.0,46.22144,14.354067
2026-05-16 19:00:00+00:00,122,1,4.0,11.3,0.0,46.08084,14.45151
2026-05-16 19:00:00+00:00,127,1,4.0,11.1,0.0,46.151142,14.474522
2026-05-16 19:00:00+00:00,129,1,4.0,9.4,0.0,46.010544,14.571429
2026-05-16 19:00:00+00:00,177,1,3.0,6.1,0.0,45.65905,14.88189
2026-05-16 19:00:00+00:00,194,1,4.0,9.9,0.0,46.502636,15.024076
2026-05-16 19:00:00+00:00,236,1,2.0,10.7,0.2,45.79965,15.213271
2026-05-16 19:00:00+00:00,325,1,2.0,11.8,0.0,46.572933,15.62701
2026-05-16 19:00:00+00:00,391,1,1.0,11.8,0.0,46.71353,16.112904
2026-05-16 19:00:00+00:00,422,1,3.0,12.4,0.0,46.22144,15.21531
2026-05-16 19:00:00+00:00,425,1,2.0,10.8,0.0,45.940243,15.546751
2026-05-16 19:00:00+00:00,426,1,4.0,11.5,0.2,45.51845,13.704866
2026-05-16 20:00:00+00:00,63,2,0.0,7.6,0.0,46.432335,14.134615
2026-05-16 20:00:00+00:00,76,2,0.0,8.1,0.0,46.291737,14.233227
2026-05-16 20:00:00+00:00,106,2,0.0,10.5,0.0,46.22144,14.354067
2026-05-16 20:00:00+00:00,122,2,0.0,10.7,0.0,46.08084,14.45151
2026-05-16 20:00:00+00:00,127,2,0.0,10.2,0.0,46.151142,14.474522
2026-05-16 20:00:00+00:00,129,2,0.0,8.9,0.0,46.010544,14.571429
2026-05-16 20:00:00+00:00,177,2,0.0,5.9,0.0,45.65905,14.88189
2026-05-16 20:00:00+00:00,194,2,0.0,9.0,0.0,46.502636,15.024076
2026-05-16 20:00:00+00:00,236,2,0.0,10.5,0.0,45.79965,15.213271
2026-05-16 20:00:00+00:00,325,2,0.0,11.5,0.0,46.572933,15.62701
2026-05-16 20:00:00+00:00,391,2,0.0,11.2,0.0,46.71353,16.112904
2026-05-16 20:00:00+00:00,422,2,0.0,12.0,0.0,46.22144,15.21531
2026-05-16 20:00:00+00:00,425,2,0.0,10.3,0.0,45.940243,15.546751
2026-05-16 20:00:00+00:00,426,2,0.0,10.7,0.2,45.51845,13.704866
2026-05-16 21:00:00+00:00,63,3,0.0,6.7,0.0,46.432335,14.134615
2026-05-16 21:00:00+00:00,76,3,0.0,7.0,0.0,46.291737,14.233227
2026-05-16 21:00:00+00:00,106,3,0.0,9.7,0.0,46.22144,14.354067
2026-05-16 21:00:00+00:00,122,3,0.0,11.0,0.0,46.08084,14.45151
2026-05-16 21:00:00+00:00,127,3,0.0,10.0,0.0,46.151142,14.474522
2026-05-16 21:00:00+00:00,129,3,0.0,9.1,0.0,46.010544,14.571429
2026-05-16 21:00:00+00:00,177,3,0.0,5.8,0.0,45.65905,14.88189
2026-05-16 21:00:00+00:00,194,3,0.0,8.4,0.0,46.502636,15.024076
2026-05-16 21:00:00+00:00,236,3,0.0,9.4,0.0,45.79965,15.213271
2026-05-16 21:00:00+00:00,325,3,0.0,11.0,0.0,46.572933,15.62701
2026-05-16 21:00:00+00:00,391,3,0.0,11.0,0.0,46.71353,16.112904
2026-05-16 21:00:00+00:00,422,3,0.0,10.5,0.0,46.22144,15.21531
2026-05-16 21:00:00+00:00,425,3,0.0,9.4,0.0,45.940243,15.546751
2026-05-16 21:00:00+00:00,426,3,0.0,10.3,0.0,45.51845,13.704866
2026-05-17 00:00:00+00:00,63,6,0.0,5.2,0.0,46.432335,14.134615
2026-05-17 00:00:00+00:00,63,24,0.0,5.8,0.0,46.432335,14.134615
2026-05-17 00:00:00+00:00,76,6,0.0,3.0,0.0,46.291737,14.233227
2026-05-17 00:00:00+00:00,76,24,0.0,3.2,0.0,46.291737,14.233227
2026-05-17 00:00:00+00:00,106,6,0.0,4.6,0.0,46.22144,14.354067
2026-05-17 00:00:00+00:00,106,24,0.0,4.8,0.0,46.22144,14.354067
2026-05-17 00:00:00+00:00,122,6,0.0,7.5,0.0,46.08084,14.45151
2026-05-17 00:00:00+00:00,122,24,0.0,6.0,0.0,46.08084,14.45151
2026-05-17 00:00:00+00:00,127,6,0.0,5.4,0.0,46.151142,14.474522
2026-05-17 00:00:00+00:00,127,24,0.0,5.0,0.0,46.151142,14.474522
2026-05-17 00:00:00+00:00,129,6,0.0,8.0,0.0,46.010544,14.571429
2026-05-17 00:00:00+00:00,129,24,0.0,7.3,0.0,46.010544,14.571429
2026-05-17 00:00:00+00:00,177,6,0.0,3.6,0.0,45.65905,14.88189
2026-05-17 00:00:00+00:00,177,24,0.0,4.0,0.0,45.65905,14.88189
2026-05-17 00:00:00+00:00,194,6,0.0,7.8,0.0,46.502636,15.024076
2026-05-17 00:00:00+00:00,194,24,0.0,8.2,0.0,46.502636,15.024076
2026-05-17 00:00:00+00:00,236,6,0.0,6.2,0.0,45.79965,15.213271
2026-05-17 00:00:00+00:00,236,24,0.0,7.2,0.0,45.79965,15.213271
2026-05-17 00:00:00+00:00,325,6,0.0,10.6,0.0,46.572933,15.62701
2026-05-17 00:00:00+00:00,325,24,0.0,10.5,0.0,46.572933,15.62701
2026-05-17 00:00:00+00:00,391,6,0.0,10.8,0.0,46.71353,16.112904
2026-05-17 00:00:00+00:00,391,24,0.0,10.7,0.0,46.71353,16.112904
2026-05-17 00:00:00+00:00,422,6,0.0,8.3,0.0,46.22144,15.21531
2026-05-17 00:00:00+00:00,422,24,0.0,9.1,0.0,46.22144,15.21531
2026-05-17 00:00:00+00:00,425,6,0.0,7.8,0.0,45.940243,15.546751
2026-05-17 00:00:00+00:00,425,24,0.0,8.4,0.0,45.940243,15.546751
2026-05-17 00:00:00+00:00,426,6,0.0,8.4,0.0,45.51845,13.704866
2026-05-17 00:00:00+00:00,426,24,0.0,8.4,0.0,45.51845,13.704866
2026-05-17 06:00:00+00:00,63,24,286.0,9.4,0.0,46.432335,14.134615
2026-05-17 06:00:00+00:00,76,24,286.0,9.9,0.0,46.291737,14.233227
2026-05-17 06:00:00+00:00,106,24,281.0,10.2,0.0,46.22144,14.354067
2026-05-17 06:00:00+00:00,122,24,274.0,9.1,0.0,46.08084,14.45151
2026-05-17 06:00:00+00:00,127,24,276.0,8.4,0.0,46.151142,14.474522
2026-05-17 06:00:00+00:00,129,24,276.0,8.3,0.0,46.010544,14.571429
2026-05-17 06:00:00+00:00,177,24,284.0,7.3,0.0,45.65905,14.88189
2026-05-17 06:00:00+00:00,194,24,288.0,10.2,0.0,46.502636,15.024076
2026-05-17 06:00:00+00:00,236,24,282.0,10.1,0.0,45.79965,15.213271
2026-05-17 06:00:00+00:00,325,24,280.0,11.7,0.0,46.572933,15.62701
2026-05-17 06:00:00+00:00,391,24,283.0,11.8,0.0,46.71353,16.112904
2026-05-17 06:00:00+00:00,422,24,284.0,11.5,0.0,46.22144,15.21531
2026-05-17 06:00:00+00:00,425,24,282.0,11.2,0.0,45.940243,15.546751
2026-05-17 06:00:00+00:00,426,24,260.0,13.4,0.0,45.51845,13.704866
2026-05-17 12:00:00+00:00,63,24,633.0,16.0,0.0,46.432335,14.134615
2026-05-17 12:00:00+00:00,76,24,750.0,17.0,0.0,46.291737,14.233227
2026-05-17 12:00:00+00:00,106,24,793.0,17.6,0.0,46.22144,14.354067
2026-05-17 12:00:00+00:00,122,24,774.0,17.2,0.0,46.08084,14.45151
2026-05-17 12:00:00+00:00,127,24,780.0,16.7,0.0,46.151142,14.474522
2026-05-17 12:00:00+00:00,129,24,793.0,16.8,0.0,46.010544,14.571429
2026-05-17 12:00:00+00:00,177,24,813.0,14.2,0.0,45.65905,14.88189
2026-05-17 12:00:00+00:00,194,24,773.0,17.2,0.0,46.502636,15.024076
2026-05-17 12:00:00+00:00,236,24,859.0,17.6,0.0,45.79965,15.213271
2026-05-17 12:00:00+00:00,325,24,777.0,17.5,0.0,46.572933,15.62701
2026-05-17 12:00:00+00:00,391,24,586.0,17.2,0.0,46.71353,16.112904
2026-05-17 12:00:00+00:00,422,24,763.0,17.2,0.0,46.22144,15.21531
2026-05-17 12:00:00+00:00,425,24,793.0,16.4,0.1,45.940243,15.546751
2026-05-17 12:00:00+00:00,426,24,845.0,18.0,0.0,45.51845,13.704866
2026-05-17 18:00:00+00:00,63,24,106.0,12.0,0.0,46.432335,14.134615
2026-05-17 18:00:00+00:00,76,24,104.0,11.9,0.0,46.291737,14.233227
2026-05-17 18:00:00+00:00,106,24,100.0,13.6,0.0,46.22144,14.354067
2026-05-17 18:00:00+00:00,122,24,90.0,14.1,0.0,46.08084,14.45151
2026-05-17 18:00:00+00:00,127,24,92.0,13.9,0.0,46.151142,14.474522
2026-05-17 18:00:00+00:00,129,24,87.0,12.9,0.0,46.010544,14.571429
2026-05-17 18:00:00+00:00,177,24,84.0,9.3,0.0,45.65905,14.88189
2026-05-17 18:00:00+00:00,194,24,95.0,12.6,0.0,46.502636,15.024076
2026-05-17 18:00:00+00:00,236,24,85.0,13.4,0.0,45.79965,15.213271
2026-05-17 18:00:00+00:00,325,24,73.0,13.2,0.0,46.572933,15.62701
2026-05-17 18:00:00+00:00,391,24,88.0,12.2,0.0,46.71353,16.112904
2026-05-17 18:00:00+00:00,422,24,90.0,13.4,0.0,46.22144,15.21531
2026-05-17 18:00:00+00:00,425,24,80.0,13.4,0.0,45.940243,15.546751
2026-05-17 18:00:00+00:00,426,24,102.0,15.1,0.0,45.51845,13.704866
2026-05-17 01:00:00+00:00,63,1,0.0,5.6,0.0,46.432335,14.134615
2026-05-17 01:00:00+00:00,76,1,0.0,2.9,0.0,46.291737,14.233227
2026-05-17 01:00:00+00:00,106,1,0.0,4.6,0.0,46.22144,14.354067
2026-05-17 01:00:00+00:00,122,1,0.0,4.9,0.0,46.08084,14.45151
2026-05-17 01:00:00+00:00,127,1,0.0,4.1,0.0,46.151142,14.474522
2026-05-17 01:00:00+00:00,129,1,0.0,6.1,0.0,46.010544,14.571429
2026-05-17 01:00:00+00:00,177,1,0.0,3.5,0.0,45.65905,14.88189
2026-05-17 01:00:00+00:00,194,1,0.0,7.0,0.0,46.502636,15.024076
2026-05-17 01:00:00+00:00,236,1,0.0,6.6,0.0,45.79965,15.213271
2026-05-17 01:00:00+00:00,325,1,0.0,10.3,0.0,46.572933,15.62701
2026-05-17 01:00:00+00:00,391,1,0.0,11.1,0.0,46.71353,16.112904
2026-05-17 01:00:00+00:00,422,1,0.0,7.5,0.0,46.22144,15.21531
2026-05-17 01:00:00+00:00,425,1,0.0,8.1,0.0,45.940243,15.546751
2026-05-17 01:00:00+00:00,426,1,0.0,8.8,0.0,45.51845,13.704866
2026-05-17 02:00:00+00:00,63,2,0.0,5.3,0.0,46.432335,14.134615
2026-05-17 02:00:00+00:00,76,2,0.0,2.5,0.0,46.291737,14.233227
2026-05-17 02:00:00+00:00,106,2,0.0,4.2,0.0,46.22144,14.354067
2026-05-17 02:00:00+00:00,122,2,0.0,4.3,0.0,46.08084,14.45151
2026-05-17 02:00:00+00:00,127,2,0.0,3.6,0.0,46.151142,14.474522
2026-05-17 02:00:00+00:00,129,2,0.0,5.4,0.0,46.010544,14.571429
2026-05-17 02:00:00+00:00,177,2,0.0,3.6,0.0,45.65905,14.88189
2026-05-17 02:00:00+00:00,194,2,0.0,6.7,0.0,46.502636,15.024076
2026-05-17 02:00:00+00:00,236,2,0.0,6.1,0.0,45.79965,15.213271
2026-05-17 02:00:00+00:00,325,2,0.0,10.3,0.0,46.572933,15.62701
2026-05-17 02:00:00+00:00,391,2,0.0,10.7,0.0,46.71353,16.112904
2026-05-17 02:00:00+00:00,422,2,0.0,7.2,0.0,46.22144,15.21531
2026-05-17 02:00:00+00:00,425,2,0.0,7.5,0.0,45.940243,15.546751
2026-05-17 02:00:00+00:00,426,2,0.0,8.3,0.0,45.51845,13.704866
2026-05-17 03:00:00+00:00,63,3,0.0,5.0,0.0,46.432335,14.134615
2026-05-17 03:00:00+00:00,76,3,0.0,2.1,0.0,46.291737,14.233227
2026-05-17 03:00:00+00:00,106,3,0.0,3.8,0.0,46.22144,14.354067
2026-05-17 03:00:00+00:00,122,3,0.0,3.7,0.0,46.08084,14.45151
2026-05-17 03:00:00+00:00,127,3,0.0,3.2,0.0,46.151142,14.474522
2026-05-17 03:00:00+00:00,129,3,0.0,5.1,0.0,46.010544,14.571429
2026-05-17 03:00:00+00:00,177,3,0.0,3.9,0.0,45.65905,14.88189
2026-05-17 03:00:00+00:00,194,3,0.0,6.3,0.0,46.502636,15.024076
2026-05-17 03:00:00+00:00,236,3,0.0,5.8,0.0,45.79965,15.213271
2026-05-17 03:00:00+00:00,325,3,0.0,10.6,0.0,46.572933,15.62701
2026-05-17 03:00:00+00:00,391,3,0.0,10.2,0.0,46.71353,16.112904
2026-05-17 03:00:00+00:00,422,3,0.0,7.3,0.0,46.22144,15.21531
2026-05-17 03:00:00+00:00,425,3,0.0,7.1,0.0,45.940243,15.546751
2026-05-17 03:00:00+00:00,426,3,0.0,7.8,0.0,45.51845,13.704866
2026-05-17 06:00:00+00:00,63,6,285.0,9.3,0.0,46.432335,14.134615
2026-05-17 06:00:00+00:00,76,6,287.0,10.0,0.0,46.291737,14.233227
2026-05-17 06:00:00+00:00,106,6,280.0,10.5,0.0,46.22144,14.354067
2026-05-17 06:00:00+00:00,122,6,275.0,8.8,0.0,46.08084,14.45151
2026-05-17 06:00:00+00:00,127,6,275.0,8.4,0.0,46.151142,14.474522
2026-05-17 06:00:00+00:00,129,6,277.0,8.2,0.0,46.010544,14.571429
2026-05-17 06:00:00+00:00,177,6,282.0,7.9,0.0,45.65905,14.88189
2026-05-17 06:00:00+00:00,194,6,284.0,10.2,0.0,46.502636,15.024076
2026-05-17 06:00:00+00:00,236,6,281.0,10.1,0.0,45.79965,15.213271
2026-05-17 06:00:00+00:00,325,6,255.0,11.6,0.0,46.572933,15.62701
2026-05-17 06:00:00+00:00,391,6,253.0,12.1,0.0,46.71353,16.112904
2026-05-17 06:00:00+00:00,422,6,274.0,11.4,0.0,46.22144,15.21531
2026-05-17 06:00:00+00:00,425,6,283.0,11.0,0.0,45.940243,15.546751
2026-05-17 06:00:00+00:00,426,6,261.0,14.1,0.0,45.51845,13.704866
2026-05-17 07:00:00+00:00,63,1,471.0,11.1,0.0,46.432335,14.134615
2026-05-17 07:00:00+00:00,76,1,472.0,12.4,0.0,46.291737,14.233227
2026-05-17 07:00:00+00:00,106,1,464.0,13.4,0.0,46.22144,14.354067
2026-05-17 07:00:00+00:00,122,1,460.0,12.1,0.0,46.08084,14.45151
2026-05-17 07:00:00+00:00,127,1,459.0,11.9,0.0,46.151142,14.474522
2026-05-17 07:00:00+00:00,129,1,463.0,10.8,0.0,46.010544,14.571429
2026-05-17 07:00:00+00:00,177,1,469.0,9.9,0.0,45.65905,14.88189
2026-05-17 07:00:00+00:00,194,1,467.0,12.2,0.0,46.502636,15.024076
2026-05-17 07:00:00+00:00,236,1,467.0,11.9,0.0,45.79965,15.213271
2026-05-17 07:00:00+00:00,325,1,472.0,13.3,0.0,46.572933,15.62701
2026-05-17 07:00:00+00:00,391,1,462.0,13.9,0.0,46.71353,16.112904
2026-05-17 07:00:00+00:00,422,1,466.0,13.4,0.0,46.22144,15.21531
2026-05-17 07:00:00+00:00,425,1,461.0,13.8,0.0,45.940243,15.546751
2026-05-17 07:00:00+00:00,426,1,446.0,15.8,0.0,45.51845,13.704866
2026-05-17 08:00:00+00:00,63,2,639.0,12.3,0.0,46.432335,14.134615
2026-05-17 08:00:00+00:00,76,2,642.0,13.4,0.0,46.291737,14.233227
2026-05-17 08:00:00+00:00,106,2,635.0,14.8,0.0,46.22144,14.354067
2026-05-17 08:00:00+00:00,122,2,630.0,14.6,0.0,46.08084,14.45151
2026-05-17 08:00:00+00:00,127,2,628.0,14.1,0.0,46.151142,14.474522
2026-05-17 08:00:00+00:00,129,2,633.0,13.6,0.0,46.010544,14.571429
2026-05-17 08:00:00+00:00,177,2,641.0,11.3,0.0,45.65905,14.88189
2026-05-17 08:00:00+00:00,194,2,626.0,13.6,0.0,46.502636,15.024076
2026-05-17 08:00:00+00:00,236,2,637.0,14.2,0.0,45.79965,15.213271
2026-05-17 08:00:00+00:00,325,2,638.0,14.2,0.0,46.572933,15.62701
2026-05-17 08:00:00+00:00,391,2,641.0,14.9,0.0,46.71353,16.112904
2026-05-17 08:00:00+00:00,422,2,636.0,14.8,0.0,46.22144,15.21531
2026-05-17 08:00:00+00:00,425,2,632.0,15.3,0.0,45.940243,15.546751
2026-05-17 08:00:00+00:00,426,2,619.0,17.1,0.0,45.51845,13.704866
2026-05-17 09:00:00+00:00,63,3,780.0,13.5,0.0,46.432335,14.134615
2026-05-17 09:00:00+00:00,76,3,779.0,14.5,0.0,46.291737,14.233227
2026-05-17 09:00:00+00:00,106,3,767.0,15.8,0.0,46.22144,14.354067
2026-05-17 09:00:00+00:00,122,3,763.0,15.8,0.0,46.08084,14.45151
2026-05-17 09:00:00+00:00,127,3,758.0,15.3,0.0,46.151142,14.474522
2026-05-17 09:00:00+00:00,129,3,757.0,14.9,0.0,46.010544,14.571429
2026-05-17 09:00:00+00:00,177,3,765.0,12.2,0.0,45.65905,14.88189
2026-05-17 09:00:00+00:00,194,3,736.0,14.9,0.1,46.502636,15.024076
2026-05-17 09:00:00+00:00,236,3,766.0,16.0,0.0,45.79965,15.213271
2026-05-17 09:00:00+00:00,325,3,781.0,15.3,0.0,46.572933,15.62701
2026-05-17 09:00:00+00:00,391,3,773.0,16.2,0.0,46.71353,16.112904
2026-05-17 09:00:00+00:00,422,3,744.0,15.8,0.0,46.22144,15.21531
2026-05-17 09:00:00+00:00,425,3,776.0,16.1,0.0,45.940243,15.546751
2026-05-17 09:00:00+00:00,426,3,762.0,17.7,0.0,45.51845,13.704866
2026-05-17 12:00:00+00:00,63,6,718.0,15.8,0.0,46.432335,14.134615
2026-05-17 12:00:00+00:00,76,6,717.0,16.7,0.0,46.291737,14.233227
2026-05-17 12:00:00+00:00,106,6,775.0,18.1,0.0,46.22144,14.354067
2026-05-17 12:00:00+00:00,122,6,802.0,17.6,0.0,46.08084,14.45151
2026-05-17 12:00:00+00:00,127,6,818.0,17.2,0.0,46.151142,14.474522
2026-05-17 12:00:00+00:00,129,6,800.0,17.0,0.0,46.010544,14.571429
2026-05-17 12:00:00+00:00,177,6,776.0,13.8,0.0,45.65905,14.88189
2026-05-17 12:00:00+00:00,194,6,705.0,17.0,0.0,46.502636,15.024076
2026-05-17 12:00:00+00:00,236,6,834.0,17.3,0.0,45.79965,15.213271
2026-05-17 12:00:00+00:00,325,6,730.0,17.3,0.0,46.572933,15.62701
2026-05-17 12:00:00+00:00,391,6,758.0,17.9,0.0,46.71353,16.112904
2026-05-17 12:00:00+00:00,422,6,754.0,17.3,0.0,46.22144,15.21531
2026-05-17 12:00:00+00:00,425,6,767.0,17.4,0.0,45.940243,15.546751
2026-05-17 12:00:00+00:00,426,6,865.0,18.2,0.0,45.51845,13.704866
2026-05-17 13:00:00+00:00,63,1,622.0,16.0,0.0,46.432335,14.134615
2026-05-17 13:00:00+00:00,76,1,710.0,17.0,0.0,46.291737,14.233227
2026-05-17 13:00:00+00:00,106,1,730.0,18.6,0.0,46.22144,14.354067
2026-05-17 13:00:00+00:00,122,1,685.0,18.1,0.0,46.08084,14.45151
2026-05-17 13:00:00+00:00,127,1,708.0,17.7,0.0,46.151142,14.474522
2026-05-17 13:00:00+00:00,129,1,694.0,17.5,0.0,46.010544,14.571429
2026-05-17 13:00:00+00:00,177,1,718.0,15.0,0.0,45.65905,14.88189
2026-05-17 13:00:00+00:00,194,1,579.0,16.9,0.0,46.502636,15.024076
2026-05-17 13:00:00+00:00,236,1,828.0,18.6,0.0,45.79965,15.213271
2026-05-17 13:00:00+00:00,325,1,695.0,17.9,0.0,46.572933,15.62701
2026-05-17 13:00:00+00:00,391,1,495.0,17.4,0.0,46.71353,16.112904
2026-05-17 13:00:00+00:00,422,1,727.0,17.2,0.0,46.22144,15.21531
2026-05-17 13:00:00+00:00,425,1,740.0,18.0,0.1,45.940243,15.546751
2026-05-17 13:00:00+00:00,426,1,793.0,18.5,0.0,45.51845,13.704866
2026-05-17 14:00:00+00:00,63,2,513.0,15.5,0.0,46.432335,14.134615
2026-05-17 14:00:00+00:00,76,2,581.0,17.0,0.0,46.291737,14.233227
2026-05-17 14:00:00+00:00,106,2,592.0,18.1,0.0,46.22144,14.354067
2026-05-17 14:00:00+00:00,122,2,565.0,18.2,0.0,46.08084,14.45151
2026-05-17 14:00:00+00:00,127,2,574.0,17.1,0.0,46.151142,14.474522
2026-05-17 14:00:00+00:00,129,2,561.0,17.7,0.0,46.010544,14.571429
2026-05-17 14:00:00+00:00,177,2,626.0,14.6,0.0,45.65905,14.88189
2026-05-17 14:00:00+00:00,194,2,526.0,16.4,0.0,46.502636,15.024076
2026-05-17 14:00:00+00:00,236,2,719.0,18.3,0.0,45.79965,15.213271
2026-05-17 14:00:00+00:00,325,2,570.0,17.8,0.0,46.572933,15.62701
2026-05-17 14:00:00+00:00,391,2,399.0,17.0,0.0,46.71353,16.112904
2026-05-17 14:00:00+00:00,422,2,693.0,17.3,0.0,46.22144,15.21531
2026-05-17 14:00:00+00:00,425,2,617.0,17.9,0.0,45.940243,15.546751
2026-05-17 14:00:00+00:00,426,2,721.0,18.4,0.0,45.51845,13.704866
2026-05-17 15:00:00+00:00,63,3,415.0,15.4,0.0,46.432335,14.134615
2026-05-17 15:00:00+00:00,76,3,473.0,16.9,0.0,46.291737,14.233227
2026-05-17 15:00:00+00:00,106,3,506.0,17.2,0.0,46.22144,14.354067
2026-05-17 15:00:00+00:00,122,3,502.0,17.9,0.0,46.08084,14.45151
2026-05-17 15:00:00+00:00,127,3,511.0,16.5,0.0,46.151142,14.474522
2026-05-17 15:00:00+00:00,129,3,503.0,17.6,0.0,46.010544,14.571429
2026-05-17 15:00:00+00:00,177,3,443.0,13.5,0.0,45.65905,14.88189
2026-05-17 15:00:00+00:00,194,3,320.0,15.8,0.0,46.502636,15.024076
2026-05-17 15:00:00+00:00,236,3,560.0,17.8,0.0,45.79965,15.213271
2026-05-17 15:00:00+00:00,325,3,437.0,17.4,0.0,46.572933,15.62701
2026-05-17 15:00:00+00:00,391,3,317.0,15.1,0.0,46.71353,16.112904
2026-05-17 15:00:00+00:00,422,3,576.0,17.2,0.0,46.22144,15.21531
2026-05-17 15:00:00+00:00,425,3,550.0,17.7,0.0,45.940243,15.546751
2026-05-17 15:00:00+00:00,426,3,619.0,18.0,0.0,45.51845,13.704866
2026-05-17 18:00:00+00:00,63,6,105.0,12.9,0.0,46.432335,14.134615
2026-05-17 18:00:00+00:00,76,6,93.0,12.4,0.0,46.291737,14.233227
2026-05-17 18:00:00+00:00,106,6,82.0,12.8,0.0,46.22144,14.354067
2026-05-17 18:00:00+00:00,122,6,83.0,13.8,0.0,46.08084,14.45151
2026-05-17 18:00:00+00:00,127,6,78.0,12.3,0.0,46.151142,14.474522
2026-05-17 18:00:00+00:00,129,6,85.0,13.1,0.0,46.010544,14.571429
2026-05-17 18:00:00+00:00,177,6,77.0,9.8,0.0,45.65905,14.88189
2026-05-17 18:00:00+00:00,194,6,87.0,12.5,0.0,46.502636,15.024076
2026-05-17 18:00:00+00:00,236,6,84.0,13.7,0.0,45.79965,15.213271
2026-05-17 18:00:00+00:00,325,6,64.0,13.3,0.0,46.572933,15.62701
2026-05-17 18:00:00+00:00,391,6,64.0,13.0,0.0,46.71353,16.112904
2026-05-17 18:00:00+00:00,422,6,81.0,13.7,0.0,46.22144,15.21531
2026-05-17 18:00:00+00:00,425,6,78.0,14.5,0.0,45.940243,15.546751
2026-05-17 18:00:00+00:00,426,6,102.0,15.5,0.0,45.51845,13.704866
2026-05-17 19:00:00+00:00,63,1,8.0,10.7,0.0,46.432335,14.134615
2026-05-17 19:00:00+00:00,76,1,7.0,10.8,0.0,46.291737,14.233227
2026-05-17 19:00:00+00:00,106,1,6.0,12.5,0.0,46.22144,14.354067
2026-05-17 19:00:00+00:00,122,1,5.0,12.6,0.0,46.08084,14.45151
2026-05-17 19:00:00+00:00,127,1,5.0,11.4,0.0,46.151142,14.474522
2026-05-17 19:00:00+00:00,129,1,5.0,11.6,0.0,46.010544,14.571429
2026-05-17 19:00:00+00:00,177,1,3.0,8.7,0.0,45.65905,14.88189
2026-05-17 19:00:00+00:00,194,1,5.0,10.5,0.0,46.502636,15.024076
2026-05-17 19:00:00+00:00,236,1,4.0,12.5,0.0,45.79965,15.213271
2026-05-17 19:00:00+00:00,325,1,4.0,12.9,0.0,46.572933,15.62701
2026-05-17 19:00:00+00:00,391,1,3.0,11.8,0.0,46.71353,16.112904
2026-05-17 19:00:00+00:00,422,1,4.0,12.6,0.0,46.22144,15.21531
2026-05-17 19:00:00+00:00,425,1,3.0,13.3,0.0,45.940243,15.546751
2026-05-17 19:00:00+00:00,426,1,7.0,14.3,0.0,45.51845,13.704866
2026-05-17 20:00:00+00:00,63,2,0.0,9.7,0.0,46.432335,14.134615
2026-05-17 20:00:00+00:00,76,2,0.0,9.5,0.0,46.291737,14.233227
2026-05-17 20:00:00+00:00,106,2,0.0,11.5,0.0,46.22144,14.354067
2026-05-17 20:00:00+00:00,122,2,0.0,12.0,0.0,46.08084,14.45151
2026-05-17 20:00:00+00:00,127,2,0.0,10.5,0.0,46.151142,14.474522
2026-05-17 20:00:00+00:00,129,2,0.0,10.7,0.0,46.010544,14.571429
2026-05-17 20:00:00+00:00,177,2,0.0,7.4,0.0,45.65905,14.88189
2026-05-17 20:00:00+00:00,194,2,0.0,9.2,0.0,46.502636,15.024076
2026-05-17 20:00:00+00:00,236,2,0.0,11.4,0.0,45.79965,15.213271
2026-05-17 20:00:00+00:00,325,2,0.0,12.2,0.0,46.572933,15.62701
2026-05-17 20:00:00+00:00,391,2,0.0,10.2,0.0,46.71353,16.112904
2026-05-17 20:00:00+00:00,422,2,0.0,11.5,0.0,46.22144,15.21531
2026-05-17 20:00:00+00:00,425,2,0.0,11.9,0.0,45.940243,15.546751
2026-05-17 20:00:00+00:00,426,2,0.0,12.9,0.0,45.51845,13.704866
2026-05-17 21:00:00+00:00,63,3,0.0,9.0,0.0,46.432335,14.134615
2026-05-17 21:00:00+00:00,76,3,0.0,8.6,0.0,46.291737,14.233227
2026-05-17 21:00:00+00:00,106,3,0.0,10.7,0.0,46.22144,14.354067
2026-05-17 21:00:00+00:00,122,3,0.0,10.8,0.0,46.08084,14.45151
2026-05-17 21:00:00+00:00,127,3,0.0,9.8,0.0,46.151142,14.474522
2026-05-17 21:00:00+00:00,129,3,0.0,10.0,0.0,46.010544,14.571429
2026-05-17 21:00:00+00:00,177,3,0.0,6.1,0.0,45.65905,14.88189
2026-05-17 21:00:00+00:00,194,3,0.0,9.0,0.0,46.502636,15.024076
2026-05-17 21:00:00+00:00,236,3,0.0,10.4,0.0,45.79965,15.213271
2026-05-17 21:00:00+00:00,325,3,0.0,10.9,0.0,46.572933,15.62701
2026-05-17 21:00:00+00:00,391,3,0.0,9.6,0.0,46.71353,16.112904
2026-05-17 21:00:00+00:00,422,3,0.0,11.2,0.0,46.22144,15.21531
2026-05-17 21:00:00+00:00,425,3,0.0,10.8,0.0,45.940243,15.546751
2026-05-17 21:00:00+00:00,426,3,0.0,11.4,0.0,45.51845,13.704866
2026-05-18 00:00:00+00:00,63,6,0.0,8.3,0.0,46.432335,14.134615
2026-05-18 00:00:00+00:00,63,24,0.0,7.0,0.0,46.432335,14.134615
2026-05-18 00:00:00+00:00,76,6,0.0,7.1,0.0,46.291737,14.233227
2026-05-18 00:00:00+00:00,76,24,0.0,7.0,0.0,46.291737,14.233227
2026-05-18 00:00:00+00:00,106,6,0.0,8.7,0.0,46.22144,14.354067
2026-05-18 00:00:00+00:00,106,24,0.0,8.8,0.0,46.22144,14.354067
2026-05-18 00:00:00+00:00,122,6,0.0,9.2,0.0,46.08084,14.45151
2026-05-18 00:00:00+00:00,122,24,0.0,6.8,0.0,46.08084,14.45151
2026-05-18 00:00:00+00:00,127,6,0.0,8.2,0.0,46.151142,14.474522
2026-05-18 00:00:00+00:00,127,24,0.0,7.3,0.0,46.151142,14.474522
2026-05-18 00:00:00+00:00,129,6,0.0,7.6,0.0,46.010544,14.571429
2026-05-18 00:00:00+00:00,129,24,0.0,7.4,0.0,46.010544,14.571429
2026-05-18 00:00:00+00:00,177,6,0.0,4.6,0.0,45.65905,14.88189
2026-05-18 00:00:00+00:00,177,24,0.0,3.5,0.0,45.65905,14.88189
2026-05-18 00:00:00+00:00,194,6,0.0,7.9,0.0,46.502636,15.024076
2026-05-18 00:00:00+00:00,194,24,0.0,8.0,0.0,46.502636,15.024076
2026-05-18 00:00:00+00:00,236,6,0.0,8.0,0.0,45.79965,15.213271
2026-05-18 00:00:00+00:00,236,24,0.0,7.5,0.0,45.79965,15.213271
2026-05-18 00:00:00+00:00,325,6,0.0,9.7,0.0,46.572933,15.62701
2026-05-18 00:00:00+00:00,325,24,0.0,9.5,0.0,46.572933,15.62701
2026-05-18 00:00:00+00:00,391,6,0.0,7.7,0.0,46.71353,16.112904
2026-05-18 00:00:00+00:00,391,24,0.0,7.6,0.0,46.71353,16.112904
2026-05-18 00:00:00+00:00,422,6,0.0,9.1,0.0,46.22144,15.21531
2026-05-18 00:00:00+00:00,422,24,0.0,7.9,0.0,46.22144,15.21531
2026-05-18 00:00:00+00:00,425,6,0.0,9.7,0.0,45.940243,15.546751
2026-05-18 00:00:00+00:00,425,24,0.0,9.1,0.0,45.940243,15.546751
2026-05-18 00:00:00+00:00,426,6,0.0,9.4,0.0,45.51845,13.704866
2026-05-18 00:00:00+00:00,426,24,0.0,8.8,0.0,45.51845,13.704866
2026-05-18 06:00:00+00:00,63,24,283.0,11.7,0.0,46.432335,14.134615
2026-05-18 06:00:00+00:00,76,24,283.0,10.2,0.0,46.291737,14.233227
2026-05-18 06:00:00+00:00,106,24,275.0,10.7,0.0,46.22144,14.354067
2026-05-18 06:00:00+00:00,122,24,270.0,10.2,0.0,46.08084,14.45151
2026-05-18 06:00:00+00:00,127,24,270.0,9.6,0.0,46.151142,14.474522
2026-05-18 06:00:00+00:00,129,24,273.0,9.5,0.0,46.010544,14.571429
2026-05-18 06:00:00+00:00,177,24,281.0,8.6,0.0,45.65905,14.88189
2026-05-18 06:00:00+00:00,194,24,288.0,11.9,0.0,46.502636,15.024076
2026-05-18 06:00:00+00:00,236,24,281.0,11.6,0.0,45.79965,15.213271
2026-05-18 06:00:00+00:00,325,24,293.0,12.2,0.0,46.572933,15.62701
2026-05-18 06:00:00+00:00,391,24,296.0,10.9,0.0,46.71353,16.112904
2026-05-18 06:00:00+00:00,422,24,283.0,11.3,0.0,46.22144,15.21531
2026-05-18 06:00:00+00:00,425,24,283.0,11.3,0.0,45.940243,15.546751
2026-05-18 06:00:00+00:00,426,24,238.0,14.3,0.0,45.51845,13.704866
2026-05-18 12:00:00+00:00,63,24,575.0,16.7,0.1,46.432335,14.134615
2026-05-18 12:00:00+00:00,76,24,775.0,17.7,0.0,46.291737,14.233227
2026-05-18 12:00:00+00:00,106,24,862.0,18.6,0.0,46.22144,14.354067
2026-05-18 12:00:00+00:00,122,24,861.0,19.5,0.0,46.08084,14.45151
2026-05-18 12:00:00+00:00,127,24,872.0,18.6,0.0,46.151142,14.474522
2026-05-18 12:00:00+00:00,129,24,846.0,18.7,0.0,46.010544,14.571429
2026-05-18 12:00:00+00:00,177,24,663.0,15.6,0.3,45.65905,14.88189
2026-05-18 12:00:00+00:00,194,24,617.0,17.7,0.1,46.502636,15.024076
2026-05-18 12:00:00+00:00,236,24,761.0,19.2,0.1,45.79965,15.213271
2026-05-18 12:00:00+00:00,325,24,756.0,18.1,0.3,46.572933,15.62701
2026-05-18 12:00:00+00:00,391,24,711.0,17.7,0.1,46.71353,16.112904
2026-05-18 12:00:00+00:00,422,24,847.0,19.3,0.0,46.22144,15.21531
2026-05-18 12:00:00+00:00,425,24,889.0,19.0,0.0,45.940243,15.546751
2026-05-18 12:00:00+00:00,426,24,806.0,19.2,0.0,45.51845,13.704866
2026-05-18 18:00:00+00:00,63,24,75.0,11.2,0.2,46.432335,14.134615
2026-05-18 18:00:00+00:00,76,24,85.0,12.0,0.0,46.291737,14.233227
2026-05-18 18:00:00+00:00,106,24,80.0,12.9,0.0,46.22144,14.354067
2026-05-18 18:00:00+00:00,122,24,86.0,14.7,0.1,46.08084,14.45151
2026-05-18 18:00:00+00:00,127,24,77.0,12.9,0.3,46.151142,14.474522
2026-05-18 18:00:00+00:00,129,24,93.0,14.5,0.0,46.010544,14.571429
2026-05-18 18:00:00+00:00,177,24,81.0,10.7,0.0,45.65905,14.88189
2026-05-18 18:00:00+00:00,194,24,80.0,13.3,0.3,46.502636,15.024076
2026-05-18 18:00:00+00:00,236,24,77.0,13.9,0.1,45.79965,15.213271
2026-05-18 18:00:00+00:00,325,24,78.0,14.2,0.0,46.572933,15.62701
2026-05-18 18:00:00+00:00,391,24,77.0,14.1,0.0,46.71353,16.112904
2026-05-18 18:00:00+00:00,422,24,90.0,13.4,0.0,46.22144,15.21531
2026-05-18 18:00:00+00:00,425,24,75.0,14.2,0.1,45.940243,15.546751
2026-05-18 18:00:00+00:00,426,24,103.0,16.0,0.0,45.51845,13.704866
2026-05-18 01:00:00+00:00,63,1,0.0,7.1,0.0,46.432335,14.134615
2026-05-18 01:00:00+00:00,76,1,0.0,6.3,0.0,46.291737,14.233227
2026-05-18 01:00:00+00:00,106,1,0.0,7.8,0.0,46.22144,14.354067
2026-05-18 01:00:00+00:00,122,1,0.0,8.5,0.0,46.08084,14.45151
2026-05-18 01:00:00+00:00,127,1,0.0,7.3,0.0,46.151142,14.474522
2026-05-18 01:00:00+00:00,129,1,0.0,7.4,0.0,46.010544,14.571429
2026-05-18 01:00:00+00:00,177,1,0.0,4.5,0.0,45.65905,14.88189
2026-05-18 01:00:00+00:00,194,1,0.0,7.4,0.0,46.502636,15.024076
2026-05-18 01:00:00+00:00,236,1,0.0,8.2,0.0,45.79965,15.213271
2026-05-18 01:00:00+00:00,325,1,0.0,8.5,0.0,46.572933,15.62701
2026-05-18 01:00:00+00:00,391,1,0.0,5.8,0.0,46.71353,16.112904
2026-05-18 01:00:00+00:00,422,1,0.0,8.2,0.0,46.22144,15.21531
2026-05-18 01:00:00+00:00,425,1,0.0,9.2,0.0,45.940243,15.546751
2026-05-18 01:00:00+00:00,426,1,0.0,8.8,0.0,45.51845,13.704866
2026-05-18 02:00:00+00:00,63,2,0.0,6.3,0.0,46.432335,14.134615
2026-05-18 02:00:00+00:00,76,2,0.0,5.8,0.0,46.291737,14.233227
2026-05-18 02:00:00+00:00,106,2,0.0,7.4,0.0,46.22144,14.354067
2026-05-18 02:00:00+00:00,122,2,0.0,7.8,0.0,46.08084,14.45151
2026-05-18 02:00:00+00:00,127,2,0.0,6.8,0.0,46.151142,14.474522
2026-05-18 02:00:00+00:00,129,2,0.0,6.6,0.0,46.010544,14.571429
2026-05-18 02:00:00+00:00,177,2,0.0,4.1,0.0,45.65905,14.88189
2026-05-18 02:00:00+00:00,194,2,0.0,7.4,0.0,46.502636,15.024076
2026-05-18 02:00:00+00:00,236,2,0.0,7.5,0.0,45.79965,15.213271
2026-05-18 02:00:00+00:00,325,2,0.0,8.8,0.0,46.572933,15.62701
2026-05-18 02:00:00+00:00,391,2,0.0,5.2,0.0,46.71353,16.112904
2026-05-18 02:00:00+00:00,422,2,0.0,7.3,0.0,46.22144,15.21531
2026-05-18 02:00:00+00:00,425,2,0.0,8.2,0.0,45.940243,15.546751
2026-05-18 02:00:00+00:00,426,2,0.0,8.7,0.0,45.51845,13.704866
2026-05-18 03:00:00+00:00,63,3,0.0,6.0,0.0,46.432335,14.134615
2026-05-18 03:00:00+00:00,76,3,0.0,5.3,0.0,46.291737,14.233227
2026-05-18 03:00:00+00:00,106,3,0.0,6.9,0.0,46.22144,14.354067
2026-05-18 03:00:00+00:00,122,3,0.0,7.0,0.0,46.08084,14.45151
2026-05-18 03:00:00+00:00,127,3,0.0,6.2,0.0,46.151142,14.474522
2026-05-18 03:00:00+00:00,129,3,0.0,5.9,0.0,46.010544,14.571429
2026-05-18 03:00:00+00:00,177,3,0.0,3.6,0.0,45.65905,14.88189
2026-05-18 03:00:00+00:00,194,3,0.0,7.2,0.0,46.502636,15.024076
2026-05-18 03:00:00+00:00,236,3,0.0,7.2,0.0,45.79965,15.213271
2026-05-18 03:00:00+00:00,325,3,0.0,8.6,0.0,46.572933,15.62701
2026-05-18 03:00:00+00:00,391,3,0.0,5.3,0.0,46.71353,16.112904
2026-05-18 03:00:00+00:00,422,3,0.0,7.0,0.0,46.22144,15.21531
2026-05-18 03:00:00+00:00,425,3,0.0,7.9,0.0,45.940243,15.546751
2026-05-18 03:00:00+00:00,426,3,0.0,8.2,0.0,45.51845,13.704866
2026-05-18 06:00:00+00:00,63,6,278.0,11.3,0.0,46.432335,14.134615
2026-05-18 06:00:00+00:00,76,6,276.0,10.7,0.0,46.291737,14.233227
2026-05-18 06:00:00+00:00,106,6,270.0,11.5,0.0,46.22144,14.354067
2026-05-18 06:00:00+00:00,122,6,267.0,10.8,0.0,46.08084,14.45151
2026-05-18 06:00:00+00:00,127,6,267.0,10.4,0.0,46.151142,14.474522
2026-05-18 06:00:00+00:00,129,6,270.0,10.2,0.0,46.010544,14.571429
2026-05-18 06:00:00+00:00,177,6,277.0,8.7,0.0,45.65905,14.88189
2026-05-18 06:00:00+00:00,194,6,284.0,12.3,0.0,46.502636,15.024076
2026-05-18 06:00:00+00:00,236,6,278.0,11.8,0.0,45.79965,15.213271
2026-05-18 06:00:00+00:00,325,6,288.0,12.9,0.0,46.572933,15.62701
2026-05-18 06:00:00+00:00,391,6,296.0,11.0,0.0,46.71353,16.112904
2026-05-18 06:00:00+00:00,422,6,280.0,12.1,0.0,46.22144,15.21531
2026-05-18 06:00:00+00:00,425,6,279.0,12.1,0.0,45.940243,15.546751
2026-05-18 06:00:00+00:00,426,6,241.0,14.7,0.0,45.51845,13.704866
2026-05-18 07:00:00+00:00,63,1,460.0,12.8,0.0,46.432335,14.134615
2026-05-18 07:00:00+00:00,76,1,457.0,12.5,0.0,46.291737,14.233227
2026-05-18 07:00:00+00:00,106,1,452.0,13.0,0.0,46.22144,14.354067
2026-05-18 07:00:00+00:00,122,1,449.0,12.7,0.0,46.08084,14.45151
2026-05-18 07:00:00+00:00,127,1,449.0,12.2,0.0,46.151142,14.474522
2026-05-18 07:00:00+00:00,129,1,451.0,11.9,0.0,46.010544,14.571429
2026-05-18 07:00:00+00:00,177,1,455.0,11.0,0.0,45.65905,14.88189
2026-05-18 07:00:00+00:00,194,1,466.0,13.5,0.0,46.502636,15.024076
2026-05-18 07:00:00+00:00,236,1,456.0,13.7,0.0,45.79965,15.213271
2026-05-18 07:00:00+00:00,325,1,468.0,13.8,0.0,46.572933,15.62701
2026-05-18 07:00:00+00:00,391,1,474.0,13.0,0.0,46.71353,16.112904
2026-05-18 07:00:00+00:00,422,1,461.0,13.8,0.0,46.22144,15.21531
2026-05-18 07:00:00+00:00,425,1,461.0,13.5,0.0,45.940243,15.546751
2026-05-18 07:00:00+00:00,426,1,412.0,17.1,0.0,45.51845,13.704866
2026-05-18 08:00:00+00:00,63,2,626.0,14.5,0.0,46.432335,14.134615
2026-05-18 08:00:00+00:00,76,2,622.0,14.1,0.0,46.291737,14.233227
2026-05-18 08:00:00+00:00,106,2,620.0,14.3,0.0,46.22144,14.354067
2026-05-18 08:00:00+00:00,122,2,617.0,14.4,0.0,46.08084,14.45151
2026-05-18 08:00:00+00:00,127,2,617.0,13.7,0.0,46.151142,14.474522
2026-05-18 08:00:00+00:00,129,2,618.0,13.8,0.0,46.010544,14.571429
2026-05-18 08:00:00+00:00,177,2,593.0,12.9,0.0,45.65905,14.88189
2026-05-18 08:00:00+00:00,194,2,604.0,14.9,0.0,46.502636,15.024076
2026-05-18 08:00:00+00:00,236,2,625.0,15.6,0.0,45.79965,15.213271
2026-05-18 08:00:00+00:00,325,2,607.0,15.0,0.0,46.572933,15.62701
2026-05-18 08:00:00+00:00,391,2,637.0,14.6,0.0,46.71353,16.112904
2026-05-18 08:00:00+00:00,422,2,616.0,15.4,0.0,46.22144,15.21531
2026-05-18 08:00:00+00:00,425,2,627.0,15.1,0.0,45.940243,15.546751
2026-05-18 08:00:00+00:00,426,2,592.0,18.0,0.0,45.51845,13.704866
2026-05-18 09:00:00+00:00,63,3,714.0,15.5,0.1,46.432335,14.134615
2026-05-18 09:00:00+00:00,76,3,731.0,15.7,0.0,46.291737,14.233227
2026-05-18 09:00:00+00:00,106,3,745.0,15.7,0.0,46.22144,14.354067
2026-05-18 09:00:00+00:00,122,3,752.0,15.9,0.0,46.08084,14.45151
2026-05-18 09:00:00+00:00,127,3,751.0,15.2,0.0,46.151142,14.474522
2026-05-18 09:00:00+00:00,129,3,747.0,15.5,0.0,46.010544,14.571429
2026-05-18 09:00:00+00:00,177,3,747.0,14.2,0.1,45.65905,14.88189
2026-05-18 09:00:00+00:00,194,3,697.0,16.3,0.1,46.502636,15.024076
2026-05-18 09:00:00+00:00,236,3,752.0,17.3,0.0,45.79965,15.213271
2026-05-18 09:00:00+00:00,325,3,712.0,16.0,0.2,46.572933,15.62701
2026-05-18 09:00:00+00:00,391,3,771.0,15.9,0.0,46.71353,16.112904
2026-05-18 09:00:00+00:00,422,3,738.0,16.9,0.0,46.22144,15.21531
2026-05-18 09:00:00+00:00,425,3,757.0,16.5,0.0,45.940243,15.546751
2026-05-18 09:00:00+00:00,426,3,744.0,18.4,0.0,45.51845,13.704866
2026-05-18 12:00:00+00:00,63,6,630.0,17.3,0.1,46.432335,14.134615
2026-05-18 12:00:00+00:00,76,6,743.0,17.7,0.1,46.291737,14.233227
2026-05-18 12:00:00+00:00,106,6,839.0,18.7,0.1,46.22144,14.354067
2026-05-18 12:00:00+00:00,122,6,893.0,19.7,0.0,46.08084,14.45151
2026-05-18 12:00:00+00:00,127,6,885.0,18.7,0.0,46.151142,14.474522
2026-05-18 12:00:00+00:00,129,6,888.0,19.1,0.0,46.010544,14.571429
2026-05-18 12:00:00+00:00,177,6,743.0,16.1,0.1,45.65905,14.88189
2026-05-18 12:00:00+00:00,194,6,807.0,18.7,0.0,46.502636,15.024076
2026-05-18 12:00:00+00:00,236,6,785.0,19.4,0.1,45.79965,15.213271
2026-05-18 12:00:00+00:00,325,6,758.0,17.9,0.4,46.572933,15.62701
2026-05-18 12:00:00+00:00,391,6,797.0,18.0,0.0,46.71353,16.112904
2026-05-18 12:00:00+00:00,422,6,826.0,19.2,0.0,46.22144,15.21531
2026-05-18 12:00:00+00:00,425,6,879.0,19.3,0.0,45.940243,15.546751
2026-05-18 12:00:00+00:00,426,6,906.0,19.2,0.0,45.51845,13.704866
2026-05-18 13:00:00+00:00,63,1,508.0,13.8,1.2,46.432335,14.134615
2026-05-18 13:00:00+00:00,76,1,721.0,17.5,0.1,46.291737,14.233227
2026-05-18 13:00:00+00:00,106,1,809.0,19.6,0.0,46.22144,14.354067
2026-05-18 13:00:00+00:00,122,1,793.0,19.7,0.0,46.08084,14.45151
2026-05-18 13:00:00+00:00,127,1,811.0,19.6,0.0,46.151142,14.474522
2026-05-18 13:00:00+00:00,129,1,785.0,19.0,0.1,46.010544,14.571429
2026-05-18 13:00:00+00:00,177,1,587.0,13.5,0.2,45.65905,14.88189
2026-05-18 13:00:00+00:00,194,1,724.0,18.9,0.0,46.502636,15.024076
2026-05-18 13:00:00+00:00,236,1,681.0,18.2,0.3,45.79965,15.213271
2026-05-18 13:00:00+00:00,325,1,717.0,18.0,0.4,46.572933,15.62701
2026-05-18 13:00:00+00:00,391,1,799.0,18.5,0.0,46.71353,16.112904
2026-05-18 13:00:00+00:00,422,1,797.0,20.3,0.0,46.22144,15.21531
2026-05-18 13:00:00+00:00,425,1,733.0,19.8,0.0,45.940243,15.546751
2026-05-18 13:00:00+00:00,426,1,822.0,19.9,0.0,45.51845,13.704866
2026-05-18 14:00:00+00:00,63,2,433.0,14.6,0.5,46.432335,14.134615
2026-05-18 14:00:00+00:00,76,2,574.0,17.3,0.0,46.291737,14.233227
2026-05-18 14:00:00+00:00,106,2,681.0,18.9,0.0,46.22144,14.354067
2026-05-18 14:00:00+00:00,122,2,720.0,19.3,0.1,46.08084,14.45151
2026-05-18 14:00:00+00:00,127,2,724.0,18.9,0.0,46.151142,14.474522
2026-05-18 14:00:00+00:00,129,2,714.0,18.8,0.1,46.010544,14.571429
2026-05-18 14:00:00+00:00,177,2,641.0,15.1,0.2,45.65905,14.88189
2026-05-18 14:00:00+00:00,194,2,474.0,16.8,0.1,46.502636,15.024076
2026-05-18 14:00:00+00:00,236,2,593.0,18.4,0.8,45.79965,15.213271
2026-05-18 14:00:00+00:00,325,2,567.0,17.9,0.2,46.572933,15.62701
2026-05-18 14:00:00+00:00,391,2,661.0,18.5,0.0,46.71353,16.112904
2026-05-18 14:00:00+00:00,422,2,622.0,19.7,0.1,46.22144,15.21531
2026-05-18 14:00:00+00:00,425,2,617.0,18.9,0.0,45.940243,15.546751
2026-05-18 14:00:00+00:00,426,2,726.0,19.6,0.0,45.51845,13.704866
2026-05-18 15:00:00+00:00,63,3,547.0,14.7,0.8,46.432335,14.134615
2026-05-18 15:00:00+00:00,76,3,514.0,16.8,0.0,46.291737,14.233227
2026-05-18 15:00:00+00:00,106,3,543.0,18.3,0.0,46.22144,14.354067
2026-05-18 15:00:00+00:00,122,3,564.0,18.4,0.0,46.08084,14.45151
2026-05-18 15:00:00+00:00,127,3,575.0,18.0,0.0,46.151142,14.474522
2026-05-18 15:00:00+00:00,129,3,544.0,18.2,0.1,46.010544,14.571429
2026-05-18 15:00:00+00:00,177,3,534.0,15.1,0.1,45.65905,14.88189
2026-05-18 15:00:00+00:00,194,3,350.0,16.4,0.1,46.502636,15.024076
2026-05-18 15:00:00+00:00,236,3,565.0,18.6,0.9,45.79965,15.213271
2026-05-18 15:00:00+00:00,325,3,482.0,14.7,1.3,46.572933,15.62701
2026-05-18 15:00:00+00:00,391,3,525.0,18.1,0.0,46.71353,16.112904
2026-05-18 15:00:00+00:00,422,3,476.0,15.0,2.7,46.22144,15.21531
2026-05-18 15:00:00+00:00,425,3,483.0,18.7,0.1,45.940243,15.546751
2026-05-18 15:00:00+00:00,426,3,594.0,19.4,0.0,45.51845,13.704866
2026-05-18 18:00:00+00:00,63,6,94.0,11.7,0.3,46.432335,14.134615
2026-05-18 18:00:00+00:00,76,6,102.0,13.1,0.0,46.291737,14.233227
2026-05-18 18:00:00+00:00,106,6,102.0,14.1,0.0,46.22144,14.354067
2026-05-18 18:00:00+00:00,122,6,99.0,14.8,0.0,46.08084,14.45151
2026-05-18 18:00:00+00:00,127,6,98.0,13.8,0.0,46.151142,14.474522
2026-05-18 18:00:00+00:00,129,6,93.0,14.6,0.0,46.010544,14.571429
2026-05-18 18:00:00+00:00,177,6,80.0,10.6,0.0,45.65905,14.88189
2026-05-18 18:00:00+00:00,194,6,62.0,12.7,0.6,46.502636,15.024076
2026-05-18 18:00:00+00:00,236,6,54.0,12.6,0.2,45.79965,15.213271
2026-05-18 18:00:00+00:00,325,6,88.0,13.7,0.0,46.572933,15.62701
2026-05-18 18:00:00+00:00,391,6,75.0,13.7,0.0,46.71353,16.112904
2026-05-18 18:00:00+00:00,422,6,84.0,14.4,0.0,46.22144,15.21531
2026-05-18 18:00:00+00:00,425,6,71.0,14.5,0.1,45.940243,15.546751
2026-05-18 18:00:00+00:00,426,6,102.0,16.7,0.0,45.51845,13.704866
2026-05-18 19:00:00+00:00,63,1,5.0,10.6,0.2,46.432335,14.134615
2026-05-18 19:00:00+00:00,76,1,7.0,11.1,0.0,46.291737,14.233227
2026-05-18 19:00:00+00:00,106,1,7.0,12.3,0.0,46.22144,14.354067
2026-05-18 19:00:00+00:00,122,1,6.0,13.4,0.0,46.08084,14.45151
2026-05-18 19:00:00+00:00,127,1,6.0,12.6,0.0,46.151142,14.474522
2026-05-18 19:00:00+00:00,129,1,6.0,12.6,0.0,46.010544,14.571429
2026-05-18 19:00:00+00:00,177,1,5.0,8.9,0.0,45.65905,14.88189
2026-05-18 19:00:00+00:00,194,1,6.0,11.1,0.0,46.502636,15.024076
2026-05-18 19:00:00+00:00,236,1,4.0,12.3,0.1,45.79965,15.213271
2026-05-18 19:00:00+00:00,325,1,4.0,12.5,0.0,46.572933,15.62701
2026-05-18 19:00:00+00:00,391,1,4.0,12.8,0.0,46.71353,16.112904
2026-05-18 19:00:00+00:00,422,1,5.0,12.4,0.0,46.22144,15.21531
2026-05-18 19:00:00+00:00,425,1,4.0,12.6,0.0,45.940243,15.546751
2026-05-18 19:00:00+00:00,426,1,7.0,15.3,0.0,45.51845,13.704866
2026-05-18 20:00:00+00:00,63,2,0.0,9.8,0.1,46.432335,14.134615
2026-05-18 20:00:00+00:00,76,2,0.0,9.6,0.0,46.291737,14.233227
2026-05-18 20:00:00+00:00,106,2,0.0,10.9,0.0,46.22144,14.354067
2026-05-18 20:00:00+00:00,122,2,0.0,11.3,0.0,46.08084,14.45151
2026-05-18 20:00:00+00:00,127,2,0.0,11.1,0.0,46.151142,14.474522
2026-05-18 20:00:00+00:00,129,2,0.0,10.9,0.0,46.010544,14.571429
2026-05-18 20:00:00+00:00,177,2,0.0,8.5,0.0,45.65905,14.88189
2026-05-18 20:00:00+00:00,194,2,0.0,10.3,0.0,46.502636,15.024076
2026-05-18 20:00:00+00:00,236,2,0.0,11.0,0.0,45.79965,15.213271
2026-05-18 20:00:00+00:00,325,2,0.0,11.7,0.0,46.572933,15.62701
2026-05-18 20:00:00+00:00,391,2,0.0,12.5,0.0,46.71353,16.112904
2026-05-18 20:00:00+00:00,422,2,0.0,11.2,0.0,46.22144,15.21531
2026-05-18 20:00:00+00:00,425,2,0.0,11.7,0.0,45.940243,15.546751
2026-05-18 20:00:00+00:00,426,2,0.0,14.5,0.0,45.51845,13.704866
2026-05-18 21:00:00+00:00,63,3,0.0,9.2,0.0,46.432335,14.134615
2026-05-18 21:00:00+00:00,76,3,0.0,8.5,0.0,46.291737,14.233227
2026-05-18 21:00:00+00:00,106,3,0.0,9.8,0.0,46.22144,14.354067
2026-05-18 21:00:00+00:00,122,3,0.0,9.6,0.0,46.08084,14.45151
2026-05-18 21:00:00+00:00,127,3,0.0,9.5,0.0,46.151142,14.474522
2026-05-18 21:00:00+00:00,129,3,0.0,9.8,0.0,46.010544,14.571429
2026-05-18 21:00:00+00:00,177,3,0.0,7.8,0.0,45.65905,14.88189
2026-05-18 21:00:00+00:00,194,3,0.0,9.7,0.0,46.502636,15.024076
2026-05-18 21:00:00+00:00,236,3,0.0,10.6,0.0,45.79965,15.213271
2026-05-18 21:00:00+00:00,325,3,0.0,11.1,0.0,46.572933,15.62701
2026-05-18 21:00:00+00:00,391,3,0.0,11.4,0.0,46.71353,16.112904
2026-05-18 21:00:00+00:00,422,3,0.0,10.3,0.0,46.22144,15.21531
2026-05-18 21:00:00+00:00,425,3,0.0,10.9,0.0,45.940243,15.546751
2026-05-18 21:00:00+00:00,426,3,0.0,13.7,0.0,45.51845,13.704866
2026-05-19 00:00:00+00:00,63,6,0.0,8.6,0.0,46.432335,14.134615
2026-05-19 00:00:00+00:00,63,24,0.0,5.6,0.0,46.432335,14.134615
2026-05-19 00:00:00+00:00,76,6,0.0,6.1,0.0,46.291737,14.233227
2026-05-19 00:00:00+00:00,76,24,0.0,4.6,0.0,46.291737,14.233227
2026-05-19 00:00:00+00:00,106,6,0.0,7.0,0.0,46.22144,14.354067
2026-05-19 00:00:00+00:00,106,24,0.0,6.7,0.0,46.22144,14.354067
2026-05-19 00:00:00+00:00,122,6,0.0,7.2,0.0,46.08084,14.45151
2026-05-19 00:00:00+00:00,122,24,0.0,8.0,0.0,46.08084,14.45151
2026-05-19 00:00:00+00:00,127,6,0.0,6.8,0.0,46.151142,14.474522
2026-05-19 00:00:00+00:00,127,24,0.0,7.2,0.0,46.151142,14.474522
2026-05-19 00:00:00+00:00,129,6,0.0,7.4,0.0,46.010544,14.571429
2026-05-19 00:00:00+00:00,129,24,0.0,7.0,0.0,46.010544,14.571429
2026-05-19 00:00:00+00:00,177,6,0.0,5.2,0.0,45.65905,14.88189
2026-05-19 00:00:00+00:00,177,24,0.0,4.5,0.0,45.65905,14.88189
2026-05-19 00:00:00+00:00,194,6,0.0,8.2,0.0,46.502636,15.024076
2026-05-19 00:00:00+00:00,194,24,0.0,9.7,0.0,46.502636,15.024076
2026-05-19 00:00:00+00:00,236,6,0.0,10.2,0.0,45.79965,15.213271
2026-05-19 00:00:00+00:00,236,24,0.0,10.1,0.0,45.79965,15.213271
2026-05-19 00:00:00+00:00,325,6,0.0,10.2,0.0,46.572933,15.62701
2026-05-19 00:00:00+00:00,325,24,0.0,10.5,0.0,46.572933,15.62701
2026-05-19 00:00:00+00:00,391,6,0.0,10.6,0.0,46.71353,16.112904
2026-05-19 00:00:00+00:00,391,24,0.0,8.8,0.0,46.71353,16.112904
2026-05-19 00:00:00+00:00,422,6,0.0,8.7,0.0,46.22144,15.21531
2026-05-19 00:00:00+00:00,422,24,0.0,8.9,0.0,46.22144,15.21531
2026-05-19 00:00:00+00:00,425,6,0.0,9.5,0.0,45.940243,15.546751
2026-05-19 00:00:00+00:00,425,24,0.0,9.6,0.0,45.940243,15.546751
2026-05-19 00:00:00+00:00,426,6,0.0,11.3,0.0,45.51845,13.704866
2026-05-19 00:00:00+00:00,426,24,0.0,11.5,0.0,45.51845,13.704866
2026-05-19 06:00:00+00:00,63,24,222.0,11.1,0.0,46.432335,14.134615
2026-05-19 06:00:00+00:00,76,24,257.0,12.2,0.0,46.291737,14.233227
2026-05-19 06:00:00+00:00,106,24,267.0,12.3,0.0,46.22144,14.354067
2026-05-19 06:00:00+00:00,122,24,270.0,10.5,0.0,46.08084,14.45151
2026-05-19 06:00:00+00:00,127,24,269.0,9.9,0.0,46.151142,14.474522
2026-05-19 06:00:00+00:00,129,24,273.0,10.5,0.0,46.010544,14.571429
2026-05-19 06:00:00+00:00,177,24,282.0,11.4,0.0,45.65905,14.88189
2026-05-19 06:00:00+00:00,194,24,233.0,12.1,0.0,46.502636,15.024076
2026-05-19 06:00:00+00:00,236,24,282.0,11.2,0.0,45.79965,15.213271
2026-05-19 06:00:00+00:00,325,24,284.0,14.8,0.0,46.572933,15.62701
2026-05-19 06:00:00+00:00,391,24,285.0,12.9,0.0,46.71353,16.112904
2026-05-19 06:00:00+00:00,422,24,262.0,10.9,0.0,46.22144,15.21531
2026-05-19 06:00:00+00:00,425,24,240.0,12.3,0.0,45.940243,15.546751
2026-05-19 06:00:00+00:00,426,24,245.0,16.3,0.0,45.51845,13.704866
2026-05-19 12:00:00+00:00,63,24,481.0,12.1,2.1,46.432335,14.134615
2026-05-19 12:00:00+00:00,76,24,586.0,15.5,0.2,46.291737,14.233227
2026-05-19 12:00:00+00:00,106,24,736.0,17.9,0.2,46.22144,14.354067
2026-05-19 12:00:00+00:00,122,24,849.0,20.1,0.0,46.08084,14.45151
2026-05-19 12:00:00+00:00,127,24,824.0,19.3,0.0,46.151142,14.474522
2026-05-19 12:00:00+00:00,129,24,858.0,19.5,0.1,46.010544,14.571429
2026-05-19 12:00:00+00:00,177,24,783.0,16.1,0.1,45.65905,14.88189
2026-05-19 12:00:00+00:00,194,24,583.0,14.0,3.2,46.502636,15.024076
2026-05-19 12:00:00+00:00,236,24,742.0,19.8,0.0,45.79965,15.213271
2026-05-19 12:00:00+00:00,325,24,575.0,19.0,0.0,46.572933,15.62701
2026-05-19 12:00:00+00:00,391,24,846.0,20.2,0.1,46.71353,16.112904
2026-05-19 12:00:00+00:00,422,24,736.0,18.4,0.3,46.22144,15.21531
2026-05-19 12:00:00+00:00,425,24,854.0,19.9,0.1,45.940243,15.546751
2026-05-19 12:00:00+00:00,426,24,891.0,19.6,0.0,45.51845,13.704866
2026-05-19 18:00:00+00:00,63,24,100.0,13.5,0.1,46.432335,14.134615
2026-05-19 18:00:00+00:00,76,24,101.0,13.5,0.0,46.291737,14.233227
2026-05-19 18:00:00+00:00,106,24,100.0,14.5,0.0,46.22144,14.354067
2026-05-19 18:00:00+00:00,122,24,97.0,14.9,0.0,46.08084,14.45151
2026-05-19 18:00:00+00:00,127,24,97.0,14.0,0.0,46.151142,14.474522
2026-05-19 18:00:00+00:00,129,24,97.0,13.8,0.0,46.010544,14.571429
2026-05-19 18:00:00+00:00,177,24,86.0,10.9,0.3,45.65905,14.88189
2026-05-19 18:00:00+00:00,194,24,92.0,14.6,0.0,46.502636,15.024076
2026-05-19 18:00:00+00:00,236,24,82.0,14.9,0.0,45.79965,15.213271
2026-05-19 18:00:00+00:00,325,24,86.0,15.9,0.1,46.572933,15.62701
2026-05-19 18:00:00+00:00,391,24,79.0,16.1,0.0,46.71353,16.112904
2026-05-19 18:00:00+00:00,422,24,77.0,15.0,0.1,46.22144,15.21531
2026-05-19 18:00:00+00:00,425,24,68.0,15.5,0.0,45.940243,15.546751
2026-05-19 18:00:00+00:00,426,24,104.0,17.1,0.0,45.51845,13.704866
2026-05-19 01:00:00+00:00,63,1,0.0,6.0,0.0,46.432335,14.134615
2026-05-19 01:00:00+00:00,76,1,0.0,4.8,0.0,46.291737,14.233227
2026-05-19 01:00:00+00:00,106,1,0.0,6.6,0.0,46.22144,14.354067
2026-05-19 01:00:00+00:00,122,1,0.0,7.3,0.0,46.08084,14.45151
2026-05-19 01:00:00+00:00,127,1,0.0,6.8,0.0,46.151142,14.474522
2026-05-19 01:00:00+00:00,129,1,0.0,6.7,0.0,46.010544,14.571429
2026-05-19 01:00:00+00:00,177,1,0.0,4.7,0.0,45.65905,14.88189
2026-05-19 01:00:00+00:00,194,1,0.0,8.1,0.0,46.502636,15.024076
2026-05-19 01:00:00+00:00,236,1,0.0,7.1,0.0,45.79965,15.213271
2026-05-19 01:00:00+00:00,325,1,0.0,10.7,0.0,46.572933,15.62701
2026-05-19 01:00:00+00:00,391,1,0.0,9.7,0.0,46.71353,16.112904
2026-05-19 01:00:00+00:00,422,1,0.0,8.4,0.0,46.22144,15.21531
2026-05-19 01:00:00+00:00,425,1,0.0,8.5,0.0,45.940243,15.546751
2026-05-19 01:00:00+00:00,426,1,0.0,12.0,0.0,45.51845,13.704866
2026-05-19 02:00:00+00:00,63,2,0.0,6.2,0.0,46.432335,14.134615
2026-05-19 02:00:00+00:00,76,2,0.0,4.6,0.0,46.291737,14.233227
2026-05-19 02:00:00+00:00,106,2,0.0,6.1,0.0,46.22144,14.354067
2026-05-19 02:00:00+00:00,122,2,0.0,6.6,0.0,46.08084,14.45151
2026-05-19 02:00:00+00:00,127,2,0.0,6.2,0.0,46.151142,14.474522
2026-05-19 02:00:00+00:00,129,2,0.0,6.4,0.0,46.010544,14.571429
2026-05-19 02:00:00+00:00,177,2,0.0,4.9,0.0,45.65905,14.88189
2026-05-19 02:00:00+00:00,194,2,0.0,8.2,0.0,46.502636,15.024076
2026-05-19 02:00:00+00:00,236,2,0.0,7.4,0.0,45.79965,15.213271
2026-05-19 02:00:00+00:00,325,2,0.0,10.8,0.0,46.572933,15.62701
2026-05-19 02:00:00+00:00,391,2,0.0,9.4,0.0,46.71353,16.112904
2026-05-19 02:00:00+00:00,422,2,0.0,8.2,0.0,46.22144,15.21531
2026-05-19 02:00:00+00:00,425,2,0.0,8.4,0.0,45.940243,15.546751
2026-05-19 02:00:00+00:00,426,2,0.0,11.1,0.0,45.51845,13.704866
2026-05-19 03:00:00+00:00,63,3,0.0,6.0,0.0,46.432335,14.134615
2026-05-19 03:00:00+00:00,76,3,0.0,4.2,0.0,46.291737,14.233227
2026-05-19 03:00:00+00:00,106,3,0.0,5.6,0.0,46.22144,14.354067
2026-05-19 03:00:00+00:00,122,3,0.0,5.9,0.0,46.08084,14.45151
2026-05-19 03:00:00+00:00,127,3,0.0,5.6,0.0,46.151142,14.474522
2026-05-19 03:00:00+00:00,129,3,0.0,6.1,0.0,46.010544,14.571429
2026-05-19 03:00:00+00:00,177,3,0.0,5.2,0.0,45.65905,14.88189
2026-05-19 03:00:00+00:00,194,3,0.0,8.1,0.0,46.502636,15.024076
2026-05-19 03:00:00+00:00,236,3,0.0,7.8,0.0,45.79965,15.213271
2026-05-19 03:00:00+00:00,325,3,0.0,11.1,0.0,46.572933,15.62701
2026-05-19 03:00:00+00:00,391,3,0.0,9.0,0.0,46.71353,16.112904
2026-05-19 03:00:00+00:00,422,3,0.0,7.4,0.0,46.22144,15.21531
2026-05-19 03:00:00+00:00,425,3,0.0,8.4,0.0,45.940243,15.546751
2026-05-19 03:00:00+00:00,426,3,0.0,10.4,0.0,45.51845,13.704866
2026-05-19 06:00:00+00:00,63,6,269.0,11.5,0.0,46.432335,14.134615
2026-05-19 06:00:00+00:00,76,6,275.0,12.6,0.0,46.291737,14.233227
2026-05-19 06:00:00+00:00,106,6,272.0,12.2,0.0,46.22144,14.354067
2026-05-19 06:00:00+00:00,122,6,270.0,10.4,0.0,46.08084,14.45151
2026-05-19 06:00:00+00:00,127,6,269.0,9.8,0.0,46.151142,14.474522
2026-05-19 06:00:00+00:00,129,6,273.0,10.8,0.0,46.010544,14.571429
2026-05-19 06:00:00+00:00,177,6,278.0,11.3,0.0,45.65905,14.88189
2026-05-19 06:00:00+00:00,194,6,250.0,12.6,0.0,46.502636,15.024076
2026-05-19 06:00:00+00:00,236,6,264.0,11.0,0.0,45.79965,15.213271
2026-05-19 06:00:00+00:00,325,6,193.0,14.7,0.0,46.572933,15.62701
2026-05-19 06:00:00+00:00,391,6,272.0,13.5,0.0,46.71353,16.112904
2026-05-19 06:00:00+00:00,422,6,270.0,11.6,0.0,46.22144,15.21531
2026-05-19 06:00:00+00:00,425,6,249.0,12.5,0.0,45.940243,15.546751
2026-05-19 06:00:00+00:00,426,6,254.0,16.6,0.0,45.51845,13.704866
2026-05-19 07:00:00+00:00,63,1,423.0,12.4,0.2,46.432335,14.134615
2026-05-19 07:00:00+00:00,76,1,441.0,14.3,0.0,46.291737,14.233227
2026-05-19 07:00:00+00:00,106,1,450.0,14.6,0.0,46.22144,14.354067
2026-05-19 07:00:00+00:00,122,1,453.0,12.8,0.0,46.08084,14.45151
2026-05-19 07:00:00+00:00,127,1,452.0,12.5,0.0,46.151142,14.474522
2026-05-19 07:00:00+00:00,129,1,454.0,12.8,0.0,46.010544,14.571429
2026-05-19 07:00:00+00:00,177,1,461.0,13.3,0.0,45.65905,14.88189
2026-05-19 07:00:00+00:00,194,1,398.0,14.5,0.0,46.502636,15.024076
2026-05-19 07:00:00+00:00,236,1,443.0,13.1,0.0,45.79965,15.213271
2026-05-19 07:00:00+00:00,325,1,429.0,16.4,0.0,46.572933,15.62701
2026-05-19 07:00:00+00:00,391,1,468.0,16.0,0.0,46.71353,16.112904
2026-05-19 07:00:00+00:00,422,1,451.0,14.2,0.0,46.22144,15.21531
2026-05-19 07:00:00+00:00,425,1,440.0,14.6,0.0,45.940243,15.546751
2026-05-19 07:00:00+00:00,426,1,430.0,17.6,0.0,45.51845,13.704866
2026-05-19 08:00:00+00:00,63,2,538.0,13.8,0.2,46.432335,14.134615
2026-05-19 08:00:00+00:00,76,2,581.0,15.7,0.0,46.291737,14.233227
2026-05-19 08:00:00+00:00,106,2,612.0,16.5,0.0,46.22144,14.354067
2026-05-19 08:00:00+00:00,122,2,623.0,15.5,0.0,46.08084,14.45151
2026-05-19 08:00:00+00:00,127,2,621.0,15.3,0.0,46.151142,14.474522
2026-05-19 08:00:00+00:00,129,2,621.0,15.3,0.0,46.010544,14.571429
2026-05-19 08:00:00+00:00,177,2,623.0,14.3,0.0,45.65905,14.88189
2026-05-19 08:00:00+00:00,194,2,574.0,16.4,0.0,46.502636,15.024076
2026-05-19 08:00:00+00:00,236,2,615.0,15.8,0.0,45.79965,15.213271
2026-05-19 08:00:00+00:00,325,2,592.0,17.5,0.0,46.572933,15.62701
2026-05-19 08:00:00+00:00,391,2,626.0,17.8,0.0,46.71353,16.112904
2026-05-19 08:00:00+00:00,422,2,618.0,16.7,0.0,46.22144,15.21531
2026-05-19 08:00:00+00:00,425,2,609.0,16.6,0.0,45.940243,15.546751
2026-05-19 08:00:00+00:00,426,2,600.0,17.4,0.0,45.51845,13.704866
2026-05-19 09:00:00+00:00,63,3,752.0,15.7,0.2,46.432335,14.134615
2026-05-19 09:00:00+00:00,76,3,758.0,17.0,0.0,46.291737,14.233227
2026-05-19 09:00:00+00:00,106,3,751.0,17.6,0.0,46.22144,14.354067
2026-05-19 09:00:00+00:00,122,3,752.0,17.6,0.0,46.08084,14.45151
2026-05-19 09:00:00+00:00,127,3,749.0,17.1,0.0,46.151142,14.474522
2026-05-19 09:00:00+00:00,129,3,751.0,17.2,0.0,46.010544,14.571429
2026-05-19 09:00:00+00:00,177,3,762.0,15.3,0.0,45.65905,14.88189
2026-05-19 09:00:00+00:00,194,3,708.0,17.8,0.0,46.502636,15.024076
2026-05-19 09:00:00+00:00,236,3,752.0,17.7,0.0,45.79965,15.213271
2026-05-19 09:00:00+00:00,325,3,740.0,18.4,0.0,46.572933,15.62701
2026-05-19 09:00:00+00:00,391,3,753.0,18.8,0.0,46.71353,16.112904
2026-05-19 09:00:00+00:00,422,3,749.0,18.0,0.0,46.22144,15.21531
2026-05-19 09:00:00+00:00,425,3,738.0,18.0,0.1,45.940243,15.546751
2026-05-19 09:00:00+00:00,426,3,743.0,18.0,0.0,45.51845,13.704866
2026-05-19 12:00:00+00:00,63,6,566.0,13.7,2.6,46.432335,14.134615
2026-05-19 12:00:00+00:00,76,6,747.0,15.7,0.4,46.291737,14.233227
2026-05-19 12:00:00+00:00,106,6,837.0,16.7,0.1,46.22144,14.354067
2026-05-19 12:00:00+00:00,122,6,887.0,19.3,0.1,46.08084,14.45151
2026-05-19 12:00:00+00:00,127,6,863.0,18.1,0.2,46.151142,14.474522
2026-05-19 12:00:00+00:00,129,6,859.0,19.5,0.1,46.010544,14.571429
2026-05-19 12:00:00+00:00,177,6,799.0,16.1,0.2,45.65905,14.88189
2026-05-19 12:00:00+00:00,194,6,634.0,14.8,2.5,46.502636,15.024076
2026-05-19 12:00:00+00:00,236,6,687.0,19.3,0.1,45.79965,15.213271
2026-05-19 12:00:00+00:00,325,6,754.0,19.2,0.0,46.572933,15.62701
2026-05-19 12:00:00+00:00,391,6,831.0,20.0,0.0,46.71353,16.112904
2026-05-19 12:00:00+00:00,422,6,803.0,19.1,0.1,46.22144,15.21531
2026-05-19 12:00:00+00:00,425,6,839.0,19.8,0.1,45.940243,15.546751
2026-05-19 12:00:00+00:00,426,6,900.0,20.0,0.0,45.51845,13.704866
2026-05-19 13:00:00+00:00,63,1,831.0,18.2,0.1,46.432335,14.134615
2026-05-19 13:00:00+00:00,76,1,729.0,18.3,0.0,46.291737,14.233227
2026-05-19 13:00:00+00:00,106,1,716.0,18.3,0.0,46.22144,14.354067
2026-05-19 13:00:00+00:00,122,1,491.0,16.6,1.3,46.08084,14.45151
2026-05-19 13:00:00+00:00,127,1,633.0,17.3,0.4,46.151142,14.474522
2026-05-19 13:00:00+00:00,129,1,460.0,16.9,0.7,46.010544,14.571429
2026-05-19 13:00:00+00:00,177,1,744.0,14.6,0.3,45.65905,14.88189
2026-05-19 13:00:00+00:00,194,1,743.0,17.8,0.2,46.502636,15.024076
2026-05-19 13:00:00+00:00,236,1,708.0,18.0,0.3,45.79965,15.213271
2026-05-19 13:00:00+00:00,325,1,672.0,18.2,0.3,46.572933,15.62701
2026-05-19 13:00:00+00:00,391,1,763.0,19.9,0.0,46.71353,16.112904
2026-05-19 13:00:00+00:00,422,1,671.0,17.8,0.2,46.22144,15.21531
2026-05-19 13:00:00+00:00,425,1,631.0,16.7,0.7,45.940243,15.546751
2026-05-19 13:00:00+00:00,426,1,826.0,20.5,0.0,45.51845,13.704866
2026-05-19 14:00:00+00:00,63,2,608.0,17.9,0.1,46.432335,14.134615
2026-05-19 14:00:00+00:00,76,2,561.0,16.8,0.0,46.291737,14.233227
2026-05-19 14:00:00+00:00,106,2,613.0,16.9,0.5,46.22144,14.354067
2026-05-19 14:00:00+00:00,122,2,676.0,17.3,0.7,46.08084,14.45151
2026-05-19 14:00:00+00:00,127,2,664.0,17.3,0.2,46.151142,14.474522
2026-05-19 14:00:00+00:00,129,2,654.0,16.5,1.0,46.010544,14.571429
2026-05-19 14:00:00+00:00,177,2,579.0,14.1,0.6,45.65905,14.88189
2026-05-19 14:00:00+00:00,194,2,670.0,18.0,0.1,46.502636,15.024076
2026-05-19 14:00:00+00:00,236,2,629.0,18.6,0.1,45.79965,15.213271
2026-05-19 14:00:00+00:00,325,2,685.0,18.6,0.2,46.572933,15.62701
2026-05-19 14:00:00+00:00,391,2,563.0,19.3,0.1,46.71353,16.112904
2026-05-19 14:00:00+00:00,422,2,653.0,17.8,1.2,46.22144,15.21531
2026-05-19 14:00:00+00:00,425,2,659.0,17.8,0.2,45.940243,15.546751
2026-05-19 14:00:00+00:00,426,2,689.0,20.1,0.0,45.51845,13.704866
2026-05-19 15:00:00+00:00,63,3,479.0,16.5,0.1,46.432335,14.134615
2026-05-19 15:00:00+00:00,76,3,483.0,16.0,0.0,46.291737,14.233227
2026-05-19 15:00:00+00:00,106,3,506.0,16.3,0.1,46.22144,14.354067
2026-05-19 15:00:00+00:00,122,3,568.0,16.1,2.6,46.08084,14.45151
2026-05-19 15:00:00+00:00,127,3,534.0,16.4,0.2,46.151142,14.474522
2026-05-19 15:00:00+00:00,129,3,584.0,17.0,0.4,46.010544,14.571429
2026-05-19 15:00:00+00:00,177,3,392.0,14.4,0.8,45.65905,14.88189
2026-05-19 15:00:00+00:00,194,3,549.0,17.7,0.0,46.502636,15.024076
2026-05-19 15:00:00+00:00,236,3,586.0,18.6,0.0,45.79965,15.213271
2026-05-19 15:00:00+00:00,325,3,504.0,18.4,0.1,46.572933,15.62701
2026-05-19 15:00:00+00:00,391,3,534.0,19.3,0.0,46.71353,16.112904
2026-05-19 15:00:00+00:00,422,3,559.0,17.3,0.2,46.22144,15.21531
2026-05-19 15:00:00+00:00,425,3,579.0,18.1,0.0,45.940243,15.546751
2026-05-19 15:00:00+00:00,426,3,570.0,20.0,0.0,45.51845,13.704866
2026-05-19 18:00:00+00:00,63,6,97.0,13.2,0.0,46.432335,14.134615
2026-05-19 18:00:00+00:00,76,6,94.0,13.5,0.0,46.291737,14.233227
2026-05-19 18:00:00+00:00,106,6,96.0,13.9,0.0,46.22144,14.354067
2026-05-19 18:00:00+00:00,122,6,99.0,15.1,0.0,46.08084,14.45151
2026-05-19 18:00:00+00:00,127,6,99.0,14.0,0.0,46.151142,14.474522
2026-05-19 18:00:00+00:00,129,6,99.0,14.4,0.0,46.010544,14.571429
2026-05-19 18:00:00+00:00,177,6,94.0,10.7,0.2,45.65905,14.88189
2026-05-19 18:00:00+00:00,194,6,91.0,13.7,0.0,46.502636,15.024076
2026-05-19 18:00:00+00:00,236,6,89.0,15.7,0.0,45.79965,15.213271
2026-05-19 18:00:00+00:00,325,6,91.0,15.8,0.0,46.572933,15.62701
2026-05-19 18:00:00+00:00,391,6,82.0,16.0,0.0,46.71353,16.112904
2026-05-19 18:00:00+00:00,422,6,91.0,14.9,0.0,46.22144,15.21531
2026-05-19 18:00:00+00:00,425,6,85.0,15.7,0.0,45.940243,15.546751
2026-05-19 18:00:00+00:00,426,6,101.0,17.7,0.0,45.51845,13.704866
2026-05-19 19:00:00+00:00,63,1,9.0,11.1,0.0,46.432335,14.134615
2026-05-19 19:00:00+00:00,76,1,8.0,12.1,0.0,46.291737,14.233227
2026-05-19 19:00:00+00:00,106,1,8.0,12.9,0.0,46.22144,14.354067
2026-05-19 19:00:00+00:00,122,1,7.0,13.8,0.0,46.08084,14.45151
2026-05-19 19:00:00+00:00,127,1,7.0,12.6,0.0,46.151142,14.474522
2026-05-19 19:00:00+00:00,129,1,7.0,12.9,0.0,46.010544,14.571429
2026-05-19 19:00:00+00:00,177,1,5.0,9.4,0.0,45.65905,14.88189
2026-05-19 19:00:00+00:00,194,1,6.0,12.3,0.0,46.502636,15.024076
2026-05-19 19:00:00+00:00,236,1,5.0,13.9,0.0,45.79965,15.213271
2026-05-19 19:00:00+00:00,325,1,5.0,14.5,0.0,46.572933,15.62701
2026-05-19 19:00:00+00:00,391,1,4.0,14.8,0.0,46.71353,16.112904
2026-05-19 19:00:00+00:00,422,1,5.0,13.5,0.0,46.22144,15.21531
2026-05-19 19:00:00+00:00,425,1,5.0,13.5,0.0,45.940243,15.546751
2026-05-19 19:00:00+00:00,426,1,8.0,16.8,0.0,45.51845,13.704866
2026-05-19 20:00:00+00:00,63,2,0.0,10.2,0.0,46.432335,14.134615
2026-05-19 20:00:00+00:00,76,2,0.0,10.7,0.0,46.291737,14.233227
2026-05-19 20:00:00+00:00,106,2,0.0,11.7,0.0,46.22144,14.354067
2026-05-19 20:00:00+00:00,122,2,0.0,12.7,0.0,46.08084,14.45151
2026-05-19 20:00:00+00:00,127,2,0.0,11.3,0.0,46.151142,14.474522
2026-05-19 20:00:00+00:00,129,2,0.0,11.9,0.0,46.010544,14.571429
2026-05-19 20:00:00+00:00,177,2,0.0,8.6,0.0,45.65905,14.88189
2026-05-19 20:00:00+00:00,194,2,0.0,11.3,0.0,46.502636,15.024076
2026-05-19 20:00:00+00:00,236,2,0.0,12.9,0.0,45.79965,15.213271
2026-05-19 20:00:00+00:00,325,2,0.0,13.4,0.0,46.572933,15.62701
2026-05-19 20:00:00+00:00,391,2,0.0,13.5,0.0,46.71353,16.112904
2026-05-19 20:00:00+00:00,422,2,0.0,12.3,0.0,46.22144,15.21531
2026-05-19 20:00:00+00:00,425,2,0.0,12.4,0.0,45.940243,15.546751
2026-05-19 20:00:00+00:00,426,2,0.0,15.5,0.0,45.51845,13.704866
2026-05-19 21:00:00+00:00,63,3,0.0,9.4,0.0,46.432335,14.134615
2026-05-19 21:00:00+00:00,76,3,0.0,9.3,0.0,46.291737,14.233227
2026-05-19 21:00:00+00:00,106,3,0.0,10.5,0.0,46.22144,14.354067
2026-05-19 21:00:00+00:00,122,3,0.0,11.7,0.0,46.08084,14.45151
2026-05-19 21:00:00+00:00,127,3,0.0,9.9,0.0,46.151142,14.474522
2026-05-19 21:00:00+00:00,129,3,0.0,11.1,0.0,46.010544,14.571429
2026-05-19 21:00:00+00:00,177,3,0.0,8.0,0.0,45.65905,14.88189
2026-05-19 21:00:00+00:00,194,3,0.0,10.6,0.0,46.502636,15.024076
2026-05-19 21:00:00+00:00,236,3,0.0,12.1,0.0,45.79965,15.213271
2026-05-19 21:00:00+00:00,325,3,0.0,12.8,0.0,46.572933,15.62701
2026-05-19 21:00:00+00:00,391,3,0.0,12.6,0.0,46.71353,16.112904
2026-05-19 21:00:00+00:00,422,3,0.0,11.4,0.0,46.22144,15.21531
2026-05-19 21:00:00+00:00,425,3,0.0,11.8,0.0,45.940243,15.546751
2026-05-19 21:00:00+00:00,426,3,0.0,13.9,0.0,45.51845,13.704866
2026-05-20 00:00:00+00:00,63,6,0.0,9.1,0.0,46.432335,14.134615
2026-05-20 00:00:00+00:00,63,24,0.0,9.1,0.0,46.432335,14.134615
2026-05-20 00:00:00+00:00,76,6,0.0,6.8,0.0,46.291737,14.233227
2026-05-20 00:00:00+00:00,76,24,0.0,7.5,0.0,46.291737,14.233227
2026-05-20 00:00:00+00:00,106,6,0.0,7.6,0.0,46.22144,14.354067
2026-05-20 00:00:00+00:00,106,24,0.0,8.2,0.0,46.22144,14.354067
2026-05-20 00:00:00+00:00,122,6,0.0,9.0,0.0,46.08084,14.45151
2026-05-20 00:00:00+00:00,122,24,0.0,9.9,0.0,46.08084,14.45151
2026-05-20 00:00:00+00:00,127,6,0.0,7.6,0.0,46.151142,14.474522
2026-05-20 00:00:00+00:00,127,24,0.0,8.5,0.0,46.151142,14.474522
2026-05-20 00:00:00+00:00,129,6,0.0,9.0,0.0,46.010544,14.571429
2026-05-20 00:00:00+00:00,129,24,0.0,9.6,0.0,46.010544,14.571429
2026-05-20 00:00:00+00:00,177,6,0.0,7.3,0.0,45.65905,14.88189
2026-05-20 00:00:00+00:00,177,24,0.0,5.6,0.0,45.65905,14.88189
2026-05-20 00:00:00+00:00,194,6,0.0,9.0,0.0,46.502636,15.024076
2026-05-20 00:00:00+00:00,194,24,0.0,9.6,0.0,46.502636,15.024076
2026-05-20 00:00:00+00:00,236,6,0.0,10.6,0.0,45.79965,15.213271
2026-05-20 00:00:00+00:00,236,24,0.0,9.9,0.0,45.79965,15.213271
2026-05-20 00:00:00+00:00,325,6,0.0,12.2,0.0,46.572933,15.62701
2026-05-20 00:00:00+00:00,325,24,0.0,11.2,0.0,46.572933,15.62701
2026-05-20 00:00:00+00:00,391,6,0.0,10.5,0.0,46.71353,16.112904
2026-05-20 00:00:00+00:00,391,24,0.0,10.9,0.0,46.71353,16.112904
2026-05-20 00:00:00+00:00,422,6,0.0,9.4,0.0,46.22144,15.21531
2026-05-20 00:00:00+00:00,422,24,0.0,9.3,0.0,46.22144,15.21531
2026-05-20 00:00:00+00:00,425,6,0.0,10.5,0.0,45.940243,15.546751
2026-05-20 00:00:00+00:00,425,24,0.0,10.3,0.0,45.940243,15.546751
2026-05-20 00:00:00+00:00,426,6,0.0,11.4,0.0,45.51845,13.704866
2026-05-20 00:00:00+00:00,426,24,0.0,12.7,0.0,45.51845,13.704866
2026-05-20 06:00:00+00:00,63,24,263.0,13.3,0.0,46.432335,14.134615
2026-05-20 06:00:00+00:00,76,24,271.0,14.1,0.0,46.291737,14.233227
2026-05-20 06:00:00+00:00,106,24,264.0,13.3,0.0,46.22144,14.354067
2026-05-20 06:00:00+00:00,122,24,229.0,11.0,0.0,46.08084,14.45151
2026-05-20 06:00:00+00:00,127,24,246.0,10.4,0.0,46.151142,14.474522
2026-05-20 06:00:00+00:00,129,24,193.0,10.8,0.0,46.010544,14.571429
2026-05-20 06:00:00+00:00,177,24,257.0,10.5,0.0,45.65905,14.88189
2026-05-20 06:00:00+00:00,194,24,275.0,13.0,0.0,46.502636,15.024076
2026-05-20 06:00:00+00:00,236,24,217.0,11.8,0.0,45.79965,15.213271
2026-05-20 06:00:00+00:00,325,24,287.0,16.5,0.0,46.572933,15.62701
2026-05-20 06:00:00+00:00,391,24,287.0,15.2,0.0,46.71353,16.112904
2026-05-20 06:00:00+00:00,422,24,281.0,13.2,0.0,46.22144,15.21531
2026-05-20 06:00:00+00:00,425,24,235.0,12.5,0.0,45.940243,15.546751
2026-05-20 06:00:00+00:00,426,24,231.0,16.1,0.0,45.51845,13.704866
2026-05-20 12:00:00+00:00,63,24,667.0,19.4,0.0,46.432335,14.134615
2026-05-20 12:00:00+00:00,76,24,643.0,19.3,0.1,46.291737,14.233227
2026-05-20 12:00:00+00:00,106,24,630.0,18.9,0.0,46.22144,14.354067
2026-05-20 12:00:00+00:00,122,24,741.0,20.1,0.0,46.08084,14.45151
2026-05-20 12:00:00+00:00,127,24,672.0,18.4,0.1,46.151142,14.474522
2026-05-20 12:00:00+00:00,129,24,809.0,20.6,0.0,46.010544,14.571429
2026-05-20 12:00:00+00:00,177,24,863.0,18.2,0.1,45.65905,14.88189
2026-05-20 12:00:00+00:00,194,24,558.0,20.2,0.1,46.502636,15.024076
2026-05-20 12:00:00+00:00,236,24,799.0,21.6,0.0,45.79965,15.213271
2026-05-20 12:00:00+00:00,325,24,676.0,21.4,0.0,46.572933,15.62701
2026-05-20 12:00:00+00:00,391,24,601.0,21.0,0.1,46.71353,16.112904
2026-05-20 12:00:00+00:00,422,24,645.0,20.8,0.0,46.22144,15.21531
2026-05-20 12:00:00+00:00,425,24,754.0,21.5,0.0,45.940243,15.546751
2026-05-20 12:00:00+00:00,426,24,744.0,20.5,0.0,45.51845,13.704866
2026-05-20 18:00:00+00:00,63,24,91.0,14.8,0.0,46.432335,14.134615
2026-05-20 18:00:00+00:00,76,24,87.0,14.8,0.0,46.291737,14.233227
2026-05-20 18:00:00+00:00,106,24,82.0,15.3,0.1,46.22144,14.354067
2026-05-20 18:00:00+00:00,122,24,81.0,16.3,0.1,46.08084,14.45151
2026-05-20 18:00:00+00:00,127,24,79.0,15.0,0.1,46.151142,14.474522
2026-05-20 18:00:00+00:00,129,24,84.0,16.3,0.1,46.010544,14.571429
2026-05-20 18:00:00+00:00,177,24,90.0,12.8,0.0,45.65905,14.88189
2026-05-20 18:00:00+00:00,194,24,86.0,16.1,0.0,46.502636,15.024076
2026-05-20 18:00:00+00:00,236,24,88.0,16.6,0.0,45.79965,15.213271
2026-05-20 18:00:00+00:00,325,24,82.0,18.4,0.0,46.572933,15.62701
2026-05-20 18:00:00+00:00,391,24,70.0,18.5,0.0,46.71353,16.112904
2026-05-20 18:00:00+00:00,422,24,90.0,16.9,0.0,46.22144,15.21531
2026-05-20 18:00:00+00:00,425,24,76.0,17.9,0.0,45.940243,15.546751
2026-05-20 18:00:00+00:00,426,24,90.0,18.8,0.0,45.51845,13.704866
2026-05-20 01:00:00+00:00,63,1,0.0,8.0,0.0,46.432335,14.134615
2026-05-20 01:00:00+00:00,76,1,0.0,7.1,0.0,46.291737,14.233227
2026-05-20 01:00:00+00:00,106,1,0.0,7.9,0.0,46.22144,14.354067
2026-05-20 01:00:00+00:00,122,1,0.0,8.0,0.0,46.08084,14.45151
2026-05-20 01:00:00+00:00,127,1,0.0,7.3,0.0,46.151142,14.474522
2026-05-20 01:00:00+00:00,129,1,0.0,8.9,0.0,46.010544,14.571429
2026-05-20 01:00:00+00:00,177,1,0.0,7.1,0.0,45.65905,14.88189
2026-05-20 01:00:00+00:00,194,1,0.0,8.9,0.0,46.502636,15.024076
2026-05-20 01:00:00+00:00,236,1,0.0,10.0,0.0,45.79965,15.213271
2026-05-20 01:00:00+00:00,325,1,0.0,12.0,0.0,46.572933,15.62701
2026-05-20 01:00:00+00:00,391,1,0.0,10.7,0.0,46.71353,16.112904
2026-05-20 01:00:00+00:00,422,1,0.0,9.0,0.0,46.22144,15.21531
2026-05-20 01:00:00+00:00,425,1,0.0,9.7,0.0,45.940243,15.546751
2026-05-20 01:00:00+00:00,426,1,0.0,12.3,0.0,45.51845,13.704866
2026-05-20 02:00:00+00:00,63,2,0.0,7.9,0.0,46.432335,14.134615
2026-05-20 02:00:00+00:00,76,2,0.0,6.6,0.0,46.291737,14.233227
2026-05-20 02:00:00+00:00,106,2,0.0,7.6,0.0,46.22144,14.354067
2026-05-20 02:00:00+00:00,122,2,0.0,7.3,0.0,46.08084,14.45151
2026-05-20 02:00:00+00:00,127,2,0.0,6.9,0.0,46.151142,14.474522
2026-05-20 02:00:00+00:00,129,2,0.0,8.4,0.0,46.010544,14.571429
2026-05-20 02:00:00+00:00,177,2,0.0,7.1,0.0,45.65905,14.88189
2026-05-20 02:00:00+00:00,194,2,0.0,8.9,0.0,46.502636,15.024076
2026-05-20 02:00:00+00:00,236,2,0.0,9.4,0.0,45.79965,15.213271
2026-05-20 02:00:00+00:00,325,2,0.0,12.0,0.0,46.572933,15.62701
2026-05-20 02:00:00+00:00,391,2,0.0,10.5,0.0,46.71353,16.112904
2026-05-20 02:00:00+00:00,422,2,0.0,8.7,0.0,46.22144,15.21531
2026-05-20 02:00:00+00:00,425,2,0.0,9.7,0.0,45.940243,15.546751
2026-05-20 02:00:00+00:00,426,2,0.0,11.7,0.0,45.51845,13.704866
2026-05-20 03:00:00+00:00,63,3,0.0,7.9,0.0,46.432335,14.134615
2026-05-20 03:00:00+00:00,76,3,0.0,6.1,0.0,46.291737,14.233227
2026-05-20 03:00:00+00:00,106,3,0.0,7.0,0.0,46.22144,14.354067
2026-05-20 03:00:00+00:00,122,3,0.0,6.8,0.0,46.08084,14.45151
2026-05-20 03:00:00+00:00,127,3,0.0,6.4,0.0,46.151142,14.474522
2026-05-20 03:00:00+00:00,129,3,0.0,7.9,0.0,46.010544,14.571429
2026-05-20 03:00:00+00:00,177,3,0.0,7.0,0.0,45.65905,14.88189
2026-05-20 03:00:00+00:00,194,3,0.0,8.6,0.0,46.502636,15.024076
2026-05-20 03:00:00+00:00,236,3,0.0,9.1,0.0,45.79965,15.213271
2026-05-20 03:00:00+00:00,325,3,0.0,11.8,0.0,46.572933,15.62701
2026-05-20 03:00:00+00:00,391,3,0.0,10.2,0.0,46.71353,16.112904
2026-05-20 03:00:00+00:00,422,3,0.0,8.7,0.0,46.22144,15.21531
2026-05-20 03:00:00+00:00,425,3,0.0,9.6,0.0,45.940243,15.546751
2026-05-20 03:00:00+00:00,426,3,0.0,11.3,0.0,45.51845,13.704866
2026-05-20 06:00:00+00:00,63,6,202.0,13.3,0.0,46.432335,14.134615
2026-05-20 06:00:00+00:00,76,6,251.0,14.2,0.0,46.291737,14.233227
2026-05-20 06:00:00+00:00,106,6,266.0,14.3,0.0,46.22144,14.354067
2026-05-20 06:00:00+00:00,122,6,268.0,12.0,0.0,46.08084,14.45151
2026-05-20 06:00:00+00:00,127,6,268.0,11.4,0.0,46.151142,14.474522
2026-05-20 06:00:00+00:00,129,6,264.0,12.4,0.0,46.010544,14.571429
2026-05-20 06:00:00+00:00,177,6,275.0,12.6,0.0,45.65905,14.88189
2026-05-20 06:00:00+00:00,194,6,264.0,13.8,0.0,46.502636,15.024076
2026-05-20 06:00:00+00:00,236,6,272.0,13.5,0.0,45.79965,15.213271
2026-05-20 06:00:00+00:00,325,6,286.0,16.9,0.0,46.572933,15.62701
2026-05-20 06:00:00+00:00,391,6,286.0,15.3,0.0,46.71353,16.112904
2026-05-20 06:00:00+00:00,422,6,278.0,13.9,0.0,46.22144,15.21531
2026-05-20 06:00:00+00:00,425,6,243.0,13.5,0.0,45.940243,15.546751
2026-05-20 06:00:00+00:00,426,6,256.0,17.2,0.0,45.51845,13.704866
2026-05-20 07:00:00+00:00,63,1,341.0,14.4,0.0,46.432335,14.134615
2026-05-20 07:00:00+00:00,76,1,355.0,15.6,0.0,46.291737,14.233227
2026-05-20 07:00:00+00:00,106,1,357.0,15.8,0.0,46.22144,14.354067
2026-05-20 07:00:00+00:00,122,1,405.0,14.0,0.0,46.08084,14.45151
2026-05-20 07:00:00+00:00,127,1,376.0,13.2,0.0,46.151142,14.474522
2026-05-20 07:00:00+00:00,129,1,431.0,13.9,0.0,46.010544,14.571429
2026-05-20 07:00:00+00:00,177,1,450.0,14.4,0.0,45.65905,14.88189
2026-05-20 07:00:00+00:00,194,1,255.0,14.3,0.0,46.502636,15.024076
2026-05-20 07:00:00+00:00,236,1,449.0,15.5,0.0,45.79965,15.213271
2026-05-20 07:00:00+00:00,325,1,384.0,18.2,0.0,46.572933,15.62701
2026-05-20 07:00:00+00:00,391,1,480.0,18.0,0.0,46.71353,16.112904
2026-05-20 07:00:00+00:00,422,1,442.0,16.1,0.0,46.22144,15.21531
2026-05-20 07:00:00+00:00,425,1,437.0,15.8,0.0,45.940243,15.546751
2026-05-20 07:00:00+00:00,426,1,435.0,18.9,0.0,45.51845,13.704866
2026-05-20 08:00:00+00:00,63,2,555.0,16.2,0.0,46.432335,14.134615
2026-05-20 08:00:00+00:00,76,2,557.0,17.6,0.0,46.291737,14.233227
2026-05-20 08:00:00+00:00,106,2,556.0,17.8,0.0,46.22144,14.354067
2026-05-20 08:00:00+00:00,122,2,588.0,16.4,0.0,46.08084,14.45151
2026-05-20 08:00:00+00:00,127,2,569.0,16.0,0.0,46.151142,14.474522
2026-05-20 08:00:00+00:00,129,2,602.0,16.1,0.0,46.010544,14.571429
2026-05-20 08:00:00+00:00,177,2,617.0,15.5,0.0,45.65905,14.88189
2026-05-20 08:00:00+00:00,194,2,350.0,15.6,0.0,46.502636,15.024076
2026-05-20 08:00:00+00:00,236,2,597.0,17.6,0.0,45.79965,15.213271
2026-05-20 08:00:00+00:00,325,2,384.0,18.5,0.0,46.572933,15.62701
2026-05-20 08:00:00+00:00,391,2,504.0,19.2,0.0,46.71353,16.112904
2026-05-20 08:00:00+00:00,422,2,521.0,17.9,0.0,46.22144,15.21531
2026-05-20 08:00:00+00:00,425,2,610.0,18.3,0.0,45.940243,15.546751
2026-05-20 08:00:00+00:00,426,2,603.0,19.9,0.0,45.51845,13.704866
2026-05-20 09:00:00+00:00,63,3,684.0,17.5,0.0,46.432335,14.134615
2026-05-20 09:00:00+00:00,76,3,687.0,18.8,0.0,46.291737,14.233227
2026-05-20 09:00:00+00:00,106,3,672.0,18.8,0.0,46.22144,14.354067
2026-05-20 09:00:00+00:00,122,3,703.0,18.5,0.0,46.08084,14.45151
2026-05-20 09:00:00+00:00,127,3,676.0,18.0,0.0,46.151142,14.474522
2026-05-20 09:00:00+00:00,129,3,710.0,18.1,0.0,46.010544,14.571429
2026-05-20 09:00:00+00:00,177,3,757.0,16.9,0.0,45.65905,14.88189
2026-05-20 09:00:00+00:00,194,3,458.0,17.1,0.0,46.502636,15.024076
2026-05-20 09:00:00+00:00,236,3,722.0,19.5,0.0,45.79965,15.213271
2026-05-20 09:00:00+00:00,325,3,521.0,19.6,0.0,46.572933,15.62701
2026-05-20 09:00:00+00:00,391,3,725.0,20.4,0.0,46.71353,16.112904
2026-05-20 09:00:00+00:00,422,3,614.0,19.4,0.0,46.22144,15.21531
2026-05-20 09:00:00+00:00,425,3,734.0,20.1,0.0,45.940243,15.546751
2026-05-20 09:00:00+00:00,426,3,746.0,20.0,0.0,45.51845,13.704866
2026-05-20 12:00:00+00:00,63,6,764.0,19.7,0.0,46.432335,14.134615
2026-05-20 12:00:00+00:00,76,6,766.0,20.3,0.0,46.291737,14.233227
2026-05-20 12:00:00+00:00,106,6,751.0,19.5,0.0,46.22144,14.354067
2026-05-20 12:00:00+00:00,122,6,768.0,20.6,0.1,46.08084,14.45151
2026-05-20 12:00:00+00:00,127,6,743.0,18.8,0.3,46.151142,14.474522
2026-05-20 12:00:00+00:00,129,6,769.0,20.9,0.0,46.010544,14.571429
2026-05-20 12:00:00+00:00,177,6,819.0,18.3,0.0,45.65905,14.88189
2026-05-20 12:00:00+00:00,194,6,688.0,20.3,0.0,46.502636,15.024076
2026-05-20 12:00:00+00:00,236,6,802.0,21.8,0.0,45.79965,15.213271
2026-05-20 12:00:00+00:00,325,6,720.0,21.4,0.0,46.572933,15.62701
2026-05-20 12:00:00+00:00,391,6,684.0,21.1,0.1,46.71353,16.112904
2026-05-20 12:00:00+00:00,422,6,676.0,21.1,0.0,46.22144,15.21531
2026-05-20 12:00:00+00:00,425,6,777.0,21.9,0.0,45.940243,15.546751
2026-05-20 12:00:00+00:00,426,6,851.0,21.1,0.0,45.51845,13.704866
2026-05-20 13:00:00+00:00,63,1,741.0,20.3,0.0,46.432335,14.134615
2026-05-20 13:00:00+00:00,76,1,706.0,21.5,0.0,46.291737,14.233227
2026-05-20 13:00:00+00:00,106,1,716.0,20.9,0.1,46.22144,14.354067
2026-05-20 13:00:00+00:00,122,1,741.0,22.0,0.0,46.08084,14.45151
2026-05-20 13:00:00+00:00,127,1,736.0,20.4,0.1,46.151142,14.474522
2026-05-20 13:00:00+00:00,129,1,751.0,21.9,0.0,46.010544,14.571429
2026-05-20 13:00:00+00:00,177,1,788.0,18.7,0.0,45.65905,14.88189
2026-05-20 13:00:00+00:00,194,1,757.0,20.7,0.1,46.502636,15.024076
2026-05-20 13:00:00+00:00,236,1,725.0,22.4,0.0,45.79965,15.213271
2026-05-20 13:00:00+00:00,325,1,735.0,21.9,0.0,46.572933,15.62701
2026-05-20 13:00:00+00:00,391,1,695.0,21.9,0.0,46.71353,16.112904
2026-05-20 13:00:00+00:00,422,1,695.0,21.2,0.1,46.22144,15.21531
2026-05-20 13:00:00+00:00,425,1,735.0,21.7,0.1,45.940243,15.546751
2026-05-20 13:00:00+00:00,426,1,800.0,21.8,0.0,45.51845,13.704866
2026-05-20 14:00:00+00:00,63,2,749.0,20.1,0.0,46.432335,14.134615
2026-05-20 14:00:00+00:00,76,2,644.0,20.3,0.1,46.291737,14.233227
2026-05-20 14:00:00+00:00,106,2,606.0,19.6,0.1,46.22144,14.354067
2026-05-20 14:00:00+00:00,122,2,645.0,20.9,0.2,46.08084,14.45151
2026-05-20 14:00:00+00:00,127,2,618.0,18.5,0.3,46.151142,14.474522
2026-05-20 14:00:00+00:00,129,2,685.0,21.1,0.2,46.010544,14.571429
2026-05-20 14:00:00+00:00,177,2,700.0,18.4,0.0,45.65905,14.88189
2026-05-20 14:00:00+00:00,194,2,652.0,20.8,0.3,46.502636,15.024076
2026-05-20 14:00:00+00:00,236,2,627.0,22.0,0.0,45.79965,15.213271
2026-05-20 14:00:00+00:00,325,2,641.0,21.5,0.0,46.572933,15.62701
2026-05-20 14:00:00+00:00,391,2,602.0,21.8,0.0,46.71353,16.112904
2026-05-20 14:00:00+00:00,422,2,641.0,21.2,0.2,46.22144,15.21531
2026-05-20 14:00:00+00:00,425,2,607.0,21.3,0.2,45.940243,15.546751
2026-05-20 14:00:00+00:00,426,2,709.0,21.2,0.0,45.51845,13.704866
2026-05-20 15:00:00+00:00,63,3,512.0,19.2,0.6,46.432335,14.134615
2026-05-20 15:00:00+00:00,76,3,441.0,18.0,0.2,46.291737,14.233227
2026-05-20 15:00:00+00:00,106,3,427.0,18.1,0.5,46.22144,14.354067
2026-05-20 15:00:00+00:00,122,3,495.0,19.7,0.1,46.08084,14.45151
2026-05-20 15:00:00+00:00,127,3,461.0,18.3,0.1,46.151142,14.474522
2026-05-20 15:00:00+00:00,129,3,524.0,19.5,0.4,46.010544,14.571429
2026-05-20 15:00:00+00:00,177,3,548.0,17.8,0.0,45.65905,14.88189
2026-05-20 15:00:00+00:00,194,3,505.0,19.6,0.3,46.502636,15.024076
2026-05-20 15:00:00+00:00,236,3,532.0,21.8,0.0,45.79965,15.213271
2026-05-20 15:00:00+00:00,325,3,544.0,21.3,0.0,46.572933,15.62701
2026-05-20 15:00:00+00:00,391,3,540.0,22.0,0.0,46.71353,16.112904
2026-05-20 15:00:00+00:00,422,3,523.0,20.8,0.2,46.22144,15.21531
2026-05-20 15:00:00+00:00,425,3,536.0,21.3,0.0,45.940243,15.546751
2026-05-20 15:00:00+00:00,426,3,571.0,20.7,0.0,45.51845,13.704866
2026-05-20 18:00:00+00:00,63,6,94.0,13.8,0.0,46.432335,14.134615
2026-05-20 18:00:00+00:00,76,6,64.0,14.1,0.2,46.291737,14.233227
2026-05-20 18:00:00+00:00,106,6,53.0,15.7,0.4,46.22144,14.354067
2026-05-20 18:00:00+00:00,122,6,62.0,17.2,0.3,46.08084,14.45151
2026-05-20 18:00:00+00:00,127,6,56.0,15.8,0.4,46.151142,14.474522
2026-05-20 18:00:00+00:00,129,6,63.0,16.7,0.3,46.010544,14.571429
2026-05-20 18:00:00+00:00,177,6,84.0,13.4,0.0,45.65905,14.88189
2026-05-20 18:00:00+00:00,194,6,40.0,15.7,0.3,46.502636,15.024076
2026-05-20 18:00:00+00:00,236,6,80.0,18.0,0.0,45.79965,15.213271
2026-05-20 18:00:00+00:00,325,6,88.0,17.9,0.0,46.572933,15.62701
2026-05-20 18:00:00+00:00,391,6,69.0,19.0,0.1,46.71353,16.112904
2026-05-20 18:00:00+00:00,422,6,61.0,17.5,0.0,46.22144,15.21531
2026-05-20 18:00:00+00:00,425,6,82.0,18.0,0.0,45.940243,15.546751
2026-05-20 18:00:00+00:00,426,6,86.0,18.9,0.0,45.51845,13.704866
2026-05-20 19:00:00+00:00,63,1,9.0,13.1,0.0,46.432335,14.134615
2026-05-20 19:00:00+00:00,76,1,8.0,13.3,0.0,46.291737,14.233227
2026-05-20 19:00:00+00:00,106,1,8.0,14.7,0.0,46.22144,14.354067
2026-05-20 19:00:00+00:00,122,1,7.0,15.8,0.0,46.08084,14.45151
2026-05-20 19:00:00+00:00,127,1,7.0,13.9,0.0,46.151142,14.474522
2026-05-20 19:00:00+00:00,129,1,7.0,15.2,0.1,46.010544,14.571429
2026-05-20 19:00:00+00:00,177,1,5.0,11.8,0.0,45.65905,14.88189
2026-05-20 19:00:00+00:00,194,1,6.0,14.1,0.1,46.502636,15.024076
2026-05-20 19:00:00+00:00,236,1,5.0,16.7,0.0,45.79965,15.213271
2026-05-20 19:00:00+00:00,325,1,5.0,17.1,0.0,46.572933,15.62701
2026-05-20 19:00:00+00:00,391,1,4.0,16.7,0.0,46.71353,16.112904
2026-05-20 19:00:00+00:00,422,1,5.0,16.8,0.0,46.22144,15.21531
2026-05-20 19:00:00+00:00,425,1,4.0,16.5,0.2,45.940243,15.546751
2026-05-20 19:00:00+00:00,426,1,8.0,18.9,0.0,45.51845,13.704866
2026-05-20 20:00:00+00:00,63,2,0.0,12.5,0.0,46.432335,14.134615
2026-05-20 20:00:00+00:00,76,2,0.0,11.7,0.0,46.291737,14.233227
2026-05-20 20:00:00+00:00,106,2,0.0,13.3,0.0,46.22144,14.354067
2026-05-20 20:00:00+00:00,122,2,0.0,14.7,0.0,46.08084,14.45151
2026-05-20 20:00:00+00:00,127,2,0.0,12.6,0.0,46.151142,14.474522
2026-05-20 20:00:00+00:00,129,2,0.0,14.5,0.0,46.010544,14.571429
2026-05-20 20:00:00+00:00,177,2,0.0,10.9,0.0,45.65905,14.88189
2026-05-20 20:00:00+00:00,194,2,0.0,13.2,0.0,46.502636,15.024076
2026-05-20 20:00:00+00:00,236,2,0.0,16.0,0.0,45.79965,15.213271
2026-05-20 20:00:00+00:00,325,2,0.0,16.3,0.0,46.572933,15.62701
2026-05-20 20:00:00+00:00,391,2,0.0,15.9,0.0,46.71353,16.112904
2026-05-20 20:00:00+00:00,422,2,0.0,16.0,0.0,46.22144,15.21531
2026-05-20 20:00:00+00:00,425,2,0.0,15.6,0.0,45.940243,15.546751
2026-05-20 20:00:00+00:00,426,2,0.0,17.2,0.0,45.51845,13.704866
2026-05-20 21:00:00+00:00,63,3,0.0,12.0,0.0,46.432335,14.134615
2026-05-20 21:00:00+00:00,76,3,0.0,10.3,0.0,46.291737,14.233227
2026-05-20 21:00:00+00:00,106,3,0.0,11.9,0.0,46.22144,14.354067
2026-05-20 21:00:00+00:00,122,3,0.0,13.7,0.0,46.08084,14.45151
2026-05-20 21:00:00+00:00,127,3,0.0,11.3,0.0,46.151142,14.474522
2026-05-20 21:00:00+00:00,129,3,0.0,13.8,0.0,46.010544,14.571429
2026-05-20 21:00:00+00:00,177,3,0.0,10.4,0.0,45.65905,14.88189
2026-05-20 21:00:00+00:00,194,3,0.0,12.7,0.0,46.502636,15.024076
2026-05-20 21:00:00+00:00,236,3,0.0,15.3,0.0,45.79965,15.213271
2026-05-20 21:00:00+00:00,325,3,0.0,15.2,0.0,46.572933,15.62701
2026-05-20 21:00:00+00:00,391,3,0.0,15.3,0.0,46.71353,16.112904
2026-05-20 21:00:00+00:00,422,3,0.0,13.8,0.0,46.22144,15.21531
2026-05-20 21:00:00+00:00,425,3,0.0,14.5,0.0,45.940243,15.546751
2026-05-20 21:00:00+00:00,426,3,0.0,16.0,0.0,45.51845,13.704866
2026-05-21 00:00:00+00:00,63,6,0.0,11.4,0.0,46.432335,14.134615
2026-05-21 00:00:00+00:00,63,24,0.0,11.6,0.0,46.432335,14.134615
2026-05-21 00:00:00+00:00,76,6,0.0,8.5,0.0,46.291737,14.233227
2026-05-21 00:00:00+00:00,76,24,0.0,8.1,0.0,46.291737,14.233227
2026-05-21 00:00:00+00:00,106,6,0.0,9.5,0.0,46.22144,14.354067
2026-05-21 00:00:00+00:00,106,24,0.0,9.0,0.0,46.22144,14.354067
2026-05-21 00:00:00+00:00,122,6,0.0,10.4,0.0,46.08084,14.45151
2026-05-21 00:00:00+00:00,122,24,0.0,10.4,0.0,46.08084,14.45151
2026-05-21 00:00:00+00:00,127,6,0.0,8.6,0.0,46.151142,14.474522
2026-05-21 00:00:00+00:00,127,24,0.0,8.7,0.0,46.151142,14.474522
2026-05-21 00:00:00+00:00,129,6,0.0,12.1,0.0,46.010544,14.571429
2026-05-21 00:00:00+00:00,129,24,0.0,11.4,0.0,46.010544,14.571429
2026-05-21 00:00:00+00:00,177,6,0.0,9.5,0.0,45.65905,14.88189
2026-05-21 00:00:00+00:00,177,24,0.0,10.0,0.0,45.65905,14.88189
2026-05-21 00:00:00+00:00,194,6,0.0,12.2,0.0,46.502636,15.024076
2026-05-21 00:00:00+00:00,194,24,0.0,11.7,0.0,46.502636,15.024076
2026-05-21 00:00:00+00:00,236,6,0.0,13.1,0.0,45.79965,15.213271
2026-05-21 00:00:00+00:00,236,24,0.0,12.0,0.0,45.79965,15.213271
2026-05-21 00:00:00+00:00,325,6,0.0,14.7,0.0,46.572933,15.62701
2026-05-21 00:00:00+00:00,325,24,0.0,15.4,0.0,46.572933,15.62701
2026-05-21 00:00:00+00:00,391,6,0.0,14.2,0.0,46.71353,16.112904
2026-05-21 00:00:00+00:00,391,24,0.0,15.1,0.0,46.71353,16.112904
2026-05-21 00:00:00+00:00,422,6,0.0,11.4,0.0,46.22144,15.21531
2026-05-21 00:00:00+00:00,422,24,0.0,11.6,0.0,46.22144,15.21531
2026-05-21 00:00:00+00:00,425,6,0.0,11.8,0.0,45.940243,15.546751
2026-05-21 00:00:00+00:00,425,24,0.0,12.1,0.0,45.940243,15.546751
2026-05-21 00:00:00+00:00,426,6,0.0,14.8,0.0,45.51845,13.704866
2026-05-21 00:00:00+00:00,426,24,0.0,14.4,0.0,45.51845,13.704866
2026-05-21 06:00:00+00:00,63,24,276.0,13.8,0.0,46.432335,14.134615
2026-05-21 06:00:00+00:00,76,24,278.0,15.0,0.0,46.291737,14.233227
2026-05-21 06:00:00+00:00,106,24,272.0,15.2,0.0,46.22144,14.354067
2026-05-21 06:00:00+00:00,122,24,270.0,13.1,0.0,46.08084,14.45151
2026-05-21 06:00:00+00:00,127,24,269.0,12.6,0.0,46.151142,14.474522
2026-05-21 06:00:00+00:00,129,24,272.0,12.6,0.0,46.010544,14.571429
2026-05-21 06:00:00+00:00,177,24,277.0,13.9,0.0,45.65905,14.88189
2026-05-21 06:00:00+00:00,194,24,280.0,14.7,0.0,46.502636,15.024076
2026-05-21 06:00:00+00:00,236,24,276.0,15.3,0.0,45.79965,15.213271
2026-05-21 06:00:00+00:00,325,24,277.0,17.2,0.0,46.572933,15.62701
2026-05-21 06:00:00+00:00,391,24,264.0,17.2,0.0,46.71353,16.112904
2026-05-21 06:00:00+00:00,422,24,283.0,15.1,0.0,46.22144,15.21531
2026-05-21 06:00:00+00:00,425,24,267.0,15.5,0.0,45.940243,15.546751
2026-05-21 06:00:00+00:00,426,24,258.0,19.5,0.0,45.51845,13.704866
2026-05-21 12:00:00+00:00,63,24,736.0,19.8,0.1,46.432335,14.134615
2026-05-21 12:00:00+00:00,76,24,758.0,21.4,0.0,46.291737,14.233227
2026-05-21 12:00:00+00:00,106,24,758.0,21.0,0.0,46.22144,14.354067
2026-05-21 12:00:00+00:00,122,24,752.0,19.8,0.1,46.08084,14.45151
2026-05-21 12:00:00+00:00,127,24,743.0,18.2,0.2,46.151142,14.474522
2026-05-21 12:00:00+00:00,129,24,717.0,19.5,0.4,46.010544,14.571429
2026-05-21 12:00:00+00:00,177,24,775.0,17.3,0.1,45.65905,14.88189
2026-05-21 12:00:00+00:00,194,24,701.0,19.7,0.4,46.502636,15.024076
2026-05-21 12:00:00+00:00,236,24,784.0,21.5,0.1,45.79965,15.213271
2026-05-21 12:00:00+00:00,325,24,799.0,21.7,0.2,46.572933,15.62701
2026-05-21 12:00:00+00:00,391,24,777.0,22.3,0.0,46.71353,16.112904
2026-05-21 12:00:00+00:00,422,24,694.0,21.0,0.0,46.22144,15.21531
2026-05-21 12:00:00+00:00,425,24,781.0,21.4,0.3,45.940243,15.546751
2026-05-21 12:00:00+00:00,426,24,848.0,22.4,0.0,45.51845,13.704866
2026-05-21 18:00:00+00:00,63,24,100.0,16.4,0.0,46.432335,14.134615
2026-05-21 18:00:00+00:00,76,24,91.0,17.8,0.0,46.291737,14.233227
2026-05-21 18:00:00+00:00,106,24,90.0,16.8,0.0,46.22144,14.354067
2026-05-21 18:00:00+00:00,122,24,95.0,17.1,0.0,46.08084,14.45151
2026-05-21 18:00:00+00:00,127,24,92.0,15.5,0.0,46.151142,14.474522
2026-05-21 18:00:00+00:00,129,24,100.0,17.3,0.0,46.010544,14.571429
2026-05-21 18:00:00+00:00,177,24,100.0,13.3,0.0,45.65905,14.88189
2026-05-21 18:00:00+00:00,194,24,93.0,17.1,0.0,46.502636,15.024076
2026-05-21 18:00:00+00:00,236,24,97.0,18.4,0.0,45.79965,15.213271
2026-05-21 18:00:00+00:00,325,24,89.0,19.3,0.0,46.572933,15.62701
2026-05-21 18:00:00+00:00,391,24,87.0,18.6,0.0,46.71353,16.112904
2026-05-21 18:00:00+00:00,422,24,96.0,18.6,0.0,46.22144,15.21531
2026-05-21 18:00:00+00:00,425,24,91.0,19.0,0.0,45.940243,15.546751
2026-05-21 18:00:00+00:00,426,24,102.0,18.6,0.0,45.51845,13.704866
2026-05-21 01:00:00+00:00,63,1,0.0,11.5,0.0,46.432335,14.134615
2026-05-21 01:00:00+00:00,76,1,0.0,9.1,0.0,46.291737,14.233227
2026-05-21 01:00:00+00:00,106,1,0.0,9.5,0.0,46.22144,14.354067
2026-05-21 01:00:00+00:00,122,1,0.0,9.6,0.0,46.08084,14.45151
2026-05-21 01:00:00+00:00,127,1,0.0,8.3,0.0,46.151142,14.474522
2026-05-21 01:00:00+00:00,129,1,0.0,10.9,0.0,46.010544,14.571429
2026-05-21 01:00:00+00:00,177,1,0.0,9.1,0.0,45.65905,14.88189
2026-05-21 01:00:00+00:00,194,1,0.0,11.1,0.0,46.502636,15.024076
2026-05-21 01:00:00+00:00,236,1,0.0,12.4,0.0,45.79965,15.213271
2026-05-21 01:00:00+00:00,325,1,0.0,15.3,0.0,46.572933,15.62701
2026-05-21 01:00:00+00:00,391,1,0.0,15.2,0.0,46.71353,16.112904
2026-05-21 01:00:00+00:00,422,1,0.0,11.4,0.0,46.22144,15.21531
2026-05-21 01:00:00+00:00,425,1,0.0,11.8,0.0,45.940243,15.546751
2026-05-21 01:00:00+00:00,426,1,0.0,14.7,0.0,45.51845,13.704866
2026-05-21 02:00:00+00:00,63,2,0.0,11.1,0.1,46.432335,14.134615
2026-05-21 02:00:00+00:00,76,2,0.0,8.5,0.0,46.291737,14.233227
2026-05-21 02:00:00+00:00,106,2,0.0,9.2,0.0,46.22144,14.354067
2026-05-21 02:00:00+00:00,122,2,0.0,9.0,0.0,46.08084,14.45151
2026-05-21 02:00:00+00:00,127,2,0.0,8.2,0.0,46.151142,14.474522
2026-05-21 02:00:00+00:00,129,2,0.0,9.8,0.0,46.010544,14.571429
2026-05-21 02:00:00+00:00,177,2,0.0,8.9,0.0,45.65905,14.88189
2026-05-21 02:00:00+00:00,194,2,0.0,10.7,0.0,46.502636,15.024076
2026-05-21 02:00:00+00:00,236,2,0.0,12.1,0.0,45.79965,15.213271
2026-05-21 02:00:00+00:00,325,2,0.0,15.1,0.0,46.572933,15.62701
2026-05-21 02:00:00+00:00,391,2,0.0,14.9,0.1,46.71353,16.112904
2026-05-21 02:00:00+00:00,422,2,0.0,10.8,0.0,46.22144,15.21531
2026-05-21 02:00:00+00:00,425,2,0.0,11.2,0.0,45.940243,15.546751
2026-05-21 02:00:00+00:00,426,2,0.0,14.0,0.0,45.51845,13.704866
2026-05-21 03:00:00+00:00,63,3,0.0,10.7,0.0,46.432335,14.134615
2026-05-21 03:00:00+00:00,76,3,0.0,8.4,0.0,46.291737,14.233227
2026-05-21 03:00:00+00:00,106,3,0.0,9.5,0.0,46.22144,14.354067
2026-05-21 03:00:00+00:00,122,3,0.0,9.1,0.0,46.08084,14.45151
2026-05-21 03:00:00+00:00,127,3,0.0,8.5,0.0,46.151142,14.474522
2026-05-21 03:00:00+00:00,129,3,0.0,9.3,0.0,46.010544,14.571429
2026-05-21 03:00:00+00:00,177,3,0.0,8.8,0.0,45.65905,14.88189
2026-05-21 03:00:00+00:00,194,3,0.0,10.5,0.0,46.502636,15.024076
2026-05-21 03:00:00+00:00,236,3,0.0,11.4,0.0,45.79965,15.213271
2026-05-21 03:00:00+00:00,325,3,0.0,15.2,0.0,46.572933,15.62701
2026-05-21 03:00:00+00:00,391,3,0.0,14.3,0.0,46.71353,16.112904
2026-05-21 03:00:00+00:00,422,3,0.0,10.4,0.0,46.22144,15.21531
2026-05-21 03:00:00+00:00,425,3,0.0,11.1,0.0,45.940243,15.546751
2026-05-21 03:00:00+00:00,426,3,0.0,13.1,0.0,45.51845,13.704866
2026-05-21 06:00:00+00:00,63,6,276.0,13.8,0.0,46.432335,14.134615
2026-05-21 06:00:00+00:00,76,6,280.0,15.1,0.0,46.291737,14.233227
2026-05-21 06:00:00+00:00,106,6,277.0,15.4,0.0,46.22144,14.354067
2026-05-21 06:00:00+00:00,122,6,268.0,13.5,0.0,46.08084,14.45151
2026-05-21 06:00:00+00:00,127,6,270.0,13.0,0.0,46.151142,14.474522
2026-05-21 06:00:00+00:00,129,6,257.0,13.0,0.0,46.010544,14.571429
2026-05-21 06:00:00+00:00,177,6,277.0,13.7,0.0,45.65905,14.88189
2026-05-21 06:00:00+00:00,194,6,259.0,15.0,0.0,46.502636,15.024076
2026-05-21 06:00:00+00:00,236,6,271.0,15.7,0.0,45.79965,15.213271
2026-05-21 06:00:00+00:00,325,6,224.0,17.5,0.0,46.572933,15.62701
2026-05-21 06:00:00+00:00,391,6,243.0,17.4,0.0,46.71353,16.112904
2026-05-21 06:00:00+00:00,422,6,209.0,15.0,0.0,46.22144,15.21531
2026-05-21 06:00:00+00:00,425,6,269.0,15.6,0.0,45.940243,15.546751
2026-05-21 06:00:00+00:00,426,6,258.0,19.6,0.0,45.51845,13.704866
2026-05-21 07:00:00+00:00,63,1,456.0,15.9,0.0,46.432335,14.134615
2026-05-21 07:00:00+00:00,76,1,460.0,17.2,0.0,46.291737,14.233227
2026-05-21 07:00:00+00:00,106,1,457.0,18.2,0.0,46.22144,14.354067
2026-05-21 07:00:00+00:00,122,1,453.0,16.3,0.0,46.08084,14.45151
2026-05-21 07:00:00+00:00,127,1,453.0,16.2,0.0,46.151142,14.474522
2026-05-21 07:00:00+00:00,129,1,455.0,15.7,0.0,46.010544,14.571429
2026-05-21 07:00:00+00:00,177,1,452.0,15.7,0.0,45.65905,14.88189
2026-05-21 07:00:00+00:00,194,1,472.0,17.6,0.0,46.502636,15.024076
2026-05-21 07:00:00+00:00,236,1,407.0,17.5,0.0,45.79965,15.213271
2026-05-21 07:00:00+00:00,325,1,423.0,19.0,0.0,46.572933,15.62701
2026-05-21 07:00:00+00:00,391,1,445.0,19.4,0.0,46.71353,16.112904
2026-05-21 07:00:00+00:00,422,1,346.0,17.4,0.0,46.22144,15.21531
2026-05-21 07:00:00+00:00,425,1,359.0,17.5,0.0,45.940243,15.546751
2026-05-21 07:00:00+00:00,426,1,436.0,20.8,0.0,45.51845,13.704866
2026-05-21 08:00:00+00:00,63,2,619.0,17.2,0.0,46.432335,14.134615
2026-05-21 08:00:00+00:00,76,2,624.0,18.4,0.0,46.291737,14.233227
2026-05-21 08:00:00+00:00,106,2,616.0,19.8,0.0,46.22144,14.354067
2026-05-21 08:00:00+00:00,122,2,615.0,19.3,0.0,46.08084,14.45151
2026-05-21 08:00:00+00:00,127,2,612.0,18.9,0.0,46.151142,14.474522
2026-05-21 08:00:00+00:00,129,2,624.0,18.1,0.0,46.010544,14.571429
2026-05-21 08:00:00+00:00,177,2,621.0,17.0,0.0,45.65905,14.88189
2026-05-21 08:00:00+00:00,194,2,616.0,18.9,0.0,46.502636,15.024076
2026-05-21 08:00:00+00:00,236,2,575.0,19.4,0.0,45.79965,15.213271
2026-05-21 08:00:00+00:00,325,2,618.0,20.0,0.0,46.572933,15.62701
2026-05-21 08:00:00+00:00,391,2,625.0,20.4,0.0,46.71353,16.112904
2026-05-21 08:00:00+00:00,422,2,605.0,19.9,0.0,46.22144,15.21531
2026-05-21 08:00:00+00:00,425,2,582.0,19.7,0.0,45.940243,15.546751
2026-05-21 08:00:00+00:00,426,2,608.0,21.1,0.0,45.51845,13.704866
2026-05-21 09:00:00+00:00,63,3,747.0,18.2,0.0,46.432335,14.134615
2026-05-21 09:00:00+00:00,76,3,744.0,19.6,0.0,46.291737,14.233227
2026-05-21 09:00:00+00:00,106,3,731.0,20.7,0.0,46.22144,14.354067
2026-05-21 09:00:00+00:00,122,3,722.0,21.0,0.0,46.08084,14.45151
2026-05-21 09:00:00+00:00,127,3,719.0,20.6,0.0,46.151142,14.474522
2026-05-21 09:00:00+00:00,129,3,719.0,19.9,0.0,46.010544,14.571429
2026-05-21 09:00:00+00:00,177,3,749.0,17.4,0.0,45.65905,14.88189
2026-05-21 09:00:00+00:00,194,3,699.0,20.1,0.1,46.502636,15.024076
2026-05-21 09:00:00+00:00,236,3,718.0,20.8,0.0,45.79965,15.213271
2026-05-21 09:00:00+00:00,325,3,711.0,20.7,0.1,46.572933,15.62701
2026-05-21 09:00:00+00:00,391,3,652.0,20.8,0.1,46.71353,16.112904
2026-05-21 09:00:00+00:00,422,3,710.0,20.7,0.0,46.22144,15.21531
2026-05-21 09:00:00+00:00,425,3,744.0,21.1,0.0,45.940243,15.546751
2026-05-21 09:00:00+00:00,426,3,749.0,21.6,0.0,45.51845,13.704866
2026-05-21 12:00:00+00:00,63,6,751.0,19.4,0.3,46.432335,14.134615
2026-05-21 12:00:00+00:00,76,6,782.0,21.2,0.1,46.291737,14.233227
2026-05-21 12:00:00+00:00,106,6,796.0,22.2,0.0,46.22144,14.354067
2026-05-21 12:00:00+00:00,122,6,804.0,21.3,0.0,46.08084,14.45151
2026-05-21 12:00:00+00:00,127,6,798.0,20.5,0.1,46.151142,14.474522
2026-05-21 12:00:00+00:00,129,6,731.0,19.7,0.5,46.010544,14.571429
2026-05-21 12:00:00+00:00,177,6,846.0,16.8,0.3,45.65905,14.88189
2026-05-21 12:00:00+00:00,194,6,616.0,20.5,0.3,46.502636,15.024076
2026-05-21 12:00:00+00:00,236,6,758.0,21.8,0.2,45.79965,15.213271
2026-05-21 12:00:00+00:00,325,6,796.0,22.8,0.0,46.572933,15.62701
2026-05-21 12:00:00+00:00,391,6,817.0,22.8,0.0,46.71353,16.112904
2026-05-21 12:00:00+00:00,422,6,751.0,21.8,0.1,46.22144,15.21531
2026-05-21 12:00:00+00:00,425,6,802.0,22.0,0.2,45.940243,15.546751
2026-05-21 12:00:00+00:00,426,6,855.0,23.1,0.0,45.51845,13.704866
2026-05-21 13:00:00+00:00,63,1,776.0,20.8,0.0,46.432335,14.134615
2026-05-21 13:00:00+00:00,76,1,756.0,21.8,0.0,46.291737,14.233227
2026-05-21 13:00:00+00:00,106,1,730.0,21.5,0.2,46.22144,14.354067
2026-05-21 13:00:00+00:00,122,1,739.0,20.6,0.0,46.08084,14.45151
2026-05-21 13:00:00+00:00,127,1,722.0,19.4,0.1,46.151142,14.474522
2026-05-21 13:00:00+00:00,129,1,742.0,19.7,0.1,46.010544,14.571429
2026-05-21 13:00:00+00:00,177,1,786.0,16.1,0.8,45.65905,14.88189
2026-05-21 13:00:00+00:00,194,1,685.0,21.2,0.1,46.502636,15.024076
2026-05-21 13:00:00+00:00,236,1,808.0,21.1,0.2,45.79965,15.213271
2026-05-21 13:00:00+00:00,325,1,679.0,22.7,0.0,46.572933,15.62701
2026-05-21 13:00:00+00:00,391,1,764.0,22.9,0.0,46.71353,16.112904
2026-05-21 13:00:00+00:00,422,1,746.0,21.8,0.1,46.22144,15.21531
2026-05-21 13:00:00+00:00,425,1,699.0,21.3,0.2,45.940243,15.546751
2026-05-21 13:00:00+00:00,426,1,764.0,23.6,0.0,45.51845,13.704866
2026-05-21 14:00:00+00:00,63,2,714.0,20.7,0.0,46.432335,14.134615
2026-05-21 14:00:00+00:00,76,2,631.0,21.5,0.0,46.291737,14.233227
2026-05-21 14:00:00+00:00,106,2,565.0,19.8,0.1,46.22144,14.354067
2026-05-21 14:00:00+00:00,122,2,589.0,20.4,0.1,46.08084,14.45151
2026-05-21 14:00:00+00:00,127,2,554.0,19.0,0.1,46.151142,14.474522
2026-05-21 14:00:00+00:00,129,2,636.0,20.5,0.1,46.010544,14.571429
2026-05-21 14:00:00+00:00,177,2,664.0,17.4,0.1,45.65905,14.88189
2026-05-21 14:00:00+00:00,194,2,573.0,21.2,0.1,46.502636,15.024076
2026-05-21 14:00:00+00:00,236,2,644.0,21.5,0.1,45.79965,15.213271
2026-05-21 14:00:00+00:00,325,2,697.0,23.2,0.0,46.572933,15.62701
2026-05-21 14:00:00+00:00,391,2,640.0,22.5,0.0,46.71353,16.112904
2026-05-21 14:00:00+00:00,422,2,619.0,21.8,0.0,46.22144,15.21531
2026-05-21 14:00:00+00:00,425,2,584.0,20.5,0.1,45.940243,15.546751
2026-05-21 14:00:00+00:00,426,2,682.0,23.1,0.0,45.51845,13.704866
2026-05-21 15:00:00+00:00,63,3,564.0,20.0,0.0,46.432335,14.134615
2026-05-21 15:00:00+00:00,76,3,557.0,21.4,0.0,46.291737,14.233227
2026-05-21 15:00:00+00:00,106,3,553.0,20.1,0.0,46.22144,14.354067
2026-05-21 15:00:00+00:00,122,3,563.0,20.8,0.0,46.08084,14.45151
2026-05-21 15:00:00+00:00,127,3,558.0,19.4,0.0,46.151142,14.474522
2026-05-21 15:00:00+00:00,129,3,575.0,20.6,0.0,46.010544,14.571429
2026-05-21 15:00:00+00:00,177,3,548.0,17.3,0.0,45.65905,14.88189
2026-05-21 15:00:00+00:00,194,3,379.0,20.7,0.0,46.502636,15.024076
2026-05-21 15:00:00+00:00,236,3,488.0,19.9,0.8,45.79965,15.213271
2026-05-21 15:00:00+00:00,325,3,539.0,22.9,0.0,46.572933,15.62701
2026-05-21 15:00:00+00:00,391,3,475.0,21.9,0.0,46.71353,16.112904
2026-05-21 15:00:00+00:00,422,3,495.0,20.5,0.0,46.22144,15.21531
2026-05-21 15:00:00+00:00,425,3,480.0,20.5,0.0,45.940243,15.546751
2026-05-21 15:00:00+00:00,426,3,572.0,22.5,0.0,45.51845,13.704866
2026-05-21 18:00:00+00:00,63,6,98.0,16.0,0.0,46.432335,14.134615
2026-05-21 18:00:00+00:00,76,6,102.0,17.8,0.0,46.291737,14.233227
2026-05-21 18:00:00+00:00,106,6,103.0,16.9,0.0,46.22144,14.354067
2026-05-21 18:00:00+00:00,122,6,102.0,17.3,0.0,46.08084,14.45151
2026-05-21 18:00:00+00:00,127,6,101.0,16.0,0.0,46.151142,14.474522
2026-05-21 18:00:00+00:00,129,6,102.0,17.3,0.0,46.010544,14.571429
2026-05-21 18:00:00+00:00,177,6,98.0,13.6,0.0,45.65905,14.88189
2026-05-21 18:00:00+00:00,194,6,98.0,16.5,0.0,46.502636,15.024076
2026-05-21 18:00:00+00:00,236,6,94.0,17.5,0.0,45.79965,15.213271
2026-05-21 18:00:00+00:00,325,6,89.0,19.2,0.0,46.572933,15.62701
2026-05-21 18:00:00+00:00,391,6,87.0,18.4,0.0,46.71353,16.112904
2026-05-21 18:00:00+00:00,422,6,97.0,17.9,0.0,46.22144,15.21531
2026-05-21 18:00:00+00:00,425,6,89.0,17.9,0.0,45.940243,15.546751
2026-05-21 18:00:00+00:00,426,6,104.0,19.5,0.0,45.51845,13.704866
2026-05-21 19:00:00+00:00,63,1,9.0,14.3,0.0,46.432335,14.134615
2026-05-21 19:00:00+00:00,76,1,9.0,16.0,0.0,46.291737,14.233227
2026-05-21 19:00:00+00:00,106,1,9.0,16.6,0.0,46.22144,14.354067
2026-05-21 19:00:00+00:00,122,1,8.0,16.2,0.0,46.08084,14.45151
2026-05-21 19:00:00+00:00,127,1,8.0,15.4,0.0,46.151142,14.474522
2026-05-21 19:00:00+00:00,129,1,8.0,15.4,0.0,46.010544,14.571429
2026-05-21 19:00:00+00:00,177,1,7.0,12.0,0.0,45.65905,14.88189
2026-05-21 19:00:00+00:00,194,1,8.0,14.7,0.0,46.502636,15.024076
2026-05-21 19:00:00+00:00,236,1,6.0,16.4,0.0,45.79965,15.213271
2026-05-21 19:00:00+00:00,325,1,7.0,17.9,0.0,46.572933,15.62701
2026-05-21 19:00:00+00:00,391,1,6.0,17.2,0.0,46.71353,16.112904
2026-05-21 19:00:00+00:00,422,1,7.0,16.5,0.0,46.22144,15.21531
2026-05-21 19:00:00+00:00,425,1,5.0,16.7,0.0,45.940243,15.546751
2026-05-21 19:00:00+00:00,426,1,9.0,18.9,0.0,45.51845,13.704866
2026-05-21 20:00:00+00:00,63,2,0.0,12.9,0.0,46.432335,14.134615
2026-05-21 20:00:00+00:00,76,2,0.0,13.2,0.0,46.291737,14.233227
2026-05-21 20:00:00+00:00,106,2,0.0,14.9,0.0,46.22144,14.354067
2026-05-21 20:00:00+00:00,122,2,0.0,15.6,0.0,46.08084,14.45151
2026-05-21 20:00:00+00:00,127,2,0.0,14.3,0.0,46.151142,14.474522
2026-05-21 20:00:00+00:00,129,2,0.0,14.5,0.0,46.010544,14.571429
2026-05-21 20:00:00+00:00,177,2,0.0,11.1,0.0,45.65905,14.88189
2026-05-21 20:00:00+00:00,194,2,0.0,13.6,0.0,46.502636,15.024076
2026-05-21 20:00:00+00:00,236,2,0.0,15.9,0.0,45.79965,15.213271
2026-05-21 20:00:00+00:00,325,2,0.0,16.6,0.0,46.572933,15.62701
2026-05-21 20:00:00+00:00,391,2,0.0,16.2,0.0,46.71353,16.112904
2026-05-21 20:00:00+00:00,422,2,0.0,14.7,0.0,46.22144,15.21531
2026-05-21 20:00:00+00:00,425,2,0.0,16.1,0.0,45.940243,15.546751
2026-05-21 20:00:00+00:00,426,2,0.0,18.6,0.0,45.51845,13.704866
2026-05-21 21:00:00+00:00,63,3,0.0,12.2,0.0,46.432335,14.134615
2026-05-21 21:00:00+00:00,76,3,0.0,10.8,0.0,46.291737,14.233227
2026-05-21 21:00:00+00:00,106,3,0.0,12.7,0.0,46.22144,14.354067
2026-05-21 21:00:00+00:00,122,3,0.0,14.8,0.0,46.08084,14.45151
2026-05-21 21:00:00+00:00,127,3,0.0,12.4,0.0,46.151142,14.474522
2026-05-21 21:00:00+00:00,129,3,0.0,14.0,0.0,46.010544,14.571429
2026-05-21 21:00:00+00:00,177,3,0.0,10.4,0.0,45.65905,14.88189
2026-05-21 21:00:00+00:00,194,3,0.0,13.0,0.0,46.502636,15.024076
2026-05-21 21:00:00+00:00,236,3,0.0,15.0,0.0,45.79965,15.213271
2026-05-21 21:00:00+00:00,325,3,0.0,16.0,0.0,46.572933,15.62701
2026-05-21 21:00:00+00:00,391,3,0.0,15.9,0.0,46.71353,16.112904
2026-05-21 21:00:00+00:00,422,3,0.0,13.1,0.0,46.22144,15.21531
2026-05-21 21:00:00+00:00,425,3,0.0,16.1,0.0,45.940243,15.546751
2026-05-21 21:00:00+00:00,426,3,0.0,18.3,0.0,45.51845,13.704866
2026-05-22 00:00:00+00:00,63,6,0.0,11.3,0.0,46.432335,14.134615
2026-05-22 00:00:00+00:00,63,24,0.0,11.6,0.0,46.432335,14.134615
2026-05-22 00:00:00+00:00,76,6,0.0,8.7,0.0,46.291737,14.233227
2026-05-22 00:00:00+00:00,76,24,0.0,9.3,0.0,46.291737,14.233227
2026-05-22 00:00:00+00:00,106,6,0.0,9.9,0.0,46.22144,14.354067
2026-05-22 00:00:00+00:00,106,24,0.0,10.5,0.0,46.22144,14.354067
2026-05-22 00:00:00+00:00,122,6,0.0,11.4,0.0,46.08084,14.45151
2026-05-22 00:00:00+00:00,122,24,0.0,11.6,0.0,46.08084,14.45151
2026-05-22 00:00:00+00:00,127,6,0.0,8.8,0.0,46.151142,14.474522
2026-05-22 00:00:00+00:00,127,24,0.0,9.2,0.0,46.151142,14.474522
2026-05-22 00:00:00+00:00,129,6,0.0,12.1,0.0,46.010544,14.571429
2026-05-22 00:00:00+00:00,129,24,0.0,12.1,0.0,46.010544,14.571429
2026-05-22 00:00:00+00:00,177,6,0.0,9.3,0.0,45.65905,14.88189
2026-05-22 00:00:00+00:00,177,24,0.0,9.9,0.0,45.65905,14.88189
2026-05-22 00:00:00+00:00,194,6,0.0,10.6,0.0,46.502636,15.024076
2026-05-22 00:00:00+00:00,194,24,0.0,10.8,0.0,46.502636,15.024076
2026-05-22 00:00:00+00:00,236,6,0.0,12.7,0.0,45.79965,15.213271
2026-05-22 00:00:00+00:00,236,24,0.0,12.7,0.0,45.79965,15.213271
2026-05-22 00:00:00+00:00,325,6,0.0,15.3,0.0,46.572933,15.62701
2026-05-22 00:00:00+00:00,325,24,0.0,15.6,0.0,46.572933,15.62701
2026-05-22 00:00:00+00:00,391,6,0.0,14.4,0.0,46.71353,16.112904
2026-05-22 00:00:00+00:00,391,24,0.0,14.5,0.0,46.71353,16.112904
2026-05-22 00:00:00+00:00,422,6,0.0,11.6,0.0,46.22144,15.21531
2026-05-22 00:00:00+00:00,422,24,0.0,12.2,0.0,46.22144,15.21531
2026-05-22 00:00:00+00:00,425,6,0.0,13.5,0.0,45.940243,15.546751
2026-05-22 00:00:00+00:00,425,24,0.0,12.4,0.0,45.940243,15.546751
2026-05-22 00:00:00+00:00,426,6,0.0,17.2,0.0,45.51845,13.704866
2026-05-22 00:00:00+00:00,426,24,0.0,17.2,0.0,45.51845,13.704866
2026-05-22 06:00:00+00:00,63,24,286.0,15.5,0.0,46.432335,14.134615
2026-05-22 06:00:00+00:00,76,24,283.0,15.9,0.0,46.291737,14.233227
2026-05-22 06:00:00+00:00,106,24,279.0,16.1,0.0,46.22144,14.354067
2026-05-22 06:00:00+00:00,122,24,275.0,13.6,0.0,46.08084,14.45151
2026-05-22 06:00:00+00:00,127,24,275.0,13.4,0.0,46.151142,14.474522
2026-05-22 06:00:00+00:00,129,24,278.0,13.2,0.0,46.010544,14.571429
2026-05-22 06:00:00+00:00,177,24,285.0,13.9,0.0,45.65905,14.88189
2026-05-22 06:00:00+00:00,194,24,292.0,15.9,0.0,46.502636,15.024076
2026-05-22 06:00:00+00:00,236,24,287.0,15.9,0.0,45.79965,15.213271
2026-05-22 06:00:00+00:00,325,24,292.0,17.6,0.0,46.572933,15.62701
2026-05-22 06:00:00+00:00,391,24,298.0,17.7,0.0,46.71353,16.112904
2026-05-22 06:00:00+00:00,422,24,288.0,15.4,0.0,46.22144,15.21531
2026-05-22 06:00:00+00:00,425,24,289.0,17.1,0.0,45.940243,15.546751
2026-05-22 06:00:00+00:00,426,24,263.0,20.0,0.0,45.51845,13.704866
2026-05-22 12:00:00+00:00,63,24,898.0,23.0,0.0,46.432335,14.134615
2026-05-22 12:00:00+00:00,76,24,841.0,23.0,0.0,46.291737,14.233227
2026-05-22 12:00:00+00:00,106,24,773.0,21.1,0.0,46.22144,14.354067
2026-05-22 12:00:00+00:00,122,24,789.0,22.2,0.0,46.08084,14.45151
2026-05-22 12:00:00+00:00,127,24,753.0,20.6,0.0,46.151142,14.474522
2026-05-22 12:00:00+00:00,129,24,839.0,22.0,0.0,46.010544,14.571429
2026-05-22 12:00:00+00:00,177,24,745.0,18.0,0.0,45.65905,14.88189
2026-05-22 12:00:00+00:00,194,24,786.0,22.8,0.0,46.502636,15.024076
2026-05-22 12:00:00+00:00,236,24,896.0,22.4,0.0,45.79965,15.213271
2026-05-22 12:00:00+00:00,325,24,770.0,23.0,0.0,46.572933,15.62701
2026-05-22 12:00:00+00:00,391,24,886.0,23.0,0.0,46.71353,16.112904
2026-05-22 12:00:00+00:00,422,24,761.0,21.2,0.0,46.22144,15.21531
2026-05-22 12:00:00+00:00,425,24,866.0,22.5,0.0,45.940243,15.546751
2026-05-22 12:00:00+00:00,426,24,891.0,24.1,0.0,45.51845,13.704866
2026-05-22 18:00:00+00:00,63,24,118.0,17.8,0.0,46.432335,14.134615
2026-05-22 18:00:00+00:00,76,24,113.0,15.4,0.0,46.291737,14.233227
2026-05-22 18:00:00+00:00,106,24,107.0,17.1,0.0,46.22144,14.354067
2026-05-22 18:00:00+00:00,122,24,102.0,19.5,0.0,46.08084,14.45151
2026-05-22 18:00:00+00:00,127,24,102.0,17.9,0.0,46.151142,14.474522
2026-05-22 18:00:00+00:00,129,24,102.0,17.8,0.0,46.010544,14.571429
2026-05-22 18:00:00+00:00,177,24,100.0,14.6,0.0,45.65905,14.88189
2026-05-22 18:00:00+00:00,194,24,106.0,18.4,0.0,46.502636,15.024076
2026-05-22 18:00:00+00:00,236,24,98.0,19.2,0.0,45.79965,15.213271
2026-05-22 18:00:00+00:00,325,24,90.0,20.8,0.0,46.572933,15.62701
2026-05-22 18:00:00+00:00,391,24,95.0,19.7,0.0,46.71353,16.112904
2026-05-22 18:00:00+00:00,422,24,99.0,18.6,0.0,46.22144,15.21531
2026-05-22 18:00:00+00:00,425,24,95.0,19.5,0.0,45.940243,15.546751
2026-05-22 18:00:00+00:00,426,24,103.0,20.1,0.0,45.51845,13.704866
2026-05-22 01:00:00+00:00,63,1,0.0,11.0,0.0,46.432335,14.134615
2026-05-22 01:00:00+00:00,76,1,0.0,8.2,0.0,46.291737,14.233227
2026-05-22 01:00:00+00:00,106,1,0.0,9.1,0.0,46.22144,14.354067
2026-05-22 01:00:00+00:00,122,1,0.0,10.1,0.0,46.08084,14.45151
2026-05-22 01:00:00+00:00,127,1,0.0,7.9,0.0,46.151142,14.474522
2026-05-22 01:00:00+00:00,129,1,0.0,10.4,0.0,46.010544,14.571429
2026-05-22 01:00:00+00:00,177,1,0.0,9.4,0.0,45.65905,14.88189
2026-05-22 01:00:00+00:00,194,1,0.0,9.5,0.0,46.502636,15.024076
2026-05-22 01:00:00+00:00,236,1,0.0,11.6,0.0,45.79965,15.213271
2026-05-22 01:00:00+00:00,325,1,0.0,15.0,0.0,46.572933,15.62701
2026-05-22 01:00:00+00:00,391,1,0.0,13.3,0.0,46.71353,16.112904
2026-05-22 01:00:00+00:00,422,1,0.0,10.4,0.0,46.22144,15.21531
2026-05-22 01:00:00+00:00,425,1,0.0,12.4,0.0,45.940243,15.546751
2026-05-22 01:00:00+00:00,426,1,0.0,15.4,0.0,45.51845,13.704866
2026-05-22 02:00:00+00:00,63,2,0.0,10.7,0.0,46.432335,14.134615
2026-05-22 02:00:00+00:00,76,2,0.0,8.1,0.0,46.291737,14.233227
2026-05-22 02:00:00+00:00,106,2,0.0,9.1,0.0,46.22144,14.354067
2026-05-22 02:00:00+00:00,122,2,0.0,9.8,0.0,46.08084,14.45151
2026-05-22 02:00:00+00:00,127,2,0.0,8.1,0.0,46.151142,14.474522
2026-05-22 02:00:00+00:00,129,2,0.0,9.8,0.0,46.010544,14.571429
2026-05-22 02:00:00+00:00,177,2,0.0,9.1,0.0,45.65905,14.88189
2026-05-22 02:00:00+00:00,194,2,0.0,9.1,0.0,46.502636,15.024076
2026-05-22 02:00:00+00:00,236,2,0.0,11.0,0.0,45.79965,15.213271
2026-05-22 02:00:00+00:00,325,2,0.0,14.7,0.0,46.572933,15.62701
2026-05-22 02:00:00+00:00,391,2,0.0,13.0,0.0,46.71353,16.112904
2026-05-22 02:00:00+00:00,422,2,0.0,10.4,0.0,46.22144,15.21531
2026-05-22 02:00:00+00:00,425,2,0.0,11.0,0.0,45.940243,15.546751
2026-05-22 02:00:00+00:00,426,2,0.0,16.8,0.0,45.51845,13.704866
2026-05-22 03:00:00+00:00,63,3,0.0,10.5,0.0,46.432335,14.134615
2026-05-22 03:00:00+00:00,76,3,0.0,7.7,0.0,46.291737,14.233227
2026-05-22 03:00:00+00:00,106,3,0.0,8.7,0.0,46.22144,14.354067
2026-05-22 03:00:00+00:00,122,3,0.0,9.5,0.0,46.08084,14.45151
2026-05-22 03:00:00+00:00,127,3,0.0,8.1,0.0,46.151142,14.474522
2026-05-22 03:00:00+00:00,129,3,0.0,9.5,0.0,46.010544,14.571429
2026-05-22 03:00:00+00:00,177,3,0.0,9.0,0.0,45.65905,14.88189
2026-05-22 03:00:00+00:00,194,3,0.0,8.9,0.0,46.502636,15.024076
2026-05-22 03:00:00+00:00,236,3,0.0,10.9,0.0,45.79965,15.213271
2026-05-22 03:00:00+00:00,325,3,0.0,14.5,0.0,46.572933,15.62701
2026-05-22 03:00:00+00:00,391,3,0.0,12.8,0.0,46.71353,16.112904
2026-05-22 03:00:00+00:00,422,3,0.0,10.1,0.0,46.22144,15.21531
2026-05-22 03:00:00+00:00,425,3,0.0,10.3,0.0,45.940243,15.546751
2026-05-22 03:00:00+00:00,426,3,0.0,17.7,0.0,45.51845,13.704866
2026-05-22 06:00:00+00:00,63,6,285.0,15.0,0.0,46.432335,14.134615
2026-05-22 06:00:00+00:00,76,6,283.0,15.8,0.0,46.291737,14.233227
2026-05-22 06:00:00+00:00,106,6,278.0,15.9,0.0,46.22144,14.354067
2026-05-22 06:00:00+00:00,122,6,274.0,13.3,0.0,46.08084,14.45151
2026-05-22 06:00:00+00:00,127,6,274.0,13.1,0.0,46.151142,14.474522
2026-05-22 06:00:00+00:00,129,6,277.0,12.9,0.0,46.010544,14.571429
2026-05-22 06:00:00+00:00,177,6,282.0,13.9,0.0,45.65905,14.88189
2026-05-22 06:00:00+00:00,194,6,291.0,15.2,0.0,46.502636,15.024076
2026-05-22 06:00:00+00:00,236,6,282.0,15.3,0.0,45.79965,15.213271
2026-05-22 06:00:00+00:00,325,6,293.0,17.6,0.0,46.572933,15.62701
2026-05-22 06:00:00+00:00,391,6,300.0,17.5,0.0,46.71353,16.112904
2026-05-22 06:00:00+00:00,422,6,287.0,15.0,0.0,46.22144,15.21531
2026-05-22 06:00:00+00:00,425,6,289.0,16.9,0.0,45.940243,15.546751
2026-05-22 06:00:00+00:00,426,6,261.0,20.0,0.0,45.51845,13.704866
2026-05-22 07:00:00+00:00,63,1,463.0,16.4,0.0,46.432335,14.134615
2026-05-22 07:00:00+00:00,76,1,461.0,17.8,0.0,46.291737,14.233227
2026-05-22 07:00:00+00:00,106,1,456.0,18.1,0.0,46.22144,14.354067
2026-05-22 07:00:00+00:00,122,1,452.0,15.6,0.0,46.08084,14.45151
2026-05-22 07:00:00+00:00,127,1,451.0,15.4,0.0,46.151142,14.474522
2026-05-22 07:00:00+00:00,129,1,455.0,15.1,0.0,46.010544,14.571429
2026-05-22 07:00:00+00:00,177,1,464.0,15.4,0.0,45.65905,14.88189
2026-05-22 07:00:00+00:00,194,1,468.0,17.2,0.0,46.502636,15.024076
2026-05-22 07:00:00+00:00,236,1,456.0,17.5,0.0,45.79965,15.213271
2026-05-22 07:00:00+00:00,325,1,464.0,18.9,0.0,46.572933,15.62701
2026-05-22 07:00:00+00:00,391,1,474.0,19.1,0.0,46.71353,16.112904
2026-05-22 07:00:00+00:00,422,1,466.0,17.3,0.0,46.22144,15.21531
2026-05-22 07:00:00+00:00,425,1,467.0,18.9,0.0,45.940243,15.546751
2026-05-22 07:00:00+00:00,426,1,437.0,20.5,0.0,45.51845,13.704866
2026-05-22 08:00:00+00:00,63,2,632.0,17.6,0.0,46.432335,14.134615
2026-05-22 08:00:00+00:00,76,2,628.0,19.3,0.0,46.291737,14.233227
2026-05-22 08:00:00+00:00,106,2,622.0,19.8,0.0,46.22144,14.354067
2026-05-22 08:00:00+00:00,122,2,617.0,18.3,0.0,46.08084,14.45151
2026-05-22 08:00:00+00:00,127,2,616.0,17.8,0.0,46.151142,14.474522
2026-05-22 08:00:00+00:00,129,2,621.0,17.9,0.0,46.010544,14.571429
2026-05-22 08:00:00+00:00,177,2,632.0,16.1,0.0,45.65905,14.88189
2026-05-22 08:00:00+00:00,194,2,614.0,18.9,0.0,46.502636,15.024076
2026-05-22 08:00:00+00:00,236,2,627.0,19.8,0.0,45.79965,15.213271
2026-05-22 08:00:00+00:00,325,2,630.0,20.4,0.0,46.572933,15.62701
2026-05-22 08:00:00+00:00,391,2,632.0,20.0,0.0,46.71353,16.112904
2026-05-22 08:00:00+00:00,422,2,625.0,19.4,0.0,46.22144,15.21531
2026-05-22 08:00:00+00:00,425,2,632.0,20.4,0.0,45.940243,15.546751
2026-05-22 08:00:00+00:00,426,2,608.0,21.5,0.0,45.51845,13.704866
2026-05-22 09:00:00+00:00,63,3,771.0,18.8,0.0,46.432335,14.134615
2026-05-22 09:00:00+00:00,76,3,750.0,20.6,0.0,46.291737,14.233227
2026-05-22 09:00:00+00:00,106,3,722.0,20.7,0.0,46.22144,14.354067
2026-05-22 09:00:00+00:00,122,3,732.0,20.0,0.0,46.08084,14.45151
2026-05-22 09:00:00+00:00,127,3,714.0,19.2,0.0,46.151142,14.474522
2026-05-22 09:00:00+00:00,129,3,751.0,19.9,0.0,46.010544,14.571429
2026-05-22 09:00:00+00:00,177,3,757.0,16.7,0.0,45.65905,14.88189
2026-05-22 09:00:00+00:00,194,3,735.0,20.7,0.0,46.502636,15.024076
2026-05-22 09:00:00+00:00,236,3,767.0,21.1,0.0,45.79965,15.213271
2026-05-22 09:00:00+00:00,325,3,750.0,21.9,0.0,46.572933,15.62701
2026-05-22 09:00:00+00:00,391,3,767.0,21.3,0.0,46.71353,16.112904
2026-05-22 09:00:00+00:00,422,3,738.0,20.5,0.1,46.22144,15.21531
2026-05-22 09:00:00+00:00,425,3,764.0,21.4,0.0,45.940243,15.546751
2026-05-22 09:00:00+00:00,426,3,745.0,22.4,0.0,45.51845,13.704866
2026-05-22 12:00:00+00:00,63,6,897.0,23.1,0.0,46.432335,14.134615
2026-05-22 12:00:00+00:00,76,6,909.0,23.2,0.0,46.291737,14.233227
2026-05-22 12:00:00+00:00,106,6,897.0,21.5,0.0,46.22144,14.354067
2026-05-22 12:00:00+00:00,122,6,887.0,22.5,0.0,46.08084,14.45151
2026-05-22 12:00:00+00:00,127,6,886.0,20.9,0.1,46.151142,14.474522
2026-05-22 12:00:00+00:00,129,6,884.0,22.3,0.0,46.010544,14.571429
2026-05-22 12:00:00+00:00,177,6,686.0,18.0,0.0,45.65905,14.88189
2026-05-22 12:00:00+00:00,194,6,802.0,22.5,0.0,46.502636,15.024076
2026-05-22 12:00:00+00:00,236,6,796.0,23.0,0.0,45.79965,15.213271
2026-05-22 12:00:00+00:00,325,6,755.0,23.6,0.0,46.572933,15.62701
2026-05-22 12:00:00+00:00,391,6,902.0,23.0,0.0,46.71353,16.112904
2026-05-22 12:00:00+00:00,422,6,791.0,22.2,0.0,46.22144,15.21531
2026-05-22 12:00:00+00:00,425,6,822.0,23.4,0.0,45.940243,15.546751
2026-05-22 12:00:00+00:00,426,6,876.0,23.6,0.0,45.51845,13.704866
2026-05-22 13:00:00+00:00,63,1,846.0,23.7,0.0,46.432335,14.134615
2026-05-22 13:00:00+00:00,76,1,810.0,22.6,0.0,46.291737,14.233227
2026-05-22 13:00:00+00:00,106,1,770.0,21.5,0.0,46.22144,14.354067
2026-05-22 13:00:00+00:00,122,1,744.0,22.7,0.0,46.08084,14.45151
2026-05-22 13:00:00+00:00,127,1,748.0,21.2,0.0,46.151142,14.474522
2026-05-22 13:00:00+00:00,129,1,761.0,22.0,0.0,46.010544,14.571429
2026-05-22 13:00:00+00:00,177,1,765.0,18.8,0.0,45.65905,14.88189
2026-05-22 13:00:00+00:00,194,1,586.0,22.8,0.0,46.502636,15.024076
2026-05-22 13:00:00+00:00,236,1,834.0,23.1,0.0,45.79965,15.213271
2026-05-22 13:00:00+00:00,325,1,699.0,24.0,0.0,46.572933,15.62701
2026-05-22 13:00:00+00:00,391,1,727.0,23.7,0.0,46.71353,16.112904
2026-05-22 13:00:00+00:00,422,1,724.0,22.0,0.0,46.22144,15.21531
2026-05-22 13:00:00+00:00,425,1,751.0,23.1,0.0,45.940243,15.546751
2026-05-22 13:00:00+00:00,426,1,673.0,23.3,0.0,45.51845,13.704866
2026-05-22 14:00:00+00:00,63,2,725.0,23.8,0.0,46.432335,14.134615
2026-05-22 14:00:00+00:00,76,2,668.0,21.4,0.0,46.291737,14.233227
2026-05-22 14:00:00+00:00,106,2,641.0,21.0,0.0,46.22144,14.354067
2026-05-22 14:00:00+00:00,122,2,665.0,22.6,0.0,46.08084,14.45151
2026-05-22 14:00:00+00:00,127,2,640.0,20.9,0.0,46.151142,14.474522
2026-05-22 14:00:00+00:00,129,2,680.0,21.9,0.0,46.010544,14.571429
2026-05-22 14:00:00+00:00,177,2,729.0,18.7,0.0,45.65905,14.88189
2026-05-22 14:00:00+00:00,194,2,508.0,22.8,0.0,46.502636,15.024076
2026-05-22 14:00:00+00:00,236,2,734.0,23.2,0.0,45.79965,15.213271
2026-05-22 14:00:00+00:00,325,2,613.0,23.8,0.0,46.572933,15.62701
2026-05-22 14:00:00+00:00,391,2,624.0,22.9,0.0,46.71353,16.112904
2026-05-22 14:00:00+00:00,422,2,641.0,22.6,0.0,46.22144,15.21531
2026-05-22 14:00:00+00:00,425,2,738.0,23.1,0.0,45.940243,15.546751
2026-05-22 14:00:00+00:00,426,2,742.0,23.7,0.0,45.51845,13.704866
2026-05-22 15:00:00+00:00,63,3,603.0,23.3,0.0,46.432335,14.134615
2026-05-22 15:00:00+00:00,76,3,568.0,20.4,0.0,46.291737,14.233227
2026-05-22 15:00:00+00:00,106,3,521.0,20.3,0.0,46.22144,14.354067
2026-05-22 15:00:00+00:00,122,3,535.0,22.5,0.0,46.08084,14.45151
2026-05-22 15:00:00+00:00,127,3,505.0,20.6,0.0,46.151142,14.474522
2026-05-22 15:00:00+00:00,129,3,567.0,22.0,0.0,46.010544,14.571429
2026-05-22 15:00:00+00:00,177,3,604.0,18.5,0.0,45.65905,14.88189
2026-05-22 15:00:00+00:00,194,3,457.0,22.1,0.0,46.502636,15.024076
2026-05-22 15:00:00+00:00,236,3,597.0,22.7,0.0,45.79965,15.213271
2026-05-22 15:00:00+00:00,325,3,516.0,23.4,0.0,46.572933,15.62701
2026-05-22 15:00:00+00:00,391,3,529.0,22.6,0.0,46.71353,16.112904
2026-05-22 15:00:00+00:00,422,3,536.0,22.1,0.0,46.22144,15.21531
2026-05-22 15:00:00+00:00,425,3,590.0,22.7,0.0,45.940243,15.546751
2026-05-22 15:00:00+00:00,426,3,599.0,22.8,0.0,45.51845,13.704866
2026-05-22 18:00:00+00:00,63,6,110.0,17.3,0.0,46.432335,14.134615
2026-05-22 18:00:00+00:00,76,6,107.0,15.5,0.0,46.291737,14.233227
2026-05-22 18:00:00+00:00,106,6,103.0,17.2,0.0,46.22144,14.354067
2026-05-22 18:00:00+00:00,122,6,100.0,19.1,0.0,46.08084,14.45151
2026-05-22 18:00:00+00:00,127,6,99.0,17.6,0.0,46.151142,14.474522
2026-05-22 18:00:00+00:00,129,6,101.0,17.7,0.0,46.010544,14.571429
2026-05-22 18:00:00+00:00,177,6,101.0,14.6,0.0,45.65905,14.88189
2026-05-22 18:00:00+00:00,194,6,104.0,18.0,0.0,46.502636,15.024076
2026-05-22 18:00:00+00:00,236,6,98.0,19.2,0.0,45.79965,15.213271
2026-05-22 18:00:00+00:00,325,6,90.0,19.9,0.0,46.572933,15.62701
2026-05-22 18:00:00+00:00,391,6,93.0,19.3,0.0,46.71353,16.112904
2026-05-22 18:00:00+00:00,422,6,99.0,18.5,0.0,46.22144,15.21531
2026-05-22 18:00:00+00:00,425,6,94.0,19.7,0.0,45.940243,15.546751
2026-05-22 18:00:00+00:00,426,6,106.0,20.0,0.0,45.51845,13.704866
2026-05-22 19:00:00+00:00,63,1,11.0,15.1,0.0,46.432335,14.134615
2026-05-22 19:00:00+00:00,76,1,10.0,13.9,0.0,46.291737,14.233227
2026-05-22 19:00:00+00:00,106,1,10.0,16.2,0.0,46.22144,14.354067
2026-05-22 19:00:00+00:00,122,1,9.0,17.9,0.0,46.08084,14.45151
2026-05-22 19:00:00+00:00,127,1,9.0,16.2,0.0,46.151142,14.474522
2026-05-22 19:00:00+00:00,129,1,8.0,16.7,0.0,46.010544,14.571429
2026-05-22 19:00:00+00:00,177,1,7.0,13.4,0.0,45.65905,14.88189
2026-05-22 19:00:00+00:00,194,1,9.0,15.6,0.0,46.502636,15.024076
2026-05-22 19:00:00+00:00,236,1,7.0,17.9,0.0,45.79965,15.213271
2026-05-22 19:00:00+00:00,325,1,7.0,18.5,0.0,46.572933,15.62701
2026-05-22 19:00:00+00:00,391,1,6.0,19.0,0.0,46.71353,16.112904
2026-05-22 19:00:00+00:00,422,1,7.0,17.4,0.0,46.22144,15.21531
2026-05-22 19:00:00+00:00,425,1,6.0,18.3,0.0,45.940243,15.546751
2026-05-22 19:00:00+00:00,426,1,10.0,19.7,0.0,45.51845,13.704866
2026-05-22 20:00:00+00:00,63,2,0.0,14.0,0.0,46.432335,14.134615
2026-05-22 20:00:00+00:00,76,2,0.0,12.9,0.0,46.291737,14.233227
2026-05-22 20:00:00+00:00,106,2,0.0,14.7,0.0,46.22144,14.354067
2026-05-22 20:00:00+00:00,122,2,0.0,16.7,0.0,46.08084,14.45151
2026-05-22 20:00:00+00:00,127,2,0.0,15.1,0.0,46.151142,14.474522
2026-05-22 20:00:00+00:00,129,2,0.0,15.4,0.0,46.010544,14.571429
2026-05-22 20:00:00+00:00,177,2,0.0,12.5,0.0,45.65905,14.88189
2026-05-22 20:00:00+00:00,194,2,0.0,14.6,0.0,46.502636,15.024076
2026-05-22 20:00:00+00:00,236,2,0.0,17.2,0.0,45.79965,15.213271
2026-05-22 20:00:00+00:00,325,2,0.0,18.0,0.0,46.572933,15.62701
2026-05-22 20:00:00+00:00,391,2,0.0,18.6,0.0,46.71353,16.112904
2026-05-22 20:00:00+00:00,422,2,0.0,16.0,0.0,46.22144,15.21531
2026-05-22 20:00:00+00:00,425,2,0.0,17.0,0.0,45.940243,15.546751
2026-05-22 20:00:00+00:00,426,2,0.0,18.7,0.0,45.51845,13.704866
2026-05-22 21:00:00+00:00,63,3,0.0,13.5,0.0,46.432335,14.134615
2026-05-22 21:00:00+00:00,76,3,0.0,12.4,0.0,46.291737,14.233227
2026-05-22 21:00:00+00:00,106,3,0.0,13.7,0.0,46.22144,14.354067
2026-05-22 21:00:00+00:00,122,3,0.0,15.4,0.0,46.08084,14.45151
2026-05-22 21:00:00+00:00,127,3,0.0,13.9,0.0,46.151142,14.474522
2026-05-22 21:00:00+00:00,129,3,0.0,14.4,0.0,46.010544,14.571429
2026-05-22 21:00:00+00:00,177,3,0.0,12.0,0.0,45.65905,14.88189
2026-05-22 21:00:00+00:00,194,3,0.0,14.4,0.0,46.502636,15.024076
2026-05-22 21:00:00+00:00,236,3,0.0,16.5,0.0,45.79965,15.213271
2026-05-22 21:00:00+00:00,325,3,0.0,17.4,0.0,46.572933,15.62701
2026-05-22 21:00:00+00:00,391,3,0.0,17.2,0.0,46.71353,16.112904
2026-05-22 21:00:00+00:00,422,3,0.0,15.1,0.0,46.22144,15.21531
2026-05-22 21:00:00+00:00,425,3,0.0,16.5,0.0,45.940243,15.546751
2026-05-22 21:00:00+00:00,426,3,0.0,18.1,0.0,45.51845,13.704866
2026-05-23 00:00:00+00:00,63,6,0.0,11.9,0.0,46.432335,14.134615
2026-05-23 00:00:00+00:00,63,24,0.0,12.5,0.0,46.432335,14.134615
2026-05-23 00:00:00+00:00,76,6,0.0,11.7,0.0,46.291737,14.233227
2026-05-23 00:00:00+00:00,76,24,0.0,10.4,0.0,46.291737,14.233227
2026-05-23 00:00:00+00:00,106,6,0.0,12.8,0.0,46.22144,14.354067
2026-05-23 00:00:00+00:00,106,24,0.0,11.5,0.0,46.22144,14.354067
2026-05-23 00:00:00+00:00,122,6,0.0,13.5,0.0,46.08084,14.45151
2026-05-23 00:00:00+00:00,122,24,0.0,12.5,0.0,46.08084,14.45151
2026-05-23 00:00:00+00:00,127,6,0.0,11.9,0.0,46.151142,14.474522
2026-05-23 00:00:00+00:00,127,24,0.0,11.0,0.0,46.151142,14.474522
2026-05-23 00:00:00+00:00,129,6,0.0,13.0,0.0,46.010544,14.571429
2026-05-23 00:00:00+00:00,129,24,0.0,12.5,0.0,46.010544,14.571429
2026-05-23 00:00:00+00:00,177,6,0.0,10.4,0.0,45.65905,14.88189
2026-05-23 00:00:00+00:00,177,24,0.0,11.0,0.0,45.65905,14.88189
2026-05-23 00:00:00+00:00,194,6,0.0,13.4,0.0,46.502636,15.024076
2026-05-23 00:00:00+00:00,194,24,0.0,14.3,0.0,46.502636,15.024076
2026-05-23 00:00:00+00:00,236,6,0.0,14.3,0.0,45.79965,15.213271
2026-05-23 00:00:00+00:00,236,24,0.0,14.3,0.0,45.79965,15.213271
2026-05-23 00:00:00+00:00,325,6,0.0,16.1,0.0,46.572933,15.62701
2026-05-23 00:00:00+00:00,325,24,0.0,16.1,0.0,46.572933,15.62701
2026-05-23 00:00:00+00:00,391,6,0.0,15.3,0.0,46.71353,16.112904
2026-05-23 00:00:00+00:00,391,24,0.0,15.1,0.0,46.71353,16.112904
2026-05-23 00:00:00+00:00,422,6,0.0,11.8,0.0,46.22144,15.21531
2026-05-23 00:00:00+00:00,422,24,0.0,11.7,0.0,46.22144,15.21531
2026-05-23 00:00:00+00:00,425,6,0.0,15.0,0.0,45.940243,15.546751
2026-05-23 00:00:00+00:00,425,24,0.0,14.4,0.0,45.940243,15.546751
2026-05-23 00:00:00+00:00,426,6,0.0,19.2,0.0,45.51845,13.704866
2026-05-23 00:00:00+00:00,426,24,0.0,17.7,0.0,45.51845,13.704866
2026-05-23 06:00:00+00:00,63,24,288.0,16.6,0.0,46.432335,14.134615
2026-05-23 06:00:00+00:00,76,24,285.0,17.1,0.0,46.291737,14.233227
2026-05-23 06:00:00+00:00,106,24,280.0,16.9,0.0,46.22144,14.354067
2026-05-23 06:00:00+00:00,122,24,276.0,15.1,0.0,46.08084,14.45151
2026-05-23 06:00:00+00:00,127,24,276.0,14.6,0.0,46.151142,14.474522
2026-05-23 06:00:00+00:00,129,24,279.0,15.6,0.0,46.010544,14.571429
2026-05-23 06:00:00+00:00,177,24,277.0,14.1,0.0,45.65905,14.88189
2026-05-23 06:00:00+00:00,194,24,286.0,17.2,0.0,46.502636,15.024076
2026-05-23 06:00:00+00:00,236,24,280.0,17.0,0.0,45.79965,15.213271
2026-05-23 06:00:00+00:00,325,24,285.0,18.2,0.0,46.572933,15.62701
2026-05-23 06:00:00+00:00,391,24,276.0,17.6,0.0,46.71353,16.112904
2026-05-23 06:00:00+00:00,422,24,286.0,15.9,0.0,46.22144,15.21531
2026-05-23 06:00:00+00:00,425,24,280.0,17.7,0.0,45.940243,15.546751
2026-05-23 06:00:00+00:00,426,24,263.0,20.4,0.0,45.51845,13.704866
2026-05-23 12:00:00+00:00,63,24,920.0,23.8,0.0,46.432335,14.134615
2026-05-23 12:00:00+00:00,76,24,867.0,22.0,0.0,46.291737,14.233227
2026-05-23 12:00:00+00:00,106,24,799.0,21.7,0.0,46.22144,14.354067
2026-05-23 12:00:00+00:00,122,24,818.0,23.4,0.0,46.08084,14.45151
2026-05-23 12:00:00+00:00,127,24,775.0,22.1,0.0,46.151142,14.474522
2026-05-23 12:00:00+00:00,129,24,852.0,22.6,0.0,46.010544,14.571429
2026-05-23 12:00:00+00:00,177,24,712.0,18.9,0.0,45.65905,14.88189
2026-05-23 12:00:00+00:00,194,24,907.0,23.3,0.0,46.502636,15.024076
2026-05-23 12:00:00+00:00,236,24,839.0,23.6,0.0,45.79965,15.213271
2026-05-23 12:00:00+00:00,325,24,899.0,24.6,0.0,46.572933,15.62701
2026-05-23 12:00:00+00:00,391,24,881.0,23.9,0.0,46.71353,16.112904
2026-05-23 12:00:00+00:00,422,24,883.0,23.1,0.0,46.22144,15.21531
2026-05-23 12:00:00+00:00,425,24,782.0,23.5,0.0,45.940243,15.546751
2026-05-23 12:00:00+00:00,426,24,897.0,25.7,0.0,45.51845,13.704866
2026-05-23 18:00:00+00:00,63,24,116.0,18.3,0.0,46.432335,14.134615
2026-05-23 18:00:00+00:00,76,24,113.0,17.4,0.0,46.291737,14.233227
2026-05-23 18:00:00+00:00,106,24,109.0,19.3,0.0,46.22144,14.354067
2026-05-23 18:00:00+00:00,122,24,106.0,20.9,0.0,46.08084,14.45151
2026-05-23 18:00:00+00:00,127,24,105.0,19.4,0.0,46.151142,14.474522
2026-05-23 18:00:00+00:00,129,24,105.0,19.4,0.0,46.010544,14.571429
2026-05-23 18:00:00+00:00,177,24,105.0,15.5,0.0,45.65905,14.88189
2026-05-23 18:00:00+00:00,194,24,108.0,20.1,0.0,46.502636,15.024076
2026-05-23 18:00:00+00:00,236,24,101.0,20.7,0.0,45.79965,15.213271
2026-05-23 18:00:00+00:00,325,24,99.0,22.1,0.0,46.572933,15.62701
2026-05-23 18:00:00+00:00,391,24,96.0,20.7,0.0,46.71353,16.112904
2026-05-23 18:00:00+00:00,422,24,102.0,20.2,0.0,46.22144,15.21531
2026-05-23 18:00:00+00:00,425,24,98.0,21.4,0.0,45.940243,15.546751
2026-05-23 18:00:00+00:00,426,24,110.0,22.7,0.0,45.51845,13.704866
2026-05-23 01:00:00+00:00,63,1,0.0,11.7,0.0,46.432335,14.134615
2026-05-23 01:00:00+00:00,76,1,0.0,11.3,0.0,46.291737,14.233227
2026-05-23 01:00:00+00:00,106,1,0.0,12.0,0.0,46.22144,14.354067
2026-05-23 01:00:00+00:00,122,1,0.0,12.5,0.0,46.08084,14.45151
2026-05-23 01:00:00+00:00,127,1,0.0,11.3,0.0,46.151142,14.474522
2026-05-23 01:00:00+00:00,129,1,0.0,12.3,0.0,46.010544,14.571429
2026-05-23 01:00:00+00:00,177,1,0.0,9.9,0.0,45.65905,14.88189
2026-05-23 01:00:00+00:00,194,1,0.0,12.2,0.0,46.502636,15.024076
2026-05-23 01:00:00+00:00,236,1,0.0,13.1,0.0,45.79965,15.213271
2026-05-23 01:00:00+00:00,325,1,0.0,15.8,0.0,46.572933,15.62701
2026-05-23 01:00:00+00:00,391,1,0.0,15.0,0.0,46.71353,16.112904
2026-05-23 01:00:00+00:00,422,1,0.0,11.6,0.0,46.22144,15.21531
2026-05-23 01:00:00+00:00,425,1,0.0,14.2,0.0,45.940243,15.546751
2026-05-23 01:00:00+00:00,426,1,0.0,17.0,0.0,45.51845,13.704866
2026-05-23 02:00:00+00:00,63,2,0.0,11.3,0.0,46.432335,14.134615
2026-05-23 02:00:00+00:00,76,2,0.0,10.4,0.0,46.291737,14.233227
2026-05-23 02:00:00+00:00,106,2,0.0,11.5,0.0,46.22144,14.354067
2026-05-23 02:00:00+00:00,122,2,0.0,12.0,0.0,46.08084,14.45151
2026-05-23 02:00:00+00:00,127,2,0.0,11.0,0.0,46.151142,14.474522
2026-05-23 02:00:00+00:00,129,2,0.0,11.8,0.0,46.010544,14.571429
2026-05-23 02:00:00+00:00,177,2,0.0,10.0,0.0,45.65905,14.88189
2026-05-23 02:00:00+00:00,194,2,0.0,11.8,0.0,46.502636,15.024076
2026-05-23 02:00:00+00:00,236,2,0.0,12.9,0.0,45.79965,15.213271
2026-05-23 02:00:00+00:00,325,2,0.0,15.6,0.0,46.572933,15.62701
2026-05-23 02:00:00+00:00,391,2,0.0,14.9,0.0,46.71353,16.112904
2026-05-23 02:00:00+00:00,422,2,0.0,11.4,0.0,46.22144,15.21531
2026-05-23 02:00:00+00:00,425,2,0.0,14.2,0.0,45.940243,15.546751
2026-05-23 02:00:00+00:00,426,2,0.0,17.1,0.0,45.51845,13.704866
2026-05-23 03:00:00+00:00,63,3,0.0,11.1,0.0,46.432335,14.134615
2026-05-23 03:00:00+00:00,76,3,0.0,9.5,0.0,46.291737,14.233227
2026-05-23 03:00:00+00:00,106,3,0.0,10.8,0.0,46.22144,14.354067
2026-05-23 03:00:00+00:00,122,3,0.0,11.5,0.0,46.08084,14.45151
2026-05-23 03:00:00+00:00,127,3,0.0,10.5,0.0,46.151142,14.474522
2026-05-23 03:00:00+00:00,129,3,0.0,11.5,0.0,46.010544,14.571429
2026-05-23 03:00:00+00:00,177,3,0.0,10.1,0.0,45.65905,14.88189
2026-05-23 03:00:00+00:00,194,3,0.0,11.5,0.0,46.502636,15.024076
2026-05-23 03:00:00+00:00,236,3,0.0,12.7,0.0,45.79965,15.213271
2026-05-23 03:00:00+00:00,325,3,0.0,15.2,0.0,46.572933,15.62701
2026-05-23 03:00:00+00:00,391,3,0.0,14.8,0.0,46.71353,16.112904
2026-05-23 03:00:00+00:00,422,3,0.0,11.1,0.0,46.22144,15.21531
2026-05-23 03:00:00+00:00,425,3,0.0,13.5,0.0,45.940243,15.546751
2026-05-23 03:00:00+00:00,426,3,0.0,17.0,0.0,45.51845,13.704866
2026-05-23 06:00:00+00:00,63,6,286.0,16.4,0.0,46.432335,14.134615
2026-05-23 06:00:00+00:00,76,6,283.0,17.2,0.0,46.291737,14.233227
2026-05-23 06:00:00+00:00,106,6,278.0,17.3,0.0,46.22144,14.354067
2026-05-23 06:00:00+00:00,122,6,274.0,15.4,0.0,46.08084,14.45151
2026-05-23 06:00:00+00:00,127,6,274.0,15.0,0.0,46.151142,14.474522
2026-05-23 06:00:00+00:00,129,6,277.0,15.3,0.0,46.010544,14.571429
2026-05-23 06:00:00+00:00,177,6,267.0,14.5,0.0,45.65905,14.88189
2026-05-23 06:00:00+00:00,194,6,278.0,17.4,0.0,46.502636,15.024076
2026-05-23 06:00:00+00:00,236,6,280.0,16.6,0.0,45.79965,15.213271
2026-05-23 06:00:00+00:00,325,6,264.0,18.7,0.0,46.572933,15.62701
2026-05-23 06:00:00+00:00,391,6,257.0,17.7,0.0,46.71353,16.112904
2026-05-23 06:00:00+00:00,422,6,283.0,16.2,0.0,46.22144,15.21531
2026-05-23 06:00:00+00:00,425,6,265.0,18.1,0.0,45.940243,15.546751
2026-05-23 06:00:00+00:00,426,6,261.0,20.7,0.0,45.51845,13.704866
2026-05-23 07:00:00+00:00,63,1,465.0,17.7,0.0,46.432335,14.134615
2026-05-23 07:00:00+00:00,76,1,462.0,19.1,0.0,46.291737,14.233227
2026-05-23 07:00:00+00:00,106,1,454.0,19.1,0.0,46.22144,14.354067
2026-05-23 07:00:00+00:00,122,1,450.0,17.5,0.0,46.08084,14.45151
2026-05-23 07:00:00+00:00,127,1,449.0,17.1,0.0,46.151142,14.474522
2026-05-23 07:00:00+00:00,129,1,453.0,17.6,0.0,46.010544,14.571429
2026-05-23 07:00:00+00:00,177,1,458.0,15.5,0.0,45.65905,14.88189
2026-05-23 07:00:00+00:00,194,1,437.0,18.9,0.0,46.502636,15.024076
2026-05-23 07:00:00+00:00,236,1,461.0,18.7,0.0,45.79965,15.213271
2026-05-23 07:00:00+00:00,325,1,453.0,20.1,0.0,46.572933,15.62701
2026-05-23 07:00:00+00:00,391,1,459.0,19.3,0.0,46.71353,16.112904
2026-05-23 07:00:00+00:00,422,1,463.0,18.7,0.0,46.22144,15.21531
2026-05-23 07:00:00+00:00,425,1,446.0,19.5,0.0,45.940243,15.546751
2026-05-23 07:00:00+00:00,426,1,439.0,21.9,0.0,45.51845,13.704866
2026-05-23 08:00:00+00:00,63,2,633.0,19.2,0.0,46.432335,14.134615
2026-05-23 08:00:00+00:00,76,2,628.0,20.7,0.0,46.291737,14.233227
2026-05-23 08:00:00+00:00,106,2,619.0,20.4,0.0,46.22144,14.354067
2026-05-23 08:00:00+00:00,122,2,614.0,19.9,0.0,46.08084,14.45151
2026-05-23 08:00:00+00:00,127,2,613.0,19.0,0.0,46.151142,14.474522
2026-05-23 08:00:00+00:00,129,2,618.0,20.0,0.0,46.010544,14.571429
2026-05-23 08:00:00+00:00,177,2,627.0,16.4,0.0,45.65905,14.88189
2026-05-23 08:00:00+00:00,194,2,603.0,20.4,0.0,46.502636,15.024076
2026-05-23 08:00:00+00:00,236,2,626.0,20.7,0.0,45.79965,15.213271
2026-05-23 08:00:00+00:00,325,2,632.0,21.6,0.0,46.572933,15.62701
2026-05-23 08:00:00+00:00,391,2,614.0,20.6,0.0,46.71353,16.112904
2026-05-23 08:00:00+00:00,422,2,627.0,20.5,0.0,46.22144,15.21531
2026-05-23 08:00:00+00:00,425,2,614.0,20.8,0.0,45.940243,15.546751
2026-05-23 08:00:00+00:00,426,2,607.0,23.3,0.0,45.51845,13.704866
2026-05-23 09:00:00+00:00,63,3,772.0,20.6,0.0,46.432335,14.134615
2026-05-23 09:00:00+00:00,76,3,767.0,21.8,0.0,46.291737,14.233227
2026-05-23 09:00:00+00:00,106,3,756.0,21.3,0.0,46.22144,14.354067
2026-05-23 09:00:00+00:00,122,3,749.0,21.7,0.0,46.08084,14.45151
2026-05-23 09:00:00+00:00,127,3,744.0,20.6,0.0,46.151142,14.474522
2026-05-23 09:00:00+00:00,129,3,752.0,21.4,0.0,46.010544,14.571429
2026-05-23 09:00:00+00:00,177,3,756.0,17.3,0.0,45.65905,14.88189
2026-05-23 09:00:00+00:00,194,3,750.0,21.4,0.0,46.502636,15.024076
2026-05-23 09:00:00+00:00,236,3,765.0,21.9,0.0,45.79965,15.213271
2026-05-23 09:00:00+00:00,325,3,737.0,22.6,0.0,46.572933,15.62701
2026-05-23 09:00:00+00:00,391,3,759.0,21.8,0.0,46.71353,16.112904
2026-05-23 09:00:00+00:00,422,3,740.0,21.7,0.0,46.22144,15.21531
2026-05-23 09:00:00+00:00,425,3,758.0,21.8,0.0,45.940243,15.546751
2026-05-23 09:00:00+00:00,426,3,746.0,24.4,0.0,45.51845,13.704866
2026-05-23 12:00:00+00:00,63,6,921.0,23.9,0.0,46.432335,14.134615
2026-05-23 12:00:00+00:00,76,6,866.0,23.3,0.0,46.291737,14.233227
2026-05-23 12:00:00+00:00,106,6,791.0,22.3,0.1,46.22144,14.354067
2026-05-23 12:00:00+00:00,122,6,777.0,24.0,0.0,46.08084,14.45151
2026-05-23 12:00:00+00:00,127,6,751.0,22.5,0.0,46.151142,14.474522
2026-05-23 12:00:00+00:00,129,6,801.0,23.1,0.0,46.010544,14.571429
2026-05-23 12:00:00+00:00,177,6,858.0,19.2,0.0,45.65905,14.88189
2026-05-23 12:00:00+00:00,194,6,907.0,24.0,0.0,46.502636,15.024076
2026-05-23 12:00:00+00:00,236,6,904.0,24.0,0.0,45.79965,15.213271
2026-05-23 12:00:00+00:00,325,6,852.0,24.8,0.0,46.572933,15.62701
2026-05-23 12:00:00+00:00,391,6,838.0,23.8,0.0,46.71353,16.112904
2026-05-23 12:00:00+00:00,422,6,901.0,23.5,0.0,46.22144,15.21531
2026-05-23 12:00:00+00:00,425,6,889.0,24.0,0.0,45.940243,15.546751
2026-05-23 12:00:00+00:00,426,6,895.0,26.0,0.0,45.51845,13.704866
2026-05-23 13:00:00+00:00,63,1,873.0,25.0,0.0,46.432335,14.134615
2026-05-23 13:00:00+00:00,76,1,847.0,23.2,0.1,46.291737,14.233227
2026-05-23 13:00:00+00:00,106,1,807.0,22.9,0.1,46.22144,14.354067
2026-05-23 13:00:00+00:00,122,1,802.0,24.6,0.0,46.08084,14.45151
2026-05-23 13:00:00+00:00,127,1,781.0,23.3,0.0,46.151142,14.474522
2026-05-23 13:00:00+00:00,129,1,793.0,23.4,0.0,46.010544,14.571429
2026-05-23 13:00:00+00:00,177,1,847.0,19.9,0.0,45.65905,14.88189
2026-05-23 13:00:00+00:00,194,1,858.0,24.3,0.0,46.502636,15.024076
2026-05-23 13:00:00+00:00,236,1,854.0,24.4,0.0,45.79965,15.213271
2026-05-23 13:00:00+00:00,325,1,833.0,25.1,0.0,46.572933,15.62701
2026-05-23 13:00:00+00:00,391,1,830.0,24.3,0.0,46.71353,16.112904
2026-05-23 13:00:00+00:00,422,1,821.0,23.6,0.0,46.22144,15.21531
2026-05-23 13:00:00+00:00,425,1,803.0,24.7,0.0,45.940243,15.546751
2026-05-23 13:00:00+00:00,426,1,851.0,24.9,0.0,45.51845,13.704866
2026-05-23 14:00:00+00:00,63,2,769.0,25.3,0.0,46.432335,14.134615
2026-05-23 14:00:00+00:00,76,2,760.0,22.7,0.0,46.291737,14.233227
2026-05-23 14:00:00+00:00,106,2,731.0,22.9,0.0,46.22144,14.354067
2026-05-23 14:00:00+00:00,122,2,720.0,24.9,0.0,46.08084,14.45151
2026-05-23 14:00:00+00:00,127,2,711.0,23.5,0.0,46.151142,14.474522
2026-05-23 14:00:00+00:00,129,2,735.0,23.5,0.0,46.010544,14.571429
2026-05-23 14:00:00+00:00,177,2,708.0,19.7,0.0,45.65905,14.88189
2026-05-23 14:00:00+00:00,194,2,754.0,24.5,0.0,46.502636,15.024076
2026-05-23 14:00:00+00:00,236,2,704.0,24.3,0.0,45.79965,15.213271
2026-05-23 14:00:00+00:00,325,2,741.0,25.1,0.0,46.572933,15.62701
2026-05-23 14:00:00+00:00,391,2,730.0,24.4,0.0,46.71353,16.112904
2026-05-23 14:00:00+00:00,422,2,742.0,23.5,0.0,46.22144,15.21531
2026-05-23 14:00:00+00:00,425,2,679.0,24.2,0.0,45.940243,15.546751
2026-05-23 14:00:00+00:00,426,2,755.0,24.9,0.0,45.51845,13.704866
2026-05-23 15:00:00+00:00,63,3,571.0,24.9,0.0,46.432335,14.134615
2026-05-23 15:00:00+00:00,76,3,577.0,21.8,0.1,46.291737,14.233227
2026-05-23 15:00:00+00:00,106,3,567.0,22.4,0.0,46.22144,14.354067
2026-05-23 15:00:00+00:00,122,3,580.0,24.4,0.0,46.08084,14.45151
2026-05-23 15:00:00+00:00,127,3,565.0,22.8,0.0,46.151142,14.474522
2026-05-23 15:00:00+00:00,129,3,599.0,23.1,0.0,46.010544,14.571429
2026-05-23 15:00:00+00:00,177,3,605.0,19.5,0.0,45.65905,14.88189
2026-05-23 15:00:00+00:00,194,3,608.0,24.4,0.0,46.502636,15.024076
2026-05-23 15:00:00+00:00,236,3,607.0,24.0,0.0,45.79965,15.213271
2026-05-23 15:00:00+00:00,325,3,597.0,24.7,0.0,46.572933,15.62701
2026-05-23 15:00:00+00:00,391,3,592.0,24.4,0.0,46.71353,16.112904
2026-05-23 15:00:00+00:00,422,3,607.0,23.2,0.0,46.22144,15.21531
2026-05-23 15:00:00+00:00,425,3,586.0,24.2,0.0,45.940243,15.546751
2026-05-23 15:00:00+00:00,426,3,614.0,24.7,0.0,45.51845,13.704866
2026-05-23 18:00:00+00:00,63,6,108.0,17.7,0.0,46.432335,14.134615
2026-05-23 18:00:00+00:00,76,6,112.0,17.0,0.0,46.291737,14.233227
2026-05-23 18:00:00+00:00,106,6,110.0,18.9,0.0,46.22144,14.354067
2026-05-23 18:00:00+00:00,122,6,106.0,20.8,0.0,46.08084,14.45151
2026-05-23 18:00:00+00:00,127,6,106.0,19.4,0.0,46.151142,14.474522
2026-05-23 18:00:00+00:00,129,6,106.0,18.8,0.0,46.010544,14.571429
2026-05-23 18:00:00+00:00,177,6,104.0,15.7,0.0,45.65905,14.88189
2026-05-23 18:00:00+00:00,194,6,106.0,20.0,0.0,46.502636,15.024076
2026-05-23 18:00:00+00:00,236,6,100.0,20.4,0.0,45.79965,15.213271
2026-05-23 18:00:00+00:00,325,6,93.0,21.5,0.0,46.572933,15.62701
2026-05-23 18:00:00+00:00,391,6,90.0,20.4,0.0,46.71353,16.112904
2026-05-23 18:00:00+00:00,422,6,101.0,20.0,0.0,46.22144,15.21531
2026-05-23 18:00:00+00:00,425,6,97.0,20.6,0.0,45.940243,15.546751
2026-05-23 18:00:00+00:00,426,6,108.0,22.9,0.0,45.51845,13.704866
2026-05-23 19:00:00+00:00,63,1,12.0,16.1,0.0,46.432335,14.134615
2026-05-23 19:00:00+00:00,76,1,11.0,16.2,0.0,46.291737,14.233227
2026-05-23 19:00:00+00:00,106,1,10.0,18.3,0.0,46.22144,14.354067
2026-05-23 19:00:00+00:00,122,1,9.0,19.6,0.0,46.08084,14.45151
2026-05-23 19:00:00+00:00,127,1,10.0,18.0,0.0,46.151142,14.474522
2026-05-23 19:00:00+00:00,129,1,9.0,17.8,0.0,46.010544,14.571429
2026-05-23 19:00:00+00:00,177,1,8.0,14.4,0.0,45.65905,14.88189
2026-05-23 19:00:00+00:00,194,1,9.0,17.8,0.0,46.502636,15.024076
2026-05-23 19:00:00+00:00,236,1,7.0,19.4,0.0,45.79965,15.213271
2026-05-23 19:00:00+00:00,325,1,7.0,20.4,0.0,46.572933,15.62701
2026-05-23 19:00:00+00:00,391,1,6.0,19.2,0.0,46.71353,16.112904
2026-05-23 19:00:00+00:00,422,1,8.0,19.0,0.0,46.22144,15.21531
2026-05-23 19:00:00+00:00,425,1,7.0,19.5,0.0,45.940243,15.546751
2026-05-23 19:00:00+00:00,426,1,10.0,21.8,0.0,45.51845,13.704866
2026-05-23 20:00:00+00:00,63,2,0.0,15.6,0.0,46.432335,14.134615
2026-05-23 20:00:00+00:00,76,2,0.0,15.1,0.0,46.291737,14.233227
2026-05-23 20:00:00+00:00,106,2,0.0,17.0,0.0,46.22144,14.354067
2026-05-23 20:00:00+00:00,122,2,0.0,18.8,0.0,46.08084,14.45151
2026-05-23 20:00:00+00:00,127,2,0.0,16.4,0.0,46.151142,14.474522
2026-05-23 20:00:00+00:00,129,2,0.0,16.6,0.0,46.010544,14.571429
2026-05-23 20:00:00+00:00,177,2,0.0,13.3,0.0,45.65905,14.88189
2026-05-23 20:00:00+00:00,194,2,0.0,16.7,0.0,46.502636,15.024076
2026-05-23 20:00:00+00:00,236,2,0.0,19.0,0.0,45.79965,15.213271
2026-05-23 20:00:00+00:00,325,2,0.0,19.8,0.0,46.572933,15.62701
2026-05-23 20:00:00+00:00,391,2,0.0,17.7,0.0,46.71353,16.112904
2026-05-23 20:00:00+00:00,422,2,0.0,17.6,0.0,46.22144,15.21531
2026-05-23 20:00:00+00:00,425,2,0.0,19.5,0.0,45.940243,15.546751
2026-05-23 20:00:00+00:00,426,2,0.0,21.5,0.0,45.51845,13.704866
2026-05-23 21:00:00+00:00,63,3,0.0,14.8,0.0,46.432335,14.134615
2026-05-23 21:00:00+00:00,76,3,0.0,14.0,0.0,46.291737,14.233227
2026-05-23 21:00:00+00:00,106,3,0.0,15.6,0.0,46.22144,14.354067
2026-05-23 21:00:00+00:00,122,3,0.0,17.5,0.0,46.08084,14.45151
2026-05-23 21:00:00+00:00,127,3,0.0,14.7,0.0,46.151142,14.474522
2026-05-23 21:00:00+00:00,129,3,0.0,15.7,0.0,46.010544,14.571429
2026-05-23 21:00:00+00:00,177,3,0.0,12.5,0.0,45.65905,14.88189
2026-05-23 21:00:00+00:00,194,3,0.0,15.7,0.0,46.502636,15.024076
2026-05-23 21:00:00+00:00,236,3,0.0,18.1,0.0,45.79965,15.213271
2026-05-23 21:00:00+00:00,325,3,0.0,19.6,0.0,46.572933,15.62701
2026-05-23 21:00:00+00:00,391,3,0.0,17.0,0.0,46.71353,16.112904
2026-05-23 21:00:00+00:00,422,3,0.0,16.2,0.0,46.22144,15.21531
2026-05-23 21:00:00+00:00,425,3,0.0,17.8,0.0,45.940243,15.546751
2026-05-23 21:00:00+00:00,426,3,0.0,22.6,0.0,45.51845,13.704866
2026-05-24 00:00:00+00:00,63,6,0.0,13.2,0.0,46.432335,14.134615
2026-05-24 00:00:00+00:00,63,24,0.0,13.4,0.0,46.432335,14.134615
2026-05-24 00:00:00+00:00,76,6,0.0,11.9,0.0,46.291737,14.233227
2026-05-24 00:00:00+00:00,76,24,0.0,11.1,0.0,46.291737,14.233227
2026-05-24 00:00:00+00:00,106,6,0.0,13.0,0.0,46.22144,14.354067
2026-05-24 00:00:00+00:00,106,24,0.0,12.1,0.0,46.22144,14.354067
2026-05-24 00:00:00+00:00,122,6,0.0,14.6,0.0,46.08084,14.45151
2026-05-24 00:00:00+00:00,122,24,0.0,13.9,0.0,46.08084,14.45151
2026-05-24 00:00:00+00:00,127,6,0.0,12.5,0.0,46.151142,14.474522
2026-05-24 00:00:00+00:00,127,24,0.0,12.4,0.0,46.151142,14.474522
2026-05-24 00:00:00+00:00,129,6,0.0,14.1,0.0,46.010544,14.571429
2026-05-24 00:00:00+00:00,129,24,0.0,13.6,0.0,46.010544,14.571429
2026-05-24 00:00:00+00:00,177,6,0.0,11.3,0.0,45.65905,14.88189
2026-05-24 00:00:00+00:00,177,24,0.0,11.1,0.0,45.65905,14.88189
2026-05-24 00:00:00+00:00,194,6,0.0,14.2,0.0,46.502636,15.024076
2026-05-24 00:00:00+00:00,194,24,0.0,13.7,0.0,46.502636,15.024076
2026-05-24 00:00:00+00:00,236,6,0.0,15.2,0.0,45.79965,15.213271
2026-05-24 00:00:00+00:00,236,24,0.0,14.8,0.0,45.79965,15.213271
2026-05-24 00:00:00+00:00,325,6,0.0,17.5,0.0,46.572933,15.62701
2026-05-24 00:00:00+00:00,325,24,0.0,17.6,0.0,46.572933,15.62701
2026-05-24 00:00:00+00:00,391,6,0.0,15.2,0.0,46.71353,16.112904
2026-05-24 00:00:00+00:00,391,24,0.0,15.2,0.0,46.71353,16.112904
2026-05-24 00:00:00+00:00,422,6,0.0,13.7,0.0,46.22144,15.21531
2026-05-24 00:00:00+00:00,422,24,0.0,13.0,0.0,46.22144,15.21531
2026-05-24 00:00:00+00:00,425,6,0.0,14.1,0.0,45.940243,15.546751
2026-05-24 00:00:00+00:00,425,24,0.0,13.9,0.0,45.940243,15.546751
2026-05-24 00:00:00+00:00,426,6,0.0,20.2,0.0,45.51845,13.704866
2026-05-24 00:00:00+00:00,426,24,0.0,19.6,0.0,45.51845,13.704866
2026-05-24 06:00:00+00:00,63,24,289.0,18.4,0.0,46.432335,14.134615
2026-05-24 06:00:00+00:00,76,24,286.0,18.6,0.0,46.291737,14.233227
2026-05-24 06:00:00+00:00,106,24,281.0,18.4,0.0,46.22144,14.354067
2026-05-24 06:00:00+00:00,122,24,277.0,16.2,0.0,46.08084,14.45151
2026-05-24 06:00:00+00:00,127,24,277.0,15.7,0.0,46.151142,14.474522
2026-05-24 06:00:00+00:00,129,24,280.0,15.8,0.0,46.010544,14.571429
2026-05-24 06:00:00+00:00,177,24,287.0,16.3,0.0,45.65905,14.88189
2026-05-24 06:00:00+00:00,194,24,291.0,18.6,0.0,46.502636,15.024076
2026-05-24 06:00:00+00:00,236,24,288.0,17.5,0.0,45.79965,15.213271
2026-05-24 06:00:00+00:00,325,24,282.0,21.4,0.0,46.572933,15.62701
2026-05-24 06:00:00+00:00,391,24,276.0,19.3,0.0,46.71353,16.112904
2026-05-24 06:00:00+00:00,422,24,291.0,16.9,0.0,46.22144,15.21531
2026-05-24 06:00:00+00:00,425,24,290.0,18.8,0.0,45.940243,15.546751
2026-05-24 06:00:00+00:00,426,24,264.0,22.2,0.0,45.51845,13.704866
2026-05-24 12:00:00+00:00,63,24,817.0,25.5,0.0,46.432335,14.134615
2026-05-24 12:00:00+00:00,76,24,797.0,26.3,0.0,46.291737,14.233227
2026-05-24 12:00:00+00:00,106,24,763.0,24.8,0.1,46.22144,14.354067
2026-05-24 12:00:00+00:00,122,24,793.0,26.0,0.0,46.08084,14.45151
2026-05-24 12:00:00+00:00,127,24,755.0,24.6,0.1,46.151142,14.474522
2026-05-24 12:00:00+00:00,129,24,829.0,25.1,0.0,46.010544,14.571429
2026-05-24 12:00:00+00:00,177,24,896.0,21.6,0.0,45.65905,14.88189
2026-05-24 12:00:00+00:00,194,24,788.0,25.8,0.1,46.502636,15.024076
2026-05-24 12:00:00+00:00,236,24,895.0,26.1,0.0,45.79965,15.213271
2026-05-24 12:00:00+00:00,325,24,896.0,27.3,0.0,46.572933,15.62701
2026-05-24 12:00:00+00:00,391,24,895.0,26.1,0.0,46.71353,16.112904
2026-05-24 12:00:00+00:00,422,24,874.0,25.3,0.1,46.22144,15.21531
2026-05-24 12:00:00+00:00,425,24,892.0,26.1,0.0,45.940243,15.546751
2026-05-24 12:00:00+00:00,426,24,883.0,25.4,0.0,45.51845,13.704866
2026-05-24 18:00:00+00:00,63,24,115.0,20.9,0.0,46.432335,14.134615
2026-05-24 18:00:00+00:00,76,24,114.0,19.6,0.0,46.291737,14.233227
2026-05-24 18:00:00+00:00,106,24,110.0,21.1,0.0,46.22144,14.354067
2026-05-24 18:00:00+00:00,122,24,106.0,24.0,0.0,46.08084,14.45151
2026-05-24 18:00:00+00:00,127,24,106.0,20.8,0.0,46.151142,14.474522
2026-05-24 18:00:00+00:00,129,24,106.0,21.6,0.0,46.010544,14.571429
2026-05-24 18:00:00+00:00,177,24,107.0,18.0,0.0,45.65905,14.88189
2026-05-24 18:00:00+00:00,194,24,111.0,21.3,0.0,46.502636,15.024076
2026-05-24 18:00:00+00:00,236,24,105.0,23.5,0.0,45.79965,15.213271
2026-05-24 18:00:00+00:00,325,24,104.0,23.9,0.0,46.572933,15.62701
2026-05-24 18:00:00+00:00,391,24,99.0,22.8,0.0,46.71353,16.112904
2026-05-24 18:00:00+00:00,422,24,106.0,22.7,0.0,46.22144,15.21531
2026-05-24 18:00:00+00:00,425,24,101.0,23.8,0.0,45.940243,15.546751
2026-05-24 18:00:00+00:00,426,24,111.0,23.6,0.0,45.51845,13.704866
2026-05-24 01:00:00+00:00,63,1,0.0,13.3,0.0,46.432335,14.134615
2026-05-24 01:00:00+00:00,76,1,0.0,12.5,0.0,46.291737,14.233227
2026-05-24 01:00:00+00:00,106,1,0.0,13.2,0.0,46.22144,14.354067
2026-05-24 01:00:00+00:00,122,1,0.0,13.2,0.0,46.08084,14.45151
2026-05-24 01:00:00+00:00,127,1,0.0,12.0,0.0,46.151142,14.474522
2026-05-24 01:00:00+00:00,129,1,0.0,12.9,0.0,46.010544,14.571429
2026-05-24 01:00:00+00:00,177,1,0.0,10.3,0.0,45.65905,14.88189
2026-05-24 01:00:00+00:00,194,1,0.0,12.9,0.0,46.502636,15.024076
2026-05-24 01:00:00+00:00,236,1,0.0,13.7,0.0,45.79965,15.213271
2026-05-24 01:00:00+00:00,325,1,0.0,17.5,0.0,46.572933,15.62701
2026-05-24 01:00:00+00:00,391,1,0.0,14.3,0.0,46.71353,16.112904
2026-05-24 01:00:00+00:00,422,1,0.0,12.6,0.0,46.22144,15.21531
2026-05-24 01:00:00+00:00,425,1,0.0,13.4,0.0,45.940243,15.546751
2026-05-24 01:00:00+00:00,426,1,0.0,17.9,0.0,45.51845,13.704866
2026-05-24 02:00:00+00:00,63,2,0.0,13.4,0.0,46.432335,14.134615
2026-05-24 02:00:00+00:00,76,2,0.0,11.7,0.0,46.291737,14.233227
2026-05-24 02:00:00+00:00,106,2,0.0,12.4,0.0,46.22144,14.354067
2026-05-24 02:00:00+00:00,122,2,0.0,12.7,0.0,46.08084,14.45151
2026-05-24 02:00:00+00:00,127,2,0.0,11.8,0.0,46.151142,14.474522
2026-05-24 02:00:00+00:00,129,2,0.0,12.7,0.0,46.010544,14.571429
2026-05-24 02:00:00+00:00,177,2,0.0,10.4,0.0,45.65905,14.88189
2026-05-24 02:00:00+00:00,194,2,0.0,12.5,0.0,46.502636,15.024076
2026-05-24 02:00:00+00:00,236,2,0.0,13.1,0.0,45.79965,15.213271
2026-05-24 02:00:00+00:00,325,2,0.0,17.0,0.0,46.572933,15.62701
2026-05-24 02:00:00+00:00,391,2,0.0,14.1,0.0,46.71353,16.112904
2026-05-24 02:00:00+00:00,422,2,0.0,12.4,0.0,46.22144,15.21531
2026-05-24 02:00:00+00:00,425,2,0.0,12.8,0.0,45.940243,15.546751
2026-05-24 02:00:00+00:00,426,2,0.0,17.4,0.0,45.51845,13.704866
2026-05-24 03:00:00+00:00,63,3,0.0,13.4,0.0,46.432335,14.134615
2026-05-24 03:00:00+00:00,76,3,0.0,10.9,0.0,46.291737,14.233227
2026-05-24 03:00:00+00:00,106,3,0.0,11.7,0.0,46.22144,14.354067
2026-05-24 03:00:00+00:00,122,3,0.0,11.9,0.0,46.08084,14.45151
2026-05-24 03:00:00+00:00,127,3,0.0,11.1,0.0,46.151142,14.474522
2026-05-24 03:00:00+00:00,129,3,0.0,12.5,0.0,46.010544,14.571429
2026-05-24 03:00:00+00:00,177,3,0.0,10.6,0.0,45.65905,14.88189
2026-05-24 03:00:00+00:00,194,3,0.0,12.2,0.0,46.502636,15.024076
2026-05-24 03:00:00+00:00,236,3,0.0,12.7,0.0,45.79965,15.213271
2026-05-24 03:00:00+00:00,325,3,0.0,16.5,0.0,46.572933,15.62701
2026-05-24 03:00:00+00:00,391,3,0.0,14.2,0.0,46.71353,16.112904
2026-05-24 03:00:00+00:00,422,3,0.0,12.0,0.0,46.22144,15.21531
2026-05-24 03:00:00+00:00,425,3,0.0,12.4,0.0,45.940243,15.546751
2026-05-24 03:00:00+00:00,426,3,0.0,16.9,0.0,45.51845,13.704866
2026-05-24 06:00:00+00:00,63,6,288.0,18.6,0.0,46.432335,14.134615
2026-05-24 06:00:00+00:00,76,6,286.0,18.9,0.0,46.291737,14.233227
2026-05-24 06:00:00+00:00,106,6,280.0,18.7,0.0,46.22144,14.354067
2026-05-24 06:00:00+00:00,122,6,275.0,16.3,0.0,46.08084,14.45151
2026-05-24 06:00:00+00:00,127,6,275.0,15.6,0.0,46.151142,14.474522
2026-05-24 06:00:00+00:00,129,6,276.0,16.1,0.0,46.010544,14.571429
2026-05-24 06:00:00+00:00,177,6,283.0,16.6,0.0,45.65905,14.88189
2026-05-24 06:00:00+00:00,194,6,286.0,18.5,0.0,46.502636,15.024076
2026-05-24 06:00:00+00:00,236,6,286.0,17.6,0.0,45.79965,15.213271
2026-05-24 06:00:00+00:00,325,6,290.0,21.8,0.0,46.572933,15.62701
2026-05-24 06:00:00+00:00,391,6,293.0,19.8,0.0,46.71353,16.112904
2026-05-24 06:00:00+00:00,422,6,287.0,17.3,0.0,46.22144,15.21531
2026-05-24 06:00:00+00:00,425,6,287.0,18.3,0.0,45.940243,15.546751
2026-05-24 06:00:00+00:00,426,6,263.0,22.2,0.0,45.51845,13.704866
2026-05-24 07:00:00+00:00,63,1,465.0,19.9,0.0,46.432335,14.134615
2026-05-24 07:00:00+00:00,76,1,462.0,21.2,0.0,46.291737,14.233227
2026-05-24 07:00:00+00:00,106,1,454.0,21.0,0.0,46.22144,14.354067
2026-05-24 07:00:00+00:00,122,1,449.0,18.7,0.0,46.08084,14.45151
2026-05-24 07:00:00+00:00,127,1,448.0,18.0,0.0,46.151142,14.474522
2026-05-24 07:00:00+00:00,129,1,450.0,18.2,0.0,46.010544,14.571429
2026-05-24 07:00:00+00:00,177,1,460.0,18.1,0.0,45.65905,14.88189
2026-05-24 07:00:00+00:00,194,1,449.0,20.5,0.0,46.502636,15.024076
2026-05-24 07:00:00+00:00,236,1,463.0,19.8,0.0,45.79965,15.213271
2026-05-24 07:00:00+00:00,325,1,463.0,22.8,0.0,46.572933,15.62701
2026-05-24 07:00:00+00:00,391,1,467.0,21.7,0.0,46.71353,16.112904
2026-05-24 07:00:00+00:00,422,1,459.0,19.8,0.0,46.22144,15.21531
2026-05-24 07:00:00+00:00,425,1,461.0,20.8,0.0,45.940243,15.546751
2026-05-24 07:00:00+00:00,426,1,438.0,23.3,0.0,45.51845,13.704866
2026-05-24 08:00:00+00:00,63,2,632.0,21.5,0.0,46.432335,14.134615
2026-05-24 08:00:00+00:00,76,2,621.0,22.9,0.0,46.291737,14.233227
2026-05-24 08:00:00+00:00,106,2,605.0,22.8,0.0,46.22144,14.354067
2026-05-24 08:00:00+00:00,122,2,605.0,21.4,0.0,46.08084,14.45151
2026-05-24 08:00:00+00:00,127,2,597.0,20.4,0.0,46.151142,14.474522
2026-05-24 08:00:00+00:00,129,2,615.0,20.8,0.0,46.010544,14.571429
2026-05-24 08:00:00+00:00,177,2,628.0,19.3,0.0,45.65905,14.88189
2026-05-24 08:00:00+00:00,194,2,619.0,22.6,0.0,46.502636,15.024076
2026-05-24 08:00:00+00:00,236,2,623.0,22.4,0.0,45.79965,15.213271
2026-05-24 08:00:00+00:00,325,2,626.0,23.8,0.0,46.572933,15.62701
2026-05-24 08:00:00+00:00,391,2,631.0,23.3,0.0,46.71353,16.112904
2026-05-24 08:00:00+00:00,422,2,627.0,22.1,0.0,46.22144,15.21531
2026-05-24 08:00:00+00:00,425,2,620.0,22.6,0.0,45.940243,15.546751
2026-05-24 08:00:00+00:00,426,2,604.0,24.5,0.0,45.51845,13.704866
2026-05-24 09:00:00+00:00,63,3,772.0,23.0,0.0,46.432335,14.134615
2026-05-24 09:00:00+00:00,76,3,752.0,24.3,0.0,46.291737,14.233227
2026-05-24 09:00:00+00:00,106,3,723.0,24.0,0.0,46.22144,14.354067
2026-05-24 09:00:00+00:00,122,3,723.0,23.4,0.0,46.08084,14.45151
2026-05-24 09:00:00+00:00,127,3,709.0,22.1,0.0,46.151142,14.474522
2026-05-24 09:00:00+00:00,129,3,740.0,22.8,0.0,46.010544,14.571429
2026-05-24 09:00:00+00:00,177,3,766.0,20.0,0.0,45.65905,14.88189
2026-05-24 09:00:00+00:00,194,3,762.0,24.3,0.0,46.502636,15.024076
2026-05-24 09:00:00+00:00,236,3,762.0,24.2,0.0,45.79965,15.213271
2026-05-24 09:00:00+00:00,325,3,768.0,25.0,0.0,46.572933,15.62701
2026-05-24 09:00:00+00:00,391,3,767.0,24.1,0.0,46.71353,16.112904
2026-05-24 09:00:00+00:00,422,3,760.0,23.1,0.1,46.22144,15.21531
2026-05-24 09:00:00+00:00,425,3,760.0,23.9,0.0,45.940243,15.546751
2026-05-24 09:00:00+00:00,426,3,743.0,25.0,0.0,45.51845,13.704866
2026-05-24 12:00:00+00:00,63,6,827.0,25.5,0.0,46.432335,14.134615
2026-05-24 12:00:00+00:00,76,6,816.0,26.1,0.0,46.291737,14.233227
2026-05-24 12:00:00+00:00,106,6,786.0,24.9,0.2,46.22144,14.354067
2026-05-24 12:00:00+00:00,122,6,797.0,26.5,0.0,46.08084,14.45151
2026-05-24 12:00:00+00:00,127,6,775.0,24.9,0.1,46.151142,14.474522
2026-05-24 12:00:00+00:00,129,6,835.0,25.5,0.0,46.010544,14.571429
2026-05-24 12:00:00+00:00,177,6,892.0,21.8,0.0,45.65905,14.88189
2026-05-24 12:00:00+00:00,194,6,810.0,25.8,0.0,46.502636,15.024076
2026-05-24 12:00:00+00:00,236,6,907.0,26.5,0.0,45.79965,15.213271
2026-05-24 12:00:00+00:00,325,6,881.0,27.4,0.0,46.572933,15.62701
2026-05-24 12:00:00+00:00,391,6,899.0,26.0,0.0,46.71353,16.112904
2026-05-24 12:00:00+00:00,422,6,817.0,25.4,0.0,46.22144,15.21531
2026-05-24 12:00:00+00:00,425,6,907.0,25.8,0.0,45.940243,15.546751
2026-05-24 12:00:00+00:00,426,6,886.0,26.0,0.0,45.51845,13.704866
2026-05-24 13:00:00+00:00,63,1,809.0,26.9,0.0,46.432335,14.134615
2026-05-24 13:00:00+00:00,76,1,760.0,26.2,0.0,46.291737,14.233227
2026-05-24 13:00:00+00:00,106,1,701.0,25.7,0.1,46.22144,14.354067
2026-05-24 13:00:00+00:00,122,1,737.0,27.7,0.0,46.08084,14.45151
2026-05-24 13:00:00+00:00,127,1,689.0,25.9,0.0,46.151142,14.474522
2026-05-24 13:00:00+00:00,129,1,789.0,26.4,0.0,46.010544,14.571429
2026-05-24 13:00:00+00:00,177,1,841.0,22.6,0.0,45.65905,14.88189
2026-05-24 13:00:00+00:00,194,1,789.0,26.9,0.0,46.502636,15.024076
2026-05-24 13:00:00+00:00,236,1,853.0,27.2,0.0,45.79965,15.213271
2026-05-24 13:00:00+00:00,325,1,816.0,27.9,0.0,46.572933,15.62701
2026-05-24 13:00:00+00:00,391,1,846.0,26.8,0.0,46.71353,16.112904
2026-05-24 13:00:00+00:00,422,1,806.0,26.1,0.0,46.22144,15.21531
2026-05-24 13:00:00+00:00,425,1,851.0,26.5,0.0,45.940243,15.546751
2026-05-24 13:00:00+00:00,426,1,803.0,25.7,0.0,45.51845,13.704866
2026-05-24 14:00:00+00:00,63,2,728.0,27.0,0.0,46.432335,14.134615
2026-05-24 14:00:00+00:00,76,2,698.0,25.6,0.1,46.291737,14.233227
2026-05-24 14:00:00+00:00,106,2,654.0,25.6,0.0,46.22144,14.354067
2026-05-24 14:00:00+00:00,122,2,651.0,27.8,0.0,46.08084,14.45151
2026-05-24 14:00:00+00:00,127,2,632.0,26.0,0.0,46.151142,14.474522
2026-05-24 14:00:00+00:00,129,2,671.0,26.1,0.0,46.010544,14.571429
2026-05-24 14:00:00+00:00,177,2,758.0,22.6,0.0,45.65905,14.88189
2026-05-24 14:00:00+00:00,194,2,669.0,26.8,0.0,46.502636,15.024076
2026-05-24 14:00:00+00:00,236,2,747.0,27.1,0.0,45.79965,15.213271
2026-05-24 14:00:00+00:00,325,2,652.0,27.4,0.0,46.572933,15.62701
2026-05-24 14:00:00+00:00,391,2,729.0,26.9,0.0,46.71353,16.112904
2026-05-24 14:00:00+00:00,422,2,688.0,25.7,0.0,46.22144,15.21531
2026-05-24 14:00:00+00:00,425,2,750.0,26.4,0.0,45.940243,15.546751
2026-05-24 14:00:00+00:00,426,2,698.0,25.8,0.0,45.51845,13.704866
2026-05-24 15:00:00+00:00,63,3,586.0,26.6,0.0,46.432335,14.134615
2026-05-24 15:00:00+00:00,76,3,557.0,24.8,0.1,46.291737,14.233227
2026-05-24 15:00:00+00:00,106,3,534.0,25.1,0.0,46.22144,14.354067
2026-05-24 15:00:00+00:00,122,3,524.0,27.4,0.0,46.08084,14.45151
2026-05-24 15:00:00+00:00,127,3,521.0,25.5,0.0,46.151142,14.474522
2026-05-24 15:00:00+00:00,129,3,534.0,25.6,0.0,46.010544,14.571429
2026-05-24 15:00:00+00:00,177,3,608.0,22.2,0.0,45.65905,14.88189
2026-05-24 15:00:00+00:00,194,3,559.0,26.7,0.0,46.502636,15.024076
2026-05-24 15:00:00+00:00,236,3,609.0,26.8,0.0,45.79965,15.213271
2026-05-24 15:00:00+00:00,325,3,557.0,26.8,0.0,46.572933,15.62701
2026-05-24 15:00:00+00:00,391,3,567.0,26.7,0.0,46.71353,16.112904
2026-05-24 15:00:00+00:00,422,3,561.0,25.2,0.0,46.22144,15.21531
2026-05-24 15:00:00+00:00,425,3,606.0,26.0,0.0,45.940243,15.546751
2026-05-24 15:00:00+00:00,426,3,585.0,25.8,0.0,45.51845,13.704866
2026-05-24 18:00:00+00:00,63,6,116.0,20.9,0.0,46.432335,14.134615
2026-05-24 18:00:00+00:00,76,6,114.0,20.7,0.0,46.291737,14.233227
2026-05-24 18:00:00+00:00,106,6,111.0,21.1,0.0,46.22144,14.354067
2026-05-24 18:00:00+00:00,122,6,107.0,23.6,0.0,46.08084,14.45151
2026-05-24 18:00:00+00:00,127,6,108.0,21.0,0.0,46.151142,14.474522
2026-05-24 18:00:00+00:00,129,6,107.0,21.7,0.0,46.010544,14.571429
2026-05-24 18:00:00+00:00,177,6,106.0,18.0,0.0,45.65905,14.88189
2026-05-24 18:00:00+00:00,194,6,103.0,21.5,0.0,46.502636,15.024076
2026-05-24 18:00:00+00:00,236,6,103.0,23.2,0.0,45.79965,15.213271
2026-05-24 18:00:00+00:00,325,6,103.0,23.8,0.0,46.572933,15.62701
2026-05-24 18:00:00+00:00,391,6,96.0,23.1,0.0,46.71353,16.112904
2026-05-24 18:00:00+00:00,422,6,101.0,21.4,0.0,46.22144,15.21531
2026-05-24 18:00:00+00:00,425,6,99.0,22.7,0.0,45.940243,15.546751
2026-05-24 18:00:00+00:00,426,6,110.0,24.3,0.0,45.51845,13.704866
2026-05-24 19:00:00+00:00,63,1,13.0,18.9,0.0,46.432335,14.134615
2026-05-24 19:00:00+00:00,76,1,12.0,19.2,0.0,46.291737,14.233227
2026-05-24 19:00:00+00:00,106,1,11.0,19.6,0.0,46.22144,14.354067
2026-05-24 19:00:00+00:00,122,1,10.0,21.9,0.0,46.08084,14.45151
2026-05-24 19:00:00+00:00,127,1,10.0,18.6,0.0,46.151142,14.474522
2026-05-24 19:00:00+00:00,129,1,10.0,20.4,0.0,46.010544,14.571429
2026-05-24 19:00:00+00:00,177,1,8.0,16.6,0.0,45.65905,14.88189
2026-05-24 19:00:00+00:00,194,1,10.0,19.9,0.0,46.502636,15.024076
2026-05-24 19:00:00+00:00,236,1,8.0,21.9,0.0,45.79965,15.213271
2026-05-24 19:00:00+00:00,325,1,8.0,23.2,0.0,46.572933,15.62701
2026-05-24 19:00:00+00:00,391,1,7.0,21.4,0.0,46.71353,16.112904
2026-05-24 19:00:00+00:00,422,1,8.0,20.7,0.0,46.22144,15.21531
2026-05-24 19:00:00+00:00,425,1,7.0,21.6,0.0,45.940243,15.546751
2026-05-24 19:00:00+00:00,426,1,11.0,24.2,0.0,45.51845,13.704866
2026-05-24 20:00:00+00:00,63,2,0.0,17.7,0.0,46.432335,14.134615
2026-05-24 20:00:00+00:00,76,2,0.0,18.3,0.0,46.291737,14.233227
2026-05-24 20:00:00+00:00,106,2,0.0,18.4,0.0,46.22144,14.354067
2026-05-24 20:00:00+00:00,122,2,0.0,20.5,0.0,46.08084,14.45151
2026-05-24 20:00:00+00:00,127,2,0.0,17.4,0.0,46.151142,14.474522
2026-05-24 20:00:00+00:00,129,2,0.0,18.9,0.0,46.010544,14.571429
2026-05-24 20:00:00+00:00,177,2,0.0,15.2,0.0,45.65905,14.88189
2026-05-24 20:00:00+00:00,194,2,0.0,18.9,0.0,46.502636,15.024076
2026-05-24 20:00:00+00:00,236,2,0.0,20.3,0.0,45.79965,15.213271
2026-05-24 20:00:00+00:00,325,2,0.0,22.9,0.0,46.572933,15.62701
2026-05-24 20:00:00+00:00,391,2,0.0,20.2,0.0,46.71353,16.112904
2026-05-24 20:00:00+00:00,422,2,0.0,19.3,0.0,46.22144,15.21531
2026-05-24 20:00:00+00:00,425,2,0.0,20.9,0.0,45.940243,15.546751
2026-05-24 20:00:00+00:00,426,2,0.0,23.0,0.0,45.51845,13.704866
2026-05-24 21:00:00+00:00,63,3,0.0,16.9,0.0,46.432335,14.134615
2026-05-24 21:00:00+00:00,76,3,0.0,17.8,0.0,46.291737,14.233227
2026-05-24 21:00:00+00:00,106,3,0.0,18.0,0.0,46.22144,14.354067
2026-05-24 21:00:00+00:00,122,3,0.0,19.3,0.0,46.08084,14.45151
2026-05-24 21:00:00+00:00,127,3,0.0,16.7,0.0,46.151142,14.474522
2026-05-24 21:00:00+00:00,129,3,0.0,17.7,0.0,46.010544,14.571429
2026-05-24 21:00:00+00:00,177,3,0.0,14.2,0.0,45.65905,14.88189
2026-05-24 21:00:00+00:00,194,3,0.0,18.0,0.0,46.502636,15.024076
2026-05-24 21:00:00+00:00,236,3,0.0,19.2,0.0,45.79965,15.213271
2026-05-24 21:00:00+00:00,325,3,0.0,22.1,0.0,46.572933,15.62701
2026-05-24 21:00:00+00:00,391,3,0.0,18.7,0.0,46.71353,16.112904
2026-05-24 21:00:00+00:00,422,3,0.0,17.8,0.0,46.22144,15.21531
2026-05-24 21:00:00+00:00,425,3,0.0,19.9,0.0,45.940243,15.546751
2026-05-24 21:00:00+00:00,426,3,0.0,22.9,0.0,45.51845,13.704866
2026-05-25 00:00:00+00:00,63,6,0.0,16.4,0.0,46.432335,14.134615
2026-05-25 00:00:00+00:00,63,24,0.0,16.8,0.0,46.432335,14.134615
2026-05-25 00:00:00+00:00,76,6,0.0,14.9,0.0,46.291737,14.233227
2026-05-25 00:00:00+00:00,76,24,0.0,13.4,0.0,46.291737,14.233227
2026-05-25 00:00:00+00:00,106,6,0.0,16.3,0.0,46.22144,14.354067
2026-05-25 00:00:00+00:00,106,24,0.0,14.6,0.0,46.22144,14.354067
2026-05-25 00:00:00+00:00,122,6,0.0,16.7,0.0,46.08084,14.45151
2026-05-25 00:00:00+00:00,122,24,0.0,15.4,0.0,46.08084,14.45151
2026-05-25 00:00:00+00:00,127,6,0.0,15.5,0.0,46.151142,14.474522
2026-05-25 00:00:00+00:00,127,24,0.0,14.2,0.0,46.151142,14.474522
2026-05-25 00:00:00+00:00,129,6,0.0,15.8,0.0,46.010544,14.571429
2026-05-25 00:00:00+00:00,129,24,0.0,15.6,0.0,46.010544,14.571429
2026-05-25 00:00:00+00:00,177,6,0.0,12.9,0.0,45.65905,14.88189
2026-05-25 00:00:00+00:00,177,24,0.0,13.0,0.0,45.65905,14.88189
2026-05-25 00:00:00+00:00,194,6,0.0,16.1,0.0,46.502636,15.024076
2026-05-25 00:00:00+00:00,194,24,0.0,15.8,0.0,46.502636,15.024076
2026-05-25 00:00:00+00:00,236,6,0.0,17.4,0.0,45.79965,15.213271
2026-05-25 00:00:00+00:00,236,24,0.0,16.8,0.0,45.79965,15.213271
2026-05-25 00:00:00+00:00,325,6,0.0,20.0,0.0,46.572933,15.62701
2026-05-25 00:00:00+00:00,325,24,0.0,21.3,0.0,46.572933,15.62701
2026-05-25 00:00:00+00:00,391,6,0.0,17.5,0.0,46.71353,16.112904
2026-05-25 00:00:00+00:00,391,24,0.0,16.9,0.0,46.71353,16.112904
2026-05-25 00:00:00+00:00,422,6,0.0,16.3,0.0,46.22144,15.21531
2026-05-25 00:00:00+00:00,422,24,0.0,15.5,0.0,46.22144,15.21531
2026-05-25 00:00:00+00:00,425,6,0.0,16.9,0.0,45.940243,15.546751
2026-05-25 00:00:00+00:00,425,24,0.0,16.8,0.0,45.940243,15.546751
2026-05-25 00:00:00+00:00,426,6,0.0,20.2,0.0,45.51845,13.704866
2026-05-25 00:00:00+00:00,426,24,0.0,20.7,0.0,45.51845,13.704866
2026-05-25 06:00:00+00:00,63,24,281.0,21.2,0.0,46.432335,14.134615
2026-05-25 06:00:00+00:00,76,24,271.0,20.9,0.0,46.291737,14.233227
2026-05-25 06:00:00+00:00,106,24,258.0,20.3,0.0,46.22144,14.354067
2026-05-25 06:00:00+00:00,122,24,243.0,18.1,0.0,46.08084,14.45151
2026-05-25 06:00:00+00:00,127,24,245.0,17.1,0.0,46.151142,14.474522
2026-05-25 06:00:00+00:00,129,24,241.0,17.9,0.0,46.010544,14.571429
2026-05-25 06:00:00+00:00,177,24,235.0,18.6,0.0,45.65905,14.88189
2026-05-25 06:00:00+00:00,194,24,269.0,20.7,0.0,46.502636,15.024076
2026-05-25 06:00:00+00:00,236,24,256.0,19.4,0.0,45.79965,15.213271
2026-05-25 06:00:00+00:00,325,24,291.0,24.5,0.0,46.572933,15.62701
2026-05-25 06:00:00+00:00,391,24,294.0,21.9,0.0,46.71353,16.112904
2026-05-25 06:00:00+00:00,422,24,275.0,19.4,0.0,46.22144,15.21531
2026-05-25 06:00:00+00:00,425,24,276.0,20.0,0.0,45.940243,15.546751
2026-05-25 06:00:00+00:00,426,24,256.0,23.7,0.0,45.51845,13.704866
2026-05-25 12:00:00+00:00,63,24,796.0,27.7,0.0,46.432335,14.134615
2026-05-25 12:00:00+00:00,76,24,826.0,27.4,0.0,46.291737,14.233227
2026-05-25 12:00:00+00:00,106,24,820.0,27.0,0.0,46.22144,14.354067
2026-05-25 12:00:00+00:00,122,24,793.0,28.9,0.0,46.08084,14.45151
2026-05-25 12:00:00+00:00,127,24,795.0,26.6,0.0,46.151142,14.474522
2026-05-25 12:00:00+00:00,129,24,799.0,27.4,0.0,46.010544,14.571429
2026-05-25 12:00:00+00:00,177,24,813.0,24.1,0.2,45.65905,14.88189
2026-05-25 12:00:00+00:00,194,24,842.0,28.3,0.0,46.502636,15.024076
2026-05-25 12:00:00+00:00,236,24,778.0,28.5,0.1,45.79965,15.213271
2026-05-25 12:00:00+00:00,325,24,829.0,29.0,0.0,46.572933,15.62701
2026-05-25 12:00:00+00:00,391,24,824.0,28.4,0.0,46.71353,16.112904
2026-05-25 12:00:00+00:00,422,24,821.0,26.5,0.1,46.22144,15.21531
2026-05-25 12:00:00+00:00,425,24,821.0,28.4,0.0,45.940243,15.546751
2026-05-25 12:00:00+00:00,426,24,805.0,28.1,0.0,45.51845,13.704866
2026-05-25 18:00:00+00:00,63,24,120.0,21.6,0.0,46.432335,14.134615
2026-05-25 18:00:00+00:00,76,24,117.0,22.3,0.0,46.291737,14.233227
2026-05-25 18:00:00+00:00,106,24,111.0,23.8,0.0,46.22144,14.354067
2026-05-25 18:00:00+00:00,122,24,106.0,26.0,0.0,46.08084,14.45151
2026-05-25 18:00:00+00:00,127,24,106.0,23.6,0.0,46.151142,14.474522
2026-05-25 18:00:00+00:00,129,24,106.0,23.3,0.0,46.010544,14.571429
2026-05-25 18:00:00+00:00,177,24,102.0,19.9,0.0,45.65905,14.88189
2026-05-25 18:00:00+00:00,194,24,104.0,22.6,0.0,46.502636,15.024076
2026-05-25 18:00:00+00:00,236,24,94.0,26.4,0.0,45.79965,15.213271
2026-05-25 18:00:00+00:00,325,24,99.0,26.4,0.0,46.572933,15.62701
2026-05-25 18:00:00+00:00,391,24,100.0,25.0,0.0,46.71353,16.112904
2026-05-25 18:00:00+00:00,422,24,100.0,22.9,0.0,46.22144,15.21531
2026-05-25 18:00:00+00:00,425,24,97.0,26.4,0.0,45.940243,15.546751
2026-05-25 18:00:00+00:00,426,24,112.0,26.1,0.0,45.51845,13.704866
2026-05-25 01:00:00+00:00,63,1,0.0,16.5,0.0,46.432335,14.134615
2026-05-25 01:00:00+00:00,76,1,0.0,15.0,0.0,46.291737,14.233227
2026-05-25 01:00:00+00:00,106,1,0.0,16.1,0.0,46.22144,14.354067
2026-05-25 01:00:00+00:00,122,1,0.0,14.8,0.0,46.08084,14.45151
2026-05-25 01:00:00+00:00,127,1,0.0,14.4,0.0,46.151142,14.474522
2026-05-25 01:00:00+00:00,129,1,0.0,14.7,0.0,46.010544,14.571429
2026-05-25 01:00:00+00:00,177,1,0.0,12.7,0.0,45.65905,14.88189
2026-05-25 01:00:00+00:00,194,1,0.0,16.1,0.1,46.502636,15.024076
2026-05-25 01:00:00+00:00,236,1,0.0,15.6,0.0,45.79965,15.213271
2026-05-25 01:00:00+00:00,325,1,0.0,20.3,0.0,46.572933,15.62701
2026-05-25 01:00:00+00:00,391,1,0.0,17.1,0.0,46.71353,16.112904
2026-05-25 01:00:00+00:00,422,1,0.0,15.4,0.0,46.22144,15.21531
2026-05-25 01:00:00+00:00,425,1,0.0,16.5,0.0,45.940243,15.546751
2026-05-25 01:00:00+00:00,426,1,0.0,19.5,0.0,45.51845,13.704866
2026-05-25 02:00:00+00:00,63,2,0.0,16.6,0.0,46.432335,14.134615
2026-05-25 02:00:00+00:00,76,2,0.0,14.5,0.1,46.291737,14.233227
2026-05-25 02:00:00+00:00,106,2,0.0,15.9,0.0,46.22144,14.354067
2026-05-25 02:00:00+00:00,122,2,0.0,14.6,0.0,46.08084,14.45151
2026-05-25 02:00:00+00:00,127,2,0.0,14.1,0.0,46.151142,14.474522
2026-05-25 02:00:00+00:00,129,2,0.0,14.7,0.0,46.010544,14.571429
2026-05-25 02:00:00+00:00,177,2,0.0,13.0,0.0,45.65905,14.88189
2026-05-25 02:00:00+00:00,194,2,0.0,15.7,0.0,46.502636,15.024076
2026-05-25 02:00:00+00:00,236,2,0.0,15.2,0.0,45.79965,15.213271
2026-05-25 02:00:00+00:00,325,2,0.0,19.9,0.0,46.572933,15.62701
2026-05-25 02:00:00+00:00,391,2,0.0,16.8,0.0,46.71353,16.112904
2026-05-25 02:00:00+00:00,422,2,0.0,15.7,0.0,46.22144,15.21531
2026-05-25 02:00:00+00:00,425,2,0.0,16.1,0.0,45.940243,15.546751
2026-05-25 02:00:00+00:00,426,2,0.0,19.1,0.0,45.51845,13.704866
2026-05-25 03:00:00+00:00,63,3,0.0,16.4,0.0,46.432335,14.134615
2026-05-25 03:00:00+00:00,76,3,0.0,13.8,0.0,46.291737,14.233227
2026-05-25 03:00:00+00:00,106,3,0.0,14.9,0.0,46.22144,14.354067
2026-05-25 03:00:00+00:00,122,3,0.0,14.1,0.0,46.08084,14.45151
2026-05-25 03:00:00+00:00,127,3,0.0,13.9,0.0,46.151142,14.474522
2026-05-25 03:00:00+00:00,129,3,0.0,14.6,0.0,46.010544,14.571429
2026-05-25 03:00:00+00:00,177,3,0.0,13.3,0.0,45.65905,14.88189
2026-05-25 03:00:00+00:00,194,3,0.0,15.8,0.1,46.502636,15.024076
2026-05-25 03:00:00+00:00,236,3,0.0,15.1,0.0,45.79965,15.213271
2026-05-25 03:00:00+00:00,325,3,0.0,19.6,0.0,46.572933,15.62701
2026-05-25 03:00:00+00:00,391,3,0.0,16.5,0.0,46.71353,16.112904
2026-05-25 03:00:00+00:00,422,3,0.0,15.2,0.0,46.22144,15.21531
2026-05-25 03:00:00+00:00,425,3,0.0,16.0,0.0,45.940243,15.546751
2026-05-25 03:00:00+00:00,426,3,0.0,18.7,0.0,45.51845,13.704866
2026-05-25 06:00:00+00:00,63,6,258.0,21.0,0.0,46.432335,14.134615
2026-05-25 06:00:00+00:00,76,6,255.0,21.1,0.0,46.291737,14.233227
2026-05-25 06:00:00+00:00,106,6,249.0,21.4,0.0,46.22144,14.354067
2026-05-25 06:00:00+00:00,122,6,234.0,19.0,0.0,46.08084,14.45151
2026-05-25 06:00:00+00:00,127,6,239.0,18.3,0.0,46.151142,14.474522
2026-05-25 06:00:00+00:00,129,6,232.0,18.5,0.0,46.010544,14.571429
2026-05-25 06:00:00+00:00,177,6,258.0,18.8,0.0,45.65905,14.88189
2026-05-25 06:00:00+00:00,194,6,263.0,20.8,0.0,46.502636,15.024076
2026-05-25 06:00:00+00:00,236,6,262.0,20.0,0.0,45.79965,15.213271
2026-05-25 06:00:00+00:00,325,6,282.0,25.2,0.0,46.572933,15.62701
2026-05-25 06:00:00+00:00,391,6,288.0,22.0,0.0,46.71353,16.112904
2026-05-25 06:00:00+00:00,422,6,270.0,19.7,0.0,46.22144,15.21531
2026-05-25 06:00:00+00:00,425,6,280.0,20.5,0.0,45.940243,15.546751
2026-05-25 06:00:00+00:00,426,6,240.0,23.5,0.0,45.51845,13.704866
2026-05-25 07:00:00+00:00,63,1,448.0,22.6,0.0,46.432335,14.134615
2026-05-25 07:00:00+00:00,76,1,420.0,23.7,0.0,46.291737,14.233227
2026-05-25 07:00:00+00:00,106,1,381.0,23.4,0.0,46.22144,14.354067
2026-05-25 07:00:00+00:00,122,1,399.0,21.4,0.0,46.08084,14.45151
2026-05-25 07:00:00+00:00,127,1,371.0,20.4,0.0,46.151142,14.474522
2026-05-25 07:00:00+00:00,129,1,429.0,20.5,0.0,46.010544,14.571429
2026-05-25 07:00:00+00:00,177,1,424.0,20.7,0.0,45.65905,14.88189
2026-05-25 07:00:00+00:00,194,1,399.0,22.7,0.0,46.502636,15.024076
2026-05-25 07:00:00+00:00,236,1,445.0,22.5,0.0,45.79965,15.213271
2026-05-25 07:00:00+00:00,325,1,451.0,26.3,0.0,46.572933,15.62701
2026-05-25 07:00:00+00:00,391,1,467.0,24.3,0.0,46.71353,16.112904
2026-05-25 07:00:00+00:00,422,1,413.0,22.1,0.0,46.22144,15.21531
2026-05-25 07:00:00+00:00,425,1,439.0,23.1,0.0,45.940243,15.546751
2026-05-25 07:00:00+00:00,426,1,398.0,25.9,0.0,45.51845,13.704866
2026-05-25 08:00:00+00:00,63,2,607.0,24.1,0.0,46.432335,14.134615
2026-05-25 08:00:00+00:00,76,2,606.0,25.6,0.0,46.291737,14.233227
2026-05-25 08:00:00+00:00,106,2,598.0,25.9,0.0,46.22144,14.354067
2026-05-25 08:00:00+00:00,122,2,586.0,24.3,0.0,46.08084,14.45151
2026-05-25 08:00:00+00:00,127,2,587.0,23.3,0.0,46.151142,14.474522
2026-05-25 08:00:00+00:00,129,2,589.0,22.9,0.0,46.010544,14.571429
2026-05-25 08:00:00+00:00,177,2,613.0,22.5,0.0,45.65905,14.88189
2026-05-25 08:00:00+00:00,194,2,566.0,25.1,0.0,46.502636,15.024076
2026-05-25 08:00:00+00:00,236,2,595.0,25.2,0.0,45.79965,15.213271
2026-05-25 08:00:00+00:00,325,2,609.0,27.1,0.0,46.572933,15.62701
2026-05-25 08:00:00+00:00,391,2,623.0,26.0,0.0,46.71353,16.112904
2026-05-25 08:00:00+00:00,422,2,584.0,24.8,0.0,46.22144,15.21531
2026-05-25 08:00:00+00:00,425,2,605.0,25.8,0.0,45.940243,15.546751
2026-05-25 08:00:00+00:00,426,2,585.0,26.5,0.0,45.51845,13.704866
2026-05-25 09:00:00+00:00,63,3,739.0,25.4,0.0,46.432335,14.134615
2026-05-25 09:00:00+00:00,76,3,649.0,26.2,0.1,46.291737,14.233227
2026-05-25 09:00:00+00:00,106,3,633.0,26.5,0.2,46.22144,14.354067
2026-05-25 09:00:00+00:00,122,3,682.0,26.6,0.0,46.08084,14.45151
2026-05-25 09:00:00+00:00,127,3,663.0,25.3,0.0,46.151142,14.474522
2026-05-25 09:00:00+00:00,129,3,720.0,25.3,0.0,46.010544,14.571429
2026-05-25 09:00:00+00:00,177,3,747.0,23.5,0.0,45.65905,14.88189
2026-05-25 09:00:00+00:00,194,3,657.0,26.3,0.1,46.502636,15.024076
2026-05-25 09:00:00+00:00,236,3,738.0,27.6,0.0,45.79965,15.213271
2026-05-25 09:00:00+00:00,325,3,711.0,27.8,0.0,46.572933,15.62701
2026-05-25 09:00:00+00:00,391,3,732.0,26.7,0.0,46.71353,16.112904
2026-05-25 09:00:00+00:00,422,3,704.0,26.5,0.0,46.22144,15.21531
2026-05-25 09:00:00+00:00,425,3,743.0,27.5,0.0,45.940243,15.546751
2026-05-25 09:00:00+00:00,426,3,728.0,25.8,0.0,45.51845,13.704866
2026-05-25 12:00:00+00:00,63,6,874.0,27.5,0.0,46.432335,14.134615
2026-05-25 12:00:00+00:00,76,6,775.0,26.3,0.2,46.291737,14.233227
2026-05-25 12:00:00+00:00,106,6,728.0,25.9,0.4,46.22144,14.354067
2026-05-25 12:00:00+00:00,122,6,722.0,28.4,0.1,46.08084,14.45151
2026-05-25 12:00:00+00:00,127,6,718.0,25.8,0.4,46.151142,14.474522
2026-05-25 12:00:00+00:00,129,6,752.0,27.3,0.0,46.010544,14.571429
2026-05-25 12:00:00+00:00,177,6,822.0,24.1,0.1,45.65905,14.88189
2026-05-25 12:00:00+00:00,194,6,799.0,28.5,0.0,46.502636,15.024076
2026-05-25 12:00:00+00:00,236,6,777.0,29.2,0.1,45.79965,15.213271
2026-05-25 12:00:00+00:00,325,6,817.0,28.9,0.0,46.572933,15.62701
2026-05-25 12:00:00+00:00,391,6,818.0,28.6,0.0,46.71353,16.112904
2026-05-25 12:00:00+00:00,422,6,761.0,25.6,0.4,46.22144,15.21531
2026-05-25 12:00:00+00:00,425,6,728.0,28.0,0.4,45.940243,15.546751
2026-05-25 12:00:00+00:00,426,6,838.0,28.6,0.0,45.51845,13.704866
2026-05-25 13:00:00+00:00,63,1,793.0,28.3,0.0,46.432335,14.134615
2026-05-25 13:00:00+00:00,76,1,764.0,27.6,0.1,46.291737,14.233227
2026-05-25 13:00:00+00:00,106,1,741.0,27.7,0.0,46.22144,14.354067
2026-05-25 13:00:00+00:00,122,1,732.0,29.9,0.0,46.08084,14.45151
2026-05-25 13:00:00+00:00,127,1,728.0,27.4,0.0,46.151142,14.474522
2026-05-25 13:00:00+00:00,129,1,730.0,27.9,0.0,46.010544,14.571429
2026-05-25 13:00:00+00:00,177,1,717.0,24.5,0.0,45.65905,14.88189
2026-05-25 13:00:00+00:00,194,1,773.0,29.0,0.0,46.502636,15.024076
2026-05-25 13:00:00+00:00,236,1,597.0,28.6,0.3,45.79965,15.213271
2026-05-25 13:00:00+00:00,325,1,743.0,28.8,0.0,46.572933,15.62701
2026-05-25 13:00:00+00:00,391,1,747.0,28.9,0.0,46.71353,16.112904
2026-05-25 13:00:00+00:00,422,1,794.0,27.5,0.0,46.22144,15.21531
2026-05-25 13:00:00+00:00,425,1,790.0,28.8,0.0,45.940243,15.546751
2026-05-25 13:00:00+00:00,426,1,759.0,28.4,0.0,45.51845,13.704866
2026-05-25 14:00:00+00:00,63,2,733.0,28.4,0.0,46.432335,14.134615
2026-05-25 14:00:00+00:00,76,2,662.0,26.7,0.0,46.291737,14.233227
2026-05-25 14:00:00+00:00,106,2,619.0,26.8,0.0,46.22144,14.354067
2026-05-25 14:00:00+00:00,122,2,611.0,29.1,0.1,46.08084,14.45151
2026-05-25 14:00:00+00:00,127,2,608.0,26.9,0.1,46.151142,14.474522
2026-05-25 14:00:00+00:00,129,2,622.0,27.5,0.0,46.010544,14.571429
2026-05-25 14:00:00+00:00,177,2,639.0,24.1,0.0,45.65905,14.88189
2026-05-25 14:00:00+00:00,194,2,640.0,28.4,0.0,46.502636,15.024076
2026-05-25 14:00:00+00:00,236,2,724.0,29.6,0.0,45.79965,15.213271
2026-05-25 14:00:00+00:00,325,2,672.0,28.9,0.0,46.572933,15.62701
2026-05-25 14:00:00+00:00,391,2,662.0,28.8,0.0,46.71353,16.112904
2026-05-25 14:00:00+00:00,422,2,693.0,27.4,0.0,46.22144,15.21531
2026-05-25 14:00:00+00:00,425,2,691.0,28.7,0.0,45.940243,15.546751
2026-05-25 14:00:00+00:00,426,2,708.0,27.8,0.0,45.51845,13.704866
2026-05-25 15:00:00+00:00,63,3,579.0,27.3,0.0,46.432335,14.134615
2026-05-25 15:00:00+00:00,76,3,552.0,26.3,0.0,46.291737,14.233227
2026-05-25 15:00:00+00:00,106,3,542.0,26.8,0.0,46.22144,14.354067
2026-05-25 15:00:00+00:00,122,3,561.0,28.8,0.0,46.08084,14.45151
2026-05-25 15:00:00+00:00,127,3,548.0,27.1,0.0,46.151142,14.474522
2026-05-25 15:00:00+00:00,129,3,572.0,27.2,0.0,46.010544,14.571429
2026-05-25 15:00:00+00:00,177,3,570.0,24.0,0.0,45.65905,14.88189
2026-05-25 15:00:00+00:00,194,3,572.0,27.8,0.4,46.502636,15.024076
2026-05-25 15:00:00+00:00,236,3,560.0,29.2,0.0,45.79965,15.213271
2026-05-25 15:00:00+00:00,325,3,563.0,28.7,0.0,46.572933,15.62701
2026-05-25 15:00:00+00:00,391,3,562.0,28.4,0.0,46.71353,16.112904
2026-05-25 15:00:00+00:00,422,3,570.0,27.2,0.0,46.22144,15.21531
2026-05-25 15:00:00+00:00,425,3,557.0,28.4,0.0,45.940243,15.546751
2026-05-25 15:00:00+00:00,426,3,565.0,27.2,0.0,45.51845,13.704866
2026-05-25 18:00:00+00:00,63,6,118.0,21.3,0.0,46.432335,14.134615
2026-05-25 18:00:00+00:00,76,6,114.0,22.4,0.0,46.291737,14.233227
2026-05-25 18:00:00+00:00,106,6,108.0,23.6,0.0,46.22144,14.354067
2026-05-25 18:00:00+00:00,122,6,103.0,25.6,0.0,46.08084,14.45151
2026-05-25 18:00:00+00:00,127,6,103.0,23.0,0.0,46.151142,14.474522
2026-05-25 18:00:00+00:00,129,6,104.0,23.3,0.0,46.010544,14.571429
2026-05-25 18:00:00+00:00,177,6,103.0,19.3,0.0,45.65905,14.88189
2026-05-25 18:00:00+00:00,194,6,105.0,22.8,0.0,46.502636,15.024076
2026-05-25 18:00:00+00:00,236,6,101.0,25.2,0.0,45.79965,15.213271
2026-05-25 18:00:00+00:00,325,6,97.0,25.4,0.0,46.572933,15.62701
2026-05-25 18:00:00+00:00,391,6,96.0,24.1,0.0,46.71353,16.112904
2026-05-25 18:00:00+00:00,422,6,101.0,23.5,0.0,46.22144,15.21531
2026-05-25 18:00:00+00:00,425,6,96.0,25.8,0.0,45.940243,15.546751
2026-05-25 18:00:00+00:00,426,6,112.0,24.9,0.0,45.51845,13.704866
2026-05-25 19:00:00+00:00,63,1,13.0,20.3,0.0,46.432335,14.134615
2026-05-25 19:00:00+00:00,76,1,12.0,21.0,0.0,46.291737,14.233227
2026-05-25 19:00:00+00:00,106,1,11.0,22.0,0.0,46.22144,14.354067
2026-05-25 19:00:00+00:00,122,1,11.0,23.5,0.0,46.08084,14.45151
2026-05-25 19:00:00+00:00,127,1,10.0,20.7,0.0,46.151142,14.474522
2026-05-25 19:00:00+00:00,129,1,10.0,21.4,0.0,46.010544,14.571429
2026-05-25 19:00:00+00:00,177,1,8.0,18.4,0.0,45.65905,14.88189
2026-05-25 19:00:00+00:00,194,1,10.0,21.1,0.0,46.502636,15.024076
2026-05-25 19:00:00+00:00,236,1,8.0,24.1,0.0,45.79965,15.213271
2026-05-25 19:00:00+00:00,325,1,9.0,23.8,0.0,46.572933,15.62701
2026-05-25 19:00:00+00:00,391,1,8.0,22.4,0.0,46.71353,16.112904
2026-05-25 19:00:00+00:00,422,1,9.0,22.2,0.0,46.22144,15.21531
2026-05-25 19:00:00+00:00,425,1,7.0,24.6,0.0,45.940243,15.546751
2026-05-25 19:00:00+00:00,426,1,12.0,24.2,0.0,45.51845,13.704866
2026-05-25 20:00:00+00:00,63,2,0.0,19.5,0.0,46.432335,14.134615
2026-05-25 20:00:00+00:00,76,2,0.0,20.2,0.0,46.291737,14.233227
2026-05-25 20:00:00+00:00,106,2,0.0,21.1,0.0,46.22144,14.354067
2026-05-25 20:00:00+00:00,122,2,0.0,22.1,0.0,46.08084,14.45151
2026-05-25 20:00:00+00:00,127,2,0.0,19.4,0.0,46.151142,14.474522
2026-05-25 20:00:00+00:00,129,2,0.0,20.2,0.0,46.010544,14.571429
2026-05-25 20:00:00+00:00,177,2,0.0,16.9,0.0,45.65905,14.88189
2026-05-25 20:00:00+00:00,194,2,0.0,20.4,0.0,46.502636,15.024076
2026-05-25 20:00:00+00:00,236,2,0.0,22.9,0.0,45.79965,15.213271
2026-05-25 20:00:00+00:00,325,2,0.0,23.6,0.0,46.572933,15.62701
2026-05-25 20:00:00+00:00,391,2,0.0,21.9,0.0,46.71353,16.112904
2026-05-25 20:00:00+00:00,422,2,0.0,21.0,0.0,46.22144,15.21531
2026-05-25 20:00:00+00:00,425,2,0.0,23.3,0.0,45.940243,15.546751
2026-05-25 20:00:00+00:00,426,2,0.0,22.9,0.0,45.51845,13.704866
2026-05-25 21:00:00+00:00,63,3,0.0,18.6,0.0,46.432335,14.134615
2026-05-25 21:00:00+00:00,76,3,0.0,18.8,0.0,46.291737,14.233227
2026-05-25 21:00:00+00:00,106,3,0.0,20.4,0.0,46.22144,14.354067
2026-05-25 21:00:00+00:00,122,3,0.0,20.9,0.0,46.08084,14.45151
2026-05-25 21:00:00+00:00,127,3,0.0,18.6,0.0,46.151142,14.474522
2026-05-25 21:00:00+00:00,129,3,0.0,19.1,0.0,46.010544,14.571429
2026-05-25 21:00:00+00:00,177,3,0.0,15.8,0.0,45.65905,14.88189
2026-05-25 21:00:00+00:00,194,3,0.0,20.2,0.0,46.502636,15.024076
2026-05-25 21:00:00+00:00,236,3,0.0,21.6,0.0,45.79965,15.213271
2026-05-25 21:00:00+00:00,325,3,0.0,23.6,0.0,46.572933,15.62701
2026-05-25 21:00:00+00:00,391,3,0.0,20.5,0.0,46.71353,16.112904
2026-05-25 21:00:00+00:00,422,3,0.0,19.7,0.0,46.22144,15.21531
2026-05-25 21:00:00+00:00,425,3,0.0,22.3,0.0,45.940243,15.546751
2026-05-25 21:00:00+00:00,426,3,0.0,21.8,0.0,45.51845,13.704866
2026-05-26 00:00:00+00:00,63,6,0.0,17.9,0.0,46.432335,14.134615
2026-05-26 00:00:00+00:00,63,24,0.0,16.8,0.0,46.432335,14.134615
2026-05-26 00:00:00+00:00,76,6,0.0,16.2,0.0,46.291737,14.233227
2026-05-26 00:00:00+00:00,76,24,0.0,16.1,0.0,46.291737,14.233227
2026-05-26 00:00:00+00:00,106,6,0.0,17.9,0.0,46.22144,14.354067
2026-05-26 00:00:00+00:00,106,24,0.0,16.9,0.0,46.22144,14.354067
2026-05-26 00:00:00+00:00,122,6,0.0,18.4,0.0,46.08084,14.45151
2026-05-26 00:00:00+00:00,122,24,0.0,18.2,0.0,46.08084,14.45151
2026-05-26 00:00:00+00:00,127,6,0.0,17.3,0.0,46.151142,14.474522
2026-05-26 00:00:00+00:00,127,24,0.0,15.9,0.0,46.151142,14.474522
2026-05-26 00:00:00+00:00,129,6,0.0,16.9,0.0,46.010544,14.571429
2026-05-26 00:00:00+00:00,129,24,0.0,17.8,0.0,46.010544,14.571429
2026-05-26 00:00:00+00:00,177,6,0.0,14.4,0.0,45.65905,14.88189
2026-05-26 00:00:00+00:00,177,24,0.0,15.2,0.0,45.65905,14.88189
2026-05-26 00:00:00+00:00,194,6,0.0,18.2,0.0,46.502636,15.024076
2026-05-26 00:00:00+00:00,194,24,0.0,17.0,0.0,46.502636,15.024076
2026-05-26 00:00:00+00:00,236,6,0.0,19.8,0.0,45.79965,15.213271
2026-05-26 00:00:00+00:00,236,24,0.0,19.3,0.0,45.79965,15.213271
2026-05-26 00:00:00+00:00,325,6,0.0,21.0,0.0,46.572933,15.62701
2026-05-26 00:00:00+00:00,325,24,0.0,21.0,0.0,46.572933,15.62701
2026-05-26 00:00:00+00:00,391,6,0.0,17.7,0.0,46.71353,16.112904
2026-05-26 00:00:00+00:00,391,24,0.0,17.0,0.0,46.71353,16.112904
2026-05-26 00:00:00+00:00,422,6,0.0,17.5,0.0,46.22144,15.21531
2026-05-26 00:00:00+00:00,422,24,0.0,17.0,0.0,46.22144,15.21531
2026-05-26 00:00:00+00:00,425,6,0.0,18.6,0.0,45.940243,15.546751
2026-05-26 00:00:00+00:00,425,24,0.0,17.6,0.0,45.940243,15.546751
2026-05-26 00:00:00+00:00,426,6,0.0,21.9,0.0,45.51845,13.704866
2026-05-26 00:00:00+00:00,426,24,0.0,21.0,0.0,45.51845,13.704866
2026-05-26 06:00:00+00:00,63,24,291.0,21.8,0.0,46.432335,14.134615
2026-05-26 06:00:00+00:00,76,24,287.0,21.9,0.0,46.291737,14.233227
2026-05-26 06:00:00+00:00,106,24,281.0,21.4,0.0,46.22144,14.354067
2026-05-26 06:00:00+00:00,122,24,276.0,19.8,0.0,46.08084,14.45151
2026-05-26 06:00:00+00:00,127,24,276.0,18.8,0.0,46.151142,14.474522
2026-05-26 06:00:00+00:00,129,24,279.0,19.7,0.0,46.010544,14.571429
2026-05-26 06:00:00+00:00,177,24,285.0,18.9,0.0,45.65905,14.88189
2026-05-26 06:00:00+00:00,194,24,294.0,21.9,0.0,46.502636,15.024076
2026-05-26 06:00:00+00:00,236,24,287.0,21.0,0.0,45.79965,15.213271
2026-05-26 06:00:00+00:00,325,24,300.0,23.4,0.0,46.572933,15.62701
2026-05-26 06:00:00+00:00,391,24,306.0,20.8,0.0,46.71353,16.112904
2026-05-26 06:00:00+00:00,422,24,290.0,19.6,0.0,46.22144,15.21531
2026-05-26 06:00:00+00:00,425,24,285.0,21.7,0.0,45.940243,15.546751
2026-05-26 06:00:00+00:00,426,24,263.0,25.3,0.0,45.51845,13.704866
2026-05-26 12:00:00+00:00,63,24,918.0,28.7,0.0,46.432335,14.134615
2026-05-26 12:00:00+00:00,76,24,848.0,28.1,0.0,46.291737,14.233227
2026-05-26 12:00:00+00:00,106,24,820.0,27.7,0.0,46.22144,14.354067
2026-05-26 12:00:00+00:00,122,24,816.0,29.3,0.0,46.08084,14.45151
2026-05-26 12:00:00+00:00,127,24,816.0,27.3,0.0,46.151142,14.474522
2026-05-26 12:00:00+00:00,129,24,845.0,27.7,0.0,46.010544,14.571429
2026-05-26 12:00:00+00:00,177,24,912.0,24.9,0.0,45.65905,14.88189
2026-05-26 12:00:00+00:00,194,24,889.0,29.9,0.0,46.502636,15.024076
2026-05-26 12:00:00+00:00,236,24,906.0,29.9,0.0,45.79965,15.213271
2026-05-26 12:00:00+00:00,325,24,904.0,28.8,0.0,46.572933,15.62701
2026-05-26 12:00:00+00:00,391,24,893.0,28.1,0.0,46.71353,16.112904
2026-05-26 12:00:00+00:00,422,24,883.0,27.5,0.0,46.22144,15.21531
2026-05-26 12:00:00+00:00,425,24,902.0,28.4,0.0,45.940243,15.546751
2026-05-26 12:00:00+00:00,426,24,814.0,29.1,0.0,45.51845,13.704866
2026-05-26 18:00:00+00:00,63,24,119.0,23.0,0.0,46.432335,14.134615
2026-05-26 18:00:00+00:00,76,24,117.0,24.1,0.0,46.291737,14.233227
2026-05-26 18:00:00+00:00,106,24,113.0,25.2,0.0,46.22144,14.354067
2026-05-26 18:00:00+00:00,122,24,109.0,27.3,0.0,46.08084,14.45151
2026-05-26 18:00:00+00:00,127,24,109.0,24.9,0.0,46.151142,14.474522
2026-05-26 18:00:00+00:00,129,24,107.0,24.5,0.0,46.010544,14.571429
2026-05-26 18:00:00+00:00,177,24,109.0,20.6,0.0,45.65905,14.88189
2026-05-26 18:00:00+00:00,194,24,102.0,23.3,0.0,46.502636,15.024076
2026-05-26 18:00:00+00:00,236,24,106.0,25.8,0.0,45.79965,15.213271
2026-05-26 18:00:00+00:00,325,24,104.0,25.9,0.0,46.572933,15.62701
2026-05-26 18:00:00+00:00,391,24,102.0,24.7,0.0,46.71353,16.112904
2026-05-26 18:00:00+00:00,422,24,104.0,24.4,0.0,46.22144,15.21531
2026-05-26 18:00:00+00:00,425,24,102.0,25.6,0.0,45.940243,15.546751
2026-05-26 18:00:00+00:00,426,24,114.0,26.4,0.0,45.51845,13.704866
2026-05-26 01:00:00+00:00,63,1,0.0,17.3,0.0,46.432335,14.134615
2026-05-26 01:00:00+00:00,76,1,0.0,16.0,0.0,46.291737,14.233227
2026-05-26 01:00:00+00:00,106,1,0.0,17.3,0.0,46.22144,14.354067
2026-05-26 01:00:00+00:00,122,1,0.0,17.4,0.0,46.08084,14.45151
2026-05-26 01:00:00+00:00,127,1,0.0,16.4,0.0,46.151142,14.474522
2026-05-26 01:00:00+00:00,129,1,0.0,16.0,0.0,46.010544,14.571429
2026-05-26 01:00:00+00:00,177,1,0.0,13.6,0.0,45.65905,14.88189
2026-05-26 01:00:00+00:00,194,1,0.0,16.2,0.0,46.502636,15.024076
2026-05-26 01:00:00+00:00,236,1,0.0,19.3,0.0,45.79965,15.213271
2026-05-26 01:00:00+00:00,325,1,0.0,20.4,0.0,46.572933,15.62701
2026-05-26 01:00:00+00:00,391,1,0.0,16.0,0.0,46.71353,16.112904
2026-05-26 01:00:00+00:00,422,1,0.0,16.2,0.0,46.22144,15.21531
2026-05-26 01:00:00+00:00,425,1,0.0,17.4,0.0,45.940243,15.546751
2026-05-26 01:00:00+00:00,426,1,0.0,19.3,0.0,45.51845,13.704866
2026-05-26 02:00:00+00:00,63,2,0.0,17.1,0.0,46.432335,14.134615
2026-05-26 02:00:00+00:00,76,2,0.0,15.4,0.0,46.291737,14.233227
2026-05-26 02:00:00+00:00,106,2,0.0,16.6,0.0,46.22144,14.354067
2026-05-26 02:00:00+00:00,122,2,0.0,16.7,0.0,46.08084,14.45151
2026-05-26 02:00:00+00:00,127,2,0.0,15.9,0.0,46.151142,14.474522
2026-05-26 02:00:00+00:00,129,2,0.0,15.6,0.0,46.010544,14.571429
2026-05-26 02:00:00+00:00,177,2,0.0,13.5,0.0,45.65905,14.88189
2026-05-26 02:00:00+00:00,194,2,0.0,15.5,0.0,46.502636,15.024076
2026-05-26 02:00:00+00:00,236,2,0.0,18.6,0.0,45.79965,15.213271
2026-05-26 02:00:00+00:00,325,2,0.0,20.1,0.0,46.572933,15.62701
2026-05-26 02:00:00+00:00,391,2,0.0,15.8,0.0,46.71353,16.112904
2026-05-26 02:00:00+00:00,422,2,0.0,16.0,0.0,46.22144,15.21531
2026-05-26 02:00:00+00:00,425,2,0.0,16.8,0.0,45.940243,15.546751
2026-05-26 02:00:00+00:00,426,2,0.0,18.9,0.0,45.51845,13.704866
2026-05-26 03:00:00+00:00,63,3,0.0,16.7,0.0,46.432335,14.134615
2026-05-26 03:00:00+00:00,76,3,0.0,14.8,0.0,46.291737,14.233227
2026-05-26 03:00:00+00:00,106,3,0.0,15.9,0.0,46.22144,14.354067
2026-05-26 03:00:00+00:00,122,3,0.0,15.9,0.0,46.08084,14.45151
2026-05-26 03:00:00+00:00,127,3,0.0,15.2,0.0,46.151142,14.474522
2026-05-26 03:00:00+00:00,129,3,0.0,15.2,0.0,46.010544,14.571429
2026-05-26 03:00:00+00:00,177,3,0.0,13.6,0.0,45.65905,14.88189
2026-05-26 03:00:00+00:00,194,3,0.0,15.1,0.0,46.502636,15.024076
2026-05-26 03:00:00+00:00,236,3,0.0,17.9,0.0,45.79965,15.213271
2026-05-26 03:00:00+00:00,325,3,0.0,19.2,0.0,46.572933,15.62701
2026-05-26 03:00:00+00:00,391,3,0.0,15.9,0.0,46.71353,16.112904
2026-05-26 03:00:00+00:00,422,3,0.0,15.7,0.0,46.22144,15.21531
2026-05-26 03:00:00+00:00,425,3,0.0,16.3,0.0,45.940243,15.546751
2026-05-26 03:00:00+00:00,426,3,0.0,18.4,0.0,45.51845,13.704866
2026-05-26 06:00:00+00:00,63,6,290.0,21.6,0.0,46.432335,14.134615
2026-05-26 06:00:00+00:00,76,6,286.0,22.2,0.0,46.291737,14.233227
2026-05-26 06:00:00+00:00,106,6,280.0,21.9,0.0,46.22144,14.354067
2026-05-26 06:00:00+00:00,122,6,274.0,20.3,0.0,46.08084,14.45151
2026-05-26 06:00:00+00:00,127,6,275.0,19.2,0.0,46.151142,14.474522
2026-05-26 06:00:00+00:00,129,6,277.0,20.1,0.0,46.010544,14.571429
2026-05-26 06:00:00+00:00,177,6,283.0,19.8,0.0,45.65905,14.88189
2026-05-26 06:00:00+00:00,194,6,294.0,22.0,0.0,46.502636,15.024076
2026-05-26 06:00:00+00:00,236,6,285.0,21.3,0.0,45.79965,15.213271
2026-05-26 06:00:00+00:00,325,6,299.0,23.4,0.0,46.572933,15.62701
2026-05-26 06:00:00+00:00,391,6,303.0,21.6,0.0,46.71353,16.112904
2026-05-26 06:00:00+00:00,422,6,245.0,19.1,0.0,46.22144,15.21531
2026-05-26 06:00:00+00:00,425,6,277.0,21.3,0.0,45.940243,15.546751
2026-05-26 06:00:00+00:00,426,6,260.0,24.6,0.0,45.51845,13.704866
2026-05-26 07:00:00+00:00,63,1,467.0,23.0,0.0,46.432335,14.134615
2026-05-26 07:00:00+00:00,76,1,462.0,24.0,0.0,46.291737,14.233227
2026-05-26 07:00:00+00:00,106,1,454.0,23.7,0.0,46.22144,14.354067
2026-05-26 07:00:00+00:00,122,1,448.0,22.4,0.0,46.08084,14.45151
2026-05-26 07:00:00+00:00,127,1,448.0,21.3,0.0,46.151142,14.474522
2026-05-26 07:00:00+00:00,129,1,451.0,21.6,0.0,46.010544,14.571429
2026-05-26 07:00:00+00:00,177,1,459.0,21.4,0.0,45.65905,14.88189
2026-05-26 07:00:00+00:00,194,1,468.0,24.0,0.0,46.502636,15.024076
2026-05-26 07:00:00+00:00,236,1,459.0,23.5,0.0,45.79965,15.213271
2026-05-26 07:00:00+00:00,325,1,473.0,24.9,0.0,46.572933,15.62701
2026-05-26 07:00:00+00:00,391,1,478.0,23.1,0.0,46.71353,16.112904
2026-05-26 07:00:00+00:00,422,1,445.0,21.8,0.0,46.22144,15.21531
2026-05-26 07:00:00+00:00,425,1,455.0,23.6,0.0,45.940243,15.546751
2026-05-26 07:00:00+00:00,426,1,430.0,26.9,0.0,45.51845,13.704866
2026-05-26 08:00:00+00:00,63,2,633.0,24.6,0.0,46.432335,14.134615
2026-05-26 08:00:00+00:00,76,2,627.0,25.6,0.0,46.291737,14.233227
2026-05-26 08:00:00+00:00,106,2,617.0,25.2,0.0,46.22144,14.354067
2026-05-26 08:00:00+00:00,122,2,611.0,24.7,0.0,46.08084,14.45151
2026-05-26 08:00:00+00:00,127,2,610.0,23.5,0.0,46.151142,14.474522
2026-05-26 08:00:00+00:00,129,2,614.0,23.8,0.0,46.010544,14.571429
2026-05-26 08:00:00+00:00,177,2,624.0,22.6,0.0,45.65905,14.88189
2026-05-26 08:00:00+00:00,194,2,630.0,25.8,0.0,46.502636,15.024076
2026-05-26 08:00:00+00:00,236,2,622.0,25.7,0.0,45.79965,15.213271
2026-05-26 08:00:00+00:00,325,2,635.0,26.1,0.0,46.572933,15.62701
2026-05-26 08:00:00+00:00,391,2,637.0,24.6,0.0,46.71353,16.112904
2026-05-26 08:00:00+00:00,422,2,623.0,24.2,0.0,46.22144,15.21531
2026-05-26 08:00:00+00:00,425,2,622.0,25.6,0.0,45.940243,15.546751
2026-05-26 08:00:00+00:00,426,2,596.0,28.0,0.0,45.51845,13.704866
2026-05-26 09:00:00+00:00,63,3,766.0,25.9,0.0,46.432335,14.134615
2026-05-26 09:00:00+00:00,76,3,732.0,26.7,0.0,46.291737,14.233227
2026-05-26 09:00:00+00:00,106,3,704.0,26.1,0.0,46.22144,14.354067
2026-05-26 09:00:00+00:00,122,3,721.0,26.6,0.0,46.08084,14.45151
2026-05-26 09:00:00+00:00,127,3,700.0,25.0,0.0,46.151142,14.474522
2026-05-26 09:00:00+00:00,129,3,744.0,25.6,0.0,46.010544,14.571429
2026-05-26 09:00:00+00:00,177,3,758.0,23.5,0.0,45.65905,14.88189
2026-05-26 09:00:00+00:00,194,3,765.0,27.4,0.0,46.502636,15.024076
2026-05-26 09:00:00+00:00,236,3,758.0,27.5,0.0,45.79965,15.213271
2026-05-26 09:00:00+00:00,325,3,768.0,27.1,0.0,46.572933,15.62701
2026-05-26 09:00:00+00:00,391,3,766.0,25.9,0.0,46.71353,16.112904
2026-05-26 09:00:00+00:00,422,3,763.0,25.7,0.0,46.22144,15.21531
2026-05-26 09:00:00+00:00,425,3,758.0,26.8,0.0,45.940243,15.546751
2026-05-26 09:00:00+00:00,426,3,732.0,28.5,0.0,45.51845,13.704866
2026-05-26 12:00:00+00:00,63,6,883.0,28.4,0.0,46.432335,14.134615
2026-05-26 12:00:00+00:00,76,6,830.0,27.6,0.1,46.291737,14.233227
2026-05-26 12:00:00+00:00,106,6,793.0,27.9,0.0,46.22144,14.354067
2026-05-26 12:00:00+00:00,122,6,800.0,29.6,0.0,46.08084,14.45151
2026-05-26 12:00:00+00:00,127,6,784.0,27.7,0.0,46.151142,14.474522
2026-05-26 12:00:00+00:00,129,6,836.0,27.9,0.0,46.010544,14.571429
2026-05-26 12:00:00+00:00,177,6,917.0,25.3,0.0,45.65905,14.88189
2026-05-26 12:00:00+00:00,194,6,802.0,29.2,0.0,46.502636,15.024076
2026-05-26 12:00:00+00:00,236,6,904.0,30.2,0.0,45.79965,15.213271
2026-05-26 12:00:00+00:00,325,6,904.0,28.6,0.0,46.572933,15.62701
2026-05-26 12:00:00+00:00,391,6,893.0,28.2,0.0,46.71353,16.112904
2026-05-26 12:00:00+00:00,422,6,881.0,27.9,0.0,46.22144,15.21531
2026-05-26 12:00:00+00:00,425,6,902.0,28.8,0.0,45.940243,15.546751
2026-05-26 12:00:00+00:00,426,6,856.0,28.1,0.0,45.51845,13.704866
2026-05-26 13:00:00+00:00,63,1,832.0,28.9,0.0,46.432335,14.134615
2026-05-26 13:00:00+00:00,76,1,772.0,28.6,0.0,46.291737,14.233227
2026-05-26 13:00:00+00:00,106,1,705.0,28.9,0.0,46.22144,14.354067
2026-05-26 13:00:00+00:00,122,1,723.0,30.4,0.0,46.08084,14.45151
2026-05-26 13:00:00+00:00,127,1,684.0,28.5,0.0,46.151142,14.474522
2026-05-26 13:00:00+00:00,129,1,763.0,28.7,0.0,46.010544,14.571429
2026-05-26 13:00:00+00:00,177,1,821.0,26.1,0.0,45.65905,14.88189
2026-05-26 13:00:00+00:00,194,1,769.0,29.2,0.0,46.502636,15.024076
2026-05-26 13:00:00+00:00,236,1,850.0,31.1,0.0,45.79965,15.213271
2026-05-26 13:00:00+00:00,325,1,849.0,28.9,0.0,46.572933,15.62701
2026-05-26 13:00:00+00:00,391,1,838.0,28.7,0.0,46.71353,16.112904
2026-05-26 13:00:00+00:00,422,1,816.0,28.6,0.0,46.22144,15.21531
2026-05-26 13:00:00+00:00,425,1,848.0,29.6,0.0,45.940243,15.546751
2026-05-26 13:00:00+00:00,426,1,763.0,28.7,0.0,45.51845,13.704866
2026-05-26 14:00:00+00:00,63,2,755.0,28.6,0.0,46.432335,14.134615
2026-05-26 14:00:00+00:00,76,2,711.0,28.5,0.0,46.291737,14.233227
2026-05-26 14:00:00+00:00,106,2,663.0,29.1,0.0,46.22144,14.354067
2026-05-26 14:00:00+00:00,122,2,663.0,30.4,0.0,46.08084,14.45151
2026-05-26 14:00:00+00:00,127,2,643.0,28.7,0.1,46.151142,14.474522
2026-05-26 14:00:00+00:00,129,2,688.0,28.6,0.0,46.010544,14.571429
2026-05-26 14:00:00+00:00,177,2,706.0,25.9,0.0,45.65905,14.88189
2026-05-26 14:00:00+00:00,194,2,679.0,28.5,0.4,46.502636,15.024076
2026-05-26 14:00:00+00:00,236,2,748.0,31.0,0.0,45.79965,15.213271
2026-05-26 14:00:00+00:00,325,2,745.0,29.0,0.0,46.572933,15.62701
2026-05-26 14:00:00+00:00,391,2,725.0,28.7,0.0,46.71353,16.112904
2026-05-26 14:00:00+00:00,422,2,727.0,28.5,0.0,46.22144,15.21531
2026-05-26 14:00:00+00:00,425,2,744.0,29.3,0.0,45.940243,15.546751
2026-05-26 14:00:00+00:00,426,2,699.0,28.4,0.0,45.51845,13.704866
2026-05-26 15:00:00+00:00,63,3,601.0,27.6,0.0,46.432335,14.134615
2026-05-26 15:00:00+00:00,76,3,580.0,28.1,0.0,46.291737,14.233227
2026-05-26 15:00:00+00:00,106,3,558.0,28.8,0.0,46.22144,14.354067
2026-05-26 15:00:00+00:00,122,3,540.0,30.0,0.0,46.08084,14.45151
2026-05-26 15:00:00+00:00,127,3,542.0,28.5,0.0,46.151142,14.474522
2026-05-26 15:00:00+00:00,129,3,553.0,28.0,0.0,46.010544,14.571429
2026-05-26 15:00:00+00:00,177,3,601.0,25.6,0.0,45.65905,14.88189
2026-05-26 15:00:00+00:00,194,3,476.0,27.7,0.0,46.502636,15.024076
2026-05-26 15:00:00+00:00,236,3,608.0,30.5,0.0,45.79965,15.213271
2026-05-26 15:00:00+00:00,325,3,600.0,28.7,0.0,46.572933,15.62701
2026-05-26 15:00:00+00:00,391,3,574.0,28.4,0.0,46.71353,16.112904
2026-05-26 15:00:00+00:00,422,3,589.0,28.2,0.0,46.22144,15.21531
2026-05-26 15:00:00+00:00,425,3,605.0,28.8,0.0,45.940243,15.546751
2026-05-26 15:00:00+00:00,426,3,584.0,27.7,0.0,45.51845,13.704866
2026-05-26 18:00:00+00:00,63,6,121.0,23.0,0.0,46.432335,14.134615
2026-05-26 18:00:00+00:00,76,6,118.0,23.1,0.0,46.291737,14.233227
2026-05-26 18:00:00+00:00,106,6,113.0,24.7,0.0,46.22144,14.354067
2026-05-26 18:00:00+00:00,122,6,107.0,26.7,0.0,46.08084,14.45151
2026-05-26 18:00:00+00:00,127,6,107.0,24.7,0.0,46.151142,14.474522
2026-05-26 18:00:00+00:00,129,6,106.0,24.0,0.0,46.010544,14.571429
2026-05-26 18:00:00+00:00,177,6,109.0,21.0,0.0,45.65905,14.88189
2026-05-26 18:00:00+00:00,194,6,106.0,23.2,0.0,46.502636,15.024076
2026-05-26 18:00:00+00:00,236,6,107.0,25.4,0.0,45.79965,15.213271
2026-05-26 18:00:00+00:00,325,6,101.0,25.8,0.0,46.572933,15.62701
2026-05-26 18:00:00+00:00,391,6,97.0,24.3,0.0,46.71353,16.112904
2026-05-26 18:00:00+00:00,422,6,101.0,24.2,0.0,46.22144,15.21531
2026-05-26 18:00:00+00:00,425,6,103.0,24.7,0.0,45.940243,15.546751
2026-05-26 18:00:00+00:00,426,6,112.0,26.2,0.0,45.51845,13.704866
2026-05-26 19:00:00+00:00,63,1,14.0,21.6,0.0,46.432335,14.134615
2026-05-26 19:00:00+00:00,76,1,13.0,21.9,0.0,46.291737,14.233227
2026-05-26 19:00:00+00:00,106,1,12.0,23.4,0.0,46.22144,14.354067
2026-05-26 19:00:00+00:00,122,1,11.0,24.7,0.0,46.08084,14.45151
2026-05-26 19:00:00+00:00,127,1,11.0,22.4,0.0,46.151142,14.474522
2026-05-26 19:00:00+00:00,129,1,11.0,22.6,0.0,46.010544,14.571429
2026-05-26 19:00:00+00:00,177,1,9.0,18.8,0.0,45.65905,14.88189
2026-05-26 19:00:00+00:00,194,1,10.0,21.4,0.0,46.502636,15.024076
2026-05-26 19:00:00+00:00,236,1,9.0,24.0,0.0,45.79965,15.213271
2026-05-26 19:00:00+00:00,325,1,9.0,24.4,0.0,46.572933,15.62701
2026-05-26 19:00:00+00:00,391,1,8.0,23.4,0.0,46.71353,16.112904
2026-05-26 19:00:00+00:00,422,1,9.0,22.2,0.0,46.22144,15.21531
2026-05-26 19:00:00+00:00,425,1,8.0,23.4,0.0,45.940243,15.546751
2026-05-26 19:00:00+00:00,426,1,12.0,25.7,0.0,45.51845,13.704866
2026-05-26 20:00:00+00:00,63,2,0.0,20.4,0.0,46.432335,14.134615
2026-05-26 20:00:00+00:00,76,2,0.0,21.4,0.0,46.291737,14.233227
2026-05-26 20:00:00+00:00,106,2,0.0,22.6,0.0,46.22144,14.354067
2026-05-26 20:00:00+00:00,122,2,0.0,23.5,0.0,46.08084,14.45151
2026-05-26 20:00:00+00:00,127,2,0.0,21.2,0.0,46.151142,14.474522
2026-05-26 20:00:00+00:00,129,2,0.0,21.4,0.0,46.010544,14.571429
2026-05-26 20:00:00+00:00,177,2,0.0,17.0,0.0,45.65905,14.88189
2026-05-26 20:00:00+00:00,194,2,0.0,20.8,0.0,46.502636,15.024076
2026-05-26 20:00:00+00:00,236,2,0.0,22.6,0.0,45.79965,15.213271
2026-05-26 20:00:00+00:00,325,2,0.0,23.9,0.0,46.572933,15.62701
2026-05-26 20:00:00+00:00,391,2,0.0,22.3,0.0,46.71353,16.112904
2026-05-26 20:00:00+00:00,422,2,0.0,21.2,0.0,46.22144,15.21531
2026-05-26 20:00:00+00:00,425,2,0.0,22.6,0.0,45.940243,15.546751
2026-05-26 20:00:00+00:00,426,2,0.0,24.8,0.0,45.51845,13.704866
2026-05-26 21:00:00+00:00,63,3,0.0,19.6,0.0,46.432335,14.134615
2026-05-26 21:00:00+00:00,76,3,0.0,21.2,0.0,46.291737,14.233227
2026-05-26 21:00:00+00:00,106,3,0.0,22.2,0.0,46.22144,14.354067
2026-05-26 21:00:00+00:00,122,3,0.0,22.4,0.0,46.08084,14.45151
2026-05-26 21:00:00+00:00,127,3,0.0,20.4,0.0,46.151142,14.474522
2026-05-26 21:00:00+00:00,129,3,0.0,19.9,0.0,46.010544,14.571429
2026-05-26 21:00:00+00:00,177,3,0.0,16.0,0.0,45.65905,14.88189
2026-05-26 21:00:00+00:00,194,3,0.0,20.5,0.0,46.502636,15.024076
2026-05-26 21:00:00+00:00,236,3,0.0,21.3,0.0,45.79965,15.213271
2026-05-26 21:00:00+00:00,325,3,0.0,23.8,0.0,46.572933,15.62701
2026-05-26 21:00:00+00:00,391,3,0.0,20.9,0.0,46.71353,16.112904
2026-05-26 21:00:00+00:00,422,3,0.0,20.3,0.0,46.22144,15.21531
2026-05-26 21:00:00+00:00,425,3,0.0,22.1,0.0,45.940243,15.546751
2026-05-26 21:00:00+00:00,426,3,0.0,23.1,0.0,45.51845,13.704866
2026-05-27 00:00:00+00:00,63,6,0.0,18.6,0.0,46.432335,14.134615
2026-05-27 00:00:00+00:00,63,24,0.0,17.8,0.0,46.432335,14.134615
2026-05-27 00:00:00+00:00,76,6,0.0,18.6,0.0,46.291737,14.233227
2026-05-27 00:00:00+00:00,76,24,0.0,16.9,0.0,46.291737,14.233227
2026-05-27 00:00:00+00:00,106,6,0.0,19.7,0.0,46.22144,14.354067
2026-05-27 00:00:00+00:00,106,24,0.0,18.3,0.0,46.22144,14.354067
2026-05-27 00:00:00+00:00,122,6,0.0,19.3,0.0,46.08084,14.45151
2026-05-27 00:00:00+00:00,122,24,0.0,18.9,0.0,46.08084,14.45151
2026-05-27 00:00:00+00:00,127,6,0.0,18.0,0.0,46.151142,14.474522
2026-05-27 00:00:00+00:00,127,24,0.0,17.8,0.0,46.151142,14.474522
2026-05-27 00:00:00+00:00,129,6,0.0,17.2,0.0,46.010544,14.571429
2026-05-27 00:00:00+00:00,129,24,0.0,16.8,0.0,46.010544,14.571429
2026-05-27 00:00:00+00:00,177,6,0.0,14.6,0.0,45.65905,14.88189
2026-05-27 00:00:00+00:00,177,24,0.0,14.1,0.0,45.65905,14.88189
2026-05-27 00:00:00+00:00,194,6,0.0,19.2,0.0,46.502636,15.024076
2026-05-27 00:00:00+00:00,194,24,0.0,18.9,0.0,46.502636,15.024076
2026-05-27 00:00:00+00:00,236,6,0.0,18.7,0.0,45.79965,15.213271
2026-05-27 00:00:00+00:00,236,24,0.0,18.4,0.0,45.79965,15.213271
2026-05-27 00:00:00+00:00,325,6,0.0,23.2,0.0,46.572933,15.62701
2026-05-27 00:00:00+00:00,325,24,0.0,22.3,0.0,46.572933,15.62701
2026-05-27 00:00:00+00:00,391,6,0.0,17.7,0.0,46.71353,16.112904
2026-05-27 00:00:00+00:00,391,24,0.0,18.3,0.0,46.71353,16.112904
2026-05-27 00:00:00+00:00,422,6,0.0,18.5,0.0,46.22144,15.21531
2026-05-27 00:00:00+00:00,422,24,0.0,18.1,0.0,46.22144,15.21531
2026-05-27 00:00:00+00:00,425,6,0.0,19.0,0.0,45.940243,15.546751
2026-05-27 00:00:00+00:00,425,24,0.0,18.2,0.0,45.940243,15.546751
2026-05-27 00:00:00+00:00,426,6,0.0,21.4,0.0,45.51845,13.704866
2026-05-27 00:00:00+00:00,426,24,0.0,20.9,0.0,45.51845,13.704866
2026-05-27 06:00:00+00:00,63,24,276.0,22.4,0.0,46.432335,14.134615
2026-05-27 06:00:00+00:00,76,24,277.0,22.8,0.0,46.291737,14.233227
2026-05-27 06:00:00+00:00,106,24,277.0,22.2,0.0,46.22144,14.354067
2026-05-27 06:00:00+00:00,122,24,276.0,20.9,0.0,46.08084,14.45151
2026-05-27 06:00:00+00:00,127,24,277.0,19.6,0.0,46.151142,14.474522
2026-05-27 06:00:00+00:00,129,24,280.0,20.5,0.0,46.010544,14.571429
2026-05-27 06:00:00+00:00,177,24,288.0,19.5,0.0,45.65905,14.88189
2026-05-27 06:00:00+00:00,194,24,293.0,22.4,0.0,46.502636,15.024076
2026-05-27 06:00:00+00:00,236,24,290.0,21.9,0.0,45.79965,15.213271
2026-05-27 06:00:00+00:00,325,24,295.0,24.9,0.0,46.572933,15.62701
2026-05-27 06:00:00+00:00,391,24,300.0,22.2,0.0,46.71353,16.112904
2026-05-27 06:00:00+00:00,422,24,290.0,21.7,0.0,46.22144,15.21531
2026-05-27 06:00:00+00:00,425,24,292.0,22.1,0.0,45.940243,15.546751
2026-05-27 06:00:00+00:00,426,24,266.0,24.2,0.0,45.51845,13.704866
2026-05-27 12:00:00+00:00,63,24,804.0,24.9,2.3,46.432335,14.134615
2026-05-27 12:00:00+00:00,76,24,712.0,25.9,0.7,46.291737,14.233227
2026-05-27 12:00:00+00:00,106,24,745.0,28.0,0.5,46.22144,14.354067
2026-05-27 12:00:00+00:00,122,24,721.0,30.4,0.1,46.08084,14.45151
2026-05-27 12:00:00+00:00,127,24,779.0,28.9,0.3,46.151142,14.474522
2026-05-27 12:00:00+00:00,129,24,725.0,29.3,0.0,46.010544,14.571429
2026-05-27 12:00:00+00:00,177,24,821.0,25.6,0.2,45.65905,14.88189
2026-05-27 12:00:00+00:00,194,24,602.0,22.9,4.5,46.502636,15.024076
2026-05-27 12:00:00+00:00,236,24,856.0,31.8,0.0,45.79965,15.213271
2026-05-27 12:00:00+00:00,325,24,442.0,27.8,0.4,46.572933,15.62701
2026-05-27 12:00:00+00:00,391,24,824.0,29.7,0.0,46.71353,16.112904
2026-05-27 12:00:00+00:00,422,24,748.0,29.9,0.0,46.22144,15.21531
2026-05-27 12:00:00+00:00,425,24,817.0,30.9,0.0,45.940243,15.546751
2026-05-27 12:00:00+00:00,426,24,889.0,29.3,0.0,45.51845,13.704866
2026-05-27 18:00:00+00:00,63,24,116.0,21.8,0.0,46.432335,14.134615
2026-05-27 18:00:00+00:00,76,24,109.0,21.7,0.0,46.291737,14.233227
2026-05-27 18:00:00+00:00,106,24,106.0,23.5,0.0,46.22144,14.354067
2026-05-27 18:00:00+00:00,122,24,101.0,24.5,0.0,46.08084,14.45151
2026-05-27 18:00:00+00:00,127,24,104.0,22.9,0.0,46.151142,14.474522
2026-05-27 18:00:00+00:00,129,24,100.0,22.3,0.0,46.010544,14.571429
2026-05-27 18:00:00+00:00,177,24,101.0,19.9,0.0,45.65905,14.88189
2026-05-27 18:00:00+00:00,194,24,108.0,22.1,0.0,46.502636,15.024076
2026-05-27 18:00:00+00:00,236,24,97.0,24.7,0.0,45.79965,15.213271
2026-05-27 18:00:00+00:00,325,24,99.0,26.3,0.0,46.572933,15.62701
2026-05-27 18:00:00+00:00,391,24,94.0,23.9,0.0,46.71353,16.112904
2026-05-27 18:00:00+00:00,422,24,106.0,24.4,0.0,46.22144,15.21531
2026-05-27 18:00:00+00:00,425,24,101.0,25.6,0.0,45.940243,15.546751
2026-05-27 18:00:00+00:00,426,24,110.0,27.1,0.0,45.51845,13.704866
