TimeStampUTC,WPointID,tplusH,GHI,temp,Rainfall,latitude,longitude
2026-04-02 01:00:00+00:00,63,1,0.0,5.6,0.0,46.420002,14.08
2026-04-02 01:00:00+00:00,76,1,0.0,5.0,0.0,46.34,14.199999
2026-04-02 01:00:00+00:00,106,1,0.0,4.9,0.0,46.260002,14.4
2026-04-02 01:00:00+00:00,122,1,0.0,4.3,0.0,46.02,14.459999
2026-04-02 01:00:00+00:00,127,1,0.0,4.3,0.0,46.12,14.519999
2026-04-02 01:00:00+00:00,129,1,0.0,5.7,0.0,46.02,14.519999
2026-04-02 01:00:00+00:00,177,1,0.0,2.2,0.0,45.6,14.859999
2026-04-02 01:00:00+00:00,194,1,0.0,4.4,0.0,46.52,15.039999
2026-04-02 01:00:00+00:00,236,1,0.0,6.7,0.0,45.8,15.179998
2026-04-02 01:00:00+00:00,325,1,0.0,6.9,0.0,46.56,15.639999
2026-04-02 01:00:00+00:00,391,1,0.0,7.2,0.0,46.7,16.099998
2026-04-02 01:00:00+00:00,422,1,0.0,3.9,0.0,46.24,15.219999
2026-04-02 01:00:00+00:00,425,1,0.0,7.9,0.0,45.94,15.519999
2026-04-02 01:00:00+00:00,426,1,0.0,10.5,0.0,45.54,13.719999
2026-04-02 02:00:00+00:00,63,2,0.0,5.3,0.0,46.420002,14.08
2026-04-02 02:00:00+00:00,76,2,0.0,3.9,0.0,46.34,14.199999
2026-04-02 02:00:00+00:00,106,2,0.0,4.4,0.0,46.260002,14.4
2026-04-02 02:00:00+00:00,122,2,0.0,3.9,0.0,46.02,14.459999
2026-04-02 02:00:00+00:00,127,2,0.0,4.5,0.0,46.12,14.519999
2026-04-02 02:00:00+00:00,129,2,0.0,5.4,0.0,46.02,14.519999
2026-04-02 02:00:00+00:00,177,2,0.0,2.1,0.0,45.6,14.859999
2026-04-02 02:00:00+00:00,194,2,0.0,3.3,0.0,46.52,15.039999
2026-04-02 02:00:00+00:00,236,2,0.0,7.0,0.0,45.8,15.179998
2026-04-02 02:00:00+00:00,325,2,0.0,6.7,0.0,46.56,15.639999
2026-04-02 02:00:00+00:00,391,2,0.0,6.7,0.0,46.7,16.099998
2026-04-02 02:00:00+00:00,422,2,0.0,3.6,0.0,46.24,15.219999
2026-04-02 02:00:00+00:00,425,2,0.0,7.6,0.0,45.94,15.519999
2026-04-02 02:00:00+00:00,426,2,0.0,10.4,0.0,45.54,13.719999
2026-04-02 03:00:00+00:00,63,3,0.0,4.9,0.0,46.420002,14.08
2026-04-02 03:00:00+00:00,76,3,0.0,3.5,0.0,46.34,14.199999
2026-04-02 03:00:00+00:00,106,3,0.0,4.0,0.0,46.260002,14.4
2026-04-02 03:00:00+00:00,122,3,0.0,4.2,0.0,46.02,14.459999
2026-04-02 03:00:00+00:00,127,3,0.0,4.8,0.0,46.12,14.519999
2026-04-02 03:00:00+00:00,129,3,0.0,6.8,0.0,46.02,14.519999
2026-04-02 03:00:00+00:00,177,3,0.0,1.9,0.0,45.6,14.859999
2026-04-02 03:00:00+00:00,194,3,0.0,3.0,0.0,46.52,15.039999
2026-04-02 03:00:00+00:00,236,3,0.0,6.8,0.0,45.8,15.179998
2026-04-02 03:00:00+00:00,325,3,0.0,6.5,0.0,46.56,15.639999
2026-04-02 03:00:00+00:00,391,3,0.0,6.6,0.0,46.7,16.099998
2026-04-02 03:00:00+00:00,422,3,0.0,3.6,0.0,46.24,15.219999
2026-04-02 03:00:00+00:00,425,3,0.0,7.3,0.0,45.94,15.519999
2026-04-02 03:00:00+00:00,426,3,0.0,10.4,0.0,45.54,13.719999
2026-04-02 06:00:00+00:00,63,6,60.5,6.2,0.0,46.420002,14.08
2026-04-02 06:00:00+00:00,76,6,63.8,4.4,0.0,46.34,14.199999
2026-04-02 06:00:00+00:00,106,6,64.5,4.6,0.0,46.260002,14.4
2026-04-02 06:00:00+00:00,122,6,66.0,5.5,0.0,46.02,14.459999
2026-04-02 06:00:00+00:00,127,6,72.0,5.2,0.0,46.12,14.519999
2026-04-02 06:00:00+00:00,129,6,71.0,6.4,0.0,46.02,14.519999
2026-04-02 06:00:00+00:00,177,6,29.8,1.9,0.0,45.6,14.859999
2026-04-02 06:00:00+00:00,194,6,60.0,4.2,0.0,46.52,15.039999
2026-04-02 06:00:00+00:00,236,6,54.3,6.9,0.0,45.8,15.179998
2026-04-02 06:00:00+00:00,325,6,40.3,6.6,0.0,46.56,15.639999
2026-04-02 06:00:00+00:00,391,6,58.8,7.0,0.0,46.7,16.099998
2026-04-02 06:00:00+00:00,422,6,66.5,4.2,0.0,46.24,15.219999
2026-04-02 06:00:00+00:00,425,6,45.5,7.6,0.0,45.94,15.519999
2026-04-02 06:00:00+00:00,426,6,68.0,10.6,0.0,45.54,13.719999
2026-04-02 07:00:00+00:00,63,1,239.0,8.0,0.0,46.420002,14.08
2026-04-02 07:00:00+00:00,76,1,231.8,8.5,0.0,46.34,14.199999
2026-04-02 07:00:00+00:00,106,1,240.8,7.6,0.0,46.260002,14.4
2026-04-02 07:00:00+00:00,122,1,205.8,8.7,0.0,46.02,14.459999
2026-04-02 07:00:00+00:00,127,1,227.0,7.2,0.0,46.12,14.519999
2026-04-02 07:00:00+00:00,129,1,199.0,9.1,0.0,46.02,14.519999
2026-04-02 07:00:00+00:00,177,1,142.0,2.8,0.0,45.6,14.859999
2026-04-02 07:00:00+00:00,194,1,163.5,7.4,0.0,46.52,15.039999
2026-04-02 07:00:00+00:00,236,1,162.0,8.1,0.0,45.8,15.179998
2026-04-02 07:00:00+00:00,325,1,165.5,8.1,0.0,46.56,15.639999
2026-04-02 07:00:00+00:00,391,1,228.5,7.9,0.0,46.7,16.099998
2026-04-02 07:00:00+00:00,422,1,145.5,6.6,0.0,46.24,15.219999
2026-04-02 07:00:00+00:00,425,1,152.5,8.4,0.0,45.94,15.519999
2026-04-02 07:00:00+00:00,426,1,226.3,11.8,0.0,45.54,13.719999
2026-04-02 08:00:00+00:00,63,2,399.0,9.1,0.0,46.420002,14.08
2026-04-02 08:00:00+00:00,76,2,387.8,9.8,0.0,46.34,14.199999
2026-04-02 08:00:00+00:00,106,2,432.8,9.1,0.0,46.260002,14.4
2026-04-02 08:00:00+00:00,122,2,360.0,10.9,0.0,46.02,14.459999
2026-04-02 08:00:00+00:00,127,2,411.5,9.7,0.0,46.12,14.519999
2026-04-02 08:00:00+00:00,129,2,361.3,10.8,0.0,46.02,14.519999
2026-04-02 08:00:00+00:00,177,2,295.3,3.6,0.0,45.6,14.859999
2026-04-02 08:00:00+00:00,194,2,255.5,8.5,0.0,46.52,15.039999
2026-04-02 08:00:00+00:00,236,2,243.0,8.9,0.0,45.8,15.179998
2026-04-02 08:00:00+00:00,325,2,242.8,8.9,0.0,46.56,15.639999
2026-04-02 08:00:00+00:00,391,2,398.3,9.3,0.0,46.7,16.099998
2026-04-02 08:00:00+00:00,422,2,241.3,8.3,0.0,46.24,15.219999
2026-04-02 08:00:00+00:00,425,2,251.8,9.5,0.0,45.94,15.519999
2026-04-02 08:00:00+00:00,426,2,346.5,13.0,0.0,45.54,13.719999
2026-04-02 09:00:00+00:00,63,3,541.5,10.0,0.0,46.420002,14.08
2026-04-02 09:00:00+00:00,76,3,539.8,11.0,0.0,46.34,14.199999
2026-04-02 09:00:00+00:00,106,3,566.5,10.9,0.0,46.260002,14.4
2026-04-02 09:00:00+00:00,122,3,470.3,12.1,0.0,46.02,14.459999
2026-04-02 09:00:00+00:00,127,3,541.5,11.8,0.0,46.12,14.519999
2026-04-02 09:00:00+00:00,129,3,480.5,11.9,0.0,46.02,14.519999
2026-04-02 09:00:00+00:00,177,3,305.8,4.0,0.0,45.6,14.859999
2026-04-02 09:00:00+00:00,194,3,170.8,8.8,0.0,46.52,15.039999
2026-04-02 09:00:00+00:00,236,3,307.3,10.1,0.0,45.8,15.179998
2026-04-02 09:00:00+00:00,325,3,285.3,9.7,0.0,46.56,15.639999
2026-04-02 09:00:00+00:00,391,3,478.3,10.4,0.0,46.7,16.099998
2026-04-02 09:00:00+00:00,422,3,378.5,9.8,0.0,46.24,15.219999
2026-04-02 09:00:00+00:00,425,3,337.8,10.5,0.0,45.94,15.519999
2026-04-02 09:00:00+00:00,426,3,553.5,14.4,0.0,45.54,13.719999
2026-04-02 10:00:00+00:00,63,1,631.3,10.0,0.0,46.420002,14.08
2026-04-02 10:00:00+00:00,76,1,561.5,11.2,0.0,46.34,14.199999
2026-04-02 10:00:00+00:00,106,1,622.5,12.1,0.0,46.260002,14.4
2026-04-02 10:00:00+00:00,122,1,496.8,12.6,0.0,46.02,14.459999
2026-04-02 10:00:00+00:00,127,1,392.8,11.9,0.0,46.12,14.519999
2026-04-02 10:00:00+00:00,129,1,549.5,12.4,0.0,46.02,14.519999
2026-04-02 10:00:00+00:00,177,1,303.8,4.4,0.0,45.6,14.859999
2026-04-02 10:00:00+00:00,194,1,226.0,9.0,0.0,46.52,15.039999
2026-04-02 10:00:00+00:00,236,1,358.0,10.4,0.0,45.8,15.179998
2026-04-02 10:00:00+00:00,325,1,257.8,9.9,0.0,46.56,15.639999
2026-04-02 10:00:00+00:00,391,1,319.0,10.2,0.0,46.7,16.099998
2026-04-02 10:00:00+00:00,422,1,312.0,9.8,0.0,46.24,15.219999
2026-04-02 10:00:00+00:00,425,1,400.5,10.9,0.0,45.94,15.519999
2026-04-02 10:00:00+00:00,426,1,683.3,15.0,0.0,45.54,13.719999
2026-04-02 11:00:00+00:00,63,2,614.5,10.8,0.0,46.420002,14.08
2026-04-02 11:00:00+00:00,76,2,604.5,12.1,0.0,46.34,14.199999
2026-04-02 11:00:00+00:00,106,2,720.3,13.0,0.0,46.260002,14.4
2026-04-02 11:00:00+00:00,122,2,615.0,13.6,0.0,46.02,14.459999
2026-04-02 11:00:00+00:00,127,2,430.0,12.8,0.0,46.12,14.519999
2026-04-02 11:00:00+00:00,129,2,663.0,13.2,0.0,46.02,14.519999
2026-04-02 11:00:00+00:00,177,2,243.8,4.7,0.0,45.6,14.859999
2026-04-02 11:00:00+00:00,194,2,237.0,9.9,0.0,46.52,15.039999
2026-04-02 11:00:00+00:00,236,2,418.5,11.2,0.0,45.8,15.179998
2026-04-02 11:00:00+00:00,325,2,250.5,10.3,0.0,46.56,15.639999
2026-04-02 11:00:00+00:00,391,2,284.5,10.5,0.0,46.7,16.099998
2026-04-02 11:00:00+00:00,422,2,268.3,10.3,0.0,46.24,15.219999
2026-04-02 11:00:00+00:00,425,2,461.8,11.7,0.0,45.94,15.519999
2026-04-02 11:00:00+00:00,426,2,698.8,15.8,0.0,45.54,13.719999
2026-04-02 12:00:00+00:00,63,3,623.8,11.9,0.0,46.420002,14.08
2026-04-02 12:00:00+00:00,63,6,673.0,12.1,0.0,46.420002,14.08
2026-04-02 12:00:00+00:00,76,3,701.3,12.8,0.0,46.34,14.199999
2026-04-02 12:00:00+00:00,76,6,670.5,13.1,0.0,46.34,14.199999
2026-04-02 12:00:00+00:00,106,3,718.8,13.5,0.0,46.260002,14.4
2026-04-02 12:00:00+00:00,106,6,689.5,13.5,0.0,46.260002,14.4
2026-04-02 12:00:00+00:00,122,3,494.3,13.5,0.0,46.02,14.459999
2026-04-02 12:00:00+00:00,122,6,619.8,13.8,0.0,46.02,14.459999
2026-04-02 12:00:00+00:00,127,3,488.0,13.1,0.0,46.12,14.519999
2026-04-02 12:00:00+00:00,127,6,449.5,13.2,0.0,46.12,14.519999
2026-04-02 12:00:00+00:00,129,3,596.8,13.6,0.0,46.02,14.519999
2026-04-02 12:00:00+00:00,129,6,620.5,13.7,0.0,46.02,14.519999
2026-04-02 12:00:00+00:00,177,3,271.3,5.9,0.0,45.6,14.859999
2026-04-02 12:00:00+00:00,177,6,303.8,6.4,0.0,45.6,14.859999
2026-04-02 12:00:00+00:00,194,3,278.5,11.0,0.0,46.52,15.039999
2026-04-02 12:00:00+00:00,194,6,471.3,11.7,0.0,46.52,15.039999
2026-04-02 12:00:00+00:00,236,3,296.5,11.5,0.0,45.8,15.179998
2026-04-02 12:00:00+00:00,236,6,390.8,12.1,0.0,45.8,15.179998
2026-04-02 12:00:00+00:00,325,3,148.8,10.5,0.0,46.56,15.639999
2026-04-02 12:00:00+00:00,325,6,186.5,10.8,0.0,46.56,15.639999
2026-04-02 12:00:00+00:00,391,3,485.3,11.6,0.0,46.7,16.099998
2026-04-02 12:00:00+00:00,391,6,536.5,12.1,0.0,46.7,16.099998
2026-04-02 12:00:00+00:00,422,3,249.5,11.9,0.0,46.24,15.219999
2026-04-02 12:00:00+00:00,422,6,555.0,12.8,0.0,46.24,15.219999
2026-04-02 12:00:00+00:00,425,3,467.3,12.1,0.0,45.94,15.519999
2026-04-02 12:00:00+00:00,425,6,480.3,12.8,0.0,45.94,15.519999
2026-04-02 12:00:00+00:00,426,3,731.3,16.7,0.0,45.54,13.719999
2026-04-02 12:00:00+00:00,426,6,769.3,17.3,0.0,45.54,13.719999
2026-04-02 13:00:00+00:00,63,1,549.5,11.0,0.0,46.420002,14.08
2026-04-02 13:00:00+00:00,76,1,582.3,12.6,0.0,46.34,14.199999
2026-04-02 13:00:00+00:00,106,1,570.5,12.7,0.0,46.260002,14.4
2026-04-02 13:00:00+00:00,122,1,373.8,13.4,0.0,46.02,14.459999
2026-04-02 13:00:00+00:00,127,1,338.8,13.3,0.0,46.12,14.519999
2026-04-02 13:00:00+00:00,129,1,436.0,13.3,0.0,46.02,14.519999
2026-04-02 13:00:00+00:00,177,1,278.5,5.4,0.0,45.6,14.859999
2026-04-02 13:00:00+00:00,194,1,223.3,10.4,0.0,46.52,15.039999
2026-04-02 13:00:00+00:00,236,1,168.5,10.7,0.0,45.8,15.179998
2026-04-02 13:00:00+00:00,325,1,146.5,10.5,0.0,46.56,15.639999
2026-04-02 13:00:00+00:00,391,1,405.0,11.3,0.0,46.7,16.099998
2026-04-02 13:00:00+00:00,422,1,164.8,11.2,0.0,46.24,15.219999
2026-04-02 13:00:00+00:00,425,1,317.0,11.3,0.0,45.94,15.519999
2026-04-02 13:00:00+00:00,426,1,573.5,16.5,0.0,45.54,13.719999
2026-04-02 14:00:00+00:00,63,2,453.0,11.0,0.0,46.420002,14.08
2026-04-02 14:00:00+00:00,76,2,457.3,12.4,0.0,46.34,14.199999
2026-04-02 14:00:00+00:00,106,2,436.5,12.5,0.0,46.260002,14.4
2026-04-02 14:00:00+00:00,122,2,249.8,13.3,0.0,46.02,14.459999
2026-04-02 14:00:00+00:00,127,2,284.8,12.9,0.0,46.12,14.519999
2026-04-02 14:00:00+00:00,129,2,282.3,13.2,0.0,46.02,14.519999
2026-04-02 14:00:00+00:00,177,2,254.0,5.4,0.0,45.6,14.859999
2026-04-02 14:00:00+00:00,194,2,241.5,10.6,0.0,46.52,15.039999
2026-04-02 14:00:00+00:00,236,2,232.3,11.1,0.0,45.8,15.179998
2026-04-02 14:00:00+00:00,325,2,104.8,10.4,0.0,46.56,15.639999
2026-04-02 14:00:00+00:00,391,2,360.3,11.4,0.0,46.7,16.099998
2026-04-02 14:00:00+00:00,422,2,144.3,11.9,0.0,46.24,15.219999
2026-04-02 14:00:00+00:00,425,2,249.3,11.4,0.0,45.94,15.519999
2026-04-02 14:00:00+00:00,426,2,511.5,16.5,0.0,45.54,13.719999
2026-04-02 15:00:00+00:00,63,3,312.5,11.0,0.0,46.420002,14.08
2026-04-02 15:00:00+00:00,63,6,342.0,11.7,0.0,46.420002,14.08
2026-04-02 15:00:00+00:00,76,3,347.3,12.3,0.0,46.34,14.199999
2026-04-02 15:00:00+00:00,76,6,358.8,12.6,0.0,46.34,14.199999
2026-04-02 15:00:00+00:00,106,3,328.8,12.3,0.0,46.260002,14.4
2026-04-02 15:00:00+00:00,106,6,377.8,13.0,0.0,46.260002,14.4
2026-04-02 15:00:00+00:00,122,3,237.3,13.0,0.0,46.02,14.459999
2026-04-02 15:00:00+00:00,122,6,335.5,14.0,0.0,46.02,14.459999
2026-04-02 15:00:00+00:00,127,3,269.0,12.5,0.0,46.12,14.519999
2026-04-02 15:00:00+00:00,127,6,353.5,13.0,0.0,46.12,14.519999
2026-04-02 15:00:00+00:00,129,3,278.5,12.9,0.0,46.02,14.519999
2026-04-02 15:00:00+00:00,129,6,371.8,13.8,0.0,46.02,14.519999
2026-04-02 15:00:00+00:00,177,3,246.8,5.6,0.0,45.6,14.859999
2026-04-02 15:00:00+00:00,177,6,288.8,6.6,0.0,45.6,14.859999
2026-04-02 15:00:00+00:00,194,3,228.3,10.5,0.0,46.52,15.039999
2026-04-02 15:00:00+00:00,194,6,250.8,11.3,0.0,46.52,15.039999
2026-04-02 15:00:00+00:00,236,3,190.5,11.1,0.0,45.8,15.179998
2026-04-02 15:00:00+00:00,236,6,241.0,12.0,0.0,45.8,15.179998
2026-04-02 15:00:00+00:00,325,3,80.3,10.3,0.0,46.56,15.639999
2026-04-02 15:00:00+00:00,325,6,73.8,10.5,0.0,46.56,15.639999
2026-04-02 15:00:00+00:00,391,3,239.3,10.8,0.0,46.7,16.099998
2026-04-02 15:00:00+00:00,391,6,278.5,11.0,0.0,46.7,16.099998
2026-04-02 15:00:00+00:00,422,3,110.0,11.7,0.0,46.24,15.219999
2026-04-02 15:00:00+00:00,422,6,209.0,12.2,0.0,46.24,15.219999
2026-04-02 15:00:00+00:00,425,3,223.8,11.7,0.0,45.94,15.519999
2026-04-02 15:00:00+00:00,425,6,262.3,12.6,0.0,45.94,15.519999
2026-04-02 15:00:00+00:00,426,3,383.5,16.2,0.0,45.54,13.719999
2026-04-02 15:00:00+00:00,426,6,413.5,16.8,0.0,45.54,13.719999
2026-04-02 16:00:00+00:00,63,1,192.8,10.0,0.0,46.420002,14.08
2026-04-02 16:00:00+00:00,76,1,226.3,11.4,0.0,46.34,14.199999
2026-04-02 16:00:00+00:00,106,1,202.8,11.7,0.0,46.260002,14.4
2026-04-02 16:00:00+00:00,122,1,159.8,12.7,0.0,46.02,14.459999
2026-04-02 16:00:00+00:00,127,1,168.3,12.1,0.0,46.12,14.519999
2026-04-02 16:00:00+00:00,129,1,193.3,12.7,0.0,46.02,14.519999
2026-04-02 16:00:00+00:00,177,1,181.0,5.8,0.0,45.6,14.859999
2026-04-02 16:00:00+00:00,194,1,167.5,10.3,0.0,46.52,15.039999
2026-04-02 16:00:00+00:00,236,1,152.8,11.4,0.0,45.8,15.179998
2026-04-02 16:00:00+00:00,325,1,80.0,11.1,0.0,46.56,15.639999
2026-04-02 16:00:00+00:00,391,1,183.0,11.5,0.0,46.7,16.099998
2026-04-02 16:00:00+00:00,422,1,156.8,11.7,0.0,46.24,15.219999
2026-04-02 16:00:00+00:00,425,1,184.8,11.6,0.0,45.94,15.519999
2026-04-02 16:00:00+00:00,426,1,237.5,15.7,0.0,45.54,13.719999
2026-04-02 17:00:00+00:00,63,2,71.3,9.5,0.0,46.420002,14.08
2026-04-02 17:00:00+00:00,76,2,81.3,10.7,0.0,46.34,14.199999
2026-04-02 17:00:00+00:00,106,2,92.3,11.5,0.0,46.260002,14.4
2026-04-02 17:00:00+00:00,122,2,85.0,12.2,0.0,46.02,14.459999
2026-04-02 17:00:00+00:00,127,2,86.0,11.3,0.0,46.12,14.519999
2026-04-02 17:00:00+00:00,129,2,85.3,12.2,0.0,46.02,14.519999
2026-04-02 17:00:00+00:00,177,2,66.3,5.5,0.0,45.6,14.859999
2026-04-02 17:00:00+00:00,194,2,63.5,9.3,0.0,46.52,15.039999
2026-04-02 17:00:00+00:00,236,2,59.3,10.6,0.0,45.8,15.179998
2026-04-02 17:00:00+00:00,325,2,30.8,10.8,0.0,46.56,15.639999
2026-04-02 17:00:00+00:00,391,2,62.8,10.8,0.0,46.7,16.099998
2026-04-02 17:00:00+00:00,422,2,55.5,10.8,0.0,46.24,15.219999
2026-04-02 17:00:00+00:00,425,2,54.3,11.7,0.0,45.94,15.519999
2026-04-02 17:00:00+00:00,426,2,90.5,15.1,0.0,45.54,13.719999
2026-04-02 18:00:00+00:00,63,3,5.5,9.1,0.0,46.420002,14.08
2026-04-02 18:00:00+00:00,63,6,5.8,9.2,0.0,46.420002,14.08
2026-04-02 18:00:00+00:00,76,3,5.8,9.4,0.0,46.34,14.199999
2026-04-02 18:00:00+00:00,76,6,6.3,9.7,0.0,46.34,14.199999
2026-04-02 18:00:00+00:00,106,3,6.3,9.8,0.0,46.260002,14.4
2026-04-02 18:00:00+00:00,106,6,5.8,10.9,0.0,46.260002,14.4
2026-04-02 18:00:00+00:00,122,3,6.0,10.9,0.0,46.02,14.459999
2026-04-02 18:00:00+00:00,122,6,5.8,10.9,0.0,46.02,14.459999
2026-04-02 18:00:00+00:00,127,3,5.8,9.9,0.0,46.12,14.519999
2026-04-02 18:00:00+00:00,127,6,5.3,10.0,0.0,46.12,14.519999
2026-04-02 18:00:00+00:00,129,3,6.0,11.1,0.0,46.02,14.519999
2026-04-02 18:00:00+00:00,129,6,5.5,10.9,0.0,46.02,14.519999
2026-04-02 18:00:00+00:00,177,3,3.8,5.4,0.0,45.6,14.859999
2026-04-02 18:00:00+00:00,177,6,4.3,4.8,0.0,45.6,14.859999
2026-04-02 18:00:00+00:00,194,3,4.3,7.7,0.0,46.52,15.039999
2026-04-02 18:00:00+00:00,194,6,4.3,8.8,0.0,46.52,15.039999
2026-04-02 18:00:00+00:00,236,3,2.3,10.2,0.0,45.8,15.179998
2026-04-02 18:00:00+00:00,236,6,2.3,10.1,0.0,45.8,15.179998
2026-04-02 18:00:00+00:00,325,3,3.0,9.9,0.0,46.56,15.639999
2026-04-02 18:00:00+00:00,325,6,1.0,9.7,0.0,46.56,15.639999
2026-04-02 18:00:00+00:00,391,3,3.5,10.1,0.0,46.7,16.099998
2026-04-02 18:00:00+00:00,391,6,2.5,9.3,0.0,46.7,16.099998
2026-04-02 18:00:00+00:00,422,3,3.3,10.2,0.0,46.24,15.219999
2026-04-02 18:00:00+00:00,422,6,2.5,10.3,0.0,46.24,15.219999
2026-04-02 18:00:00+00:00,425,3,2.3,11.2,0.0,45.94,15.519999
2026-04-02 18:00:00+00:00,425,6,1.5,10.6,0.0,45.94,15.519999
2026-04-02 18:00:00+00:00,426,3,8.0,14.3,0.0,45.54,13.719999
2026-04-02 18:00:00+00:00,426,6,7.0,14.0,0.0,45.54,13.719999
2026-04-02 19:00:00+00:00,63,1,0.0,8.9,0.0,46.420002,14.08
2026-04-02 19:00:00+00:00,76,1,0.0,8.8,0.0,46.34,14.199999
2026-04-02 19:00:00+00:00,106,1,0.0,9.2,0.0,46.260002,14.4
2026-04-02 19:00:00+00:00,122,1,0.0,10.4,0.0,46.02,14.459999
2026-04-02 19:00:00+00:00,127,1,0.0,8.7,0.0,46.12,14.519999
2026-04-02 19:00:00+00:00,129,1,0.0,11.0,0.0,46.02,14.519999
2026-04-02 19:00:00+00:00,177,1,0.0,5.3,0.0,45.6,14.859999
2026-04-02 19:00:00+00:00,194,1,0.0,7.5,0.0,46.52,15.039999
2026-04-02 19:00:00+00:00,236,1,0.0,10.0,0.0,45.8,15.179998
2026-04-02 19:00:00+00:00,325,1,0.0,9.4,0.0,46.56,15.639999
2026-04-02 19:00:00+00:00,391,1,0.0,9.8,0.0,46.7,16.099998
2026-04-02 19:00:00+00:00,422,1,0.0,9.4,0.0,46.24,15.219999
2026-04-02 19:00:00+00:00,425,1,0.0,10.9,0.0,45.94,15.519999
2026-04-02 19:00:00+00:00,426,1,0.0,13.8,0.0,45.54,13.719999
2026-04-02 20:00:00+00:00,63,2,0.0,8.5,0.0,46.420002,14.08
2026-04-02 20:00:00+00:00,76,2,0.0,7.9,0.0,46.34,14.199999
2026-04-02 20:00:00+00:00,106,2,0.0,9.0,0.0,46.260002,14.4
2026-04-02 20:00:00+00:00,122,2,0.0,9.5,0.0,46.02,14.459999
2026-04-02 20:00:00+00:00,127,2,0.0,8.3,0.0,46.12,14.519999
2026-04-02 20:00:00+00:00,129,2,0.0,10.5,0.0,46.02,14.519999
2026-04-02 20:00:00+00:00,177,2,0.0,5.2,0.0,45.6,14.859999
2026-04-02 20:00:00+00:00,194,2,0.0,6.8,0.0,46.52,15.039999
2026-04-02 20:00:00+00:00,236,2,0.0,9.7,0.0,45.8,15.179998
2026-04-02 20:00:00+00:00,325,2,0.0,9.4,0.0,46.56,15.639999
2026-04-02 20:00:00+00:00,391,2,0.0,9.4,0.0,46.7,16.099998
2026-04-02 20:00:00+00:00,422,2,0.0,8.5,0.0,46.24,15.219999
2026-04-02 20:00:00+00:00,425,2,0.0,10.8,0.0,45.94,15.519999
2026-04-02 20:00:00+00:00,426,2,0.0,13.4,0.0,45.54,13.719999
2026-04-02 21:00:00+00:00,63,3,0.0,8.2,0.0,46.420002,14.08
2026-04-02 21:00:00+00:00,63,6,0.0,8.4,0.2,46.420002,14.08
2026-04-02 21:00:00+00:00,76,3,0.0,7.1,0.0,46.34,14.199999
2026-04-02 21:00:00+00:00,76,6,0.0,7.4,0.0,46.34,14.199999
2026-04-02 21:00:00+00:00,106,3,0.0,8.7,0.0,46.260002,14.4
2026-04-02 21:00:00+00:00,106,6,0.0,8.7,0.0,46.260002,14.4
2026-04-02 21:00:00+00:00,122,3,0.0,9.3,0.0,46.02,14.459999
2026-04-02 21:00:00+00:00,122,6,0.0,8.6,0.0,46.02,14.459999
2026-04-02 21:00:00+00:00,127,3,0.0,8.3,0.0,46.12,14.519999
2026-04-02 21:00:00+00:00,127,6,0.0,8.0,0.0,46.12,14.519999
2026-04-02 21:00:00+00:00,129,3,0.0,9.8,0.0,46.02,14.519999
2026-04-02 21:00:00+00:00,129,6,0.0,8.9,0.0,46.02,14.519999
2026-04-02 21:00:00+00:00,177,3,0.0,5.2,0.0,45.6,14.859999
2026-04-02 21:00:00+00:00,177,6,0.0,5.2,0.0,45.6,14.859999
2026-04-02 21:00:00+00:00,194,3,0.0,6.5,0.0,46.52,15.039999
2026-04-02 21:00:00+00:00,194,6,0.0,6.9,0.0,46.52,15.039999
2026-04-02 21:00:00+00:00,236,3,0.0,9.4,0.0,45.8,15.179998
2026-04-02 21:00:00+00:00,236,6,0.0,9.4,0.0,45.8,15.179998
2026-04-02 21:00:00+00:00,325,3,0.0,9.4,0.0,46.56,15.639999
2026-04-02 21:00:00+00:00,325,6,0.0,9.4,0.0,46.56,15.639999
2026-04-02 21:00:00+00:00,391,3,0.0,8.7,0.0,46.7,16.099998
2026-04-02 21:00:00+00:00,391,6,0.0,9.8,0.0,46.7,16.099998
2026-04-02 21:00:00+00:00,422,3,0.0,8.1,0.0,46.24,15.219999
2026-04-02 21:00:00+00:00,422,6,0.0,8.2,0.0,46.24,15.219999
2026-04-02 21:00:00+00:00,425,3,0.0,11.0,0.0,45.94,15.519999
2026-04-02 21:00:00+00:00,425,6,0.0,10.9,0.0,45.94,15.519999
2026-04-02 21:00:00+00:00,426,3,0.0,12.8,0.0,45.54,13.719999
2026-04-02 21:00:00+00:00,426,6,0.0,12.9,0.0,45.54,13.719999
2026-04-02 22:00:00+00:00,63,1,0.0,8.2,0.0,46.420002,14.08
2026-04-02 22:00:00+00:00,76,1,0.0,8.1,0.0,46.34,14.199999
2026-04-02 22:00:00+00:00,106,1,0.0,8.7,0.0,46.260002,14.4
2026-04-02 22:00:00+00:00,122,1,0.0,8.7,0.0,46.02,14.459999
2026-04-02 22:00:00+00:00,127,1,0.0,8.4,0.0,46.12,14.519999
2026-04-02 22:00:00+00:00,129,1,0.0,9.3,0.0,46.02,14.519999
2026-04-02 22:00:00+00:00,177,1,0.0,5.0,0.0,45.6,14.859999
2026-04-02 22:00:00+00:00,194,1,0.0,6.7,0.0,46.52,15.039999
2026-04-02 22:00:00+00:00,236,1,0.0,9.6,0.0,45.8,15.179998
2026-04-02 22:00:00+00:00,325,1,0.0,9.4,0.0,46.56,15.639999
2026-04-02 22:00:00+00:00,391,1,0.0,8.9,0.0,46.7,16.099998
2026-04-02 22:00:00+00:00,422,1,0.0,8.8,0.0,46.24,15.219999
2026-04-02 22:00:00+00:00,425,1,0.0,10.7,0.0,45.94,15.519999
2026-04-02 22:00:00+00:00,426,1,0.0,12.8,0.0,45.54,13.719999
2026-04-02 23:00:00+00:00,63,2,0.0,8.0,0.0,46.420002,14.08
2026-04-02 23:00:00+00:00,76,2,0.0,7.8,0.0,46.34,14.199999
2026-04-02 23:00:00+00:00,106,2,0.0,8.8,0.0,46.260002,14.4
2026-04-02 23:00:00+00:00,122,2,0.0,8.8,0.0,46.02,14.459999
2026-04-02 23:00:00+00:00,127,2,0.0,7.9,0.0,46.12,14.519999
2026-04-02 23:00:00+00:00,129,2,0.0,8.5,0.0,46.02,14.519999
2026-04-02 23:00:00+00:00,177,2,0.0,4.7,0.0,45.6,14.859999
2026-04-02 23:00:00+00:00,194,2,0.0,6.7,0.0,46.52,15.039999
2026-04-02 23:00:00+00:00,236,2,0.0,9.5,0.1,45.8,15.179998
2026-04-02 23:00:00+00:00,325,2,0.0,9.5,0.0,46.56,15.639999
2026-04-02 23:00:00+00:00,391,2,0.0,8.4,0.0,46.7,16.099998
2026-04-02 23:00:00+00:00,422,2,0.0,8.8,0.0,46.24,15.219999
2026-04-02 23:00:00+00:00,425,2,0.0,10.7,0.0,45.94,15.519999
2026-04-02 23:00:00+00:00,426,2,0.0,12.5,0.0,45.54,13.719999
2026-04-03 00:00:00+00:00,63,3,0.0,7.2,0.0,46.420002,14.08
2026-04-03 00:00:00+00:00,63,6,0.0,6.5,0.0,46.420002,14.08
2026-04-03 00:00:00+00:00,63,24,0.3,8.6,0.0,46.420002,14.08
2026-04-03 00:00:00+00:00,76,3,0.0,6.6,0.0,46.34,14.199999
2026-04-03 00:00:00+00:00,76,6,0.0,6.3,0.0,46.34,14.199999
2026-04-03 00:00:00+00:00,76,24,0.0,7.0,0.0,46.34,14.199999
2026-04-03 00:00:00+00:00,106,3,0.0,8.8,0.0,46.260002,14.4
2026-04-03 00:00:00+00:00,106,6,0.0,8.4,0.0,46.260002,14.4
2026-04-03 00:00:00+00:00,106,24,0.0,8.9,0.0,46.260002,14.4
2026-04-03 00:00:00+00:00,122,3,0.0,8.7,0.0,46.02,14.459999
2026-04-03 00:00:00+00:00,122,6,0.0,7.9,0.0,46.02,14.459999
2026-04-03 00:00:00+00:00,122,24,0.0,8.5,0.0,46.02,14.459999
2026-04-03 00:00:00+00:00,127,3,0.0,8.1,0.0,46.12,14.519999
2026-04-03 00:00:00+00:00,127,6,0.0,7.9,0.0,46.12,14.519999
2026-04-03 00:00:00+00:00,127,24,0.0,8.0,0.0,46.12,14.519999
2026-04-03 00:00:00+00:00,129,3,0.0,7.7,0.0,46.02,14.519999
2026-04-03 00:00:00+00:00,129,6,0.0,8.1,0.0,46.02,14.519999
2026-04-03 00:00:00+00:00,129,24,0.0,8.4,0.0,46.02,14.519999
2026-04-03 00:00:00+00:00,177,3,0.0,4.8,0.0,45.6,14.859999
2026-04-03 00:00:00+00:00,177,6,0.0,5.0,0.0,45.6,14.859999
2026-04-03 00:00:00+00:00,177,24,0.0,4.7,0.0,45.6,14.859999
2026-04-03 00:00:00+00:00,194,3,0.0,6.4,0.0,46.52,15.039999
2026-04-03 00:00:00+00:00,194,6,0.0,6.2,0.0,46.52,15.039999
2026-04-03 00:00:00+00:00,194,24,0.0,5.7,0.0,46.52,15.039999
2026-04-03 00:00:00+00:00,236,3,0.0,9.8,0.6,45.8,15.179998
2026-04-03 00:00:00+00:00,236,6,0.0,9.7,0.2,45.8,15.179998
2026-04-03 00:00:00+00:00,236,24,0.0,9.5,0.8,45.8,15.179998
2026-04-03 00:00:00+00:00,325,3,0.0,9.4,0.0,46.56,15.639999
2026-04-03 00:00:00+00:00,325,6,0.0,9.1,0.0,46.56,15.639999
2026-04-03 00:00:00+00:00,325,24,0.0,9.3,0.0,46.56,15.639999
2026-04-03 00:00:00+00:00,391,3,0.0,8.3,0.0,46.7,16.099998
2026-04-03 00:00:00+00:00,391,6,0.0,8.0,0.0,46.7,16.099998
2026-04-03 00:00:00+00:00,391,24,0.0,8.8,0.0,46.7,16.099998
2026-04-03 00:00:00+00:00,422,3,0.0,9.1,0.0,46.24,15.219999
2026-04-03 00:00:00+00:00,422,6,0.0,8.0,0.0,46.24,15.219999
2026-04-03 00:00:00+00:00,422,24,0.0,8.0,0.0,46.24,15.219999
2026-04-03 00:00:00+00:00,425,3,0.0,10.5,0.1,45.94,15.519999
2026-04-03 00:00:00+00:00,425,6,0.0,10.3,0.0,45.94,15.519999
2026-04-03 00:00:00+00:00,425,24,0.0,11.3,0.3,45.94,15.519999
2026-04-03 00:00:00+00:00,426,3,0.0,12.1,0.0,45.54,13.719999
2026-04-03 00:00:00+00:00,426,6,0.0,11.7,0.0,45.54,13.719999
2026-04-03 00:00:00+00:00,426,24,0.0,10.7,0.0,45.54,13.719999
2026-04-03 03:00:00+00:00,63,6,0.0,6.8,0.0,46.420002,14.08
2026-04-03 03:00:00+00:00,76,6,0.0,5.7,0.0,46.34,14.199999
2026-04-03 03:00:00+00:00,106,6,0.0,8.3,0.0,46.260002,14.4
2026-04-03 03:00:00+00:00,122,6,0.0,6.9,0.0,46.02,14.459999
2026-04-03 03:00:00+00:00,127,6,0.0,7.3,0.0,46.12,14.519999
2026-04-03 03:00:00+00:00,129,6,0.0,7.6,0.0,46.02,14.519999
2026-04-03 03:00:00+00:00,177,6,0.0,5.1,0.0,45.6,14.859999
2026-04-03 03:00:00+00:00,194,6,0.0,5.3,0.0,46.52,15.039999
2026-04-03 03:00:00+00:00,236,6,0.0,6.5,0.0,45.8,15.179998
2026-04-03 03:00:00+00:00,325,6,0.0,8.8,0.0,46.56,15.639999
2026-04-03 03:00:00+00:00,391,6,0.0,7.4,0.0,46.7,16.099998
2026-04-03 03:00:00+00:00,422,6,0.0,6.8,0.0,46.24,15.219999
2026-04-03 03:00:00+00:00,425,6,0.0,9.5,0.0,45.94,15.519999
2026-04-03 03:00:00+00:00,426,6,0.0,10.8,0.0,45.54,13.719999
2026-04-03 06:00:00+00:00,63,24,76.0,8.0,0.0,46.420002,14.08
2026-04-03 06:00:00+00:00,76,24,70.5,6.2,0.0,46.34,14.199999
2026-04-03 06:00:00+00:00,106,24,77.3,7.9,0.0,46.260002,14.4
2026-04-03 06:00:00+00:00,122,24,72.5,6.4,0.0,46.02,14.459999
2026-04-03 06:00:00+00:00,127,24,75.8,7.4,0.0,46.12,14.519999
2026-04-03 06:00:00+00:00,129,24,76.3,6.7,0.0,46.02,14.519999
2026-04-03 06:00:00+00:00,177,24,36.0,5.2,0.0,45.6,14.859999
2026-04-03 06:00:00+00:00,194,24,81.0,6.7,0.0,46.52,15.039999
2026-04-03 06:00:00+00:00,236,24,78.3,6.5,0.0,45.8,15.179998
2026-04-03 06:00:00+00:00,325,24,62.3,9.3,0.0,46.56,15.639999
2026-04-03 06:00:00+00:00,391,24,69.5,7.7,0.0,46.7,16.099998
2026-04-03 06:00:00+00:00,422,24,66.5,7.3,0.0,46.24,15.219999
2026-04-03 06:00:00+00:00,425,24,41.0,9.0,0.0,45.94,15.519999
2026-04-03 06:00:00+00:00,426,24,76.8,10.3,0.0,45.54,13.719999
2026-04-03 09:00:00+00:00,63,24,577.0,11.5,0.0,46.420002,14.08
2026-04-03 09:00:00+00:00,76,24,573.3,12.6,0.0,46.34,14.199999
2026-04-03 09:00:00+00:00,106,24,573.0,12.6,0.0,46.260002,14.4
2026-04-03 09:00:00+00:00,122,24,545.5,12.9,0.0,46.02,14.459999
2026-04-03 09:00:00+00:00,127,24,550.0,12.2,0.0,46.12,14.519999
2026-04-03 09:00:00+00:00,129,24,548.8,12.4,0.0,46.02,14.519999
2026-04-03 09:00:00+00:00,177,24,346.3,8.0,0.0,45.6,14.859999
2026-04-03 09:00:00+00:00,194,24,562.0,11.7,0.0,46.52,15.039999
2026-04-03 09:00:00+00:00,236,24,480.8,12.2,0.0,45.8,15.179998
2026-04-03 09:00:00+00:00,325,24,490.8,12.6,0.0,46.56,15.639999
2026-04-03 09:00:00+00:00,391,24,471.0,12.9,0.0,46.7,16.099998
2026-04-03 09:00:00+00:00,422,24,540.0,12.9,0.0,46.24,15.219999
2026-04-03 09:00:00+00:00,425,24,274.3,12.9,0.0,45.94,15.519999
2026-04-03 09:00:00+00:00,426,24,558.0,15.9,0.0,45.54,13.719999
2026-04-03 12:00:00+00:00,63,24,779.8,14.1,0.0,46.420002,14.08
2026-04-03 12:00:00+00:00,76,24,774.0,15.1,0.0,46.34,14.199999
2026-04-03 12:00:00+00:00,106,24,687.8,15.8,0.0,46.260002,14.4
2026-04-03 12:00:00+00:00,122,24,748.3,16.7,0.0,46.02,14.459999
2026-04-03 12:00:00+00:00,127,24,605.3,15.0,0.0,46.12,14.519999
2026-04-03 12:00:00+00:00,129,24,666.8,16.5,0.0,46.02,14.519999
2026-04-03 12:00:00+00:00,177,24,390.8,9.8,0.0,45.6,14.859999
2026-04-03 12:00:00+00:00,194,24,539.8,13.8,0.0,46.52,15.039999
2026-04-03 12:00:00+00:00,236,24,735.3,15.8,0.0,45.8,15.179998
2026-04-03 12:00:00+00:00,325,24,644.5,15.2,0.0,46.56,15.639999
2026-04-03 12:00:00+00:00,391,24,759.3,15.8,0.0,46.7,16.099998
2026-04-03 12:00:00+00:00,422,24,758.5,16.0,0.0,46.24,15.219999
2026-04-03 12:00:00+00:00,425,24,678.5,15.7,0.0,45.94,15.519999
2026-04-03 12:00:00+00:00,426,24,773.8,16.9,0.0,45.54,13.719999
2026-04-03 15:00:00+00:00,63,24,481.5,13.9,0.0,46.420002,14.08
2026-04-03 15:00:00+00:00,76,24,479.5,14.8,0.0,46.34,14.199999
2026-04-03 15:00:00+00:00,106,24,475.0,15.7,0.0,46.260002,14.4
2026-04-03 15:00:00+00:00,122,24,304.3,16.2,0.0,46.02,14.459999
2026-04-03 15:00:00+00:00,127,24,287.5,15.6,0.0,46.12,14.519999
2026-04-03 15:00:00+00:00,129,24,351.3,16.3,0.0,46.02,14.519999
2026-04-03 15:00:00+00:00,177,24,402.8,10.8,0.0,45.6,14.859999
2026-04-03 15:00:00+00:00,194,24,422.8,14.3,0.0,46.52,15.039999
2026-04-03 15:00:00+00:00,236,24,444.8,15.9,0.0,45.8,15.179998
2026-04-03 15:00:00+00:00,325,24,443.8,15.7,0.0,46.56,15.639999
2026-04-03 15:00:00+00:00,391,24,433.8,15.7,0.0,46.7,16.099998
2026-04-03 15:00:00+00:00,422,24,467.5,16.2,0.0,46.24,15.219999
2026-04-03 15:00:00+00:00,425,24,351.5,16.6,0.0,45.94,15.519999
2026-04-03 15:00:00+00:00,426,24,475.8,16.5,0.0,45.54,13.719999
2026-04-03 18:00:00+00:00,63,24,10.0,9.2,0.0,46.420002,14.08
2026-04-03 18:00:00+00:00,76,24,9.3,9.4,0.0,46.34,14.199999
2026-04-03 18:00:00+00:00,106,24,9.0,11.2,0.0,46.260002,14.4
2026-04-03 18:00:00+00:00,122,24,7.8,12.8,0.0,46.02,14.459999
2026-04-03 18:00:00+00:00,127,24,8.8,11.9,0.0,46.12,14.519999
2026-04-03 18:00:00+00:00,129,24,8.8,13.2,0.0,46.02,14.519999
2026-04-03 18:00:00+00:00,177,24,7.5,8.3,0.0,45.6,14.859999
2026-04-03 18:00:00+00:00,194,24,6.8,10.0,0.0,46.52,15.039999
2026-04-03 18:00:00+00:00,236,24,6.8,12.4,0.0,45.8,15.179998
2026-04-03 18:00:00+00:00,325,24,5.5,12.1,0.0,46.56,15.639999
2026-04-03 18:00:00+00:00,391,24,5.0,12.1,0.0,46.7,16.099998
2026-04-03 18:00:00+00:00,422,24,6.8,12.8,0.0,46.24,15.219999
2026-04-03 18:00:00+00:00,425,24,6.0,12.2,0.0,45.94,15.519999
2026-04-03 18:00:00+00:00,426,24,10.3,15.2,0.0,45.54,13.719999
2026-04-03 21:00:00+00:00,63,24,0.3,5.2,0.0,46.420002,14.08
2026-04-03 21:00:00+00:00,76,24,0.0,5.9,0.0,46.34,14.199999
2026-04-03 21:00:00+00:00,106,24,0.3,7.3,0.0,46.260002,14.4
2026-04-03 21:00:00+00:00,122,24,0.0,8.9,0.0,46.02,14.459999
2026-04-03 21:00:00+00:00,127,24,0.0,8.9,0.0,46.12,14.519999
2026-04-03 21:00:00+00:00,129,24,0.0,10.4,0.0,46.02,14.519999
2026-04-03 21:00:00+00:00,177,24,0.0,6.8,0.0,45.6,14.859999
2026-04-03 21:00:00+00:00,194,24,0.0,6.1,0.0,46.52,15.039999
2026-04-03 21:00:00+00:00,236,24,0.0,8.5,0.0,45.8,15.179998
2026-04-03 21:00:00+00:00,325,24,0.0,8.6,0.0,46.56,15.639999
2026-04-03 21:00:00+00:00,391,24,0.0,9.8,0.0,46.7,16.099998
2026-04-03 21:00:00+00:00,422,24,0.0,7.5,0.0,46.24,15.219999
2026-04-03 21:00:00+00:00,425,24,0.0,8.2,0.0,45.94,15.519999
2026-04-03 21:00:00+00:00,426,24,0.3,11.5,0.0,45.54,13.719999
2026-04-03 01:00:00+00:00,63,1,0.0,8.2,0.0,46.420002,14.08
2026-04-03 01:00:00+00:00,76,1,0.0,8.1,0.0,46.34,14.199999
2026-04-03 01:00:00+00:00,106,1,0.0,9.1,0.0,46.260002,14.4
2026-04-03 01:00:00+00:00,122,1,0.0,8.7,0.0,46.02,14.459999
2026-04-03 01:00:00+00:00,127,1,0.0,7.5,0.0,46.12,14.519999
2026-04-03 01:00:00+00:00,129,1,0.0,8.0,0.0,46.02,14.519999
2026-04-03 01:00:00+00:00,177,1,0.0,4.9,0.0,45.6,14.859999
2026-04-03 01:00:00+00:00,194,1,0.0,6.8,0.0,46.52,15.039999
2026-04-03 01:00:00+00:00,236,1,0.0,9.1,0.0,45.8,15.179998
2026-04-03 01:00:00+00:00,325,1,0.0,9.5,0.0,46.56,15.639999
2026-04-03 01:00:00+00:00,391,1,0.0,8.8,0.0,46.7,16.099998
2026-04-03 01:00:00+00:00,422,1,0.0,9.0,0.0,46.24,15.219999
2026-04-03 01:00:00+00:00,425,1,0.0,10.5,0.0,45.94,15.519999
2026-04-03 01:00:00+00:00,426,1,0.0,12.0,0.0,45.54,13.719999
2026-04-03 02:00:00+00:00,63,2,0.0,7.9,0.0,46.420002,14.08
2026-04-03 02:00:00+00:00,76,2,0.0,7.6,0.0,46.34,14.199999
2026-04-03 02:00:00+00:00,106,2,0.0,9.0,0.0,46.260002,14.4
2026-04-03 02:00:00+00:00,122,2,0.0,7.0,0.0,46.02,14.459999
2026-04-03 02:00:00+00:00,127,2,0.0,7.6,0.0,46.12,14.519999
2026-04-03 02:00:00+00:00,129,2,0.0,7.2,0.0,46.02,14.519999
2026-04-03 02:00:00+00:00,177,2,0.0,4.9,0.0,45.6,14.859999
2026-04-03 02:00:00+00:00,194,2,0.0,6.3,0.0,46.52,15.039999
2026-04-03 02:00:00+00:00,236,2,0.0,7.0,0.0,45.8,15.179998
2026-04-03 02:00:00+00:00,325,2,0.0,9.4,0.0,46.56,15.639999
2026-04-03 02:00:00+00:00,391,2,0.0,8.6,0.0,46.7,16.099998
2026-04-03 02:00:00+00:00,422,2,0.0,8.9,0.0,46.24,15.219999
2026-04-03 02:00:00+00:00,425,2,0.0,8.9,0.0,45.94,15.519999
2026-04-03 02:00:00+00:00,426,2,0.0,11.6,0.0,45.54,13.719999
2026-04-03 03:00:00+00:00,63,3,0.0,6.8,0.0,46.420002,14.08
2026-04-03 03:00:00+00:00,76,3,0.0,6.7,0.0,46.34,14.199999
2026-04-03 03:00:00+00:00,106,3,0.0,8.7,0.0,46.260002,14.4
2026-04-03 03:00:00+00:00,122,3,0.0,6.5,0.0,46.02,14.459999
2026-04-03 03:00:00+00:00,127,3,0.0,7.3,0.0,46.12,14.519999
2026-04-03 03:00:00+00:00,129,3,0.0,7.3,0.0,46.02,14.519999
2026-04-03 03:00:00+00:00,177,3,0.0,5.0,0.0,45.6,14.859999
2026-04-03 03:00:00+00:00,194,3,0.0,6.0,0.0,46.52,15.039999
2026-04-03 03:00:00+00:00,236,3,0.0,6.2,0.0,45.8,15.179998
2026-04-03 03:00:00+00:00,325,3,0.0,9.1,0.0,46.56,15.639999
2026-04-03 03:00:00+00:00,391,3,0.0,8.3,0.0,46.7,16.099998
2026-04-03 03:00:00+00:00,422,3,0.0,8.4,0.0,46.24,15.219999
2026-04-03 03:00:00+00:00,425,3,0.0,9.2,0.0,45.94,15.519999
2026-04-03 03:00:00+00:00,426,3,0.0,10.1,0.0,45.54,13.719999
2026-04-03 06:00:00+00:00,63,6,72.3,7.7,0.0,46.420002,14.08
2026-04-03 06:00:00+00:00,76,6,78.0,6.8,0.0,46.34,14.199999
2026-04-03 06:00:00+00:00,106,6,82.0,8.2,0.0,46.260002,14.4
2026-04-03 06:00:00+00:00,122,6,80.0,6.9,0.0,46.02,14.459999
2026-04-03 06:00:00+00:00,127,6,80.0,7.5,0.0,46.12,14.519999
2026-04-03 06:00:00+00:00,129,6,78.8,7.2,0.0,46.02,14.519999
2026-04-03 06:00:00+00:00,177,6,22.5,5.4,0.0,45.6,14.859999
2026-04-03 06:00:00+00:00,194,6,87.5,6.7,0.0,46.52,15.039999
2026-04-03 06:00:00+00:00,236,6,67.5,7.0,0.0,45.8,15.179998
2026-04-03 06:00:00+00:00,325,6,93.5,9.3,0.0,46.56,15.639999
2026-04-03 06:00:00+00:00,391,6,75.3,8.3,0.0,46.7,16.099998
2026-04-03 06:00:00+00:00,422,6,90.3,7.9,0.0,46.24,15.219999
2026-04-03 06:00:00+00:00,425,6,29.3,10.4,0.0,45.94,15.519999
2026-04-03 06:00:00+00:00,426,6,72.8,11.7,0.0,45.54,13.719999
2026-04-03 07:00:00+00:00,63,1,235.0,9.4,0.0,46.420002,14.08
2026-04-03 07:00:00+00:00,76,1,233.3,9.8,0.0,46.34,14.199999
2026-04-03 07:00:00+00:00,106,1,249.5,10.2,0.0,46.260002,14.4
2026-04-03 07:00:00+00:00,122,1,250.3,9.3,0.0,46.02,14.459999
2026-04-03 07:00:00+00:00,127,1,249.8,9.3,0.0,46.12,14.519999
2026-04-03 07:00:00+00:00,129,1,251.5,9.3,0.0,46.02,14.519999
2026-04-03 07:00:00+00:00,177,1,106.0,5.9,0.0,45.6,14.859999
2026-04-03 07:00:00+00:00,194,1,237.5,8.5,0.0,46.52,15.039999
2026-04-03 07:00:00+00:00,236,1,200.3,10.6,0.0,45.8,15.179998
2026-04-03 07:00:00+00:00,325,1,182.0,10.3,0.0,46.56,15.639999
2026-04-03 07:00:00+00:00,391,1,153.0,9.7,0.0,46.7,16.099998
2026-04-03 07:00:00+00:00,422,1,231.5,10.6,0.0,46.24,15.219999
2026-04-03 07:00:00+00:00,425,1,115.8,11.1,0.0,45.94,15.519999
2026-04-03 07:00:00+00:00,426,1,248.5,12.8,0.0,45.54,13.719999
2026-04-03 08:00:00+00:00,63,2,394.5,10.5,0.0,46.420002,14.08
2026-04-03 08:00:00+00:00,76,2,420.5,11.4,0.0,46.34,14.199999
2026-04-03 08:00:00+00:00,106,2,419.0,11.9,0.0,46.260002,14.4
2026-04-03 08:00:00+00:00,122,2,399.5,11.4,0.0,46.02,14.459999
2026-04-03 08:00:00+00:00,127,2,406.5,11.2,0.0,46.12,14.519999
2026-04-03 08:00:00+00:00,129,2,412.3,11.2,0.0,46.02,14.519999
2026-04-03 08:00:00+00:00,177,2,209.3,6.9,0.0,45.6,14.859999
2026-04-03 08:00:00+00:00,194,2,418.5,10.3,0.0,46.52,15.039999
2026-04-03 08:00:00+00:00,236,2,347.3,12.0,0.0,45.8,15.179998
2026-04-03 08:00:00+00:00,325,2,385.3,11.5,0.0,46.56,15.639999
2026-04-03 08:00:00+00:00,391,2,324.0,11.3,0.0,46.7,16.099998
2026-04-03 08:00:00+00:00,422,2,418.3,12.1,0.0,46.24,15.219999
2026-04-03 08:00:00+00:00,425,2,181.8,12.4,0.0,45.94,15.519999
2026-04-03 08:00:00+00:00,426,2,401.5,14.8,0.0,45.54,13.719999
2026-04-03 09:00:00+00:00,63,3,562.5,11.6,0.0,46.420002,14.08
2026-04-03 09:00:00+00:00,76,3,574.0,12.7,0.0,46.34,14.199999
2026-04-03 09:00:00+00:00,106,3,576.0,13.3,0.0,46.260002,14.4
2026-04-03 09:00:00+00:00,122,3,561.8,13.3,0.0,46.02,14.459999
2026-04-03 09:00:00+00:00,127,3,575.3,12.7,0.0,46.12,14.519999
2026-04-03 09:00:00+00:00,129,3,555.0,12.7,0.0,46.02,14.519999
2026-04-03 09:00:00+00:00,177,3,191.5,7.4,0.0,45.6,14.859999
2026-04-03 09:00:00+00:00,194,3,546.8,11.7,0.0,46.52,15.039999
2026-04-03 09:00:00+00:00,236,3,449.0,13.1,0.0,45.8,15.179998
2026-04-03 09:00:00+00:00,325,3,471.3,12.5,0.0,46.56,15.639999
2026-04-03 09:00:00+00:00,391,3,448.8,13.0,0.0,46.7,16.099998
2026-04-03 09:00:00+00:00,422,3,564.5,13.4,0.0,46.24,15.219999
2026-04-03 09:00:00+00:00,425,3,166.8,12.8,0.0,45.94,15.519999
2026-04-03 09:00:00+00:00,426,3,553.0,16.6,0.0,45.54,13.719999
2026-04-03 10:00:00+00:00,63,1,701.8,12.9,0.0,46.420002,14.08
2026-04-03 10:00:00+00:00,76,1,698.0,14.1,0.0,46.34,14.199999
2026-04-03 10:00:00+00:00,106,1,703.0,15.1,0.0,46.260002,14.4
2026-04-03 10:00:00+00:00,122,1,687.5,15.5,0.0,46.02,14.459999
2026-04-03 10:00:00+00:00,127,1,707.8,14.6,0.0,46.12,14.519999
2026-04-03 10:00:00+00:00,129,1,679.0,15.0,0.0,46.02,14.519999
2026-04-03 10:00:00+00:00,177,1,186.0,8.2,0.0,45.6,14.859999
2026-04-03 10:00:00+00:00,194,1,687.0,13.5,0.0,46.52,15.039999
2026-04-03 10:00:00+00:00,236,1,627.3,15.3,0.0,45.8,15.179998
2026-04-03 10:00:00+00:00,325,1,687.5,14.1,0.0,46.56,15.639999
2026-04-03 10:00:00+00:00,391,1,643.8,14.4,0.0,46.7,16.099998
2026-04-03 10:00:00+00:00,422,1,710.8,15.3,0.0,46.24,15.219999
2026-04-03 10:00:00+00:00,425,1,376.0,14.2,0.0,45.94,15.519999
2026-04-03 10:00:00+00:00,426,1,691.0,17.5,0.0,45.54,13.719999
2026-04-03 11:00:00+00:00,63,2,773.3,13.9,0.0,46.420002,14.08
2026-04-03 11:00:00+00:00,76,2,767.5,15.1,0.0,46.34,14.199999
2026-04-03 11:00:00+00:00,106,2,778.3,16.1,0.0,46.260002,14.4
2026-04-03 11:00:00+00:00,122,2,749.3,16.6,0.0,46.02,14.459999
2026-04-03 11:00:00+00:00,127,2,769.8,15.7,0.0,46.12,14.519999
2026-04-03 11:00:00+00:00,129,2,744.3,16.2,0.0,46.02,14.519999
2026-04-03 11:00:00+00:00,177,2,300.3,9.2,0.0,45.6,14.859999
2026-04-03 11:00:00+00:00,194,2,758.8,14.8,0.0,46.52,15.039999
2026-04-03 11:00:00+00:00,236,2,538.8,15.1,0.0,45.8,15.179998
2026-04-03 11:00:00+00:00,325,2,753.0,14.7,0.0,46.56,15.639999
2026-04-03 11:00:00+00:00,391,2,750.0,15.5,0.0,46.7,16.099998
2026-04-03 11:00:00+00:00,422,2,765.5,15.9,0.0,46.24,15.219999
2026-04-03 11:00:00+00:00,425,2,522.0,15.3,0.0,45.94,15.519999
2026-04-03 11:00:00+00:00,426,2,756.3,17.6,0.0,45.54,13.719999
2026-04-03 12:00:00+00:00,63,3,782.3,14.7,0.0,46.420002,14.08
2026-04-03 12:00:00+00:00,63,6,781.0,14.4,0.0,46.420002,14.08
2026-04-03 12:00:00+00:00,76,3,774.8,15.7,0.0,46.34,14.199999
2026-04-03 12:00:00+00:00,76,6,775.5,15.2,0.0,46.34,14.199999
2026-04-03 12:00:00+00:00,106,3,788.3,16.7,0.0,46.260002,14.4
2026-04-03 12:00:00+00:00,106,6,784.3,16.2,0.0,46.260002,14.4
2026-04-03 12:00:00+00:00,122,3,788.8,17.3,0.0,46.02,14.459999
2026-04-03 12:00:00+00:00,122,6,773.0,16.8,0.0,46.02,14.459999
2026-04-03 12:00:00+00:00,127,3,739.8,16.2,0.0,46.12,14.519999
2026-04-03 12:00:00+00:00,127,6,767.8,15.8,0.0,46.12,14.519999
2026-04-03 12:00:00+00:00,129,3,775.5,17.1,0.0,46.02,14.519999
2026-04-03 12:00:00+00:00,129,6,734.3,16.7,0.0,46.02,14.519999
2026-04-03 12:00:00+00:00,177,3,557.3,10.5,0.0,45.6,14.859999
2026-04-03 12:00:00+00:00,177,6,289.8,9.1,0.0,45.6,14.859999
2026-04-03 12:00:00+00:00,194,3,705.5,15.4,0.0,46.52,15.039999
2026-04-03 12:00:00+00:00,194,6,762.3,14.6,0.0,46.52,15.039999
2026-04-03 12:00:00+00:00,236,3,625.8,16.2,0.0,45.8,15.179998
2026-04-03 12:00:00+00:00,236,6,468.0,14.9,0.0,45.8,15.179998
2026-04-03 12:00:00+00:00,325,3,764.5,15.7,0.0,46.56,15.639999
2026-04-03 12:00:00+00:00,325,6,746.5,15.5,0.0,46.56,15.639999
2026-04-03 12:00:00+00:00,391,3,757.8,16.4,0.0,46.7,16.099998
2026-04-03 12:00:00+00:00,391,6,735.0,16.3,0.0,46.7,16.099998
2026-04-03 12:00:00+00:00,422,3,772.8,16.8,0.0,46.24,15.219999
2026-04-03 12:00:00+00:00,422,6,743.0,16.3,0.0,46.24,15.219999
2026-04-03 12:00:00+00:00,425,3,757.3,16.4,0.0,45.94,15.519999
2026-04-03 12:00:00+00:00,425,6,680.5,15.6,0.0,45.94,15.519999
2026-04-03 12:00:00+00:00,426,3,775.5,17.9,0.0,45.54,13.719999
2026-04-03 12:00:00+00:00,426,6,766.3,17.7,0.0,45.54,13.719999
2026-04-03 13:00:00+00:00,63,1,729.8,15.7,0.0,46.420002,14.08
2026-04-03 13:00:00+00:00,76,1,727.8,16.7,0.0,46.34,14.199999
2026-04-03 13:00:00+00:00,106,1,736.0,17.5,0.0,46.260002,14.4
2026-04-03 13:00:00+00:00,122,1,574.3,17.5,0.0,46.02,14.459999
2026-04-03 13:00:00+00:00,127,1,648.3,17.0,0.0,46.12,14.519999
2026-04-03 13:00:00+00:00,129,1,598.8,17.6,0.0,46.02,14.519999
2026-04-03 13:00:00+00:00,177,1,507.0,11.2,0.0,45.6,14.859999
2026-04-03 13:00:00+00:00,194,1,559.5,16.0,0.0,46.52,15.039999
2026-04-03 13:00:00+00:00,236,1,706.3,17.1,0.0,45.8,15.179998
2026-04-03 13:00:00+00:00,325,1,708.8,16.5,0.0,46.56,15.639999
2026-04-03 13:00:00+00:00,391,1,687.8,16.9,0.0,46.7,16.099998
2026-04-03 13:00:00+00:00,422,1,698.0,17.9,0.0,46.24,15.219999
2026-04-03 13:00:00+00:00,425,1,713.0,17.1,0.0,45.94,15.519999
2026-04-03 13:00:00+00:00,426,1,727.3,17.6,0.0,45.54,13.719999
2026-04-03 14:00:00+00:00,63,2,628.0,15.4,0.0,46.420002,14.08
2026-04-03 14:00:00+00:00,76,2,623.5,16.4,0.0,46.34,14.199999
2026-04-03 14:00:00+00:00,106,2,633.5,17.4,0.0,46.260002,14.4
2026-04-03 14:00:00+00:00,122,2,407.0,17.5,0.0,46.02,14.459999
2026-04-03 14:00:00+00:00,127,2,565.3,17.3,0.0,46.12,14.519999
2026-04-03 14:00:00+00:00,129,2,359.0,17.6,0.0,46.02,14.519999
2026-04-03 14:00:00+00:00,177,2,631.5,12.1,0.0,45.6,14.859999
2026-04-03 14:00:00+00:00,194,2,595.3,16.1,0.0,46.52,15.039999
2026-04-03 14:00:00+00:00,236,2,616.8,17.0,0.0,45.8,15.179998
2026-04-03 14:00:00+00:00,325,2,602.3,16.8,0.0,46.56,15.639999
2026-04-03 14:00:00+00:00,391,2,602.0,16.6,0.0,46.7,16.099998
2026-04-03 14:00:00+00:00,422,2,614.5,17.7,0.0,46.24,15.219999
2026-04-03 14:00:00+00:00,425,2,605.8,17.0,0.0,45.94,15.519999
2026-04-03 14:00:00+00:00,426,2,624.8,17.3,0.0,45.54,13.719999
2026-04-03 15:00:00+00:00,63,3,479.8,14.9,0.0,46.420002,14.08
2026-04-03 15:00:00+00:00,63,6,456.8,14.6,0.0,46.420002,14.08
2026-04-03 15:00:00+00:00,76,3,477.3,15.9,0.0,46.34,14.199999
2026-04-03 15:00:00+00:00,76,6,468.8,15.6,0.0,46.34,14.199999
2026-04-03 15:00:00+00:00,106,3,483.8,16.9,0.0,46.260002,14.4
2026-04-03 15:00:00+00:00,106,6,485.5,16.5,0.0,46.260002,14.4
2026-04-03 15:00:00+00:00,122,3,396.8,16.9,0.0,46.02,14.459999
2026-04-03 15:00:00+00:00,122,6,355.0,17.2,0.0,46.02,14.459999
2026-04-03 15:00:00+00:00,127,3,322.3,16.4,0.0,46.12,14.519999
2026-04-03 15:00:00+00:00,127,6,456.5,16.8,0.0,46.12,14.519999
2026-04-03 15:00:00+00:00,129,3,426.0,17.1,0.0,46.02,14.519999
2026-04-03 15:00:00+00:00,129,6,447.0,17.7,0.0,46.02,14.519999
2026-04-03 15:00:00+00:00,177,3,449.8,11.8,0.0,45.6,14.859999
2026-04-03 15:00:00+00:00,177,6,317.3,11.0,0.0,45.6,14.859999
2026-04-03 15:00:00+00:00,194,3,456.5,15.5,0.0,46.52,15.039999
2026-04-03 15:00:00+00:00,194,6,363.5,15.2,0.0,46.52,15.039999
2026-04-03 15:00:00+00:00,236,3,464.3,16.6,0.0,45.8,15.179998
2026-04-03 15:00:00+00:00,236,6,465.8,16.5,0.0,45.8,15.179998
2026-04-03 15:00:00+00:00,325,3,412.0,16.6,0.0,46.56,15.639999
2026-04-03 15:00:00+00:00,325,6,425.5,16.4,0.0,46.56,15.639999
2026-04-03 15:00:00+00:00,391,3,449.0,16.1,0.0,46.7,16.099998
2026-04-03 15:00:00+00:00,391,6,438.3,16.1,0.0,46.7,16.099998
2026-04-03 15:00:00+00:00,422,3,427.0,17.1,0.0,46.24,15.219999
2026-04-03 15:00:00+00:00,422,6,468.5,16.9,0.0,46.24,15.219999
2026-04-03 15:00:00+00:00,425,3,462.8,16.9,0.0,45.94,15.519999
2026-04-03 15:00:00+00:00,425,6,463.8,16.8,0.0,45.94,15.519999
2026-04-03 15:00:00+00:00,426,3,477.3,18.1,0.0,45.54,13.719999
2026-04-03 15:00:00+00:00,426,6,477.3,16.7,0.0,45.54,13.719999
2026-04-03 16:00:00+00:00,63,1,306.8,13.8,0.0,46.420002,14.08
2026-04-03 16:00:00+00:00,76,1,302.0,14.9,0.0,46.34,14.199999
2026-04-03 16:00:00+00:00,106,1,309.3,16.3,0.0,46.260002,14.4
2026-04-03 16:00:00+00:00,122,1,260.5,16.6,0.0,46.02,14.459999
2026-04-03 16:00:00+00:00,127,1,234.3,15.6,0.0,46.12,14.519999
2026-04-03 16:00:00+00:00,129,1,252.8,16.4,0.0,46.02,14.519999
2026-04-03 16:00:00+00:00,177,1,297.8,11.2,0.0,45.6,14.859999
2026-04-03 16:00:00+00:00,194,1,276.0,14.8,0.0,46.52,15.039999
2026-04-03 16:00:00+00:00,236,1,291.5,16.1,0.0,45.8,15.179998
2026-04-03 16:00:00+00:00,325,1,279.3,16.1,0.0,46.56,15.639999
2026-04-03 16:00:00+00:00,391,1,278.3,15.5,0.0,46.7,16.099998
2026-04-03 16:00:00+00:00,422,1,270.5,16.5,0.0,46.24,15.219999
2026-04-03 16:00:00+00:00,425,1,282.8,16.5,0.0,45.94,15.519999
2026-04-03 16:00:00+00:00,426,1,302.0,16.7,0.0,45.54,13.719999
2026-04-03 17:00:00+00:00,63,2,126.0,12.5,0.0,46.420002,14.08
2026-04-03 17:00:00+00:00,76,2,122.5,13.5,0.0,46.34,14.199999
2026-04-03 17:00:00+00:00,106,2,126.3,15.0,0.0,46.260002,14.4
2026-04-03 17:00:00+00:00,122,2,114.8,15.0,0.0,46.02,14.459999
2026-04-03 17:00:00+00:00,127,2,112.0,14.5,0.0,46.12,14.519999
2026-04-03 17:00:00+00:00,129,2,107.3,15.4,0.0,46.02,14.519999
2026-04-03 17:00:00+00:00,177,2,118.5,9.9,0.0,45.6,14.859999
2026-04-03 17:00:00+00:00,194,2,111.8,13.4,0.0,46.52,15.039999
2026-04-03 17:00:00+00:00,236,2,112.5,15.3,0.0,45.8,15.179998
2026-04-03 17:00:00+00:00,325,2,106.0,14.8,0.0,46.56,15.639999
2026-04-03 17:00:00+00:00,391,2,103.8,14.8,0.0,46.7,16.099998
2026-04-03 17:00:00+00:00,422,2,111.5,16.0,0.0,46.24,15.219999
2026-04-03 17:00:00+00:00,425,2,105.3,15.7,0.0,45.94,15.519999
2026-04-03 17:00:00+00:00,426,2,125.5,16.7,0.0,45.54,13.719999
2026-04-03 18:00:00+00:00,63,3,9.8,10.2,0.0,46.420002,14.08
2026-04-03 18:00:00+00:00,63,6,9.8,10.2,0.0,46.420002,14.08
2026-04-03 18:00:00+00:00,76,3,9.3,11.9,0.0,46.34,14.199999
2026-04-03 18:00:00+00:00,76,6,9.3,11.3,0.0,46.34,14.199999
2026-04-03 18:00:00+00:00,106,3,9.0,12.7,0.0,46.260002,14.4
2026-04-03 18:00:00+00:00,106,6,9.3,13.1,0.0,46.260002,14.4
2026-04-03 18:00:00+00:00,122,3,7.8,12.6,0.0,46.02,14.459999
2026-04-03 18:00:00+00:00,122,6,8.5,12.2,0.0,46.02,14.459999
2026-04-03 18:00:00+00:00,127,3,8.3,12.3,0.0,46.12,14.519999
2026-04-03 18:00:00+00:00,127,6,8.3,12.1,0.0,46.12,14.519999
2026-04-03 18:00:00+00:00,129,3,8.3,13.3,0.0,46.02,14.519999
2026-04-03 18:00:00+00:00,129,6,8.5,13.0,0.0,46.02,14.519999
2026-04-03 18:00:00+00:00,177,3,7.8,8.2,0.0,45.6,14.859999
2026-04-03 18:00:00+00:00,177,6,5.3,8.2,0.0,45.6,14.859999
2026-04-03 18:00:00+00:00,194,3,7.5,11.5,0.0,46.52,15.039999
2026-04-03 18:00:00+00:00,194,6,7.0,11.5,0.0,46.52,15.039999
2026-04-03 18:00:00+00:00,236,3,6.8,13.4,0.0,45.8,15.179998
2026-04-03 18:00:00+00:00,236,6,6.8,13.5,0.0,45.8,15.179998
2026-04-03 18:00:00+00:00,325,3,5.5,12.9,0.0,46.56,15.639999
2026-04-03 18:00:00+00:00,325,6,5.8,12.7,0.0,46.56,15.639999
2026-04-03 18:00:00+00:00,391,3,4.8,13.1,0.0,46.7,16.099998
2026-04-03 18:00:00+00:00,391,6,4.8,12.8,0.0,46.7,16.099998
2026-04-03 18:00:00+00:00,422,3,6.8,13.9,0.0,46.24,15.219999
2026-04-03 18:00:00+00:00,422,6,6.5,13.8,0.0,46.24,15.219999
2026-04-03 18:00:00+00:00,425,3,5.8,12.9,0.0,45.94,15.519999
2026-04-03 18:00:00+00:00,425,6,5.8,13.2,0.0,45.94,15.519999
2026-04-03 18:00:00+00:00,426,3,10.5,15.0,0.0,45.54,13.719999
2026-04-03 18:00:00+00:00,426,6,10.5,15.3,0.0,45.54,13.719999
2026-04-03 19:00:00+00:00,63,1,0.0,8.8,0.0,46.420002,14.08
2026-04-03 19:00:00+00:00,76,1,0.0,8.5,0.0,46.34,14.199999
2026-04-03 19:00:00+00:00,106,1,0.0,9.7,0.0,46.260002,14.4
2026-04-03 19:00:00+00:00,122,1,0.0,11.2,0.0,46.02,14.459999
2026-04-03 19:00:00+00:00,127,1,0.0,10.9,0.0,46.12,14.519999
2026-04-03 19:00:00+00:00,129,1,0.0,11.9,0.0,46.02,14.519999
2026-04-03 19:00:00+00:00,177,1,0.0,7.8,0.0,45.6,14.859999
2026-04-03 19:00:00+00:00,194,1,0.0,9.0,0.0,46.52,15.039999
2026-04-03 19:00:00+00:00,236,1,0.0,10.9,0.0,45.8,15.179998
2026-04-03 19:00:00+00:00,325,1,0.0,11.7,0.0,46.56,15.639999
2026-04-03 19:00:00+00:00,391,1,0.0,11.3,0.0,46.7,16.099998
2026-04-03 19:00:00+00:00,422,1,0.0,11.6,0.0,46.24,15.219999
2026-04-03 19:00:00+00:00,425,1,0.0,11.1,0.0,45.94,15.519999
2026-04-03 19:00:00+00:00,426,1,0.0,13.1,0.0,45.54,13.719999
2026-04-03 20:00:00+00:00,63,2,0.0,7.5,0.0,46.420002,14.08
2026-04-03 20:00:00+00:00,76,2,0.0,8.0,0.0,46.34,14.199999
2026-04-03 20:00:00+00:00,106,2,0.0,8.6,0.0,46.260002,14.4
2026-04-03 20:00:00+00:00,122,2,0.0,11.0,0.0,46.02,14.459999
2026-04-03 20:00:00+00:00,127,2,0.0,10.3,0.0,46.12,14.519999
2026-04-03 20:00:00+00:00,129,2,0.0,10.4,0.0,46.02,14.519999
2026-04-03 20:00:00+00:00,177,2,0.0,7.2,0.0,45.6,14.859999
2026-04-03 20:00:00+00:00,194,2,0.0,7.7,0.0,46.52,15.039999
2026-04-03 20:00:00+00:00,236,2,0.0,9.9,0.0,45.8,15.179998
2026-04-03 20:00:00+00:00,325,2,0.0,10.3,0.0,46.56,15.639999
2026-04-03 20:00:00+00:00,391,2,0.0,10.9,0.0,46.7,16.099998
2026-04-03 20:00:00+00:00,422,2,0.0,8.5,0.0,46.24,15.219999
2026-04-03 20:00:00+00:00,425,2,0.0,9.9,0.0,45.94,15.519999
2026-04-03 20:00:00+00:00,426,2,0.0,10.4,0.0,45.54,13.719999
2026-04-03 21:00:00+00:00,63,3,0.0,5.9,0.0,46.420002,14.08
2026-04-03 21:00:00+00:00,63,6,0.0,5.9,0.0,46.420002,14.08
2026-04-03 21:00:00+00:00,76,3,0.0,7.1,0.0,46.34,14.199999
2026-04-03 21:00:00+00:00,76,6,0.0,6.7,0.0,46.34,14.199999
2026-04-03 21:00:00+00:00,106,3,0.0,8.0,0.0,46.260002,14.4
2026-04-03 21:00:00+00:00,106,6,0.0,7.7,0.0,46.260002,14.4
2026-04-03 21:00:00+00:00,122,3,0.0,9.2,0.0,46.02,14.459999
2026-04-03 21:00:00+00:00,122,6,0.0,9.0,0.0,46.02,14.459999
2026-04-03 21:00:00+00:00,127,3,0.0,9.8,0.0,46.12,14.519999
2026-04-03 21:00:00+00:00,127,6,0.0,9.6,0.0,46.12,14.519999
2026-04-03 21:00:00+00:00,129,3,0.0,8.9,0.0,46.02,14.519999
2026-04-03 21:00:00+00:00,129,6,0.0,8.5,0.0,46.02,14.519999
2026-04-03 21:00:00+00:00,177,3,0.0,6.9,0.0,45.6,14.859999
2026-04-03 21:00:00+00:00,177,6,0.0,6.9,0.0,45.6,14.859999
2026-04-03 21:00:00+00:00,194,3,0.0,6.8,0.0,46.52,15.039999
2026-04-03 21:00:00+00:00,194,6,0.0,6.8,0.0,46.52,15.039999
2026-04-03 21:00:00+00:00,236,3,0.0,9.5,0.0,45.8,15.179998
2026-04-03 21:00:00+00:00,236,6,0.0,9.6,0.0,45.8,15.179998
2026-04-03 21:00:00+00:00,325,3,0.0,9.0,0.0,46.56,15.639999
2026-04-03 21:00:00+00:00,325,6,0.0,9.4,0.0,46.56,15.639999
2026-04-03 21:00:00+00:00,391,3,0.0,10.4,0.0,46.7,16.099998
2026-04-03 21:00:00+00:00,391,6,0.0,10.3,0.0,46.7,16.099998
2026-04-03 21:00:00+00:00,422,3,0.0,7.9,0.0,46.24,15.219999
2026-04-03 21:00:00+00:00,422,6,0.0,8.2,0.0,46.24,15.219999
2026-04-03 21:00:00+00:00,425,3,0.0,8.6,0.0,45.94,15.519999
2026-04-03 21:00:00+00:00,425,6,0.0,9.0,0.0,45.94,15.519999
2026-04-03 21:00:00+00:00,426,3,0.0,10.3,0.0,45.54,13.719999
2026-04-03 21:00:00+00:00,426,6,0.0,10.3,0.0,45.54,13.719999
2026-04-03 22:00:00+00:00,63,1,0.0,4.7,0.0,46.420002,14.08
2026-04-03 22:00:00+00:00,76,1,0.0,5.4,0.0,46.34,14.199999
2026-04-03 22:00:00+00:00,106,1,0.0,5.9,0.0,46.260002,14.4
2026-04-03 22:00:00+00:00,122,1,0.0,7.5,0.0,46.02,14.459999
2026-04-03 22:00:00+00:00,127,1,0.0,8.3,0.0,46.12,14.519999
2026-04-03 22:00:00+00:00,129,1,0.0,8.0,0.0,46.02,14.519999
2026-04-03 22:00:00+00:00,177,1,0.0,6.3,0.0,45.6,14.859999
2026-04-03 22:00:00+00:00,194,1,0.0,5.5,0.0,46.52,15.039999
2026-04-03 22:00:00+00:00,236,1,0.0,7.9,0.0,45.8,15.179998
2026-04-03 22:00:00+00:00,325,1,0.0,7.5,0.0,46.56,15.639999
2026-04-03 22:00:00+00:00,391,1,0.0,8.0,0.0,46.7,16.099998
2026-04-03 22:00:00+00:00,422,1,0.0,6.4,0.0,46.24,15.219999
2026-04-03 22:00:00+00:00,425,1,0.0,7.4,0.0,45.94,15.519999
2026-04-03 22:00:00+00:00,426,1,0.0,9.0,0.0,45.54,13.719999
2026-04-03 23:00:00+00:00,63,2,0.0,3.8,0.0,46.420002,14.08
2026-04-03 23:00:00+00:00,76,2,0.0,4.7,0.0,46.34,14.199999
2026-04-03 23:00:00+00:00,106,2,0.0,5.2,0.0,46.260002,14.4
2026-04-03 23:00:00+00:00,122,2,0.0,7.2,0.0,46.02,14.459999
2026-04-03 23:00:00+00:00,127,2,0.0,8.0,0.0,46.12,14.519999
2026-04-03 23:00:00+00:00,129,2,0.0,6.8,0.0,46.02,14.519999
2026-04-03 23:00:00+00:00,177,2,0.0,5.5,0.0,45.6,14.859999
2026-04-03 23:00:00+00:00,194,2,0.0,5.2,0.0,46.52,15.039999
2026-04-03 23:00:00+00:00,236,2,0.0,6.8,0.0,45.8,15.179998
2026-04-03 23:00:00+00:00,325,2,0.0,7.1,0.0,46.56,15.639999
2026-04-03 23:00:00+00:00,391,2,0.0,6.9,0.0,46.7,16.099998
2026-04-03 23:00:00+00:00,422,2,0.0,5.5,0.0,46.24,15.219999
2026-04-03 23:00:00+00:00,425,2,0.0,6.3,0.0,45.94,15.519999
2026-04-03 23:00:00+00:00,426,2,0.0,8.3,0.0,45.54,13.719999
2026-04-04 00:00:00+00:00,63,3,0.0,3.7,0.0,46.420002,14.08
2026-04-04 00:00:00+00:00,63,6,0.0,4.9,0.0,46.420002,14.08
2026-04-04 00:00:00+00:00,63,24,0.3,4.2,0.0,46.420002,14.08
2026-04-04 00:00:00+00:00,76,3,0.0,4.7,0.0,46.34,14.199999
2026-04-04 00:00:00+00:00,76,6,0.0,5.6,0.0,46.34,14.199999
2026-04-04 00:00:00+00:00,76,24,0.0,4.8,0.0,46.34,14.199999
2026-04-04 00:00:00+00:00,106,3,0.0,4.7,0.0,46.260002,14.4
2026-04-04 00:00:00+00:00,106,6,0.0,5.5,0.0,46.260002,14.4
2026-04-04 00:00:00+00:00,106,24,0.0,5.4,0.0,46.260002,14.4
2026-04-04 00:00:00+00:00,122,3,0.0,6.5,0.0,46.02,14.459999
2026-04-04 00:00:00+00:00,122,6,0.0,7.2,0.0,46.02,14.459999
2026-04-04 00:00:00+00:00,122,24,0.0,6.5,0.0,46.02,14.459999
2026-04-04 00:00:00+00:00,127,3,0.0,7.8,0.0,46.12,14.519999
2026-04-04 00:00:00+00:00,127,6,0.0,8.0,0.0,46.12,14.519999
2026-04-04 00:00:00+00:00,127,24,0.0,7.4,0.0,46.12,14.519999
2026-04-04 00:00:00+00:00,129,3,0.0,6.8,0.0,46.02,14.519999
2026-04-04 00:00:00+00:00,129,6,0.0,7.2,0.0,46.02,14.519999
2026-04-04 00:00:00+00:00,129,24,0.0,7.6,0.0,46.02,14.519999
2026-04-04 00:00:00+00:00,177,3,0.0,5.5,0.0,45.6,14.859999
2026-04-04 00:00:00+00:00,177,6,0.0,5.7,0.0,45.6,14.859999
2026-04-04 00:00:00+00:00,177,24,0.0,5.9,0.0,45.6,14.859999
2026-04-04 00:00:00+00:00,194,3,0.0,4.8,0.0,46.52,15.039999
2026-04-04 00:00:00+00:00,194,6,0.0,5.6,0.0,46.52,15.039999
2026-04-04 00:00:00+00:00,194,24,0.0,6.0,0.0,46.52,15.039999
2026-04-04 00:00:00+00:00,236,3,0.0,6.3,0.0,45.8,15.179998
2026-04-04 00:00:00+00:00,236,6,0.0,7.0,0.0,45.8,15.179998
2026-04-04 00:00:00+00:00,236,24,0.3,5.7,0.0,45.8,15.179998
2026-04-04 00:00:00+00:00,325,3,0.0,6.3,0.0,46.56,15.639999
2026-04-04 00:00:00+00:00,325,6,0.0,7.3,0.0,46.56,15.639999
2026-04-04 00:00:00+00:00,325,24,0.0,7.0,0.0,46.56,15.639999
2026-04-04 00:00:00+00:00,391,3,0.0,6.6,0.0,46.7,16.099998
2026-04-04 00:00:00+00:00,391,6,0.0,7.2,0.0,46.7,16.099998
2026-04-04 00:00:00+00:00,391,24,0.0,7.5,0.0,46.7,16.099998
2026-04-04 00:00:00+00:00,422,3,0.0,4.6,0.0,46.24,15.219999
2026-04-04 00:00:00+00:00,422,6,0.0,5.6,0.0,46.24,15.219999
2026-04-04 00:00:00+00:00,422,24,0.0,5.8,0.0,46.24,15.219999
2026-04-04 00:00:00+00:00,425,3,0.0,5.3,0.0,45.94,15.519999
2026-04-04 00:00:00+00:00,425,6,0.0,5.9,0.0,45.94,15.519999
2026-04-04 00:00:00+00:00,425,24,0.0,6.9,0.0,45.94,15.519999
2026-04-04 00:00:00+00:00,426,3,0.0,8.4,0.0,45.54,13.719999
2026-04-04 00:00:00+00:00,426,6,0.0,8.7,0.0,45.54,13.719999
2026-04-04 00:00:00+00:00,426,24,0.0,9.3,0.0,45.54,13.719999
2026-04-04 03:00:00+00:00,63,6,0.0,3.1,0.0,46.420002,14.08
2026-04-04 03:00:00+00:00,76,6,0.0,3.8,0.0,46.34,14.199999
2026-04-04 03:00:00+00:00,106,6,0.0,4.2,0.0,46.260002,14.4
2026-04-04 03:00:00+00:00,122,6,0.0,3.7,0.0,46.02,14.459999
2026-04-04 03:00:00+00:00,127,6,0.0,6.1,0.0,46.12,14.519999
2026-04-04 03:00:00+00:00,129,6,0.0,5.5,0.0,46.02,14.519999
2026-04-04 03:00:00+00:00,177,6,0.0,5.0,0.0,45.6,14.859999
2026-04-04 03:00:00+00:00,194,6,0.0,4.2,0.0,46.52,15.039999
2026-04-04 03:00:00+00:00,236,6,0.0,4.7,0.0,45.8,15.179998
2026-04-04 03:00:00+00:00,325,6,0.0,7.3,0.0,46.56,15.639999
2026-04-04 03:00:00+00:00,391,6,0.0,6.0,0.0,46.7,16.099998
2026-04-04 03:00:00+00:00,422,6,0.0,4.3,0.0,46.24,15.219999
2026-04-04 03:00:00+00:00,425,6,0.0,4.9,0.0,45.94,15.519999
2026-04-04 03:00:00+00:00,426,6,0.0,7.5,0.0,45.54,13.719999
2026-04-04 06:00:00+00:00,63,24,79.5,4.7,0.0,46.420002,14.08
2026-04-04 06:00:00+00:00,76,24,83.0,5.1,0.0,46.34,14.199999
2026-04-04 06:00:00+00:00,106,24,90.0,4.9,0.0,46.260002,14.4
2026-04-04 06:00:00+00:00,122,24,88.5,5.2,0.0,46.02,14.459999
2026-04-04 06:00:00+00:00,127,24,92.0,6.5,0.0,46.12,14.519999
2026-04-04 06:00:00+00:00,129,24,88.8,5.9,0.0,46.02,14.519999
2026-04-04 06:00:00+00:00,177,24,104.3,6.3,0.0,45.6,14.859999
2026-04-04 06:00:00+00:00,194,24,87.0,6.2,0.0,46.52,15.039999
2026-04-04 06:00:00+00:00,236,24,96.0,5.2,0.0,45.8,15.179998
2026-04-04 06:00:00+00:00,325,24,95.3,8.2,0.0,46.56,15.639999
2026-04-04 06:00:00+00:00,391,24,100.5,6.9,0.0,46.7,16.099998
2026-04-04 06:00:00+00:00,422,24,84.3,5.8,0.0,46.24,15.219999
2026-04-04 06:00:00+00:00,425,24,97.5,6.0,0.0,45.94,15.519999
2026-04-04 06:00:00+00:00,426,24,82.8,8.0,0.0,45.54,13.719999
2026-04-04 09:00:00+00:00,63,24,494.5,12.6,0.0,46.420002,14.08
2026-04-04 09:00:00+00:00,76,24,540.3,12.8,0.0,46.34,14.199999
2026-04-04 09:00:00+00:00,106,24,572.3,12.5,0.0,46.260002,14.4
2026-04-04 09:00:00+00:00,122,24,532.5,13.2,0.0,46.02,14.459999
2026-04-04 09:00:00+00:00,127,24,508.3,12.0,0.0,46.12,14.519999
2026-04-04 09:00:00+00:00,129,24,507.3,12.4,0.0,46.02,14.519999
2026-04-04 09:00:00+00:00,177,24,619.3,10.7,0.0,45.6,14.859999
2026-04-04 09:00:00+00:00,194,24,445.5,12.1,0.0,46.52,15.039999
2026-04-04 09:00:00+00:00,236,24,591.3,13.9,0.0,45.8,15.179998
2026-04-04 09:00:00+00:00,325,24,450.0,13.2,0.0,46.56,15.639999
2026-04-04 09:00:00+00:00,391,24,562.8,13.3,0.0,46.7,16.099998
2026-04-04 09:00:00+00:00,422,24,581.5,13.7,0.0,46.24,15.219999
2026-04-04 09:00:00+00:00,425,24,580.3,13.8,0.0,45.94,15.519999
2026-04-04 09:00:00+00:00,426,24,582.3,15.7,0.0,45.54,13.719999
2026-04-04 12:00:00+00:00,63,24,694.3,16.0,0.0,46.420002,14.08
2026-04-04 12:00:00+00:00,76,24,640.0,16.3,0.0,46.34,14.199999
2026-04-04 12:00:00+00:00,106,24,645.3,16.6,0.0,46.260002,14.4
2026-04-04 12:00:00+00:00,122,24,554.3,17.5,0.0,46.02,14.459999
2026-04-04 12:00:00+00:00,127,24,581.5,15.9,0.0,46.12,14.519999
2026-04-04 12:00:00+00:00,129,24,532.5,17.1,0.0,46.02,14.519999
2026-04-04 12:00:00+00:00,177,24,672.8,13.5,0.0,45.6,14.859999
2026-04-04 12:00:00+00:00,194,24,501.8,15.7,0.0,46.52,15.039999
2026-04-04 12:00:00+00:00,236,24,626.3,18.0,0.0,45.8,15.179998
2026-04-04 12:00:00+00:00,325,24,490.8,16.6,0.0,46.56,15.639999
2026-04-04 12:00:00+00:00,391,24,291.8,16.0,0.0,46.7,16.099998
2026-04-04 12:00:00+00:00,422,24,643.3,17.9,0.0,46.24,15.219999
2026-04-04 12:00:00+00:00,425,24,487.5,17.3,0.0,45.94,15.519999
2026-04-04 12:00:00+00:00,426,24,630.5,16.6,0.0,45.54,13.719999
2026-04-04 15:00:00+00:00,63,24,217.3,15.0,0.0,46.420002,14.08
2026-04-04 15:00:00+00:00,76,24,228.0,15.8,0.0,46.34,14.199999
2026-04-04 15:00:00+00:00,106,24,210.3,16.7,0.0,46.260002,14.4
2026-04-04 15:00:00+00:00,122,24,368.3,18.4,0.0,46.02,14.459999
2026-04-04 15:00:00+00:00,127,24,367.0,17.0,0.0,46.12,14.519999
2026-04-04 15:00:00+00:00,129,24,322.5,18.0,0.0,46.02,14.519999
2026-04-04 15:00:00+00:00,177,24,274.8,13.1,0.0,45.6,14.859999
2026-04-04 15:00:00+00:00,194,24,158.3,16.2,0.0,46.52,15.039999
2026-04-04 15:00:00+00:00,236,24,173.0,17.4,0.0,45.8,15.179998
2026-04-04 15:00:00+00:00,325,24,124.0,16.5,0.0,46.56,15.639999
2026-04-04 15:00:00+00:00,391,24,167.0,16.0,0.0,46.7,16.099998
2026-04-04 15:00:00+00:00,422,24,270.0,17.8,0.0,46.24,15.219999
2026-04-04 15:00:00+00:00,425,24,252.3,17.8,0.0,45.94,15.519999
2026-04-04 15:00:00+00:00,426,24,381.3,16.5,0.0,45.54,13.719999
2026-04-04 18:00:00+00:00,63,24,9.0,12.1,0.0,46.420002,14.08
2026-04-04 18:00:00+00:00,76,24,8.5,11.5,0.0,46.34,14.199999
2026-04-04 18:00:00+00:00,106,24,9.3,13.8,0.0,46.260002,14.4
2026-04-04 18:00:00+00:00,122,24,6.8,14.6,0.0,46.02,14.459999
2026-04-04 18:00:00+00:00,127,24,8.3,14.8,0.0,46.12,14.519999
2026-04-04 18:00:00+00:00,129,24,7.0,15.1,0.0,46.02,14.519999
2026-04-04 18:00:00+00:00,177,24,6.8,11.2,0.0,45.6,14.859999
2026-04-04 18:00:00+00:00,194,24,3.5,13.6,0.0,46.52,15.039999
2026-04-04 18:00:00+00:00,236,24,7.0,14.9,0.0,45.8,15.179998
2026-04-04 18:00:00+00:00,325,24,2.0,15.0,0.0,46.56,15.639999
2026-04-04 18:00:00+00:00,391,24,3.0,14.2,0.0,46.7,16.099998
2026-04-04 18:00:00+00:00,422,24,3.0,15.4,0.0,46.24,15.219999
2026-04-04 18:00:00+00:00,425,24,5.0,15.3,0.0,45.94,15.519999
2026-04-04 18:00:00+00:00,426,24,10.5,14.1,0.0,45.54,13.719999
2026-04-04 21:00:00+00:00,63,24,0.0,7.6,0.0,46.420002,14.08
2026-04-04 21:00:00+00:00,76,24,0.3,8.2,0.0,46.34,14.199999
2026-04-04 21:00:00+00:00,106,24,0.3,9.1,0.0,46.260002,14.4
2026-04-04 21:00:00+00:00,122,24,0.0,9.7,0.0,46.02,14.459999
2026-04-04 21:00:00+00:00,127,24,0.3,12.1,0.0,46.12,14.519999
2026-04-04 21:00:00+00:00,129,24,0.3,11.7,0.0,46.02,14.519999
2026-04-04 21:00:00+00:00,177,24,0.0,9.4,0.0,45.6,14.859999
2026-04-04 21:00:00+00:00,194,24,0.3,10.0,0.0,46.52,15.039999
2026-04-04 21:00:00+00:00,236,24,0.0,10.5,0.0,45.8,15.179998
2026-04-04 21:00:00+00:00,325,24,0.0,9.9,0.0,46.56,15.639999
2026-04-04 21:00:00+00:00,391,24,0.0,12.0,0.0,46.7,16.099998
2026-04-04 21:00:00+00:00,422,24,0.0,10.3,0.0,46.24,15.219999
2026-04-04 21:00:00+00:00,425,24,0.0,10.7,0.0,45.94,15.519999
2026-04-04 21:00:00+00:00,426,24,0.0,10.3,0.0,45.54,13.719999
2026-04-04 01:00:00+00:00,63,1,0.0,3.2,0.0,46.420002,14.08
2026-04-04 01:00:00+00:00,76,1,0.0,4.5,0.0,46.34,14.199999
2026-04-04 01:00:00+00:00,106,1,0.0,3.6,0.0,46.260002,14.4
2026-04-04 01:00:00+00:00,122,1,0.0,1.4,0.0,46.02,14.459999
2026-04-04 01:00:00+00:00,127,1,0.0,6.0,0.0,46.12,14.519999
2026-04-04 01:00:00+00:00,129,1,0.0,4.1,0.0,46.02,14.519999
2026-04-04 01:00:00+00:00,177,1,0.0,4.8,0.0,45.6,14.859999
2026-04-04 01:00:00+00:00,194,1,0.0,3.0,0.0,46.52,15.039999
2026-04-04 01:00:00+00:00,236,1,0.0,4.5,0.0,45.8,15.179998
2026-04-04 01:00:00+00:00,325,1,0.0,6.0,0.0,46.56,15.639999
2026-04-04 01:00:00+00:00,391,1,0.0,4.9,0.0,46.7,16.099998
2026-04-04 01:00:00+00:00,422,1,0.0,2.8,0.0,46.24,15.219999
2026-04-04 01:00:00+00:00,425,1,0.0,3.6,0.0,45.94,15.519999
2026-04-04 01:00:00+00:00,426,1,0.0,7.4,0.0,45.54,13.719999
2026-04-04 02:00:00+00:00,63,2,0.0,3.1,0.0,46.420002,14.08
2026-04-04 02:00:00+00:00,76,2,0.0,4.3,0.0,46.34,14.199999
2026-04-04 02:00:00+00:00,106,2,0.0,3.8,0.0,46.260002,14.4
2026-04-04 02:00:00+00:00,122,2,0.0,0.2,0.0,46.02,14.459999
2026-04-04 02:00:00+00:00,127,2,0.0,6.1,0.0,46.12,14.519999
2026-04-04 02:00:00+00:00,129,2,0.0,3.4,0.0,46.02,14.519999
2026-04-04 02:00:00+00:00,177,2,0.0,4.9,0.0,45.6,14.859999
2026-04-04 02:00:00+00:00,194,2,0.0,2.7,0.0,46.52,15.039999
2026-04-04 02:00:00+00:00,236,2,0.0,3.3,0.0,45.8,15.179998
2026-04-04 02:00:00+00:00,325,2,0.0,6.2,0.0,46.56,15.639999
2026-04-04 02:00:00+00:00,391,2,0.0,5.1,0.0,46.7,16.099998
2026-04-04 02:00:00+00:00,422,2,0.0,2.6,0.0,46.24,15.219999
2026-04-04 02:00:00+00:00,425,2,0.0,3.5,0.0,45.94,15.519999
2026-04-04 02:00:00+00:00,426,2,0.0,6.9,0.0,45.54,13.719999
2026-04-04 03:00:00+00:00,63,3,0.0,2.8,0.0,46.420002,14.08
2026-04-04 03:00:00+00:00,76,3,0.0,4.0,0.0,46.34,14.199999
2026-04-04 03:00:00+00:00,106,3,0.0,4.3,0.0,46.260002,14.4
2026-04-04 03:00:00+00:00,122,3,0.0,-0.1,0.0,46.02,14.459999
2026-04-04 03:00:00+00:00,127,3,0.0,5.1,0.0,46.12,14.519999
2026-04-04 03:00:00+00:00,129,3,0.0,1.7,0.0,46.02,14.519999
2026-04-04 03:00:00+00:00,177,3,0.0,4.5,0.0,45.6,14.859999
2026-04-04 03:00:00+00:00,194,3,0.0,2.9,0.0,46.52,15.039999
2026-04-04 03:00:00+00:00,236,3,0.0,3.3,0.0,45.8,15.179998
2026-04-04 03:00:00+00:00,325,3,0.0,6.4,0.0,46.56,15.639999
2026-04-04 03:00:00+00:00,391,3,0.0,4.6,0.0,46.7,16.099998
2026-04-04 03:00:00+00:00,422,3,0.0,2.7,0.0,46.24,15.219999
2026-04-04 03:00:00+00:00,425,3,0.0,3.4,0.0,45.94,15.519999
2026-04-04 03:00:00+00:00,426,3,0.0,6.9,0.0,45.54,13.719999
2026-04-04 06:00:00+00:00,63,6,86.0,4.3,0.0,46.420002,14.08
2026-04-04 06:00:00+00:00,76,6,81.8,3.4,0.0,46.34,14.199999
2026-04-04 06:00:00+00:00,106,6,88.0,3.9,0.0,46.260002,14.4
2026-04-04 06:00:00+00:00,122,6,81.3,2.0,0.0,46.02,14.459999
2026-04-04 06:00:00+00:00,127,6,90.8,5.6,0.0,46.12,14.519999
2026-04-04 06:00:00+00:00,129,6,85.3,2.6,0.0,46.02,14.519999
2026-04-04 06:00:00+00:00,177,6,103.8,5.1,0.0,45.6,14.859999
2026-04-04 06:00:00+00:00,194,6,68.3,4.3,0.0,46.52,15.039999
2026-04-04 06:00:00+00:00,236,6,91.0,3.1,0.0,45.8,15.179998
2026-04-04 06:00:00+00:00,325,6,80.5,8.4,0.0,46.56,15.639999
2026-04-04 06:00:00+00:00,391,6,94.0,4.5,0.0,46.7,16.099998
2026-04-04 06:00:00+00:00,422,6,75.5,3.8,0.0,46.24,15.219999
2026-04-04 06:00:00+00:00,425,6,94.8,3.9,0.0,45.94,15.519999
2026-04-04 06:00:00+00:00,426,6,82.8,8.2,0.0,45.54,13.719999
2026-04-04 07:00:00+00:00,63,1,251.0,8.1,0.0,46.420002,14.08
2026-04-04 07:00:00+00:00,76,1,247.0,5.7,0.0,46.34,14.199999
2026-04-04 07:00:00+00:00,106,1,219.3,6.7,0.0,46.260002,14.4
2026-04-04 07:00:00+00:00,122,1,221.8,3.7,0.0,46.02,14.459999
2026-04-04 07:00:00+00:00,127,1,247.8,7.2,0.0,46.12,14.519999
2026-04-04 07:00:00+00:00,129,1,244.5,4.2,0.0,46.02,14.519999
2026-04-04 07:00:00+00:00,177,1,268.8,8.0,0.0,45.6,14.859999
2026-04-04 07:00:00+00:00,194,1,244.3,6.3,0.0,46.52,15.039999
2026-04-04 07:00:00+00:00,236,1,255.3,6.5,0.0,45.8,15.179998
2026-04-04 07:00:00+00:00,325,1,221.0,9.3,0.0,46.56,15.639999
2026-04-04 07:00:00+00:00,391,1,192.0,6.8,0.0,46.7,16.099998
2026-04-04 07:00:00+00:00,422,1,178.8,5.3,0.0,46.24,15.219999
2026-04-04 07:00:00+00:00,425,1,255.3,7.3,0.0,45.94,15.519999
2026-04-04 07:00:00+00:00,426,1,249.5,11.4,0.0,45.54,13.719999
2026-04-04 08:00:00+00:00,63,2,414.0,10.7,0.0,46.420002,14.08
2026-04-04 08:00:00+00:00,76,2,422.8,9.6,0.0,46.34,14.199999
2026-04-04 08:00:00+00:00,106,2,432.0,10.1,0.0,46.260002,14.4
2026-04-04 08:00:00+00:00,122,2,393.8,8.5,0.0,46.02,14.459999
2026-04-04 08:00:00+00:00,127,2,402.8,9.7,0.0,46.12,14.519999
2026-04-04 08:00:00+00:00,129,2,368.8,8.5,0.0,46.02,14.519999
2026-04-04 08:00:00+00:00,177,2,463.0,9.2,0.0,45.6,14.859999
2026-04-04 08:00:00+00:00,194,2,371.3,9.8,0.0,46.52,15.039999
2026-04-04 08:00:00+00:00,236,2,435.0,10.2,0.0,45.8,15.179998
2026-04-04 08:00:00+00:00,325,2,312.0,11.2,0.0,46.56,15.639999
2026-04-04 08:00:00+00:00,391,2,379.3,9.6,0.0,46.7,16.099998
2026-04-04 08:00:00+00:00,422,2,280.8,8.7,0.0,46.24,15.219999
2026-04-04 08:00:00+00:00,425,2,396.5,9.8,0.0,45.94,15.519999
2026-04-04 08:00:00+00:00,426,2,427.5,14.4,0.0,45.54,13.719999
2026-04-04 09:00:00+00:00,63,3,507.5,12.3,0.0,46.420002,14.08
2026-04-04 09:00:00+00:00,76,3,557.3,12.0,0.0,46.34,14.199999
2026-04-04 09:00:00+00:00,106,3,588.3,12.1,0.0,46.260002,14.4
2026-04-04 09:00:00+00:00,122,3,583.0,11.9,0.0,46.02,14.459999
2026-04-04 09:00:00+00:00,127,3,589.0,11.8,0.0,46.12,14.519999
2026-04-04 09:00:00+00:00,129,3,582.3,11.5,0.0,46.02,14.519999
2026-04-04 09:00:00+00:00,177,3,618.0,10.6,0.0,45.6,14.859999
2026-04-04 09:00:00+00:00,194,3,577.8,13.0,0.0,46.52,15.039999
2026-04-04 09:00:00+00:00,236,3,590.3,13.5,0.0,45.8,15.179998
2026-04-04 09:00:00+00:00,325,3,463.8,13.5,0.0,46.56,15.639999
2026-04-04 09:00:00+00:00,391,3,551.5,12.3,0.0,46.7,16.099998
2026-04-04 09:00:00+00:00,422,3,454.3,12.3,0.0,46.24,15.219999
2026-04-04 09:00:00+00:00,425,3,584.8,13.4,0.0,45.94,15.519999
2026-04-04 09:00:00+00:00,426,3,578.8,15.7,0.0,45.54,13.719999
2026-04-04 10:00:00+00:00,63,1,653.5,13.9,0.0,46.420002,14.08
2026-04-04 10:00:00+00:00,76,1,663.0,13.9,0.0,46.34,14.199999
2026-04-04 10:00:00+00:00,106,1,696.5,14.4,0.0,46.260002,14.4
2026-04-04 10:00:00+00:00,122,1,675.0,15.1,0.0,46.02,14.459999
2026-04-04 10:00:00+00:00,127,1,685.8,14.2,0.0,46.12,14.519999
2026-04-04 10:00:00+00:00,129,1,668.0,14.4,0.0,46.02,14.519999
2026-04-04 10:00:00+00:00,177,1,625.8,11.8,0.0,45.6,14.859999
2026-04-04 10:00:00+00:00,194,1,596.5,14.7,0.0,46.52,15.039999
2026-04-04 10:00:00+00:00,236,1,535.8,15.9,0.0,45.8,15.179998
2026-04-04 10:00:00+00:00,325,1,664.8,16.0,0.0,46.56,15.639999
2026-04-04 10:00:00+00:00,391,1,634.3,15.2,0.0,46.7,16.099998
2026-04-04 10:00:00+00:00,422,1,651.5,15.3,0.0,46.24,15.219999
2026-04-04 10:00:00+00:00,425,1,649.8,16.2,0.0,45.94,15.519999
2026-04-04 10:00:00+00:00,426,1,696.5,16.2,0.0,45.54,13.719999
2026-04-04 11:00:00+00:00,63,2,747.0,15.4,0.0,46.420002,14.08
2026-04-04 11:00:00+00:00,76,2,711.0,15.5,0.0,46.34,14.199999
2026-04-04 11:00:00+00:00,106,2,742.5,16.0,0.0,46.260002,14.4
2026-04-04 11:00:00+00:00,122,2,735.0,16.9,0.0,46.02,14.459999
2026-04-04 11:00:00+00:00,127,2,743.5,15.8,0.0,46.12,14.519999
2026-04-04 11:00:00+00:00,129,2,703.8,16.3,0.0,46.02,14.519999
2026-04-04 11:00:00+00:00,177,2,707.3,12.9,0.0,45.6,14.859999
2026-04-04 11:00:00+00:00,194,2,545.3,15.6,0.0,46.52,15.039999
2026-04-04 11:00:00+00:00,236,2,618.0,17.0,0.0,45.8,15.179998
2026-04-04 11:00:00+00:00,325,2,676.0,16.8,0.0,46.56,15.639999
2026-04-04 11:00:00+00:00,391,2,606.0,16.9,0.0,46.7,16.099998
2026-04-04 11:00:00+00:00,422,2,672.0,17.2,0.0,46.24,15.219999
2026-04-04 11:00:00+00:00,425,2,658.8,17.2,0.0,45.94,15.519999
2026-04-04 11:00:00+00:00,426,2,758.8,16.6,0.0,45.54,13.719999
2026-04-04 12:00:00+00:00,63,3,721.0,16.4,0.0,46.420002,14.08
2026-04-04 12:00:00+00:00,63,6,711.8,16.2,0.0,46.420002,14.08
2026-04-04 12:00:00+00:00,76,3,720.5,16.8,0.0,46.34,14.199999
2026-04-04 12:00:00+00:00,76,6,690.8,16.5,0.0,46.34,14.199999
2026-04-04 12:00:00+00:00,106,3,764.3,17.3,0.0,46.260002,14.4
2026-04-04 12:00:00+00:00,106,6,635.0,16.6,0.0,46.260002,14.4
2026-04-04 12:00:00+00:00,122,3,687.0,18.0,0.0,46.02,14.459999
2026-04-04 12:00:00+00:00,122,6,562.5,17.0,0.0,46.02,14.459999
2026-04-04 12:00:00+00:00,127,3,680.0,16.7,0.0,46.12,14.519999
2026-04-04 12:00:00+00:00,127,6,533.5,15.7,0.0,46.12,14.519999
2026-04-04 12:00:00+00:00,129,3,653.3,17.4,0.0,46.02,14.519999
2026-04-04 12:00:00+00:00,129,6,549.3,16.5,0.0,46.02,14.519999
2026-04-04 12:00:00+00:00,177,3,739.3,13.9,0.0,45.6,14.859999
2026-04-04 12:00:00+00:00,177,6,679.5,13.6,0.0,45.6,14.859999
2026-04-04 12:00:00+00:00,194,3,586.0,16.7,0.0,46.52,15.039999
2026-04-04 12:00:00+00:00,194,6,583.5,16.2,0.0,46.52,15.039999
2026-04-04 12:00:00+00:00,236,3,669.8,18.3,0.0,45.8,15.179998
2026-04-04 12:00:00+00:00,236,6,641.5,17.8,0.0,45.8,15.179998
2026-04-04 12:00:00+00:00,325,3,623.0,17.4,0.0,46.56,15.639999
2026-04-04 12:00:00+00:00,325,6,665.0,16.8,0.0,46.56,15.639999
2026-04-04 12:00:00+00:00,391,3,626.3,17.8,0.0,46.7,16.099998
2026-04-04 12:00:00+00:00,391,6,593.8,17.0,0.0,46.7,16.099998
2026-04-04 12:00:00+00:00,422,3,709.0,18.3,0.0,46.24,15.219999
2026-04-04 12:00:00+00:00,422,6,627.8,17.5,0.0,46.24,15.219999
2026-04-04 12:00:00+00:00,425,3,675.5,18.0,0.0,45.94,15.519999
2026-04-04 12:00:00+00:00,425,6,474.0,16.9,0.0,45.94,15.519999
2026-04-04 12:00:00+00:00,426,3,766.0,17.1,0.0,45.54,13.719999
2026-04-04 12:00:00+00:00,426,6,709.5,16.5,0.0,45.54,13.719999
2026-04-04 13:00:00+00:00,63,1,633.5,16.6,0.0,46.420002,14.08
2026-04-04 13:00:00+00:00,76,1,691.3,17.7,0.0,46.34,14.199999
2026-04-04 13:00:00+00:00,106,1,713.0,18.0,0.0,46.260002,14.4
2026-04-04 13:00:00+00:00,122,1,654.0,18.4,0.0,46.02,14.459999
2026-04-04 13:00:00+00:00,127,1,698.5,17.5,0.0,46.12,14.519999
2026-04-04 13:00:00+00:00,129,1,646.3,18.0,0.0,46.02,14.519999
2026-04-04 13:00:00+00:00,177,1,425.0,13.8,0.0,45.6,14.859999
2026-04-04 13:00:00+00:00,194,1,656.0,18.1,0.0,46.52,15.039999
2026-04-04 13:00:00+00:00,236,1,467.3,18.2,0.0,45.8,15.179998
2026-04-04 13:00:00+00:00,325,1,589.8,18.0,0.0,46.56,15.639999
2026-04-04 13:00:00+00:00,391,1,509.5,17.9,0.0,46.7,16.099998
2026-04-04 13:00:00+00:00,422,1,567.0,18.3,0.0,46.24,15.219999
2026-04-04 13:00:00+00:00,425,1,530.8,18.5,0.0,45.94,15.519999
2026-04-04 13:00:00+00:00,426,1,689.5,17.3,0.0,45.54,13.719999
2026-04-04 14:00:00+00:00,63,2,437.3,16.6,0.0,46.420002,14.08
2026-04-04 14:00:00+00:00,76,2,459.5,17.5,0.0,46.34,14.199999
2026-04-04 14:00:00+00:00,106,2,532.0,18.2,0.0,46.260002,14.4
2026-04-04 14:00:00+00:00,122,2,564.5,19.1,0.0,46.02,14.459999
2026-04-04 14:00:00+00:00,127,2,558.3,17.9,0.0,46.12,14.519999
2026-04-04 14:00:00+00:00,129,2,578.3,18.8,0.0,46.02,14.519999
2026-04-04 14:00:00+00:00,177,2,328.0,13.7,0.0,45.6,14.859999
2026-04-04 14:00:00+00:00,194,2,502.8,18.1,0.0,46.52,15.039999
2026-04-04 14:00:00+00:00,236,2,337.5,18.6,0.0,45.8,15.179998
2026-04-04 14:00:00+00:00,325,2,453.8,18.2,0.0,46.56,15.639999
2026-04-04 14:00:00+00:00,391,2,462.3,18.0,0.0,46.7,16.099998
2026-04-04 14:00:00+00:00,422,2,540.0,18.5,0.0,46.24,15.219999
2026-04-04 14:00:00+00:00,425,2,417.3,18.6,0.0,45.94,15.519999
2026-04-04 14:00:00+00:00,426,2,552.8,17.4,0.0,45.54,13.719999
2026-04-04 15:00:00+00:00,63,3,304.0,16.6,0.0,46.420002,14.08
2026-04-04 15:00:00+00:00,63,6,248.0,16.3,0.0,46.420002,14.08
2026-04-04 15:00:00+00:00,76,3,322.3,17.2,0.0,46.34,14.199999
2026-04-04 15:00:00+00:00,76,6,290.0,17.1,0.0,46.34,14.199999
2026-04-04 15:00:00+00:00,106,3,366.8,18.1,0.0,46.260002,14.4
2026-04-04 15:00:00+00:00,106,6,289.8,18.1,0.0,46.260002,14.4
2026-04-04 15:00:00+00:00,122,3,461.0,19.1,0.0,46.02,14.459999
2026-04-04 15:00:00+00:00,122,6,392.5,19.2,0.0,46.02,14.459999
2026-04-04 15:00:00+00:00,127,3,380.5,17.8,0.0,46.12,14.519999
2026-04-04 15:00:00+00:00,127,6,423.5,18.5,0.0,46.12,14.519999
2026-04-04 15:00:00+00:00,129,3,437.3,18.9,0.0,46.02,14.519999
2026-04-04 15:00:00+00:00,129,6,351.3,18.9,0.0,46.02,14.519999
2026-04-04 15:00:00+00:00,177,3,262.8,13.6,0.0,45.6,14.859999
2026-04-04 15:00:00+00:00,177,6,297.8,13.8,0.0,45.6,14.859999
2026-04-04 15:00:00+00:00,194,3,335.3,17.6,0.0,46.52,15.039999
2026-04-04 15:00:00+00:00,194,6,191.0,17.1,0.0,46.52,15.039999
2026-04-04 15:00:00+00:00,236,3,315.0,18.4,0.0,45.8,15.179998
2026-04-04 15:00:00+00:00,236,6,305.0,18.4,0.0,45.8,15.179998
2026-04-04 15:00:00+00:00,325,3,295.8,18.1,0.0,46.56,15.639999
2026-04-04 15:00:00+00:00,325,6,267.8,17.9,0.0,46.56,15.639999
2026-04-04 15:00:00+00:00,391,3,243.3,18.1,0.0,46.7,16.099998
2026-04-04 15:00:00+00:00,391,6,135.8,17.7,0.0,46.7,16.099998
2026-04-04 15:00:00+00:00,422,3,381.5,18.4,0.0,46.24,15.219999
2026-04-04 15:00:00+00:00,422,6,369.5,18.7,0.0,46.24,15.219999
2026-04-04 15:00:00+00:00,425,3,361.3,18.5,0.0,45.94,15.519999
2026-04-04 15:00:00+00:00,425,6,316.0,18.5,0.0,45.94,15.519999
2026-04-04 15:00:00+00:00,426,3,451.0,17.2,0.0,45.54,13.719999
2026-04-04 15:00:00+00:00,426,6,439.8,16.7,0.0,45.54,13.719999
2026-04-04 16:00:00+00:00,63,1,130.0,15.3,0.0,46.420002,14.08
2026-04-04 16:00:00+00:00,76,1,157.8,16.6,0.0,46.34,14.199999
2026-04-04 16:00:00+00:00,106,1,130.0,17.2,0.0,46.260002,14.4
2026-04-04 16:00:00+00:00,122,1,276.5,18.8,0.0,46.02,14.459999
2026-04-04 16:00:00+00:00,127,1,241.3,17.7,0.0,46.12,14.519999
2026-04-04 16:00:00+00:00,129,1,269.8,18.8,0.0,46.02,14.519999
2026-04-04 16:00:00+00:00,177,1,250.0,14.0,0.0,45.6,14.859999
2026-04-04 16:00:00+00:00,194,1,162.5,17.2,0.0,46.52,15.039999
2026-04-04 16:00:00+00:00,236,1,263.8,18.9,0.0,45.8,15.179998
2026-04-04 16:00:00+00:00,325,1,112.5,18.1,0.0,46.56,15.639999
2026-04-04 16:00:00+00:00,391,1,169.8,17.6,0.0,46.7,16.099998
2026-04-04 16:00:00+00:00,422,1,185.5,18.8,0.0,46.24,15.219999
2026-04-04 16:00:00+00:00,425,1,265.3,18.8,0.0,45.94,15.519999
2026-04-04 16:00:00+00:00,426,1,287.3,15.8,0.0,45.54,13.719999
2026-04-04 17:00:00+00:00,63,2,58.0,14.1,0.0,46.420002,14.08
2026-04-04 17:00:00+00:00,76,2,56.3,15.5,0.0,46.34,14.199999
2026-04-04 17:00:00+00:00,106,2,56.8,15.8,0.0,46.260002,14.4
2026-04-04 17:00:00+00:00,122,2,108.5,16.9,0.0,46.02,14.459999
2026-04-04 17:00:00+00:00,127,2,96.3,16.6,0.0,46.12,14.519999
2026-04-04 17:00:00+00:00,129,2,101.8,18.0,0.0,46.02,14.519999
2026-04-04 17:00:00+00:00,177,2,107.3,13.0,0.0,45.6,14.859999
2026-04-04 17:00:00+00:00,194,2,56.8,15.8,0.0,46.52,15.039999
2026-04-04 17:00:00+00:00,236,2,103.8,17.5,0.0,45.8,15.179998
2026-04-04 17:00:00+00:00,325,2,36.5,17.4,0.0,46.56,15.639999
2026-04-04 17:00:00+00:00,391,2,28.0,16.4,0.0,46.7,16.099998
2026-04-04 17:00:00+00:00,422,2,51.3,18.1,0.0,46.24,15.219999
2026-04-04 17:00:00+00:00,425,2,98.0,17.8,0.0,45.94,15.519999
2026-04-04 17:00:00+00:00,426,2,119.8,14.5,0.0,45.54,13.719999
2026-04-04 18:00:00+00:00,63,3,7.5,11.5,0.0,46.420002,14.08
2026-04-04 18:00:00+00:00,63,6,3.8,12.1,0.0,46.420002,14.08
2026-04-04 18:00:00+00:00,76,3,6.8,10.7,0.0,46.34,14.199999
2026-04-04 18:00:00+00:00,76,6,4.0,11.4,0.0,46.34,14.199999
2026-04-04 18:00:00+00:00,106,3,7.5,12.0,0.0,46.260002,14.4
2026-04-04 18:00:00+00:00,106,6,4.8,13.6,0.0,46.260002,14.4
2026-04-04 18:00:00+00:00,122,3,8.8,13.5,0.0,46.02,14.459999
2026-04-04 18:00:00+00:00,122,6,7.8,14.6,0.0,46.02,14.459999
2026-04-04 18:00:00+00:00,127,3,8.5,14.5,0.0,46.12,14.519999
2026-04-04 18:00:00+00:00,127,6,7.3,14.7,0.0,46.12,14.519999
2026-04-04 18:00:00+00:00,129,3,8.3,15.5,0.0,46.02,14.519999
2026-04-04 18:00:00+00:00,129,6,7.3,15.1,0.0,46.02,14.519999
2026-04-04 18:00:00+00:00,177,3,7.5,11.5,0.0,45.6,14.859999
2026-04-04 18:00:00+00:00,177,6,8.3,10.9,0.0,45.6,14.859999
2026-04-04 18:00:00+00:00,194,3,2.5,14.1,0.0,46.52,15.039999
2026-04-04 18:00:00+00:00,194,6,1.8,13.2,0.0,46.52,15.039999
2026-04-04 18:00:00+00:00,236,3,6.5,14.1,0.0,45.8,15.179998
2026-04-04 18:00:00+00:00,236,6,7.0,12.3,0.0,45.8,15.179998
2026-04-04 18:00:00+00:00,325,3,4.0,15.3,0.0,46.56,15.639999
2026-04-04 18:00:00+00:00,325,6,2.3,15.3,0.0,46.56,15.639999
2026-04-04 18:00:00+00:00,391,3,1.8,14.9,0.0,46.7,16.099998
2026-04-04 18:00:00+00:00,391,6,2.3,14.7,0.0,46.7,16.099998
2026-04-04 18:00:00+00:00,422,3,3.8,16.1,0.0,46.24,15.219999
2026-04-04 18:00:00+00:00,422,6,3.0,15.7,0.0,46.24,15.219999
2026-04-04 18:00:00+00:00,425,3,5.8,14.2,0.0,45.94,15.519999
2026-04-04 18:00:00+00:00,425,6,5.3,14.8,0.0,45.94,15.519999
2026-04-04 18:00:00+00:00,426,3,10.3,13.9,0.0,45.54,13.719999
2026-04-04 18:00:00+00:00,426,6,10.8,13.6,0.0,45.54,13.719999
2026-04-04 19:00:00+00:00,63,1,0.0,11.0,0.0,46.420002,14.08
2026-04-04 19:00:00+00:00,76,1,0.0,9.8,0.0,46.34,14.199999
2026-04-04 19:00:00+00:00,106,1,0.0,10.0,0.0,46.260002,14.4
2026-04-04 19:00:00+00:00,122,1,0.0,10.8,0.0,46.02,14.459999
2026-04-04 19:00:00+00:00,127,1,0.0,14.2,0.0,46.12,14.519999
2026-04-04 19:00:00+00:00,129,1,0.0,12.1,0.0,46.02,14.519999
2026-04-04 19:00:00+00:00,177,1,0.0,10.4,0.0,45.6,14.859999
2026-04-04 19:00:00+00:00,194,1,0.0,13.8,0.0,46.52,15.039999
2026-04-04 19:00:00+00:00,236,1,0.0,11.4,0.0,45.8,15.179998
2026-04-04 19:00:00+00:00,325,1,0.0,14.5,0.0,46.56,15.639999
2026-04-04 19:00:00+00:00,391,1,0.0,13.6,0.0,46.7,16.099998
2026-04-04 19:00:00+00:00,422,1,0.0,13.8,0.0,46.24,15.219999
2026-04-04 19:00:00+00:00,425,1,0.0,13.4,0.0,45.94,15.519999
2026-04-04 19:00:00+00:00,426,1,0.0,13.4,0.0,45.54,13.719999
2026-04-04 20:00:00+00:00,63,2,0.0,9.1,0.0,46.420002,14.08
2026-04-04 20:00:00+00:00,76,2,0.0,8.6,0.0,46.34,14.199999
2026-04-04 20:00:00+00:00,106,2,0.0,9.3,0.0,46.260002,14.4
2026-04-04 20:00:00+00:00,122,2,0.0,9.2,0.0,46.02,14.459999
2026-04-04 20:00:00+00:00,127,2,0.0,12.2,0.0,46.12,14.519999
2026-04-04 20:00:00+00:00,129,2,0.0,11.5,0.0,46.02,14.519999
2026-04-04 20:00:00+00:00,177,2,0.0,10.2,0.0,45.6,14.859999
2026-04-04 20:00:00+00:00,194,2,0.0,12.5,0.0,46.52,15.039999
2026-04-04 20:00:00+00:00,236,2,0.0,10.7,0.0,45.8,15.179998
2026-04-04 20:00:00+00:00,325,2,0.0,12.3,0.0,46.56,15.639999
2026-04-04 20:00:00+00:00,391,2,0.0,12.8,0.0,46.7,16.099998
2026-04-04 20:00:00+00:00,422,2,0.0,11.9,0.0,46.24,15.219999
2026-04-04 20:00:00+00:00,425,2,0.0,12.6,0.0,45.94,15.519999
2026-04-04 20:00:00+00:00,426,2,0.0,11.8,0.0,45.54,13.719999
2026-04-04 21:00:00+00:00,63,3,0.0,8.7,0.0,46.420002,14.08
2026-04-04 21:00:00+00:00,63,6,0.0,7.4,0.0,46.420002,14.08
2026-04-04 21:00:00+00:00,76,3,0.0,7.9,0.0,46.34,14.199999
2026-04-04 21:00:00+00:00,76,6,0.0,7.6,0.0,46.34,14.199999
2026-04-04 21:00:00+00:00,106,3,0.0,8.4,0.0,46.260002,14.4
2026-04-04 21:00:00+00:00,106,6,0.0,8.0,0.0,46.260002,14.4
2026-04-04 21:00:00+00:00,122,3,0.0,7.8,0.0,46.02,14.459999
2026-04-04 21:00:00+00:00,122,6,0.0,7.4,0.0,46.02,14.459999
2026-04-04 21:00:00+00:00,127,3,0.0,12.1,0.0,46.12,14.519999
2026-04-04 21:00:00+00:00,127,6,0.0,11.9,0.0,46.12,14.519999
2026-04-04 21:00:00+00:00,129,3,0.0,9.9,0.0,46.02,14.519999
2026-04-04 21:00:00+00:00,129,6,0.0,9.2,0.0,46.02,14.519999
2026-04-04 21:00:00+00:00,177,3,0.0,10.1,0.0,45.6,14.859999
2026-04-04 21:00:00+00:00,177,6,0.0,9.7,0.0,45.6,14.859999
2026-04-04 21:00:00+00:00,194,3,0.0,12.2,0.0,46.52,15.039999
2026-04-04 21:00:00+00:00,194,6,0.0,10.7,0.0,46.52,15.039999
2026-04-04 21:00:00+00:00,236,3,0.0,11.1,0.0,45.8,15.179998
2026-04-04 21:00:00+00:00,236,6,0.0,9.5,0.0,45.8,15.179998
2026-04-04 21:00:00+00:00,325,3,0.0,13.2,0.0,46.56,15.639999
2026-04-04 21:00:00+00:00,325,6,0.0,11.0,0.0,46.56,15.639999
2026-04-04 21:00:00+00:00,391,3,0.0,12.3,0.0,46.7,16.099998
2026-04-04 21:00:00+00:00,391,6,0.0,12.3,0.0,46.7,16.099998
2026-04-04 21:00:00+00:00,422,3,0.0,12.0,0.0,46.24,15.219999
2026-04-04 21:00:00+00:00,422,6,0.0,12.2,0.0,46.24,15.219999
2026-04-04 21:00:00+00:00,425,3,0.0,11.6,0.0,45.94,15.519999
2026-04-04 21:00:00+00:00,425,6,0.0,12.5,0.0,45.94,15.519999
2026-04-04 21:00:00+00:00,426,3,0.0,10.8,0.0,45.54,13.719999
2026-04-04 21:00:00+00:00,426,6,0.0,10.9,0.0,45.54,13.719999
2026-04-04 22:00:00+00:00,63,1,0.0,7.9,0.0,46.420002,14.08
2026-04-04 22:00:00+00:00,76,1,0.0,7.7,0.0,46.34,14.199999
2026-04-04 22:00:00+00:00,106,1,0.0,7.1,0.0,46.260002,14.4
2026-04-04 22:00:00+00:00,122,1,0.0,7.2,0.0,46.02,14.459999
2026-04-04 22:00:00+00:00,127,1,0.0,11.4,0.0,46.12,14.519999
2026-04-04 22:00:00+00:00,129,1,0.0,8.2,0.0,46.02,14.519999
2026-04-04 22:00:00+00:00,177,1,0.0,9.5,0.0,45.6,14.859999
2026-04-04 22:00:00+00:00,194,1,0.0,10.0,0.0,46.52,15.039999
2026-04-04 22:00:00+00:00,236,1,0.0,10.2,0.0,45.8,15.179998
2026-04-04 22:00:00+00:00,325,1,0.0,12.6,0.0,46.56,15.639999
2026-04-04 22:00:00+00:00,391,1,0.0,11.6,0.0,46.7,16.099998
2026-04-04 22:00:00+00:00,422,1,0.0,10.0,0.0,46.24,15.219999
2026-04-04 22:00:00+00:00,425,1,0.0,11.9,0.0,45.94,15.519999
2026-04-04 22:00:00+00:00,426,1,0.0,9.5,0.0,45.54,13.719999
2026-04-04 23:00:00+00:00,63,2,0.0,7.1,0.0,46.420002,14.08
2026-04-04 23:00:00+00:00,76,2,0.0,7.4,0.0,46.34,14.199999
2026-04-04 23:00:00+00:00,106,2,0.0,6.9,0.0,46.260002,14.4
2026-04-04 23:00:00+00:00,122,2,0.0,6.7,0.0,46.02,14.459999
2026-04-04 23:00:00+00:00,127,2,0.0,10.6,0.0,46.12,14.519999
2026-04-04 23:00:00+00:00,129,2,0.0,7.5,0.0,46.02,14.519999
2026-04-04 23:00:00+00:00,177,2,0.0,9.1,0.0,45.6,14.859999
2026-04-04 23:00:00+00:00,194,2,0.0,8.9,0.0,46.52,15.039999
2026-04-04 23:00:00+00:00,236,2,0.0,9.2,0.0,45.8,15.179998
2026-04-04 23:00:00+00:00,325,2,0.0,10.9,0.0,46.56,15.639999
2026-04-04 23:00:00+00:00,391,2,0.0,11.2,0.0,46.7,16.099998
2026-04-04 23:00:00+00:00,422,2,0.0,9.7,0.0,46.24,15.219999
2026-04-04 23:00:00+00:00,425,2,0.0,11.3,0.0,45.94,15.519999
2026-04-04 23:00:00+00:00,426,2,0.0,9.5,0.0,45.54,13.719999
2026-04-05 00:00:00+00:00,63,3,0.0,6.9,0.0,46.420002,14.08
2026-04-05 00:00:00+00:00,63,6,0.0,7.1,0.0,46.420002,14.08
2026-04-05 00:00:00+00:00,63,24,0.0,5.3,0.0,46.420002,14.08
2026-04-05 00:00:00+00:00,76,3,0.0,7.2,0.0,46.34,14.199999
2026-04-05 00:00:00+00:00,76,6,0.0,7.4,0.0,46.34,14.199999
2026-04-05 00:00:00+00:00,76,24,0.3,6.4,0.0,46.34,14.199999
2026-04-05 00:00:00+00:00,106,3,0.0,6.8,0.0,46.260002,14.4
2026-04-05 00:00:00+00:00,106,6,0.0,6.8,0.0,46.260002,14.4
2026-04-05 00:00:00+00:00,106,24,0.0,6.6,0.0,46.260002,14.4
2026-04-05 00:00:00+00:00,122,3,0.0,5.1,0.0,46.02,14.459999
2026-04-05 00:00:00+00:00,122,6,0.0,6.0,0.0,46.02,14.459999
2026-04-05 00:00:00+00:00,122,24,0.0,5.9,0.0,46.02,14.459999
2026-04-05 00:00:00+00:00,127,3,0.0,9.1,0.0,46.12,14.519999
2026-04-05 00:00:00+00:00,127,6,0.0,9.2,0.0,46.12,14.519999
2026-04-05 00:00:00+00:00,127,24,0.0,9.5,0.0,46.12,14.519999
2026-04-05 00:00:00+00:00,129,3,0.0,7.0,0.0,46.02,14.519999
2026-04-05 00:00:00+00:00,129,6,0.0,6.9,0.0,46.02,14.519999
2026-04-05 00:00:00+00:00,129,24,0.3,7.7,0.0,46.02,14.519999
2026-04-05 00:00:00+00:00,177,3,0.0,9.0,0.0,45.6,14.859999
2026-04-05 00:00:00+00:00,177,6,0.0,8.9,0.0,45.6,14.859999
2026-04-05 00:00:00+00:00,177,24,0.0,8.7,0.0,45.6,14.859999
2026-04-05 00:00:00+00:00,194,3,0.0,7.9,0.0,46.52,15.039999
2026-04-05 00:00:00+00:00,194,6,0.0,8.0,0.0,46.52,15.039999
2026-04-05 00:00:00+00:00,194,24,0.0,8.2,0.0,46.52,15.039999
2026-04-05 00:00:00+00:00,236,3,0.0,8.9,0.0,45.8,15.179998
2026-04-05 00:00:00+00:00,236,6,0.0,8.9,0.0,45.8,15.179998
2026-04-05 00:00:00+00:00,236,24,0.0,8.8,0.0,45.8,15.179998
2026-04-05 00:00:00+00:00,325,3,0.0,8.9,0.0,46.56,15.639999
2026-04-05 00:00:00+00:00,325,6,0.0,8.7,0.0,46.56,15.639999
2026-04-05 00:00:00+00:00,325,24,0.3,8.6,0.0,46.56,15.639999
2026-04-05 00:00:00+00:00,391,3,0.0,10.9,0.0,46.7,16.099998
2026-04-05 00:00:00+00:00,391,6,0.0,10.7,0.0,46.7,16.099998
2026-04-05 00:00:00+00:00,391,24,0.0,10.0,0.0,46.7,16.099998
2026-04-05 00:00:00+00:00,422,3,0.0,8.5,0.0,46.24,15.219999
2026-04-05 00:00:00+00:00,422,6,0.0,9.8,0.0,46.24,15.219999
2026-04-05 00:00:00+00:00,422,24,0.0,7.7,0.0,46.24,15.219999
2026-04-05 00:00:00+00:00,425,3,0.0,10.5,0.0,45.94,15.519999
2026-04-05 00:00:00+00:00,425,6,0.0,10.5,0.0,45.94,15.519999
2026-04-05 00:00:00+00:00,425,24,0.0,10.1,0.0,45.94,15.519999
2026-04-05 00:00:00+00:00,426,3,0.0,8.5,0.0,45.54,13.719999
2026-04-05 00:00:00+00:00,426,6,0.0,8.6,0.0,45.54,13.719999
2026-04-05 00:00:00+00:00,426,24,0.0,8.0,0.0,45.54,13.719999
2026-04-05 03:00:00+00:00,63,6,0.0,6.2,0.0,46.420002,14.08
2026-04-05 03:00:00+00:00,76,6,0.0,5.9,0.0,46.34,14.199999
2026-04-05 03:00:00+00:00,106,6,0.0,4.8,0.0,46.260002,14.4
2026-04-05 03:00:00+00:00,122,6,0.0,3.9,0.0,46.02,14.459999
2026-04-05 03:00:00+00:00,127,6,0.0,8.2,0.0,46.12,14.519999
2026-04-05 03:00:00+00:00,129,6,0.0,5.7,0.0,46.02,14.519999
2026-04-05 03:00:00+00:00,177,6,0.0,8.0,0.0,45.6,14.859999
2026-04-05 03:00:00+00:00,194,6,0.0,6.1,0.0,46.52,15.039999
2026-04-05 03:00:00+00:00,236,6,0.0,6.8,0.0,45.8,15.179998
2026-04-05 03:00:00+00:00,325,6,0.0,7.4,0.0,46.56,15.639999
2026-04-05 03:00:00+00:00,391,6,0.0,8.5,0.0,46.7,16.099998
2026-04-05 03:00:00+00:00,422,6,0.0,5.7,0.0,46.24,15.219999
2026-04-05 03:00:00+00:00,425,6,0.0,9.5,0.0,45.94,15.519999
2026-04-05 03:00:00+00:00,426,6,0.0,7.7,0.0,45.54,13.719999
2026-04-05 06:00:00+00:00,63,24,87.0,7.5,0.0,46.420002,14.08
2026-04-05 06:00:00+00:00,76,24,85.5,5.6,0.0,46.34,14.199999
2026-04-05 06:00:00+00:00,106,24,92.5,5.3,0.0,46.260002,14.4
2026-04-05 06:00:00+00:00,122,24,82.5,2.8,0.0,46.02,14.459999
2026-04-05 06:00:00+00:00,127,24,93.5,7.8,0.0,46.12,14.519999
2026-04-05 06:00:00+00:00,129,24,89.5,4.2,0.0,46.02,14.519999
2026-04-05 06:00:00+00:00,177,24,105.8,8.4,0.0,45.6,14.859999
2026-04-05 06:00:00+00:00,194,24,92.3,6.5,0.0,46.52,15.039999
2026-04-05 06:00:00+00:00,236,24,96.8,6.5,0.0,45.8,15.179998
2026-04-05 06:00:00+00:00,325,24,98.5,8.5,0.0,46.56,15.639999
2026-04-05 06:00:00+00:00,391,24,107.5,8.3,0.0,46.7,16.099998
2026-04-05 06:00:00+00:00,422,24,97.5,6.4,0.0,46.24,15.219999
2026-04-05 06:00:00+00:00,425,24,98.8,7.6,0.0,45.94,15.519999
2026-04-05 06:00:00+00:00,426,24,84.0,8.4,0.0,45.54,13.719999
2026-04-05 09:00:00+00:00,63,24,560.3,15.2,0.0,46.420002,14.08
2026-04-05 09:00:00+00:00,76,24,548.0,15.4,0.0,46.34,14.199999
2026-04-05 09:00:00+00:00,106,24,558.0,15.4,0.0,46.260002,14.4
2026-04-05 09:00:00+00:00,122,24,573.3,15.1,0.0,46.02,14.459999
2026-04-05 09:00:00+00:00,127,24,579.3,14.8,0.0,46.12,14.519999
2026-04-05 09:00:00+00:00,129,24,579.5,14.8,0.0,46.02,14.519999
2026-04-05 09:00:00+00:00,177,24,620.3,14.7,0.0,45.6,14.859999
2026-04-05 09:00:00+00:00,194,24,577.0,15.9,0.0,46.52,15.039999
2026-04-05 09:00:00+00:00,236,24,595.8,16.5,0.0,45.8,15.179998
2026-04-05 09:00:00+00:00,325,24,578.8,15.1,0.0,46.56,15.639999
2026-04-05 09:00:00+00:00,391,24,592.0,15.6,0.0,46.7,16.099998
2026-04-05 09:00:00+00:00,422,24,590.5,15.5,0.0,46.24,15.219999
2026-04-05 09:00:00+00:00,425,24,592.5,15.8,0.0,45.94,15.519999
2026-04-05 09:00:00+00:00,426,24,573.5,16.2,0.0,45.54,13.719999
2026-04-05 12:00:00+00:00,63,24,775.3,19.4,0.0,46.420002,14.08
2026-04-05 12:00:00+00:00,76,24,764.3,19.4,0.0,46.34,14.199999
2026-04-05 12:00:00+00:00,106,24,777.3,20.3,0.0,46.260002,14.4
2026-04-05 12:00:00+00:00,122,24,779.5,21.7,0.0,46.02,14.459999
2026-04-05 12:00:00+00:00,127,24,775.8,20.1,0.0,46.12,14.519999
2026-04-05 12:00:00+00:00,129,24,778.8,21.8,0.0,46.02,14.519999
2026-04-05 12:00:00+00:00,177,24,796.8,18.5,0.0,45.6,14.859999
2026-04-05 12:00:00+00:00,194,24,760.8,20.7,0.0,46.52,15.039999
2026-04-05 12:00:00+00:00,236,24,774.5,21.9,0.0,45.8,15.179998
2026-04-05 12:00:00+00:00,325,24,756.5,21.7,0.0,46.56,15.639999
2026-04-05 12:00:00+00:00,391,24,757.8,20.9,0.0,46.7,16.099998
2026-04-05 12:00:00+00:00,422,24,769.0,21.4,0.0,46.24,15.219999
2026-04-05 12:00:00+00:00,425,24,767.5,21.6,0.0,45.94,15.519999
2026-04-05 12:00:00+00:00,426,24,768.5,17.7,0.0,45.54,13.719999
2026-04-05 15:00:00+00:00,63,24,474.5,19.8,0.0,46.420002,14.08
2026-04-05 15:00:00+00:00,76,24,470.5,20.7,0.0,46.34,14.199999
2026-04-05 15:00:00+00:00,106,24,480.3,21.4,0.0,46.260002,14.4
2026-04-05 15:00:00+00:00,122,24,474.0,21.7,0.0,46.02,14.459999
2026-04-05 15:00:00+00:00,127,24,479.3,21.1,0.0,46.12,14.519999
2026-04-05 15:00:00+00:00,129,24,476.0,22.0,0.0,46.02,14.519999
2026-04-05 15:00:00+00:00,177,24,492.0,18.2,0.0,45.6,14.859999
2026-04-05 15:00:00+00:00,194,24,454.8,21.4,0.0,46.52,15.039999
2026-04-05 15:00:00+00:00,236,24,467.5,22.8,0.0,45.8,15.179998
2026-04-05 15:00:00+00:00,325,24,453.5,23.0,0.0,46.56,15.639999
2026-04-05 15:00:00+00:00,391,24,450.0,22.1,0.0,46.7,16.099998
2026-04-05 15:00:00+00:00,422,24,467.8,22.9,0.0,46.24,15.219999
2026-04-05 15:00:00+00:00,425,24,462.5,23.1,0.0,45.94,15.519999
2026-04-05 15:00:00+00:00,426,24,475.0,17.8,0.0,45.54,13.719999
2026-04-05 18:00:00+00:00,63,24,11.3,13.2,0.0,46.420002,14.08
2026-04-05 18:00:00+00:00,76,24,11.3,14.3,0.0,46.34,14.199999
2026-04-05 18:00:00+00:00,106,24,10.8,14.3,0.0,46.260002,14.4
2026-04-05 18:00:00+00:00,122,24,10.3,15.3,0.0,46.02,14.459999
2026-04-05 18:00:00+00:00,127,24,10.3,15.6,0.0,46.12,14.519999
2026-04-05 18:00:00+00:00,129,24,9.8,16.0,0.0,46.02,14.519999
2026-04-05 18:00:00+00:00,177,24,9.8,13.1,0.0,45.6,14.859999
2026-04-05 18:00:00+00:00,194,24,8.5,16.1,0.0,46.52,15.039999
2026-04-05 18:00:00+00:00,236,24,8.0,17.3,0.0,45.8,15.179998
2026-04-05 18:00:00+00:00,325,24,7.0,19.1,0.0,46.56,15.639999
2026-04-05 18:00:00+00:00,391,24,6.0,16.3,0.0,46.7,16.099998
2026-04-05 18:00:00+00:00,422,24,8.3,16.5,0.0,46.24,15.219999
2026-04-05 18:00:00+00:00,425,24,7.5,18.0,0.0,45.94,15.519999
2026-04-05 18:00:00+00:00,426,24,11.5,14.9,0.0,45.54,13.719999
2026-04-05 21:00:00+00:00,63,24,0.0,10.5,0.0,46.420002,14.08
2026-04-05 21:00:00+00:00,76,24,0.0,8.8,0.0,46.34,14.199999
2026-04-05 21:00:00+00:00,106,24,0.0,9.6,0.0,46.260002,14.4
2026-04-05 21:00:00+00:00,122,24,0.0,10.8,0.0,46.02,14.459999
2026-04-05 21:00:00+00:00,127,24,0.0,12.3,0.0,46.12,14.519999
2026-04-05 21:00:00+00:00,129,24,0.0,10.8,0.0,46.02,14.519999
2026-04-05 21:00:00+00:00,177,24,0.0,10.9,0.0,45.6,14.859999
2026-04-05 21:00:00+00:00,194,24,0.0,11.7,0.0,46.52,15.039999
2026-04-05 21:00:00+00:00,236,24,0.0,10.8,0.0,45.8,15.179998
2026-04-05 21:00:00+00:00,325,24,0.0,13.8,0.0,46.56,15.639999
2026-04-05 21:00:00+00:00,391,24,0.0,12.1,0.0,46.7,16.099998
2026-04-05 21:00:00+00:00,422,24,0.0,9.1,0.0,46.24,15.219999
2026-04-05 21:00:00+00:00,425,24,0.0,11.7,0.0,45.94,15.519999
2026-04-05 21:00:00+00:00,426,24,0.0,10.4,0.0,45.54,13.719999
2026-04-05 01:00:00+00:00,63,1,0.0,6.1,0.0,46.420002,14.08
2026-04-05 01:00:00+00:00,76,1,0.0,5.6,0.0,46.34,14.199999
2026-04-05 01:00:00+00:00,106,1,0.0,4.9,0.0,46.260002,14.4
2026-04-05 01:00:00+00:00,122,1,0.0,2.5,0.0,46.02,14.459999
2026-04-05 01:00:00+00:00,127,1,0.0,8.0,0.0,46.12,14.519999
2026-04-05 01:00:00+00:00,129,1,0.0,5.2,0.0,46.02,14.519999
2026-04-05 01:00:00+00:00,177,1,0.0,8.2,0.0,45.6,14.859999
2026-04-05 01:00:00+00:00,194,1,0.0,6.8,0.0,46.52,15.039999
2026-04-05 01:00:00+00:00,236,1,0.0,6.9,0.0,45.8,15.179998
2026-04-05 01:00:00+00:00,325,1,0.0,8.0,0.0,46.56,15.639999
2026-04-05 01:00:00+00:00,391,1,0.0,10.5,0.0,46.7,16.099998
2026-04-05 01:00:00+00:00,422,1,0.0,4.7,0.0,46.24,15.219999
2026-04-05 01:00:00+00:00,425,1,0.0,9.2,0.0,45.94,15.519999
2026-04-05 01:00:00+00:00,426,1,0.0,8.3,0.0,45.54,13.719999
2026-04-05 02:00:00+00:00,63,2,0.0,6.1,0.0,46.420002,14.08
2026-04-05 02:00:00+00:00,76,2,0.0,5.0,0.0,46.34,14.199999
2026-04-05 02:00:00+00:00,106,2,0.0,4.3,0.0,46.260002,14.4
2026-04-05 02:00:00+00:00,122,2,0.0,2.1,0.0,46.02,14.459999
2026-04-05 02:00:00+00:00,127,2,0.0,7.5,0.0,46.12,14.519999
2026-04-05 02:00:00+00:00,129,2,0.0,4.0,0.0,46.02,14.519999
2026-04-05 02:00:00+00:00,177,2,0.0,7.8,0.0,45.6,14.859999
2026-04-05 02:00:00+00:00,194,2,0.0,5.4,0.0,46.52,15.039999
2026-04-05 02:00:00+00:00,236,2,0.0,6.3,0.0,45.8,15.179998
2026-04-05 02:00:00+00:00,325,2,0.0,7.8,0.0,46.56,15.639999
2026-04-05 02:00:00+00:00,391,2,0.0,9.1,0.0,46.7,16.099998
2026-04-05 02:00:00+00:00,422,2,0.0,4.9,0.0,46.24,15.219999
2026-04-05 02:00:00+00:00,425,2,0.0,9.0,0.0,45.94,15.519999
2026-04-05 02:00:00+00:00,426,2,0.0,7.6,0.0,45.54,13.719999
2026-04-05 03:00:00+00:00,63,3,0.0,6.3,0.0,46.420002,14.08
2026-04-05 03:00:00+00:00,76,3,0.0,5.1,0.0,46.34,14.199999
2026-04-05 03:00:00+00:00,106,3,0.0,3.9,0.0,46.260002,14.4
2026-04-05 03:00:00+00:00,122,3,0.0,0.7,0.0,46.02,14.459999
2026-04-05 03:00:00+00:00,127,3,0.0,6.9,0.0,46.12,14.519999
2026-04-05 03:00:00+00:00,129,3,0.0,2.6,0.0,46.02,14.519999
2026-04-05 03:00:00+00:00,177,3,0.0,7.5,0.0,45.6,14.859999
2026-04-05 03:00:00+00:00,194,3,0.0,5.2,0.0,46.52,15.039999
2026-04-05 03:00:00+00:00,236,3,0.0,5.7,0.0,45.8,15.179998
2026-04-05 03:00:00+00:00,325,3,0.0,7.4,0.0,46.56,15.639999
2026-04-05 03:00:00+00:00,391,3,0.0,8.7,0.0,46.7,16.099998
2026-04-05 03:00:00+00:00,422,3,0.0,4.6,0.0,46.24,15.219999
2026-04-05 03:00:00+00:00,425,3,0.0,8.9,0.0,45.94,15.519999
2026-04-05 03:00:00+00:00,426,3,0.0,7.0,0.0,45.54,13.719999
2026-04-05 06:00:00+00:00,63,6,88.8,7.7,0.0,46.420002,14.08
2026-04-05 06:00:00+00:00,76,6,87.3,5.8,0.0,46.34,14.199999
2026-04-05 06:00:00+00:00,106,6,92.3,5.2,0.0,46.260002,14.4
2026-04-05 06:00:00+00:00,122,6,81.3,2.1,0.0,46.02,14.459999
2026-04-05 06:00:00+00:00,127,6,93.5,7.2,0.0,46.12,14.519999
2026-04-05 06:00:00+00:00,129,6,76.5,2.9,0.0,46.02,14.519999
2026-04-05 06:00:00+00:00,177,6,105.0,8.2,0.0,45.6,14.859999
2026-04-05 06:00:00+00:00,194,6,92.0,6.0,0.0,46.52,15.039999
2026-04-05 06:00:00+00:00,236,6,96.3,6.1,0.0,45.8,15.179998
2026-04-05 06:00:00+00:00,325,6,98.5,7.6,0.0,46.56,15.639999
2026-04-05 06:00:00+00:00,391,6,106.8,8.0,0.0,46.7,16.099998
2026-04-05 06:00:00+00:00,422,6,97.0,5.2,0.0,46.24,15.219999
2026-04-05 06:00:00+00:00,425,6,97.3,6.9,0.0,45.94,15.519999
2026-04-05 06:00:00+00:00,426,6,83.3,7.4,0.0,45.54,13.719999
2026-04-05 07:00:00+00:00,63,1,255.3,11.3,0.0,46.420002,14.08
2026-04-05 07:00:00+00:00,76,1,249.5,8.4,0.0,46.34,14.199999
2026-04-05 07:00:00+00:00,106,1,259.8,8.6,0.0,46.260002,14.4
2026-04-05 07:00:00+00:00,122,1,251.3,6.3,0.0,46.02,14.459999
2026-04-05 07:00:00+00:00,127,1,261.0,9.3,0.0,46.12,14.519999
2026-04-05 07:00:00+00:00,129,1,249.5,6.2,0.0,46.02,14.519999
2026-04-05 07:00:00+00:00,177,1,282.8,10.6,0.0,45.6,14.859999
2026-04-05 07:00:00+00:00,194,1,250.8,9.2,0.0,46.52,15.039999
2026-04-05 07:00:00+00:00,236,1,257.8,8.5,0.0,45.8,15.179998
2026-04-05 07:00:00+00:00,325,1,260.8,9.4,0.0,46.56,15.639999
2026-04-05 07:00:00+00:00,391,1,273.3,11.2,0.0,46.7,16.099998
2026-04-05 07:00:00+00:00,422,1,259.5,7.9,0.0,46.24,15.219999
2026-04-05 07:00:00+00:00,425,1,263.0,9.6,0.0,45.94,15.519999
2026-04-05 07:00:00+00:00,426,1,242.0,10.6,0.0,45.54,13.719999
2026-04-05 08:00:00+00:00,63,2,432.5,13.4,0.0,46.420002,14.08
2026-04-05 08:00:00+00:00,76,2,425.5,12.5,0.0,46.34,14.199999
2026-04-05 08:00:00+00:00,106,2,436.5,12.2,0.0,46.260002,14.4
2026-04-05 08:00:00+00:00,122,2,428.0,10.7,0.0,46.02,14.459999
2026-04-05 08:00:00+00:00,127,2,436.5,11.8,0.0,46.12,14.519999
2026-04-05 08:00:00+00:00,129,2,429.5,10.2,0.0,46.02,14.519999
2026-04-05 08:00:00+00:00,177,2,463.8,13.0,0.0,45.6,14.859999
2026-04-05 08:00:00+00:00,194,2,425.8,13.0,0.0,46.52,15.039999
2026-04-05 08:00:00+00:00,236,2,438.3,13.1,0.0,45.8,15.179998
2026-04-05 08:00:00+00:00,325,2,430.5,12.3,0.0,46.56,15.639999
2026-04-05 08:00:00+00:00,391,2,444.5,13.6,0.0,46.7,16.099998
2026-04-05 08:00:00+00:00,422,2,436.0,12.2,0.0,46.24,15.219999
2026-04-05 08:00:00+00:00,425,2,437.3,12.6,0.0,45.94,15.519999
2026-04-05 08:00:00+00:00,426,2,417.5,13.4,0.0,45.54,13.719999
2026-04-05 09:00:00+00:00,63,3,589.3,15.5,0.0,46.420002,14.08
2026-04-05 09:00:00+00:00,76,3,581.5,15.2,0.0,46.34,14.199999
2026-04-05 09:00:00+00:00,106,3,593.5,14.8,0.0,46.260002,14.4
2026-04-05 09:00:00+00:00,122,3,586.0,14.3,0.0,46.02,14.459999
2026-04-05 09:00:00+00:00,127,3,591.8,14.3,0.0,46.12,14.519999
2026-04-05 09:00:00+00:00,129,3,585.8,13.9,0.0,46.02,14.519999
2026-04-05 09:00:00+00:00,177,3,618.5,14.5,0.0,45.6,14.859999
2026-04-05 09:00:00+00:00,194,3,581.5,15.8,0.0,46.52,15.039999
2026-04-05 09:00:00+00:00,236,3,594.3,16.4,0.0,45.8,15.179998
2026-04-05 09:00:00+00:00,325,3,581.5,15.0,0.0,46.56,15.639999
2026-04-05 09:00:00+00:00,391,3,590.3,15.6,0.0,46.7,16.099998
2026-04-05 09:00:00+00:00,422,3,591.3,15.6,0.0,46.24,15.219999
2026-04-05 09:00:00+00:00,425,3,591.0,16.1,0.0,45.94,15.519999
2026-04-05 09:00:00+00:00,426,3,576.3,15.4,0.0,45.54,13.719999
2026-04-05 10:00:00+00:00,63,1,701.3,17.4,0.0,46.420002,14.08
2026-04-05 10:00:00+00:00,76,1,696.3,17.2,0.0,46.34,14.199999
2026-04-05 10:00:00+00:00,106,1,708.5,17.3,0.0,46.260002,14.4
2026-04-05 10:00:00+00:00,122,1,703.0,17.4,0.0,46.02,14.459999
2026-04-05 10:00:00+00:00,127,1,707.5,16.9,0.0,46.12,14.519999
2026-04-05 10:00:00+00:00,129,1,702.0,17.1,0.0,46.02,14.519999
2026-04-05 10:00:00+00:00,177,1,728.8,16.1,0.0,45.6,14.859999
2026-04-05 10:00:00+00:00,194,1,693.0,17.9,0.0,46.52,15.039999
2026-04-05 10:00:00+00:00,236,1,708.8,19.3,0.0,45.8,15.179998
2026-04-05 10:00:00+00:00,325,1,693.3,19.0,0.0,46.56,15.639999
2026-04-05 10:00:00+00:00,391,1,700.3,19.4,0.0,46.7,16.099998
2026-04-05 10:00:00+00:00,422,1,704.3,18.3,0.0,46.24,15.219999
2026-04-05 10:00:00+00:00,425,1,704.0,18.7,0.0,45.94,15.519999
2026-04-05 10:00:00+00:00,426,1,690.5,16.4,0.0,45.54,13.719999
2026-04-05 11:00:00+00:00,63,2,754.0,19.0,0.0,46.420002,14.08
2026-04-05 11:00:00+00:00,76,2,743.5,18.8,0.0,46.34,14.199999
2026-04-05 11:00:00+00:00,106,2,752.8,19.2,0.0,46.260002,14.4
2026-04-05 11:00:00+00:00,122,2,768.3,20.0,0.0,46.02,14.459999
2026-04-05 11:00:00+00:00,127,2,769.3,18.6,0.0,46.12,14.519999
2026-04-05 11:00:00+00:00,129,2,768.8,19.7,0.0,46.02,14.519999
2026-04-05 11:00:00+00:00,177,2,790.0,17.5,0.0,45.6,14.859999
2026-04-05 11:00:00+00:00,194,2,758.0,19.7,0.0,46.52,15.039999
2026-04-05 11:00:00+00:00,236,2,771.8,20.9,0.0,45.8,15.179998
2026-04-05 11:00:00+00:00,325,2,738.8,20.8,0.0,46.56,15.639999
2026-04-05 11:00:00+00:00,391,2,756.0,20.8,0.0,46.7,16.099998
2026-04-05 11:00:00+00:00,422,2,766.8,20.2,0.0,46.24,15.219999
2026-04-05 11:00:00+00:00,425,2,764.5,20.6,0.0,45.94,15.519999
2026-04-05 11:00:00+00:00,426,2,753.5,16.8,0.0,45.54,13.719999
2026-04-05 12:00:00+00:00,63,3,764.5,20.4,0.0,46.420002,14.08
2026-04-05 12:00:00+00:00,63,6,782.3,20.4,0.0,46.420002,14.08
2026-04-05 12:00:00+00:00,76,3,750.8,20.4,0.0,46.34,14.199999
2026-04-05 12:00:00+00:00,76,6,772.0,20.2,0.0,46.34,14.199999
2026-04-05 12:00:00+00:00,106,3,751.5,20.6,0.0,46.260002,14.4
2026-04-05 12:00:00+00:00,106,6,779.5,20.6,0.0,46.260002,14.4
2026-04-05 12:00:00+00:00,122,3,765.8,22.1,0.0,46.02,14.459999
2026-04-05 12:00:00+00:00,122,6,781.3,22.0,0.0,46.02,14.459999
2026-04-05 12:00:00+00:00,127,3,772.0,20.2,0.0,46.12,14.519999
2026-04-05 12:00:00+00:00,127,6,780.3,20.1,0.0,46.12,14.519999
2026-04-05 12:00:00+00:00,129,3,770.3,22.1,0.0,46.02,14.519999
2026-04-05 12:00:00+00:00,129,6,779.5,21.8,0.0,46.02,14.519999
2026-04-05 12:00:00+00:00,177,3,785.3,18.4,0.0,45.6,14.859999
2026-04-05 12:00:00+00:00,177,6,792.0,18.3,0.0,45.6,14.859999
2026-04-05 12:00:00+00:00,194,3,766.8,21.3,0.0,46.52,15.039999
2026-04-05 12:00:00+00:00,194,6,767.3,21.0,0.0,46.52,15.039999
2026-04-05 12:00:00+00:00,236,3,774.5,22.1,0.0,45.8,15.179998
2026-04-05 12:00:00+00:00,236,6,775.0,22.0,0.0,45.8,15.179998
2026-04-05 12:00:00+00:00,325,3,755.8,22.1,0.0,46.56,15.639999
2026-04-05 12:00:00+00:00,325,6,741.3,21.3,0.0,46.56,15.639999
2026-04-05 12:00:00+00:00,391,3,725.5,21.9,0.0,46.7,16.099998
2026-04-05 12:00:00+00:00,391,6,747.3,21.0,0.0,46.7,16.099998
2026-04-05 12:00:00+00:00,422,3,770.0,21.5,0.0,46.24,15.219999
2026-04-05 12:00:00+00:00,422,6,770.5,21.3,0.0,46.24,15.219999
2026-04-05 12:00:00+00:00,425,3,767.8,21.7,0.0,45.94,15.519999
2026-04-05 12:00:00+00:00,425,6,768.0,21.5,0.0,45.94,15.519999
2026-04-05 12:00:00+00:00,426,3,731.0,16.8,0.0,45.54,13.719999
2026-04-05 12:00:00+00:00,426,6,763.3,16.6,0.0,45.54,13.719999
2026-04-05 13:00:00+00:00,63,1,733.8,21.0,0.0,46.420002,14.08
2026-04-05 13:00:00+00:00,76,1,722.5,21.1,0.0,46.34,14.199999
2026-04-05 13:00:00+00:00,106,1,732.3,21.6,0.0,46.260002,14.4
2026-04-05 13:00:00+00:00,122,1,732.0,22.8,0.0,46.02,14.459999
2026-04-05 13:00:00+00:00,127,1,729.0,22.1,0.0,46.12,14.519999
2026-04-05 13:00:00+00:00,129,1,731.3,22.9,0.0,46.02,14.519999
2026-04-05 13:00:00+00:00,177,1,643.0,19.5,0.0,45.6,14.859999
2026-04-05 13:00:00+00:00,194,1,716.5,21.4,0.0,46.52,15.039999
2026-04-05 13:00:00+00:00,236,1,721.3,23.2,0.0,45.8,15.179998
2026-04-05 13:00:00+00:00,325,1,709.5,22.8,0.0,46.56,15.639999
2026-04-05 13:00:00+00:00,391,1,704.0,22.4,0.0,46.7,16.099998
2026-04-05 13:00:00+00:00,422,1,720.3,23.0,0.0,46.24,15.219999
2026-04-05 13:00:00+00:00,425,1,715.3,23.4,0.0,45.94,15.519999
2026-04-05 13:00:00+00:00,426,1,716.3,17.5,0.0,45.54,13.719999
2026-04-05 14:00:00+00:00,63,2,630.5,21.0,0.0,46.420002,14.08
2026-04-05 14:00:00+00:00,76,2,619.8,21.6,0.0,46.34,14.199999
2026-04-05 14:00:00+00:00,106,2,629.5,22.6,0.0,46.260002,14.4
2026-04-05 14:00:00+00:00,122,2,625.3,22.7,0.0,46.02,14.459999
2026-04-05 14:00:00+00:00,127,2,624.0,22.5,0.0,46.12,14.519999
2026-04-05 14:00:00+00:00,129,2,623.5,22.9,0.0,46.02,14.519999
2026-04-05 14:00:00+00:00,177,2,608.0,18.6,0.0,45.6,14.859999
2026-04-05 14:00:00+00:00,194,2,607.3,21.7,0.0,46.52,15.039999
2026-04-05 14:00:00+00:00,236,2,616.3,23.8,0.0,45.8,15.179998
2026-04-05 14:00:00+00:00,325,2,603.0,23.1,0.0,46.56,15.639999
2026-04-05 14:00:00+00:00,391,2,599.5,22.8,0.0,46.7,16.099998
2026-04-05 14:00:00+00:00,422,2,617.5,23.5,0.0,46.24,15.219999
2026-04-05 14:00:00+00:00,425,2,609.0,23.7,0.0,45.94,15.519999
2026-04-05 14:00:00+00:00,426,2,616.5,17.3,0.0,45.54,13.719999
2026-04-05 15:00:00+00:00,63,3,482.0,20.8,0.0,46.420002,14.08
2026-04-05 15:00:00+00:00,63,6,481.0,20.7,0.0,46.420002,14.08
2026-04-05 15:00:00+00:00,76,3,475.3,21.3,0.0,46.34,14.199999
2026-04-05 15:00:00+00:00,76,6,475.3,21.3,0.0,46.34,14.199999
2026-04-05 15:00:00+00:00,106,3,484.3,21.8,0.0,46.260002,14.4
2026-04-05 15:00:00+00:00,106,6,485.3,21.8,0.0,46.260002,14.4
2026-04-05 15:00:00+00:00,122,3,480.3,22.0,0.0,46.02,14.459999
2026-04-05 15:00:00+00:00,122,6,480.0,21.9,0.0,46.02,14.459999
2026-04-05 15:00:00+00:00,127,3,480.0,21.0,0.0,46.12,14.519999
2026-04-05 15:00:00+00:00,127,6,479.5,20.9,0.0,46.12,14.519999
2026-04-05 15:00:00+00:00,129,3,478.8,22.1,0.0,46.02,14.519999
2026-04-05 15:00:00+00:00,129,6,478.0,21.9,0.0,46.02,14.519999
2026-04-05 15:00:00+00:00,177,3,489.8,17.6,0.0,45.6,14.859999
2026-04-05 15:00:00+00:00,177,6,489.3,17.6,0.0,45.6,14.859999
2026-04-05 15:00:00+00:00,194,3,461.5,21.6,0.0,46.52,15.039999
2026-04-05 15:00:00+00:00,194,6,459.8,21.8,0.0,46.52,15.039999
2026-04-05 15:00:00+00:00,236,3,467.5,23.3,0.0,45.8,15.179998
2026-04-05 15:00:00+00:00,236,6,466.5,23.2,0.0,45.8,15.179998
2026-04-05 15:00:00+00:00,325,3,457.0,23.0,0.0,46.56,15.639999
2026-04-05 15:00:00+00:00,325,6,456.3,23.0,0.0,46.56,15.639999
2026-04-05 15:00:00+00:00,391,3,452.3,22.7,0.0,46.7,16.099998
2026-04-05 15:00:00+00:00,391,6,451.8,22.8,0.0,46.7,16.099998
2026-04-05 15:00:00+00:00,422,3,469.5,23.3,0.0,46.24,15.219999
2026-04-05 15:00:00+00:00,422,6,468.8,23.1,0.0,46.24,15.219999
2026-04-05 15:00:00+00:00,425,3,462.5,23.7,0.0,45.94,15.519999
2026-04-05 15:00:00+00:00,425,6,463.0,23.4,0.0,45.94,15.519999
2026-04-05 15:00:00+00:00,426,3,471.5,16.9,0.0,45.54,13.719999
2026-04-05 15:00:00+00:00,426,6,470.5,16.5,0.0,45.54,13.719999
2026-04-05 16:00:00+00:00,63,1,307.0,20.5,0.0,46.420002,14.08
2026-04-05 16:00:00+00:00,76,1,301.3,20.9,0.0,46.34,14.199999
2026-04-05 16:00:00+00:00,106,1,308.3,21.4,0.0,46.260002,14.4
2026-04-05 16:00:00+00:00,122,1,305.8,21.3,0.0,46.02,14.459999
2026-04-05 16:00:00+00:00,127,1,306.3,20.4,0.0,46.12,14.519999
2026-04-05 16:00:00+00:00,129,1,304.8,21.2,0.0,46.02,14.519999
2026-04-05 16:00:00+00:00,177,1,313.8,17.0,0.0,45.6,14.859999
2026-04-05 16:00:00+00:00,194,1,286.5,21.5,0.0,46.52,15.039999
2026-04-05 16:00:00+00:00,236,1,287.3,23.3,0.0,45.8,15.179998
2026-04-05 16:00:00+00:00,325,1,282.3,22.9,0.0,46.56,15.639999
2026-04-05 16:00:00+00:00,391,1,278.8,22.7,0.0,46.7,16.099998
2026-04-05 16:00:00+00:00,422,1,294.8,23.3,0.0,46.24,15.219999
2026-04-05 16:00:00+00:00,425,1,287.8,23.8,0.0,45.94,15.519999
2026-04-05 16:00:00+00:00,426,1,298.8,16.7,0.0,45.54,13.719999
2026-04-05 17:00:00+00:00,63,2,128.3,18.8,0.0,46.420002,14.08
2026-04-05 17:00:00+00:00,76,2,124.0,19.4,0.0,46.34,14.199999
2026-04-05 17:00:00+00:00,106,2,126.5,19.1,0.0,46.260002,14.4
2026-04-05 17:00:00+00:00,122,2,125.5,18.8,0.0,46.02,14.459999
2026-04-05 17:00:00+00:00,127,2,124.5,18.1,0.0,46.12,14.519999
2026-04-05 17:00:00+00:00,129,2,124.8,19.3,0.0,46.02,14.519999
2026-04-05 17:00:00+00:00,177,2,129.8,15.2,0.0,45.6,14.859999
2026-04-05 17:00:00+00:00,194,2,114.3,19.5,0.0,46.52,15.039999
2026-04-05 17:00:00+00:00,236,2,116.8,21.1,0.0,45.8,15.179998
2026-04-05 17:00:00+00:00,325,2,110.0,21.8,0.0,46.56,15.639999
2026-04-05 17:00:00+00:00,391,2,105.3,21.1,0.0,46.7,16.099998
2026-04-05 17:00:00+00:00,422,2,117.3,21.2,0.0,46.24,15.219999
2026-04-05 17:00:00+00:00,425,2,111.5,21.7,0.0,45.94,15.519999
2026-04-05 17:00:00+00:00,426,2,124.8,16.1,0.0,45.54,13.719999
2026-04-05 18:00:00+00:00,63,3,11.3,14.2,0.0,46.420002,14.08
2026-04-05 18:00:00+00:00,63,6,11.0,13.9,0.0,46.420002,14.08
2026-04-05 18:00:00+00:00,76,3,10.8,14.0,0.0,46.34,14.199999
2026-04-05 18:00:00+00:00,76,6,11.0,14.1,0.0,46.34,14.199999
2026-04-05 18:00:00+00:00,106,3,10.8,14.4,0.0,46.260002,14.4
2026-04-05 18:00:00+00:00,106,6,10.5,14.0,0.0,46.260002,14.4
2026-04-05 18:00:00+00:00,122,3,10.0,15.4,0.0,46.02,14.459999
2026-04-05 18:00:00+00:00,122,6,10.3,15.0,0.0,46.02,14.459999
2026-04-05 18:00:00+00:00,127,3,9.8,15.5,0.0,46.12,14.519999
2026-04-05 18:00:00+00:00,127,6,10.3,15.0,0.0,46.12,14.519999
2026-04-05 18:00:00+00:00,129,3,10.0,15.9,0.0,46.02,14.519999
2026-04-05 18:00:00+00:00,129,6,10.3,15.5,0.0,46.02,14.519999
2026-04-05 18:00:00+00:00,177,3,9.8,13.0,0.0,45.6,14.859999
2026-04-05 18:00:00+00:00,177,6,9.8,12.4,0.0,45.6,14.859999
2026-04-05 18:00:00+00:00,194,3,8.3,16.1,0.0,46.52,15.039999
2026-04-05 18:00:00+00:00,194,6,8.8,15.3,0.0,46.52,15.039999
2026-04-05 18:00:00+00:00,236,3,8.3,17.4,0.0,45.8,15.179998
2026-04-05 18:00:00+00:00,236,6,8.0,15.3,0.0,45.8,15.179998
2026-04-05 18:00:00+00:00,325,3,7.0,19.8,0.0,46.56,15.639999
2026-04-05 18:00:00+00:00,325,6,7.0,19.2,0.0,46.56,15.639999
2026-04-05 18:00:00+00:00,391,3,6.3,18.0,0.0,46.7,16.099998
2026-04-05 18:00:00+00:00,391,6,6.0,17.4,0.0,46.7,16.099998
2026-04-05 18:00:00+00:00,422,3,8.3,16.3,0.0,46.24,15.219999
2026-04-05 18:00:00+00:00,422,6,8.0,15.6,0.0,46.24,15.219999
2026-04-05 18:00:00+00:00,425,3,7.3,17.3,0.0,45.94,15.519999
2026-04-05 18:00:00+00:00,425,6,7.5,16.9,0.0,45.94,15.519999
2026-04-05 18:00:00+00:00,426,3,11.8,15.7,0.0,45.54,13.719999
2026-04-05 18:00:00+00:00,426,6,12.0,15.1,0.0,45.54,13.719999
2026-04-05 19:00:00+00:00,63,1,0.0,13.6,0.0,46.420002,14.08
2026-04-05 19:00:00+00:00,76,1,0.0,12.7,0.0,46.34,14.199999
2026-04-05 19:00:00+00:00,106,1,0.0,13.0,0.0,46.260002,14.4
2026-04-05 19:00:00+00:00,122,1,0.0,14.0,0.0,46.02,14.459999
2026-04-05 19:00:00+00:00,127,1,0.0,14.3,0.0,46.12,14.519999
2026-04-05 19:00:00+00:00,129,1,0.0,14.1,0.0,46.02,14.519999
2026-04-05 19:00:00+00:00,177,1,0.0,12.1,0.0,45.6,14.859999
2026-04-05 19:00:00+00:00,194,1,0.0,13.7,0.0,46.52,15.039999
2026-04-05 19:00:00+00:00,236,1,0.0,13.4,0.0,45.8,15.179998
2026-04-05 19:00:00+00:00,325,1,0.0,16.6,0.0,46.56,15.639999
2026-04-05 19:00:00+00:00,391,1,0.0,15.4,0.0,46.7,16.099998
2026-04-05 19:00:00+00:00,422,1,0.0,14.9,0.0,46.24,15.219999
2026-04-05 19:00:00+00:00,425,1,0.0,14.7,0.0,45.94,15.519999
2026-04-05 19:00:00+00:00,426,1,0.0,14.8,0.0,45.54,13.719999
2026-04-05 20:00:00+00:00,63,2,0.0,12.2,0.0,46.420002,14.08
2026-04-05 20:00:00+00:00,76,2,0.0,11.6,0.0,46.34,14.199999
2026-04-05 20:00:00+00:00,106,2,0.0,11.3,0.0,46.260002,14.4
2026-04-05 20:00:00+00:00,122,2,0.0,12.7,0.0,46.02,14.459999
2026-04-05 20:00:00+00:00,127,2,0.0,13.0,0.0,46.12,14.519999
2026-04-05 20:00:00+00:00,129,2,0.0,12.4,0.0,46.02,14.519999
2026-04-05 20:00:00+00:00,177,2,0.0,11.5,0.0,45.6,14.859999
2026-04-05 20:00:00+00:00,194,2,0.0,12.3,0.0,46.52,15.039999
2026-04-05 20:00:00+00:00,236,2,0.0,11.3,0.0,45.8,15.179998
2026-04-05 20:00:00+00:00,325,2,0.0,15.1,0.0,46.56,15.639999
2026-04-05 20:00:00+00:00,391,2,0.0,14.0,0.0,46.7,16.099998
2026-04-05 20:00:00+00:00,422,2,0.0,13.5,0.0,46.24,15.219999
2026-04-05 20:00:00+00:00,425,2,0.0,13.4,0.0,45.94,15.519999
2026-04-05 20:00:00+00:00,426,2,0.0,11.5,0.0,45.54,13.719999
2026-04-05 21:00:00+00:00,63,3,0.0,12.7,0.0,46.420002,14.08
2026-04-05 21:00:00+00:00,63,6,0.0,11.9,0.0,46.420002,14.08
2026-04-05 21:00:00+00:00,76,3,0.0,9.4,0.0,46.34,14.199999
2026-04-05 21:00:00+00:00,76,6,0.0,11.0,0.0,46.34,14.199999
2026-04-05 21:00:00+00:00,106,3,0.0,10.0,0.0,46.260002,14.4
2026-04-05 21:00:00+00:00,106,6,0.0,9.9,0.0,46.260002,14.4
2026-04-05 21:00:00+00:00,122,3,0.0,11.6,0.0,46.02,14.459999
2026-04-05 21:00:00+00:00,122,6,0.0,11.8,0.0,46.02,14.459999
2026-04-05 21:00:00+00:00,127,3,0.0,12.4,0.0,46.12,14.519999
2026-04-05 21:00:00+00:00,127,6,0.0,12.2,0.0,46.12,14.519999
2026-04-05 21:00:00+00:00,129,3,0.0,11.2,0.0,46.02,14.519999
2026-04-05 21:00:00+00:00,129,6,0.0,11.3,0.0,46.02,14.519999
2026-04-05 21:00:00+00:00,177,3,0.0,11.5,0.0,45.6,14.859999
2026-04-05 21:00:00+00:00,177,6,0.0,11.2,0.0,45.6,14.859999
2026-04-05 21:00:00+00:00,194,3,0.0,11.7,0.0,46.52,15.039999
2026-04-05 21:00:00+00:00,194,6,0.0,11.2,0.0,46.52,15.039999
2026-04-05 21:00:00+00:00,236,3,0.0,10.5,0.0,45.8,15.179998
2026-04-05 21:00:00+00:00,236,6,0.0,10.3,0.0,45.8,15.179998
2026-04-05 21:00:00+00:00,325,3,0.0,14.4,0.0,46.56,15.639999
2026-04-05 21:00:00+00:00,325,6,0.0,14.3,0.0,46.56,15.639999
2026-04-05 21:00:00+00:00,391,3,0.0,13.2,0.0,46.7,16.099998
2026-04-05 21:00:00+00:00,391,6,0.0,13.2,0.0,46.7,16.099998
2026-04-05 21:00:00+00:00,422,3,0.0,9.3,0.0,46.24,15.219999
2026-04-05 21:00:00+00:00,422,6,0.0,9.2,0.0,46.24,15.219999
2026-04-05 21:00:00+00:00,425,3,0.0,12.9,0.0,45.94,15.519999
2026-04-05 21:00:00+00:00,425,6,0.0,12.5,0.0,45.94,15.519999
2026-04-05 21:00:00+00:00,426,3,0.0,10.8,0.0,45.54,13.719999
2026-04-05 21:00:00+00:00,426,6,0.0,10.7,0.0,45.54,13.719999
2026-04-05 22:00:00+00:00,63,1,0.0,9.7,0.0,46.420002,14.08
2026-04-05 22:00:00+00:00,76,1,0.0,8.7,0.0,46.34,14.199999
2026-04-05 22:00:00+00:00,106,1,0.0,9.5,0.0,46.260002,14.4
2026-04-05 22:00:00+00:00,122,1,0.0,11.3,0.0,46.02,14.459999
2026-04-05 22:00:00+00:00,127,1,0.0,12.1,0.0,46.12,14.519999
2026-04-05 22:00:00+00:00,129,1,0.0,10.3,0.0,46.02,14.519999
2026-04-05 22:00:00+00:00,177,1,0.0,10.8,0.0,45.6,14.859999
2026-04-05 22:00:00+00:00,194,1,0.0,10.3,0.0,46.52,15.039999
2026-04-05 22:00:00+00:00,236,1,0.0,11.5,0.0,45.8,15.179998
2026-04-05 22:00:00+00:00,325,1,0.0,12.7,0.0,46.56,15.639999
2026-04-05 22:00:00+00:00,391,1,0.0,11.6,0.0,46.7,16.099998
2026-04-05 22:00:00+00:00,422,1,0.0,9.1,0.0,46.24,15.219999
2026-04-05 22:00:00+00:00,425,1,0.0,11.2,0.0,45.94,15.519999
2026-04-05 22:00:00+00:00,426,1,0.0,9.2,0.0,45.54,13.719999
2026-04-05 23:00:00+00:00,63,2,0.0,8.2,0.0,46.420002,14.08
2026-04-05 23:00:00+00:00,76,2,0.0,9.0,0.0,46.34,14.199999
2026-04-05 23:00:00+00:00,106,2,0.0,8.6,0.0,46.260002,14.4
2026-04-05 23:00:00+00:00,122,2,0.0,10.7,0.0,46.02,14.459999
2026-04-05 23:00:00+00:00,127,2,0.0,10.7,0.0,46.12,14.519999
2026-04-05 23:00:00+00:00,129,2,0.0,9.2,0.0,46.02,14.519999
2026-04-05 23:00:00+00:00,177,2,0.0,10.8,0.0,45.6,14.859999
2026-04-05 23:00:00+00:00,194,2,0.0,10.0,0.0,46.52,15.039999
2026-04-05 23:00:00+00:00,236,2,0.0,9.6,0.0,45.8,15.179998
2026-04-05 23:00:00+00:00,325,2,0.0,12.8,0.0,46.56,15.639999
2026-04-05 23:00:00+00:00,391,2,0.0,11.3,0.0,46.7,16.099998
2026-04-05 23:00:00+00:00,422,2,0.0,7.9,0.0,46.24,15.219999
2026-04-05 23:00:00+00:00,425,2,0.0,10.9,0.0,45.94,15.519999
2026-04-05 23:00:00+00:00,426,2,0.0,8.8,0.0,45.54,13.719999
2026-04-06 00:00:00+00:00,63,3,0.0,8.9,0.0,46.420002,14.08
2026-04-06 00:00:00+00:00,63,6,0.0,9.7,0.0,46.420002,14.08
2026-04-06 00:00:00+00:00,63,24,0.0,7.6,0.0,46.420002,14.08
2026-04-06 00:00:00+00:00,76,3,0.0,7.9,0.0,46.34,14.199999
2026-04-06 00:00:00+00:00,76,6,0.0,8.8,0.0,46.34,14.199999
2026-04-06 00:00:00+00:00,76,24,0.0,7.8,0.0,46.34,14.199999
2026-04-06 00:00:00+00:00,106,3,0.0,7.0,0.0,46.260002,14.4
2026-04-06 00:00:00+00:00,106,6,0.0,7.5,0.0,46.260002,14.4
2026-04-06 00:00:00+00:00,106,24,0.3,6.8,0.0,46.260002,14.4
2026-04-06 00:00:00+00:00,122,3,0.0,9.8,0.0,46.02,14.459999
2026-04-06 00:00:00+00:00,122,6,0.0,9.8,0.0,46.02,14.459999
2026-04-06 00:00:00+00:00,122,24,0.0,6.9,0.0,46.02,14.459999
2026-04-06 00:00:00+00:00,127,3,0.0,10.2,0.0,46.12,14.519999
2026-04-06 00:00:00+00:00,127,6,0.0,10.5,0.0,46.12,14.519999
2026-04-06 00:00:00+00:00,127,24,0.3,9.9,0.0,46.12,14.519999
2026-04-06 00:00:00+00:00,129,3,0.0,8.9,0.0,46.02,14.519999
2026-04-06 00:00:00+00:00,129,6,0.0,9.0,0.0,46.02,14.519999
2026-04-06 00:00:00+00:00,129,24,0.0,7.9,0.0,46.02,14.519999
2026-04-06 00:00:00+00:00,177,3,0.0,11.0,0.0,45.6,14.859999
2026-04-06 00:00:00+00:00,177,6,0.0,11.4,0.0,45.6,14.859999
2026-04-06 00:00:00+00:00,177,24,0.0,10.5,0.0,45.6,14.859999
2026-04-06 00:00:00+00:00,194,3,0.0,9.7,0.0,46.52,15.039999
2026-04-06 00:00:00+00:00,194,6,0.0,10.0,0.0,46.52,15.039999
2026-04-06 00:00:00+00:00,194,24,0.0,9.9,0.0,46.52,15.039999
2026-04-06 00:00:00+00:00,236,3,0.0,8.6,0.0,45.8,15.179998
2026-04-06 00:00:00+00:00,236,6,0.0,8.2,0.0,45.8,15.179998
2026-04-06 00:00:00+00:00,236,24,0.3,6.8,0.0,45.8,15.179998
2026-04-06 00:00:00+00:00,325,3,0.0,11.8,0.0,46.56,15.639999
2026-04-06 00:00:00+00:00,325,6,0.0,12.4,0.0,46.56,15.639999
2026-04-06 00:00:00+00:00,325,24,0.0,12.5,0.0,46.56,15.639999
2026-04-06 00:00:00+00:00,391,3,0.0,11.7,0.0,46.7,16.099998
2026-04-06 00:00:00+00:00,391,6,0.0,13.3,0.0,46.7,16.099998
2026-04-06 00:00:00+00:00,391,24,0.0,11.1,0.0,46.7,16.099998
2026-04-06 00:00:00+00:00,422,3,0.0,7.5,0.0,46.24,15.219999
2026-04-06 00:00:00+00:00,422,6,0.0,7.1,0.0,46.24,15.219999
2026-04-06 00:00:00+00:00,422,24,0.0,6.8,0.0,46.24,15.219999
2026-04-06 00:00:00+00:00,425,3,0.0,10.4,0.0,45.94,15.519999
2026-04-06 00:00:00+00:00,425,6,0.0,10.3,0.0,45.94,15.519999
2026-04-06 00:00:00+00:00,425,24,0.0,9.2,0.0,45.94,15.519999
2026-04-06 00:00:00+00:00,426,3,0.0,8.2,0.0,45.54,13.719999
2026-04-06 00:00:00+00:00,426,6,0.0,7.9,0.0,45.54,13.719999
2026-04-06 00:00:00+00:00,426,24,0.0,8.2,0.0,45.54,13.719999
2026-04-06 03:00:00+00:00,63,6,0.0,7.9,0.0,46.420002,14.08
2026-04-06 03:00:00+00:00,76,6,0.0,7.8,0.0,46.34,14.199999
2026-04-06 03:00:00+00:00,106,6,0.0,7.1,0.0,46.260002,14.4
2026-04-06 03:00:00+00:00,122,6,0.0,7.1,0.0,46.02,14.459999
2026-04-06 03:00:00+00:00,127,6,0.0,10.0,0.0,46.12,14.519999
2026-04-06 03:00:00+00:00,129,6,0.0,9.8,0.0,46.02,14.519999
2026-04-06 03:00:00+00:00,177,6,0.0,11.5,0.0,45.6,14.859999
2026-04-06 03:00:00+00:00,194,6,0.0,9.8,0.0,46.52,15.039999
2026-04-06 03:00:00+00:00,236,6,0.0,7.8,0.0,45.8,15.179998
2026-04-06 03:00:00+00:00,325,6,0.0,11.1,0.0,46.56,15.639999
2026-04-06 03:00:00+00:00,391,6,0.0,8.9,0.0,46.7,16.099998
2026-04-06 03:00:00+00:00,422,6,0.0,7.7,0.0,46.24,15.219999
2026-04-06 03:00:00+00:00,425,6,0.0,9.1,0.0,45.94,15.519999
2026-04-06 03:00:00+00:00,426,6,0.0,8.2,0.0,45.54,13.719999
2026-04-06 06:00:00+00:00,63,24,81.5,9.9,0.0,46.420002,14.08
2026-04-06 06:00:00+00:00,76,24,80.3,8.6,0.0,46.34,14.199999
2026-04-06 06:00:00+00:00,106,24,87.3,9.0,0.0,46.260002,14.4
2026-04-06 06:00:00+00:00,122,24,88.3,7.3,0.0,46.02,14.459999
2026-04-06 06:00:00+00:00,127,24,87.8,9.7,0.0,46.12,14.519999
2026-04-06 06:00:00+00:00,129,24,89.0,7.8,0.0,46.02,14.519999
2026-04-06 06:00:00+00:00,177,24,103.5,11.4,0.0,45.6,14.859999
2026-04-06 06:00:00+00:00,194,24,68.5,9.5,0.0,46.52,15.039999
2026-04-06 06:00:00+00:00,236,24,91.8,5.8,0.0,45.8,15.179998
2026-04-06 06:00:00+00:00,325,24,68.0,10.8,0.0,46.56,15.639999
2026-04-06 06:00:00+00:00,391,24,84.8,10.6,0.0,46.7,16.099998
2026-04-06 06:00:00+00:00,422,24,86.5,6.6,0.0,46.24,15.219999
2026-04-06 06:00:00+00:00,425,24,93.0,8.8,0.0,45.94,15.519999
2026-04-06 06:00:00+00:00,426,24,86.0,8.6,0.0,45.54,13.719999
2026-04-06 09:00:00+00:00,63,24,425.5,16.6,0.0,46.420002,14.08
2026-04-06 09:00:00+00:00,76,24,470.5,16.2,0.0,46.34,14.199999
2026-04-06 09:00:00+00:00,106,24,508.5,16.2,0.0,46.260002,14.4
2026-04-06 09:00:00+00:00,122,24,572.0,16.9,0.0,46.02,14.459999
2026-04-06 09:00:00+00:00,127,24,527.8,16.6,0.0,46.12,14.519999
2026-04-06 09:00:00+00:00,129,24,558.8,16.7,0.0,46.02,14.519999
2026-04-06 09:00:00+00:00,177,24,608.5,15.9,0.0,45.6,14.859999
2026-04-06 09:00:00+00:00,194,24,492.5,18.4,0.0,46.52,15.039999
2026-04-06 09:00:00+00:00,236,24,589.0,19.0,0.0,45.8,15.179998
2026-04-06 09:00:00+00:00,325,24,457.5,17.2,0.0,46.56,15.639999
2026-04-06 09:00:00+00:00,391,24,327.0,15.9,0.0,46.7,16.099998
2026-04-06 09:00:00+00:00,422,24,570.8,18.2,0.0,46.24,15.219999
2026-04-06 09:00:00+00:00,425,24,592.3,18.5,0.0,45.94,15.519999
2026-04-06 09:00:00+00:00,426,24,578.3,16.5,0.0,45.54,13.719999
2026-04-06 12:00:00+00:00,63,24,762.5,20.4,0.0,46.420002,14.08
2026-04-06 12:00:00+00:00,76,24,782.5,20.7,0.0,46.34,14.199999
2026-04-06 12:00:00+00:00,106,24,773.5,21.3,0.0,46.260002,14.4
2026-04-06 12:00:00+00:00,122,24,775.8,22.6,0.0,46.02,14.459999
2026-04-06 12:00:00+00:00,127,24,774.0,21.7,0.0,46.12,14.519999
2026-04-06 12:00:00+00:00,129,24,774.3,22.6,0.0,46.02,14.519999
2026-04-06 12:00:00+00:00,177,24,789.8,19.2,0.0,45.6,14.859999
2026-04-06 12:00:00+00:00,194,24,753.5,21.2,0.0,46.52,15.039999
2026-04-06 12:00:00+00:00,236,24,772.0,22.9,0.0,45.8,15.179998
2026-04-06 12:00:00+00:00,325,24,746.8,20.0,0.0,46.56,15.639999
2026-04-06 12:00:00+00:00,391,24,751.3,20.0,0.0,46.7,16.099998
2026-04-06 12:00:00+00:00,422,24,763.5,21.6,0.0,46.24,15.219999
2026-04-06 12:00:00+00:00,425,24,762.8,21.6,0.0,45.94,15.519999
2026-04-06 12:00:00+00:00,426,24,761.0,17.9,0.0,45.54,13.719999
2026-04-06 15:00:00+00:00,63,24,404.3,20.9,0.0,46.420002,14.08
2026-04-06 15:00:00+00:00,76,24,438.8,21.5,0.0,46.34,14.199999
2026-04-06 15:00:00+00:00,106,24,455.5,22.4,0.0,46.260002,14.4
2026-04-06 15:00:00+00:00,122,24,460.5,23.6,0.0,46.02,14.459999
2026-04-06 15:00:00+00:00,127,24,455.8,22.7,0.0,46.12,14.519999
2026-04-06 15:00:00+00:00,129,24,470.5,23.6,0.0,46.02,14.519999
2026-04-06 15:00:00+00:00,177,24,321.5,18.7,0.0,45.6,14.859999
2026-04-06 15:00:00+00:00,194,24,431.3,21.0,0.0,46.52,15.039999
2026-04-06 15:00:00+00:00,236,24,410.5,23.2,0.0,45.8,15.179998
2026-04-06 15:00:00+00:00,325,24,319.3,20.7,0.0,46.56,15.639999
2026-04-06 15:00:00+00:00,391,24,223.8,19.8,0.0,46.7,16.099998
2026-04-06 15:00:00+00:00,422,24,410.0,22.0,0.0,46.24,15.219999
2026-04-06 15:00:00+00:00,425,24,457.3,22.5,0.0,45.94,15.519999
2026-04-06 15:00:00+00:00,426,24,467.5,16.7,0.0,45.54,13.719999
2026-04-06 18:00:00+00:00,63,24,9.0,16.9,0.0,46.420002,14.08
2026-04-06 18:00:00+00:00,76,24,9.8,15.3,0.0,46.34,14.199999
2026-04-06 18:00:00+00:00,106,24,9.5,16.3,0.0,46.260002,14.4
2026-04-06 18:00:00+00:00,122,24,11.0,17.3,0.0,46.02,14.459999
2026-04-06 18:00:00+00:00,127,24,10.5,17.5,0.0,46.12,14.519999
2026-04-06 18:00:00+00:00,129,24,10.8,17.9,0.0,46.02,14.519999
2026-04-06 18:00:00+00:00,177,24,10.5,14.3,0.0,45.6,14.859999
2026-04-06 18:00:00+00:00,194,24,5.8,17.0,0.0,46.52,15.039999
2026-04-06 18:00:00+00:00,236,24,8.8,17.8,0.0,45.8,15.179998
2026-04-06 18:00:00+00:00,325,24,4.0,17.9,0.0,46.56,15.639999
2026-04-06 18:00:00+00:00,391,24,4.8,17.1,0.0,46.7,16.099998
2026-04-06 18:00:00+00:00,422,24,4.3,18.1,0.0,46.24,15.219999
2026-04-06 18:00:00+00:00,425,24,6.0,17.5,0.0,45.94,15.519999
2026-04-06 18:00:00+00:00,426,24,12.3,15.4,0.0,45.54,13.719999
2026-04-06 21:00:00+00:00,63,24,0.0,11.9,0.0,46.420002,14.08
2026-04-06 21:00:00+00:00,76,24,0.0,11.7,0.0,46.34,14.199999
2026-04-06 21:00:00+00:00,106,24,0.0,13.2,0.0,46.260002,14.4
2026-04-06 21:00:00+00:00,122,24,0.0,10.3,0.0,46.02,14.459999
2026-04-06 21:00:00+00:00,127,24,0.0,14.8,0.0,46.12,14.519999
2026-04-06 21:00:00+00:00,129,24,0.0,12.9,0.0,46.02,14.519999
2026-04-06 21:00:00+00:00,177,24,0.0,11.2,0.0,45.6,14.859999
2026-04-06 21:00:00+00:00,194,24,0.0,12.5,0.0,46.52,15.039999
2026-04-06 21:00:00+00:00,236,24,0.0,13.3,0.0,45.8,15.179998
2026-04-06 21:00:00+00:00,325,24,0.0,15.2,0.0,46.56,15.639999
2026-04-06 21:00:00+00:00,391,24,0.0,11.6,0.0,46.7,16.099998
2026-04-06 21:00:00+00:00,422,24,0.0,14.1,0.0,46.24,15.219999
2026-04-06 21:00:00+00:00,425,24,0.3,14.6,0.0,45.94,15.519999
2026-04-06 21:00:00+00:00,426,24,0.0,12.2,0.0,45.54,13.719999
2026-04-06 01:00:00+00:00,63,1,0.0,7.1,0.0,46.420002,14.08
2026-04-06 01:00:00+00:00,76,1,0.0,7.7,0.0,46.34,14.199999
2026-04-06 01:00:00+00:00,106,1,0.0,8.0,0.0,46.260002,14.4
2026-04-06 01:00:00+00:00,122,1,0.0,9.1,0.0,46.02,14.459999
2026-04-06 01:00:00+00:00,127,1,0.0,9.7,0.0,46.12,14.519999
2026-04-06 01:00:00+00:00,129,1,0.0,8.1,0.0,46.02,14.519999
2026-04-06 01:00:00+00:00,177,1,0.0,10.7,0.0,45.6,14.859999
2026-04-06 01:00:00+00:00,194,1,0.0,9.6,0.0,46.52,15.039999
2026-04-06 01:00:00+00:00,236,1,0.0,8.2,0.0,45.8,15.179998
2026-04-06 01:00:00+00:00,325,1,0.0,9.6,0.0,46.56,15.639999
2026-04-06 01:00:00+00:00,391,1,0.0,7.9,0.0,46.7,16.099998
2026-04-06 01:00:00+00:00,422,1,0.0,8.1,0.0,46.24,15.219999
2026-04-06 01:00:00+00:00,425,1,0.0,9.0,0.0,45.94,15.519999
2026-04-06 01:00:00+00:00,426,1,0.0,8.4,0.0,45.54,13.719999
2026-04-06 02:00:00+00:00,63,2,0.0,7.4,0.0,46.420002,14.08
2026-04-06 02:00:00+00:00,76,2,0.0,7.0,0.0,46.34,14.199999
2026-04-06 02:00:00+00:00,106,2,0.0,6.4,0.0,46.260002,14.4
2026-04-06 02:00:00+00:00,122,2,0.0,8.0,0.0,46.02,14.459999
2026-04-06 02:00:00+00:00,127,2,0.0,9.5,0.0,46.12,14.519999
2026-04-06 02:00:00+00:00,129,2,0.0,9.0,0.0,46.02,14.519999
2026-04-06 02:00:00+00:00,177,2,0.0,11.2,0.0,45.6,14.859999
2026-04-06 02:00:00+00:00,194,2,0.0,9.5,0.0,46.52,15.039999
2026-04-06 02:00:00+00:00,236,2,0.0,7.8,0.0,45.8,15.179998
2026-04-06 02:00:00+00:00,325,2,0.0,12.3,0.0,46.56,15.639999
2026-04-06 02:00:00+00:00,391,2,0.0,8.1,0.0,46.7,16.099998
2026-04-06 02:00:00+00:00,422,2,0.0,7.6,0.0,46.24,15.219999
2026-04-06 02:00:00+00:00,425,2,0.0,8.8,0.0,45.94,15.519999
2026-04-06 02:00:00+00:00,426,2,0.0,8.3,0.0,45.54,13.719999
2026-04-06 03:00:00+00:00,63,3,0.0,7.8,0.0,46.420002,14.08
2026-04-06 03:00:00+00:00,76,3,0.0,6.8,0.0,46.34,14.199999
2026-04-06 03:00:00+00:00,106,3,0.0,7.1,0.0,46.260002,14.4
2026-04-06 03:00:00+00:00,122,3,0.0,6.6,0.0,46.02,14.459999
2026-04-06 03:00:00+00:00,127,3,0.0,9.6,0.0,46.12,14.519999
2026-04-06 03:00:00+00:00,129,3,0.0,9.2,0.0,46.02,14.519999
2026-04-06 03:00:00+00:00,177,3,0.0,11.3,0.0,45.6,14.859999
2026-04-06 03:00:00+00:00,194,3,0.0,8.1,0.0,46.52,15.039999
2026-04-06 03:00:00+00:00,236,3,0.0,7.4,0.0,45.8,15.179998
2026-04-06 03:00:00+00:00,325,3,0.0,11.4,0.0,46.56,15.639999
2026-04-06 03:00:00+00:00,391,3,0.0,8.6,0.0,46.7,16.099998
2026-04-06 03:00:00+00:00,422,3,0.0,7.1,0.0,46.24,15.219999
2026-04-06 03:00:00+00:00,425,3,0.0,9.2,0.0,45.94,15.519999
2026-04-06 03:00:00+00:00,426,3,0.0,7.7,0.0,45.54,13.719999
2026-04-06 06:00:00+00:00,63,6,92.3,10.9,0.0,46.420002,14.08
2026-04-06 06:00:00+00:00,76,6,85.8,9.3,0.0,46.34,14.199999
2026-04-06 06:00:00+00:00,106,6,92.0,7.9,0.0,46.260002,14.4
2026-04-06 06:00:00+00:00,122,6,90.3,7.7,0.0,46.02,14.459999
2026-04-06 06:00:00+00:00,127,6,94.5,10.1,0.0,46.12,14.519999
2026-04-06 06:00:00+00:00,129,6,92.0,8.2,0.0,46.02,14.519999
2026-04-06 06:00:00+00:00,177,6,100.8,12.7,0.0,45.6,14.859999
2026-04-06 06:00:00+00:00,194,6,60.5,11.1,0.0,46.52,15.039999
2026-04-06 06:00:00+00:00,236,6,93.8,7.9,0.0,45.8,15.179998
2026-04-06 06:00:00+00:00,325,6,68.5,11.7,0.0,46.56,15.639999
2026-04-06 06:00:00+00:00,391,6,64.3,9.8,0.0,46.7,16.099998
2026-04-06 06:00:00+00:00,422,6,82.8,7.3,0.0,46.24,15.219999
2026-04-06 06:00:00+00:00,425,6,92.0,10.1,0.0,45.94,15.519999
2026-04-06 06:00:00+00:00,426,6,83.3,8.0,0.0,45.54,13.719999
2026-04-06 07:00:00+00:00,63,1,219.0,16.0,0.0,46.420002,14.08
2026-04-06 07:00:00+00:00,76,1,220.5,11.2,0.0,46.34,14.199999
2026-04-06 07:00:00+00:00,106,1,243.8,10.7,0.0,46.260002,14.4
2026-04-06 07:00:00+00:00,122,1,245.3,11.0,0.0,46.02,14.459999
2026-04-06 07:00:00+00:00,127,1,255.5,12.3,0.0,46.12,14.519999
2026-04-06 07:00:00+00:00,129,1,246.8,11.1,0.0,46.02,14.519999
2026-04-06 07:00:00+00:00,177,1,271.5,14.1,0.0,45.6,14.859999
2026-04-06 07:00:00+00:00,194,1,192.8,13.9,0.0,46.52,15.039999
2026-04-06 07:00:00+00:00,236,1,250.8,12.3,0.0,45.8,15.179998
2026-04-06 07:00:00+00:00,325,1,152.8,14.2,0.0,46.56,15.639999
2026-04-06 07:00:00+00:00,391,1,150.3,12.0,0.0,46.7,16.099998
2026-04-06 07:00:00+00:00,422,1,202.8,11.0,0.0,46.24,15.219999
2026-04-06 07:00:00+00:00,425,1,247.3,14.3,0.0,45.94,15.519999
2026-04-06 07:00:00+00:00,426,1,244.8,12.2,0.0,45.54,13.719999
2026-04-06 08:00:00+00:00,63,2,363.0,17.7,0.0,46.420002,14.08
2026-04-06 08:00:00+00:00,76,2,363.3,13.6,0.0,46.34,14.199999
2026-04-06 08:00:00+00:00,106,2,392.5,13.9,0.0,46.260002,14.4
2026-04-06 08:00:00+00:00,122,2,422.8,14.6,0.0,46.02,14.459999
2026-04-06 08:00:00+00:00,127,2,426.8,14.9,0.0,46.12,14.519999
2026-04-06 08:00:00+00:00,129,2,425.3,14.4,0.0,46.02,14.519999
2026-04-06 08:00:00+00:00,177,2,456.0,15.6,0.0,45.6,14.859999
2026-04-06 08:00:00+00:00,194,2,231.0,15.9,0.0,46.52,15.039999
2026-04-06 08:00:00+00:00,236,2,435.0,16.8,0.0,45.8,15.179998
2026-04-06 08:00:00+00:00,325,2,203.0,15.8,0.0,46.56,15.639999
2026-04-06 08:00:00+00:00,391,2,238.5,14.4,0.0,46.7,16.099998
2026-04-06 08:00:00+00:00,422,2,353.5,14.7,0.0,46.24,15.219999
2026-04-06 08:00:00+00:00,425,2,383.3,16.5,0.0,45.94,15.519999
2026-04-06 08:00:00+00:00,426,2,417.5,15.3,0.0,45.54,13.719999
2026-04-06 09:00:00+00:00,63,3,569.5,17.8,0.0,46.420002,14.08
2026-04-06 09:00:00+00:00,76,3,526.8,16.3,0.0,46.34,14.199999
2026-04-06 09:00:00+00:00,106,3,537.8,16.3,0.0,46.260002,14.4
2026-04-06 09:00:00+00:00,122,3,571.3,17.7,0.0,46.02,14.459999
2026-04-06 09:00:00+00:00,127,3,559.8,17.0,0.0,46.12,14.519999
2026-04-06 09:00:00+00:00,129,3,570.3,17.4,0.0,46.02,14.519999
2026-04-06 09:00:00+00:00,177,3,617.3,17.1,0.0,45.6,14.859999
2026-04-06 09:00:00+00:00,194,3,433.8,18.1,0.0,46.52,15.039999
2026-04-06 09:00:00+00:00,236,3,593.3,19.4,0.0,45.8,15.179998
2026-04-06 09:00:00+00:00,325,3,392.3,17.6,0.0,46.56,15.639999
2026-04-06 09:00:00+00:00,391,3,567.3,18.0,0.0,46.7,16.099998
2026-04-06 09:00:00+00:00,422,3,510.5,18.2,0.0,46.24,15.219999
2026-04-06 09:00:00+00:00,425,3,548.3,19.0,0.0,45.94,15.519999
2026-04-06 09:00:00+00:00,426,3,570.0,16.6,0.0,45.54,13.719999
2026-04-06 10:00:00+00:00,63,1,704.5,18.7,0.0,46.420002,14.08
2026-04-06 10:00:00+00:00,76,1,691.8,18.6,0.0,46.34,14.199999
2026-04-06 10:00:00+00:00,106,1,697.8,18.7,0.0,46.260002,14.4
2026-04-06 10:00:00+00:00,122,1,700.0,20.4,0.0,46.02,14.459999
2026-04-06 10:00:00+00:00,127,1,701.0,19.5,0.0,46.12,14.519999
2026-04-06 10:00:00+00:00,129,1,699.3,20.1,0.0,46.02,14.519999
2026-04-06 10:00:00+00:00,177,1,728.8,18.4,0.0,45.6,14.859999
2026-04-06 10:00:00+00:00,194,1,633.5,20.1,0.0,46.52,15.039999
2026-04-06 10:00:00+00:00,236,1,703.5,22.0,0.0,45.8,15.179998
2026-04-06 10:00:00+00:00,325,1,601.8,19.5,0.0,46.56,15.639999
2026-04-06 10:00:00+00:00,391,1,537.5,18.6,0.0,46.7,16.099998
2026-04-06 10:00:00+00:00,422,1,639.3,21.1,0.0,46.24,15.219999
2026-04-06 10:00:00+00:00,425,1,688.0,21.1,0.0,45.94,15.519999
2026-04-06 10:00:00+00:00,426,1,675.5,18.3,0.0,45.54,13.719999
2026-04-06 11:00:00+00:00,63,2,763.5,20.1,0.0,46.420002,14.08
2026-04-06 11:00:00+00:00,76,2,755.5,20.4,0.0,46.34,14.199999
2026-04-06 11:00:00+00:00,106,2,767.3,20.7,0.0,46.260002,14.4
2026-04-06 11:00:00+00:00,122,2,766.8,22.2,0.0,46.02,14.459999
2026-04-06 11:00:00+00:00,127,2,768.5,21.4,0.0,46.12,14.519999
2026-04-06 11:00:00+00:00,129,2,766.0,21.9,0.0,46.02,14.519999
2026-04-06 11:00:00+00:00,177,2,788.5,18.9,0.0,45.6,14.859999
2026-04-06 11:00:00+00:00,194,2,738.3,21.7,0.0,46.52,15.039999
2026-04-06 11:00:00+00:00,236,2,766.5,23.3,0.0,45.8,15.179998
2026-04-06 11:00:00+00:00,325,2,677.8,20.3,0.0,46.56,15.639999
2026-04-06 11:00:00+00:00,391,2,553.8,19.5,0.0,46.7,16.099998
2026-04-06 11:00:00+00:00,422,2,745.5,22.2,0.0,46.24,15.219999
2026-04-06 11:00:00+00:00,425,2,758.5,22.2,0.0,45.94,15.519999
2026-04-06 11:00:00+00:00,426,2,739.0,17.6,0.0,45.54,13.719999
2026-04-06 12:00:00+00:00,63,3,768.0,21.1,0.0,46.420002,14.08
2026-04-06 12:00:00+00:00,63,6,725.5,21.1,0.0,46.420002,14.08
2026-04-06 12:00:00+00:00,76,3,779.3,21.6,0.0,46.34,14.199999
2026-04-06 12:00:00+00:00,76,6,769.5,21.6,0.0,46.34,14.199999
2026-04-06 12:00:00+00:00,106,3,777.5,22.1,0.0,46.260002,14.4
2026-04-06 12:00:00+00:00,106,6,773.8,22.2,0.0,46.260002,14.4
2026-04-06 12:00:00+00:00,122,3,765.8,23.3,0.0,46.02,14.459999
2026-04-06 12:00:00+00:00,122,6,772.3,23.2,0.0,46.02,14.459999
2026-04-06 12:00:00+00:00,127,3,774.8,22.3,0.0,46.12,14.519999
2026-04-06 12:00:00+00:00,127,6,776.8,22.3,0.0,46.12,14.519999
2026-04-06 12:00:00+00:00,129,3,766.8,22.9,0.0,46.02,14.519999
2026-04-06 12:00:00+00:00,129,6,771.5,23.0,0.0,46.02,14.519999
2026-04-06 12:00:00+00:00,177,3,772.0,19.4,0.0,45.6,14.859999
2026-04-06 12:00:00+00:00,177,6,663.5,18.3,0.0,45.6,14.859999
2026-04-06 12:00:00+00:00,194,3,738.0,22.5,0.0,46.52,15.039999
2026-04-06 12:00:00+00:00,194,6,724.0,22.0,0.0,46.52,15.039999
2026-04-06 12:00:00+00:00,236,3,758.8,23.9,0.0,45.8,15.179998
2026-04-06 12:00:00+00:00,236,6,770.5,23.8,0.0,45.8,15.179998
2026-04-06 12:00:00+00:00,325,3,739.3,20.9,0.0,46.56,15.639999
2026-04-06 12:00:00+00:00,325,6,708.0,20.4,0.0,46.56,15.639999
2026-04-06 12:00:00+00:00,391,3,742.0,20.4,0.0,46.7,16.099998
2026-04-06 12:00:00+00:00,391,6,733.3,20.3,0.0,46.7,16.099998
2026-04-06 12:00:00+00:00,422,3,756.5,22.8,0.0,46.24,15.219999
2026-04-06 12:00:00+00:00,422,6,755.0,22.2,0.0,46.24,15.219999
2026-04-06 12:00:00+00:00,425,3,742.3,22.5,0.0,45.94,15.519999
2026-04-06 12:00:00+00:00,425,6,757.5,22.7,0.0,45.94,15.519999
2026-04-06 12:00:00+00:00,426,3,755.0,17.6,0.0,45.54,13.719999
2026-04-06 12:00:00+00:00,426,6,755.8,17.2,0.0,45.54,13.719999
2026-04-06 13:00:00+00:00,63,1,706.3,21.1,0.0,46.420002,14.08
2026-04-06 13:00:00+00:00,76,1,716.5,21.9,0.0,46.34,14.199999
2026-04-06 13:00:00+00:00,106,1,726.8,22.8,0.0,46.260002,14.4
2026-04-06 13:00:00+00:00,122,1,715.5,23.8,0.0,46.02,14.459999
2026-04-06 13:00:00+00:00,127,1,727.0,23.1,0.0,46.12,14.519999
2026-04-06 13:00:00+00:00,129,1,706.3,23.8,0.0,46.02,14.519999
2026-04-06 13:00:00+00:00,177,1,555.3,19.6,0.0,45.6,14.859999
2026-04-06 13:00:00+00:00,194,1,613.8,22.3,0.0,46.52,15.039999
2026-04-06 13:00:00+00:00,236,1,680.0,24.2,0.0,45.8,15.179998
2026-04-06 13:00:00+00:00,325,1,689.5,21.6,0.0,46.56,15.639999
2026-04-06 13:00:00+00:00,391,1,697.5,21.2,0.0,46.7,16.099998
2026-04-06 13:00:00+00:00,422,1,701.0,23.6,0.0,46.24,15.219999
2026-04-06 13:00:00+00:00,425,1,691.3,23.3,0.0,45.94,15.519999
2026-04-06 13:00:00+00:00,426,1,712.3,19.2,0.0,45.54,13.719999
2026-04-06 14:00:00+00:00,63,2,525.5,21.2,0.0,46.420002,14.08
2026-04-06 14:00:00+00:00,76,2,521.3,21.6,0.0,46.34,14.199999
2026-04-06 14:00:00+00:00,106,2,548.8,22.6,0.0,46.260002,14.4
2026-04-06 14:00:00+00:00,122,2,620.5,24.2,0.0,46.02,14.459999
2026-04-06 14:00:00+00:00,127,2,624.8,23.4,0.0,46.12,14.519999
2026-04-06 14:00:00+00:00,129,2,620.8,24.3,0.0,46.02,14.519999
2026-04-06 14:00:00+00:00,177,2,385.3,19.2,0.0,45.6,14.859999
2026-04-06 14:00:00+00:00,194,2,541.5,22.5,0.0,46.52,15.039999
2026-04-06 14:00:00+00:00,236,2,557.8,24.2,0.0,45.8,15.179998
2026-04-06 14:00:00+00:00,325,2,572.3,21.7,0.0,46.56,15.639999
2026-04-06 14:00:00+00:00,391,2,584.0,21.3,0.0,46.7,16.099998
2026-04-06 14:00:00+00:00,422,2,544.8,22.8,0.0,46.24,15.219999
2026-04-06 14:00:00+00:00,425,2,599.0,23.5,0.0,45.94,15.519999
2026-04-06 14:00:00+00:00,426,2,611.3,17.4,0.0,45.54,13.719999
2026-04-06 15:00:00+00:00,63,3,473.5,20.8,0.0,46.420002,14.08
2026-04-06 15:00:00+00:00,63,6,458.3,20.8,0.0,46.420002,14.08
2026-04-06 15:00:00+00:00,76,3,409.5,21.6,0.0,46.34,14.199999
2026-04-06 15:00:00+00:00,76,6,456.5,21.6,0.0,46.34,14.199999
2026-04-06 15:00:00+00:00,106,3,319.3,22.5,0.0,46.260002,14.4
2026-04-06 15:00:00+00:00,106,6,455.0,22.7,0.0,46.260002,14.4
2026-04-06 15:00:00+00:00,122,3,434.5,23.7,0.0,46.02,14.459999
2026-04-06 15:00:00+00:00,122,6,439.0,23.8,0.0,46.02,14.459999
2026-04-06 15:00:00+00:00,127,3,389.3,22.8,0.0,46.12,14.519999
2026-04-06 15:00:00+00:00,127,6,455.5,22.9,0.0,46.12,14.519999
2026-04-06 15:00:00+00:00,129,3,445.5,23.9,0.0,46.02,14.519999
2026-04-06 15:00:00+00:00,129,6,425.0,23.8,0.0,46.02,14.519999
2026-04-06 15:00:00+00:00,177,3,296.3,18.9,0.0,45.6,14.859999
2026-04-06 15:00:00+00:00,177,6,347.3,17.9,0.0,45.6,14.859999
2026-04-06 15:00:00+00:00,194,3,456.3,21.9,0.0,46.52,15.039999
2026-04-06 15:00:00+00:00,194,6,453.3,21.1,0.0,46.52,15.039999
2026-04-06 15:00:00+00:00,236,3,454.0,23.7,0.0,45.8,15.179998
2026-04-06 15:00:00+00:00,236,6,444.3,23.6,0.0,45.8,15.179998
2026-04-06 15:00:00+00:00,325,3,445.0,21.5,0.0,46.56,15.639999
2026-04-06 15:00:00+00:00,325,6,431.5,21.2,0.0,46.56,15.639999
2026-04-06 15:00:00+00:00,391,3,378.0,20.6,0.0,46.7,16.099998
2026-04-06 15:00:00+00:00,391,6,335.5,20.6,0.0,46.7,16.099998
2026-04-06 15:00:00+00:00,422,3,262.8,22.1,0.0,46.24,15.219999
2026-04-06 15:00:00+00:00,422,6,255.3,21.6,0.0,46.24,15.219999
2026-04-06 15:00:00+00:00,425,3,454.0,23.2,0.0,45.94,15.519999
2026-04-06 15:00:00+00:00,425,6,455.3,22.9,0.0,45.94,15.519999
2026-04-06 15:00:00+00:00,426,3,466.8,17.1,0.0,45.54,13.719999
2026-04-06 15:00:00+00:00,426,6,465.5,16.9,0.0,45.54,13.719999
2026-04-06 16:00:00+00:00,63,1,305.5,20.2,0.0,46.420002,14.08
2026-04-06 16:00:00+00:00,76,1,298.3,21.2,0.0,46.34,14.199999
2026-04-06 16:00:00+00:00,106,1,266.8,22.2,0.0,46.260002,14.4
2026-04-06 16:00:00+00:00,122,1,291.3,23.3,0.0,46.02,14.459999
2026-04-06 16:00:00+00:00,127,1,285.0,22.5,0.0,46.12,14.519999
2026-04-06 16:00:00+00:00,129,1,283.0,23.5,0.0,46.02,14.519999
2026-04-06 16:00:00+00:00,177,1,176.0,18.3,0.0,45.6,14.859999
2026-04-06 16:00:00+00:00,194,1,259.5,21.7,0.0,46.52,15.039999
2026-04-06 16:00:00+00:00,236,1,281.5,23.1,0.0,45.8,15.179998
2026-04-06 16:00:00+00:00,325,1,195.5,20.9,0.0,46.56,15.639999
2026-04-06 16:00:00+00:00,391,1,238.3,20.0,0.0,46.7,16.099998
2026-04-06 16:00:00+00:00,422,1,203.5,22.5,0.0,46.24,15.219999
2026-04-06 16:00:00+00:00,425,1,284.0,22.9,0.0,45.94,15.519999
2026-04-06 16:00:00+00:00,426,1,297.5,17.9,0.0,45.54,13.719999
2026-04-06 17:00:00+00:00,63,2,129.8,18.2,0.0,46.420002,14.08
2026-04-06 17:00:00+00:00,76,2,126.3,20.2,0.0,46.34,14.199999
2026-04-06 17:00:00+00:00,106,2,128.3,20.6,0.0,46.260002,14.4
2026-04-06 17:00:00+00:00,122,2,116.8,20.8,0.0,46.02,14.459999
2026-04-06 17:00:00+00:00,127,2,121.0,20.4,0.0,46.12,14.519999
2026-04-06 17:00:00+00:00,129,2,101.0,21.5,0.0,46.02,14.519999
2026-04-06 17:00:00+00:00,177,2,87.8,16.8,0.0,45.6,14.859999
2026-04-06 17:00:00+00:00,194,2,98.3,19.4,0.0,46.52,15.039999
2026-04-06 17:00:00+00:00,236,2,116.8,21.9,0.0,45.8,15.179998
2026-04-06 17:00:00+00:00,325,2,48.3,20.0,0.0,46.56,15.639999
2026-04-06 17:00:00+00:00,391,2,98.5,18.2,0.0,46.7,16.099998
2026-04-06 17:00:00+00:00,422,2,103.0,20.8,0.0,46.24,15.219999
2026-04-06 17:00:00+00:00,425,2,112.0,21.6,0.0,45.94,15.519999
2026-04-06 17:00:00+00:00,426,2,124.8,16.6,0.0,45.54,13.719999
2026-04-06 18:00:00+00:00,63,3,12.3,14.3,0.0,46.420002,14.08
2026-04-06 18:00:00+00:00,63,6,11.5,15.0,0.0,46.420002,14.08
2026-04-06 18:00:00+00:00,76,3,11.8,14.2,0.0,46.34,14.199999
2026-04-06 18:00:00+00:00,76,6,11.8,14.4,0.0,46.34,14.199999
2026-04-06 18:00:00+00:00,106,3,11.8,15.7,0.0,46.260002,14.4
2026-04-06 18:00:00+00:00,106,6,11.5,16.1,0.0,46.260002,14.4
2026-04-06 18:00:00+00:00,122,3,11.0,17.2,0.0,46.02,14.459999
2026-04-06 18:00:00+00:00,122,6,10.3,17.6,0.0,46.02,14.459999
2026-04-06 18:00:00+00:00,127,3,11.3,17.7,0.0,46.12,14.519999
2026-04-06 18:00:00+00:00,127,6,10.5,18.2,0.0,46.12,14.519999
2026-04-06 18:00:00+00:00,129,3,10.5,17.9,0.0,46.02,14.519999
2026-04-06 18:00:00+00:00,129,6,10.8,17.9,0.0,46.02,14.519999
2026-04-06 18:00:00+00:00,177,3,9.3,14.5,0.0,45.6,14.859999
2026-04-06 18:00:00+00:00,177,6,9.3,13.9,0.0,45.6,14.859999
2026-04-06 18:00:00+00:00,194,3,6.3,17.6,0.0,46.52,15.039999
2026-04-06 18:00:00+00:00,194,6,7.0,16.7,0.0,46.52,15.039999
2026-04-06 18:00:00+00:00,236,3,8.8,18.1,0.0,45.8,15.179998
2026-04-06 18:00:00+00:00,236,6,8.5,18.0,0.0,45.8,15.179998
2026-04-06 18:00:00+00:00,325,3,5.5,17.9,0.0,46.56,15.639999
2026-04-06 18:00:00+00:00,325,6,3.3,18.4,0.0,46.56,15.639999
2026-04-06 18:00:00+00:00,391,3,5.8,16.2,0.0,46.7,16.099998
2026-04-06 18:00:00+00:00,391,6,4.5,16.4,0.0,46.7,16.099998
2026-04-06 18:00:00+00:00,422,3,7.8,18.5,0.0,46.24,15.219999
2026-04-06 18:00:00+00:00,422,6,6.3,17.7,0.0,46.24,15.219999
2026-04-06 18:00:00+00:00,425,3,7.8,17.8,0.0,45.94,15.519999
2026-04-06 18:00:00+00:00,425,6,6.8,17.4,0.0,45.94,15.519999
2026-04-06 18:00:00+00:00,426,3,12.5,15.3,0.0,45.54,13.719999
2026-04-06 18:00:00+00:00,426,6,12.3,14.9,0.0,45.54,13.719999
2026-04-06 19:00:00+00:00,63,1,0.0,15.1,0.0,46.420002,14.08
2026-04-06 19:00:00+00:00,76,1,0.0,13.1,0.0,46.34,14.199999
2026-04-06 19:00:00+00:00,106,1,0.0,13.8,0.0,46.260002,14.4
2026-04-06 19:00:00+00:00,122,1,0.0,16.0,0.0,46.02,14.459999
2026-04-06 19:00:00+00:00,127,1,0.0,16.8,0.0,46.12,14.519999
2026-04-06 19:00:00+00:00,129,1,0.0,16.2,0.0,46.02,14.519999
2026-04-06 19:00:00+00:00,177,1,0.0,13.4,0.0,45.6,14.859999
2026-04-06 19:00:00+00:00,194,1,0.0,16.0,0.0,46.52,15.039999
2026-04-06 19:00:00+00:00,236,1,0.0,15.8,0.0,45.8,15.179998
2026-04-06 19:00:00+00:00,325,1,0.0,16.4,0.0,46.56,15.639999
2026-04-06 19:00:00+00:00,391,1,0.0,14.8,0.0,46.7,16.099998
2026-04-06 19:00:00+00:00,422,1,0.0,16.9,0.0,46.24,15.219999
2026-04-06 19:00:00+00:00,425,1,0.0,16.9,0.0,45.94,15.519999
2026-04-06 19:00:00+00:00,426,1,0.0,14.9,0.0,45.54,13.719999
2026-04-06 20:00:00+00:00,63,2,0.0,13.6,0.0,46.420002,14.08
2026-04-06 20:00:00+00:00,76,2,0.0,12.5,0.0,46.34,14.199999
2026-04-06 20:00:00+00:00,106,2,0.0,13.6,0.0,46.260002,14.4
2026-04-06 20:00:00+00:00,122,2,0.0,13.8,0.0,46.02,14.459999
2026-04-06 20:00:00+00:00,127,2,0.0,14.7,0.0,46.12,14.519999
2026-04-06 20:00:00+00:00,129,2,0.0,15.7,0.0,46.02,14.519999
2026-04-06 20:00:00+00:00,177,2,0.0,13.0,0.0,45.6,14.859999
2026-04-06 20:00:00+00:00,194,2,0.0,15.3,0.0,46.52,15.039999
2026-04-06 20:00:00+00:00,236,2,0.0,14.3,0.0,45.8,15.179998
2026-04-06 20:00:00+00:00,325,2,0.0,15.6,0.0,46.56,15.639999
2026-04-06 20:00:00+00:00,391,2,0.0,13.5,0.0,46.7,16.099998
2026-04-06 20:00:00+00:00,422,2,0.0,16.7,0.0,46.24,15.219999
2026-04-06 20:00:00+00:00,425,2,0.0,16.9,0.0,45.94,15.519999
2026-04-06 20:00:00+00:00,426,2,0.0,12.9,0.0,45.54,13.719999
2026-04-06 21:00:00+00:00,63,3,0.0,10.8,0.0,46.420002,14.08
2026-04-06 21:00:00+00:00,63,6,0.0,10.4,0.0,46.420002,14.08
2026-04-06 21:00:00+00:00,76,3,0.0,10.6,0.0,46.34,14.199999
2026-04-06 21:00:00+00:00,76,6,0.0,10.2,0.0,46.34,14.199999
2026-04-06 21:00:00+00:00,106,3,0.0,12.7,0.0,46.260002,14.4
2026-04-06 21:00:00+00:00,106,6,0.0,11.6,0.0,46.260002,14.4
2026-04-06 21:00:00+00:00,122,3,0.0,12.6,0.0,46.02,14.459999
2026-04-06 21:00:00+00:00,122,6,0.0,12.0,0.0,46.02,14.459999
2026-04-06 21:00:00+00:00,127,3,0.0,14.9,0.0,46.12,14.519999
2026-04-06 21:00:00+00:00,127,6,0.0,14.2,0.0,46.12,14.519999
2026-04-06 21:00:00+00:00,129,3,0.0,13.8,0.0,46.02,14.519999
2026-04-06 21:00:00+00:00,129,6,0.0,13.6,0.0,46.02,14.519999
2026-04-06 21:00:00+00:00,177,3,0.0,12.6,0.0,45.6,14.859999
2026-04-06 21:00:00+00:00,177,6,0.0,11.3,0.0,45.6,14.859999
2026-04-06 21:00:00+00:00,194,3,0.0,14.1,0.0,46.52,15.039999
2026-04-06 21:00:00+00:00,194,6,0.0,12.9,0.0,46.52,15.039999
2026-04-06 21:00:00+00:00,236,3,0.0,13.2,0.0,45.8,15.179998
2026-04-06 21:00:00+00:00,236,6,0.0,12.7,0.0,45.8,15.179998
2026-04-06 21:00:00+00:00,325,3,0.0,14.8,0.0,46.56,15.639999
2026-04-06 21:00:00+00:00,325,6,0.0,14.8,0.0,46.56,15.639999
2026-04-06 21:00:00+00:00,391,3,0.0,12.8,0.0,46.7,16.099998
2026-04-06 21:00:00+00:00,391,6,0.0,12.5,0.0,46.7,16.099998
2026-04-06 21:00:00+00:00,422,3,0.0,15.7,0.0,46.24,15.219999
2026-04-06 21:00:00+00:00,422,6,0.0,14.8,0.0,46.24,15.219999
2026-04-06 21:00:00+00:00,425,3,0.0,15.7,0.0,45.94,15.519999
2026-04-06 21:00:00+00:00,425,6,0.0,15.1,0.0,45.94,15.519999
2026-04-06 21:00:00+00:00,426,3,0.0,11.7,0.0,45.54,13.719999
2026-04-06 21:00:00+00:00,426,6,0.0,12.0,0.0,45.54,13.719999
2026-04-06 22:00:00+00:00,63,1,0.0,8.9,0.0,46.420002,14.08
2026-04-06 22:00:00+00:00,76,1,0.0,10.8,0.0,46.34,14.199999
2026-04-06 22:00:00+00:00,106,1,0.0,12.6,0.0,46.260002,14.4
2026-04-06 22:00:00+00:00,122,1,0.0,10.3,0.0,46.02,14.459999
2026-04-06 22:00:00+00:00,127,1,0.0,14.0,0.0,46.12,14.519999
2026-04-06 22:00:00+00:00,129,1,0.0,10.6,0.0,46.02,14.519999
2026-04-06 22:00:00+00:00,177,1,0.0,10.4,0.0,45.6,14.859999
2026-04-06 22:00:00+00:00,194,1,0.0,11.3,0.0,46.52,15.039999
2026-04-06 22:00:00+00:00,236,1,0.0,13.2,0.0,45.8,15.179998
2026-04-06 22:00:00+00:00,325,1,0.0,14.3,0.0,46.56,15.639999
2026-04-06 22:00:00+00:00,391,1,0.0,11.9,0.0,46.7,16.099998
2026-04-06 22:00:00+00:00,422,1,0.0,13.8,0.0,46.24,15.219999
2026-04-06 22:00:00+00:00,425,1,0.0,13.8,0.0,45.94,15.519999
2026-04-06 22:00:00+00:00,426,1,0.0,10.5,0.0,45.54,13.719999
2026-04-06 23:00:00+00:00,63,2,0.0,9.6,0.0,46.420002,14.08
2026-04-06 23:00:00+00:00,76,2,0.0,10.4,0.0,46.34,14.199999
2026-04-06 23:00:00+00:00,106,2,0.0,11.7,0.0,46.260002,14.4
2026-04-06 23:00:00+00:00,122,2,0.0,10.0,0.0,46.02,14.459999
2026-04-06 23:00:00+00:00,127,2,0.0,13.0,0.0,46.12,14.519999
2026-04-06 23:00:00+00:00,129,2,0.0,11.6,0.0,46.02,14.519999
2026-04-06 23:00:00+00:00,177,2,0.0,9.9,0.0,45.6,14.859999
2026-04-06 23:00:00+00:00,194,2,0.0,10.6,0.0,46.52,15.039999
2026-04-06 23:00:00+00:00,236,2,0.0,10.6,0.0,45.8,15.179998
2026-04-06 23:00:00+00:00,325,2,0.0,13.7,0.0,46.56,15.639999
2026-04-06 23:00:00+00:00,391,2,0.0,10.5,0.0,46.7,16.099998
2026-04-06 23:00:00+00:00,422,2,0.0,12.7,0.0,46.24,15.219999
2026-04-06 23:00:00+00:00,425,2,0.0,11.7,0.0,45.94,15.519999
2026-04-06 23:00:00+00:00,426,2,0.0,10.1,0.0,45.54,13.719999
2026-04-07 00:00:00+00:00,63,3,0.0,8.3,0.0,46.420002,14.08
2026-04-07 00:00:00+00:00,63,6,0.0,9.9,0.0,46.420002,14.08
2026-04-07 00:00:00+00:00,63,24,0.0,9.0,0.0,46.420002,14.08
2026-04-07 00:00:00+00:00,76,3,0.0,9.7,0.0,46.34,14.199999
2026-04-07 00:00:00+00:00,76,6,0.0,8.9,0.0,46.34,14.199999
2026-04-07 00:00:00+00:00,76,24,0.0,9.4,0.0,46.34,14.199999
2026-04-07 00:00:00+00:00,106,3,0.0,11.1,0.0,46.260002,14.4
2026-04-07 00:00:00+00:00,106,6,0.0,10.7,0.0,46.260002,14.4
2026-04-07 00:00:00+00:00,106,24,0.0,9.2,0.0,46.260002,14.4
2026-04-07 00:00:00+00:00,122,3,0.0,10.1,0.0,46.02,14.459999
2026-04-07 00:00:00+00:00,122,6,0.0,9.9,0.0,46.02,14.459999
2026-04-07 00:00:00+00:00,122,24,0.0,7.4,0.0,46.02,14.459999
2026-04-07 00:00:00+00:00,127,3,0.0,12.2,0.0,46.12,14.519999
2026-04-07 00:00:00+00:00,127,6,0.0,12.2,0.0,46.12,14.519999
2026-04-07 00:00:00+00:00,127,24,0.0,12.9,0.0,46.12,14.519999
2026-04-07 00:00:00+00:00,129,3,0.0,11.7,0.0,46.02,14.519999
2026-04-07 00:00:00+00:00,129,6,0.0,11.5,0.0,46.02,14.519999
2026-04-07 00:00:00+00:00,129,24,0.0,8.1,0.0,46.02,14.519999
2026-04-07 00:00:00+00:00,177,3,0.0,9.5,0.0,45.6,14.859999
2026-04-07 00:00:00+00:00,177,6,0.0,9.6,0.0,45.6,14.859999
2026-04-07 00:00:00+00:00,177,24,0.0,9.6,0.0,45.6,14.859999
2026-04-07 00:00:00+00:00,194,3,0.0,9.5,0.0,46.52,15.039999
2026-04-07 00:00:00+00:00,194,6,0.0,10.4,0.0,46.52,15.039999
2026-04-07 00:00:00+00:00,194,24,0.0,11.0,0.0,46.52,15.039999
2026-04-07 00:00:00+00:00,236,3,0.0,9.8,0.0,45.8,15.179998
2026-04-07 00:00:00+00:00,236,6,0.0,9.5,0.0,45.8,15.179998
2026-04-07 00:00:00+00:00,236,24,0.0,10.8,0.0,45.8,15.179998
2026-04-07 00:00:00+00:00,325,3,0.0,12.1,0.0,46.56,15.639999
2026-04-07 00:00:00+00:00,325,6,0.0,12.0,0.0,46.56,15.639999
2026-04-07 00:00:00+00:00,325,24,0.3,12.8,0.0,46.56,15.639999
2026-04-07 00:00:00+00:00,391,3,0.0,9.6,0.0,46.7,16.099998
2026-04-07 00:00:00+00:00,391,6,0.0,8.9,0.0,46.7,16.099998
2026-04-07 00:00:00+00:00,391,24,0.3,9.0,0.0,46.7,16.099998
2026-04-07 00:00:00+00:00,422,3,0.0,11.8,0.0,46.24,15.219999
2026-04-07 00:00:00+00:00,422,6,0.0,13.0,0.0,46.24,15.219999
2026-04-07 00:00:00+00:00,422,24,0.0,10.2,0.0,46.24,15.219999
2026-04-07 00:00:00+00:00,425,3,0.0,10.5,0.0,45.94,15.519999
2026-04-07 00:00:00+00:00,425,6,0.0,11.7,0.0,45.94,15.519999
2026-04-07 00:00:00+00:00,425,24,0.0,11.6,0.0,45.94,15.519999
2026-04-07 00:00:00+00:00,426,3,0.0,10.4,0.0,45.54,13.719999
2026-04-07 00:00:00+00:00,426,6,0.0,10.3,0.0,45.54,13.719999
2026-04-07 00:00:00+00:00,426,24,0.0,9.9,0.0,45.54,13.719999
2026-04-07 03:00:00+00:00,63,6,0.0,8.2,0.0,46.420002,14.08
2026-04-07 03:00:00+00:00,76,6,0.0,8.2,0.0,46.34,14.199999
2026-04-07 03:00:00+00:00,106,6,0.0,8.7,0.0,46.260002,14.4
2026-04-07 03:00:00+00:00,122,6,0.0,9.2,0.0,46.02,14.459999
2026-04-07 03:00:00+00:00,127,6,0.0,10.4,0.0,46.12,14.519999
2026-04-07 03:00:00+00:00,129,6,0.0,10.0,0.0,46.02,14.519999
2026-04-07 03:00:00+00:00,177,6,0.0,8.1,0.0,45.6,14.859999
2026-04-07 03:00:00+00:00,194,6,0.0,7.6,0.0,46.52,15.039999
2026-04-07 03:00:00+00:00,236,6,0.0,7.6,0.0,45.8,15.179998
2026-04-07 03:00:00+00:00,325,6,0.0,11.1,0.0,46.56,15.639999
2026-04-07 03:00:00+00:00,391,6,0.0,5.6,0.0,46.7,16.099998
2026-04-07 03:00:00+00:00,422,6,0.0,9.5,0.0,46.24,15.219999
2026-04-07 03:00:00+00:00,425,6,0.0,10.0,0.0,45.94,15.519999
2026-04-07 03:00:00+00:00,426,6,0.0,9.9,0.0,45.54,13.719999
2026-04-07 06:00:00+00:00,63,24,85.0,9.7,0.0,46.420002,14.08
2026-04-07 06:00:00+00:00,76,24,71.0,10.0,0.0,46.34,14.199999
2026-04-07 06:00:00+00:00,106,24,58.8,10.8,0.0,46.260002,14.4
2026-04-07 06:00:00+00:00,122,24,82.5,10.1,0.0,46.02,14.459999
2026-04-07 06:00:00+00:00,127,24,93.5,11.1,0.0,46.12,14.519999
2026-04-07 06:00:00+00:00,129,24,92.3,10.4,0.0,46.02,14.519999
2026-04-07 06:00:00+00:00,177,24,103.8,8.4,0.0,45.6,14.859999
2026-04-07 06:00:00+00:00,194,24,69.5,10.7,0.0,46.52,15.039999
2026-04-07 06:00:00+00:00,236,24,79.8,9.9,0.0,45.8,15.179998
2026-04-07 06:00:00+00:00,325,24,100.5,10.5,0.0,46.56,15.639999
2026-04-07 06:00:00+00:00,391,24,94.5,8.9,0.0,46.7,16.099998
2026-04-07 06:00:00+00:00,422,24,77.3,11.2,0.0,46.24,15.219999
2026-04-07 06:00:00+00:00,425,24,74.8,10.8,0.0,45.94,15.519999
2026-04-07 06:00:00+00:00,426,24,86.3,11.2,0.0,45.54,13.719999
2026-04-07 09:00:00+00:00,63,24,590.0,14.6,0.0,46.420002,14.08
2026-04-07 09:00:00+00:00,76,24,584.3,15.0,0.0,46.34,14.199999
2026-04-07 09:00:00+00:00,106,24,598.3,15.5,0.0,46.260002,14.4
2026-04-07 09:00:00+00:00,122,24,598.3,16.5,0.0,46.02,14.459999
2026-04-07 09:00:00+00:00,127,24,599.0,15.8,0.0,46.12,14.519999
2026-04-07 09:00:00+00:00,129,24,598.5,16.6,0.0,46.02,14.519999
2026-04-07 09:00:00+00:00,177,24,604.8,12.7,0.0,45.6,14.859999
2026-04-07 09:00:00+00:00,194,24,506.8,15.3,0.0,46.52,15.039999
2026-04-07 09:00:00+00:00,236,24,584.8,16.6,0.0,45.8,15.179998
2026-04-07 09:00:00+00:00,325,24,590.8,14.0,0.0,46.56,15.639999
2026-04-07 09:00:00+00:00,391,24,606.0,14.4,0.0,46.7,16.099998
2026-04-07 09:00:00+00:00,422,24,604.8,15.9,0.0,46.24,15.219999
2026-04-07 09:00:00+00:00,425,24,607.0,16.5,0.0,45.94,15.519999
2026-04-07 09:00:00+00:00,426,24,563.3,18.3,0.0,45.54,13.719999
2026-04-07 12:00:00+00:00,63,24,775.5,18.7,0.0,46.420002,14.08
2026-04-07 12:00:00+00:00,76,24,767.3,18.6,0.0,46.34,14.199999
2026-04-07 12:00:00+00:00,106,24,779.5,19.2,0.0,46.260002,14.4
2026-04-07 12:00:00+00:00,122,24,778.5,20.5,0.0,46.02,14.459999
2026-04-07 12:00:00+00:00,127,24,781.8,19.5,0.0,46.12,14.519999
2026-04-07 12:00:00+00:00,129,24,778.3,20.4,0.0,46.02,14.519999
2026-04-07 12:00:00+00:00,177,24,787.0,16.5,0.0,45.6,14.859999
2026-04-07 12:00:00+00:00,194,24,765.3,19.3,0.0,46.52,15.039999
2026-04-07 12:00:00+00:00,236,24,774.8,21.0,0.0,45.8,15.179998
2026-04-07 12:00:00+00:00,325,24,759.5,17.5,0.0,46.56,15.639999
2026-04-07 12:00:00+00:00,391,24,766.8,17.4,0.0,46.7,16.099998
2026-04-07 12:00:00+00:00,422,24,774.0,19.7,0.0,46.24,15.219999
2026-04-07 12:00:00+00:00,425,24,773.3,19.5,0.0,45.94,15.519999
2026-04-07 12:00:00+00:00,426,24,758.8,19.8,0.0,45.54,13.719999
2026-04-07 15:00:00+00:00,63,24,480.3,19.8,0.0,46.420002,14.08
2026-04-07 15:00:00+00:00,76,24,466.5,20.2,0.0,46.34,14.199999
2026-04-07 15:00:00+00:00,106,24,475.0,21.1,0.0,46.260002,14.4
2026-04-07 15:00:00+00:00,122,24,479.5,22.7,0.0,46.02,14.459999
2026-04-07 15:00:00+00:00,127,24,479.0,21.3,0.0,46.12,14.519999
2026-04-07 15:00:00+00:00,129,24,479.3,22.6,0.0,46.02,14.519999
2026-04-07 15:00:00+00:00,177,24,492.3,17.6,0.0,45.6,14.859999
2026-04-07 15:00:00+00:00,194,24,461.0,20.4,0.0,46.52,15.039999
2026-04-07 15:00:00+00:00,236,24,471.8,22.2,0.0,45.8,15.179998
2026-04-07 15:00:00+00:00,325,24,454.3,19.8,0.0,46.56,15.639999
2026-04-07 15:00:00+00:00,391,24,452.8,19.1,0.0,46.7,16.099998
2026-04-07 15:00:00+00:00,422,24,467.8,21.5,0.0,46.24,15.219999
2026-04-07 15:00:00+00:00,425,24,461.0,20.9,0.0,45.94,15.519999
2026-04-07 15:00:00+00:00,426,24,472.0,16.7,0.0,45.54,13.719999
2026-04-07 18:00:00+00:00,63,24,13.5,14.8,0.0,46.420002,14.08
2026-04-07 18:00:00+00:00,76,24,12.5,15.8,0.0,46.34,14.199999
2026-04-07 18:00:00+00:00,106,24,12.5,15.9,0.0,46.260002,14.4
2026-04-07 18:00:00+00:00,122,24,11.8,17.2,0.0,46.02,14.459999
2026-04-07 18:00:00+00:00,127,24,12.3,17.3,0.0,46.12,14.519999
2026-04-07 18:00:00+00:00,129,24,11.8,17.7,0.0,46.02,14.519999
2026-04-07 18:00:00+00:00,177,24,11.5,14.0,0.0,45.6,14.859999
2026-04-07 18:00:00+00:00,194,24,10.0,15.8,0.0,46.52,15.039999
2026-04-07 18:00:00+00:00,236,24,9.5,17.5,0.0,45.8,15.179998
2026-04-07 18:00:00+00:00,325,24,8.8,16.7,0.0,46.56,15.639999
2026-04-07 18:00:00+00:00,391,24,7.3,14.5,0.0,46.7,16.099998
2026-04-07 18:00:00+00:00,422,24,9.5,17.1,0.0,46.24,15.219999
2026-04-07 18:00:00+00:00,425,24,8.5,16.5,0.0,45.94,15.519999
2026-04-07 18:00:00+00:00,426,24,13.8,16.1,0.0,45.54,13.719999
2026-04-07 21:00:00+00:00,63,24,0.0,11.2,0.0,46.420002,14.08
2026-04-07 21:00:00+00:00,76,24,0.0,10.8,0.0,46.34,14.199999
2026-04-07 21:00:00+00:00,106,24,0.0,10.8,0.0,46.260002,14.4
2026-04-07 21:00:00+00:00,122,24,0.0,12.2,0.0,46.02,14.459999
2026-04-07 21:00:00+00:00,127,24,0.5,13.3,0.0,46.12,14.519999
2026-04-07 21:00:00+00:00,129,24,0.3,14.1,0.0,46.02,14.519999
2026-04-07 21:00:00+00:00,177,24,0.0,11.6,0.0,45.6,14.859999
2026-04-07 21:00:00+00:00,194,24,0.3,11.7,0.0,46.52,15.039999
2026-04-07 21:00:00+00:00,236,24,0.3,13.1,0.0,45.8,15.179998
2026-04-07 21:00:00+00:00,325,24,0.0,10.9,0.0,46.56,15.639999
2026-04-07 21:00:00+00:00,391,24,0.0,11.1,0.0,46.7,16.099998
2026-04-07 21:00:00+00:00,422,24,0.0,13.2,0.0,46.24,15.219999
2026-04-07 21:00:00+00:00,425,24,0.3,14.0,0.0,45.94,15.519999
2026-04-07 21:00:00+00:00,426,24,0.0,12.1,0.0,45.54,13.719999
2026-04-07 01:00:00+00:00,63,1,0.0,8.9,0.0,46.420002,14.08
2026-04-07 01:00:00+00:00,76,1,0.0,8.9,0.0,46.34,14.199999
2026-04-07 01:00:00+00:00,106,1,0.0,11.2,0.0,46.260002,14.4
2026-04-07 01:00:00+00:00,122,1,0.0,9.9,0.0,46.02,14.459999
2026-04-07 01:00:00+00:00,127,1,0.0,11.7,0.0,46.12,14.519999
2026-04-07 01:00:00+00:00,129,1,0.0,12.0,0.0,46.02,14.519999
2026-04-07 01:00:00+00:00,177,1,0.0,8.6,0.0,45.6,14.859999
2026-04-07 01:00:00+00:00,194,1,0.0,9.1,0.0,46.52,15.039999
2026-04-07 01:00:00+00:00,236,1,0.0,10.0,0.0,45.8,15.179998
2026-04-07 01:00:00+00:00,325,1,0.0,11.2,0.0,46.56,15.639999
2026-04-07 01:00:00+00:00,391,1,0.0,8.1,0.0,46.7,16.099998
2026-04-07 01:00:00+00:00,422,1,0.0,11.1,0.0,46.24,15.219999
2026-04-07 01:00:00+00:00,425,1,0.0,11.1,0.0,45.94,15.519999
2026-04-07 01:00:00+00:00,426,1,0.0,10.2,0.0,45.54,13.719999
2026-04-07 02:00:00+00:00,63,2,0.0,8.0,0.0,46.420002,14.08
2026-04-07 02:00:00+00:00,76,2,0.0,8.6,0.0,46.34,14.199999
2026-04-07 02:00:00+00:00,106,2,0.0,9.2,0.0,46.260002,14.4
2026-04-07 02:00:00+00:00,122,2,0.0,9.7,0.0,46.02,14.459999
2026-04-07 02:00:00+00:00,127,2,0.0,10.9,0.0,46.12,14.519999
2026-04-07 02:00:00+00:00,129,2,0.0,11.3,0.0,46.02,14.519999
2026-04-07 02:00:00+00:00,177,2,0.0,8.2,0.0,45.6,14.859999
2026-04-07 02:00:00+00:00,194,2,0.0,8.4,0.0,46.52,15.039999
2026-04-07 02:00:00+00:00,236,2,0.0,9.2,0.0,45.8,15.179998
2026-04-07 02:00:00+00:00,325,2,0.0,10.8,0.0,46.56,15.639999
2026-04-07 02:00:00+00:00,391,2,0.0,6.6,0.0,46.7,16.099998
2026-04-07 02:00:00+00:00,422,2,0.0,10.0,0.0,46.24,15.219999
2026-04-07 02:00:00+00:00,425,2,0.0,11.1,0.0,45.94,15.519999
2026-04-07 02:00:00+00:00,426,2,0.0,9.7,0.0,45.54,13.719999
2026-04-07 03:00:00+00:00,63,3,0.0,7.6,0.0,46.420002,14.08
2026-04-07 03:00:00+00:00,76,3,0.0,8.6,0.0,46.34,14.199999
2026-04-07 03:00:00+00:00,106,3,0.0,9.5,0.0,46.260002,14.4
2026-04-07 03:00:00+00:00,122,3,0.0,8.7,0.0,46.02,14.459999
2026-04-07 03:00:00+00:00,127,3,0.0,10.1,0.0,46.12,14.519999
2026-04-07 03:00:00+00:00,129,3,0.0,10.6,0.0,46.02,14.519999
2026-04-07 03:00:00+00:00,177,3,0.0,7.6,0.0,45.6,14.859999
2026-04-07 03:00:00+00:00,194,3,0.0,8.1,0.0,46.52,15.039999
2026-04-07 03:00:00+00:00,236,3,0.0,7.6,0.0,45.8,15.179998
2026-04-07 03:00:00+00:00,325,3,0.0,10.0,0.0,46.56,15.639999
2026-04-07 03:00:00+00:00,391,3,0.0,5.0,0.0,46.7,16.099998
2026-04-07 03:00:00+00:00,422,3,0.0,9.0,0.0,46.24,15.219999
2026-04-07 03:00:00+00:00,425,3,0.0,9.2,0.0,45.94,15.519999
2026-04-07 03:00:00+00:00,426,3,0.0,9.6,0.0,45.54,13.719999
2026-04-07 06:00:00+00:00,63,6,90.8,9.0,0.0,46.420002,14.08
2026-04-07 06:00:00+00:00,76,6,85.0,8.6,0.0,46.34,14.199999
2026-04-07 06:00:00+00:00,106,6,91.8,9.5,0.0,46.260002,14.4
2026-04-07 06:00:00+00:00,122,6,99.5,9.0,0.0,46.02,14.459999
2026-04-07 06:00:00+00:00,127,6,97.3,10.4,0.0,46.12,14.519999
2026-04-07 06:00:00+00:00,129,6,99.8,9.8,0.0,46.02,14.519999
2026-04-07 06:00:00+00:00,177,6,113.5,8.4,0.0,45.6,14.859999
2026-04-07 06:00:00+00:00,194,6,96.0,8.5,0.0,46.52,15.039999
2026-04-07 06:00:00+00:00,236,6,105.8,8.4,0.0,45.8,15.179998
2026-04-07 06:00:00+00:00,325,6,108.8,8.5,0.0,46.56,15.639999
2026-04-07 06:00:00+00:00,391,6,117.3,6.0,0.0,46.7,16.099998
2026-04-07 06:00:00+00:00,422,6,93.0,9.4,0.0,46.24,15.219999
2026-04-07 06:00:00+00:00,425,6,95.3,9.2,0.0,45.94,15.519999
2026-04-07 06:00:00+00:00,426,6,91.0,10.1,0.0,45.54,13.719999
2026-04-07 07:00:00+00:00,63,1,234.8,11.4,0.0,46.420002,14.08
2026-04-07 07:00:00+00:00,76,1,251.8,10.2,0.0,46.34,14.199999
2026-04-07 07:00:00+00:00,106,1,264.5,11.7,0.0,46.260002,14.4
2026-04-07 07:00:00+00:00,122,1,266.3,11.6,0.0,46.02,14.459999
2026-04-07 07:00:00+00:00,127,1,269.8,12.1,0.0,46.12,14.519999
2026-04-07 07:00:00+00:00,129,1,266.0,11.2,0.0,46.02,14.519999
2026-04-07 07:00:00+00:00,177,1,291.5,9.5,0.0,45.6,14.859999
2026-04-07 07:00:00+00:00,194,1,263.3,11.9,0.0,46.52,15.039999
2026-04-07 07:00:00+00:00,236,1,273.8,11.3,0.0,45.8,15.179998
2026-04-07 07:00:00+00:00,325,1,265.8,10.5,0.0,46.56,15.639999
2026-04-07 07:00:00+00:00,391,1,264.3,10.2,0.0,46.7,16.099998
2026-04-07 07:00:00+00:00,422,1,274.3,10.2,0.0,46.24,15.219999
2026-04-07 07:00:00+00:00,425,1,277.3,12.6,0.0,45.94,15.519999
2026-04-07 07:00:00+00:00,426,1,255.5,14.2,0.0,45.54,13.719999
2026-04-07 08:00:00+00:00,63,2,418.5,12.7,0.0,46.420002,14.08
2026-04-07 08:00:00+00:00,76,2,431.0,13.0,0.0,46.34,14.199999
2026-04-07 08:00:00+00:00,106,2,448.3,13.6,0.0,46.260002,14.4
2026-04-07 08:00:00+00:00,122,2,444.0,13.7,0.0,46.02,14.459999
2026-04-07 08:00:00+00:00,127,2,452.3,13.6,0.0,46.12,14.519999
2026-04-07 08:00:00+00:00,129,2,444.0,13.8,0.0,46.02,14.519999
2026-04-07 08:00:00+00:00,177,2,470.0,10.7,0.0,45.6,14.859999
2026-04-07 08:00:00+00:00,194,2,436.5,13.3,0.0,46.52,15.039999
2026-04-07 08:00:00+00:00,236,2,443.8,14.0,0.0,45.8,15.179998
2026-04-07 08:00:00+00:00,325,2,434.5,11.9,0.0,46.56,15.639999
2026-04-07 08:00:00+00:00,391,2,456.5,12.4,0.0,46.7,16.099998
2026-04-07 08:00:00+00:00,422,2,449.8,13.3,0.0,46.24,15.219999
2026-04-07 08:00:00+00:00,425,2,453.3,14.3,0.0,45.94,15.519999
2026-04-07 08:00:00+00:00,426,2,436.8,18.5,0.0,45.54,13.719999
2026-04-07 09:00:00+00:00,63,3,589.3,14.1,0.0,46.420002,14.08
2026-04-07 09:00:00+00:00,76,3,585.8,14.6,0.0,46.34,14.199999
2026-04-07 09:00:00+00:00,106,3,599.8,15.1,0.0,46.260002,14.4
2026-04-07 09:00:00+00:00,122,3,597.5,15.7,0.0,46.02,14.459999
2026-04-07 09:00:00+00:00,127,3,604.5,15.2,0.0,46.12,14.519999
2026-04-07 09:00:00+00:00,129,3,598.5,16.0,0.0,46.02,14.519999
2026-04-07 09:00:00+00:00,177,3,621.8,12.0,0.0,45.6,14.859999
2026-04-07 09:00:00+00:00,194,3,583.3,15.0,0.0,46.52,15.039999
2026-04-07 09:00:00+00:00,236,3,603.0,16.0,0.0,45.8,15.179998
2026-04-07 09:00:00+00:00,325,3,593.5,13.6,0.0,46.56,15.639999
2026-04-07 09:00:00+00:00,391,3,607.8,13.9,0.0,46.7,16.099998
2026-04-07 09:00:00+00:00,422,3,603.8,15.3,0.0,46.24,15.219999
2026-04-07 09:00:00+00:00,425,3,605.8,15.9,0.0,45.94,15.519999
2026-04-07 09:00:00+00:00,426,3,593.5,20.6,0.0,45.54,13.719999
2026-04-07 10:00:00+00:00,63,1,700.0,15.6,0.0,46.420002,14.08
2026-04-07 10:00:00+00:00,76,1,695.3,16.2,0.0,46.34,14.199999
2026-04-07 10:00:00+00:00,106,1,711.3,16.8,0.0,46.260002,14.4
2026-04-07 10:00:00+00:00,122,1,710.0,18.0,0.0,46.02,14.459999
2026-04-07 10:00:00+00:00,127,1,715.5,17.0,0.0,46.12,14.519999
2026-04-07 10:00:00+00:00,129,1,710.3,18.0,0.0,46.02,14.519999
2026-04-07 10:00:00+00:00,177,1,728.0,13.8,0.0,45.6,14.859999
2026-04-07 10:00:00+00:00,194,1,687.5,16.8,0.0,46.52,15.039999
2026-04-07 10:00:00+00:00,236,1,714.0,17.8,0.0,45.8,15.179998
2026-04-07 10:00:00+00:00,325,1,702.0,15.7,0.0,46.56,15.639999
2026-04-07 10:00:00+00:00,391,1,712.0,15.5,0.0,46.7,16.099998
2026-04-07 10:00:00+00:00,422,1,714.0,17.0,0.0,46.24,15.219999
2026-04-07 10:00:00+00:00,425,1,717.5,17.1,0.0,45.94,15.519999
2026-04-07 10:00:00+00:00,426,1,701.5,20.9,0.0,45.54,13.719999
2026-04-07 11:00:00+00:00,63,2,720.3,17.0,0.0,46.420002,14.08
2026-04-07 11:00:00+00:00,76,2,689.8,17.3,0.0,46.34,14.199999
2026-04-07 11:00:00+00:00,106,2,753.3,18.0,0.0,46.260002,14.4
2026-04-07 11:00:00+00:00,122,2,746.8,19.1,0.0,46.02,14.459999
2026-04-07 11:00:00+00:00,127,2,768.3,18.3,0.0,46.12,14.519999
2026-04-07 11:00:00+00:00,129,2,761.3,19.1,0.0,46.02,14.519999
2026-04-07 11:00:00+00:00,177,2,784.5,15.2,0.0,45.6,14.859999
2026-04-07 11:00:00+00:00,194,2,759.8,18.2,0.0,46.52,15.039999
2026-04-07 11:00:00+00:00,236,2,771.8,19.1,0.0,45.8,15.179998
2026-04-07 11:00:00+00:00,325,2,759.0,17.4,0.0,46.56,15.639999
2026-04-07 11:00:00+00:00,391,2,765.3,16.8,0.0,46.7,16.099998
2026-04-07 11:00:00+00:00,422,2,771.8,19.1,0.0,46.24,15.219999
2026-04-07 11:00:00+00:00,425,2,773.3,18.4,0.0,45.94,15.519999
2026-04-07 11:00:00+00:00,426,2,726.8,19.9,0.0,45.54,13.719999
2026-04-07 12:00:00+00:00,63,3,720.8,18.4,0.0,46.420002,14.08
2026-04-07 12:00:00+00:00,63,6,773.8,18.8,0.0,46.420002,14.08
2026-04-07 12:00:00+00:00,76,3,671.5,18.4,0.0,46.34,14.199999
2026-04-07 12:00:00+00:00,76,6,758.3,18.7,0.0,46.34,14.199999
2026-04-07 12:00:00+00:00,106,3,743.5,19.2,0.0,46.260002,14.4
2026-04-07 12:00:00+00:00,106,6,776.8,19.2,0.0,46.260002,14.4
2026-04-07 12:00:00+00:00,122,3,726.5,20.1,0.0,46.02,14.459999
2026-04-07 12:00:00+00:00,122,6,777.8,20.1,0.0,46.02,14.459999
2026-04-07 12:00:00+00:00,127,3,734.5,19.3,0.0,46.12,14.519999
2026-04-07 12:00:00+00:00,127,6,781.3,19.3,0.0,46.12,14.519999
2026-04-07 12:00:00+00:00,129,3,741.0,20.1,0.0,46.02,14.519999
2026-04-07 12:00:00+00:00,129,6,778.3,20.0,0.0,46.02,14.519999
2026-04-07 12:00:00+00:00,177,3,772.0,16.2,0.0,45.6,14.859999
2026-04-07 12:00:00+00:00,177,6,797.5,16.2,0.0,45.6,14.859999
2026-04-07 12:00:00+00:00,194,3,763.3,19.3,0.0,46.52,15.039999
2026-04-07 12:00:00+00:00,194,6,763.3,19.2,0.0,46.52,15.039999
2026-04-07 12:00:00+00:00,236,3,774.8,20.7,0.0,45.8,15.179998
2026-04-07 12:00:00+00:00,236,6,774.0,20.3,0.0,45.8,15.179998
2026-04-07 12:00:00+00:00,325,3,760.0,18.8,0.0,46.56,15.639999
2026-04-07 12:00:00+00:00,325,6,759.8,18.7,0.0,46.56,15.639999
2026-04-07 12:00:00+00:00,391,3,764.3,18.1,0.0,46.7,16.099998
2026-04-07 12:00:00+00:00,391,6,764.3,17.8,0.0,46.7,16.099998
2026-04-07 12:00:00+00:00,422,3,772.3,20.1,0.0,46.24,15.219999
2026-04-07 12:00:00+00:00,422,6,772.8,19.8,0.0,46.24,15.219999
2026-04-07 12:00:00+00:00,425,3,772.5,19.4,0.0,45.94,15.519999
2026-04-07 12:00:00+00:00,425,6,771.0,19.4,0.0,45.94,15.519999
2026-04-07 12:00:00+00:00,426,3,728.3,21.5,0.0,45.54,13.719999
2026-04-07 12:00:00+00:00,426,6,746.5,21.5,0.0,45.54,13.719999
2026-04-07 13:00:00+00:00,63,1,727.3,19.6,0.0,46.420002,14.08
2026-04-07 13:00:00+00:00,76,1,715.8,19.7,0.0,46.34,14.199999
2026-04-07 13:00:00+00:00,106,1,721.5,20.3,0.0,46.260002,14.4
2026-04-07 13:00:00+00:00,122,1,729.5,21.4,0.0,46.02,14.459999
2026-04-07 13:00:00+00:00,127,1,731.5,20.4,0.0,46.12,14.519999
2026-04-07 13:00:00+00:00,129,1,728.8,21.2,0.0,46.02,14.519999
2026-04-07 13:00:00+00:00,177,1,748.0,17.4,0.0,45.6,14.859999
2026-04-07 13:00:00+00:00,194,1,709.0,19.9,0.0,46.52,15.039999
2026-04-07 13:00:00+00:00,236,1,723.5,21.6,0.0,45.8,15.179998
2026-04-07 13:00:00+00:00,325,1,701.0,19.4,0.0,46.56,15.639999
2026-04-07 13:00:00+00:00,391,1,708.5,18.7,0.0,46.7,16.099998
2026-04-07 13:00:00+00:00,422,1,717.0,21.0,0.0,46.24,15.219999
2026-04-07 13:00:00+00:00,425,1,716.8,20.2,0.0,45.94,15.519999
2026-04-07 13:00:00+00:00,426,1,721.5,21.6,0.0,45.54,13.719999
2026-04-07 14:00:00+00:00,63,2,625.5,20.0,0.0,46.420002,14.08
2026-04-07 14:00:00+00:00,76,2,615.0,20.2,0.0,46.34,14.199999
2026-04-07 14:00:00+00:00,106,2,625.3,20.9,0.0,46.260002,14.4
2026-04-07 14:00:00+00:00,122,2,626.0,22.3,0.0,46.02,14.459999
2026-04-07 14:00:00+00:00,127,2,626.0,21.0,0.0,46.12,14.519999
2026-04-07 14:00:00+00:00,129,2,626.0,22.1,0.0,46.02,14.519999
2026-04-07 14:00:00+00:00,177,2,642.0,17.9,0.0,45.6,14.859999
2026-04-07 14:00:00+00:00,194,2,605.0,20.3,0.0,46.52,15.039999
2026-04-07 14:00:00+00:00,236,2,618.0,22.1,0.0,45.8,15.179998
2026-04-07 14:00:00+00:00,325,2,592.5,19.9,0.0,46.56,15.639999
2026-04-07 14:00:00+00:00,391,2,600.3,19.0,0.0,46.7,16.099998
2026-04-07 14:00:00+00:00,422,2,611.8,21.4,0.0,46.24,15.219999
2026-04-07 14:00:00+00:00,425,2,608.8,20.8,0.0,45.94,15.519999
2026-04-07 14:00:00+00:00,426,2,622.0,20.8,0.0,45.54,13.719999
2026-04-07 15:00:00+00:00,63,3,481.8,19.9,0.0,46.420002,14.08
2026-04-07 15:00:00+00:00,63,6,479.5,20.0,0.0,46.420002,14.08
2026-04-07 15:00:00+00:00,76,3,471.8,20.3,0.0,46.34,14.199999
2026-04-07 15:00:00+00:00,76,6,472.0,20.3,0.0,46.34,14.199999
2026-04-07 15:00:00+00:00,106,3,478.5,21.2,0.0,46.260002,14.4
2026-04-07 15:00:00+00:00,106,6,479.5,21.1,0.0,46.260002,14.4
2026-04-07 15:00:00+00:00,122,3,478.8,22.7,0.0,46.02,14.459999
2026-04-07 15:00:00+00:00,122,6,478.5,22.6,0.0,46.02,14.459999
2026-04-07 15:00:00+00:00,127,3,478.0,21.3,0.0,46.12,14.519999
2026-04-07 15:00:00+00:00,127,6,479.5,21.2,0.0,46.12,14.519999
2026-04-07 15:00:00+00:00,129,3,478.0,22.4,0.0,46.02,14.519999
2026-04-07 15:00:00+00:00,129,6,478.5,22.5,0.0,46.02,14.519999
2026-04-07 15:00:00+00:00,177,3,490.8,17.8,0.0,45.6,14.859999
2026-04-07 15:00:00+00:00,177,6,489.0,17.6,0.0,45.6,14.859999
2026-04-07 15:00:00+00:00,194,3,460.8,20.3,0.0,46.52,15.039999
2026-04-07 15:00:00+00:00,194,6,461.3,20.4,0.0,46.52,15.039999
2026-04-07 15:00:00+00:00,236,3,469.5,21.9,0.0,45.8,15.179998
2026-04-07 15:00:00+00:00,236,6,469.3,21.8,0.0,45.8,15.179998
2026-04-07 15:00:00+00:00,325,3,454.0,20.3,0.0,46.56,15.639999
2026-04-07 15:00:00+00:00,325,6,455.5,20.3,0.0,46.56,15.639999
2026-04-07 15:00:00+00:00,391,3,453.0,19.0,0.0,46.7,16.099998
2026-04-07 15:00:00+00:00,391,6,454.5,19.3,0.0,46.7,16.099998
2026-04-07 15:00:00+00:00,422,3,467.0,21.6,0.0,46.24,15.219999
2026-04-07 15:00:00+00:00,422,6,467.0,21.7,0.0,46.24,15.219999
2026-04-07 15:00:00+00:00,425,3,459.8,20.9,0.0,45.94,15.519999
2026-04-07 15:00:00+00:00,425,6,460.0,20.8,0.0,45.94,15.519999
2026-04-07 15:00:00+00:00,426,3,469.0,17.2,0.0,45.54,13.719999
2026-04-07 15:00:00+00:00,426,6,402.0,16.9,0.0,45.54,13.719999
2026-04-07 16:00:00+00:00,63,1,309.3,19.4,0.0,46.420002,14.08
2026-04-07 16:00:00+00:00,76,1,303.3,19.9,0.0,46.34,14.199999
2026-04-07 16:00:00+00:00,106,1,307.8,20.7,0.0,46.260002,14.4
2026-04-07 16:00:00+00:00,122,1,304.0,22.3,0.0,46.02,14.459999
2026-04-07 16:00:00+00:00,127,1,308.0,21.5,0.0,46.12,14.519999
2026-04-07 16:00:00+00:00,129,1,303.5,22.2,0.0,46.02,14.519999
2026-04-07 16:00:00+00:00,177,1,315.8,17.5,0.0,45.6,14.859999
2026-04-07 16:00:00+00:00,194,1,290.0,19.9,0.0,46.52,15.039999
2026-04-07 16:00:00+00:00,236,1,295.0,21.7,0.0,45.8,15.179998
2026-04-07 16:00:00+00:00,325,1,283.5,20.1,0.0,46.56,15.639999
2026-04-07 16:00:00+00:00,391,1,281.5,18.6,0.0,46.7,16.099998
2026-04-07 16:00:00+00:00,422,1,297.0,22.0,0.0,46.24,15.219999
2026-04-07 16:00:00+00:00,425,1,283.8,20.7,0.0,45.94,15.519999
2026-04-07 16:00:00+00:00,426,1,302.5,17.0,0.0,45.54,13.719999
2026-04-07 17:00:00+00:00,63,2,132.5,18.1,0.0,46.420002,14.08
2026-04-07 17:00:00+00:00,76,2,129.0,18.9,0.0,46.34,14.199999
2026-04-07 17:00:00+00:00,106,2,131.3,19.8,0.0,46.260002,14.4
2026-04-07 17:00:00+00:00,122,2,129.0,20.2,0.0,46.02,14.459999
2026-04-07 17:00:00+00:00,127,2,130.5,20.2,0.0,46.12,14.519999
2026-04-07 17:00:00+00:00,129,2,129.5,20.9,0.0,46.02,14.519999
2026-04-07 17:00:00+00:00,177,2,133.5,16.2,0.0,45.6,14.859999
2026-04-07 17:00:00+00:00,194,2,118.8,18.5,0.0,46.52,15.039999
2026-04-07 17:00:00+00:00,236,2,119.3,20.3,0.0,45.8,15.179998
2026-04-07 17:00:00+00:00,325,2,114.0,19.5,0.0,46.56,15.639999
2026-04-07 17:00:00+00:00,391,2,110.0,17.4,0.0,46.7,16.099998
2026-04-07 17:00:00+00:00,422,2,121.5,20.6,0.0,46.24,15.219999
2026-04-07 17:00:00+00:00,425,2,115.0,19.5,0.0,45.94,15.519999
2026-04-07 17:00:00+00:00,426,2,129.5,17.0,0.0,45.54,13.719999
2026-04-07 18:00:00+00:00,63,3,13.8,15.6,0.0,46.420002,14.08
2026-04-07 18:00:00+00:00,63,6,13.3,15.4,0.0,46.420002,14.08
2026-04-07 18:00:00+00:00,76,3,12.8,15.7,0.0,46.34,14.199999
2026-04-07 18:00:00+00:00,76,6,12.8,15.2,0.0,46.34,14.199999
2026-04-07 18:00:00+00:00,106,3,13.0,15.5,0.0,46.260002,14.4
2026-04-07 18:00:00+00:00,106,6,12.5,16.4,0.0,46.260002,14.4
2026-04-07 18:00:00+00:00,122,3,12.0,17.1,0.0,46.02,14.459999
2026-04-07 18:00:00+00:00,122,6,11.8,17.0,0.0,46.02,14.459999
2026-04-07 18:00:00+00:00,127,3,12.3,17.2,0.0,46.12,14.519999
2026-04-07 18:00:00+00:00,127,6,12.0,17.1,0.0,46.12,14.519999
2026-04-07 18:00:00+00:00,129,3,12.0,17.7,0.0,46.02,14.519999
2026-04-07 18:00:00+00:00,129,6,12.0,17.4,0.0,46.02,14.519999
2026-04-07 18:00:00+00:00,177,3,11.3,14.0,0.0,45.6,14.859999
2026-04-07 18:00:00+00:00,177,6,11.3,13.7,0.0,45.6,14.859999
2026-04-07 18:00:00+00:00,194,3,10.0,14.3,0.0,46.52,15.039999
2026-04-07 18:00:00+00:00,194,6,10.0,14.5,0.0,46.52,15.039999
2026-04-07 18:00:00+00:00,236,3,9.3,17.9,0.0,45.8,15.179998
2026-04-07 18:00:00+00:00,236,6,9.3,17.4,0.0,45.8,15.179998
2026-04-07 18:00:00+00:00,325,3,8.5,16.6,0.0,46.56,15.639999
2026-04-07 18:00:00+00:00,325,6,8.5,16.6,0.0,46.56,15.639999
2026-04-07 18:00:00+00:00,391,3,7.5,14.9,0.0,46.7,16.099998
2026-04-07 18:00:00+00:00,391,6,7.5,15.2,0.0,46.7,16.099998
2026-04-07 18:00:00+00:00,422,3,9.5,17.2,0.0,46.24,15.219999
2026-04-07 18:00:00+00:00,422,6,9.5,17.0,0.0,46.24,15.219999
2026-04-07 18:00:00+00:00,425,3,8.5,15.8,0.0,45.94,15.519999
2026-04-07 18:00:00+00:00,425,6,8.5,15.7,0.0,45.94,15.519999
2026-04-07 18:00:00+00:00,426,3,13.8,16.2,0.0,45.54,13.719999
2026-04-07 18:00:00+00:00,426,6,13.8,16.3,0.0,45.54,13.719999
2026-04-07 19:00:00+00:00,63,1,0.0,12.6,0.0,46.420002,14.08
2026-04-07 19:00:00+00:00,76,1,0.0,12.2,0.0,46.34,14.199999
2026-04-07 19:00:00+00:00,106,1,0.0,12.6,0.0,46.260002,14.4
2026-04-07 19:00:00+00:00,122,1,0.0,15.8,0.0,46.02,14.459999
2026-04-07 19:00:00+00:00,127,1,0.0,16.0,0.0,46.12,14.519999
2026-04-07 19:00:00+00:00,129,1,0.0,15.9,0.0,46.02,14.519999
2026-04-07 19:00:00+00:00,177,1,0.0,13.1,0.0,45.6,14.859999
2026-04-07 19:00:00+00:00,194,1,0.0,12.4,0.0,46.52,15.039999
2026-04-07 19:00:00+00:00,236,1,0.0,15.2,0.0,45.8,15.179998
2026-04-07 19:00:00+00:00,325,1,0.0,14.6,0.0,46.56,15.639999
2026-04-07 19:00:00+00:00,391,1,0.0,13.6,0.0,46.7,16.099998
2026-04-07 19:00:00+00:00,422,1,0.0,15.4,0.0,46.24,15.219999
2026-04-07 19:00:00+00:00,425,1,0.0,14.9,0.0,45.94,15.519999
2026-04-07 19:00:00+00:00,426,1,0.0,15.4,0.0,45.54,13.719999
2026-04-07 20:00:00+00:00,63,2,0.0,14.6,0.0,46.420002,14.08
2026-04-07 20:00:00+00:00,76,2,0.0,11.1,0.0,46.34,14.199999
2026-04-07 20:00:00+00:00,106,2,0.0,11.5,0.0,46.260002,14.4
2026-04-07 20:00:00+00:00,122,2,0.0,14.2,0.0,46.02,14.459999
2026-04-07 20:00:00+00:00,127,2,0.0,15.6,0.0,46.12,14.519999
2026-04-07 20:00:00+00:00,129,2,0.0,14.3,0.0,46.02,14.519999
2026-04-07 20:00:00+00:00,177,2,0.0,12.6,0.0,45.6,14.859999
2026-04-07 20:00:00+00:00,194,2,0.0,12.9,0.0,46.52,15.039999
2026-04-07 20:00:00+00:00,236,2,0.0,12.5,0.0,45.8,15.179998
2026-04-07 20:00:00+00:00,325,2,0.0,12.7,0.0,46.56,15.639999
2026-04-07 20:00:00+00:00,391,2,0.0,12.7,0.0,46.7,16.099998
2026-04-07 20:00:00+00:00,422,2,0.0,14.7,0.0,46.24,15.219999
2026-04-07 20:00:00+00:00,425,2,0.0,15.2,0.0,45.94,15.519999
2026-04-07 20:00:00+00:00,426,2,0.0,13.2,0.0,45.54,13.719999
2026-04-07 21:00:00+00:00,63,3,0.0,13.9,0.0,46.420002,14.08
2026-04-07 21:00:00+00:00,63,6,0.0,12.4,0.0,46.420002,14.08
2026-04-07 21:00:00+00:00,76,3,0.0,11.3,0.0,46.34,14.199999
2026-04-07 21:00:00+00:00,76,6,0.0,10.6,0.0,46.34,14.199999
2026-04-07 21:00:00+00:00,106,3,0.0,11.5,0.0,46.260002,14.4
2026-04-07 21:00:00+00:00,106,6,0.0,10.6,0.0,46.260002,14.4
2026-04-07 21:00:00+00:00,122,3,0.0,12.2,0.0,46.02,14.459999
2026-04-07 21:00:00+00:00,122,6,0.0,11.6,0.0,46.02,14.459999
2026-04-07 21:00:00+00:00,127,3,0.0,13.4,0.0,46.12,14.519999
2026-04-07 21:00:00+00:00,127,6,0.0,14.1,0.0,46.12,14.519999
2026-04-07 21:00:00+00:00,129,3,0.0,13.9,0.0,46.02,14.519999
2026-04-07 21:00:00+00:00,129,6,0.0,13.4,0.0,46.02,14.519999
2026-04-07 21:00:00+00:00,177,3,0.0,12.2,0.0,45.6,14.859999
2026-04-07 21:00:00+00:00,177,6,0.0,12.0,0.0,45.6,14.859999
2026-04-07 21:00:00+00:00,194,3,0.0,12.0,0.0,46.52,15.039999
2026-04-07 21:00:00+00:00,194,6,0.0,11.8,0.0,46.52,15.039999
2026-04-07 21:00:00+00:00,236,3,0.0,12.9,0.0,45.8,15.179998
2026-04-07 21:00:00+00:00,236,6,0.0,12.6,0.0,45.8,15.179998
2026-04-07 21:00:00+00:00,325,3,0.0,13.5,0.0,46.56,15.639999
2026-04-07 21:00:00+00:00,325,6,0.0,13.6,0.0,46.56,15.639999
2026-04-07 21:00:00+00:00,391,3,0.0,11.7,0.0,46.7,16.099998
2026-04-07 21:00:00+00:00,391,6,0.0,11.6,0.0,46.7,16.099998
2026-04-07 21:00:00+00:00,422,3,0.0,13.9,0.0,46.24,15.219999
2026-04-07 21:00:00+00:00,422,6,0.0,13.1,0.0,46.24,15.219999
2026-04-07 21:00:00+00:00,425,3,0.0,14.9,0.0,45.94,15.519999
2026-04-07 21:00:00+00:00,425,6,0.0,14.1,0.0,45.94,15.519999
2026-04-07 21:00:00+00:00,426,3,0.0,12.1,0.0,45.54,13.719999
2026-04-07 21:00:00+00:00,426,6,0.0,12.0,0.0,45.54,13.719999
2026-04-07 22:00:00+00:00,63,1,0.0,11.4,0.0,46.420002,14.08
2026-04-07 22:00:00+00:00,76,1,0.0,10.3,0.0,46.34,14.199999
2026-04-07 22:00:00+00:00,106,1,0.0,10.9,0.0,46.260002,14.4
2026-04-07 22:00:00+00:00,122,1,0.0,11.3,0.0,46.02,14.459999
2026-04-07 22:00:00+00:00,127,1,0.0,13.4,0.0,46.12,14.519999
2026-04-07 22:00:00+00:00,129,1,0.0,12.2,0.0,46.02,14.519999
2026-04-07 22:00:00+00:00,177,1,0.0,11.6,0.0,45.6,14.859999
2026-04-07 22:00:00+00:00,194,1,0.0,11.4,0.0,46.52,15.039999
2026-04-07 22:00:00+00:00,236,1,0.0,13.3,0.0,45.8,15.179998
2026-04-07 22:00:00+00:00,325,1,0.0,12.7,0.0,46.56,15.639999
2026-04-07 22:00:00+00:00,391,1,0.0,10.3,0.0,46.7,16.099998
2026-04-07 22:00:00+00:00,422,1,0.0,13.1,0.0,46.24,15.219999
2026-04-07 22:00:00+00:00,425,1,0.0,12.7,0.0,45.94,15.519999
2026-04-07 22:00:00+00:00,426,1,0.0,11.2,0.0,45.54,13.719999
2026-04-07 23:00:00+00:00,63,2,0.0,10.1,0.0,46.420002,14.08
2026-04-07 23:00:00+00:00,76,2,0.0,8.9,0.0,46.34,14.199999
2026-04-07 23:00:00+00:00,106,2,0.0,11.6,0.0,46.260002,14.4
2026-04-07 23:00:00+00:00,122,2,0.0,9.8,0.0,46.02,14.459999
2026-04-07 23:00:00+00:00,127,2,0.0,13.1,0.0,46.12,14.519999
2026-04-07 23:00:00+00:00,129,2,0.0,10.4,0.0,46.02,14.519999
2026-04-07 23:00:00+00:00,177,2,0.0,10.1,0.0,45.6,14.859999
2026-04-07 23:00:00+00:00,194,2,0.0,10.2,0.0,46.52,15.039999
2026-04-07 23:00:00+00:00,236,2,0.0,13.6,0.0,45.8,15.179998
2026-04-07 23:00:00+00:00,325,2,0.0,11.1,0.0,46.56,15.639999
2026-04-07 23:00:00+00:00,391,2,0.0,9.3,0.0,46.7,16.099998
2026-04-07 23:00:00+00:00,422,2,0.0,11.8,0.0,46.24,15.219999
2026-04-07 23:00:00+00:00,425,2,0.0,10.7,0.0,45.94,15.519999
2026-04-07 23:00:00+00:00,426,2,0.0,11.0,0.0,45.54,13.719999
2026-04-08 00:00:00+00:00,63,3,0.0,9.5,0.0,46.420002,14.08
2026-04-08 00:00:00+00:00,63,6,0.0,9.4,0.0,46.420002,14.08
2026-04-08 00:00:00+00:00,63,24,0.0,8.4,0.0,46.420002,14.08
2026-04-08 00:00:00+00:00,76,3,0.0,10.2,0.0,46.34,14.199999
2026-04-08 00:00:00+00:00,76,6,0.0,9.7,0.0,46.34,14.199999
2026-04-08 00:00:00+00:00,76,24,0.0,9.8,0.0,46.34,14.199999
2026-04-08 00:00:00+00:00,106,3,0.0,9.0,0.0,46.260002,14.4
2026-04-08 00:00:00+00:00,106,6,0.0,8.8,0.0,46.260002,14.4
2026-04-08 00:00:00+00:00,106,24,0.0,8.8,0.0,46.260002,14.4
2026-04-08 00:00:00+00:00,122,3,0.0,9.6,0.0,46.02,14.459999
2026-04-08 00:00:00+00:00,122,6,0.0,9.4,0.0,46.02,14.459999
2026-04-08 00:00:00+00:00,122,24,0.0,8.8,0.0,46.02,14.459999
2026-04-08 00:00:00+00:00,127,3,0.0,11.7,0.0,46.12,14.519999
2026-04-08 00:00:00+00:00,127,6,0.0,11.5,0.0,46.12,14.519999
2026-04-08 00:00:00+00:00,127,24,0.0,11.1,0.0,46.12,14.519999
2026-04-08 00:00:00+00:00,129,3,0.0,10.9,0.0,46.02,14.519999
2026-04-08 00:00:00+00:00,129,6,0.0,10.9,0.0,46.02,14.519999
2026-04-08 00:00:00+00:00,129,24,0.0,10.4,0.0,46.02,14.519999
2026-04-08 00:00:00+00:00,177,3,0.0,8.5,0.0,45.6,14.859999
2026-04-08 00:00:00+00:00,177,6,0.0,8.3,0.0,45.6,14.859999
2026-04-08 00:00:00+00:00,177,24,0.0,7.9,0.0,45.6,14.859999
2026-04-08 00:00:00+00:00,194,3,0.0,8.9,0.0,46.52,15.039999
2026-04-08 00:00:00+00:00,194,6,0.0,8.5,0.0,46.52,15.039999
2026-04-08 00:00:00+00:00,194,24,0.3,8.5,0.0,46.52,15.039999
2026-04-08 00:00:00+00:00,236,3,0.0,12.3,0.0,45.8,15.179998
2026-04-08 00:00:00+00:00,236,6,0.0,12.0,0.0,45.8,15.179998
2026-04-08 00:00:00+00:00,236,24,0.0,11.9,0.0,45.8,15.179998
2026-04-08 00:00:00+00:00,325,3,0.0,10.1,0.0,46.56,15.639999
2026-04-08 00:00:00+00:00,325,6,0.0,9.3,0.0,46.56,15.639999
2026-04-08 00:00:00+00:00,325,24,0.0,9.3,0.0,46.56,15.639999
2026-04-08 00:00:00+00:00,391,3,0.0,8.7,0.0,46.7,16.099998
2026-04-08 00:00:00+00:00,391,6,0.0,8.4,0.0,46.7,16.099998
2026-04-08 00:00:00+00:00,391,24,0.0,8.8,0.0,46.7,16.099998
2026-04-08 00:00:00+00:00,422,3,0.0,11.0,0.0,46.24,15.219999
2026-04-08 00:00:00+00:00,422,6,0.0,10.7,0.0,46.24,15.219999
2026-04-08 00:00:00+00:00,422,24,0.3,10.5,0.0,46.24,15.219999
2026-04-08 00:00:00+00:00,425,3,0.0,7.9,0.0,45.94,15.519999
2026-04-08 00:00:00+00:00,425,6,0.0,8.5,0.0,45.94,15.519999
2026-04-08 00:00:00+00:00,425,24,0.0,8.6,0.0,45.94,15.519999
2026-04-08 00:00:00+00:00,426,3,0.0,10.4,0.0,45.54,13.719999
2026-04-08 00:00:00+00:00,426,6,0.0,10.8,0.0,45.54,13.719999
2026-04-08 00:00:00+00:00,426,24,0.0,10.2,0.0,45.54,13.719999
2026-04-08 03:00:00+00:00,63,6,0.0,6.9,0.0,46.420002,14.08
2026-04-08 03:00:00+00:00,76,6,0.0,8.1,0.0,46.34,14.199999
2026-04-08 03:00:00+00:00,106,6,0.0,7.0,0.0,46.260002,14.4
2026-04-08 03:00:00+00:00,122,6,0.0,7.3,0.0,46.02,14.459999
2026-04-08 03:00:00+00:00,127,6,0.0,7.7,0.0,46.12,14.519999
2026-04-08 03:00:00+00:00,129,6,0.0,8.3,0.0,46.02,14.519999
2026-04-08 03:00:00+00:00,177,6,0.0,4.8,0.0,45.6,14.859999
2026-04-08 03:00:00+00:00,194,6,0.0,6.0,0.0,46.52,15.039999
2026-04-08 03:00:00+00:00,236,6,0.0,8.9,0.0,45.8,15.179998
2026-04-08 03:00:00+00:00,325,6,0.0,5.7,0.0,46.56,15.639999
2026-04-08 03:00:00+00:00,391,6,0.0,5.7,0.0,46.7,16.099998
2026-04-08 03:00:00+00:00,422,6,0.0,7.6,0.0,46.24,15.219999
2026-04-08 03:00:00+00:00,425,6,0.0,4.9,0.0,45.94,15.519999
2026-04-08 03:00:00+00:00,426,6,0.0,10.8,0.0,45.54,13.719999
2026-04-08 06:00:00+00:00,63,24,102.8,5.6,0.0,46.420002,14.08
2026-04-08 06:00:00+00:00,76,24,101.8,6.1,0.0,46.34,14.199999
2026-04-08 06:00:00+00:00,106,24,109.5,5.6,0.0,46.260002,14.4
2026-04-08 06:00:00+00:00,122,24,107.5,6.8,0.0,46.02,14.459999
2026-04-08 06:00:00+00:00,127,24,111.3,6.6,0.0,46.12,14.519999
2026-04-08 06:00:00+00:00,129,24,109.5,7.3,0.0,46.02,14.519999
2026-04-08 06:00:00+00:00,177,24,120.3,3.3,0.0,45.6,14.859999
2026-04-08 06:00:00+00:00,194,24,108.8,4.8,0.0,46.52,15.039999
2026-04-08 06:00:00+00:00,236,24,115.8,5.9,0.0,45.8,15.179998
2026-04-08 06:00:00+00:00,325,24,118.8,5.1,0.0,46.56,15.639999
2026-04-08 06:00:00+00:00,391,24,129.5,3.2,0.0,46.7,16.099998
2026-04-08 06:00:00+00:00,422,24,117.3,6.6,0.0,46.24,15.219999
2026-04-08 06:00:00+00:00,425,24,118.0,5.4,0.0,45.94,15.519999
2026-04-08 06:00:00+00:00,426,24,97.5,12.8,0.0,45.54,13.719999
2026-04-08 09:00:00+00:00,63,24,605.0,9.7,0.0,46.420002,14.08
2026-04-08 09:00:00+00:00,76,24,600.8,9.9,0.0,46.34,14.199999
2026-04-08 09:00:00+00:00,106,24,617.5,11.3,0.0,46.260002,14.4
2026-04-08 09:00:00+00:00,122,24,617.5,11.9,0.0,46.02,14.459999
2026-04-08 09:00:00+00:00,127,24,621.3,11.4,0.0,46.12,14.519999
2026-04-08 09:00:00+00:00,129,24,618.3,12.0,0.0,46.02,14.519999
2026-04-08 09:00:00+00:00,177,24,639.0,7.1,0.0,45.6,14.859999
2026-04-08 09:00:00+00:00,194,24,613.5,11.0,0.0,46.52,15.039999
2026-04-08 09:00:00+00:00,236,24,626.3,12.4,0.0,45.8,15.179998
2026-04-08 09:00:00+00:00,325,24,622.8,10.0,0.0,46.56,15.639999
2026-04-08 09:00:00+00:00,391,24,643.0,11.4,0.0,46.7,16.099998
2026-04-08 09:00:00+00:00,422,24,626.0,11.6,0.0,46.24,15.219999
2026-04-08 09:00:00+00:00,425,24,625.3,11.6,0.0,45.94,15.519999
2026-04-08 09:00:00+00:00,426,24,599.3,17.5,0.0,45.54,13.719999
2026-04-08 12:00:00+00:00,63,24,790.0,13.6,0.0,46.420002,14.08
2026-04-08 12:00:00+00:00,76,24,784.0,13.9,0.0,46.34,14.199999
2026-04-08 12:00:00+00:00,106,24,798.5,15.0,0.0,46.260002,14.4
2026-04-08 12:00:00+00:00,122,24,795.8,15.2,0.0,46.02,14.459999
2026-04-08 12:00:00+00:00,127,24,801.0,14.5,0.0,46.12,14.519999
2026-04-08 12:00:00+00:00,129,24,796.3,15.5,0.0,46.02,14.519999
2026-04-08 12:00:00+00:00,177,24,819.0,10.5,0.0,45.6,14.859999
2026-04-08 12:00:00+00:00,194,24,787.3,14.2,0.0,46.52,15.039999
2026-04-08 12:00:00+00:00,236,24,801.5,15.8,0.0,45.8,15.179998
2026-04-08 12:00:00+00:00,325,24,798.5,13.9,0.0,46.56,15.639999
2026-04-08 12:00:00+00:00,391,24,794.8,14.5,0.0,46.7,16.099998
2026-04-08 12:00:00+00:00,422,24,799.3,15.2,0.0,46.24,15.219999
2026-04-08 12:00:00+00:00,425,24,799.5,15.2,0.0,45.94,15.519999
2026-04-08 12:00:00+00:00,426,24,751.3,21.2,0.0,45.54,13.719999
2026-04-08 15:00:00+00:00,63,24,489.3,14.7,0.0,46.420002,14.08
2026-04-08 15:00:00+00:00,76,24,483.3,15.0,0.0,46.34,14.199999
2026-04-08 15:00:00+00:00,106,24,493.5,15.9,0.0,46.260002,14.4
2026-04-08 15:00:00+00:00,122,24,490.8,16.5,0.0,46.02,14.459999
2026-04-08 15:00:00+00:00,127,24,497.5,15.7,0.0,46.12,14.519999
2026-04-08 15:00:00+00:00,129,24,491.0,16.7,0.0,46.02,14.519999
2026-04-08 15:00:00+00:00,177,24,507.0,11.4,0.0,45.6,14.859999
2026-04-08 15:00:00+00:00,194,24,477.5,14.9,0.0,46.52,15.039999
2026-04-08 15:00:00+00:00,236,24,487.5,16.6,0.0,45.8,15.179998
2026-04-08 15:00:00+00:00,325,24,478.3,14.8,0.0,46.56,15.639999
2026-04-08 15:00:00+00:00,391,24,471.8,14.7,0.0,46.7,16.099998
2026-04-08 15:00:00+00:00,422,24,485.8,16.1,0.0,46.24,15.219999
2026-04-08 15:00:00+00:00,425,24,483.3,15.7,0.0,45.94,15.519999
2026-04-08 15:00:00+00:00,426,24,491.0,19.1,0.0,45.54,13.719999
2026-04-08 18:00:00+00:00,63,24,15.3,10.2,0.0,46.420002,14.08
2026-04-08 18:00:00+00:00,76,24,14.0,10.7,0.0,46.34,14.199999
2026-04-08 18:00:00+00:00,106,24,14.0,11.3,0.0,46.260002,14.4
2026-04-08 18:00:00+00:00,122,24,13.5,11.6,0.0,46.02,14.459999
2026-04-08 18:00:00+00:00,127,24,14.0,11.5,0.0,46.12,14.519999
2026-04-08 18:00:00+00:00,129,24,13.5,12.5,0.0,46.02,14.519999
2026-04-08 18:00:00+00:00,177,24,12.8,7.4,0.0,45.6,14.859999
2026-04-08 18:00:00+00:00,194,24,11.8,10.2,0.0,46.52,15.039999
2026-04-08 18:00:00+00:00,236,24,10.8,11.3,0.0,45.8,15.179998
2026-04-08 18:00:00+00:00,325,24,10.0,11.7,0.0,46.56,15.639999
2026-04-08 18:00:00+00:00,391,24,9.0,9.8,0.0,46.7,16.099998
2026-04-08 18:00:00+00:00,422,24,11.5,11.5,0.0,46.24,15.219999
2026-04-08 18:00:00+00:00,425,24,10.0,10.0,0.0,45.94,15.519999
2026-04-08 18:00:00+00:00,426,24,15.5,15.6,0.0,45.54,13.719999
2026-04-08 21:00:00+00:00,63,24,0.0,7.6,0.0,46.420002,14.08
2026-04-08 21:00:00+00:00,76,24,0.0,6.4,0.0,46.34,14.199999
2026-04-08 21:00:00+00:00,106,24,0.0,7.8,0.0,46.260002,14.4
2026-04-08 21:00:00+00:00,122,24,0.0,7.6,0.0,46.02,14.459999
2026-04-08 21:00:00+00:00,127,24,0.0,8.8,0.0,46.12,14.519999
2026-04-08 21:00:00+00:00,129,24,0.0,8.5,0.0,46.02,14.519999
2026-04-08 21:00:00+00:00,177,24,0.0,5.7,0.0,45.6,14.859999
2026-04-08 21:00:00+00:00,194,24,0.0,5.9,0.0,46.52,15.039999
2026-04-08 21:00:00+00:00,236,24,0.0,6.4,0.0,45.8,15.179998
2026-04-08 21:00:00+00:00,325,24,0.0,7.5,0.0,46.56,15.639999
2026-04-08 21:00:00+00:00,391,24,0.0,6.7,0.0,46.7,16.099998
2026-04-08 21:00:00+00:00,422,24,0.0,6.8,0.0,46.24,15.219999
2026-04-08 21:00:00+00:00,425,24,0.0,5.1,0.0,45.94,15.519999
2026-04-08 21:00:00+00:00,426,24,0.0,11.2,0.0,45.54,13.719999
2026-04-08 01:00:00+00:00,63,1,0.0,9.4,0.0,46.420002,14.08
2026-04-08 01:00:00+00:00,76,1,0.0,9.9,0.0,46.34,14.199999
2026-04-08 01:00:00+00:00,106,1,0.0,8.7,0.0,46.260002,14.4
2026-04-08 01:00:00+00:00,122,1,0.0,9.5,0.0,46.02,14.459999
2026-04-08 01:00:00+00:00,127,1,0.0,10.2,0.0,46.12,14.519999
2026-04-08 01:00:00+00:00,129,1,0.0,10.1,0.0,46.02,14.519999
2026-04-08 01:00:00+00:00,177,1,0.0,6.9,0.0,45.6,14.859999
2026-04-08 01:00:00+00:00,194,1,0.0,7.5,0.0,46.52,15.039999
2026-04-08 01:00:00+00:00,236,1,0.0,12.0,0.0,45.8,15.179998
2026-04-08 01:00:00+00:00,325,1,0.0,9.1,0.0,46.56,15.639999
2026-04-08 01:00:00+00:00,391,1,0.0,7.8,0.0,46.7,16.099998
2026-04-08 01:00:00+00:00,422,1,0.0,10.6,0.0,46.24,15.219999
2026-04-08 01:00:00+00:00,425,1,0.0,7.2,0.0,45.94,15.519999
2026-04-08 01:00:00+00:00,426,1,0.0,10.1,0.0,45.54,13.719999
2026-04-08 02:00:00+00:00,63,2,0.0,8.1,0.0,46.420002,14.08
2026-04-08 02:00:00+00:00,76,2,0.0,9.2,0.0,46.34,14.199999
2026-04-08 02:00:00+00:00,106,2,0.0,7.9,0.0,46.260002,14.4
2026-04-08 02:00:00+00:00,122,2,0.0,8.1,0.0,46.02,14.459999
2026-04-08 02:00:00+00:00,127,2,0.0,9.0,0.0,46.12,14.519999
2026-04-08 02:00:00+00:00,129,2,0.0,9.2,0.0,46.02,14.519999
2026-04-08 02:00:00+00:00,177,2,0.0,5.9,0.0,45.6,14.859999
2026-04-08 02:00:00+00:00,194,2,0.0,6.4,0.0,46.52,15.039999
2026-04-08 02:00:00+00:00,236,2,0.0,10.7,0.0,45.8,15.179998
2026-04-08 02:00:00+00:00,325,2,0.0,8.2,0.0,46.56,15.639999
2026-04-08 02:00:00+00:00,391,2,0.0,6.7,0.0,46.7,16.099998
2026-04-08 02:00:00+00:00,422,2,0.0,9.0,0.0,46.24,15.219999
2026-04-08 02:00:00+00:00,425,2,0.0,7.0,0.0,45.94,15.519999
2026-04-08 02:00:00+00:00,426,2,0.0,10.8,0.0,45.54,13.719999
2026-04-08 03:00:00+00:00,63,3,0.0,7.1,0.0,46.420002,14.08
2026-04-08 03:00:00+00:00,76,3,0.0,8.4,0.0,46.34,14.199999
2026-04-08 03:00:00+00:00,106,3,0.0,7.0,0.0,46.260002,14.4
2026-04-08 03:00:00+00:00,122,3,0.0,7.3,0.0,46.02,14.459999
2026-04-08 03:00:00+00:00,127,3,0.0,7.9,0.0,46.12,14.519999
2026-04-08 03:00:00+00:00,129,3,0.0,8.5,0.0,46.02,14.519999
2026-04-08 03:00:00+00:00,177,3,0.0,5.1,0.0,45.6,14.859999
2026-04-08 03:00:00+00:00,194,3,0.0,5.2,0.0,46.52,15.039999
2026-04-08 03:00:00+00:00,236,3,0.0,9.0,0.0,45.8,15.179998
2026-04-08 03:00:00+00:00,325,3,0.0,6.1,0.0,46.56,15.639999
2026-04-08 03:00:00+00:00,391,3,0.0,6.2,0.0,46.7,16.099998
2026-04-08 03:00:00+00:00,422,3,0.0,7.9,0.0,46.24,15.219999
2026-04-08 03:00:00+00:00,425,3,0.0,5.0,0.0,45.94,15.519999
2026-04-08 03:00:00+00:00,426,3,0.0,10.5,0.0,45.54,13.719999
2026-04-08 06:00:00+00:00,63,6,103.0,6.5,0.0,46.420002,14.08
2026-04-08 06:00:00+00:00,76,6,101.8,6.6,0.0,46.34,14.199999
2026-04-08 06:00:00+00:00,106,6,109.8,6.1,0.0,46.260002,14.4
2026-04-08 06:00:00+00:00,122,6,107.8,7.1,0.0,46.02,14.459999
2026-04-08 06:00:00+00:00,127,6,111.5,7.2,0.0,46.12,14.519999
2026-04-08 06:00:00+00:00,129,6,109.5,7.5,0.0,46.02,14.519999
2026-04-08 06:00:00+00:00,177,6,119.3,3.4,0.0,45.6,14.859999
2026-04-08 06:00:00+00:00,194,6,109.3,5.0,0.0,46.52,15.039999
2026-04-08 06:00:00+00:00,236,6,115.5,7.1,0.0,45.8,15.179998
2026-04-08 06:00:00+00:00,325,6,118.5,6.4,0.0,46.56,15.639999
2026-04-08 06:00:00+00:00,391,6,128.5,5.6,0.0,46.7,16.099998
2026-04-08 06:00:00+00:00,422,6,118.0,7.6,0.0,46.24,15.219999
2026-04-08 06:00:00+00:00,425,6,117.5,6.1,0.0,45.94,15.519999
2026-04-08 06:00:00+00:00,426,6,98.8,13.1,0.0,45.54,13.719999
2026-04-08 07:00:00+00:00,63,1,274.5,7.3,0.0,46.420002,14.08
2026-04-08 07:00:00+00:00,76,1,273.5,7.9,0.0,46.34,14.199999
2026-04-08 07:00:00+00:00,106,1,285.5,8.4,0.0,46.260002,14.4
2026-04-08 07:00:00+00:00,122,1,284.3,9.3,0.0,46.02,14.459999
2026-04-08 07:00:00+00:00,127,1,288.0,8.5,0.0,46.12,14.519999
2026-04-08 07:00:00+00:00,129,1,286.3,9.5,0.0,46.02,14.519999
2026-04-08 07:00:00+00:00,177,1,302.0,4.9,0.0,45.6,14.859999
2026-04-08 07:00:00+00:00,194,1,281.8,8.2,0.0,46.52,15.039999
2026-04-08 07:00:00+00:00,236,1,291.3,9.7,0.0,45.8,15.179998
2026-04-08 07:00:00+00:00,325,1,293.0,8.2,0.0,46.56,15.639999
2026-04-08 07:00:00+00:00,391,1,305.0,8.2,0.0,46.7,16.099998
2026-04-08 07:00:00+00:00,422,1,295.3,9.2,0.0,46.24,15.219999
2026-04-08 07:00:00+00:00,425,1,287.0,9.0,0.0,45.94,15.519999
2026-04-08 07:00:00+00:00,426,1,268.8,14.4,0.0,45.54,13.719999
2026-04-08 08:00:00+00:00,63,2,450.8,8.6,0.0,46.420002,14.08
2026-04-08 08:00:00+00:00,76,2,449.0,9.1,0.0,46.34,14.199999
2026-04-08 08:00:00+00:00,106,2,464.5,10.1,0.0,46.260002,14.4
2026-04-08 08:00:00+00:00,122,2,463.8,10.7,0.0,46.02,14.459999
2026-04-08 08:00:00+00:00,127,2,467.3,9.9,0.0,46.12,14.519999
2026-04-08 08:00:00+00:00,129,2,465.3,10.8,0.0,46.02,14.519999
2026-04-08 08:00:00+00:00,177,2,484.5,5.9,0.0,45.6,14.859999
2026-04-08 08:00:00+00:00,194,2,460.3,9.6,0.0,46.52,15.039999
2026-04-08 08:00:00+00:00,236,2,471.3,11.1,0.0,45.8,15.179998
2026-04-08 08:00:00+00:00,325,2,468.0,9.2,0.0,46.56,15.639999
2026-04-08 08:00:00+00:00,391,2,485.8,10.5,0.0,46.7,16.099998
2026-04-08 08:00:00+00:00,422,2,472.5,10.5,0.0,46.24,15.219999
2026-04-08 08:00:00+00:00,425,2,471.8,10.4,0.0,45.94,15.519999
2026-04-08 08:00:00+00:00,426,2,446.5,15.8,0.0,45.54,13.719999
2026-04-08 09:00:00+00:00,63,3,605.3,10.0,0.0,46.420002,14.08
2026-04-08 09:00:00+00:00,76,3,602.5,10.4,0.0,46.34,14.199999
2026-04-08 09:00:00+00:00,106,3,618.0,11.7,0.0,46.260002,14.4
2026-04-08 09:00:00+00:00,122,3,617.3,12.1,0.0,46.02,14.459999
2026-04-08 09:00:00+00:00,127,3,620.8,11.5,0.0,46.12,14.519999
2026-04-08 09:00:00+00:00,129,3,618.8,12.2,0.0,46.02,14.519999
2026-04-08 09:00:00+00:00,177,3,639.3,7.1,0.0,45.6,14.859999
2026-04-08 09:00:00+00:00,194,3,611.5,11.1,0.0,46.52,15.039999
2026-04-08 09:00:00+00:00,236,3,623.5,12.5,0.0,45.8,15.179998
2026-04-08 09:00:00+00:00,325,3,621.0,10.4,0.0,46.56,15.639999
2026-04-08 09:00:00+00:00,391,3,639.8,12.2,0.0,46.7,16.099998
2026-04-08 09:00:00+00:00,422,3,624.3,11.9,0.0,46.24,15.219999
2026-04-08 09:00:00+00:00,425,3,622.5,11.7,0.0,45.94,15.519999
2026-04-08 09:00:00+00:00,426,3,602.5,17.7,0.0,45.54,13.719999
2026-04-08 10:00:00+00:00,63,1,720.0,11.2,0.0,46.420002,14.08
2026-04-08 10:00:00+00:00,76,1,714.8,12.0,0.0,46.34,14.199999
2026-04-08 10:00:00+00:00,106,1,730.8,12.9,0.0,46.260002,14.4
2026-04-08 10:00:00+00:00,122,1,730.3,13.5,0.0,46.02,14.459999
2026-04-08 10:00:00+00:00,127,1,733.3,12.7,0.0,46.12,14.519999
2026-04-08 10:00:00+00:00,129,1,730.5,13.7,0.0,46.02,14.519999
2026-04-08 10:00:00+00:00,177,1,750.5,8.8,0.0,45.6,14.859999
2026-04-08 10:00:00+00:00,194,1,723.0,12.5,0.0,46.52,15.039999
2026-04-08 10:00:00+00:00,236,1,732.5,13.7,0.0,45.8,15.179998
2026-04-08 10:00:00+00:00,325,1,731.5,11.8,0.0,46.56,15.639999
2026-04-08 10:00:00+00:00,391,1,751.5,13.4,0.0,46.7,16.099998
2026-04-08 10:00:00+00:00,422,1,734.8,13.2,0.0,46.24,15.219999
2026-04-08 10:00:00+00:00,425,1,731.5,13.3,0.0,45.94,15.519999
2026-04-08 10:00:00+00:00,426,1,717.5,19.3,0.0,45.54,13.719999
2026-04-08 11:00:00+00:00,63,2,783.3,12.7,0.0,46.420002,14.08
2026-04-08 11:00:00+00:00,76,2,777.0,13.3,0.0,46.34,14.199999
2026-04-08 11:00:00+00:00,106,2,792.0,14.3,0.0,46.260002,14.4
2026-04-08 11:00:00+00:00,122,2,791.0,14.7,0.0,46.02,14.459999
2026-04-08 11:00:00+00:00,127,2,794.3,14.1,0.0,46.12,14.519999
2026-04-08 11:00:00+00:00,129,2,791.0,15.0,0.0,46.02,14.519999
2026-04-08 11:00:00+00:00,177,2,811.5,9.9,0.0,45.6,14.859999
2026-04-08 11:00:00+00:00,194,2,783.0,13.6,0.0,46.52,15.039999
2026-04-08 11:00:00+00:00,236,2,793.8,14.9,0.0,45.8,15.179998
2026-04-08 11:00:00+00:00,325,2,790.5,13.0,0.0,46.56,15.639999
2026-04-08 11:00:00+00:00,391,2,807.0,14.2,0.0,46.7,16.099998
2026-04-08 11:00:00+00:00,422,2,793.8,14.5,0.0,46.24,15.219999
2026-04-08 11:00:00+00:00,425,2,791.8,14.5,0.0,45.94,15.519999
2026-04-08 11:00:00+00:00,426,2,775.3,20.6,0.0,45.54,13.719999
2026-04-08 12:00:00+00:00,63,3,789.3,13.9,0.0,46.420002,14.08
2026-04-08 12:00:00+00:00,63,6,789.0,13.8,0.0,46.420002,14.08
2026-04-08 12:00:00+00:00,76,3,783.0,14.4,0.0,46.34,14.199999
2026-04-08 12:00:00+00:00,76,6,783.0,14.4,0.0,46.34,14.199999
2026-04-08 12:00:00+00:00,106,3,796.5,15.5,0.0,46.260002,14.4
2026-04-08 12:00:00+00:00,106,6,797.8,15.4,0.0,46.260002,14.4
2026-04-08 12:00:00+00:00,122,3,795.8,15.7,0.0,46.02,14.459999
2026-04-08 12:00:00+00:00,122,6,796.3,15.6,0.0,46.02,14.459999
2026-04-08 12:00:00+00:00,127,3,799.5,15.0,0.0,46.12,14.519999
2026-04-08 12:00:00+00:00,127,6,800.0,14.9,0.0,46.12,14.519999
2026-04-08 12:00:00+00:00,129,3,796.8,16.1,0.0,46.02,14.519999
2026-04-08 12:00:00+00:00,129,6,796.8,15.9,0.0,46.02,14.519999
2026-04-08 12:00:00+00:00,177,3,815.5,10.9,0.0,45.6,14.859999
2026-04-08 12:00:00+00:00,177,6,817.3,10.7,0.0,45.6,14.859999
2026-04-08 12:00:00+00:00,194,3,786.8,14.5,0.0,46.52,15.039999
2026-04-08 12:00:00+00:00,194,6,785.0,14.4,0.0,46.52,15.039999
2026-04-08 12:00:00+00:00,236,3,796.5,15.9,0.0,45.8,15.179998
2026-04-08 12:00:00+00:00,236,6,798.5,16.0,0.0,45.8,15.179998
2026-04-08 12:00:00+00:00,325,3,793.0,14.2,0.0,46.56,15.639999
2026-04-08 12:00:00+00:00,325,6,793.3,14.0,0.0,46.56,15.639999
2026-04-08 12:00:00+00:00,391,3,803.3,14.9,0.0,46.7,16.099998
2026-04-08 12:00:00+00:00,391,6,802.0,14.8,0.0,46.7,16.099998
2026-04-08 12:00:00+00:00,422,3,797.0,15.6,0.0,46.24,15.219999
2026-04-08 12:00:00+00:00,422,6,798.5,15.5,0.0,46.24,15.219999
2026-04-08 12:00:00+00:00,425,3,794.5,15.4,0.0,45.94,15.519999
2026-04-08 12:00:00+00:00,425,6,796.3,15.3,0.0,45.94,15.519999
2026-04-08 12:00:00+00:00,426,3,756.0,21.4,0.0,45.54,13.719999
2026-04-08 12:00:00+00:00,426,6,761.3,21.4,0.0,45.54,13.719999
2026-04-08 13:00:00+00:00,63,1,737.3,14.3,0.0,46.420002,14.08
2026-04-08 13:00:00+00:00,76,1,729.3,15.1,0.0,46.34,14.199999
2026-04-08 13:00:00+00:00,106,1,744.0,15.9,0.0,46.260002,14.4
2026-04-08 13:00:00+00:00,122,1,741.5,16.1,0.0,46.02,14.459999
2026-04-08 13:00:00+00:00,127,1,744.8,15.6,0.0,46.12,14.519999
2026-04-08 13:00:00+00:00,129,1,742.8,16.5,0.0,46.02,14.519999
2026-04-08 13:00:00+00:00,177,1,760.8,11.3,0.0,45.6,14.859999
2026-04-08 13:00:00+00:00,194,1,730.8,15.0,0.0,46.52,15.039999
2026-04-08 13:00:00+00:00,236,1,742.3,16.3,0.0,45.8,15.179998
2026-04-08 13:00:00+00:00,325,1,733.8,14.6,0.0,46.56,15.639999
2026-04-08 13:00:00+00:00,391,1,742.8,15.2,0.0,46.7,16.099998
2026-04-08 13:00:00+00:00,422,1,740.3,16.1,0.0,46.24,15.219999
2026-04-08 13:00:00+00:00,425,1,738.8,15.6,0.0,45.94,15.519999
2026-04-08 13:00:00+00:00,426,1,723.3,21.8,0.0,45.54,13.719999
2026-04-08 14:00:00+00:00,63,2,634.5,14.8,0.0,46.420002,14.08
2026-04-08 14:00:00+00:00,76,2,627.8,15.3,0.0,46.34,14.199999
2026-04-08 14:00:00+00:00,106,2,640.3,16.1,0.0,46.260002,14.4
2026-04-08 14:00:00+00:00,122,2,637.3,16.5,0.0,46.02,14.459999
2026-04-08 14:00:00+00:00,127,2,642.8,16.0,0.0,46.12,14.519999
2026-04-08 14:00:00+00:00,129,2,638.8,16.8,0.0,46.02,14.519999
2026-04-08 14:00:00+00:00,177,2,654.3,11.6,0.0,45.6,14.859999
2026-04-08 14:00:00+00:00,194,2,623.3,15.1,0.0,46.52,15.039999
2026-04-08 14:00:00+00:00,236,2,635.3,16.6,0.0,45.8,15.179998
2026-04-08 14:00:00+00:00,325,2,625.5,15.0,0.0,46.56,15.639999
2026-04-08 14:00:00+00:00,391,2,629.3,15.4,0.0,46.7,16.099998
2026-04-08 14:00:00+00:00,422,2,632.5,16.2,0.0,46.24,15.219999
2026-04-08 14:00:00+00:00,425,2,632.3,15.8,0.0,45.94,15.519999
2026-04-08 14:00:00+00:00,426,2,599.0,20.8,0.0,45.54,13.719999
2026-04-08 15:00:00+00:00,63,3,487.0,14.5,0.0,46.420002,14.08
2026-04-08 15:00:00+00:00,63,6,489.0,14.9,0.0,46.420002,14.08
2026-04-08 15:00:00+00:00,76,3,481.3,15.2,0.0,46.34,14.199999
2026-04-08 15:00:00+00:00,76,6,483.0,15.4,0.0,46.34,14.199999
2026-04-08 15:00:00+00:00,106,3,493.5,16.0,0.0,46.260002,14.4
2026-04-08 15:00:00+00:00,106,6,494.5,16.1,0.0,46.260002,14.4
2026-04-08 15:00:00+00:00,122,3,489.3,16.5,0.0,46.02,14.459999
2026-04-08 15:00:00+00:00,122,6,491.8,16.7,0.0,46.02,14.459999
2026-04-08 15:00:00+00:00,127,3,496.0,15.8,0.0,46.12,14.519999
2026-04-08 15:00:00+00:00,127,6,496.8,16.0,0.0,46.12,14.519999
2026-04-08 15:00:00+00:00,129,3,490.5,16.6,0.0,46.02,14.519999
2026-04-08 15:00:00+00:00,129,6,493.3,16.9,0.0,46.02,14.519999
2026-04-08 15:00:00+00:00,177,3,504.0,11.3,0.0,45.6,14.859999
2026-04-08 15:00:00+00:00,177,6,506.0,11.5,0.0,45.6,14.859999
2026-04-08 15:00:00+00:00,194,3,475.0,14.7,0.0,46.52,15.039999
2026-04-08 15:00:00+00:00,194,6,477.5,15.0,0.0,46.52,15.039999
2026-04-08 15:00:00+00:00,236,3,484.5,16.4,0.0,45.8,15.179998
2026-04-08 15:00:00+00:00,236,6,485.8,16.8,0.0,45.8,15.179998
2026-04-08 15:00:00+00:00,325,3,475.0,14.8,0.0,46.56,15.639999
2026-04-08 15:00:00+00:00,325,6,477.0,15.2,0.0,46.56,15.639999
2026-04-08 15:00:00+00:00,391,3,475.8,14.6,0.0,46.7,16.099998
2026-04-08 15:00:00+00:00,391,6,478.0,15.3,0.0,46.7,16.099998
2026-04-08 15:00:00+00:00,422,3,482.3,15.9,0.0,46.24,15.219999
2026-04-08 15:00:00+00:00,422,6,484.3,16.3,0.0,46.24,15.219999
2026-04-08 15:00:00+00:00,425,3,479.5,15.4,0.0,45.94,15.519999
2026-04-08 15:00:00+00:00,425,6,481.3,15.7,0.0,45.94,15.519999
2026-04-08 15:00:00+00:00,426,3,487.5,19.7,0.0,45.54,13.719999
2026-04-08 15:00:00+00:00,426,6,493.8,20.2,0.0,45.54,13.719999
2026-04-08 16:00:00+00:00,63,1,313.8,14.1,0.0,46.420002,14.08
2026-04-08 16:00:00+00:00,76,1,306.8,14.9,0.0,46.34,14.199999
2026-04-08 16:00:00+00:00,106,1,317.5,15.8,0.0,46.260002,14.4
2026-04-08 16:00:00+00:00,122,1,314.3,16.2,0.0,46.02,14.459999
2026-04-08 16:00:00+00:00,127,1,318.3,15.6,0.0,46.12,14.519999
2026-04-08 16:00:00+00:00,129,1,314.3,16.5,0.0,46.02,14.519999
2026-04-08 16:00:00+00:00,177,1,324.3,10.9,0.0,45.6,14.859999
2026-04-08 16:00:00+00:00,194,1,301.3,14.4,0.0,46.52,15.039999
2026-04-08 16:00:00+00:00,236,1,307.5,16.2,0.0,45.8,15.179998
2026-04-08 16:00:00+00:00,325,1,298.3,14.6,0.0,46.56,15.639999
2026-04-08 16:00:00+00:00,391,1,297.3,14.5,0.0,46.7,16.099998
2026-04-08 16:00:00+00:00,422,1,307.5,15.7,0.0,46.24,15.219999
2026-04-08 16:00:00+00:00,425,1,303.0,15.7,0.0,45.94,15.519999
2026-04-08 16:00:00+00:00,426,1,317.3,19.2,0.0,45.54,13.719999
2026-04-08 17:00:00+00:00,63,2,135.8,12.7,0.0,46.420002,14.08
2026-04-08 17:00:00+00:00,76,2,132.3,13.9,0.0,46.34,14.199999
2026-04-08 17:00:00+00:00,106,2,137.5,14.8,0.0,46.260002,14.4
2026-04-08 17:00:00+00:00,122,2,135.0,15.3,0.0,46.02,14.459999
2026-04-08 17:00:00+00:00,127,2,137.0,14.5,0.0,46.12,14.519999
2026-04-08 17:00:00+00:00,129,2,134.5,15.4,0.0,46.02,14.519999
2026-04-08 17:00:00+00:00,177,2,138.5,9.6,0.0,45.6,14.859999
2026-04-08 17:00:00+00:00,194,2,125.5,12.5,0.0,46.52,15.039999
2026-04-08 17:00:00+00:00,236,2,127.5,14.9,0.0,45.8,15.179998
2026-04-08 17:00:00+00:00,325,2,121.5,13.8,0.0,46.56,15.639999
2026-04-08 17:00:00+00:00,391,2,120.0,13.1,0.0,46.7,16.099998
2026-04-08 17:00:00+00:00,422,2,128.3,14.9,0.0,46.24,15.219999
2026-04-08 17:00:00+00:00,425,2,123.3,14.1,0.0,45.94,15.519999
2026-04-08 17:00:00+00:00,426,2,139.8,18.2,0.0,45.54,13.719999
2026-04-08 18:00:00+00:00,63,3,15.0,10.1,0.0,46.420002,14.08
2026-04-08 18:00:00+00:00,63,6,15.0,9.6,0.0,46.420002,14.08
2026-04-08 18:00:00+00:00,76,3,14.0,11.2,0.0,46.34,14.199999
2026-04-08 18:00:00+00:00,76,6,14.0,11.0,0.0,46.34,14.199999
2026-04-08 18:00:00+00:00,106,3,13.8,11.8,0.0,46.260002,14.4
2026-04-08 18:00:00+00:00,106,6,14.0,11.5,0.0,46.260002,14.4
2026-04-08 18:00:00+00:00,122,3,13.5,12.1,0.0,46.02,14.459999
2026-04-08 18:00:00+00:00,122,6,13.5,11.7,0.0,46.02,14.459999
2026-04-08 18:00:00+00:00,127,3,13.8,12.0,0.0,46.12,14.519999
2026-04-08 18:00:00+00:00,127,6,13.5,11.6,0.0,46.12,14.519999
2026-04-08 18:00:00+00:00,129,3,13.3,13.0,0.0,46.02,14.519999
2026-04-08 18:00:00+00:00,129,6,13.3,12.5,0.0,46.02,14.519999
2026-04-08 18:00:00+00:00,177,3,12.5,7.9,0.0,45.6,14.859999
2026-04-08 18:00:00+00:00,177,6,12.5,7.3,0.0,45.6,14.859999
2026-04-08 18:00:00+00:00,194,3,11.8,10.2,0.0,46.52,15.039999
2026-04-08 18:00:00+00:00,194,6,11.5,9.6,0.0,46.52,15.039999
2026-04-08 18:00:00+00:00,236,3,10.8,12.3,0.0,45.8,15.179998
2026-04-08 18:00:00+00:00,236,6,10.8,11.8,0.0,45.8,15.179998
2026-04-08 18:00:00+00:00,325,3,9.5,12.4,0.0,46.56,15.639999
2026-04-08 18:00:00+00:00,325,6,9.5,12.2,0.0,46.56,15.639999
2026-04-08 18:00:00+00:00,391,3,9.0,10.4,0.0,46.7,16.099998
2026-04-08 18:00:00+00:00,391,6,8.5,10.0,0.0,46.7,16.099998
2026-04-08 18:00:00+00:00,422,3,11.3,12.4,0.0,46.24,15.219999
2026-04-08 18:00:00+00:00,422,6,11.3,11.8,0.0,46.24,15.219999
2026-04-08 18:00:00+00:00,425,3,9.8,10.4,0.0,45.94,15.519999
2026-04-08 18:00:00+00:00,425,6,9.8,9.5,0.0,45.94,15.519999
2026-04-08 18:00:00+00:00,426,3,15.3,15.5,0.0,45.54,13.719999
2026-04-08 18:00:00+00:00,426,6,15.3,16.2,0.0,45.54,13.719999
2026-04-08 19:00:00+00:00,63,1,0.0,9.7,0.0,46.420002,14.08
2026-04-08 19:00:00+00:00,76,1,0.0,9.5,0.0,46.34,14.199999
2026-04-08 19:00:00+00:00,106,1,0.0,10.3,0.0,46.260002,14.4
2026-04-08 19:00:00+00:00,122,1,0.0,10.7,0.0,46.02,14.459999
2026-04-08 19:00:00+00:00,127,1,0.0,10.8,0.0,46.12,14.519999
2026-04-08 19:00:00+00:00,129,1,0.0,11.8,0.0,46.02,14.519999
2026-04-08 19:00:00+00:00,177,1,0.0,7.2,0.0,45.6,14.859999
2026-04-08 19:00:00+00:00,194,1,0.0,7.0,0.0,46.52,15.039999
2026-04-08 19:00:00+00:00,236,1,0.0,9.1,0.0,45.8,15.179998
2026-04-08 19:00:00+00:00,325,1,0.0,11.2,0.0,46.56,15.639999
2026-04-08 19:00:00+00:00,391,1,0.0,8.5,0.0,46.7,16.099998
2026-04-08 19:00:00+00:00,422,1,0.0,10.7,0.0,46.24,15.219999
2026-04-08 19:00:00+00:00,425,1,0.0,9.2,0.0,45.94,15.519999
2026-04-08 19:00:00+00:00,426,1,0.0,13.8,0.0,45.54,13.719999
2026-04-08 20:00:00+00:00,63,2,0.0,8.3,0.0,46.420002,14.08
2026-04-08 20:00:00+00:00,76,2,0.0,8.9,0.0,46.34,14.199999
2026-04-08 20:00:00+00:00,106,2,0.0,9.2,0.0,46.260002,14.4
2026-04-08 20:00:00+00:00,122,2,0.0,9.1,0.0,46.02,14.459999
2026-04-08 20:00:00+00:00,127,2,0.0,10.0,0.0,46.12,14.519999
2026-04-08 20:00:00+00:00,129,2,0.0,10.4,0.0,46.02,14.519999
2026-04-08 20:00:00+00:00,177,2,0.0,6.7,0.0,45.6,14.859999
2026-04-08 20:00:00+00:00,194,2,0.0,6.2,0.0,46.52,15.039999
2026-04-08 20:00:00+00:00,236,2,0.0,8.5,0.0,45.8,15.179998
2026-04-08 20:00:00+00:00,325,2,0.0,8.3,0.0,46.56,15.639999
2026-04-08 20:00:00+00:00,391,2,0.0,7.0,0.0,46.7,16.099998
2026-04-08 20:00:00+00:00,422,2,0.0,9.1,0.0,46.24,15.219999
2026-04-08 20:00:00+00:00,425,2,0.0,8.0,0.0,45.94,15.519999
2026-04-08 20:00:00+00:00,426,2,0.0,12.2,0.0,45.54,13.719999
2026-04-08 21:00:00+00:00,63,3,0.0,7.7,0.0,46.420002,14.08
2026-04-08 21:00:00+00:00,63,6,0.0,7.7,0.0,46.420002,14.08
2026-04-08 21:00:00+00:00,76,3,0.0,7.2,0.0,46.34,14.199999
2026-04-08 21:00:00+00:00,76,6,0.0,6.7,0.0,46.34,14.199999
2026-04-08 21:00:00+00:00,106,3,0.0,8.5,0.0,46.260002,14.4
2026-04-08 21:00:00+00:00,106,6,0.0,8.2,0.0,46.260002,14.4
2026-04-08 21:00:00+00:00,122,3,0.0,8.3,0.0,46.02,14.459999
2026-04-08 21:00:00+00:00,122,6,0.0,7.9,0.0,46.02,14.459999
2026-04-08 21:00:00+00:00,127,3,0.0,9.3,0.0,46.12,14.519999
2026-04-08 21:00:00+00:00,127,6,0.0,9.2,0.0,46.12,14.519999
2026-04-08 21:00:00+00:00,129,3,0.0,9.3,0.0,46.02,14.519999
2026-04-08 21:00:00+00:00,129,6,0.0,9.2,0.0,46.02,14.519999
2026-04-08 21:00:00+00:00,177,3,0.0,6.0,0.0,45.6,14.859999
2026-04-08 21:00:00+00:00,177,6,0.0,5.9,0.0,45.6,14.859999
2026-04-08 21:00:00+00:00,194,3,0.0,5.5,0.0,46.52,15.039999
2026-04-08 21:00:00+00:00,194,6,0.0,5.6,0.0,46.52,15.039999
2026-04-08 21:00:00+00:00,236,3,0.0,7.6,0.0,45.8,15.179998
2026-04-08 21:00:00+00:00,236,6,0.0,7.5,0.0,45.8,15.179998
2026-04-08 21:00:00+00:00,325,3,0.0,7.4,0.0,46.56,15.639999
2026-04-08 21:00:00+00:00,325,6,0.0,7.6,0.0,46.56,15.639999
2026-04-08 21:00:00+00:00,391,3,0.0,8.1,0.0,46.7,16.099998
2026-04-08 21:00:00+00:00,391,6,0.0,8.1,0.0,46.7,16.099998
2026-04-08 21:00:00+00:00,422,3,0.0,8.1,0.0,46.24,15.219999
2026-04-08 21:00:00+00:00,422,6,0.0,7.9,0.0,46.24,15.219999
2026-04-08 21:00:00+00:00,425,3,0.0,7.0,0.0,45.94,15.519999
2026-04-08 21:00:00+00:00,425,6,0.0,6.3,0.0,45.94,15.519999
2026-04-08 21:00:00+00:00,426,3,0.0,11.2,0.0,45.54,13.719999
2026-04-08 21:00:00+00:00,426,6,0.0,11.1,0.0,45.54,13.719999
2026-04-08 22:00:00+00:00,63,1,0.0,6.2,0.0,46.420002,14.08
2026-04-08 22:00:00+00:00,76,1,0.0,7.1,0.0,46.34,14.199999
2026-04-08 22:00:00+00:00,106,1,0.0,6.4,0.0,46.260002,14.4
2026-04-08 22:00:00+00:00,122,1,0.0,7.4,0.0,46.02,14.459999
2026-04-08 22:00:00+00:00,127,1,0.0,8.3,0.0,46.12,14.519999
2026-04-08 22:00:00+00:00,129,1,0.0,8.9,0.0,46.02,14.519999
2026-04-08 22:00:00+00:00,177,1,0.0,4.9,0.0,45.6,14.859999
2026-04-08 22:00:00+00:00,194,1,0.0,3.4,0.0,46.52,15.039999
2026-04-08 22:00:00+00:00,236,1,0.0,7.0,0.0,45.8,15.179998
2026-04-08 22:00:00+00:00,325,1,0.0,7.1,0.0,46.56,15.639999
2026-04-08 22:00:00+00:00,391,1,0.0,6.2,0.0,46.7,16.099998
2026-04-08 22:00:00+00:00,422,1,0.0,7.3,0.0,46.24,15.219999
2026-04-08 22:00:00+00:00,425,1,0.0,6.2,0.0,45.94,15.519999
2026-04-08 22:00:00+00:00,426,1,0.0,11.1,0.0,45.54,13.719999
2026-04-08 23:00:00+00:00,63,2,0.0,5.5,0.0,46.420002,14.08
2026-04-08 23:00:00+00:00,76,2,0.0,6.7,0.0,46.34,14.199999
2026-04-08 23:00:00+00:00,106,2,0.0,6.1,0.0,46.260002,14.4
2026-04-08 23:00:00+00:00,122,2,0.0,6.6,0.0,46.02,14.459999
2026-04-08 23:00:00+00:00,127,2,0.0,7.6,0.0,46.12,14.519999
2026-04-08 23:00:00+00:00,129,2,0.0,7.7,0.0,46.02,14.519999
2026-04-08 23:00:00+00:00,177,2,0.0,4.5,0.0,45.6,14.859999
2026-04-08 23:00:00+00:00,194,2,0.0,2.5,0.0,46.52,15.039999
2026-04-08 23:00:00+00:00,236,2,0.0,6.6,0.0,45.8,15.179998
2026-04-08 23:00:00+00:00,325,2,0.0,6.7,0.0,46.56,15.639999
2026-04-08 23:00:00+00:00,391,2,0.0,4.2,0.0,46.7,16.099998
2026-04-08 23:00:00+00:00,422,2,0.0,6.3,0.0,46.24,15.219999
2026-04-08 23:00:00+00:00,425,2,0.0,4.5,0.0,45.94,15.519999
2026-04-08 23:00:00+00:00,426,2,0.0,10.5,0.0,45.54,13.719999
2026-04-09 00:00:00+00:00,63,3,0.0,4.9,0.0,46.420002,14.08
2026-04-09 00:00:00+00:00,63,6,0.0,4.8,0.0,46.420002,14.08
2026-04-09 00:00:00+00:00,63,24,0.3,4.7,0.0,46.420002,14.08
2026-04-09 00:00:00+00:00,76,3,0.0,5.4,0.0,46.34,14.199999
2026-04-09 00:00:00+00:00,76,6,0.0,4.9,0.0,46.34,14.199999
2026-04-09 00:00:00+00:00,76,24,0.0,4.4,0.0,46.34,14.199999
2026-04-09 00:00:00+00:00,106,3,0.0,5.7,0.0,46.260002,14.4
2026-04-09 00:00:00+00:00,106,6,0.0,5.6,0.0,46.260002,14.4
2026-04-09 00:00:00+00:00,106,24,0.3,4.3,0.0,46.260002,14.4
2026-04-09 00:00:00+00:00,122,3,0.0,6.2,0.0,46.02,14.459999
2026-04-09 00:00:00+00:00,122,6,0.0,5.9,0.0,46.02,14.459999
2026-04-09 00:00:00+00:00,122,24,0.3,5.2,0.0,46.02,14.459999
2026-04-09 00:00:00+00:00,127,3,0.0,6.8,0.0,46.12,14.519999
2026-04-09 00:00:00+00:00,127,6,0.0,7.2,0.0,46.12,14.519999
2026-04-09 00:00:00+00:00,127,24,0.3,6.9,0.0,46.12,14.519999
2026-04-09 00:00:00+00:00,129,3,0.0,6.9,0.0,46.02,14.519999
2026-04-09 00:00:00+00:00,129,6,0.0,6.9,0.0,46.02,14.519999
2026-04-09 00:00:00+00:00,129,24,0.3,6.6,0.0,46.02,14.519999
2026-04-09 00:00:00+00:00,177,3,0.0,4.1,0.0,45.6,14.859999
2026-04-09 00:00:00+00:00,177,6,0.0,4.3,0.0,45.6,14.859999
2026-04-09 00:00:00+00:00,177,24,0.0,4.3,0.0,45.6,14.859999
2026-04-09 00:00:00+00:00,194,3,0.0,3.0,0.0,46.52,15.039999
2026-04-09 00:00:00+00:00,194,6,0.0,3.3,0.0,46.52,15.039999
2026-04-09 00:00:00+00:00,194,24,0.0,3.7,0.0,46.52,15.039999
2026-04-09 00:00:00+00:00,236,3,0.0,5.7,0.0,45.8,15.179998
2026-04-09 00:00:00+00:00,236,6,0.0,5.2,0.0,45.8,15.179998
2026-04-09 00:00:00+00:00,236,24,0.0,5.3,0.0,45.8,15.179998
2026-04-09 00:00:00+00:00,325,3,0.0,5.7,0.0,46.56,15.639999
2026-04-09 00:00:00+00:00,325,6,0.0,5.7,0.0,46.56,15.639999
2026-04-09 00:00:00+00:00,325,24,0.0,6.2,0.0,46.56,15.639999
2026-04-09 00:00:00+00:00,391,3,0.0,2.4,0.0,46.7,16.099998
2026-04-09 00:00:00+00:00,391,6,0.0,2.4,0.0,46.7,16.099998
2026-04-09 00:00:00+00:00,391,24,0.0,5.4,0.0,46.7,16.099998
2026-04-09 00:00:00+00:00,422,3,0.0,5.3,0.0,46.24,15.219999
2026-04-09 00:00:00+00:00,422,6,0.0,4.9,0.0,46.24,15.219999
2026-04-09 00:00:00+00:00,422,24,0.0,4.8,0.0,46.24,15.219999
2026-04-09 00:00:00+00:00,425,3,0.0,4.4,0.0,45.94,15.519999
2026-04-09 00:00:00+00:00,425,6,0.0,4.3,0.0,45.94,15.519999
2026-04-09 00:00:00+00:00,425,24,0.0,3.6,0.0,45.94,15.519999
2026-04-09 00:00:00+00:00,426,3,0.0,10.0,0.0,45.54,13.719999
2026-04-09 00:00:00+00:00,426,6,0.0,10.6,0.0,45.54,13.719999
2026-04-09 00:00:00+00:00,426,24,0.0,10.3,0.0,45.54,13.719999
2026-04-09 03:00:00+00:00,63,6,0.0,2.7,0.0,46.420002,14.08
2026-04-09 03:00:00+00:00,76,6,0.0,2.2,0.0,46.34,14.199999
2026-04-09 03:00:00+00:00,106,6,0.0,2.5,0.0,46.260002,14.4
2026-04-09 03:00:00+00:00,122,6,0.0,3.6,0.0,46.02,14.459999
2026-04-09 03:00:00+00:00,127,6,0.0,5.8,0.0,46.12,14.519999
2026-04-09 03:00:00+00:00,129,6,0.0,4.9,0.0,46.02,14.519999
2026-04-09 03:00:00+00:00,177,6,0.0,2.6,0.0,45.6,14.859999
2026-04-09 03:00:00+00:00,194,6,0.0,0.2,0.0,46.52,15.039999
2026-04-09 03:00:00+00:00,236,6,0.0,3.3,0.0,45.8,15.179998
2026-04-09 03:00:00+00:00,325,6,0.0,4.3,0.0,46.56,15.639999
2026-04-09 03:00:00+00:00,391,6,0.0,1.5,0.0,46.7,16.099998
2026-04-09 03:00:00+00:00,422,6,0.0,3.3,0.0,46.24,15.219999
2026-04-09 03:00:00+00:00,425,6,0.0,1.8,0.0,45.94,15.519999
2026-04-09 03:00:00+00:00,426,6,0.0,10.8,0.0,45.54,13.719999
2026-04-09 06:00:00+00:00,63,24,110.0,3.4,0.0,46.420002,14.08
2026-04-09 06:00:00+00:00,76,24,108.0,3.2,0.0,46.34,14.199999
2026-04-09 06:00:00+00:00,106,24,115.8,3.7,0.0,46.260002,14.4
2026-04-09 06:00:00+00:00,122,24,114.0,4.1,0.0,46.02,14.459999
2026-04-09 06:00:00+00:00,127,24,117.3,4.9,0.0,46.12,14.519999
2026-04-09 06:00:00+00:00,129,24,115.3,4.4,0.0,46.02,14.519999
2026-04-09 06:00:00+00:00,177,24,127.3,2.7,0.0,45.6,14.859999
2026-04-09 06:00:00+00:00,194,24,117.8,2.8,0.0,46.52,15.039999
2026-04-09 06:00:00+00:00,236,24,121.0,2.8,0.0,45.8,15.179998
2026-04-09 06:00:00+00:00,325,24,126.5,4.4,0.0,46.56,15.639999
2026-04-09 06:00:00+00:00,391,24,134.8,2.1,0.0,46.7,16.099998
2026-04-09 06:00:00+00:00,422,24,122.8,2.3,0.0,46.24,15.219999
2026-04-09 06:00:00+00:00,425,24,125.8,3.4,0.0,45.94,15.519999
2026-04-09 06:00:00+00:00,426,24,96.0,9.8,0.0,45.54,13.719999
2026-04-09 09:00:00+00:00,63,24,614.5,9.5,0.0,46.420002,14.08
2026-04-09 09:00:00+00:00,76,24,608.5,9.9,0.0,46.34,14.199999
2026-04-09 09:00:00+00:00,106,24,625.8,10.6,0.0,46.260002,14.4
2026-04-09 09:00:00+00:00,122,24,617.0,11.2,0.0,46.02,14.459999
2026-04-09 09:00:00+00:00,127,24,627.8,10.6,0.0,46.12,14.519999
2026-04-09 09:00:00+00:00,129,24,618.0,11.5,0.0,46.02,14.519999
2026-04-09 09:00:00+00:00,177,24,649.5,7.0,0.0,45.6,14.859999
2026-04-09 09:00:00+00:00,194,24,624.5,10.7,0.0,46.52,15.039999
2026-04-09 09:00:00+00:00,236,24,636.8,12.1,0.0,45.8,15.179998
2026-04-09 09:00:00+00:00,325,24,615.8,9.7,0.0,46.56,15.639999
2026-04-09 09:00:00+00:00,391,24,641.5,11.0,0.0,46.7,16.099998
2026-04-09 09:00:00+00:00,422,24,635.5,11.2,0.0,46.24,15.219999
2026-04-09 09:00:00+00:00,425,24,636.0,11.4,0.0,45.94,15.519999
2026-04-09 09:00:00+00:00,426,24,542.5,16.9,0.0,45.54,13.719999
2026-04-09 12:00:00+00:00,63,24,790.5,13.3,0.0,46.420002,14.08
2026-04-09 12:00:00+00:00,76,24,788.0,13.3,0.0,46.34,14.199999
2026-04-09 12:00:00+00:00,106,24,797.5,14.0,0.0,46.260002,14.4
2026-04-09 12:00:00+00:00,122,24,787.8,14.9,0.0,46.02,14.459999
2026-04-09 12:00:00+00:00,127,24,791.8,13.8,0.0,46.12,14.519999
2026-04-09 12:00:00+00:00,129,24,782.8,15.1,0.0,46.02,14.519999
2026-04-09 12:00:00+00:00,177,24,796.8,10.1,0.0,45.6,14.859999
2026-04-09 12:00:00+00:00,194,24,647.3,13.3,0.0,46.52,15.039999
2026-04-09 12:00:00+00:00,236,24,802.5,14.9,0.0,45.8,15.179998
2026-04-09 12:00:00+00:00,325,24,755.0,13.1,0.0,46.56,15.639999
2026-04-09 12:00:00+00:00,391,24,795.3,13.7,0.0,46.7,16.099998
2026-04-09 12:00:00+00:00,422,24,783.3,14.6,0.0,46.24,15.219999
2026-04-09 12:00:00+00:00,425,24,715.3,14.2,0.0,45.94,15.519999
2026-04-09 12:00:00+00:00,426,24,702.8,17.4,0.0,45.54,13.719999
2026-04-09 15:00:00+00:00,63,24,488.3,13.9,0.0,46.420002,14.08
2026-04-09 15:00:00+00:00,76,24,473.0,14.1,0.0,46.34,14.199999
2026-04-09 15:00:00+00:00,106,24,480.0,14.9,0.0,46.260002,14.4
2026-04-09 15:00:00+00:00,122,24,359.8,15.2,0.0,46.02,14.459999
2026-04-09 15:00:00+00:00,127,24,412.5,14.6,0.0,46.12,14.519999
2026-04-09 15:00:00+00:00,129,24,354.8,15.7,0.0,46.02,14.519999
2026-04-09 15:00:00+00:00,177,24,321.8,10.1,0.0,45.6,14.859999
2026-04-09 15:00:00+00:00,194,24,467.3,14.3,0.0,46.52,15.039999
2026-04-09 15:00:00+00:00,236,24,399.8,14.9,0.0,45.8,15.179998
2026-04-09 15:00:00+00:00,325,24,463.0,14.2,0.0,46.56,15.639999
2026-04-09 15:00:00+00:00,391,24,417.5,13.9,0.0,46.7,16.099998
2026-04-09 15:00:00+00:00,422,24,466.8,15.7,0.0,46.24,15.219999
2026-04-09 15:00:00+00:00,425,24,332.5,14.4,0.0,45.94,15.519999
2026-04-09 15:00:00+00:00,426,24,286.8,17.1,0.0,45.54,13.719999
2026-04-09 18:00:00+00:00,63,24,15.5,9.4,0.0,46.420002,14.08
2026-04-09 18:00:00+00:00,76,24,15.3,10.5,0.0,46.34,14.199999
2026-04-09 18:00:00+00:00,106,24,15.3,10.8,0.0,46.260002,14.4
2026-04-09 18:00:00+00:00,122,24,13.3,11.0,0.0,46.02,14.459999
2026-04-09 18:00:00+00:00,127,24,14.5,11.0,0.0,46.12,14.519999
2026-04-09 18:00:00+00:00,129,24,13.5,11.8,0.0,46.02,14.519999
2026-04-09 18:00:00+00:00,177,24,10.8,6.7,0.0,45.6,14.859999
2026-04-09 18:00:00+00:00,194,24,12.5,9.0,0.0,46.52,15.039999
2026-04-09 18:00:00+00:00,236,24,10.3,10.7,0.0,45.8,15.179998
2026-04-09 18:00:00+00:00,325,24,10.8,11.4,0.0,46.56,15.639999
2026-04-09 18:00:00+00:00,391,24,10.0,9.2,0.0,46.7,16.099998
2026-04-09 18:00:00+00:00,422,24,12.3,11.4,0.0,46.24,15.219999
2026-04-09 18:00:00+00:00,425,24,10.8,9.4,0.0,45.94,15.519999
2026-04-09 18:00:00+00:00,426,24,13.0,14.6,0.0,45.54,13.719999
2026-04-09 21:00:00+00:00,63,24,0.0,6.3,0.0,46.420002,14.08
2026-04-09 21:00:00+00:00,76,24,0.3,6.0,0.0,46.34,14.199999
2026-04-09 21:00:00+00:00,106,24,0.0,7.7,0.0,46.260002,14.4
2026-04-09 21:00:00+00:00,122,24,0.0,7.8,0.0,46.02,14.459999
2026-04-09 21:00:00+00:00,127,24,0.3,8.0,0.0,46.12,14.519999
2026-04-09 21:00:00+00:00,129,24,0.3,8.3,0.0,46.02,14.519999
2026-04-09 21:00:00+00:00,177,24,0.0,5.3,0.0,45.6,14.859999
2026-04-09 21:00:00+00:00,194,24,0.0,3.9,0.0,46.52,15.039999
2026-04-09 21:00:00+00:00,236,24,0.3,7.0,0.0,45.8,15.179998
2026-04-09 21:00:00+00:00,325,24,0.0,7.4,0.0,46.56,15.639999
2026-04-09 21:00:00+00:00,391,24,0.0,4.8,0.0,46.7,16.099998
2026-04-09 21:00:00+00:00,422,24,0.0,6.8,0.0,46.24,15.219999
2026-04-09 21:00:00+00:00,425,24,0.0,6.6,0.0,45.94,15.519999
2026-04-09 21:00:00+00:00,426,24,0.0,9.3,0.0,45.54,13.719999
2026-04-09 01:00:00+00:00,63,1,0.0,4.1,0.0,46.420002,14.08
2026-04-09 01:00:00+00:00,76,1,0.0,3.7,0.0,46.34,14.199999
2026-04-09 01:00:00+00:00,106,1,0.0,3.3,0.0,46.260002,14.4
2026-04-09 01:00:00+00:00,122,1,0.0,5.7,0.0,46.02,14.459999
2026-04-09 01:00:00+00:00,127,1,0.0,5.7,0.0,46.12,14.519999
2026-04-09 01:00:00+00:00,129,1,0.0,5.4,0.0,46.02,14.519999
2026-04-09 01:00:00+00:00,177,1,0.0,3.8,0.0,45.6,14.859999
2026-04-09 01:00:00+00:00,194,1,0.0,1.7,0.0,46.52,15.039999
2026-04-09 01:00:00+00:00,236,1,0.0,4.5,0.0,45.8,15.179998
2026-04-09 01:00:00+00:00,325,1,0.0,4.7,0.0,46.56,15.639999
2026-04-09 01:00:00+00:00,391,1,0.0,2.7,0.0,46.7,16.099998
2026-04-09 01:00:00+00:00,422,1,0.0,4.5,0.0,46.24,15.219999
2026-04-09 01:00:00+00:00,425,1,0.0,2.5,0.0,45.94,15.519999
2026-04-09 01:00:00+00:00,426,1,0.0,11.6,0.0,45.54,13.719999
2026-04-09 02:00:00+00:00,63,2,0.0,1.6,0.0,46.420002,14.08
2026-04-09 02:00:00+00:00,76,2,0.0,3.0,0.0,46.34,14.199999
2026-04-09 02:00:00+00:00,106,2,0.0,2.5,0.0,46.260002,14.4
2026-04-09 02:00:00+00:00,122,2,0.0,4.4,0.0,46.02,14.459999
2026-04-09 02:00:00+00:00,127,2,0.0,5.8,0.0,46.12,14.519999
2026-04-09 02:00:00+00:00,129,2,0.0,4.9,0.0,46.02,14.519999
2026-04-09 02:00:00+00:00,177,2,0.0,3.3,0.0,45.6,14.859999
2026-04-09 02:00:00+00:00,194,2,0.0,0.6,0.0,46.52,15.039999
2026-04-09 02:00:00+00:00,236,2,0.0,3.1,0.0,45.8,15.179998
2026-04-09 02:00:00+00:00,325,2,0.0,4.2,0.0,46.56,15.639999
2026-04-09 02:00:00+00:00,391,2,0.0,2.6,0.0,46.7,16.099998
2026-04-09 02:00:00+00:00,422,2,0.0,3.9,0.0,46.24,15.219999
2026-04-09 02:00:00+00:00,425,2,0.0,1.8,0.0,45.94,15.519999
2026-04-09 02:00:00+00:00,426,2,0.0,11.5,0.0,45.54,13.719999
2026-04-09 03:00:00+00:00,63,3,0.0,1.2,0.0,46.420002,14.08
2026-04-09 03:00:00+00:00,76,3,0.0,1.6,0.0,46.34,14.199999
2026-04-09 03:00:00+00:00,106,3,0.0,1.8,0.0,46.260002,14.4
2026-04-09 03:00:00+00:00,122,3,0.0,2.6,0.0,46.02,14.459999
2026-04-09 03:00:00+00:00,127,3,0.0,5.4,0.0,46.12,14.519999
2026-04-09 03:00:00+00:00,129,3,0.0,3.0,0.0,46.02,14.519999
2026-04-09 03:00:00+00:00,177,3,0.0,2.3,0.0,45.6,14.859999
2026-04-09 03:00:00+00:00,194,3,0.0,0.8,0.0,46.52,15.039999
2026-04-09 03:00:00+00:00,236,3,0.0,2.8,0.0,45.8,15.179998
2026-04-09 03:00:00+00:00,325,3,0.0,3.5,0.0,46.56,15.639999
2026-04-09 03:00:00+00:00,391,3,0.0,1.5,0.0,46.7,16.099998
2026-04-09 03:00:00+00:00,422,3,0.0,3.2,0.0,46.24,15.219999
2026-04-09 03:00:00+00:00,425,3,0.0,2.2,0.0,45.94,15.519999
2026-04-09 03:00:00+00:00,426,3,0.0,11.2,0.0,45.54,13.719999
2026-04-09 06:00:00+00:00,63,6,109.0,3.5,0.0,46.420002,14.08
2026-04-09 06:00:00+00:00,76,6,106.8,3.2,0.0,46.34,14.199999
2026-04-09 06:00:00+00:00,106,6,115.5,4.0,0.0,46.260002,14.4
2026-04-09 06:00:00+00:00,122,6,112.5,4.3,0.0,46.02,14.459999
2026-04-09 06:00:00+00:00,127,6,116.8,4.9,0.0,46.12,14.519999
2026-04-09 06:00:00+00:00,129,6,114.5,4.6,0.0,46.02,14.519999
2026-04-09 06:00:00+00:00,177,6,127.8,2.0,0.0,45.6,14.859999
2026-04-09 06:00:00+00:00,194,6,117.0,3.1,0.0,46.52,15.039999
2026-04-09 06:00:00+00:00,236,6,119.0,2.8,0.0,45.8,15.179998
2026-04-09 06:00:00+00:00,325,6,125.5,3.8,0.0,46.56,15.639999
2026-04-09 06:00:00+00:00,391,6,135.0,2.5,0.0,46.7,16.099998
2026-04-09 06:00:00+00:00,422,6,123.3,2.7,0.0,46.24,15.219999
2026-04-09 06:00:00+00:00,425,6,125.5,3.9,0.0,45.94,15.519999
2026-04-09 06:00:00+00:00,426,6,92.3,11.4,0.0,45.54,13.719999
2026-04-09 07:00:00+00:00,63,1,255.8,6.0,0.0,46.420002,14.08
2026-04-09 07:00:00+00:00,76,1,252.0,5.7,0.0,46.34,14.199999
2026-04-09 07:00:00+00:00,106,1,260.8,6.2,0.0,46.260002,14.4
2026-04-09 07:00:00+00:00,122,1,268.3,6.6,0.0,46.02,14.459999
2026-04-09 07:00:00+00:00,127,1,264.3,6.4,0.0,46.12,14.519999
2026-04-09 07:00:00+00:00,129,1,262.8,6.9,0.0,46.02,14.519999
2026-04-09 07:00:00+00:00,177,1,301.5,3.2,0.0,45.6,14.859999
2026-04-09 07:00:00+00:00,194,1,289.5,6.4,0.0,46.52,15.039999
2026-04-09 07:00:00+00:00,236,1,288.3,6.4,0.0,45.8,15.179998
2026-04-09 07:00:00+00:00,325,1,302.0,6.4,0.0,46.56,15.639999
2026-04-09 07:00:00+00:00,391,1,312.5,5.7,0.0,46.7,16.099998
2026-04-09 07:00:00+00:00,422,1,298.5,6.4,0.0,46.24,15.219999
2026-04-09 07:00:00+00:00,425,1,300.8,6.8,0.0,45.94,15.519999
2026-04-09 07:00:00+00:00,426,1,243.5,11.9,0.0,45.54,13.719999
2026-04-09 08:00:00+00:00,63,2,405.8,7.1,0.0,46.420002,14.08
2026-04-09 08:00:00+00:00,76,2,401.0,7.5,0.0,46.34,14.199999
2026-04-09 08:00:00+00:00,106,2,402.0,7.9,0.0,46.260002,14.4
2026-04-09 08:00:00+00:00,122,2,411.5,8.5,0.0,46.02,14.459999
2026-04-09 08:00:00+00:00,127,2,398.5,7.6,0.0,46.12,14.519999
2026-04-09 08:00:00+00:00,129,2,397.5,8.6,0.0,46.02,14.519999
2026-04-09 08:00:00+00:00,177,2,460.8,4.7,0.0,45.6,14.859999
2026-04-09 08:00:00+00:00,194,2,467.0,8.3,0.0,46.52,15.039999
2026-04-09 08:00:00+00:00,236,2,435.5,9.0,0.0,45.8,15.179998
2026-04-09 08:00:00+00:00,325,2,479.0,7.7,0.0,46.56,15.639999
2026-04-09 08:00:00+00:00,391,2,488.8,8.0,0.0,46.7,16.099998
2026-04-09 08:00:00+00:00,422,2,473.3,8.7,0.0,46.24,15.219999
2026-04-09 08:00:00+00:00,425,2,444.3,8.8,0.0,45.94,15.519999
2026-04-09 08:00:00+00:00,426,2,398.3,15.0,0.0,45.54,13.719999
2026-04-09 09:00:00+00:00,63,3,545.5,8.6,0.0,46.420002,14.08
2026-04-09 09:00:00+00:00,76,3,532.5,9.0,0.0,46.34,14.199999
2026-04-09 09:00:00+00:00,106,3,558.3,9.6,0.0,46.260002,14.4
2026-04-09 09:00:00+00:00,122,3,510.0,9.9,0.0,46.02,14.459999
2026-04-09 09:00:00+00:00,127,3,541.3,9.3,0.0,46.12,14.519999
2026-04-09 09:00:00+00:00,129,3,515.0,10.0,0.0,46.02,14.519999
2026-04-09 09:00:00+00:00,177,3,552.5,6.1,0.0,45.6,14.859999
2026-04-09 09:00:00+00:00,194,3,620.8,10.1,0.0,46.52,15.039999
2026-04-09 09:00:00+00:00,236,3,517.5,10.5,0.0,45.8,15.179998
2026-04-09 09:00:00+00:00,325,3,624.5,9.0,0.0,46.56,15.639999
2026-04-09 09:00:00+00:00,391,3,630.8,10.0,0.0,46.7,16.099998
2026-04-09 09:00:00+00:00,422,3,619.5,10.3,0.0,46.24,15.219999
2026-04-09 09:00:00+00:00,425,3,539.5,10.4,0.0,45.94,15.519999
2026-04-09 09:00:00+00:00,426,3,510.0,16.7,0.0,45.54,13.719999
2026-04-09 10:00:00+00:00,63,1,709.5,10.2,0.0,46.420002,14.08
2026-04-09 10:00:00+00:00,76,1,699.5,10.6,0.0,46.34,14.199999
2026-04-09 10:00:00+00:00,106,1,704.8,11.0,0.0,46.260002,14.4
2026-04-09 10:00:00+00:00,122,1,675.0,11.6,0.0,46.02,14.459999
2026-04-09 10:00:00+00:00,127,1,662.8,10.8,0.0,46.12,14.519999
2026-04-09 10:00:00+00:00,129,1,669.0,11.9,0.0,46.02,14.519999
2026-04-09 10:00:00+00:00,177,1,635.0,7.5,0.0,45.6,14.859999
2026-04-09 10:00:00+00:00,194,1,727.5,11.4,0.0,46.52,15.039999
2026-04-09 10:00:00+00:00,236,1,661.3,11.9,0.0,45.8,15.179998
2026-04-09 10:00:00+00:00,325,1,733.8,10.5,0.0,46.56,15.639999
2026-04-09 10:00:00+00:00,391,1,743.0,11.5,0.0,46.7,16.099998
2026-04-09 10:00:00+00:00,422,1,714.8,11.7,0.0,46.24,15.219999
2026-04-09 10:00:00+00:00,425,1,649.3,11.7,0.0,45.94,15.519999
2026-04-09 10:00:00+00:00,426,1,606.0,17.4,0.0,45.54,13.719999
2026-04-09 11:00:00+00:00,63,2,779.0,11.7,0.0,46.420002,14.08
2026-04-09 11:00:00+00:00,76,2,775.5,12.0,0.0,46.34,14.199999
2026-04-09 11:00:00+00:00,106,2,788.5,12.5,0.0,46.260002,14.4
2026-04-09 11:00:00+00:00,122,2,779.0,13.4,0.0,46.02,14.459999
2026-04-09 11:00:00+00:00,127,2,779.5,12.4,0.0,46.12,14.519999
2026-04-09 11:00:00+00:00,129,2,780.3,13.6,0.0,46.02,14.519999
2026-04-09 11:00:00+00:00,177,2,701.3,9.2,0.0,45.6,14.859999
2026-04-09 11:00:00+00:00,194,2,787.8,12.8,0.0,46.52,15.039999
2026-04-09 11:00:00+00:00,236,2,745.0,13.4,0.0,45.8,15.179998
2026-04-09 11:00:00+00:00,325,2,770.8,11.6,0.0,46.56,15.639999
2026-04-09 11:00:00+00:00,391,2,802.5,12.5,0.0,46.7,16.099998
2026-04-09 11:00:00+00:00,422,2,800.8,13.2,0.0,46.24,15.219999
2026-04-09 11:00:00+00:00,425,2,761.3,13.1,0.0,45.94,15.519999
2026-04-09 11:00:00+00:00,426,2,735.5,17.8,0.0,45.54,13.719999
2026-04-09 12:00:00+00:00,63,3,750.3,13.0,0.0,46.420002,14.08
2026-04-09 12:00:00+00:00,63,6,773.3,13.1,0.0,46.420002,14.08
2026-04-09 12:00:00+00:00,76,3,756.5,13.0,0.0,46.34,14.199999
2026-04-09 12:00:00+00:00,76,6,768.8,13.0,0.0,46.34,14.199999
2026-04-09 12:00:00+00:00,106,3,776.3,13.6,0.0,46.260002,14.4
2026-04-09 12:00:00+00:00,106,6,788.3,13.7,0.0,46.260002,14.4
2026-04-09 12:00:00+00:00,122,3,764.3,14.6,0.0,46.02,14.459999
2026-04-09 12:00:00+00:00,122,6,768.8,14.4,0.0,46.02,14.459999
2026-04-09 12:00:00+00:00,127,3,769.5,13.5,0.0,46.12,14.519999
2026-04-09 12:00:00+00:00,127,6,788.5,13.6,0.0,46.12,14.519999
2026-04-09 12:00:00+00:00,129,3,767.3,14.8,0.0,46.02,14.519999
2026-04-09 12:00:00+00:00,129,6,775.0,14.6,0.0,46.02,14.519999
2026-04-09 12:00:00+00:00,177,3,797.8,10.3,0.0,45.6,14.859999
2026-04-09 12:00:00+00:00,177,6,805.0,9.9,0.0,45.6,14.859999
2026-04-09 12:00:00+00:00,194,3,747.5,13.5,0.0,46.52,15.039999
2026-04-09 12:00:00+00:00,194,6,700.8,13.2,0.0,46.52,15.039999
2026-04-09 12:00:00+00:00,236,3,782.3,14.5,0.0,45.8,15.179998
2026-04-09 12:00:00+00:00,236,6,716.3,14.1,0.0,45.8,15.179998
2026-04-09 12:00:00+00:00,325,3,710.0,12.7,0.0,46.56,15.639999
2026-04-09 12:00:00+00:00,325,6,676.0,12.5,0.0,46.56,15.639999
2026-04-09 12:00:00+00:00,391,3,798.0,13.2,0.0,46.7,16.099998
2026-04-09 12:00:00+00:00,391,6,751.8,12.9,0.0,46.7,16.099998
2026-04-09 12:00:00+00:00,422,3,795.0,14.3,0.0,46.24,15.219999
2026-04-09 12:00:00+00:00,422,6,795.3,14.2,0.0,46.24,15.219999
2026-04-09 12:00:00+00:00,425,3,779.0,14.0,0.0,45.94,15.519999
2026-04-09 12:00:00+00:00,425,6,701.5,13.6,0.0,45.94,15.519999
2026-04-09 12:00:00+00:00,426,3,578.8,17.4,0.0,45.54,13.719999
2026-04-09 12:00:00+00:00,426,6,682.8,17.6,0.0,45.54,13.719999
2026-04-09 13:00:00+00:00,63,1,726.0,13.3,0.0,46.420002,14.08
2026-04-09 13:00:00+00:00,76,1,713.3,13.4,0.0,46.34,14.199999
2026-04-09 13:00:00+00:00,106,1,720.5,14.2,0.0,46.260002,14.4
2026-04-09 13:00:00+00:00,122,1,669.5,15.0,0.0,46.02,14.459999
2026-04-09 13:00:00+00:00,127,1,701.3,14.2,0.0,46.12,14.519999
2026-04-09 13:00:00+00:00,129,1,685.5,15.4,0.0,46.02,14.519999
2026-04-09 13:00:00+00:00,177,1,705.5,11.2,0.0,45.6,14.859999
2026-04-09 13:00:00+00:00,194,1,642.0,14.0,0.0,46.52,15.039999
2026-04-09 13:00:00+00:00,236,1,720.5,15.3,0.0,45.8,15.179998
2026-04-09 13:00:00+00:00,325,1,654.0,13.5,0.0,46.56,15.639999
2026-04-09 13:00:00+00:00,391,1,670.3,13.4,0.0,46.7,16.099998
2026-04-09 13:00:00+00:00,422,1,687.5,15.1,0.0,46.24,15.219999
2026-04-09 13:00:00+00:00,425,1,659.3,14.5,0.0,45.94,15.519999
2026-04-09 13:00:00+00:00,426,1,482.3,17.2,0.0,45.54,13.719999
2026-04-09 14:00:00+00:00,63,2,630.8,13.8,0.0,46.420002,14.08
2026-04-09 14:00:00+00:00,76,2,613.5,14.1,0.0,46.34,14.199999
2026-04-09 14:00:00+00:00,106,2,619.8,14.8,0.0,46.260002,14.4
2026-04-09 14:00:00+00:00,122,2,529.0,15.5,0.0,46.02,14.459999
2026-04-09 14:00:00+00:00,127,2,577.3,14.8,0.0,46.12,14.519999
2026-04-09 14:00:00+00:00,129,2,536.8,15.8,0.0,46.02,14.519999
2026-04-09 14:00:00+00:00,177,2,550.0,11.2,0.0,45.6,14.859999
2026-04-09 14:00:00+00:00,194,2,591.0,14.4,0.0,46.52,15.039999
2026-04-09 14:00:00+00:00,236,2,519.0,15.6,0.0,45.8,15.179998
2026-04-09 14:00:00+00:00,325,2,593.0,14.2,0.0,46.56,15.639999
2026-04-09 14:00:00+00:00,391,2,560.0,13.6,0.0,46.7,16.099998
2026-04-09 14:00:00+00:00,422,2,590.8,15.6,0.0,46.24,15.219999
2026-04-09 14:00:00+00:00,425,2,421.0,14.2,0.0,45.94,15.519999
2026-04-09 14:00:00+00:00,426,2,397.5,17.0,0.0,45.54,13.719999
2026-04-09 15:00:00+00:00,63,3,485.5,13.8,0.0,46.420002,14.08
2026-04-09 15:00:00+00:00,63,6,487.3,14.1,0.0,46.420002,14.08
2026-04-09 15:00:00+00:00,76,3,475.0,14.2,0.0,46.34,14.199999
2026-04-09 15:00:00+00:00,76,6,475.5,14.4,0.0,46.34,14.199999
2026-04-09 15:00:00+00:00,106,3,472.3,15.0,0.0,46.260002,14.4
2026-04-09 15:00:00+00:00,106,6,474.3,15.0,0.0,46.260002,14.4
2026-04-09 15:00:00+00:00,122,3,413.0,15.6,0.0,46.02,14.459999
2026-04-09 15:00:00+00:00,122,6,366.5,15.4,0.0,46.02,14.459999
2026-04-09 15:00:00+00:00,127,3,444.3,14.8,0.0,46.12,14.519999
2026-04-09 15:00:00+00:00,127,6,412.8,14.8,0.0,46.12,14.519999
2026-04-09 15:00:00+00:00,129,3,397.5,15.7,0.0,46.02,14.519999
2026-04-09 15:00:00+00:00,129,6,365.8,15.7,0.0,46.02,14.519999
2026-04-09 15:00:00+00:00,177,3,396.8,10.6,0.0,45.6,14.859999
2026-04-09 15:00:00+00:00,177,6,320.8,10.1,0.0,45.6,14.859999
2026-04-09 15:00:00+00:00,194,3,471.8,14.2,0.0,46.52,15.039999
2026-04-09 15:00:00+00:00,194,6,477.5,14.2,0.0,46.52,15.039999
2026-04-09 15:00:00+00:00,236,3,371.5,15.3,0.0,45.8,15.179998
2026-04-09 15:00:00+00:00,236,6,351.0,15.0,0.0,45.8,15.179998
2026-04-09 15:00:00+00:00,325,3,472.5,14.2,0.0,46.56,15.639999
2026-04-09 15:00:00+00:00,325,6,471.8,14.2,0.0,46.56,15.639999
2026-04-09 15:00:00+00:00,391,3,382.0,13.4,0.0,46.7,16.099998
2026-04-09 15:00:00+00:00,391,6,388.0,13.6,0.0,46.7,16.099998
2026-04-09 15:00:00+00:00,422,3,478.5,15.4,0.0,46.24,15.219999
2026-04-09 15:00:00+00:00,422,6,483.5,15.2,0.0,46.24,15.219999
2026-04-09 15:00:00+00:00,425,3,339.3,14.1,0.0,45.94,15.519999
2026-04-09 15:00:00+00:00,425,6,402.0,14.4,0.0,45.94,15.519999
2026-04-09 15:00:00+00:00,426,3,297.3,16.2,0.0,45.54,13.719999
2026-04-09 15:00:00+00:00,426,6,271.5,16.2,0.0,45.54,13.719999
2026-04-09 16:00:00+00:00,63,1,316.3,13.2,0.0,46.420002,14.08
2026-04-09 16:00:00+00:00,76,1,310.8,13.7,0.0,46.34,14.199999
2026-04-09 16:00:00+00:00,106,1,318.3,14.5,0.0,46.260002,14.4
2026-04-09 16:00:00+00:00,122,1,288.3,14.9,0.0,46.02,14.459999
2026-04-09 16:00:00+00:00,127,1,304.0,14.5,0.0,46.12,14.519999
2026-04-09 16:00:00+00:00,129,1,279.8,15.1,0.0,46.02,14.519999
2026-04-09 16:00:00+00:00,177,1,249.5,9.5,0.0,45.6,14.859999
2026-04-09 16:00:00+00:00,194,1,301.5,13.3,0.0,46.52,15.039999
2026-04-09 16:00:00+00:00,236,1,242.5,14.6,0.0,45.8,15.179998
2026-04-09 16:00:00+00:00,325,1,297.3,13.8,0.0,46.56,15.639999
2026-04-09 16:00:00+00:00,391,1,296.0,13.2,0.0,46.7,16.099998
2026-04-09 16:00:00+00:00,422,1,308.0,14.9,0.0,46.24,15.219999
2026-04-09 16:00:00+00:00,425,1,251.8,14.0,0.0,45.94,15.519999
2026-04-09 16:00:00+00:00,426,1,209.0,15.0,0.0,45.54,13.719999
2026-04-09 17:00:00+00:00,63,2,138.3,11.6,0.0,46.420002,14.08
2026-04-09 17:00:00+00:00,76,2,134.8,12.7,0.0,46.34,14.199999
2026-04-09 17:00:00+00:00,106,2,140.0,13.7,0.0,46.260002,14.4
2026-04-09 17:00:00+00:00,122,2,130.5,13.8,0.0,46.02,14.459999
2026-04-09 17:00:00+00:00,127,2,137.5,13.5,0.0,46.12,14.519999
2026-04-09 17:00:00+00:00,129,2,131.0,13.7,0.0,46.02,14.519999
2026-04-09 17:00:00+00:00,177,2,109.8,8.2,0.0,45.6,14.859999
2026-04-09 17:00:00+00:00,194,2,127.0,11.7,0.0,46.52,15.039999
2026-04-09 17:00:00+00:00,236,2,118.3,13.2,0.0,45.8,15.179998
2026-04-09 17:00:00+00:00,325,2,122.0,13.0,0.0,46.56,15.639999
2026-04-09 17:00:00+00:00,391,2,121.5,12.0,0.0,46.7,16.099998
2026-04-09 17:00:00+00:00,422,2,130.5,13.5,0.0,46.24,15.219999
2026-04-09 17:00:00+00:00,425,2,119.3,12.6,0.0,45.94,15.519999
2026-04-09 17:00:00+00:00,426,2,99.5,14.8,0.0,45.54,13.719999
2026-04-09 18:00:00+00:00,63,3,15.5,9.2,0.0,46.420002,14.08
2026-04-09 18:00:00+00:00,63,6,16.0,9.4,0.0,46.420002,14.08
2026-04-09 18:00:00+00:00,76,3,15.5,10.0,0.0,46.34,14.199999
2026-04-09 18:00:00+00:00,76,6,15.3,10.0,0.0,46.34,14.199999
2026-04-09 18:00:00+00:00,106,3,15.3,10.2,0.0,46.260002,14.4
2026-04-09 18:00:00+00:00,106,6,15.3,10.2,0.0,46.260002,14.4
2026-04-09 18:00:00+00:00,122,3,14.5,10.8,0.0,46.02,14.459999
2026-04-09 18:00:00+00:00,122,6,14.5,10.7,0.0,46.02,14.459999
2026-04-09 18:00:00+00:00,127,3,14.5,10.7,0.0,46.12,14.519999
2026-04-09 18:00:00+00:00,127,6,14.5,10.7,0.0,46.12,14.519999
2026-04-09 18:00:00+00:00,129,3,14.3,11.4,0.0,46.02,14.519999
2026-04-09 18:00:00+00:00,129,6,14.3,11.4,0.0,46.02,14.519999
2026-04-09 18:00:00+00:00,177,3,11.5,6.7,0.0,45.6,14.859999
2026-04-09 18:00:00+00:00,177,6,12.5,6.7,0.0,45.6,14.859999
2026-04-09 18:00:00+00:00,194,3,11.5,9.3,0.0,46.52,15.039999
2026-04-09 18:00:00+00:00,194,6,11.3,9.0,0.0,46.52,15.039999
2026-04-09 18:00:00+00:00,236,3,11.8,10.1,0.0,45.8,15.179998
2026-04-09 18:00:00+00:00,236,6,11.3,10.0,0.0,45.8,15.179998
2026-04-09 18:00:00+00:00,325,3,10.5,11.6,0.0,46.56,15.639999
2026-04-09 18:00:00+00:00,325,6,10.8,11.5,0.0,46.56,15.639999
2026-04-09 18:00:00+00:00,391,3,10.0,9.1,0.0,46.7,16.099998
2026-04-09 18:00:00+00:00,391,6,10.0,8.8,0.0,46.7,16.099998
2026-04-09 18:00:00+00:00,422,3,12.0,10.6,0.0,46.24,15.219999
2026-04-09 18:00:00+00:00,422,6,12.0,10.6,0.0,46.24,15.219999
2026-04-09 18:00:00+00:00,425,3,10.5,9.3,0.0,45.94,15.519999
2026-04-09 18:00:00+00:00,425,6,10.5,9.2,0.0,45.94,15.519999
2026-04-09 18:00:00+00:00,426,3,16.0,13.7,0.0,45.54,13.719999
2026-04-09 18:00:00+00:00,426,6,14.8,14.0,0.0,45.54,13.719999
2026-04-09 19:00:00+00:00,63,1,0.0,8.4,0.0,46.420002,14.08
2026-04-09 19:00:00+00:00,76,1,0.0,7.9,0.0,46.34,14.199999
2026-04-09 19:00:00+00:00,106,1,0.0,8.5,0.0,46.260002,14.4
2026-04-09 19:00:00+00:00,122,1,0.0,9.2,0.0,46.02,14.459999
2026-04-09 19:00:00+00:00,127,1,0.0,9.5,0.0,46.12,14.519999
2026-04-09 19:00:00+00:00,129,1,0.0,10.6,0.0,46.02,14.519999
2026-04-09 19:00:00+00:00,177,1,0.0,5.7,0.0,45.6,14.859999
2026-04-09 19:00:00+00:00,194,1,0.0,7.5,0.0,46.52,15.039999
2026-04-09 19:00:00+00:00,236,1,0.0,9.3,0.0,45.8,15.179998
2026-04-09 19:00:00+00:00,325,1,0.0,10.3,0.0,46.56,15.639999
2026-04-09 19:00:00+00:00,391,1,0.0,7.6,0.0,46.7,16.099998
2026-04-09 19:00:00+00:00,422,1,0.0,8.6,0.0,46.24,15.219999
2026-04-09 19:00:00+00:00,425,1,0.0,7.8,0.0,45.94,15.519999
2026-04-09 19:00:00+00:00,426,1,0.0,12.5,0.0,45.54,13.719999
2026-04-09 20:00:00+00:00,63,2,0.0,7.4,0.0,46.420002,14.08
2026-04-09 20:00:00+00:00,76,2,0.0,7.0,0.0,46.34,14.199999
2026-04-09 20:00:00+00:00,106,2,0.0,7.4,0.0,46.260002,14.4
2026-04-09 20:00:00+00:00,122,2,0.0,7.9,0.0,46.02,14.459999
2026-04-09 20:00:00+00:00,127,2,0.0,8.7,0.0,46.12,14.519999
2026-04-09 20:00:00+00:00,129,2,0.0,9.4,0.0,46.02,14.519999
2026-04-09 20:00:00+00:00,177,2,0.0,5.4,0.0,45.6,14.859999
2026-04-09 20:00:00+00:00,194,2,0.0,6.3,0.0,46.52,15.039999
2026-04-09 20:00:00+00:00,236,2,0.0,7.5,0.0,45.8,15.179998
2026-04-09 20:00:00+00:00,325,2,0.0,9.4,0.0,46.56,15.639999
2026-04-09 20:00:00+00:00,391,2,0.0,6.5,0.0,46.7,16.099998
2026-04-09 20:00:00+00:00,422,2,0.0,6.5,0.0,46.24,15.219999
2026-04-09 20:00:00+00:00,425,2,0.0,6.9,0.0,45.94,15.519999
2026-04-09 20:00:00+00:00,426,2,0.0,11.7,0.0,45.54,13.719999
2026-04-09 21:00:00+00:00,63,3,0.0,6.1,0.0,46.420002,14.08
2026-04-09 21:00:00+00:00,63,6,0.0,6.1,0.0,46.420002,14.08
2026-04-09 21:00:00+00:00,76,3,0.0,6.0,0.0,46.34,14.199999
2026-04-09 21:00:00+00:00,76,6,0.0,5.8,0.0,46.34,14.199999
2026-04-09 21:00:00+00:00,106,3,0.0,7.6,0.0,46.260002,14.4
2026-04-09 21:00:00+00:00,106,6,0.0,7.4,0.0,46.260002,14.4
2026-04-09 21:00:00+00:00,122,3,0.0,7.9,0.0,46.02,14.459999
2026-04-09 21:00:00+00:00,122,6,0.0,7.8,0.0,46.02,14.459999
2026-04-09 21:00:00+00:00,127,3,0.0,8.3,0.0,46.12,14.519999
2026-04-09 21:00:00+00:00,127,6,0.0,7.9,0.0,46.12,14.519999
2026-04-09 21:00:00+00:00,129,3,0.0,8.2,0.0,46.02,14.519999
2026-04-09 21:00:00+00:00,129,6,0.0,8.0,0.0,46.02,14.519999
2026-04-09 21:00:00+00:00,177,3,0.0,5.3,0.0,45.6,14.859999
2026-04-09 21:00:00+00:00,177,6,0.0,5.4,0.0,45.6,14.859999
2026-04-09 21:00:00+00:00,194,3,0.0,4.3,0.0,46.52,15.039999
2026-04-09 21:00:00+00:00,194,6,0.0,4.4,0.0,46.52,15.039999
2026-04-09 21:00:00+00:00,236,3,0.0,6.5,0.0,45.8,15.179998
2026-04-09 21:00:00+00:00,236,6,0.0,6.1,0.0,45.8,15.179998
2026-04-09 21:00:00+00:00,325,3,0.0,8.4,0.0,46.56,15.639999
2026-04-09 21:00:00+00:00,325,6,0.0,7.3,0.0,46.56,15.639999
2026-04-09 21:00:00+00:00,391,3,0.0,5.8,0.0,46.7,16.099998
2026-04-09 21:00:00+00:00,391,6,0.0,5.5,0.0,46.7,16.099998
2026-04-09 21:00:00+00:00,422,3,0.0,6.1,0.0,46.24,15.219999
2026-04-09 21:00:00+00:00,422,6,0.0,5.5,0.0,46.24,15.219999
2026-04-09 21:00:00+00:00,425,3,0.0,6.2,0.0,45.94,15.519999
2026-04-09 21:00:00+00:00,425,6,0.0,6.1,0.0,45.94,15.519999
2026-04-09 21:00:00+00:00,426,3,0.0,9.3,0.0,45.54,13.719999
2026-04-09 21:00:00+00:00,426,6,0.0,9.8,0.0,45.54,13.719999
2026-04-09 22:00:00+00:00,63,1,0.0,5.4,0.0,46.420002,14.08
2026-04-09 22:00:00+00:00,76,1,0.0,5.1,0.0,46.34,14.199999
2026-04-09 22:00:00+00:00,106,1,0.0,5.9,0.0,46.260002,14.4
2026-04-09 22:00:00+00:00,122,1,0.0,6.1,0.0,46.02,14.459999
2026-04-09 22:00:00+00:00,127,1,0.0,7.3,0.0,46.12,14.519999
2026-04-09 22:00:00+00:00,129,1,0.0,7.5,0.0,46.02,14.519999
2026-04-09 22:00:00+00:00,177,1,0.0,4.5,0.0,45.6,14.859999
2026-04-09 22:00:00+00:00,194,1,0.0,3.3,0.0,46.52,15.039999
2026-04-09 22:00:00+00:00,236,1,0.0,4.9,0.0,45.8,15.179998
2026-04-09 22:00:00+00:00,325,1,0.0,6.7,0.0,46.56,15.639999
2026-04-09 22:00:00+00:00,391,1,0.0,4.3,0.0,46.7,16.099998
2026-04-09 22:00:00+00:00,422,1,0.0,4.0,0.0,46.24,15.219999
2026-04-09 22:00:00+00:00,425,1,0.0,5.2,0.0,45.94,15.519999
2026-04-09 22:00:00+00:00,426,1,0.0,8.4,0.0,45.54,13.719999
2026-04-09 23:00:00+00:00,63,2,0.0,3.1,0.0,46.420002,14.08
2026-04-09 23:00:00+00:00,76,2,0.0,4.6,0.0,46.34,14.199999
2026-04-09 23:00:00+00:00,106,2,0.0,4.6,0.0,46.260002,14.4
2026-04-09 23:00:00+00:00,122,2,0.0,4.0,0.0,46.02,14.459999
2026-04-09 23:00:00+00:00,127,2,0.0,7.2,0.0,46.12,14.519999
2026-04-09 23:00:00+00:00,129,2,0.0,6.3,0.0,46.02,14.519999
2026-04-09 23:00:00+00:00,177,2,0.0,4.5,0.0,45.6,14.859999
2026-04-09 23:00:00+00:00,194,2,0.0,3.9,0.0,46.52,15.039999
2026-04-09 23:00:00+00:00,236,2,0.0,4.8,0.0,45.8,15.179998
2026-04-09 23:00:00+00:00,325,2,0.0,6.0,0.0,46.56,15.639999
2026-04-09 23:00:00+00:00,391,2,0.0,3.5,0.0,46.7,16.099998
2026-04-09 23:00:00+00:00,422,2,0.0,3.3,0.0,46.24,15.219999
2026-04-09 23:00:00+00:00,425,2,0.0,4.5,0.0,45.94,15.519999
2026-04-09 23:00:00+00:00,426,2,0.0,7.4,0.0,45.54,13.719999
2026-04-10 00:00:00+00:00,63,3,0.0,3.0,0.0,46.420002,14.08
2026-04-10 00:00:00+00:00,63,6,0.0,4.0,0.0,46.420002,14.08
2026-04-10 00:00:00+00:00,63,24,0.0,4.4,0.0,46.420002,14.08
2026-04-10 00:00:00+00:00,76,3,0.0,3.5,0.0,46.34,14.199999
2026-04-10 00:00:00+00:00,76,6,0.0,3.4,0.0,46.34,14.199999
2026-04-10 00:00:00+00:00,76,24,0.0,4.7,0.0,46.34,14.199999
2026-04-10 00:00:00+00:00,106,3,0.0,2.8,0.0,46.260002,14.4
2026-04-10 00:00:00+00:00,106,6,0.0,3.4,0.0,46.260002,14.4
2026-04-10 00:00:00+00:00,106,24,0.0,3.6,0.0,46.260002,14.4
2026-04-10 00:00:00+00:00,122,3,0.0,3.0,0.0,46.02,14.459999
2026-04-10 00:00:00+00:00,122,6,0.0,3.3,0.0,46.02,14.459999
2026-04-10 00:00:00+00:00,122,24,0.0,4.3,0.0,46.02,14.459999
2026-04-10 00:00:00+00:00,127,3,0.0,6.6,0.0,46.12,14.519999
2026-04-10 00:00:00+00:00,127,6,0.0,6.8,0.0,46.12,14.519999
2026-04-10 00:00:00+00:00,127,24,0.0,7.0,0.0,46.12,14.519999
2026-04-10 00:00:00+00:00,129,3,0.0,4.8,0.0,46.02,14.519999
2026-04-10 00:00:00+00:00,129,6,0.0,4.9,0.0,46.02,14.519999
2026-04-10 00:00:00+00:00,129,24,0.0,5.3,0.0,46.02,14.519999
2026-04-10 00:00:00+00:00,177,3,0.0,4.5,0.0,45.6,14.859999
2026-04-10 00:00:00+00:00,177,6,0.0,4.6,0.0,45.6,14.859999
2026-04-10 00:00:00+00:00,177,24,0.3,4.2,0.0,45.6,14.859999
2026-04-10 00:00:00+00:00,194,3,0.0,3.3,0.0,46.52,15.039999
2026-04-10 00:00:00+00:00,194,6,0.0,2.7,0.0,46.52,15.039999
2026-04-10 00:00:00+00:00,194,24,0.0,2.5,0.0,46.52,15.039999
2026-04-10 00:00:00+00:00,236,3,0.0,4.3,0.0,45.8,15.179998
2026-04-10 00:00:00+00:00,236,6,0.0,4.5,0.0,45.8,15.179998
2026-04-10 00:00:00+00:00,236,24,0.3,4.3,0.0,45.8,15.179998
2026-04-10 00:00:00+00:00,325,3,0.0,5.0,0.0,46.56,15.639999
2026-04-10 00:00:00+00:00,325,6,0.0,5.5,0.0,46.56,15.639999
2026-04-10 00:00:00+00:00,325,24,0.0,4.5,0.0,46.56,15.639999
2026-04-10 00:00:00+00:00,391,3,0.0,2.0,0.0,46.7,16.099998
2026-04-10 00:00:00+00:00,391,6,0.0,2.7,0.0,46.7,16.099998
2026-04-10 00:00:00+00:00,391,24,0.3,2.5,0.0,46.7,16.099998
2026-04-10 00:00:00+00:00,422,3,0.0,2.1,0.0,46.24,15.219999
2026-04-10 00:00:00+00:00,422,6,0.0,2.5,0.0,46.24,15.219999
2026-04-10 00:00:00+00:00,422,24,0.0,2.9,0.0,46.24,15.219999
2026-04-10 00:00:00+00:00,425,3,0.0,4.2,0.0,45.94,15.519999
2026-04-10 00:00:00+00:00,425,6,0.0,4.6,0.0,45.94,15.519999
2026-04-10 00:00:00+00:00,425,24,0.0,4.2,0.0,45.94,15.519999
2026-04-10 00:00:00+00:00,426,3,0.0,6.8,0.0,45.54,13.719999
2026-04-10 00:00:00+00:00,426,6,0.0,7.2,0.0,45.54,13.719999
2026-04-10 00:00:00+00:00,426,24,0.0,8.8,0.0,45.54,13.719999
2026-04-10 03:00:00+00:00,63,6,0.0,2.8,0.1,46.420002,14.08
2026-04-10 03:00:00+00:00,76,6,0.0,3.5,0.1,46.34,14.199999
2026-04-10 03:00:00+00:00,106,6,0.0,2.6,0.0,46.260002,14.4
2026-04-10 03:00:00+00:00,122,6,0.0,1.4,0.0,46.02,14.459999
2026-04-10 03:00:00+00:00,127,6,0.0,4.4,0.0,46.12,14.519999
2026-04-10 03:00:00+00:00,129,6,0.0,2.0,0.0,46.02,14.519999
2026-04-10 03:00:00+00:00,177,6,0.0,4.0,0.0,45.6,14.859999
2026-04-10 03:00:00+00:00,194,6,0.0,1.4,0.0,46.52,15.039999
2026-04-10 03:00:00+00:00,236,6,0.0,2.7,0.0,45.8,15.179998
2026-04-10 03:00:00+00:00,325,6,0.0,2.4,0.0,46.56,15.639999
2026-04-10 03:00:00+00:00,391,6,0.0,2.8,0.0,46.7,16.099998
2026-04-10 03:00:00+00:00,422,6,0.0,1.2,0.0,46.24,15.219999
2026-04-10 03:00:00+00:00,425,6,0.0,2.1,0.0,45.94,15.519999
2026-04-10 03:00:00+00:00,426,6,0.0,6.6,0.0,45.54,13.719999
2026-04-10 06:00:00+00:00,63,24,94.0,4.4,0.0,46.420002,14.08
2026-04-10 06:00:00+00:00,76,24,90.5,3.5,0.0,46.34,14.199999
2026-04-10 06:00:00+00:00,106,24,96.0,4.4,0.0,46.260002,14.4
2026-04-10 06:00:00+00:00,122,24,93.3,2.9,0.0,46.02,14.459999
2026-04-10 06:00:00+00:00,127,24,98.0,5.3,0.0,46.12,14.519999
2026-04-10 06:00:00+00:00,129,24,94.5,2.6,0.0,46.02,14.519999
2026-04-10 06:00:00+00:00,177,24,115.5,4.9,0.0,45.6,14.859999
2026-04-10 06:00:00+00:00,194,24,89.5,4.4,0.0,46.52,15.039999
2026-04-10 06:00:00+00:00,236,24,111.0,3.7,0.0,45.8,15.179998
2026-04-10 06:00:00+00:00,325,24,72.0,4.7,0.0,46.56,15.639999
2026-04-10 06:00:00+00:00,391,24,78.0,2.4,0.0,46.7,16.099998
2026-04-10 06:00:00+00:00,422,24,108.0,3.1,0.0,46.24,15.219999
2026-04-10 06:00:00+00:00,425,24,96.3,3.1,0.0,45.94,15.519999
2026-04-10 06:00:00+00:00,426,24,103.5,7.8,0.0,45.54,13.719999
2026-04-10 09:00:00+00:00,63,24,557.0,11.8,0.0,46.420002,14.08
2026-04-10 09:00:00+00:00,76,24,563.8,12.2,0.0,46.34,14.199999
2026-04-10 09:00:00+00:00,106,24,581.5,12.3,0.0,46.260002,14.4
2026-04-10 09:00:00+00:00,122,24,598.8,12.6,0.0,46.02,14.459999
2026-04-10 09:00:00+00:00,127,24,596.0,12.2,0.0,46.12,14.519999
2026-04-10 09:00:00+00:00,129,24,597.8,12.6,0.0,46.02,14.519999
2026-04-10 09:00:00+00:00,177,24,621.0,10.1,0.0,45.6,14.859999
2026-04-10 09:00:00+00:00,194,24,426.8,11.5,0.0,46.52,15.039999
2026-04-10 09:00:00+00:00,236,24,567.8,12.7,0.0,45.8,15.179998
2026-04-10 09:00:00+00:00,325,24,378.8,8.6,0.0,46.56,15.639999
2026-04-10 09:00:00+00:00,391,24,355.3,8.2,0.0,46.7,16.099998
2026-04-10 09:00:00+00:00,422,24,530.3,11.7,0.0,46.24,15.219999
2026-04-10 09:00:00+00:00,425,24,594.5,12.6,0.0,45.94,15.519999
2026-04-10 09:00:00+00:00,426,24,597.3,17.4,0.0,45.54,13.719999
2026-04-10 12:00:00+00:00,63,24,447.5,13.1,0.0,46.420002,14.08
2026-04-10 12:00:00+00:00,76,24,463.8,13.5,0.0,46.34,14.199999
2026-04-10 12:00:00+00:00,106,24,424.5,14.2,0.0,46.260002,14.4
2026-04-10 12:00:00+00:00,122,24,432.5,15.3,0.0,46.02,14.459999
2026-04-10 12:00:00+00:00,127,24,428.5,14.4,0.0,46.12,14.519999
2026-04-10 12:00:00+00:00,129,24,418.8,15.7,0.0,46.02,14.519999
2026-04-10 12:00:00+00:00,177,24,442.0,11.9,0.0,45.6,14.859999
2026-04-10 12:00:00+00:00,194,24,311.3,11.6,0.0,46.52,15.039999
2026-04-10 12:00:00+00:00,236,24,407.5,14.5,0.0,45.8,15.179998
2026-04-10 12:00:00+00:00,325,24,325.5,11.3,0.0,46.56,15.639999
2026-04-10 12:00:00+00:00,391,24,246.8,9.2,0.0,46.7,16.099998
2026-04-10 12:00:00+00:00,422,24,328.0,13.5,0.0,46.24,15.219999
2026-04-10 12:00:00+00:00,425,24,331.5,14.1,0.0,45.94,15.519999
2026-04-10 12:00:00+00:00,426,24,458.5,17.7,0.0,45.54,13.719999
2026-04-10 15:00:00+00:00,63,24,216.0,13.9,0.0,46.420002,14.08
2026-04-10 15:00:00+00:00,76,24,263.3,14.7,0.0,46.34,14.199999
2026-04-10 15:00:00+00:00,106,24,240.3,15.6,0.0,46.260002,14.4
2026-04-10 15:00:00+00:00,122,24,207.5,15.3,0.0,46.02,14.459999
2026-04-10 15:00:00+00:00,127,24,264.5,15.0,0.0,46.12,14.519999
2026-04-10 15:00:00+00:00,129,24,238.8,15.4,0.0,46.02,14.519999
2026-04-10 15:00:00+00:00,177,24,303.3,11.5,0.0,45.6,14.859999
2026-04-10 15:00:00+00:00,194,24,147.3,8.7,0.4,46.52,15.039999
2026-04-10 15:00:00+00:00,236,24,208.8,14.3,0.0,45.8,15.179998
2026-04-10 15:00:00+00:00,325,24,100.3,8.5,0.4,46.56,15.639999
2026-04-10 15:00:00+00:00,391,24,108.0,7.5,0.9,46.7,16.099998
2026-04-10 15:00:00+00:00,422,24,204.0,11.0,0.0,46.24,15.219999
2026-04-10 15:00:00+00:00,425,24,173.5,13.6,0.0,45.94,15.519999
2026-04-10 15:00:00+00:00,426,24,239.8,16.1,0.0,45.54,13.719999
2026-04-10 18:00:00+00:00,63,24,8.3,9.9,0.0,46.420002,14.08
2026-04-10 18:00:00+00:00,76,24,9.5,10.8,0.0,46.34,14.199999
2026-04-10 18:00:00+00:00,106,24,7.3,10.9,0.1,46.260002,14.4
2026-04-10 18:00:00+00:00,122,24,5.8,11.6,0.3,46.02,14.459999
2026-04-10 18:00:00+00:00,127,24,5.5,10.4,0.2,46.12,14.519999
2026-04-10 18:00:00+00:00,129,24,5.3,11.8,0.2,46.02,14.519999
2026-04-10 18:00:00+00:00,177,24,9.0,7.2,0.0,45.6,14.859999
2026-04-10 18:00:00+00:00,194,24,5.3,7.6,0.2,46.52,15.039999
2026-04-10 18:00:00+00:00,236,24,6.0,10.2,0.0,45.8,15.179998
2026-04-10 18:00:00+00:00,325,24,6.3,7.3,0.0,46.56,15.639999
2026-04-10 18:00:00+00:00,391,24,5.8,6.4,0.0,46.7,16.099998
2026-04-10 18:00:00+00:00,422,24,4.3,8.4,0.7,46.24,15.219999
2026-04-10 18:00:00+00:00,425,24,3.5,10.1,0.3,45.94,15.519999
2026-04-10 18:00:00+00:00,426,24,12.5,14.6,0.0,45.54,13.719999
2026-04-10 21:00:00+00:00,63,24,0.0,6.5,0.0,46.420002,14.08
2026-04-10 21:00:00+00:00,76,24,0.0,7.3,0.0,46.34,14.199999
2026-04-10 21:00:00+00:00,106,24,0.0,8.2,0.0,46.260002,14.4
2026-04-10 21:00:00+00:00,122,24,0.0,8.2,0.0,46.02,14.459999
2026-04-10 21:00:00+00:00,127,24,0.0,7.9,0.0,46.12,14.519999
2026-04-10 21:00:00+00:00,129,24,0.0,8.6,0.0,46.02,14.519999
2026-04-10 21:00:00+00:00,177,24,0.0,5.6,0.0,45.6,14.859999
2026-04-10 21:00:00+00:00,194,24,0.0,5.1,0.0,46.52,15.039999
2026-04-10 21:00:00+00:00,236,24,0.0,7.2,0.0,45.8,15.179998
2026-04-10 21:00:00+00:00,325,24,0.0,5.7,0.0,46.56,15.639999
2026-04-10 21:00:00+00:00,391,24,0.0,3.9,0.0,46.7,16.099998
2026-04-10 21:00:00+00:00,422,24,0.0,6.0,0.0,46.24,15.219999
2026-04-10 21:00:00+00:00,425,24,0.0,6.6,0.0,45.94,15.519999
2026-04-10 21:00:00+00:00,426,24,0.0,12.1,0.0,45.54,13.719999
2026-04-10 01:00:00+00:00,63,1,0.0,3.5,0.0,46.420002,14.08
2026-04-10 01:00:00+00:00,76,1,0.0,2.6,0.0,46.34,14.199999
2026-04-10 01:00:00+00:00,106,1,0.0,2.5,0.0,46.260002,14.4
2026-04-10 01:00:00+00:00,122,1,0.0,1.7,0.0,46.02,14.459999
2026-04-10 01:00:00+00:00,127,1,0.0,5.1,0.0,46.12,14.519999
2026-04-10 01:00:00+00:00,129,1,0.0,3.3,0.0,46.02,14.519999
2026-04-10 01:00:00+00:00,177,1,0.0,3.7,0.0,45.6,14.859999
2026-04-10 01:00:00+00:00,194,1,0.0,1.9,0.0,46.52,15.039999
2026-04-10 01:00:00+00:00,236,1,0.0,2.7,0.0,45.8,15.179998
2026-04-10 01:00:00+00:00,325,1,0.0,2.8,0.0,46.56,15.639999
2026-04-10 01:00:00+00:00,391,1,0.0,3.1,0.0,46.7,16.099998
2026-04-10 01:00:00+00:00,422,1,0.0,0.5,0.0,46.24,15.219999
2026-04-10 01:00:00+00:00,425,1,0.0,2.5,0.0,45.94,15.519999
2026-04-10 01:00:00+00:00,426,1,0.0,6.5,0.0,45.54,13.719999
2026-04-10 02:00:00+00:00,63,2,0.0,2.9,0.0,46.420002,14.08
2026-04-10 02:00:00+00:00,76,2,0.0,1.8,0.0,46.34,14.199999
2026-04-10 02:00:00+00:00,106,2,0.0,1.6,0.0,46.260002,14.4
2026-04-10 02:00:00+00:00,122,2,0.0,1.0,0.0,46.02,14.459999
2026-04-10 02:00:00+00:00,127,2,0.0,5.1,0.0,46.12,14.519999
2026-04-10 02:00:00+00:00,129,2,0.0,1.9,0.0,46.02,14.519999
2026-04-10 02:00:00+00:00,177,2,0.0,3.9,0.0,45.6,14.859999
2026-04-10 02:00:00+00:00,194,2,0.0,1.6,0.0,46.52,15.039999
2026-04-10 02:00:00+00:00,236,2,0.0,2.8,0.0,45.8,15.179998
2026-04-10 02:00:00+00:00,325,2,0.0,2.0,0.0,46.56,15.639999
2026-04-10 02:00:00+00:00,391,2,0.0,3.3,0.0,46.7,16.099998
2026-04-10 02:00:00+00:00,422,2,0.0,0.1,0.0,46.24,15.219999
2026-04-10 02:00:00+00:00,425,2,0.0,1.2,0.0,45.94,15.519999
2026-04-10 02:00:00+00:00,426,2,0.0,6.3,0.0,45.54,13.719999
2026-04-10 03:00:00+00:00,63,3,0.0,2.6,0.0,46.420002,14.08
2026-04-10 03:00:00+00:00,76,3,0.0,2.1,0.0,46.34,14.199999
2026-04-10 03:00:00+00:00,106,3,0.0,2.3,0.0,46.260002,14.4
2026-04-10 03:00:00+00:00,122,3,0.0,1.0,0.0,46.02,14.459999
2026-04-10 03:00:00+00:00,127,3,0.0,4.0,0.0,46.12,14.519999
2026-04-10 03:00:00+00:00,129,3,0.0,2.1,0.0,46.02,14.519999
2026-04-10 03:00:00+00:00,177,3,0.0,3.9,0.0,45.6,14.859999
2026-04-10 03:00:00+00:00,194,3,0.0,1.4,0.0,46.52,15.039999
2026-04-10 03:00:00+00:00,236,3,0.0,2.2,0.0,45.8,15.179998
2026-04-10 03:00:00+00:00,325,3,0.0,2.1,0.0,46.56,15.639999
2026-04-10 03:00:00+00:00,391,3,0.0,2.5,0.0,46.7,16.099998
2026-04-10 03:00:00+00:00,422,3,0.0,0.4,0.0,46.24,15.219999
2026-04-10 03:00:00+00:00,425,3,0.0,1.0,0.0,45.94,15.519999
2026-04-10 03:00:00+00:00,426,3,0.0,6.3,0.0,45.54,13.719999
2026-04-10 06:00:00+00:00,63,6,102.0,4.4,0.0,46.420002,14.08
2026-04-10 06:00:00+00:00,76,6,97.3,4.5,0.0,46.34,14.199999
2026-04-10 06:00:00+00:00,106,6,102.5,3.9,0.0,46.260002,14.4
2026-04-10 06:00:00+00:00,122,6,102.5,3.3,0.0,46.02,14.459999
2026-04-10 06:00:00+00:00,127,6,106.3,5.1,0.0,46.12,14.519999
2026-04-10 06:00:00+00:00,129,6,103.3,3.4,0.0,46.02,14.519999
2026-04-10 06:00:00+00:00,177,6,117.3,5.4,0.0,45.6,14.859999
2026-04-10 06:00:00+00:00,194,6,85.8,4.1,0.0,46.52,15.039999
2026-04-10 06:00:00+00:00,236,6,102.3,3.7,0.0,45.8,15.179998
2026-04-10 06:00:00+00:00,325,6,80.3,3.9,0.0,46.56,15.639999
2026-04-10 06:00:00+00:00,391,6,99.5,3.2,0.0,46.7,16.099998
2026-04-10 06:00:00+00:00,422,6,103.8,2.5,0.0,46.24,15.219999
2026-04-10 06:00:00+00:00,425,6,98.3,2.6,0.0,45.94,15.519999
2026-04-10 06:00:00+00:00,426,6,85.8,7.1,0.0,45.54,13.719999
2026-04-10 07:00:00+00:00,63,1,245.3,7.5,0.0,46.420002,14.08
2026-04-10 07:00:00+00:00,76,1,231.0,7.2,0.0,46.34,14.199999
2026-04-10 07:00:00+00:00,106,1,256.8,7.4,0.0,46.260002,14.4
2026-04-10 07:00:00+00:00,122,1,256.3,6.1,0.0,46.02,14.459999
2026-04-10 07:00:00+00:00,127,1,259.8,7.0,0.0,46.12,14.519999
2026-04-10 07:00:00+00:00,129,1,258.3,6.2,0.0,46.02,14.519999
2026-04-10 07:00:00+00:00,177,1,259.3,7.3,0.0,45.6,14.859999
2026-04-10 07:00:00+00:00,194,1,205.8,7.1,0.0,46.52,15.039999
2026-04-10 07:00:00+00:00,236,1,227.0,6.3,0.0,45.8,15.179998
2026-04-10 07:00:00+00:00,325,1,160.8,5.7,0.0,46.56,15.639999
2026-04-10 07:00:00+00:00,391,1,197.5,5.2,0.0,46.7,16.099998
2026-04-10 07:00:00+00:00,422,1,251.0,6.3,0.0,46.24,15.219999
2026-04-10 07:00:00+00:00,425,1,243.5,5.9,0.0,45.94,15.519999
2026-04-10 07:00:00+00:00,426,1,240.0,10.8,0.0,45.54,13.719999
2026-04-10 08:00:00+00:00,63,2,445.0,10.4,0.0,46.420002,14.08
2026-04-10 08:00:00+00:00,76,2,436.3,10.0,0.0,46.34,14.199999
2026-04-10 08:00:00+00:00,106,2,442.0,10.2,0.0,46.260002,14.4
2026-04-10 08:00:00+00:00,122,2,427.5,9.7,0.0,46.02,14.459999
2026-04-10 08:00:00+00:00,127,2,428.0,9.9,0.0,46.12,14.519999
2026-04-10 08:00:00+00:00,129,2,437.0,9.5,0.0,46.02,14.519999
2026-04-10 08:00:00+00:00,177,2,471.0,8.7,0.0,45.6,14.859999
2026-04-10 08:00:00+00:00,194,2,388.0,10.5,0.0,46.52,15.039999
2026-04-10 08:00:00+00:00,236,2,416.5,10.1,0.0,45.8,15.179998
2026-04-10 08:00:00+00:00,325,2,329.0,6.7,0.0,46.56,15.639999
2026-04-10 08:00:00+00:00,391,2,232.0,6.4,0.0,46.7,16.099998
2026-04-10 08:00:00+00:00,422,2,406.8,9.6,0.0,46.24,15.219999
2026-04-10 08:00:00+00:00,425,2,438.0,9.8,0.0,45.94,15.519999
2026-04-10 08:00:00+00:00,426,2,454.0,14.3,0.0,45.54,13.719999
2026-04-10 09:00:00+00:00,63,3,493.0,11.2,0.0,46.420002,14.08
2026-04-10 09:00:00+00:00,76,3,478.5,11.4,0.0,46.34,14.199999
2026-04-10 09:00:00+00:00,106,3,512.8,11.7,0.0,46.260002,14.4
2026-04-10 09:00:00+00:00,122,3,562.3,12.0,0.0,46.02,14.459999
2026-04-10 09:00:00+00:00,127,3,542.0,11.6,0.0,46.12,14.519999
2026-04-10 09:00:00+00:00,129,3,566.8,12.2,0.0,46.02,14.519999
2026-04-10 09:00:00+00:00,177,3,633.0,10.8,0.0,45.6,14.859999
2026-04-10 09:00:00+00:00,194,3,529.8,12.3,0.0,46.52,15.039999
2026-04-10 09:00:00+00:00,236,3,557.0,12.8,0.0,45.8,15.179998
2026-04-10 09:00:00+00:00,325,3,434.8,8.2,0.0,46.56,15.639999
2026-04-10 09:00:00+00:00,391,3,367.5,7.8,0.0,46.7,16.099998
2026-04-10 09:00:00+00:00,422,3,596.8,12.1,0.0,46.24,15.219999
2026-04-10 09:00:00+00:00,425,3,578.0,12.4,0.0,45.94,15.519999
2026-04-10 09:00:00+00:00,426,3,610.5,15.7,0.0,45.54,13.719999
2026-04-10 10:00:00+00:00,63,1,510.3,12.2,0.0,46.420002,14.08
2026-04-10 10:00:00+00:00,76,1,448.3,12.1,0.0,46.34,14.199999
2026-04-10 10:00:00+00:00,106,1,444.3,12.2,0.0,46.260002,14.4
2026-04-10 10:00:00+00:00,122,1,471.5,12.9,0.0,46.02,14.459999
2026-04-10 10:00:00+00:00,127,1,439.8,12.3,0.0,46.12,14.519999
2026-04-10 10:00:00+00:00,129,1,463.8,13.1,0.0,46.02,14.519999
2026-04-10 10:00:00+00:00,177,1,574.8,11.9,0.0,45.6,14.859999
2026-04-10 10:00:00+00:00,194,1,463.8,12.8,0.0,46.52,15.039999
2026-04-10 10:00:00+00:00,236,1,511.5,13.3,0.0,45.8,15.179998
2026-04-10 10:00:00+00:00,325,1,546.5,9.1,0.0,46.56,15.639999
2026-04-10 10:00:00+00:00,391,1,313.5,8.2,0.0,46.7,16.099998
2026-04-10 10:00:00+00:00,422,1,517.8,13.0,0.0,46.24,15.219999
2026-04-10 10:00:00+00:00,425,1,609.5,13.6,0.0,45.94,15.519999
2026-04-10 10:00:00+00:00,426,1,720.5,15.4,0.0,45.54,13.719999
2026-04-10 11:00:00+00:00,63,2,606.5,13.3,0.0,46.420002,14.08
2026-04-10 11:00:00+00:00,76,2,589.0,13.5,0.0,46.34,14.199999
2026-04-10 11:00:00+00:00,106,2,531.8,13.8,0.0,46.260002,14.4
2026-04-10 11:00:00+00:00,122,2,457.5,14.2,0.0,46.02,14.459999
2026-04-10 11:00:00+00:00,127,2,471.0,13.3,0.0,46.12,14.519999
2026-04-10 11:00:00+00:00,129,2,457.8,14.3,0.0,46.02,14.519999
2026-04-10 11:00:00+00:00,177,2,494.5,12.7,0.0,45.6,14.859999
2026-04-10 11:00:00+00:00,194,2,507.5,13.8,0.0,46.52,15.039999
2026-04-10 11:00:00+00:00,236,2,461.8,14.1,0.0,45.8,15.179998
2026-04-10 11:00:00+00:00,325,2,472.0,9.8,0.0,46.56,15.639999
2026-04-10 11:00:00+00:00,391,2,311.0,8.7,0.0,46.7,16.099998
2026-04-10 11:00:00+00:00,422,2,397.5,13.3,0.0,46.24,15.219999
2026-04-10 11:00:00+00:00,425,2,466.5,13.8,0.0,45.94,15.519999
2026-04-10 11:00:00+00:00,426,2,723.3,16.2,0.0,45.54,13.719999
2026-04-10 12:00:00+00:00,63,3,413.8,13.6,0.0,46.420002,14.08
2026-04-10 12:00:00+00:00,63,6,507.8,14.6,0.0,46.420002,14.08
2026-04-10 12:00:00+00:00,76,3,516.0,13.9,0.0,46.34,14.199999
2026-04-10 12:00:00+00:00,76,6,522.5,14.4,0.0,46.34,14.199999
2026-04-10 12:00:00+00:00,106,3,540.5,14.4,0.0,46.260002,14.4
2026-04-10 12:00:00+00:00,106,6,495.8,14.8,0.0,46.260002,14.4
2026-04-10 12:00:00+00:00,122,3,525.3,15.6,0.0,46.02,14.459999
2026-04-10 12:00:00+00:00,122,6,500.5,16.0,0.0,46.02,14.459999
2026-04-10 12:00:00+00:00,127,3,536.0,14.5,0.0,46.12,14.519999
2026-04-10 12:00:00+00:00,127,6,513.0,15.1,0.0,46.12,14.519999
2026-04-10 12:00:00+00:00,129,3,459.5,15.7,0.0,46.02,14.519999
2026-04-10 12:00:00+00:00,129,6,476.5,16.2,0.0,46.02,14.519999
2026-04-10 12:00:00+00:00,177,3,480.8,12.8,0.0,45.6,14.859999
2026-04-10 12:00:00+00:00,177,6,597.0,14.2,0.0,45.6,14.859999
2026-04-10 12:00:00+00:00,194,3,407.3,13.3,0.0,46.52,15.039999
2026-04-10 12:00:00+00:00,194,6,451.3,13.8,0.0,46.52,15.039999
2026-04-10 12:00:00+00:00,236,3,500.8,15.2,0.0,45.8,15.179998
2026-04-10 12:00:00+00:00,236,6,463.8,15.6,0.0,45.8,15.179998
2026-04-10 12:00:00+00:00,325,3,392.5,10.3,0.0,46.56,15.639999
2026-04-10 12:00:00+00:00,325,6,369.3,10.2,0.0,46.56,15.639999
2026-04-10 12:00:00+00:00,391,3,245.3,8.3,0.2,46.7,16.099998
2026-04-10 12:00:00+00:00,391,6,234.5,8.5,0.0,46.7,16.099998
2026-04-10 12:00:00+00:00,422,3,421.5,13.2,0.0,46.24,15.219999
2026-04-10 12:00:00+00:00,422,6,397.3,14.3,0.0,46.24,15.219999
2026-04-10 12:00:00+00:00,425,3,362.8,14.3,0.0,45.94,15.519999
2026-04-10 12:00:00+00:00,425,6,394.8,14.5,0.0,45.94,15.519999
2026-04-10 12:00:00+00:00,426,3,726.0,15.9,0.0,45.54,13.719999
2026-04-10 12:00:00+00:00,426,6,706.5,17.0,0.0,45.54,13.719999
2026-04-10 13:00:00+00:00,63,1,363.3,12.8,0.0,46.420002,14.08
2026-04-10 13:00:00+00:00,76,1,378.5,13.2,0.0,46.34,14.199999
2026-04-10 13:00:00+00:00,106,1,371.0,14.4,0.0,46.260002,14.4
2026-04-10 13:00:00+00:00,122,1,417.5,15.7,0.0,46.02,14.459999
2026-04-10 13:00:00+00:00,127,1,378.0,14.6,0.0,46.12,14.519999
2026-04-10 13:00:00+00:00,129,1,409.3,16.0,0.0,46.02,14.519999
2026-04-10 13:00:00+00:00,177,1,470.5,12.8,0.0,45.6,14.859999
2026-04-10 13:00:00+00:00,194,1,344.0,12.5,0.0,46.52,15.039999
2026-04-10 13:00:00+00:00,236,1,412.0,14.8,0.0,45.8,15.179998
2026-04-10 13:00:00+00:00,325,1,290.5,8.5,0.0,46.56,15.639999
2026-04-10 13:00:00+00:00,391,1,196.8,6.9,0.2,46.7,16.099998
2026-04-10 13:00:00+00:00,422,1,227.5,12.1,0.0,46.24,15.219999
2026-04-10 13:00:00+00:00,425,1,311.8,14.2,0.0,45.94,15.519999
2026-04-10 13:00:00+00:00,426,1,579.8,15.6,0.0,45.54,13.719999
2026-04-10 14:00:00+00:00,63,2,331.0,13.3,0.0,46.420002,14.08
2026-04-10 14:00:00+00:00,76,2,324.0,14.0,0.0,46.34,14.199999
2026-04-10 14:00:00+00:00,106,2,327.3,14.9,0.0,46.260002,14.4
2026-04-10 14:00:00+00:00,122,2,385.0,16.1,0.0,46.02,14.459999
2026-04-10 14:00:00+00:00,127,2,337.0,15.0,0.0,46.12,14.519999
2026-04-10 14:00:00+00:00,129,2,348.8,16.4,0.0,46.02,14.519999
2026-04-10 14:00:00+00:00,177,2,399.3,12.9,0.0,45.6,14.859999
2026-04-10 14:00:00+00:00,194,2,231.3,10.7,0.0,46.52,15.039999
2026-04-10 14:00:00+00:00,236,2,310.0,14.7,0.0,45.8,15.179998
2026-04-10 14:00:00+00:00,325,2,216.3,8.1,0.0,46.56,15.639999
2026-04-10 14:00:00+00:00,391,2,176.0,6.3,0.2,46.7,16.099998
2026-04-10 14:00:00+00:00,422,2,272.8,11.3,0.0,46.24,15.219999
2026-04-10 14:00:00+00:00,425,2,274.5,14.2,0.0,45.94,15.519999
2026-04-10 14:00:00+00:00,426,2,557.0,15.8,0.0,45.54,13.719999
2026-04-10 15:00:00+00:00,63,3,298.3,13.4,0.0,46.420002,14.08
2026-04-10 15:00:00+00:00,63,6,211.0,13.6,0.0,46.420002,14.08
2026-04-10 15:00:00+00:00,76,3,303.3,13.9,0.0,46.34,14.199999
2026-04-10 15:00:00+00:00,76,6,259.8,14.3,0.0,46.34,14.199999
2026-04-10 15:00:00+00:00,106,3,306.0,14.8,0.0,46.260002,14.4
2026-04-10 15:00:00+00:00,106,6,215.5,15.2,0.0,46.260002,14.4
2026-04-10 15:00:00+00:00,122,3,200.8,15.3,0.0,46.02,14.459999
2026-04-10 15:00:00+00:00,122,6,210.0,15.6,0.0,46.02,14.459999
2026-04-10 15:00:00+00:00,127,3,266.0,14.7,0.0,46.12,14.519999
2026-04-10 15:00:00+00:00,127,6,218.8,14.9,0.0,46.12,14.519999
2026-04-10 15:00:00+00:00,129,3,223.3,15.5,0.0,46.02,14.519999
2026-04-10 15:00:00+00:00,129,6,216.8,15.9,0.0,46.02,14.519999
2026-04-10 15:00:00+00:00,177,3,392.8,11.6,0.0,45.6,14.859999
2026-04-10 15:00:00+00:00,177,6,439.5,11.7,0.0,45.6,14.859999
2026-04-10 15:00:00+00:00,194,3,264.8,10.7,0.0,46.52,15.039999
2026-04-10 15:00:00+00:00,194,6,152.8,9.4,0.5,46.52,15.039999
2026-04-10 15:00:00+00:00,236,3,250.3,13.9,0.0,45.8,15.179998
2026-04-10 15:00:00+00:00,236,6,268.0,14.1,0.0,45.8,15.179998
2026-04-10 15:00:00+00:00,325,3,175.8,7.9,0.0,46.56,15.639999
2026-04-10 15:00:00+00:00,325,6,168.8,8.3,0.0,46.56,15.639999
2026-04-10 15:00:00+00:00,391,3,145.0,6.2,0.1,46.7,16.099998
2026-04-10 15:00:00+00:00,391,6,109.0,6.6,0.5,46.7,16.099998
2026-04-10 15:00:00+00:00,422,3,214.3,10.2,0.0,46.24,15.219999
2026-04-10 15:00:00+00:00,422,6,165.3,10.7,0.0,46.24,15.219999
2026-04-10 15:00:00+00:00,425,3,206.3,12.3,0.0,45.94,15.519999
2026-04-10 15:00:00+00:00,425,6,183.5,12.5,0.0,45.94,15.519999
2026-04-10 15:00:00+00:00,426,3,468.5,15.8,0.0,45.54,13.719999
2026-04-10 15:00:00+00:00,426,6,433.5,15.1,0.0,45.54,13.719999
2026-04-10 16:00:00+00:00,63,1,115.0,12.6,0.0,46.420002,14.08
2026-04-10 16:00:00+00:00,76,1,145.0,13.5,0.0,46.34,14.199999
2026-04-10 16:00:00+00:00,106,1,142.0,14.5,0.0,46.260002,14.4
2026-04-10 16:00:00+00:00,122,1,132.3,14.1,0.0,46.02,14.459999
2026-04-10 16:00:00+00:00,127,1,129.3,13.4,0.0,46.12,14.519999
2026-04-10 16:00:00+00:00,129,1,122.8,14.0,0.0,46.02,14.519999
2026-04-10 16:00:00+00:00,177,1,168.5,10.1,0.0,45.6,14.859999
2026-04-10 16:00:00+00:00,194,1,109.0,8.0,0.0,46.52,15.039999
2026-04-10 16:00:00+00:00,236,1,144.5,11.5,0.0,45.8,15.179998
2026-04-10 16:00:00+00:00,325,1,59.5,6.7,0.7,46.56,15.639999
2026-04-10 16:00:00+00:00,391,1,73.3,5.4,0.4,46.7,16.099998
2026-04-10 16:00:00+00:00,422,1,135.5,8.8,0.0,46.24,15.219999
2026-04-10 16:00:00+00:00,425,1,130.3,10.8,0.0,45.94,15.519999
2026-04-10 16:00:00+00:00,426,1,234.8,15.8,0.0,45.54,13.719999
2026-04-10 17:00:00+00:00,63,2,61.0,11.2,0.2,46.420002,14.08
2026-04-10 17:00:00+00:00,76,2,58.5,12.6,0.0,46.34,14.199999
2026-04-10 17:00:00+00:00,106,2,67.5,12.2,0.0,46.260002,14.4
2026-04-10 17:00:00+00:00,122,2,51.3,12.8,0.0,46.02,14.459999
2026-04-10 17:00:00+00:00,127,2,66.3,11.2,0.0,46.12,14.519999
2026-04-10 17:00:00+00:00,129,2,44.3,12.8,0.0,46.02,14.519999
2026-04-10 17:00:00+00:00,177,2,55.0,8.6,0.0,45.6,14.859999
2026-04-10 17:00:00+00:00,194,2,39.5,6.2,0.8,46.52,15.039999
2026-04-10 17:00:00+00:00,236,2,66.3,9.9,0.0,45.8,15.179998
2026-04-10 17:00:00+00:00,325,2,40.5,6.5,0.2,46.56,15.639999
2026-04-10 17:00:00+00:00,391,2,50.8,5.2,0.0,46.7,16.099998
2026-04-10 17:00:00+00:00,422,2,52.0,7.4,0.0,46.24,15.219999
2026-04-10 17:00:00+00:00,425,2,51.8,9.4,0.0,45.94,15.519999
2026-04-10 17:00:00+00:00,426,2,68.8,15.7,0.0,45.54,13.719999
2026-04-10 18:00:00+00:00,63,3,9.5,9.8,0.0,46.420002,14.08
2026-04-10 18:00:00+00:00,63,6,6.3,9.8,0.4,46.420002,14.08
2026-04-10 18:00:00+00:00,76,3,7.3,10.0,0.0,46.34,14.199999
2026-04-10 18:00:00+00:00,76,6,5.8,10.4,0.0,46.34,14.199999
2026-04-10 18:00:00+00:00,106,3,7.8,9.9,0.1,46.260002,14.4
2026-04-10 18:00:00+00:00,106,6,10.0,10.5,0.0,46.260002,14.4
2026-04-10 18:00:00+00:00,122,3,6.3,10.5,0.0,46.02,14.459999
2026-04-10 18:00:00+00:00,122,6,7.8,11.2,0.0,46.02,14.459999
2026-04-10 18:00:00+00:00,127,3,6.8,9.7,0.0,46.12,14.519999
2026-04-10 18:00:00+00:00,127,6,7.0,9.9,0.0,46.12,14.519999
2026-04-10 18:00:00+00:00,129,3,6.5,10.7,0.0,46.02,14.519999
2026-04-10 18:00:00+00:00,129,6,8.0,11.5,0.0,46.02,14.519999
2026-04-10 18:00:00+00:00,177,3,3.5,7.0,0.2,45.6,14.859999
2026-04-10 18:00:00+00:00,177,6,5.8,7.1,0.0,45.6,14.859999
2026-04-10 18:00:00+00:00,194,3,3.3,5.8,0.6,46.52,15.039999
2026-04-10 18:00:00+00:00,194,6,3.0,6.2,0.5,46.52,15.039999
2026-04-10 18:00:00+00:00,236,3,7.8,8.7,0.0,45.8,15.179998
2026-04-10 18:00:00+00:00,236,6,8.8,9.0,0.0,45.8,15.179998
2026-04-10 18:00:00+00:00,325,3,5.0,5.5,0.0,46.56,15.639999
2026-04-10 18:00:00+00:00,325,6,5.0,6.2,0.0,46.56,15.639999
2026-04-10 18:00:00+00:00,391,3,5.3,4.6,0.0,46.7,16.099998
2026-04-10 18:00:00+00:00,391,6,4.8,4.8,0.0,46.7,16.099998
2026-04-10 18:00:00+00:00,422,3,5.0,6.7,0.0,46.24,15.219999
2026-04-10 18:00:00+00:00,422,6,3.8,7.2,0.7,46.24,15.219999
2026-04-10 18:00:00+00:00,425,3,4.8,8.1,0.0,45.94,15.519999
2026-04-10 18:00:00+00:00,425,6,5.8,8.8,0.1,45.94,15.519999
2026-04-10 18:00:00+00:00,426,3,8.3,14.9,0.0,45.54,13.719999
2026-04-10 18:00:00+00:00,426,6,10.8,15.0,0.0,45.54,13.719999
2026-04-10 19:00:00+00:00,63,1,0.0,7.7,0.0,46.420002,14.08
2026-04-10 19:00:00+00:00,76,1,0.0,9.2,0.0,46.34,14.199999
2026-04-10 19:00:00+00:00,106,1,0.0,8.8,0.0,46.260002,14.4
2026-04-10 19:00:00+00:00,122,1,0.0,9.5,0.2,46.02,14.459999
2026-04-10 19:00:00+00:00,127,1,0.0,8.8,0.2,46.12,14.519999
2026-04-10 19:00:00+00:00,129,1,0.0,9.5,0.1,46.02,14.519999
2026-04-10 19:00:00+00:00,177,1,0.0,5.5,0.3,45.6,14.859999
2026-04-10 19:00:00+00:00,194,1,0.0,5.4,0.0,46.52,15.039999
2026-04-10 19:00:00+00:00,236,1,0.0,8.0,0.1,45.8,15.179998
2026-04-10 19:00:00+00:00,325,1,0.0,5.3,0.0,46.56,15.639999
2026-04-10 19:00:00+00:00,391,1,0.0,4.0,0.0,46.7,16.099998
2026-04-10 19:00:00+00:00,422,1,0.0,6.5,0.0,46.24,15.219999
2026-04-10 19:00:00+00:00,425,1,0.0,7.6,0.2,45.94,15.519999
2026-04-10 19:00:00+00:00,426,1,0.0,13.8,0.0,45.54,13.719999
2026-04-10 20:00:00+00:00,63,2,0.0,7.1,0.0,46.420002,14.08
2026-04-10 20:00:00+00:00,76,2,0.0,7.3,0.0,46.34,14.199999
2026-04-10 20:00:00+00:00,106,2,0.0,7.2,0.0,46.260002,14.4
2026-04-10 20:00:00+00:00,122,2,0.0,7.9,0.0,46.02,14.459999
2026-04-10 20:00:00+00:00,127,2,0.0,7.8,0.0,46.12,14.519999
2026-04-10 20:00:00+00:00,129,2,0.0,8.4,0.0,46.02,14.519999
2026-04-10 20:00:00+00:00,177,2,0.0,4.7,0.2,45.6,14.859999
2026-04-10 20:00:00+00:00,194,2,0.0,5.4,0.0,46.52,15.039999
2026-04-10 20:00:00+00:00,236,2,0.0,7.8,0.0,45.8,15.179998
2026-04-10 20:00:00+00:00,325,2,0.0,5.0,0.0,46.56,15.639999
2026-04-10 20:00:00+00:00,391,2,0.0,3.6,0.0,46.7,16.099998
2026-04-10 20:00:00+00:00,422,2,0.0,5.8,0.0,46.24,15.219999
2026-04-10 20:00:00+00:00,425,2,0.0,6.6,0.0,45.94,15.519999
2026-04-10 20:00:00+00:00,426,2,0.0,12.9,0.0,45.54,13.719999
2026-04-10 21:00:00+00:00,63,3,0.0,5.6,0.0,46.420002,14.08
2026-04-10 21:00:00+00:00,63,6,0.0,6.1,0.0,46.420002,14.08
2026-04-10 21:00:00+00:00,76,3,0.0,6.4,0.0,46.34,14.199999
2026-04-10 21:00:00+00:00,76,6,0.0,6.8,0.0,46.34,14.199999
2026-04-10 21:00:00+00:00,106,3,0.0,7.1,0.0,46.260002,14.4
2026-04-10 21:00:00+00:00,106,6,0.0,7.4,0.0,46.260002,14.4
2026-04-10 21:00:00+00:00,122,3,0.0,7.5,0.0,46.02,14.459999
2026-04-10 21:00:00+00:00,122,6,0.0,7.6,0.0,46.02,14.459999
2026-04-10 21:00:00+00:00,127,3,0.0,6.8,0.0,46.12,14.519999
2026-04-10 21:00:00+00:00,127,6,0.0,7.4,0.0,46.12,14.519999
2026-04-10 21:00:00+00:00,129,3,0.0,8.3,0.0,46.02,14.519999
2026-04-10 21:00:00+00:00,129,6,0.0,8.5,0.0,46.02,14.519999
2026-04-10 21:00:00+00:00,177,3,0.0,4.8,0.0,45.6,14.859999
2026-04-10 21:00:00+00:00,177,6,0.0,5.1,0.0,45.6,14.859999
2026-04-10 21:00:00+00:00,194,3,0.0,5.2,0.0,46.52,15.039999
2026-04-10 21:00:00+00:00,194,6,0.0,5.2,0.0,46.52,15.039999
2026-04-10 21:00:00+00:00,236,3,0.0,7.2,0.0,45.8,15.179998
2026-04-10 21:00:00+00:00,236,6,0.0,6.6,0.0,45.8,15.179998
2026-04-10 21:00:00+00:00,325,3,0.0,4.7,0.0,46.56,15.639999
2026-04-10 21:00:00+00:00,325,6,0.0,4.5,0.0,46.56,15.639999
2026-04-10 21:00:00+00:00,391,3,0.0,3.5,0.0,46.7,16.099998
2026-04-10 21:00:00+00:00,391,6,0.0,3.5,0.0,46.7,16.099998
2026-04-10 21:00:00+00:00,422,3,0.0,5.4,0.0,46.24,15.219999
2026-04-10 21:00:00+00:00,422,6,0.0,5.2,0.0,46.24,15.219999
2026-04-10 21:00:00+00:00,425,3,0.0,6.2,0.0,45.94,15.519999
2026-04-10 21:00:00+00:00,425,6,0.0,5.8,0.0,45.94,15.519999
2026-04-10 21:00:00+00:00,426,3,0.0,12.7,0.0,45.54,13.719999
2026-04-10 21:00:00+00:00,426,6,0.0,12.1,0.0,45.54,13.719999
2026-04-10 22:00:00+00:00,63,1,0.0,5.7,0.0,46.420002,14.08
2026-04-10 22:00:00+00:00,76,1,0.0,6.1,0.0,46.34,14.199999
2026-04-10 22:00:00+00:00,106,1,0.0,5.9,0.0,46.260002,14.4
2026-04-10 22:00:00+00:00,122,1,0.0,6.8,0.0,46.02,14.459999
2026-04-10 22:00:00+00:00,127,1,0.0,7.3,0.0,46.12,14.519999
2026-04-10 22:00:00+00:00,129,1,0.0,7.5,0.0,46.02,14.519999
2026-04-10 22:00:00+00:00,177,1,0.0,5.9,0.0,45.6,14.859999
2026-04-10 22:00:00+00:00,194,1,0.0,4.7,0.0,46.52,15.039999
2026-04-10 22:00:00+00:00,236,1,0.0,7.3,0.0,45.8,15.179998
2026-04-10 22:00:00+00:00,325,1,0.0,4.7,0.0,46.56,15.639999
2026-04-10 22:00:00+00:00,391,1,0.0,4.1,0.0,46.7,16.099998
2026-04-10 22:00:00+00:00,422,1,0.0,5.6,0.0,46.24,15.219999
2026-04-10 22:00:00+00:00,425,1,0.0,6.3,0.0,45.94,15.519999
2026-04-10 22:00:00+00:00,426,1,0.0,12.2,0.0,45.54,13.719999
2026-04-10 23:00:00+00:00,63,2,0.0,5.3,0.0,46.420002,14.08
2026-04-10 23:00:00+00:00,76,2,0.0,6.2,0.0,46.34,14.199999
2026-04-10 23:00:00+00:00,106,2,0.0,6.1,0.0,46.260002,14.4
2026-04-10 23:00:00+00:00,122,2,0.0,6.2,0.0,46.02,14.459999
2026-04-10 23:00:00+00:00,127,2,0.0,7.5,0.0,46.12,14.519999
2026-04-10 23:00:00+00:00,129,2,0.0,6.5,0.0,46.02,14.519999
2026-04-10 23:00:00+00:00,177,2,0.0,6.3,0.0,45.6,14.859999
2026-04-10 23:00:00+00:00,194,2,0.0,4.4,0.0,46.52,15.039999
2026-04-10 23:00:00+00:00,236,2,0.0,6.8,0.0,45.8,15.179998
2026-04-10 23:00:00+00:00,325,2,0.0,4.4,0.0,46.56,15.639999
2026-04-10 23:00:00+00:00,391,2,0.0,4.3,0.0,46.7,16.099998
2026-04-10 23:00:00+00:00,422,2,0.0,5.3,0.0,46.24,15.219999
2026-04-10 23:00:00+00:00,425,2,0.0,5.2,0.0,45.94,15.519999
2026-04-10 23:00:00+00:00,426,2,0.0,11.0,0.0,45.54,13.719999
2026-04-11 00:00:00+00:00,63,3,0.0,5.3,0.0,46.420002,14.08
2026-04-11 00:00:00+00:00,63,6,0.0,4.3,0.0,46.420002,14.08
2026-04-11 00:00:00+00:00,63,24,0.0,5.9,0.0,46.420002,14.08
2026-04-11 00:00:00+00:00,76,3,0.0,5.6,0.0,46.34,14.199999
2026-04-11 00:00:00+00:00,76,6,0.0,5.7,0.0,46.34,14.199999
2026-04-11 00:00:00+00:00,76,24,0.0,5.6,0.0,46.34,14.199999
2026-04-11 00:00:00+00:00,106,3,0.0,6.3,0.0,46.260002,14.4
2026-04-11 00:00:00+00:00,106,6,0.0,5.9,0.0,46.260002,14.4
2026-04-11 00:00:00+00:00,106,24,0.0,6.3,0.0,46.260002,14.4
2026-04-11 00:00:00+00:00,122,3,0.0,6.0,0.0,46.02,14.459999
2026-04-11 00:00:00+00:00,122,6,0.0,5.5,0.0,46.02,14.459999
2026-04-11 00:00:00+00:00,122,24,0.0,5.7,0.0,46.02,14.459999
2026-04-11 00:00:00+00:00,127,3,0.0,7.1,0.0,46.12,14.519999
2026-04-11 00:00:00+00:00,127,6,0.0,6.5,0.0,46.12,14.519999
2026-04-11 00:00:00+00:00,127,24,0.0,6.5,0.0,46.12,14.519999
2026-04-11 00:00:00+00:00,129,3,0.0,6.6,0.0,46.02,14.519999
2026-04-11 00:00:00+00:00,129,6,0.0,5.8,0.0,46.02,14.519999
2026-04-11 00:00:00+00:00,129,24,0.3,5.7,0.0,46.02,14.519999
2026-04-11 00:00:00+00:00,177,3,0.0,6.1,0.0,45.6,14.859999
2026-04-11 00:00:00+00:00,177,6,0.0,5.4,0.0,45.6,14.859999
2026-04-11 00:00:00+00:00,177,24,0.0,5.5,0.0,45.6,14.859999
2026-04-11 00:00:00+00:00,194,3,0.0,3.9,0.0,46.52,15.039999
2026-04-11 00:00:00+00:00,194,6,0.0,3.7,0.0,46.52,15.039999
2026-04-11 00:00:00+00:00,194,24,0.0,4.4,0.0,46.52,15.039999
2026-04-11 00:00:00+00:00,236,3,0.0,6.0,0.0,45.8,15.179998
2026-04-11 00:00:00+00:00,236,6,0.0,5.4,0.0,45.8,15.179998
2026-04-11 00:00:00+00:00,236,24,0.0,5.6,0.0,45.8,15.179998
2026-04-11 00:00:00+00:00,325,3,0.0,4.2,0.0,46.56,15.639999
2026-04-11 00:00:00+00:00,325,6,0.0,3.6,0.0,46.56,15.639999
2026-04-11 00:00:00+00:00,325,24,0.0,5.9,0.0,46.56,15.639999
2026-04-11 00:00:00+00:00,391,3,0.0,4.5,0.0,46.7,16.099998
2026-04-11 00:00:00+00:00,391,6,0.0,3.4,0.0,46.7,16.099998
2026-04-11 00:00:00+00:00,391,24,0.3,4.2,0.0,46.7,16.099998
2026-04-11 00:00:00+00:00,422,3,0.0,4.9,0.0,46.24,15.219999
2026-04-11 00:00:00+00:00,422,6,0.0,4.7,0.0,46.24,15.219999
2026-04-11 00:00:00+00:00,422,24,0.0,5.0,0.0,46.24,15.219999
2026-04-11 00:00:00+00:00,425,3,0.0,4.8,0.0,45.94,15.519999
2026-04-11 00:00:00+00:00,425,6,0.0,4.5,0.0,45.94,15.519999
2026-04-11 00:00:00+00:00,425,24,0.0,5.3,0.0,45.94,15.519999
2026-04-11 00:00:00+00:00,426,3,0.0,11.0,0.0,45.54,13.719999
2026-04-11 00:00:00+00:00,426,6,0.0,10.2,0.0,45.54,13.719999
2026-04-11 00:00:00+00:00,426,24,0.3,10.0,0.0,45.54,13.719999
2026-04-11 03:00:00+00:00,63,6,0.0,2.6,0.0,46.420002,14.08
2026-04-11 03:00:00+00:00,76,6,0.0,3.8,0.0,46.34,14.199999
2026-04-11 03:00:00+00:00,106,6,0.0,4.2,0.0,46.260002,14.4
2026-04-11 03:00:00+00:00,122,6,0.0,4.9,0.0,46.02,14.459999
2026-04-11 03:00:00+00:00,127,6,0.0,4.7,0.0,46.12,14.519999
2026-04-11 03:00:00+00:00,129,6,0.0,5.4,0.0,46.02,14.519999
2026-04-11 03:00:00+00:00,177,6,0.0,2.5,0.0,45.6,14.859999
2026-04-11 03:00:00+00:00,194,6,0.0,3.6,0.0,46.52,15.039999
2026-04-11 03:00:00+00:00,236,6,0.0,4.1,0.0,45.8,15.179998
2026-04-11 03:00:00+00:00,325,6,0.0,3.8,0.0,46.56,15.639999
2026-04-11 03:00:00+00:00,391,6,0.0,3.3,0.0,46.7,16.099998
2026-04-11 03:00:00+00:00,422,6,0.0,3.3,0.0,46.24,15.219999
2026-04-11 03:00:00+00:00,425,6,0.0,3.5,0.0,45.94,15.519999
2026-04-11 03:00:00+00:00,426,6,0.0,8.9,0.0,45.54,13.719999
2026-04-11 06:00:00+00:00,63,24,42.0,6.0,0.0,46.420002,14.08
2026-04-11 06:00:00+00:00,76,24,45.5,5.9,0.0,46.34,14.199999
2026-04-11 06:00:00+00:00,106,24,38.0,6.7,0.0,46.260002,14.4
2026-04-11 06:00:00+00:00,122,24,40.8,6.9,0.0,46.02,14.459999
2026-04-11 06:00:00+00:00,127,24,50.0,6.6,0.0,46.12,14.519999
2026-04-11 06:00:00+00:00,129,24,40.8,7.3,0.0,46.02,14.519999
2026-04-11 06:00:00+00:00,177,24,55.3,4.4,0.0,45.6,14.859999
2026-04-11 06:00:00+00:00,194,24,57.5,5.6,0.0,46.52,15.039999
2026-04-11 06:00:00+00:00,236,24,47.3,6.1,0.0,45.8,15.179998
2026-04-11 06:00:00+00:00,325,24,66.3,5.1,0.0,46.56,15.639999
2026-04-11 06:00:00+00:00,391,24,64.8,5.2,0.0,46.7,16.099998
2026-04-11 06:00:00+00:00,422,24,63.5,5.0,0.0,46.24,15.219999
2026-04-11 06:00:00+00:00,425,24,49.0,5.9,0.0,45.94,15.519999
2026-04-11 06:00:00+00:00,426,24,73.5,10.2,0.0,45.54,13.719999
2026-04-11 09:00:00+00:00,63,24,284.5,8.8,0.0,46.420002,14.08
2026-04-11 09:00:00+00:00,76,24,376.8,9.2,0.0,46.34,14.199999
2026-04-11 09:00:00+00:00,106,24,423.5,9.7,0.0,46.260002,14.4
2026-04-11 09:00:00+00:00,122,24,405.8,10.6,0.0,46.02,14.459999
2026-04-11 09:00:00+00:00,127,24,431.3,9.7,0.0,46.12,14.519999
2026-04-11 09:00:00+00:00,129,24,393.8,10.5,0.0,46.02,14.519999
2026-04-11 09:00:00+00:00,177,24,458.0,8.2,0.0,45.6,14.859999
2026-04-11 09:00:00+00:00,194,24,303.8,8.5,0.0,46.52,15.039999
2026-04-11 09:00:00+00:00,236,24,300.5,9.3,0.0,45.8,15.179998
2026-04-11 09:00:00+00:00,325,24,330.8,9.5,0.0,46.56,15.639999
2026-04-11 09:00:00+00:00,391,24,467.5,9.4,0.0,46.7,16.099998
2026-04-11 09:00:00+00:00,422,24,305.0,9.0,0.0,46.24,15.219999
2026-04-11 09:00:00+00:00,425,24,323.8,10.1,0.0,45.94,15.519999
2026-04-11 09:00:00+00:00,426,24,611.8,18.4,0.0,45.54,13.719999
2026-04-11 12:00:00+00:00,63,24,680.8,14.0,0.0,46.420002,14.08
2026-04-11 12:00:00+00:00,76,24,729.0,14.5,0.0,46.34,14.199999
2026-04-11 12:00:00+00:00,106,24,744.5,15.2,0.0,46.260002,14.4
2026-04-11 12:00:00+00:00,122,24,777.8,16.3,0.0,46.02,14.459999
2026-04-11 12:00:00+00:00,127,24,753.5,15.2,0.0,46.12,14.519999
2026-04-11 12:00:00+00:00,129,24,766.8,16.5,0.0,46.02,14.519999
2026-04-11 12:00:00+00:00,177,24,745.8,13.5,0.0,45.6,14.859999
2026-04-11 12:00:00+00:00,194,24,726.3,14.2,0.0,46.52,15.039999
2026-04-11 12:00:00+00:00,236,24,760.5,15.8,0.0,45.8,15.179998
2026-04-11 12:00:00+00:00,325,24,669.8,13.2,0.0,46.56,15.639999
2026-04-11 12:00:00+00:00,391,24,542.0,11.9,0.0,46.7,16.099998
2026-04-11 12:00:00+00:00,422,24,678.3,14.1,0.0,46.24,15.219999
2026-04-11 12:00:00+00:00,425,24,712.8,14.3,0.0,45.94,15.519999
2026-04-11 12:00:00+00:00,426,24,789.3,18.1,0.0,45.54,13.719999
2026-04-11 15:00:00+00:00,63,24,474.5,16.2,0.0,46.420002,14.08
2026-04-11 15:00:00+00:00,76,24,476.8,16.5,0.0,46.34,14.199999
2026-04-11 15:00:00+00:00,106,24,484.0,17.5,0.0,46.260002,14.4
2026-04-11 15:00:00+00:00,122,24,489.3,18.8,0.0,46.02,14.459999
2026-04-11 15:00:00+00:00,127,24,489.5,17.5,0.0,46.12,14.519999
2026-04-11 15:00:00+00:00,129,24,489.8,18.9,0.0,46.02,14.519999
2026-04-11 15:00:00+00:00,177,24,500.0,13.2,0.0,45.6,14.859999
2026-04-11 15:00:00+00:00,194,24,416.3,15.6,0.0,46.52,15.039999
2026-04-11 15:00:00+00:00,236,24,477.3,17.7,0.0,45.8,15.179998
2026-04-11 15:00:00+00:00,325,24,412.5,14.4,0.0,46.56,15.639999
2026-04-11 15:00:00+00:00,391,24,420.5,12.9,0.0,46.7,16.099998
2026-04-11 15:00:00+00:00,422,24,471.8,16.2,0.0,46.24,15.219999
2026-04-11 15:00:00+00:00,425,24,460.0,15.7,0.0,45.94,15.519999
2026-04-11 15:00:00+00:00,426,24,494.5,17.5,0.0,45.54,13.719999
2026-04-11 18:00:00+00:00,63,24,18.0,10.9,0.0,46.420002,14.08
2026-04-11 18:00:00+00:00,76,24,17.3,12.9,0.0,46.34,14.199999
2026-04-11 18:00:00+00:00,106,24,17.5,13.6,0.0,46.260002,14.4
2026-04-11 18:00:00+00:00,122,24,15.8,13.5,0.0,46.02,14.459999
2026-04-11 18:00:00+00:00,127,24,14.0,13.3,0.0,46.12,14.519999
2026-04-11 18:00:00+00:00,129,24,16.3,14.3,0.0,46.02,14.519999
2026-04-11 18:00:00+00:00,177,24,14.8,9.0,0.0,45.6,14.859999
2026-04-11 18:00:00+00:00,194,24,10.5,10.7,0.0,46.52,15.039999
2026-04-11 18:00:00+00:00,236,24,13.3,12.5,0.0,45.8,15.179998
2026-04-11 18:00:00+00:00,325,24,7.3,11.4,0.0,46.56,15.639999
2026-04-11 18:00:00+00:00,391,24,9.3,10.0,0.0,46.7,16.099998
2026-04-11 18:00:00+00:00,422,24,13.3,12.4,0.0,46.24,15.219999
2026-04-11 18:00:00+00:00,425,24,12.0,11.4,0.0,45.94,15.519999
2026-04-11 18:00:00+00:00,426,24,19.0,15.0,0.0,45.54,13.719999
2026-04-11 21:00:00+00:00,63,24,0.0,7.6,0.0,46.420002,14.08
2026-04-11 21:00:00+00:00,76,24,0.3,8.9,0.0,46.34,14.199999
2026-04-11 21:00:00+00:00,106,24,0.0,8.9,0.0,46.260002,14.4
2026-04-11 21:00:00+00:00,122,24,0.3,8.9,0.0,46.02,14.459999
2026-04-11 21:00:00+00:00,127,24,0.0,10.1,0.0,46.12,14.519999
2026-04-11 21:00:00+00:00,129,24,0.0,9.9,0.0,46.02,14.519999
2026-04-11 21:00:00+00:00,177,24,0.0,7.6,0.0,45.6,14.859999
2026-04-11 21:00:00+00:00,194,24,0.0,7.3,0.0,46.52,15.039999
2026-04-11 21:00:00+00:00,236,24,0.0,7.9,0.0,45.8,15.179998
2026-04-11 21:00:00+00:00,325,24,0.3,9.7,0.0,46.56,15.639999
2026-04-11 21:00:00+00:00,391,24,0.3,8.9,0.0,46.7,16.099998
2026-04-11 21:00:00+00:00,422,24,0.0,9.2,0.0,46.24,15.219999
2026-04-11 21:00:00+00:00,425,24,0.0,9.4,0.0,45.94,15.519999
2026-04-11 21:00:00+00:00,426,24,0.0,10.9,0.0,45.54,13.719999
2026-04-11 01:00:00+00:00,63,1,0.0,4.0,0.0,46.420002,14.08
2026-04-11 01:00:00+00:00,76,1,0.0,4.5,0.0,46.34,14.199999
2026-04-11 01:00:00+00:00,106,1,0.0,5.3,0.0,46.260002,14.4
2026-04-11 01:00:00+00:00,122,1,0.0,5.5,0.0,46.02,14.459999
2026-04-11 01:00:00+00:00,127,1,0.0,6.4,0.0,46.12,14.519999
2026-04-11 01:00:00+00:00,129,1,0.0,6.1,0.0,46.02,14.519999
2026-04-11 01:00:00+00:00,177,1,0.0,6.0,0.0,45.6,14.859999
2026-04-11 01:00:00+00:00,194,1,0.0,3.6,0.0,46.52,15.039999
2026-04-11 01:00:00+00:00,236,1,0.0,5.6,0.0,45.8,15.179998
2026-04-11 01:00:00+00:00,325,1,0.0,3.8,0.0,46.56,15.639999
2026-04-11 01:00:00+00:00,391,1,0.0,3.9,0.0,46.7,16.099998
2026-04-11 01:00:00+00:00,422,1,0.0,4.4,0.0,46.24,15.219999
2026-04-11 01:00:00+00:00,425,1,0.0,4.7,0.0,45.94,15.519999
2026-04-11 01:00:00+00:00,426,1,0.0,9.6,0.0,45.54,13.719999
2026-04-11 02:00:00+00:00,63,2,0.0,4.0,0.0,46.420002,14.08
2026-04-11 02:00:00+00:00,76,2,0.0,2.9,0.0,46.34,14.199999
2026-04-11 02:00:00+00:00,106,2,0.0,4.2,0.0,46.260002,14.4
2026-04-11 02:00:00+00:00,122,2,0.0,4.7,0.0,46.02,14.459999
2026-04-11 02:00:00+00:00,127,2,0.0,5.1,0.0,46.12,14.519999
2026-04-11 02:00:00+00:00,129,2,0.0,5.0,0.0,46.02,14.519999
2026-04-11 02:00:00+00:00,177,2,0.0,3.7,0.0,45.6,14.859999
2026-04-11 02:00:00+00:00,194,2,0.0,2.8,0.0,46.52,15.039999
2026-04-11 02:00:00+00:00,236,2,0.0,4.9,0.0,45.8,15.179998
2026-04-11 02:00:00+00:00,325,2,0.0,3.6,0.0,46.56,15.639999
2026-04-11 02:00:00+00:00,391,2,0.0,3.7,0.0,46.7,16.099998
2026-04-11 02:00:00+00:00,422,2,0.0,3.8,0.0,46.24,15.219999
2026-04-11 02:00:00+00:00,425,2,0.0,4.1,0.0,45.94,15.519999
2026-04-11 02:00:00+00:00,426,2,0.0,9.7,0.0,45.54,13.719999
2026-04-11 03:00:00+00:00,63,3,0.0,2.5,0.0,46.420002,14.08
2026-04-11 03:00:00+00:00,76,3,0.0,3.4,0.0,46.34,14.199999
2026-04-11 03:00:00+00:00,106,3,0.0,3.9,0.0,46.260002,14.4
2026-04-11 03:00:00+00:00,122,3,0.0,4.3,0.0,46.02,14.459999
2026-04-11 03:00:00+00:00,127,3,0.0,4.7,0.0,46.12,14.519999
2026-04-11 03:00:00+00:00,129,3,0.0,5.4,0.0,46.02,14.519999
2026-04-11 03:00:00+00:00,177,3,0.0,2.6,0.0,45.6,14.859999
2026-04-11 03:00:00+00:00,194,3,0.0,3.5,0.0,46.52,15.039999
2026-04-11 03:00:00+00:00,236,3,0.0,4.2,0.0,45.8,15.179998
2026-04-11 03:00:00+00:00,325,3,0.0,3.9,0.0,46.56,15.639999
2026-04-11 03:00:00+00:00,391,3,0.0,3.4,0.0,46.7,16.099998
2026-04-11 03:00:00+00:00,422,3,0.0,3.2,0.0,46.24,15.219999
2026-04-11 03:00:00+00:00,425,3,0.0,3.6,0.0,45.94,15.519999
2026-04-11 03:00:00+00:00,426,3,0.0,9.1,0.0,45.54,13.719999
2026-04-11 06:00:00+00:00,63,6,89.8,4.2,0.0,46.420002,14.08
2026-04-11 06:00:00+00:00,76,6,84.0,3.8,0.0,46.34,14.199999
2026-04-11 06:00:00+00:00,106,6,94.8,5.2,0.0,46.260002,14.4
2026-04-11 06:00:00+00:00,122,6,89.5,6.0,0.0,46.02,14.459999
2026-04-11 06:00:00+00:00,127,6,94.8,5.7,0.0,46.12,14.519999
2026-04-11 06:00:00+00:00,129,6,91.3,6.1,0.0,46.02,14.519999
2026-04-11 06:00:00+00:00,177,6,73.5,3.0,0.0,45.6,14.859999
2026-04-11 06:00:00+00:00,194,6,84.3,5.1,0.0,46.52,15.039999
2026-04-11 06:00:00+00:00,236,6,82.8,5.0,0.0,45.8,15.179998
2026-04-11 06:00:00+00:00,325,6,96.8,3.4,0.0,46.56,15.639999
2026-04-11 06:00:00+00:00,391,6,93.8,4.3,0.0,46.7,16.099998
2026-04-11 06:00:00+00:00,422,6,87.3,3.5,0.0,46.24,15.219999
2026-04-11 06:00:00+00:00,425,6,93.0,4.8,0.0,45.94,15.519999
2026-04-11 06:00:00+00:00,426,6,93.0,9.6,0.0,45.54,13.719999
2026-04-11 07:00:00+00:00,63,1,222.0,6.2,0.0,46.420002,14.08
2026-04-11 07:00:00+00:00,76,1,223.0,6.0,0.0,46.34,14.199999
2026-04-11 07:00:00+00:00,106,1,247.5,6.8,0.0,46.260002,14.4
2026-04-11 07:00:00+00:00,122,1,218.3,7.5,0.0,46.02,14.459999
2026-04-11 07:00:00+00:00,127,1,245.8,6.9,0.0,46.12,14.519999
2026-04-11 07:00:00+00:00,129,1,217.8,7.5,0.0,46.02,14.519999
2026-04-11 07:00:00+00:00,177,1,204.3,4.2,0.0,45.6,14.859999
2026-04-11 07:00:00+00:00,194,1,216.8,6.5,0.0,46.52,15.039999
2026-04-11 07:00:00+00:00,236,1,198.8,7.3,0.0,45.8,15.179998
2026-04-11 07:00:00+00:00,325,1,263.0,5.9,0.0,46.56,15.639999
2026-04-11 07:00:00+00:00,391,1,221.0,5.9,0.0,46.7,16.099998
2026-04-11 07:00:00+00:00,422,1,250.0,6.2,0.0,46.24,15.219999
2026-04-11 07:00:00+00:00,425,1,277.3,7.7,0.0,45.94,15.519999
2026-04-11 07:00:00+00:00,426,1,252.0,13.4,0.0,45.54,13.719999
2026-04-11 08:00:00+00:00,63,2,400.8,7.8,0.0,46.420002,14.08
2026-04-11 08:00:00+00:00,76,2,394.3,7.7,0.0,46.34,14.199999
2026-04-11 08:00:00+00:00,106,2,402.3,8.4,0.0,46.260002,14.4
2026-04-11 08:00:00+00:00,122,2,366.3,8.9,0.0,46.02,14.459999
2026-04-11 08:00:00+00:00,127,2,398.8,8.1,0.0,46.12,14.519999
2026-04-11 08:00:00+00:00,129,2,390.8,9.3,0.0,46.02,14.519999
2026-04-11 08:00:00+00:00,177,2,354.3,5.4,0.0,45.6,14.859999
2026-04-11 08:00:00+00:00,194,2,322.5,7.2,0.0,46.52,15.039999
2026-04-11 08:00:00+00:00,236,2,305.5,8.6,0.0,45.8,15.179998
2026-04-11 08:00:00+00:00,325,2,359.5,8.1,0.0,46.56,15.639999
2026-04-11 08:00:00+00:00,391,2,339.3,7.2,0.0,46.7,16.099998
2026-04-11 08:00:00+00:00,422,2,318.8,7.9,0.0,46.24,15.219999
2026-04-11 08:00:00+00:00,425,2,382.5,9.2,0.0,45.94,15.519999
2026-04-11 08:00:00+00:00,426,2,434.5,16.6,0.0,45.54,13.719999
2026-04-11 09:00:00+00:00,63,3,569.0,9.5,0.0,46.420002,14.08
2026-04-11 09:00:00+00:00,76,3,577.0,9.7,0.0,46.34,14.199999
2026-04-11 09:00:00+00:00,106,3,579.3,10.2,0.0,46.260002,14.4
2026-04-11 09:00:00+00:00,122,3,534.8,10.9,0.0,46.02,14.459999
2026-04-11 09:00:00+00:00,127,3,554.8,10.1,0.0,46.12,14.519999
2026-04-11 09:00:00+00:00,129,3,525.5,11.1,0.0,46.02,14.519999
2026-04-11 09:00:00+00:00,177,3,465.8,6.7,0.0,45.6,14.859999
2026-04-11 09:00:00+00:00,194,3,420.0,8.7,0.0,46.52,15.039999
2026-04-11 09:00:00+00:00,236,3,352.0,10.4,0.0,45.8,15.179998
2026-04-11 09:00:00+00:00,325,3,448.0,10.0,0.0,46.56,15.639999
2026-04-11 09:00:00+00:00,391,3,432.3,8.6,0.0,46.7,16.099998
2026-04-11 09:00:00+00:00,422,3,496.0,9.7,0.0,46.24,15.219999
2026-04-11 09:00:00+00:00,425,3,532.5,10.8,0.0,45.94,15.519999
2026-04-11 09:00:00+00:00,426,3,565.3,18.0,0.0,45.54,13.719999
2026-04-11 10:00:00+00:00,63,1,555.8,9.6,0.0,46.420002,14.08
2026-04-11 10:00:00+00:00,76,1,592.5,10.0,0.0,46.34,14.199999
2026-04-11 10:00:00+00:00,106,1,607.5,10.7,0.0,46.260002,14.4
2026-04-11 10:00:00+00:00,122,1,585.3,11.8,0.0,46.02,14.459999
2026-04-11 10:00:00+00:00,127,1,612.5,11.0,0.0,46.12,14.519999
2026-04-11 10:00:00+00:00,129,1,542.3,11.9,0.0,46.02,14.519999
2026-04-11 10:00:00+00:00,177,1,573.5,8.8,0.0,45.6,14.859999
2026-04-11 10:00:00+00:00,194,1,603.3,10.6,0.0,46.52,15.039999
2026-04-11 10:00:00+00:00,236,1,550.5,11.7,0.0,45.8,15.179998
2026-04-11 10:00:00+00:00,325,1,540.3,11.1,0.0,46.56,15.639999
2026-04-11 10:00:00+00:00,391,1,619.0,10.4,0.0,46.7,16.099998
2026-04-11 10:00:00+00:00,422,1,545.0,10.9,0.0,46.24,15.219999
2026-04-11 10:00:00+00:00,425,1,502.0,11.2,0.0,45.94,15.519999
2026-04-11 10:00:00+00:00,426,1,717.0,18.8,0.0,45.54,13.719999
2026-04-11 11:00:00+00:00,63,2,646.5,11.7,0.0,46.420002,14.08
2026-04-11 11:00:00+00:00,76,2,645.8,11.9,0.0,46.34,14.199999
2026-04-11 11:00:00+00:00,106,2,668.8,12.5,0.0,46.260002,14.4
2026-04-11 11:00:00+00:00,122,2,643.3,13.5,0.0,46.02,14.459999
2026-04-11 11:00:00+00:00,127,2,638.0,12.4,0.0,46.12,14.519999
2026-04-11 11:00:00+00:00,129,2,630.5,13.5,0.0,46.02,14.519999
2026-04-11 11:00:00+00:00,177,2,725.8,11.3,0.0,45.6,14.859999
2026-04-11 11:00:00+00:00,194,2,669.8,12.4,0.0,46.52,15.039999
2026-04-11 11:00:00+00:00,236,2,653.3,13.6,0.0,45.8,15.179998
2026-04-11 11:00:00+00:00,325,2,706.5,12.5,0.0,46.56,15.639999
2026-04-11 11:00:00+00:00,391,2,595.0,11.5,0.0,46.7,16.099998
2026-04-11 11:00:00+00:00,422,2,689.0,12.7,0.0,46.24,15.219999
2026-04-11 11:00:00+00:00,425,2,659.3,12.8,0.0,45.94,15.519999
2026-04-11 11:00:00+00:00,426,2,778.0,18.7,0.0,45.54,13.719999
2026-04-11 12:00:00+00:00,63,3,745.5,13.6,0.0,46.420002,14.08
2026-04-11 12:00:00+00:00,63,6,726.5,14.1,0.0,46.420002,14.08
2026-04-11 12:00:00+00:00,76,3,726.5,13.6,0.0,46.34,14.199999
2026-04-11 12:00:00+00:00,76,6,738.8,14.2,0.0,46.34,14.199999
2026-04-11 12:00:00+00:00,106,3,767.8,14.3,0.0,46.260002,14.4
2026-04-11 12:00:00+00:00,106,6,778.5,15.0,0.0,46.260002,14.4
2026-04-11 12:00:00+00:00,122,3,786.5,15.4,0.0,46.02,14.459999
2026-04-11 12:00:00+00:00,122,6,785.8,16.0,0.0,46.02,14.459999
2026-04-11 12:00:00+00:00,127,3,785.5,14.3,0.0,46.12,14.519999
2026-04-11 12:00:00+00:00,127,6,784.3,15.0,0.0,46.12,14.519999
2026-04-11 12:00:00+00:00,129,3,784.0,15.6,0.0,46.02,14.519999
2026-04-11 12:00:00+00:00,129,6,783.3,16.2,0.0,46.02,14.519999
2026-04-11 12:00:00+00:00,177,3,795.0,13.1,0.0,45.6,14.859999
2026-04-11 12:00:00+00:00,177,6,795.8,12.2,0.0,45.6,14.859999
2026-04-11 12:00:00+00:00,194,3,688.8,14.0,0.0,46.52,15.039999
2026-04-11 12:00:00+00:00,194,6,696.8,14.0,0.0,46.52,15.039999
2026-04-11 12:00:00+00:00,236,3,781.5,15.8,0.0,45.8,15.179998
2026-04-11 12:00:00+00:00,236,6,780.5,16.4,0.0,45.8,15.179998
2026-04-11 12:00:00+00:00,325,3,771.5,13.7,0.0,46.56,15.639999
2026-04-11 12:00:00+00:00,325,6,749.0,13.5,0.0,46.56,15.639999
2026-04-11 12:00:00+00:00,391,3,603.8,12.8,0.0,46.7,16.099998
2026-04-11 12:00:00+00:00,391,6,489.8,11.7,0.0,46.7,16.099998
2026-04-11 12:00:00+00:00,422,3,744.8,14.7,0.0,46.24,15.219999
2026-04-11 12:00:00+00:00,422,6,752.8,15.0,0.0,46.24,15.219999
2026-04-11 12:00:00+00:00,425,3,769.3,14.5,0.0,45.94,15.519999
2026-04-11 12:00:00+00:00,425,6,769.8,14.8,0.0,45.94,15.519999
2026-04-11 12:00:00+00:00,426,3,784.3,18.7,0.0,45.54,13.719999
2026-04-11 12:00:00+00:00,426,6,785.8,18.1,0.0,45.54,13.719999
2026-04-11 13:00:00+00:00,63,1,698.3,14.2,0.0,46.420002,14.08
2026-04-11 13:00:00+00:00,76,1,717.3,14.4,0.0,46.34,14.199999
2026-04-11 13:00:00+00:00,106,1,737.5,15.2,0.0,46.260002,14.4
2026-04-11 13:00:00+00:00,122,1,736.8,16.2,0.0,46.02,14.459999
2026-04-11 13:00:00+00:00,127,1,739.5,15.4,0.0,46.12,14.519999
2026-04-11 13:00:00+00:00,129,1,736.8,16.5,0.0,46.02,14.519999
2026-04-11 13:00:00+00:00,177,1,707.3,14.3,0.0,45.6,14.859999
2026-04-11 13:00:00+00:00,194,1,638.3,14.3,0.0,46.52,15.039999
2026-04-11 13:00:00+00:00,236,1,729.8,16.0,0.0,45.8,15.179998
2026-04-11 13:00:00+00:00,325,1,682.5,14.1,0.0,46.56,15.639999
2026-04-11 13:00:00+00:00,391,1,565.0,13.0,0.0,46.7,16.099998
2026-04-11 13:00:00+00:00,422,1,702.3,14.8,0.0,46.24,15.219999
2026-04-11 13:00:00+00:00,425,1,716.8,14.7,0.0,45.94,15.519999
2026-04-11 13:00:00+00:00,426,1,740.8,18.9,0.0,45.54,13.719999
2026-04-11 14:00:00+00:00,63,2,528.8,14.8,0.0,46.420002,14.08
2026-04-11 14:00:00+00:00,76,2,582.5,15.2,0.0,46.34,14.199999
2026-04-11 14:00:00+00:00,106,2,633.3,16.3,0.0,46.260002,14.4
2026-04-11 14:00:00+00:00,122,2,634.8,17.5,0.0,46.02,14.459999
2026-04-11 14:00:00+00:00,127,2,636.8,16.1,0.0,46.12,14.519999
2026-04-11 14:00:00+00:00,129,2,634.8,17.7,0.0,46.02,14.519999
2026-04-11 14:00:00+00:00,177,2,594.8,14.3,0.0,45.6,14.859999
2026-04-11 14:00:00+00:00,194,2,572.5,14.9,0.0,46.52,15.039999
2026-04-11 14:00:00+00:00,236,2,624.5,16.5,0.0,45.8,15.179998
2026-04-11 14:00:00+00:00,325,2,569.8,14.5,0.0,46.56,15.639999
2026-04-11 14:00:00+00:00,391,2,528.3,13.6,0.0,46.7,16.099998
2026-04-11 14:00:00+00:00,422,2,611.0,15.8,0.0,46.24,15.219999
2026-04-11 14:00:00+00:00,425,2,605.3,15.2,0.0,45.94,15.519999
2026-04-11 14:00:00+00:00,426,2,638.5,18.9,0.0,45.54,13.719999
2026-04-11 15:00:00+00:00,63,3,470.3,15.0,0.0,46.420002,14.08
2026-04-11 15:00:00+00:00,63,6,472.8,15.5,0.0,46.420002,14.08
2026-04-11 15:00:00+00:00,76,3,460.0,15.6,0.0,46.34,14.199999
2026-04-11 15:00:00+00:00,76,6,453.8,16.1,0.0,46.34,14.199999
2026-04-11 15:00:00+00:00,106,3,461.0,16.5,0.0,46.260002,14.4
2026-04-11 15:00:00+00:00,106,6,423.3,16.9,0.0,46.260002,14.4
2026-04-11 15:00:00+00:00,122,3,486.0,18.1,0.0,46.02,14.459999
2026-04-11 15:00:00+00:00,122,6,454.0,18.6,0.0,46.02,14.459999
2026-04-11 15:00:00+00:00,127,3,491.5,16.5,0.0,46.12,14.519999
2026-04-11 15:00:00+00:00,127,6,491.0,17.1,0.0,46.12,14.519999
2026-04-11 15:00:00+00:00,129,3,489.5,18.3,0.0,46.02,14.519999
2026-04-11 15:00:00+00:00,129,6,480.0,18.9,0.0,46.02,14.519999
2026-04-11 15:00:00+00:00,177,3,473.8,13.3,0.0,45.6,14.859999
2026-04-11 15:00:00+00:00,177,6,474.3,13.1,0.0,45.6,14.859999
2026-04-11 15:00:00+00:00,194,3,430.5,15.0,0.0,46.52,15.039999
2026-04-11 15:00:00+00:00,194,6,438.8,15.4,0.0,46.52,15.039999
2026-04-11 15:00:00+00:00,236,3,477.8,16.5,0.0,45.8,15.179998
2026-04-11 15:00:00+00:00,236,6,477.8,16.9,0.0,45.8,15.179998
2026-04-11 15:00:00+00:00,325,3,426.3,14.6,0.0,46.56,15.639999
2026-04-11 15:00:00+00:00,325,6,446.0,15.1,0.0,46.56,15.639999
2026-04-11 15:00:00+00:00,391,3,426.8,13.4,0.0,46.7,16.099998
2026-04-11 15:00:00+00:00,391,6,442.0,13.8,0.0,46.7,16.099998
2026-04-11 15:00:00+00:00,422,3,469.5,16.1,0.0,46.24,15.219999
2026-04-11 15:00:00+00:00,422,6,471.3,17.0,0.0,46.24,15.219999
2026-04-11 15:00:00+00:00,425,3,467.8,15.3,0.0,45.94,15.519999
2026-04-11 15:00:00+00:00,425,6,470.8,16.0,0.0,45.94,15.519999
2026-04-11 15:00:00+00:00,426,3,496.3,18.7,0.0,45.54,13.719999
2026-04-11 15:00:00+00:00,426,6,495.0,18.1,0.0,45.54,13.719999
2026-04-11 16:00:00+00:00,63,1,290.5,14.7,0.0,46.420002,14.08
2026-04-11 16:00:00+00:00,76,1,306.3,15.5,0.0,46.34,14.199999
2026-04-11 16:00:00+00:00,106,1,317.8,16.4,0.0,46.260002,14.4
2026-04-11 16:00:00+00:00,122,1,319.0,17.5,0.0,46.02,14.459999
2026-04-11 16:00:00+00:00,127,1,319.5,16.9,0.0,46.12,14.519999
2026-04-11 16:00:00+00:00,129,1,318.3,17.6,0.0,46.02,14.519999
2026-04-11 16:00:00+00:00,177,1,326.0,12.4,0.0,45.6,14.859999
2026-04-11 16:00:00+00:00,194,1,288.5,14.8,0.0,46.52,15.039999
2026-04-11 16:00:00+00:00,236,1,305.0,16.2,0.0,45.8,15.179998
2026-04-11 16:00:00+00:00,325,1,236.5,14.6,0.0,46.56,15.639999
2026-04-11 16:00:00+00:00,391,1,288.3,13.0,0.0,46.7,16.099998
2026-04-11 16:00:00+00:00,422,1,289.0,15.1,0.0,46.24,15.219999
2026-04-11 16:00:00+00:00,425,1,298.0,15.2,0.0,45.94,15.519999
2026-04-11 16:00:00+00:00,426,1,323.8,18.1,0.0,45.54,13.719999
2026-04-11 17:00:00+00:00,63,2,138.3,13.4,0.0,46.420002,14.08
2026-04-11 17:00:00+00:00,76,2,137.5,14.7,0.0,46.34,14.199999
2026-04-11 17:00:00+00:00,106,2,141.0,15.7,0.0,46.260002,14.4
2026-04-11 17:00:00+00:00,122,2,142.0,16.5,0.0,46.02,14.459999
2026-04-11 17:00:00+00:00,127,2,142.3,15.7,0.0,46.12,14.519999
2026-04-11 17:00:00+00:00,129,2,141.0,16.5,0.0,46.02,14.519999
2026-04-11 17:00:00+00:00,177,2,146.0,10.9,0.0,45.6,14.859999
2026-04-11 17:00:00+00:00,194,2,105.8,13.0,0.0,46.52,15.039999
2026-04-11 17:00:00+00:00,236,2,130.5,15.2,0.0,45.8,15.179998
2026-04-11 17:00:00+00:00,325,2,108.8,13.9,0.0,46.56,15.639999
2026-04-11 17:00:00+00:00,391,2,107.3,12.3,0.0,46.7,16.099998
2026-04-11 17:00:00+00:00,422,2,121.8,14.2,0.0,46.24,15.219999
2026-04-11 17:00:00+00:00,425,2,124.3,14.3,0.0,45.94,15.519999
2026-04-11 17:00:00+00:00,426,2,146.8,17.1,0.0,45.54,13.719999
2026-04-11 18:00:00+00:00,63,3,18.0,10.0,0.0,46.420002,14.08
2026-04-11 18:00:00+00:00,63,6,18.0,10.0,0.0,46.420002,14.08
2026-04-11 18:00:00+00:00,76,3,17.3,12.0,0.0,46.34,14.199999
2026-04-11 18:00:00+00:00,76,6,17.3,11.9,0.0,46.34,14.199999
2026-04-11 18:00:00+00:00,106,3,17.5,12.4,0.0,46.260002,14.4
2026-04-11 18:00:00+00:00,106,6,17.3,12.1,0.0,46.260002,14.4
2026-04-11 18:00:00+00:00,122,3,16.8,12.9,0.0,46.02,14.459999
2026-04-11 18:00:00+00:00,122,6,16.5,12.4,0.0,46.02,14.459999
2026-04-11 18:00:00+00:00,127,3,16.8,13.0,0.0,46.12,14.519999
2026-04-11 18:00:00+00:00,127,6,16.8,13.1,0.0,46.12,14.519999
2026-04-11 18:00:00+00:00,129,3,16.8,14.0,0.0,46.02,14.519999
2026-04-11 18:00:00+00:00,129,6,16.5,14.0,0.0,46.02,14.519999
2026-04-11 18:00:00+00:00,177,3,16.0,9.0,0.0,45.6,14.859999
2026-04-11 18:00:00+00:00,177,6,15.8,8.9,0.0,45.6,14.859999
2026-04-11 18:00:00+00:00,194,3,12.8,10.1,0.0,46.52,15.039999
2026-04-11 18:00:00+00:00,194,6,11.8,10.5,0.0,46.52,15.039999
2026-04-11 18:00:00+00:00,236,3,13.5,12.5,0.0,45.8,15.179998
2026-04-11 18:00:00+00:00,236,6,12.8,12.4,0.0,45.8,15.179998
2026-04-11 18:00:00+00:00,325,3,11.8,12.5,0.0,46.56,15.639999
2026-04-11 18:00:00+00:00,325,6,11.5,11.9,0.0,46.56,15.639999
2026-04-11 18:00:00+00:00,391,3,10.3,10.4,0.0,46.7,16.099998
2026-04-11 18:00:00+00:00,391,6,10.5,9.8,0.0,46.7,16.099998
2026-04-11 18:00:00+00:00,422,3,13.5,12.1,0.0,46.24,15.219999
2026-04-11 18:00:00+00:00,422,6,13.8,12.0,0.0,46.24,15.219999
2026-04-11 18:00:00+00:00,425,3,12.0,11.9,0.0,45.94,15.519999
2026-04-11 18:00:00+00:00,425,6,12.0,11.7,0.0,45.94,15.519999
2026-04-11 18:00:00+00:00,426,3,19.3,15.9,0.0,45.54,13.719999
2026-04-11 18:00:00+00:00,426,6,19.3,15.3,0.0,45.54,13.719999
2026-04-11 19:00:00+00:00,63,1,0.0,10.1,0.0,46.420002,14.08
2026-04-11 19:00:00+00:00,76,1,0.0,10.0,0.0,46.34,14.199999
2026-04-11 19:00:00+00:00,106,1,0.0,11.8,0.0,46.260002,14.4
2026-04-11 19:00:00+00:00,122,1,0.0,11.2,0.0,46.02,14.459999
2026-04-11 19:00:00+00:00,127,1,0.0,12.3,0.0,46.12,14.519999
2026-04-11 19:00:00+00:00,129,1,0.0,13.1,0.0,46.02,14.519999
2026-04-11 19:00:00+00:00,177,1,0.0,8.7,0.0,45.6,14.859999
2026-04-11 19:00:00+00:00,194,1,0.0,9.0,0.0,46.52,15.039999
2026-04-11 19:00:00+00:00,236,1,0.0,9.5,0.0,45.8,15.179998
2026-04-11 19:00:00+00:00,325,1,0.0,11.5,0.0,46.56,15.639999
2026-04-11 19:00:00+00:00,391,1,0.0,9.7,0.0,46.7,16.099998
2026-04-11 19:00:00+00:00,422,1,0.0,11.1,0.0,46.24,15.219999
2026-04-11 19:00:00+00:00,425,1,0.0,11.2,0.0,45.94,15.519999
2026-04-11 19:00:00+00:00,426,1,0.0,15.1,0.0,45.54,13.719999
2026-04-11 20:00:00+00:00,63,2,0.0,9.5,0.0,46.420002,14.08
2026-04-11 20:00:00+00:00,76,2,0.0,9.3,0.0,46.34,14.199999
2026-04-11 20:00:00+00:00,106,2,0.0,10.5,0.0,46.260002,14.4
2026-04-11 20:00:00+00:00,122,2,0.0,10.1,0.0,46.02,14.459999
2026-04-11 20:00:00+00:00,127,2,0.0,11.3,0.0,46.12,14.519999
2026-04-11 20:00:00+00:00,129,2,0.0,11.8,0.0,46.02,14.519999
2026-04-11 20:00:00+00:00,177,2,0.0,8.6,0.0,45.6,14.859999
2026-04-11 20:00:00+00:00,194,2,0.0,7.4,0.0,46.52,15.039999
2026-04-11 20:00:00+00:00,236,2,0.0,8.9,0.0,45.8,15.179998
2026-04-11 20:00:00+00:00,325,2,0.0,10.7,0.0,46.56,15.639999
2026-04-11 20:00:00+00:00,391,2,0.0,9.2,0.0,46.7,16.099998
2026-04-11 20:00:00+00:00,422,2,0.0,10.0,0.0,46.24,15.219999
2026-04-11 20:00:00+00:00,425,2,0.0,10.5,0.0,45.94,15.519999
2026-04-11 20:00:00+00:00,426,2,0.0,12.4,0.0,45.54,13.719999
2026-04-11 21:00:00+00:00,63,3,0.0,8.7,0.0,46.420002,14.08
2026-04-11 21:00:00+00:00,63,6,0.0,7.0,0.0,46.420002,14.08
2026-04-11 21:00:00+00:00,76,3,0.0,8.4,0.0,46.34,14.199999
2026-04-11 21:00:00+00:00,76,6,0.0,8.0,0.0,46.34,14.199999
2026-04-11 21:00:00+00:00,106,3,0.0,9.4,0.0,46.260002,14.4
2026-04-11 21:00:00+00:00,106,6,0.0,8.3,0.0,46.260002,14.4
2026-04-11 21:00:00+00:00,122,3,0.0,9.0,0.0,46.02,14.459999
2026-04-11 21:00:00+00:00,122,6,0.0,8.9,0.0,46.02,14.459999
2026-04-11 21:00:00+00:00,127,3,0.0,9.5,0.0,46.12,14.519999
2026-04-11 21:00:00+00:00,127,6,0.0,9.7,0.0,46.12,14.519999
2026-04-11 21:00:00+00:00,129,3,0.0,10.7,0.0,46.02,14.519999
2026-04-11 21:00:00+00:00,129,6,0.0,9.6,0.0,46.02,14.519999
2026-04-11 21:00:00+00:00,177,3,0.0,8.2,0.0,45.6,14.859999
2026-04-11 21:00:00+00:00,177,6,0.0,7.8,0.0,45.6,14.859999
2026-04-11 21:00:00+00:00,194,3,0.0,6.5,0.0,46.52,15.039999
2026-04-11 21:00:00+00:00,194,6,0.0,5.9,0.0,46.52,15.039999
2026-04-11 21:00:00+00:00,236,3,0.0,8.6,0.0,45.8,15.179998
2026-04-11 21:00:00+00:00,236,6,0.0,8.2,0.0,45.8,15.179998
2026-04-11 21:00:00+00:00,325,3,0.0,9.3,0.0,46.56,15.639999
2026-04-11 21:00:00+00:00,325,6,0.0,9.7,0.0,46.56,15.639999
2026-04-11 21:00:00+00:00,391,3,0.0,8.5,0.0,46.7,16.099998
2026-04-11 21:00:00+00:00,391,6,0.0,8.2,0.0,46.7,16.099998
2026-04-11 21:00:00+00:00,422,3,0.0,8.5,0.0,46.24,15.219999
2026-04-11 21:00:00+00:00,422,6,0.0,7.8,0.0,46.24,15.219999
2026-04-11 21:00:00+00:00,425,3,0.0,9.7,0.0,45.94,15.519999
2026-04-11 21:00:00+00:00,425,6,0.0,9.0,0.0,45.94,15.519999
2026-04-11 21:00:00+00:00,426,3,0.0,11.1,0.0,45.54,13.719999
2026-04-11 21:00:00+00:00,426,6,0.0,11.2,0.0,45.54,13.719999
2026-04-11 22:00:00+00:00,63,1,0.0,7.8,0.0,46.420002,14.08
2026-04-11 22:00:00+00:00,76,1,0.0,7.9,0.0,46.34,14.199999
2026-04-11 22:00:00+00:00,106,1,0.0,9.1,0.0,46.260002,14.4
2026-04-11 22:00:00+00:00,122,1,0.0,8.7,0.0,46.02,14.459999
2026-04-11 22:00:00+00:00,127,1,0.0,9.2,0.0,46.12,14.519999
2026-04-11 22:00:00+00:00,129,1,0.0,9.6,0.0,46.02,14.519999
2026-04-11 22:00:00+00:00,177,1,0.0,7.6,0.0,45.6,14.859999
2026-04-11 22:00:00+00:00,194,1,0.0,6.8,0.0,46.52,15.039999
2026-04-11 22:00:00+00:00,236,1,0.0,7.5,0.0,45.8,15.179998
2026-04-11 22:00:00+00:00,325,1,0.0,9.6,0.0,46.56,15.639999
2026-04-11 22:00:00+00:00,391,1,0.0,9.3,0.0,46.7,16.099998
2026-04-11 22:00:00+00:00,422,1,0.0,8.4,0.0,46.24,15.219999
2026-04-11 22:00:00+00:00,425,1,0.0,8.1,0.0,45.94,15.519999
2026-04-11 22:00:00+00:00,426,1,0.0,10.0,0.0,45.54,13.719999
2026-04-11 23:00:00+00:00,63,2,0.0,7.0,0.0,46.420002,14.08
2026-04-11 23:00:00+00:00,76,2,0.0,6.8,0.0,46.34,14.199999
2026-04-11 23:00:00+00:00,106,2,0.0,8.3,0.0,46.260002,14.4
2026-04-11 23:00:00+00:00,122,2,0.0,8.2,0.0,46.02,14.459999
2026-04-11 23:00:00+00:00,127,2,0.0,9.0,0.0,46.12,14.519999
2026-04-11 23:00:00+00:00,129,2,0.0,8.8,0.0,46.02,14.519999
2026-04-11 23:00:00+00:00,177,2,0.0,7.3,0.0,45.6,14.859999
2026-04-11 23:00:00+00:00,194,2,0.0,6.5,0.0,46.52,15.039999
2026-04-11 23:00:00+00:00,236,2,0.0,6.9,0.0,45.8,15.179998
2026-04-11 23:00:00+00:00,325,2,0.0,8.5,0.0,46.56,15.639999
2026-04-11 23:00:00+00:00,391,2,0.0,8.7,0.0,46.7,16.099998
2026-04-11 23:00:00+00:00,422,2,0.0,7.8,0.0,46.24,15.219999
2026-04-11 23:00:00+00:00,425,2,0.0,7.2,0.0,45.94,15.519999
2026-04-11 23:00:00+00:00,426,2,0.0,9.4,0.0,45.54,13.719999
2026-04-12 00:00:00+00:00,63,3,0.0,6.5,0.0,46.420002,14.08
2026-04-12 00:00:00+00:00,63,6,0.0,6.4,0.0,46.420002,14.08
2026-04-12 00:00:00+00:00,63,24,0.0,6.5,0.0,46.420002,14.08
2026-04-12 00:00:00+00:00,76,3,0.0,6.5,0.0,46.34,14.199999
2026-04-12 00:00:00+00:00,76,6,0.0,6.3,0.0,46.34,14.199999
2026-04-12 00:00:00+00:00,76,24,0.3,5.7,0.0,46.34,14.199999
2026-04-12 00:00:00+00:00,106,3,0.0,7.1,0.0,46.260002,14.4
2026-04-12 00:00:00+00:00,106,6,0.0,6.0,0.0,46.260002,14.4
2026-04-12 00:00:00+00:00,106,24,0.0,7.3,0.0,46.260002,14.4
2026-04-12 00:00:00+00:00,122,3,0.0,7.5,0.0,46.02,14.459999
2026-04-12 00:00:00+00:00,122,6,0.0,6.2,0.0,46.02,14.459999
2026-04-12 00:00:00+00:00,122,24,0.0,7.6,0.0,46.02,14.459999
2026-04-12 00:00:00+00:00,127,3,0.0,8.5,0.0,46.12,14.519999
2026-04-12 00:00:00+00:00,127,6,0.0,8.3,0.0,46.12,14.519999
2026-04-12 00:00:00+00:00,127,24,0.3,8.3,0.0,46.12,14.519999
2026-04-12 00:00:00+00:00,129,3,0.0,7.9,0.0,46.02,14.519999
2026-04-12 00:00:00+00:00,129,6,0.0,7.8,0.0,46.02,14.519999
2026-04-12 00:00:00+00:00,129,24,0.0,8.2,0.0,46.02,14.519999
2026-04-12 00:00:00+00:00,177,3,0.0,6.9,0.0,45.6,14.859999
2026-04-12 00:00:00+00:00,177,6,0.0,6.9,0.0,45.6,14.859999
2026-04-12 00:00:00+00:00,177,24,0.0,6.7,0.0,45.6,14.859999
2026-04-12 00:00:00+00:00,194,3,0.0,5.5,0.0,46.52,15.039999
2026-04-12 00:00:00+00:00,194,6,0.0,4.7,0.0,46.52,15.039999
2026-04-12 00:00:00+00:00,194,24,0.0,6.4,0.0,46.52,15.039999
2026-04-12 00:00:00+00:00,236,3,0.0,6.5,0.0,45.8,15.179998
2026-04-12 00:00:00+00:00,236,6,0.0,6.3,0.0,45.8,15.179998
2026-04-12 00:00:00+00:00,236,24,0.0,6.2,0.0,45.8,15.179998
2026-04-12 00:00:00+00:00,325,3,0.0,7.9,0.0,46.56,15.639999
2026-04-12 00:00:00+00:00,325,6,0.0,6.8,0.0,46.56,15.639999
2026-04-12 00:00:00+00:00,325,24,0.0,8.8,0.0,46.56,15.639999
2026-04-12 00:00:00+00:00,391,3,0.0,7.9,0.0,46.7,16.099998
2026-04-12 00:00:00+00:00,391,6,0.0,5.3,0.0,46.7,16.099998
2026-04-12 00:00:00+00:00,391,24,0.0,8.0,0.0,46.7,16.099998
2026-04-12 00:00:00+00:00,422,3,0.0,7.2,0.0,46.24,15.219999
2026-04-12 00:00:00+00:00,422,6,0.0,6.7,0.0,46.24,15.219999
2026-04-12 00:00:00+00:00,422,24,0.0,7.3,0.0,46.24,15.219999
2026-04-12 00:00:00+00:00,425,3,0.0,6.3,0.0,45.94,15.519999
2026-04-12 00:00:00+00:00,425,6,0.0,6.5,0.0,45.94,15.519999
2026-04-12 00:00:00+00:00,425,24,0.3,6.4,0.0,45.94,15.519999
2026-04-12 00:00:00+00:00,426,3,0.0,9.0,0.0,45.54,13.719999
2026-04-12 00:00:00+00:00,426,6,0.0,9.1,0.0,45.54,13.719999
2026-04-12 00:00:00+00:00,426,24,0.0,9.1,0.0,45.54,13.719999
2026-04-12 03:00:00+00:00,63,6,0.0,5.7,0.0,46.420002,14.08
2026-04-12 03:00:00+00:00,76,6,0.0,5.6,0.0,46.34,14.199999
2026-04-12 03:00:00+00:00,106,6,0.0,5.3,0.0,46.260002,14.4
2026-04-12 03:00:00+00:00,122,6,0.0,4.0,0.0,46.02,14.459999
2026-04-12 03:00:00+00:00,127,6,0.0,6.5,0.0,46.12,14.519999
2026-04-12 03:00:00+00:00,129,6,0.0,5.0,0.0,46.02,14.519999
2026-04-12 03:00:00+00:00,177,6,0.0,6.6,0.0,45.6,14.859999
2026-04-12 03:00:00+00:00,194,6,0.0,5.4,0.0,46.52,15.039999
2026-04-12 03:00:00+00:00,236,6,0.0,5.1,0.0,45.8,15.179998
2026-04-12 03:00:00+00:00,325,6,0.0,6.6,0.0,46.56,15.639999
2026-04-12 03:00:00+00:00,391,6,0.0,6.8,0.0,46.7,16.099998
2026-04-12 03:00:00+00:00,422,6,0.0,4.2,0.0,46.24,15.219999
2026-04-12 03:00:00+00:00,425,6,0.0,5.2,0.0,45.94,15.519999
2026-04-12 03:00:00+00:00,426,6,0.0,8.5,0.0,45.54,13.719999
2026-04-12 06:00:00+00:00,63,24,107.0,8.1,0.0,46.420002,14.08
2026-04-12 06:00:00+00:00,76,24,86.3,6.0,0.0,46.34,14.199999
2026-04-12 06:00:00+00:00,106,24,106.0,7.0,0.0,46.260002,14.4
2026-04-12 06:00:00+00:00,122,24,88.0,6.1,0.0,46.02,14.459999
2026-04-12 06:00:00+00:00,127,24,102.3,7.7,0.0,46.12,14.519999
2026-04-12 06:00:00+00:00,129,24,105.0,6.5,0.0,46.02,14.519999
2026-04-12 06:00:00+00:00,177,24,93.3,7.7,0.0,45.6,14.859999
2026-04-12 06:00:00+00:00,194,24,85.3,7.9,0.0,46.52,15.039999
2026-04-12 06:00:00+00:00,236,24,76.0,5.1,0.0,45.8,15.179998
2026-04-12 06:00:00+00:00,325,24,81.5,8.7,0.0,46.56,15.639999
2026-04-12 06:00:00+00:00,391,24,60.3,8.8,0.0,46.7,16.099998
2026-04-12 06:00:00+00:00,422,24,91.8,7.1,0.0,46.24,15.219999
2026-04-12 06:00:00+00:00,425,24,108.5,7.9,0.0,45.94,15.519999
2026-04-12 06:00:00+00:00,426,24,111.5,9.9,0.0,45.54,13.719999
2026-04-12 09:00:00+00:00,63,24,607.0,13.8,0.0,46.420002,14.08
2026-04-12 09:00:00+00:00,76,24,602.0,13.9,0.0,46.34,14.199999
2026-04-12 09:00:00+00:00,106,24,602.3,14.1,0.0,46.260002,14.4
2026-04-12 09:00:00+00:00,122,24,594.8,14.6,0.0,46.02,14.459999
2026-04-12 09:00:00+00:00,127,24,603.5,14.1,0.0,46.12,14.519999
2026-04-12 09:00:00+00:00,129,24,598.3,15.0,0.0,46.02,14.519999
2026-04-12 09:00:00+00:00,177,24,641.5,13.0,0.0,45.6,14.859999
2026-04-12 09:00:00+00:00,194,24,551.0,13.6,0.0,46.52,15.039999
2026-04-12 09:00:00+00:00,236,24,587.8,14.2,0.0,45.8,15.179998
2026-04-12 09:00:00+00:00,325,24,482.5,12.1,0.0,46.56,15.639999
2026-04-12 09:00:00+00:00,391,24,386.3,11.8,0.0,46.7,16.099998
2026-04-12 09:00:00+00:00,422,24,526.0,13.2,0.0,46.24,15.219999
2026-04-12 09:00:00+00:00,425,24,499.5,13.7,0.0,45.94,15.519999
2026-04-12 09:00:00+00:00,426,24,611.8,18.0,0.0,45.54,13.719999
2026-04-12 12:00:00+00:00,63,24,787.8,17.4,0.0,46.420002,14.08
2026-04-12 12:00:00+00:00,76,24,743.5,17.6,0.0,46.34,14.199999
2026-04-12 12:00:00+00:00,106,24,791.8,18.7,0.0,46.260002,14.4
2026-04-12 12:00:00+00:00,122,24,790.3,19.8,0.0,46.02,14.459999
2026-04-12 12:00:00+00:00,127,24,793.0,18.8,0.0,46.12,14.519999
2026-04-12 12:00:00+00:00,129,24,790.3,20.1,0.0,46.02,14.519999
2026-04-12 12:00:00+00:00,177,24,817.5,16.2,0.0,45.6,14.859999
2026-04-12 12:00:00+00:00,194,24,768.8,17.3,0.0,46.52,15.039999
2026-04-12 12:00:00+00:00,236,24,787.5,18.8,0.0,45.8,15.179998
2026-04-12 12:00:00+00:00,325,24,729.0,16.5,0.0,46.56,15.639999
2026-04-12 12:00:00+00:00,391,24,636.0,16.0,0.0,46.7,16.099998
2026-04-12 12:00:00+00:00,422,24,781.5,18.3,0.0,46.24,15.219999
2026-04-12 12:00:00+00:00,425,24,782.5,18.3,0.0,45.94,15.519999
2026-04-12 12:00:00+00:00,426,24,796.3,18.7,0.0,45.54,13.719999
2026-04-12 15:00:00+00:00,63,24,494.0,18.3,0.0,46.420002,14.08
2026-04-12 15:00:00+00:00,76,24,445.0,19.2,0.0,46.34,14.199999
2026-04-12 15:00:00+00:00,106,24,478.8,20.1,0.0,46.260002,14.4
2026-04-12 15:00:00+00:00,122,24,474.5,20.6,0.0,46.02,14.459999
2026-04-12 15:00:00+00:00,127,24,489.3,19.9,0.0,46.12,14.519999
2026-04-12 15:00:00+00:00,129,24,474.8,20.9,0.0,46.02,14.519999
2026-04-12 15:00:00+00:00,177,24,508.8,15.9,0.0,45.6,14.859999
2026-04-12 15:00:00+00:00,194,24,474.3,18.1,0.0,46.52,15.039999
2026-04-12 15:00:00+00:00,236,24,479.8,20.1,0.0,45.8,15.179998
2026-04-12 15:00:00+00:00,325,24,423.3,17.7,0.0,46.56,15.639999
2026-04-12 15:00:00+00:00,391,24,452.0,17.3,0.0,46.7,16.099998
2026-04-12 15:00:00+00:00,422,24,477.0,18.9,0.0,46.24,15.219999
2026-04-12 15:00:00+00:00,425,24,473.3,19.4,0.0,45.94,15.519999
2026-04-12 15:00:00+00:00,426,24,493.3,16.7,0.0,45.54,13.719999
2026-04-12 18:00:00+00:00,63,24,20.0,13.2,0.0,46.420002,14.08
2026-04-12 18:00:00+00:00,76,24,17.0,14.8,0.0,46.34,14.199999
2026-04-12 18:00:00+00:00,106,24,8.0,16.3,0.0,46.260002,14.4
2026-04-12 18:00:00+00:00,122,24,16.5,15.8,0.0,46.02,14.459999
2026-04-12 18:00:00+00:00,127,24,14.3,16.1,0.0,46.12,14.519999
2026-04-12 18:00:00+00:00,129,24,17.3,16.7,0.0,46.02,14.519999
2026-04-12 18:00:00+00:00,177,24,17.5,12.2,0.0,45.6,14.859999
2026-04-12 18:00:00+00:00,194,24,14.8,13.6,0.0,46.52,15.039999
2026-04-12 18:00:00+00:00,236,24,15.3,15.5,0.0,45.8,15.179998
2026-04-12 18:00:00+00:00,325,24,13.0,15.5,0.0,46.56,15.639999
2026-04-12 18:00:00+00:00,391,24,12.3,13.9,0.0,46.7,16.099998
2026-04-12 18:00:00+00:00,422,24,14.5,15.8,0.0,46.24,15.219999
2026-04-12 18:00:00+00:00,425,24,13.8,14.9,0.0,45.94,15.519999
2026-04-12 18:00:00+00:00,426,24,19.8,15.7,0.0,45.54,13.719999
2026-04-12 21:00:00+00:00,63,24,0.0,11.4,0.0,46.420002,14.08
2026-04-12 21:00:00+00:00,76,24,0.0,11.6,0.0,46.34,14.199999
2026-04-12 21:00:00+00:00,106,24,0.0,12.0,0.0,46.260002,14.4
2026-04-12 21:00:00+00:00,122,24,0.0,11.3,0.0,46.02,14.459999
2026-04-12 21:00:00+00:00,127,24,0.0,13.3,0.0,46.12,14.519999
2026-04-12 21:00:00+00:00,129,24,0.0,13.5,0.0,46.02,14.519999
2026-04-12 21:00:00+00:00,177,24,0.0,10.9,0.0,45.6,14.859999
2026-04-12 21:00:00+00:00,194,24,0.0,9.3,0.0,46.52,15.039999
2026-04-12 21:00:00+00:00,236,24,0.0,11.1,0.0,45.8,15.179998
2026-04-12 21:00:00+00:00,325,24,0.0,12.6,0.0,46.56,15.639999
2026-04-12 21:00:00+00:00,391,24,0.0,10.8,0.0,46.7,16.099998
2026-04-12 21:00:00+00:00,422,24,0.3,12.4,0.0,46.24,15.219999
2026-04-12 21:00:00+00:00,425,24,0.0,11.7,0.0,45.94,15.519999
2026-04-12 21:00:00+00:00,426,24,0.0,12.9,0.0,45.54,13.719999
2026-04-12 01:00:00+00:00,63,1,0.0,6.1,0.0,46.420002,14.08
2026-04-12 01:00:00+00:00,76,1,0.0,6.1,0.0,46.34,14.199999
2026-04-12 01:00:00+00:00,106,1,0.0,5.8,0.0,46.260002,14.4
2026-04-12 01:00:00+00:00,122,1,0.0,4.7,0.0,46.02,14.459999
2026-04-12 01:00:00+00:00,127,1,0.0,7.4,0.0,46.12,14.519999
2026-04-12 01:00:00+00:00,129,1,0.0,6.6,0.0,46.02,14.519999
2026-04-12 01:00:00+00:00,177,1,0.0,6.5,0.0,45.6,14.859999
2026-04-12 01:00:00+00:00,194,1,0.0,5.3,0.0,46.52,15.039999
2026-04-12 01:00:00+00:00,236,1,0.0,5.7,0.0,45.8,15.179998
2026-04-12 01:00:00+00:00,325,1,0.0,8.4,0.0,46.56,15.639999
2026-04-12 01:00:00+00:00,391,1,0.0,7.9,0.0,46.7,16.099998
2026-04-12 01:00:00+00:00,422,1,0.0,4.6,0.0,46.24,15.219999
2026-04-12 01:00:00+00:00,425,1,0.0,5.8,0.0,45.94,15.519999
2026-04-12 01:00:00+00:00,426,1,0.0,8.5,0.0,45.54,13.719999
2026-04-12 02:00:00+00:00,63,2,0.0,5.5,0.0,46.420002,14.08
2026-04-12 02:00:00+00:00,76,2,0.0,5.6,0.0,46.34,14.199999
2026-04-12 02:00:00+00:00,106,2,0.0,4.8,0.0,46.260002,14.4
2026-04-12 02:00:00+00:00,122,2,0.0,4.1,0.0,46.02,14.459999
2026-04-12 02:00:00+00:00,127,2,0.0,7.1,0.0,46.12,14.519999
2026-04-12 02:00:00+00:00,129,2,0.0,5.4,0.0,46.02,14.519999
2026-04-12 02:00:00+00:00,177,2,0.0,6.2,0.0,45.6,14.859999
2026-04-12 02:00:00+00:00,194,2,0.0,5.3,0.0,46.52,15.039999
2026-04-12 02:00:00+00:00,236,2,0.0,5.5,0.0,45.8,15.179998
2026-04-12 02:00:00+00:00,325,2,0.0,8.1,0.0,46.56,15.639999
2026-04-12 02:00:00+00:00,391,2,0.0,7.8,0.0,46.7,16.099998
2026-04-12 02:00:00+00:00,422,2,0.0,4.1,0.0,46.24,15.219999
2026-04-12 02:00:00+00:00,425,2,0.0,5.1,0.0,45.94,15.519999
2026-04-12 02:00:00+00:00,426,2,0.0,8.0,0.0,45.54,13.719999
2026-04-12 03:00:00+00:00,63,3,0.0,5.1,0.0,46.420002,14.08
2026-04-12 03:00:00+00:00,76,3,0.0,5.7,0.0,46.34,14.199999
2026-04-12 03:00:00+00:00,106,3,0.0,5.4,0.0,46.260002,14.4
2026-04-12 03:00:00+00:00,122,3,0.0,3.8,0.0,46.02,14.459999
2026-04-12 03:00:00+00:00,127,3,0.0,6.7,0.0,46.12,14.519999
2026-04-12 03:00:00+00:00,129,3,0.0,5.1,0.0,46.02,14.519999
2026-04-12 03:00:00+00:00,177,3,0.0,6.2,0.0,45.6,14.859999
2026-04-12 03:00:00+00:00,194,3,0.0,5.1,0.0,46.52,15.039999
2026-04-12 03:00:00+00:00,236,3,0.0,4.8,0.0,45.8,15.179998
2026-04-12 03:00:00+00:00,325,3,0.0,7.9,0.0,46.56,15.639999
2026-04-12 03:00:00+00:00,391,3,0.0,7.8,0.0,46.7,16.099998
2026-04-12 03:00:00+00:00,422,3,0.0,4.4,0.0,46.24,15.219999
2026-04-12 03:00:00+00:00,425,3,0.0,5.1,0.0,45.94,15.519999
2026-04-12 03:00:00+00:00,426,3,0.0,8.4,0.0,45.54,13.719999
2026-04-12 06:00:00+00:00,63,6,107.0,7.5,0.0,46.420002,14.08
2026-04-12 06:00:00+00:00,76,6,102.8,5.2,0.0,46.34,14.199999
2026-04-12 06:00:00+00:00,106,6,117.5,6.6,0.0,46.260002,14.4
2026-04-12 06:00:00+00:00,122,6,107.0,5.5,0.0,46.02,14.459999
2026-04-12 06:00:00+00:00,127,6,118.8,7.3,0.0,46.12,14.519999
2026-04-12 06:00:00+00:00,129,6,113.5,5.9,0.0,46.02,14.519999
2026-04-12 06:00:00+00:00,177,6,132.8,7.9,0.0,45.6,14.859999
2026-04-12 06:00:00+00:00,194,6,96.0,7.1,0.0,46.52,15.039999
2026-04-12 06:00:00+00:00,236,6,106.0,6.2,0.0,45.8,15.179998
2026-04-12 06:00:00+00:00,325,6,106.5,7.9,0.0,46.56,15.639999
2026-04-12 06:00:00+00:00,391,6,88.8,8.7,0.0,46.7,16.099998
2026-04-12 06:00:00+00:00,422,6,103.5,5.8,0.0,46.24,15.219999
2026-04-12 06:00:00+00:00,425,6,115.0,6.4,0.0,45.94,15.519999
2026-04-12 06:00:00+00:00,426,6,115.0,10.6,0.0,45.54,13.719999
2026-04-12 07:00:00+00:00,63,1,261.3,10.4,0.0,46.420002,14.08
2026-04-12 07:00:00+00:00,76,1,255.8,9.0,0.0,46.34,14.199999
2026-04-12 07:00:00+00:00,106,1,274.0,9.8,0.0,46.260002,14.4
2026-04-12 07:00:00+00:00,122,1,281.8,8.9,0.0,46.02,14.459999
2026-04-12 07:00:00+00:00,127,1,290.5,9.8,0.0,46.12,14.519999
2026-04-12 07:00:00+00:00,129,1,284.5,9.0,0.0,46.02,14.519999
2026-04-12 07:00:00+00:00,177,1,312.5,10.1,0.0,45.6,14.859999
2026-04-12 07:00:00+00:00,194,1,284.8,9.8,0.0,46.52,15.039999
2026-04-12 07:00:00+00:00,236,1,281.8,9.0,0.0,45.8,15.179998
2026-04-12 07:00:00+00:00,325,1,277.5,9.5,0.0,46.56,15.639999
2026-04-12 07:00:00+00:00,391,1,248.8,9.7,0.0,46.7,16.099998
2026-04-12 07:00:00+00:00,422,1,261.0,8.5,0.0,46.24,15.219999
2026-04-12 07:00:00+00:00,425,1,283.3,9.7,0.0,45.94,15.519999
2026-04-12 07:00:00+00:00,426,1,288.5,14.0,0.0,45.54,13.719999
2026-04-12 08:00:00+00:00,63,2,307.3,11.2,0.0,46.420002,14.08
2026-04-12 08:00:00+00:00,76,2,352.8,11.2,0.0,46.34,14.199999
2026-04-12 08:00:00+00:00,106,2,385.3,11.8,0.0,46.260002,14.4
2026-04-12 08:00:00+00:00,122,2,432.5,12.0,0.0,46.02,14.459999
2026-04-12 08:00:00+00:00,127,2,430.0,11.9,0.0,46.12,14.519999
2026-04-12 08:00:00+00:00,129,2,437.8,12.1,0.0,46.02,14.519999
2026-04-12 08:00:00+00:00,177,2,488.8,11.6,0.0,45.6,14.859999
2026-04-12 08:00:00+00:00,194,2,425.8,12.5,0.0,46.52,15.039999
2026-04-12 08:00:00+00:00,236,2,462.3,12.5,0.0,45.8,15.179998
2026-04-12 08:00:00+00:00,325,2,435.5,11.0,0.0,46.56,15.639999
2026-04-12 08:00:00+00:00,391,2,402.3,11.4,0.0,46.7,16.099998
2026-04-12 08:00:00+00:00,422,2,465.3,11.9,0.0,46.24,15.219999
2026-04-12 08:00:00+00:00,425,2,458.5,12.4,0.0,45.94,15.519999
2026-04-12 08:00:00+00:00,426,2,459.5,17.8,0.0,45.54,13.719999
2026-04-12 09:00:00+00:00,63,3,355.8,12.8,0.0,46.420002,14.08
2026-04-12 09:00:00+00:00,76,3,406.3,12.8,0.0,46.34,14.199999
2026-04-12 09:00:00+00:00,106,3,390.8,13.2,0.0,46.260002,14.4
2026-04-12 09:00:00+00:00,122,3,569.5,14.2,0.0,46.02,14.459999
2026-04-12 09:00:00+00:00,127,3,467.0,13.3,0.0,46.12,14.519999
2026-04-12 09:00:00+00:00,129,3,573.3,14.5,0.0,46.02,14.519999
2026-04-12 09:00:00+00:00,177,3,637.0,13.2,0.0,45.6,14.859999
2026-04-12 09:00:00+00:00,194,3,486.3,14.0,0.0,46.52,15.039999
2026-04-12 09:00:00+00:00,236,3,580.0,14.7,0.0,45.8,15.179998
2026-04-12 09:00:00+00:00,325,3,559.3,13.0,0.0,46.56,15.639999
2026-04-12 09:00:00+00:00,391,3,584.0,13.3,0.0,46.7,16.099998
2026-04-12 09:00:00+00:00,422,3,583.3,14.2,0.0,46.24,15.219999
2026-04-12 09:00:00+00:00,425,3,595.8,14.5,0.0,45.94,15.519999
2026-04-12 09:00:00+00:00,426,3,607.0,18.2,0.0,45.54,13.719999
2026-04-12 10:00:00+00:00,63,1,660.8,14.4,0.0,46.420002,14.08
2026-04-12 10:00:00+00:00,76,1,617.3,14.3,0.0,46.34,14.199999
2026-04-12 10:00:00+00:00,106,1,629.8,14.7,0.0,46.260002,14.4
2026-04-12 10:00:00+00:00,122,1,649.5,15.5,0.0,46.02,14.459999
2026-04-12 10:00:00+00:00,127,1,646.5,14.8,0.0,46.12,14.519999
2026-04-12 10:00:00+00:00,129,1,655.8,15.8,0.0,46.02,14.519999
2026-04-12 10:00:00+00:00,177,1,744.8,14.2,0.0,45.6,14.859999
2026-04-12 10:00:00+00:00,194,1,464.3,14.2,0.0,46.52,15.039999
2026-04-12 10:00:00+00:00,236,1,689.0,16.1,0.0,45.8,15.179998
2026-04-12 10:00:00+00:00,325,1,416.3,13.9,0.0,46.56,15.639999
2026-04-12 10:00:00+00:00,391,1,500.5,14.1,0.0,46.7,16.099998
2026-04-12 10:00:00+00:00,422,1,523.0,15.0,0.0,46.24,15.219999
2026-04-12 10:00:00+00:00,425,1,638.8,15.8,0.0,45.94,15.519999
2026-04-12 10:00:00+00:00,426,1,524.5,18.0,0.0,45.54,13.719999
2026-04-12 11:00:00+00:00,63,2,739.0,15.9,0.0,46.420002,14.08
2026-04-12 11:00:00+00:00,76,2,738.0,15.9,0.0,46.34,14.199999
2026-04-12 11:00:00+00:00,106,2,751.0,16.4,0.0,46.260002,14.4
2026-04-12 11:00:00+00:00,122,2,705.5,17.4,0.0,46.02,14.459999
2026-04-12 11:00:00+00:00,127,2,755.0,16.6,0.0,46.12,14.519999
2026-04-12 11:00:00+00:00,129,2,718.8,17.9,0.0,46.02,14.519999
2026-04-12 11:00:00+00:00,177,2,797.8,15.1,0.0,45.6,14.859999
2026-04-12 11:00:00+00:00,194,2,625.3,16.2,0.0,46.52,15.039999
2026-04-12 11:00:00+00:00,236,2,770.0,17.5,0.0,45.8,15.179998
2026-04-12 11:00:00+00:00,325,2,686.5,15.7,0.0,46.56,15.639999
2026-04-12 11:00:00+00:00,391,2,571.3,15.7,0.0,46.7,16.099998
2026-04-12 11:00:00+00:00,422,2,648.3,16.6,0.0,46.24,15.219999
2026-04-12 11:00:00+00:00,425,2,737.5,17.3,0.0,45.94,15.519999
2026-04-12 11:00:00+00:00,426,2,512.3,18.4,0.0,45.54,13.719999
2026-04-12 12:00:00+00:00,63,3,786.3,17.2,0.0,46.420002,14.08
2026-04-12 12:00:00+00:00,63,6,790.3,17.9,0.0,46.420002,14.08
2026-04-12 12:00:00+00:00,76,3,769.3,17.1,0.0,46.34,14.199999
2026-04-12 12:00:00+00:00,76,6,777.3,18.0,0.0,46.34,14.199999
2026-04-12 12:00:00+00:00,106,3,776.8,18.1,0.0,46.260002,14.4
2026-04-12 12:00:00+00:00,106,6,790.5,18.8,0.0,46.260002,14.4
2026-04-12 12:00:00+00:00,122,3,750.3,19.2,0.0,46.02,14.459999
2026-04-12 12:00:00+00:00,122,6,789.8,20.0,0.0,46.02,14.459999
2026-04-12 12:00:00+00:00,127,3,749.5,18.0,0.0,46.12,14.519999
2026-04-12 12:00:00+00:00,127,6,791.3,19.0,0.0,46.12,14.519999
2026-04-12 12:00:00+00:00,129,3,757.3,19.6,0.0,46.02,14.519999
2026-04-12 12:00:00+00:00,129,6,790.3,20.3,0.0,46.02,14.519999
2026-04-12 12:00:00+00:00,177,3,774.8,15.7,0.0,45.6,14.859999
2026-04-12 12:00:00+00:00,177,6,809.0,16.4,0.0,45.6,14.859999
2026-04-12 12:00:00+00:00,194,3,771.3,17.2,0.0,46.52,15.039999
2026-04-12 12:00:00+00:00,194,6,774.8,18.1,0.0,46.52,15.039999
2026-04-12 12:00:00+00:00,236,3,763.3,18.9,0.0,45.8,15.179998
2026-04-12 12:00:00+00:00,236,6,786.8,19.6,0.0,45.8,15.179998
2026-04-12 12:00:00+00:00,325,3,731.3,17.0,0.0,46.56,15.639999
2026-04-12 12:00:00+00:00,325,6,750.0,17.2,0.0,46.56,15.639999
2026-04-12 12:00:00+00:00,391,3,708.3,16.7,0.0,46.7,16.099998
2026-04-12 12:00:00+00:00,391,6,714.8,17.0,0.0,46.7,16.099998
2026-04-12 12:00:00+00:00,422,3,772.0,18.5,0.0,46.24,15.219999
2026-04-12 12:00:00+00:00,422,6,781.5,19.1,0.0,46.24,15.219999
2026-04-12 12:00:00+00:00,425,3,777.0,18.5,0.0,45.94,15.519999
2026-04-12 12:00:00+00:00,425,6,778.8,18.9,0.0,45.94,15.519999
2026-04-12 12:00:00+00:00,426,3,591.0,18.0,0.0,45.54,13.719999
2026-04-12 12:00:00+00:00,426,6,710.5,18.4,0.0,45.54,13.719999
2026-04-12 13:00:00+00:00,63,1,714.5,17.3,0.0,46.420002,14.08
2026-04-12 13:00:00+00:00,76,1,697.8,17.4,0.0,46.34,14.199999
2026-04-12 13:00:00+00:00,106,1,713.3,18.4,0.0,46.260002,14.4
2026-04-12 13:00:00+00:00,122,1,706.0,19.7,0.0,46.02,14.459999
2026-04-12 13:00:00+00:00,127,1,687.5,18.5,0.0,46.12,14.519999
2026-04-12 13:00:00+00:00,129,1,699.0,20.1,0.0,46.02,14.519999
2026-04-12 13:00:00+00:00,177,1,733.8,16.7,0.0,45.6,14.859999
2026-04-12 13:00:00+00:00,194,1,707.0,17.6,0.0,46.52,15.039999
2026-04-12 13:00:00+00:00,236,1,711.0,19.7,0.0,45.8,15.179998
2026-04-12 13:00:00+00:00,325,1,695.8,17.7,0.0,46.56,15.639999
2026-04-12 13:00:00+00:00,391,1,671.3,17.1,0.0,46.7,16.099998
2026-04-12 13:00:00+00:00,422,1,712.5,18.9,0.0,46.24,15.219999
2026-04-12 13:00:00+00:00,425,1,711.8,19.4,0.0,45.94,15.519999
2026-04-12 13:00:00+00:00,426,1,472.0,17.9,0.0,45.54,13.719999
2026-04-12 14:00:00+00:00,63,2,610.3,17.5,0.0,46.420002,14.08
2026-04-12 14:00:00+00:00,76,2,610.3,18.0,0.0,46.34,14.199999
2026-04-12 14:00:00+00:00,106,2,621.8,19.0,0.0,46.260002,14.4
2026-04-12 14:00:00+00:00,122,2,593.5,20.2,0.0,46.02,14.459999
2026-04-12 14:00:00+00:00,127,2,618.8,19.2,0.0,46.12,14.519999
2026-04-12 14:00:00+00:00,129,2,579.5,20.5,0.0,46.02,14.519999
2026-04-12 14:00:00+00:00,177,2,595.5,16.6,0.0,45.6,14.859999
2026-04-12 14:00:00+00:00,194,2,594.3,18.0,0.0,46.52,15.039999
2026-04-12 14:00:00+00:00,236,2,612.3,20.1,0.0,45.8,15.179998
2026-04-12 14:00:00+00:00,325,2,597.3,18.3,0.0,46.56,15.639999
2026-04-12 14:00:00+00:00,391,2,572.0,17.6,0.0,46.7,16.099998
2026-04-12 14:00:00+00:00,422,2,610.3,19.3,0.0,46.24,15.219999
2026-04-12 14:00:00+00:00,425,2,599.0,19.7,0.0,45.94,15.519999
2026-04-12 14:00:00+00:00,426,2,423.3,17.2,0.0,45.54,13.719999
2026-04-12 15:00:00+00:00,63,3,410.0,17.3,0.0,46.420002,14.08
2026-04-12 15:00:00+00:00,63,6,464.8,17.8,0.0,46.420002,14.08
2026-04-12 15:00:00+00:00,76,3,418.5,18.0,0.0,46.34,14.199999
2026-04-12 15:00:00+00:00,76,6,378.5,18.5,0.0,46.34,14.199999
2026-04-12 15:00:00+00:00,106,3,441.8,19.3,0.0,46.260002,14.4
2026-04-12 15:00:00+00:00,106,6,448.0,19.7,0.0,46.260002,14.4
2026-04-12 15:00:00+00:00,122,3,425.0,20.2,0.0,46.02,14.459999
2026-04-12 15:00:00+00:00,122,6,409.3,20.1,0.0,46.02,14.459999
2026-04-12 15:00:00+00:00,127,3,450.3,19.3,0.0,46.12,14.519999
2026-04-12 15:00:00+00:00,127,6,462.3,19.8,0.0,46.12,14.519999
2026-04-12 15:00:00+00:00,129,3,401.5,20.4,0.0,46.02,14.519999
2026-04-12 15:00:00+00:00,129,6,394.5,20.4,0.0,46.02,14.519999
2026-04-12 15:00:00+00:00,177,3,442.5,15.9,0.0,45.6,14.859999
2026-04-12 15:00:00+00:00,177,6,475.0,15.9,0.0,45.6,14.859999
2026-04-12 15:00:00+00:00,194,3,464.5,18.0,0.0,46.52,15.039999
2026-04-12 15:00:00+00:00,194,6,457.3,18.1,0.0,46.52,15.039999
2026-04-12 15:00:00+00:00,236,3,438.3,19.9,0.0,45.8,15.179998
2026-04-12 15:00:00+00:00,236,6,471.0,20.2,0.0,45.8,15.179998
2026-04-12 15:00:00+00:00,325,3,457.8,18.5,0.0,46.56,15.639999
2026-04-12 15:00:00+00:00,325,6,464.5,18.6,0.0,46.56,15.639999
2026-04-12 15:00:00+00:00,391,3,443.5,17.4,0.0,46.7,16.099998
2026-04-12 15:00:00+00:00,391,6,450.5,17.4,0.0,46.7,16.099998
2026-04-12 15:00:00+00:00,422,3,465.0,19.1,0.0,46.24,15.219999
2026-04-12 15:00:00+00:00,422,6,468.5,19.7,0.0,46.24,15.219999
2026-04-12 15:00:00+00:00,425,3,454.5,19.7,0.0,45.94,15.519999
2026-04-12 15:00:00+00:00,425,6,468.3,19.5,0.0,45.94,15.519999
2026-04-12 15:00:00+00:00,426,3,248.8,16.8,0.0,45.54,13.719999
2026-04-12 15:00:00+00:00,426,6,348.5,16.5,0.0,45.54,13.719999
2026-04-12 16:00:00+00:00,63,1,199.5,16.3,0.0,46.420002,14.08
2026-04-12 16:00:00+00:00,76,1,186.5,16.9,0.0,46.34,14.199999
2026-04-12 16:00:00+00:00,106,1,223.8,18.1,0.0,46.260002,14.4
2026-04-12 16:00:00+00:00,122,1,222.3,18.8,0.0,46.02,14.459999
2026-04-12 16:00:00+00:00,127,1,175.5,18.1,0.0,46.12,14.519999
2026-04-12 16:00:00+00:00,129,1,213.8,19.1,0.0,46.02,14.519999
2026-04-12 16:00:00+00:00,177,1,253.0,14.4,0.0,45.6,14.859999
2026-04-12 16:00:00+00:00,194,1,260.5,17.2,0.0,46.52,15.039999
2026-04-12 16:00:00+00:00,236,1,255.8,18.7,0.0,45.8,15.179998
2026-04-12 16:00:00+00:00,325,1,262.3,17.7,0.0,46.56,15.639999
2026-04-12 16:00:00+00:00,391,1,220.5,16.8,0.0,46.7,16.099998
2026-04-12 16:00:00+00:00,422,1,257.3,18.2,0.0,46.24,15.219999
2026-04-12 16:00:00+00:00,425,1,259.3,18.8,0.0,45.94,15.519999
2026-04-12 16:00:00+00:00,426,1,188.8,16.6,0.0,45.54,13.719999
2026-04-12 17:00:00+00:00,63,2,85.8,15.3,0.0,46.420002,14.08
2026-04-12 17:00:00+00:00,76,2,80.5,16.2,0.0,46.34,14.199999
2026-04-12 17:00:00+00:00,106,2,85.8,17.4,0.0,46.260002,14.4
2026-04-12 17:00:00+00:00,122,2,86.5,18.2,0.0,46.02,14.459999
2026-04-12 17:00:00+00:00,127,2,88.0,17.2,0.0,46.12,14.519999
2026-04-12 17:00:00+00:00,129,2,90.5,18.4,0.0,46.02,14.519999
2026-04-12 17:00:00+00:00,177,2,82.3,13.3,0.0,45.6,14.859999
2026-04-12 17:00:00+00:00,194,2,100.8,16.0,0.0,46.52,15.039999
2026-04-12 17:00:00+00:00,236,2,96.3,17.4,0.0,45.8,15.179998
2026-04-12 17:00:00+00:00,325,2,105.0,17.0,0.0,46.56,15.639999
2026-04-12 17:00:00+00:00,391,2,110.3,16.2,0.0,46.7,16.099998
2026-04-12 17:00:00+00:00,422,2,102.3,17.7,0.0,46.24,15.219999
2026-04-12 17:00:00+00:00,425,2,102.5,18.1,0.0,45.94,15.519999
2026-04-12 17:00:00+00:00,426,2,78.8,16.4,0.0,45.54,13.719999
2026-04-12 18:00:00+00:00,63,3,15.5,13.3,0.0,46.420002,14.08
2026-04-12 18:00:00+00:00,63,6,16.3,13.2,0.0,46.420002,14.08
2026-04-12 18:00:00+00:00,76,3,13.5,14.2,0.0,46.34,14.199999
2026-04-12 18:00:00+00:00,76,6,15.0,14.3,0.0,46.34,14.199999
2026-04-12 18:00:00+00:00,106,3,15.0,14.3,0.0,46.260002,14.4
2026-04-12 18:00:00+00:00,106,6,13.8,15.1,0.0,46.260002,14.4
2026-04-12 18:00:00+00:00,122,3,11.0,15.4,0.0,46.02,14.459999
2026-04-12 18:00:00+00:00,122,6,14.8,14.5,0.0,46.02,14.459999
2026-04-12 18:00:00+00:00,127,3,11.3,15.3,0.0,46.12,14.519999
2026-04-12 18:00:00+00:00,127,6,14.0,15.3,0.0,46.12,14.519999
2026-04-12 18:00:00+00:00,129,3,12.3,16.1,0.0,46.02,14.519999
2026-04-12 18:00:00+00:00,129,6,14.5,16.1,0.0,46.02,14.519999
2026-04-12 18:00:00+00:00,177,3,10.3,12.0,0.0,45.6,14.859999
2026-04-12 18:00:00+00:00,177,6,14.5,12.1,0.0,45.6,14.859999
2026-04-12 18:00:00+00:00,194,3,12.8,13.5,0.0,46.52,15.039999
2026-04-12 18:00:00+00:00,194,6,12.3,13.7,0.0,46.52,15.039999
2026-04-12 18:00:00+00:00,236,3,10.3,16.1,0.0,45.8,15.179998
2026-04-12 18:00:00+00:00,236,6,12.3,16.1,0.0,45.8,15.179998
2026-04-12 18:00:00+00:00,325,3,10.3,15.7,0.0,46.56,15.639999
2026-04-12 18:00:00+00:00,325,6,11.3,16.1,0.0,46.56,15.639999
2026-04-12 18:00:00+00:00,391,3,11.3,13.9,0.0,46.7,16.099998
2026-04-12 18:00:00+00:00,391,6,11.5,14.2,0.0,46.7,16.099998
2026-04-12 18:00:00+00:00,422,3,12.0,15.4,0.0,46.24,15.219999
2026-04-12 18:00:00+00:00,422,6,12.0,15.9,0.0,46.24,15.219999
2026-04-12 18:00:00+00:00,425,3,10.5,15.1,0.0,45.94,15.519999
2026-04-12 18:00:00+00:00,425,6,12.0,14.8,0.0,45.94,15.519999
2026-04-12 18:00:00+00:00,426,3,10.3,15.9,0.0,45.54,13.719999
2026-04-12 18:00:00+00:00,426,6,14.0,15.6,0.0,45.54,13.719999
2026-04-12 19:00:00+00:00,63,1,0.0,13.0,0.0,46.420002,14.08
2026-04-12 19:00:00+00:00,76,1,0.0,13.2,0.0,46.34,14.199999
2026-04-12 19:00:00+00:00,106,1,0.0,13.0,0.0,46.260002,14.4
2026-04-12 19:00:00+00:00,122,1,0.0,14.0,0.0,46.02,14.459999
2026-04-12 19:00:00+00:00,127,1,0.0,14.1,0.0,46.12,14.519999
2026-04-12 19:00:00+00:00,129,1,0.0,15.0,0.0,46.02,14.519999
2026-04-12 19:00:00+00:00,177,1,0.0,10.9,0.0,45.6,14.859999
2026-04-12 19:00:00+00:00,194,1,0.0,11.4,0.0,46.52,15.039999
2026-04-12 19:00:00+00:00,236,1,0.0,13.1,0.0,45.8,15.179998
2026-04-12 19:00:00+00:00,325,1,0.0,14.4,0.0,46.56,15.639999
2026-04-12 19:00:00+00:00,391,1,0.0,12.7,0.0,46.7,16.099998
2026-04-12 19:00:00+00:00,422,1,0.0,13.8,0.0,46.24,15.219999
2026-04-12 19:00:00+00:00,425,1,0.0,14.1,0.0,45.94,15.519999
2026-04-12 19:00:00+00:00,426,1,0.0,15.1,0.0,45.54,13.719999
2026-04-12 20:00:00+00:00,63,2,0.0,11.1,0.0,46.420002,14.08
2026-04-12 20:00:00+00:00,76,2,0.0,12.3,0.0,46.34,14.199999
2026-04-12 20:00:00+00:00,106,2,0.0,12.3,0.0,46.260002,14.4
2026-04-12 20:00:00+00:00,122,2,0.0,12.8,0.0,46.02,14.459999
2026-04-12 20:00:00+00:00,127,2,0.0,13.5,0.0,46.12,14.519999
2026-04-12 20:00:00+00:00,129,2,0.0,13.9,0.0,46.02,14.519999
2026-04-12 20:00:00+00:00,177,2,0.0,10.7,0.0,45.6,14.859999
2026-04-12 20:00:00+00:00,194,2,0.0,10.3,0.0,46.52,15.039999
2026-04-12 20:00:00+00:00,236,2,0.0,12.8,0.0,45.8,15.179998
2026-04-12 20:00:00+00:00,325,2,0.0,13.3,0.0,46.56,15.639999
2026-04-12 20:00:00+00:00,391,2,0.0,12.0,0.0,46.7,16.099998
2026-04-12 20:00:00+00:00,422,2,0.0,12.7,0.0,46.24,15.219999
2026-04-12 20:00:00+00:00,425,2,0.0,13.0,0.0,45.94,15.519999
2026-04-12 20:00:00+00:00,426,2,0.0,13.0,0.0,45.54,13.719999
2026-04-12 21:00:00+00:00,63,3,0.0,10.9,0.0,46.420002,14.08
2026-04-12 21:00:00+00:00,63,6,0.0,11.3,0.0,46.420002,14.08
2026-04-12 21:00:00+00:00,76,3,0.0,11.8,0.0,46.34,14.199999
2026-04-12 21:00:00+00:00,76,6,0.0,12.5,0.0,46.34,14.199999
2026-04-12 21:00:00+00:00,106,3,0.0,12.3,0.0,46.260002,14.4
2026-04-12 21:00:00+00:00,106,6,0.0,12.6,0.0,46.260002,14.4
2026-04-12 21:00:00+00:00,122,3,0.0,12.8,0.0,46.02,14.459999
2026-04-12 21:00:00+00:00,122,6,0.0,13.3,0.0,46.02,14.459999
2026-04-12 21:00:00+00:00,127,3,0.0,13.3,0.0,46.12,14.519999
2026-04-12 21:00:00+00:00,127,6,0.0,13.6,0.0,46.12,14.519999
2026-04-12 21:00:00+00:00,129,3,0.0,13.5,0.0,46.02,14.519999
2026-04-12 21:00:00+00:00,129,6,0.0,14.1,0.0,46.02,14.519999
2026-04-12 21:00:00+00:00,177,3,0.0,10.4,0.0,45.6,14.859999
2026-04-12 21:00:00+00:00,177,6,0.0,10.6,0.0,45.6,14.859999
2026-04-12 21:00:00+00:00,194,3,0.0,9.8,0.0,46.52,15.039999
2026-04-12 21:00:00+00:00,194,6,0.0,9.6,0.0,46.52,15.039999
2026-04-12 21:00:00+00:00,236,3,0.0,12.5,0.0,45.8,15.179998
2026-04-12 21:00:00+00:00,236,6,0.0,12.6,0.0,45.8,15.179998
2026-04-12 21:00:00+00:00,325,3,0.0,12.3,0.0,46.56,15.639999
2026-04-12 21:00:00+00:00,325,6,0.0,12.4,0.0,46.56,15.639999
2026-04-12 21:00:00+00:00,391,3,0.0,11.4,0.0,46.7,16.099998
2026-04-12 21:00:00+00:00,391,6,0.0,11.0,0.0,46.7,16.099998
2026-04-12 21:00:00+00:00,422,3,0.0,12.5,0.0,46.24,15.219999
2026-04-12 21:00:00+00:00,422,6,0.0,12.9,0.0,46.24,15.219999
2026-04-12 21:00:00+00:00,425,3,0.0,12.8,0.0,45.94,15.519999
2026-04-12 21:00:00+00:00,425,6,0.0,12.8,0.0,45.94,15.519999
2026-04-12 21:00:00+00:00,426,3,0.0,11.6,0.0,45.54,13.719999
2026-04-12 21:00:00+00:00,426,6,0.0,12.8,0.0,45.54,13.719999
2026-04-12 22:00:00+00:00,63,1,0.0,11.8,0.0,46.420002,14.08
2026-04-12 22:00:00+00:00,76,1,0.0,11.8,0.0,46.34,14.199999
2026-04-12 22:00:00+00:00,106,1,0.0,11.6,0.0,46.260002,14.4
2026-04-12 22:00:00+00:00,122,1,0.0,12.3,0.0,46.02,14.459999
2026-04-12 22:00:00+00:00,127,1,0.0,12.7,0.0,46.12,14.519999
2026-04-12 22:00:00+00:00,129,1,0.0,13.1,0.0,46.02,14.519999
2026-04-12 22:00:00+00:00,177,1,0.0,9.6,0.0,45.6,14.859999
2026-04-12 22:00:00+00:00,194,1,0.0,10.1,0.0,46.52,15.039999
2026-04-12 22:00:00+00:00,236,1,0.0,11.9,0.0,45.8,15.179998
2026-04-12 22:00:00+00:00,325,1,0.0,11.4,0.0,46.56,15.639999
2026-04-12 22:00:00+00:00,391,1,0.0,10.5,0.0,46.7,16.099998
2026-04-12 22:00:00+00:00,422,1,0.0,12.0,0.0,46.24,15.219999
2026-04-12 22:00:00+00:00,425,1,0.0,12.8,0.0,45.94,15.519999
2026-04-12 22:00:00+00:00,426,1,0.0,11.2,0.0,45.54,13.719999
2026-04-12 23:00:00+00:00,63,2,0.0,10.9,0.0,46.420002,14.08
2026-04-12 23:00:00+00:00,76,2,0.0,11.7,0.0,46.34,14.199999
2026-04-12 23:00:00+00:00,106,2,0.0,11.1,0.0,46.260002,14.4
2026-04-12 23:00:00+00:00,122,2,0.0,10.8,0.0,46.02,14.459999
2026-04-12 23:00:00+00:00,127,2,0.0,12.5,0.0,46.12,14.519999
2026-04-12 23:00:00+00:00,129,2,0.0,12.6,0.0,46.02,14.519999
2026-04-12 23:00:00+00:00,177,2,0.0,9.3,0.0,45.6,14.859999
2026-04-12 23:00:00+00:00,194,2,0.0,11.1,0.0,46.52,15.039999
2026-04-12 23:00:00+00:00,236,2,0.0,11.2,0.0,45.8,15.179998
2026-04-12 23:00:00+00:00,325,2,0.0,10.8,0.0,46.56,15.639999
2026-04-12 23:00:00+00:00,391,2,0.0,9.5,0.0,46.7,16.099998
2026-04-12 23:00:00+00:00,422,2,0.0,11.7,0.0,46.24,15.219999
2026-04-12 23:00:00+00:00,425,2,0.0,12.0,0.0,45.94,15.519999
2026-04-12 23:00:00+00:00,426,2,0.0,11.3,0.0,45.54,13.719999
2026-04-13 00:00:00+00:00,63,3,0.0,11.0,0.0,46.420002,14.08
2026-04-13 00:00:00+00:00,63,6,0.0,10.6,0.0,46.420002,14.08
2026-04-13 00:00:00+00:00,63,24,0.0,10.7,0.0,46.420002,14.08
2026-04-13 00:00:00+00:00,76,3,0.0,11.2,0.0,46.34,14.199999
2026-04-13 00:00:00+00:00,76,6,0.0,10.5,0.0,46.34,14.199999
2026-04-13 00:00:00+00:00,76,24,0.3,11.1,0.0,46.34,14.199999
2026-04-13 00:00:00+00:00,106,3,0.0,11.1,0.0,46.260002,14.4
2026-04-13 00:00:00+00:00,106,6,0.0,10.7,0.0,46.260002,14.4
2026-04-13 00:00:00+00:00,106,24,0.0,10.4,0.0,46.260002,14.4
2026-04-13 00:00:00+00:00,122,3,0.0,9.8,0.0,46.02,14.459999
2026-04-13 00:00:00+00:00,122,6,0.0,9.4,0.0,46.02,14.459999
2026-04-13 00:00:00+00:00,122,24,0.0,10.3,0.0,46.02,14.459999
2026-04-13 00:00:00+00:00,127,3,0.0,11.8,0.0,46.12,14.519999
2026-04-13 00:00:00+00:00,127,6,0.0,11.5,0.0,46.12,14.519999
2026-04-13 00:00:00+00:00,127,24,0.3,11.9,0.0,46.12,14.519999
2026-04-13 00:00:00+00:00,129,3,0.0,11.3,0.0,46.02,14.519999
2026-04-13 00:00:00+00:00,129,6,0.0,10.1,0.0,46.02,14.519999
2026-04-13 00:00:00+00:00,129,24,0.0,11.0,0.0,46.02,14.519999
2026-04-13 00:00:00+00:00,177,3,0.0,9.0,0.0,45.6,14.859999
2026-04-13 00:00:00+00:00,177,6,0.0,9.1,0.0,45.6,14.859999
2026-04-13 00:00:00+00:00,177,24,0.0,9.2,0.0,45.6,14.859999
2026-04-13 00:00:00+00:00,194,3,0.0,11.1,0.0,46.52,15.039999
2026-04-13 00:00:00+00:00,194,6,0.0,9.0,0.0,46.52,15.039999
2026-04-13 00:00:00+00:00,194,24,0.0,8.6,0.0,46.52,15.039999
2026-04-13 00:00:00+00:00,236,3,0.0,10.4,0.0,45.8,15.179998
2026-04-13 00:00:00+00:00,236,6,0.0,9.3,0.0,45.8,15.179998
2026-04-13 00:00:00+00:00,236,24,0.0,9.3,0.0,45.8,15.179998
2026-04-13 00:00:00+00:00,325,3,0.0,10.5,0.0,46.56,15.639999
2026-04-13 00:00:00+00:00,325,6,0.0,10.2,0.0,46.56,15.639999
2026-04-13 00:00:00+00:00,325,24,0.0,9.9,0.0,46.56,15.639999
2026-04-13 00:00:00+00:00,391,3,0.0,8.6,0.0,46.7,16.099998
2026-04-13 00:00:00+00:00,391,6,0.0,8.3,0.0,46.7,16.099998
2026-04-13 00:00:00+00:00,391,24,0.0,9.8,0.0,46.7,16.099998
2026-04-13 00:00:00+00:00,422,3,0.0,9.9,0.0,46.24,15.219999
2026-04-13 00:00:00+00:00,422,6,0.0,9.8,0.0,46.24,15.219999
2026-04-13 00:00:00+00:00,422,24,0.0,9.9,0.0,46.24,15.219999
2026-04-13 00:00:00+00:00,425,3,0.0,11.3,0.0,45.94,15.519999
2026-04-13 00:00:00+00:00,425,6,0.0,10.8,0.0,45.94,15.519999
2026-04-13 00:00:00+00:00,425,24,0.0,9.9,0.0,45.94,15.519999
2026-04-13 00:00:00+00:00,426,3,0.0,11.3,0.0,45.54,13.719999
2026-04-13 00:00:00+00:00,426,6,0.0,10.9,0.0,45.54,13.719999
2026-04-13 00:00:00+00:00,426,24,0.0,11.2,0.0,45.54,13.719999
2026-04-13 03:00:00+00:00,63,6,0.0,9.0,0.0,46.420002,14.08
2026-04-13 03:00:00+00:00,76,6,0.0,9.7,0.0,46.34,14.199999
2026-04-13 03:00:00+00:00,106,6,0.0,10.1,0.0,46.260002,14.4
2026-04-13 03:00:00+00:00,122,6,0.0,9.2,0.0,46.02,14.459999
2026-04-13 03:00:00+00:00,127,6,0.0,10.7,0.0,46.12,14.519999
2026-04-13 03:00:00+00:00,129,6,0.0,9.2,0.0,46.02,14.519999
2026-04-13 03:00:00+00:00,177,6,0.0,8.3,0.0,45.6,14.859999
2026-04-13 03:00:00+00:00,194,6,0.0,8.1,0.0,46.52,15.039999
2026-04-13 03:00:00+00:00,236,6,0.0,7.9,0.0,45.8,15.179998
2026-04-13 03:00:00+00:00,325,6,0.0,8.1,0.0,46.56,15.639999
2026-04-13 03:00:00+00:00,391,6,0.0,7.8,0.0,46.7,16.099998
2026-04-13 03:00:00+00:00,422,6,0.0,9.1,0.0,46.24,15.219999
2026-04-13 03:00:00+00:00,425,6,0.0,9.4,0.0,45.94,15.519999
2026-04-13 03:00:00+00:00,426,6,0.0,11.9,0.0,45.54,13.719999
2026-04-13 06:00:00+00:00,63,24,86.0,10.7,0.0,46.420002,14.08
2026-04-13 06:00:00+00:00,76,24,87.0,9.5,0.0,46.34,14.199999
2026-04-13 06:00:00+00:00,106,24,93.0,10.6,0.0,46.260002,14.4
2026-04-13 06:00:00+00:00,122,24,115.5,9.7,0.0,46.02,14.459999
2026-04-13 06:00:00+00:00,127,24,109.8,10.7,0.0,46.12,14.519999
2026-04-13 06:00:00+00:00,129,24,119.5,10.1,0.0,46.02,14.519999
2026-04-13 06:00:00+00:00,177,24,81.8,8.3,0.0,45.6,14.859999
2026-04-13 06:00:00+00:00,194,24,99.5,10.5,0.0,46.52,15.039999
2026-04-13 06:00:00+00:00,236,24,97.5,8.1,0.0,45.8,15.179998
2026-04-13 06:00:00+00:00,325,24,86.8,8.6,0.0,46.56,15.639999
2026-04-13 06:00:00+00:00,391,24,107.5,8.8,0.0,46.7,16.099998
2026-04-13 06:00:00+00:00,422,24,109.5,9.9,0.0,46.24,15.219999
2026-04-13 06:00:00+00:00,425,24,115.0,8.6,0.0,45.94,15.519999
2026-04-13 06:00:00+00:00,426,24,65.0,13.8,0.0,45.54,13.719999
2026-04-13 09:00:00+00:00,63,24,322.0,13.5,0.0,46.420002,14.08
2026-04-13 09:00:00+00:00,76,24,344.0,14.0,0.0,46.34,14.199999
2026-04-13 09:00:00+00:00,106,24,327.0,13.9,0.0,46.260002,14.4
2026-04-13 09:00:00+00:00,122,24,309.5,13.9,0.0,46.02,14.459999
2026-04-13 09:00:00+00:00,127,24,342.3,14.2,0.0,46.12,14.519999
2026-04-13 09:00:00+00:00,129,24,342.5,14.7,0.0,46.02,14.519999
2026-04-13 09:00:00+00:00,177,24,380.5,10.7,0.0,45.6,14.859999
2026-04-13 09:00:00+00:00,194,24,410.5,13.4,0.0,46.52,15.039999
2026-04-13 09:00:00+00:00,236,24,330.3,13.3,0.0,45.8,15.179998
2026-04-13 09:00:00+00:00,325,24,519.0,12.9,0.0,46.56,15.639999
2026-04-13 09:00:00+00:00,391,24,491.3,13.4,0.0,46.7,16.099998
2026-04-13 09:00:00+00:00,422,24,429.5,13.6,0.0,46.24,15.219999
2026-04-13 09:00:00+00:00,425,24,405.5,14.5,0.0,45.94,15.519999
2026-04-13 09:00:00+00:00,426,24,274.8,19.3,0.0,45.54,13.719999
2026-04-13 12:00:00+00:00,63,24,720.3,16.4,0.0,46.420002,14.08
2026-04-13 12:00:00+00:00,76,24,486.0,16.2,0.0,46.34,14.199999
2026-04-13 12:00:00+00:00,106,24,559.5,17.7,0.0,46.260002,14.4
2026-04-13 12:00:00+00:00,122,24,475.5,18.0,0.0,46.02,14.459999
2026-04-13 12:00:00+00:00,127,24,415.8,16.8,0.0,46.12,14.519999
2026-04-13 12:00:00+00:00,129,24,469.8,18.7,0.0,46.02,14.519999
2026-04-13 12:00:00+00:00,177,24,592.0,13.7,0.0,45.6,14.859999
2026-04-13 12:00:00+00:00,194,24,581.5,16.2,0.0,46.52,15.039999
2026-04-13 12:00:00+00:00,236,24,534.3,17.0,0.0,45.8,15.179998
2026-04-13 12:00:00+00:00,325,24,665.0,16.2,0.0,46.56,15.639999
2026-04-13 12:00:00+00:00,391,24,632.0,17.1,0.0,46.7,16.099998
2026-04-13 12:00:00+00:00,422,24,561.5,16.8,0.0,46.24,15.219999
2026-04-13 12:00:00+00:00,425,24,503.8,17.6,0.0,45.94,15.519999
2026-04-13 12:00:00+00:00,426,24,654.5,23.0,0.0,45.54,13.719999
2026-04-13 15:00:00+00:00,63,24,331.0,15.7,0.0,46.420002,14.08
2026-04-13 15:00:00+00:00,76,24,228.0,16.3,0.0,46.34,14.199999
2026-04-13 15:00:00+00:00,106,24,328.5,17.5,0.0,46.260002,14.4
2026-04-13 15:00:00+00:00,122,24,284.8,18.2,0.0,46.02,14.459999
2026-04-13 15:00:00+00:00,127,24,212.3,16.3,0.0,46.12,14.519999
2026-04-13 15:00:00+00:00,129,24,285.5,18.5,0.0,46.02,14.519999
2026-04-13 15:00:00+00:00,177,24,361.5,13.3,0.0,45.6,14.859999
2026-04-13 15:00:00+00:00,194,24,375.8,16.1,0.0,46.52,15.039999
2026-04-13 15:00:00+00:00,236,24,284.0,17.1,0.0,45.8,15.179998
2026-04-13 15:00:00+00:00,325,24,367.5,17.0,0.0,46.56,15.639999
2026-04-13 15:00:00+00:00,391,24,355.5,17.1,0.0,46.7,16.099998
2026-04-13 15:00:00+00:00,422,24,298.8,17.2,0.0,46.24,15.219999
2026-04-13 15:00:00+00:00,425,24,267.3,18.1,0.0,45.94,15.519999
2026-04-13 15:00:00+00:00,426,24,233.0,21.8,0.0,45.54,13.719999
2026-04-13 18:00:00+00:00,63,24,13.5,12.2,0.0,46.420002,14.08
2026-04-13 18:00:00+00:00,76,24,11.8,13.5,0.0,46.34,14.199999
2026-04-13 18:00:00+00:00,106,24,11.5,13.7,0.0,46.260002,14.4
2026-04-13 18:00:00+00:00,122,24,9.0,14.5,0.0,46.02,14.459999
2026-04-13 18:00:00+00:00,127,24,10.5,13.5,0.0,46.12,14.519999
2026-04-13 18:00:00+00:00,129,24,9.8,14.8,0.0,46.02,14.519999
2026-04-13 18:00:00+00:00,177,24,12.5,10.4,0.0,45.6,14.859999
2026-04-13 18:00:00+00:00,194,24,10.8,13.2,0.0,46.52,15.039999
2026-04-13 18:00:00+00:00,236,24,8.3,14.4,0.0,45.8,15.179998
2026-04-13 18:00:00+00:00,325,24,12.0,14.2,0.0,46.56,15.639999
2026-04-13 18:00:00+00:00,391,24,10.5,14.4,0.0,46.7,16.099998
2026-04-13 18:00:00+00:00,422,24,8.5,14.5,0.0,46.24,15.219999
2026-04-13 18:00:00+00:00,425,24,7.8,15.3,0.0,45.94,15.519999
2026-04-13 18:00:00+00:00,426,24,12.8,17.5,0.0,45.54,13.719999
2026-04-13 21:00:00+00:00,63,24,0.0,10.2,0.2,46.420002,14.08
2026-04-13 21:00:00+00:00,76,24,0.0,10.7,0.0,46.34,14.199999
2026-04-13 21:00:00+00:00,106,24,0.0,11.2,0.0,46.260002,14.4
2026-04-13 21:00:00+00:00,122,24,0.0,12.4,0.0,46.02,14.459999
2026-04-13 21:00:00+00:00,127,24,0.0,13.0,0.0,46.12,14.519999
2026-04-13 21:00:00+00:00,129,24,0.0,12.8,0.0,46.02,14.519999
2026-04-13 21:00:00+00:00,177,24,0.0,9.5,0.0,45.6,14.859999
2026-04-13 21:00:00+00:00,194,24,0.0,12.3,0.0,46.52,15.039999
2026-04-13 21:00:00+00:00,236,24,0.0,12.1,0.0,45.8,15.179998
2026-04-13 21:00:00+00:00,325,24,0.0,11.9,0.0,46.56,15.639999
2026-04-13 21:00:00+00:00,391,24,0.0,13.2,0.0,46.7,16.099998
2026-04-13 21:00:00+00:00,422,24,0.0,10.9,0.0,46.24,15.219999
2026-04-13 21:00:00+00:00,425,24,0.0,13.4,0.0,45.94,15.519999
2026-04-13 21:00:00+00:00,426,24,0.0,14.2,0.0,45.54,13.719999
2026-04-13 01:00:00+00:00,63,1,0.0,11.7,0.0,46.420002,14.08
2026-04-13 01:00:00+00:00,76,1,0.0,11.7,0.0,46.34,14.199999
2026-04-13 01:00:00+00:00,106,1,0.0,11.0,0.0,46.260002,14.4
2026-04-13 01:00:00+00:00,122,1,0.0,9.7,0.0,46.02,14.459999
2026-04-13 01:00:00+00:00,127,1,0.0,11.4,0.0,46.12,14.519999
2026-04-13 01:00:00+00:00,129,1,0.0,10.4,0.0,46.02,14.519999
2026-04-13 01:00:00+00:00,177,1,0.0,8.5,0.0,45.6,14.859999
2026-04-13 01:00:00+00:00,194,1,0.0,9.4,0.0,46.52,15.039999
2026-04-13 01:00:00+00:00,236,1,0.0,10.0,0.0,45.8,15.179998
2026-04-13 01:00:00+00:00,325,1,0.0,9.8,0.0,46.56,15.639999
2026-04-13 01:00:00+00:00,391,1,0.0,8.6,0.0,46.7,16.099998
2026-04-13 01:00:00+00:00,422,1,0.0,9.2,0.0,46.24,15.219999
2026-04-13 01:00:00+00:00,425,1,0.0,10.9,0.0,45.94,15.519999
2026-04-13 01:00:00+00:00,426,1,0.0,12.2,0.0,45.54,13.719999
2026-04-13 02:00:00+00:00,63,2,0.0,11.0,0.0,46.420002,14.08
2026-04-13 02:00:00+00:00,76,2,0.0,10.4,0.0,46.34,14.199999
2026-04-13 02:00:00+00:00,106,2,0.0,11.1,0.0,46.260002,14.4
2026-04-13 02:00:00+00:00,122,2,0.0,9.7,0.0,46.02,14.459999
2026-04-13 02:00:00+00:00,127,2,0.0,11.1,0.0,46.12,14.519999
2026-04-13 02:00:00+00:00,129,2,0.0,9.8,0.0,46.02,14.519999
2026-04-13 02:00:00+00:00,177,2,0.0,8.4,0.0,45.6,14.859999
2026-04-13 02:00:00+00:00,194,2,0.0,8.9,0.0,46.52,15.039999
2026-04-13 02:00:00+00:00,236,2,0.0,9.1,0.0,45.8,15.179998
2026-04-13 02:00:00+00:00,325,2,0.0,9.1,0.0,46.56,15.639999
2026-04-13 02:00:00+00:00,391,2,0.0,8.6,0.0,46.7,16.099998
2026-04-13 02:00:00+00:00,422,2,0.0,9.2,0.0,46.24,15.219999
2026-04-13 02:00:00+00:00,425,2,0.0,10.3,0.0,45.94,15.519999
2026-04-13 02:00:00+00:00,426,2,0.0,12.6,0.0,45.54,13.719999
2026-04-13 03:00:00+00:00,63,3,0.0,10.4,0.0,46.420002,14.08
2026-04-13 03:00:00+00:00,76,3,0.0,9.5,0.0,46.34,14.199999
2026-04-13 03:00:00+00:00,106,3,0.0,11.0,0.0,46.260002,14.4
2026-04-13 03:00:00+00:00,122,3,0.0,9.4,0.0,46.02,14.459999
2026-04-13 03:00:00+00:00,127,3,0.0,10.5,0.0,46.12,14.519999
2026-04-13 03:00:00+00:00,129,3,0.0,9.1,0.0,46.02,14.519999
2026-04-13 03:00:00+00:00,177,3,0.0,8.0,0.0,45.6,14.859999
2026-04-13 03:00:00+00:00,194,3,0.0,8.4,0.0,46.52,15.039999
2026-04-13 03:00:00+00:00,236,3,0.0,8.0,0.0,45.8,15.179998
2026-04-13 03:00:00+00:00,325,3,0.0,8.9,0.0,46.56,15.639999
2026-04-13 03:00:00+00:00,391,3,0.0,8.8,0.0,46.7,16.099998
2026-04-13 03:00:00+00:00,422,3,0.0,9.6,0.0,46.24,15.219999
2026-04-13 03:00:00+00:00,425,3,0.0,9.0,0.0,45.94,15.519999
2026-04-13 03:00:00+00:00,426,3,0.0,12.2,0.0,45.54,13.719999
2026-04-13 06:00:00+00:00,63,6,88.3,10.4,0.0,46.420002,14.08
2026-04-13 06:00:00+00:00,76,6,62.8,9.9,0.0,46.34,14.199999
2026-04-13 06:00:00+00:00,106,6,75.0,10.6,0.0,46.260002,14.4
2026-04-13 06:00:00+00:00,122,6,82.8,9.8,0.0,46.02,14.459999
2026-04-13 06:00:00+00:00,127,6,83.0,10.1,0.0,46.12,14.519999
2026-04-13 06:00:00+00:00,129,6,81.3,9.9,0.0,46.02,14.519999
2026-04-13 06:00:00+00:00,177,6,70.3,8.1,0.0,45.6,14.859999
2026-04-13 06:00:00+00:00,194,6,96.8,10.4,0.0,46.52,15.039999
2026-04-13 06:00:00+00:00,236,6,87.5,8.6,0.0,45.8,15.179998
2026-04-13 06:00:00+00:00,325,6,96.3,8.9,0.0,46.56,15.639999
2026-04-13 06:00:00+00:00,391,6,102.8,9.5,0.0,46.7,16.099998
2026-04-13 06:00:00+00:00,422,6,120.3,10.1,0.0,46.24,15.219999
2026-04-13 06:00:00+00:00,425,6,89.5,9.3,0.0,45.94,15.519999
2026-04-13 06:00:00+00:00,426,6,42.5,13.9,0.0,45.54,13.719999
2026-04-13 07:00:00+00:00,63,1,110.5,11.2,0.0,46.420002,14.08
2026-04-13 07:00:00+00:00,76,1,110.0,10.8,0.0,46.34,14.199999
2026-04-13 07:00:00+00:00,106,1,132.8,11.4,0.0,46.260002,14.4
2026-04-13 07:00:00+00:00,122,1,150.5,11.0,0.0,46.02,14.459999
2026-04-13 07:00:00+00:00,127,1,144.3,10.8,0.0,46.12,14.519999
2026-04-13 07:00:00+00:00,129,1,157.8,11.5,0.0,46.02,14.519999
2026-04-13 07:00:00+00:00,177,1,176.0,8.2,0.0,45.6,14.859999
2026-04-13 07:00:00+00:00,194,1,181.8,10.8,0.0,46.52,15.039999
2026-04-13 07:00:00+00:00,236,1,167.0,10.1,0.0,45.8,15.179998
2026-04-13 07:00:00+00:00,325,1,216.8,9.9,0.0,46.56,15.639999
2026-04-13 07:00:00+00:00,391,1,255.5,10.6,0.0,46.7,16.099998
2026-04-13 07:00:00+00:00,422,1,168.5,10.1,0.0,46.24,15.219999
2026-04-13 07:00:00+00:00,425,1,205.8,11.2,0.0,45.94,15.519999
2026-04-13 07:00:00+00:00,426,1,108.0,15.2,0.0,45.54,13.719999
2026-04-13 08:00:00+00:00,63,2,217.0,11.8,0.0,46.420002,14.08
2026-04-13 08:00:00+00:00,76,2,220.5,12.2,0.0,46.34,14.199999
2026-04-13 08:00:00+00:00,106,2,183.8,11.9,0.0,46.260002,14.4
2026-04-13 08:00:00+00:00,122,2,219.8,12.3,0.0,46.02,14.459999
2026-04-13 08:00:00+00:00,127,2,199.5,12.0,0.0,46.12,14.519999
2026-04-13 08:00:00+00:00,129,2,228.0,12.7,0.0,46.02,14.519999
2026-04-13 08:00:00+00:00,177,2,259.5,9.0,0.0,45.6,14.859999
2026-04-13 08:00:00+00:00,194,2,266.3,11.7,0.0,46.52,15.039999
2026-04-13 08:00:00+00:00,236,2,236.0,11.2,0.0,45.8,15.179998
2026-04-13 08:00:00+00:00,325,2,279.0,10.9,0.0,46.56,15.639999
2026-04-13 08:00:00+00:00,391,2,394.3,11.9,0.0,46.7,16.099998
2026-04-13 08:00:00+00:00,422,2,277.5,11.4,0.0,46.24,15.219999
2026-04-13 08:00:00+00:00,425,2,260.8,12.1,0.0,45.94,15.519999
2026-04-13 08:00:00+00:00,426,2,200.3,17.6,0.0,45.54,13.719999
2026-04-13 09:00:00+00:00,63,3,333.0,12.4,0.0,46.420002,14.08
2026-04-13 09:00:00+00:00,76,3,325.3,12.7,0.0,46.34,14.199999
2026-04-13 09:00:00+00:00,106,3,312.3,12.9,0.0,46.260002,14.4
2026-04-13 09:00:00+00:00,122,3,337.5,13.9,0.0,46.02,14.459999
2026-04-13 09:00:00+00:00,127,3,397.0,13.7,0.0,46.12,14.519999
2026-04-13 09:00:00+00:00,129,3,370.8,14.5,0.0,46.02,14.519999
2026-04-13 09:00:00+00:00,177,3,437.3,10.7,0.0,45.6,14.859999
2026-04-13 09:00:00+00:00,194,3,373.8,12.6,0.0,46.52,15.039999
2026-04-13 09:00:00+00:00,236,3,338.3,12.7,0.0,45.8,15.179998
2026-04-13 09:00:00+00:00,325,3,392.3,11.9,0.0,46.56,15.639999
2026-04-13 09:00:00+00:00,391,3,406.3,12.6,0.0,46.7,16.099998
2026-04-13 09:00:00+00:00,422,3,331.3,12.3,0.0,46.24,15.219999
2026-04-13 09:00:00+00:00,425,3,344.0,13.8,0.0,45.94,15.519999
2026-04-13 09:00:00+00:00,426,3,274.5,18.6,0.0,45.54,13.719999
2026-04-13 10:00:00+00:00,63,1,355.8,13.1,0.0,46.420002,14.08
2026-04-13 10:00:00+00:00,76,1,369.3,13.4,0.0,46.34,14.199999
2026-04-13 10:00:00+00:00,106,1,460.0,13.7,0.0,46.260002,14.4
2026-04-13 10:00:00+00:00,122,1,405.0,14.5,0.0,46.02,14.459999
2026-04-13 10:00:00+00:00,127,1,442.5,14.3,0.0,46.12,14.519999
2026-04-13 10:00:00+00:00,129,1,422.8,15.0,0.0,46.02,14.519999
2026-04-13 10:00:00+00:00,177,1,558.0,11.9,0.0,45.6,14.859999
2026-04-13 10:00:00+00:00,194,1,361.0,12.1,0.0,46.52,15.039999
2026-04-13 10:00:00+00:00,236,1,490.0,14.1,0.0,45.8,15.179998
2026-04-13 10:00:00+00:00,325,1,293.0,12.1,0.0,46.56,15.639999
2026-04-13 10:00:00+00:00,391,1,396.5,13.3,0.0,46.7,16.099998
2026-04-13 10:00:00+00:00,422,1,351.3,12.7,0.0,46.24,15.219999
2026-04-13 10:00:00+00:00,425,1,542.5,14.7,0.0,45.94,15.519999
2026-04-13 10:00:00+00:00,426,1,442.5,19.8,0.0,45.54,13.719999
2026-04-13 11:00:00+00:00,63,2,493.0,14.6,0.0,46.420002,14.08
2026-04-13 11:00:00+00:00,76,2,428.3,14.2,0.0,46.34,14.199999
2026-04-13 11:00:00+00:00,106,2,482.5,14.9,0.0,46.260002,14.4
2026-04-13 11:00:00+00:00,122,2,464.5,15.8,0.0,46.02,14.459999
2026-04-13 11:00:00+00:00,127,2,447.0,14.8,0.0,46.12,14.519999
2026-04-13 11:00:00+00:00,129,2,509.5,16.3,0.0,46.02,14.519999
2026-04-13 11:00:00+00:00,177,2,693.5,13.0,0.0,45.6,14.859999
2026-04-13 11:00:00+00:00,194,2,428.3,12.8,0.0,46.52,15.039999
2026-04-13 11:00:00+00:00,236,2,482.8,15.1,0.0,45.8,15.179998
2026-04-13 11:00:00+00:00,325,2,438.8,13.3,0.0,46.56,15.639999
2026-04-13 11:00:00+00:00,391,2,423.5,14.4,0.0,46.7,16.099998
2026-04-13 11:00:00+00:00,422,2,501.5,14.4,0.0,46.24,15.219999
2026-04-13 11:00:00+00:00,425,2,506.8,15.1,0.0,45.94,15.519999
2026-04-13 11:00:00+00:00,426,2,571.8,20.4,0.0,45.54,13.719999
2026-04-13 12:00:00+00:00,63,3,438.5,14.4,0.0,46.420002,14.08
2026-04-13 12:00:00+00:00,63,6,524.5,15.7,0.0,46.420002,14.08
2026-04-13 12:00:00+00:00,76,3,413.3,14.6,0.0,46.34,14.199999
2026-04-13 12:00:00+00:00,76,6,592.5,15.9,0.0,46.34,14.199999
2026-04-13 12:00:00+00:00,106,3,493.0,16.0,0.0,46.260002,14.4
2026-04-13 12:00:00+00:00,106,6,626.8,17.2,0.0,46.260002,14.4
2026-04-13 12:00:00+00:00,122,3,615.0,16.8,0.0,46.02,14.459999
2026-04-13 12:00:00+00:00,122,6,696.5,18.3,0.0,46.02,14.459999
2026-04-13 12:00:00+00:00,127,3,527.0,15.3,0.0,46.12,14.519999
2026-04-13 12:00:00+00:00,127,6,617.0,16.4,0.0,46.12,14.519999
2026-04-13 12:00:00+00:00,129,3,636.5,17.3,0.0,46.02,14.519999
2026-04-13 12:00:00+00:00,129,6,721.8,18.9,0.0,46.02,14.519999
2026-04-13 12:00:00+00:00,177,3,722.8,13.3,0.0,45.6,14.859999
2026-04-13 12:00:00+00:00,177,6,664.3,13.4,0.0,45.6,14.859999
2026-04-13 12:00:00+00:00,194,3,588.3,14.0,0.0,46.52,15.039999
2026-04-13 12:00:00+00:00,194,6,616.0,14.9,0.0,46.52,15.039999
2026-04-13 12:00:00+00:00,236,3,528.8,15.6,0.0,45.8,15.179998
2026-04-13 12:00:00+00:00,236,6,596.3,16.0,0.0,45.8,15.179998
2026-04-13 12:00:00+00:00,325,3,580.8,14.5,0.0,46.56,15.639999
2026-04-13 12:00:00+00:00,325,6,540.3,15.1,0.0,46.56,15.639999
2026-04-13 12:00:00+00:00,391,3,585.3,15.7,0.0,46.7,16.099998
2026-04-13 12:00:00+00:00,391,6,534.5,16.0,0.0,46.7,16.099998
2026-04-13 12:00:00+00:00,422,3,487.3,14.9,0.0,46.24,15.219999
2026-04-13 12:00:00+00:00,422,6,452.0,15.4,0.0,46.24,15.219999
2026-04-13 12:00:00+00:00,425,3,570.0,16.3,0.0,45.94,15.519999
2026-04-13 12:00:00+00:00,425,6,598.5,17.1,0.0,45.94,15.519999
2026-04-13 12:00:00+00:00,426,3,658.0,22.5,0.0,45.54,13.719999
2026-04-13 12:00:00+00:00,426,6,682.5,23.7,0.0,45.54,13.719999
2026-04-13 13:00:00+00:00,63,1,456.3,14.9,0.0,46.420002,14.08
2026-04-13 13:00:00+00:00,76,1,439.3,15.0,0.0,46.34,14.199999
2026-04-13 13:00:00+00:00,106,1,520.0,17.0,0.0,46.260002,14.4
2026-04-13 13:00:00+00:00,122,1,560.8,18.0,0.0,46.02,14.459999
2026-04-13 13:00:00+00:00,127,1,452.8,15.9,0.0,46.12,14.519999
2026-04-13 13:00:00+00:00,129,1,581.0,18.4,0.0,46.02,14.519999
2026-04-13 13:00:00+00:00,177,1,516.3,13.0,0.0,45.6,14.859999
2026-04-13 13:00:00+00:00,194,1,537.3,15.1,0.0,46.52,15.039999
2026-04-13 13:00:00+00:00,236,1,488.8,16.6,0.0,45.8,15.179998
2026-04-13 13:00:00+00:00,325,1,627.3,16.2,0.0,46.56,15.639999
2026-04-13 13:00:00+00:00,391,1,565.5,16.7,0.0,46.7,16.099998
2026-04-13 13:00:00+00:00,422,1,583.5,16.8,0.0,46.24,15.219999
2026-04-13 13:00:00+00:00,425,1,526.3,17.5,0.0,45.94,15.519999
2026-04-13 13:00:00+00:00,426,1,558.8,23.4,0.0,45.54,13.719999
2026-04-13 14:00:00+00:00,63,2,409.8,15.0,0.0,46.420002,14.08
2026-04-13 14:00:00+00:00,76,2,333.3,15.7,0.0,46.34,14.199999
2026-04-13 14:00:00+00:00,106,2,478.0,17.3,0.0,46.260002,14.4
2026-04-13 14:00:00+00:00,122,2,413.3,17.5,0.0,46.02,14.459999
2026-04-13 14:00:00+00:00,127,2,350.5,15.7,0.0,46.12,14.519999
2026-04-13 14:00:00+00:00,129,2,417.0,17.6,0.0,46.02,14.519999
2026-04-13 14:00:00+00:00,177,2,350.8,12.9,0.0,45.6,14.859999
2026-04-13 14:00:00+00:00,194,2,461.5,15.4,0.0,46.52,15.039999
2026-04-13 14:00:00+00:00,236,2,362.0,16.8,0.0,45.8,15.179998
2026-04-13 14:00:00+00:00,325,2,444.5,16.4,0.0,46.56,15.639999
2026-04-13 14:00:00+00:00,391,2,456.0,16.7,0.0,46.7,16.099998
2026-04-13 14:00:00+00:00,422,2,357.3,16.3,0.0,46.24,15.219999
2026-04-13 14:00:00+00:00,425,2,400.0,17.6,0.0,45.94,15.519999
2026-04-13 14:00:00+00:00,426,2,508.5,22.7,0.0,45.54,13.719999
2026-04-13 15:00:00+00:00,63,3,155.5,13.9,0.0,46.420002,14.08
2026-04-13 15:00:00+00:00,63,6,191.0,13.9,0.0,46.420002,14.08
2026-04-13 15:00:00+00:00,76,3,233.0,15.3,0.0,46.34,14.199999
2026-04-13 15:00:00+00:00,76,6,167.8,14.9,0.0,46.34,14.199999
2026-04-13 15:00:00+00:00,106,3,255.3,16.3,0.0,46.260002,14.4
2026-04-13 15:00:00+00:00,106,6,205.8,16.1,0.0,46.260002,14.4
2026-04-13 15:00:00+00:00,122,3,339.0,16.8,0.0,46.02,14.459999
2026-04-13 15:00:00+00:00,122,6,213.8,16.4,0.0,46.02,14.459999
2026-04-13 15:00:00+00:00,127,3,257.5,15.6,0.0,46.12,14.519999
2026-04-13 15:00:00+00:00,127,6,227.8,15.0,0.0,46.12,14.519999
2026-04-13 15:00:00+00:00,129,3,302.0,17.0,0.0,46.02,14.519999
2026-04-13 15:00:00+00:00,129,6,257.5,17.0,0.0,46.02,14.519999
2026-04-13 15:00:00+00:00,177,3,254.8,11.8,0.0,45.6,14.859999
2026-04-13 15:00:00+00:00,177,6,274.5,12.0,0.0,45.6,14.859999
2026-04-13 15:00:00+00:00,194,3,274.5,14.3,0.0,46.52,15.039999
2026-04-13 15:00:00+00:00,194,6,373.3,14.3,0.0,46.52,15.039999
2026-04-13 15:00:00+00:00,236,3,279.3,16.5,0.0,45.8,15.179998
2026-04-13 15:00:00+00:00,236,6,267.8,15.9,0.0,45.8,15.179998
2026-04-13 15:00:00+00:00,325,3,309.0,16.2,0.0,46.56,15.639999
2026-04-13 15:00:00+00:00,325,6,360.5,15.9,0.0,46.56,15.639999
2026-04-13 15:00:00+00:00,391,3,277.3,16.3,0.0,46.7,16.099998
2026-04-13 15:00:00+00:00,391,6,315.0,16.6,0.0,46.7,16.099998
2026-04-13 15:00:00+00:00,422,3,190.3,15.7,0.0,46.24,15.219999
2026-04-13 15:00:00+00:00,422,6,251.0,15.3,0.0,46.24,15.219999
2026-04-13 15:00:00+00:00,425,3,257.8,17.4,0.0,45.94,15.519999
2026-04-13 15:00:00+00:00,425,6,285.3,16.6,0.0,45.94,15.519999
2026-04-13 15:00:00+00:00,426,3,185.5,19.9,0.0,45.54,13.719999
2026-04-13 15:00:00+00:00,426,6,144.5,19.1,0.0,45.54,13.719999
2026-04-13 16:00:00+00:00,63,1,153.3,14.0,0.0,46.420002,14.08
2026-04-13 16:00:00+00:00,76,1,167.0,14.7,0.0,46.34,14.199999
2026-04-13 16:00:00+00:00,106,1,59.3,15.2,0.0,46.260002,14.4
2026-04-13 16:00:00+00:00,122,1,144.3,16.0,0.0,46.02,14.459999
2026-04-13 16:00:00+00:00,127,1,92.5,14.5,0.0,46.12,14.519999
2026-04-13 16:00:00+00:00,129,1,137.8,15.9,0.0,46.02,14.519999
2026-04-13 16:00:00+00:00,177,1,111.5,11.6,0.0,45.6,14.859999
2026-04-13 16:00:00+00:00,194,1,88.8,13.8,0.0,46.52,15.039999
2026-04-13 16:00:00+00:00,236,1,121.5,16.5,0.0,45.8,15.179998
2026-04-13 16:00:00+00:00,325,1,159.8,16.3,0.0,46.56,15.639999
2026-04-13 16:00:00+00:00,391,1,175.8,16.4,0.0,46.7,16.099998
2026-04-13 16:00:00+00:00,422,1,88.0,15.6,0.0,46.24,15.219999
2026-04-13 16:00:00+00:00,425,1,117.5,17.0,0.0,45.94,15.519999
2026-04-13 16:00:00+00:00,426,1,64.0,17.8,0.0,45.54,13.719999
2026-04-13 17:00:00+00:00,63,2,45.0,12.7,0.0,46.420002,14.08
2026-04-13 17:00:00+00:00,76,2,42.8,13.7,0.1,46.34,14.199999
2026-04-13 17:00:00+00:00,106,2,34.5,14.4,0.0,46.260002,14.4
2026-04-13 17:00:00+00:00,122,2,64.8,15.2,0.0,46.02,14.459999
2026-04-13 17:00:00+00:00,127,2,47.3,14.0,0.0,46.12,14.519999
2026-04-13 17:00:00+00:00,129,2,61.8,15.2,0.0,46.02,14.519999
2026-04-13 17:00:00+00:00,177,2,72.8,10.9,0.0,45.6,14.859999
2026-04-13 17:00:00+00:00,194,2,39.3,12.9,0.4,46.52,15.039999
2026-04-13 17:00:00+00:00,236,2,58.3,15.9,0.0,45.8,15.179998
2026-04-13 17:00:00+00:00,325,2,59.0,15.5,0.1,46.56,15.639999
2026-04-13 17:00:00+00:00,391,2,63.0,15.5,0.0,46.7,16.099998
2026-04-13 17:00:00+00:00,422,2,43.8,15.6,0.0,46.24,15.219999
2026-04-13 17:00:00+00:00,425,2,48.3,16.4,0.2,45.94,15.519999
2026-04-13 17:00:00+00:00,426,2,21.3,16.9,0.2,45.54,13.719999
2026-04-13 18:00:00+00:00,63,3,5.0,11.8,0.1,46.420002,14.08
2026-04-13 18:00:00+00:00,63,6,5.5,11.6,0.0,46.420002,14.08
2026-04-13 18:00:00+00:00,76,3,7.3,13.0,0.0,46.34,14.199999
2026-04-13 18:00:00+00:00,76,6,7.0,12.4,0.0,46.34,14.199999
2026-04-13 18:00:00+00:00,106,3,4.5,13.4,0.0,46.260002,14.4
2026-04-13 18:00:00+00:00,106,6,8.5,12.8,0.0,46.260002,14.4
2026-04-13 18:00:00+00:00,122,3,11.8,14.2,0.0,46.02,14.459999
2026-04-13 18:00:00+00:00,122,6,8.0,13.8,0.0,46.02,14.459999
2026-04-13 18:00:00+00:00,127,3,9.0,13.1,0.0,46.12,14.519999
2026-04-13 18:00:00+00:00,127,6,9.3,12.6,0.0,46.12,14.519999
2026-04-13 18:00:00+00:00,129,3,12.0,14.2,0.0,46.02,14.519999
2026-04-13 18:00:00+00:00,129,6,9.5,13.8,0.0,46.02,14.519999
2026-04-13 18:00:00+00:00,177,3,7.8,10.2,0.0,45.6,14.859999
2026-04-13 18:00:00+00:00,177,6,7.5,10.1,0.0,45.6,14.859999
2026-04-13 18:00:00+00:00,194,3,6.3,12.1,0.0,46.52,15.039999
2026-04-13 18:00:00+00:00,194,6,9.8,12.2,0.0,46.52,15.039999
2026-04-13 18:00:00+00:00,236,3,11.3,13.9,0.0,45.8,15.179998
2026-04-13 18:00:00+00:00,236,6,6.0,14.2,0.0,45.8,15.179998
2026-04-13 18:00:00+00:00,325,3,6.5,14.3,0.3,46.56,15.639999
2026-04-13 18:00:00+00:00,325,6,10.0,14.1,0.0,46.56,15.639999
2026-04-13 18:00:00+00:00,391,3,5.8,14.4,0.2,46.7,16.099998
2026-04-13 18:00:00+00:00,391,6,7.5,13.8,0.1,46.7,16.099998
2026-04-13 18:00:00+00:00,422,3,7.5,14.2,0.0,46.24,15.219999
2026-04-13 18:00:00+00:00,422,6,7.8,14.0,0.0,46.24,15.219999
2026-04-13 18:00:00+00:00,425,3,7.8,14.5,0.0,45.94,15.519999
2026-04-13 18:00:00+00:00,425,6,3.3,14.9,0.0,45.94,15.519999
2026-04-13 18:00:00+00:00,426,3,5.3,16.4,0.0,45.54,13.719999
2026-04-13 18:00:00+00:00,426,6,4.0,17.2,0.0,45.54,13.719999
2026-04-13 19:00:00+00:00,63,1,0.0,12.0,0.0,46.420002,14.08
2026-04-13 19:00:00+00:00,76,1,0.0,12.3,0.0,46.34,14.199999
2026-04-13 19:00:00+00:00,106,1,0.0,12.8,0.0,46.260002,14.4
2026-04-13 19:00:00+00:00,122,1,0.0,13.7,0.0,46.02,14.459999
2026-04-13 19:00:00+00:00,127,1,0.0,13.2,0.0,46.12,14.519999
2026-04-13 19:00:00+00:00,129,1,0.0,14.0,0.0,46.02,14.519999
2026-04-13 19:00:00+00:00,177,1,0.0,9.9,0.0,45.6,14.859999
2026-04-13 19:00:00+00:00,194,1,0.0,12.2,0.0,46.52,15.039999
2026-04-13 19:00:00+00:00,236,1,0.0,13.4,0.0,45.8,15.179998
2026-04-13 19:00:00+00:00,325,1,0.0,14.1,0.0,46.56,15.639999
2026-04-13 19:00:00+00:00,391,1,0.0,13.8,0.0,46.7,16.099998
2026-04-13 19:00:00+00:00,422,1,0.0,13.3,0.0,46.24,15.219999
2026-04-13 19:00:00+00:00,425,1,0.0,14.6,0.0,45.94,15.519999
2026-04-13 19:00:00+00:00,426,1,0.0,16.6,0.0,45.54,13.719999
2026-04-13 20:00:00+00:00,63,2,0.0,10.4,0.1,46.420002,14.08
2026-04-13 20:00:00+00:00,76,2,0.0,11.1,0.0,46.34,14.199999
2026-04-13 20:00:00+00:00,106,2,0.0,11.5,0.0,46.260002,14.4
2026-04-13 20:00:00+00:00,122,2,0.0,13.0,0.0,46.02,14.459999
2026-04-13 20:00:00+00:00,127,2,0.0,12.9,0.0,46.12,14.519999
2026-04-13 20:00:00+00:00,129,2,0.0,13.6,0.0,46.02,14.519999
2026-04-13 20:00:00+00:00,177,2,0.0,9.6,0.0,45.6,14.859999
2026-04-13 20:00:00+00:00,194,2,0.0,12.1,0.4,46.52,15.039999
2026-04-13 20:00:00+00:00,236,2,0.0,12.5,0.0,45.8,15.179998
2026-04-13 20:00:00+00:00,325,2,0.0,13.6,0.0,46.56,15.639999
2026-04-13 20:00:00+00:00,391,2,0.0,13.2,0.0,46.7,16.099998
2026-04-13 20:00:00+00:00,422,2,0.0,12.6,0.2,46.24,15.219999
2026-04-13 20:00:00+00:00,425,2,0.0,14.3,0.0,45.94,15.519999
2026-04-13 20:00:00+00:00,426,2,0.0,15.6,0.0,45.54,13.719999
2026-04-13 21:00:00+00:00,63,3,0.0,9.9,0.1,46.420002,14.08
2026-04-13 21:00:00+00:00,63,6,0.0,9.6,0.0,46.420002,14.08
2026-04-13 21:00:00+00:00,76,3,0.0,10.9,0.0,46.34,14.199999
2026-04-13 21:00:00+00:00,76,6,0.0,10.9,0.0,46.34,14.199999
2026-04-13 21:00:00+00:00,106,3,0.0,11.0,0.0,46.260002,14.4
2026-04-13 21:00:00+00:00,106,6,0.0,11.0,0.0,46.260002,14.4
2026-04-13 21:00:00+00:00,122,3,0.0,13.1,0.0,46.02,14.459999
2026-04-13 21:00:00+00:00,122,6,0.0,12.8,0.0,46.02,14.459999
2026-04-13 21:00:00+00:00,127,3,0.0,12.6,0.0,46.12,14.519999
2026-04-13 21:00:00+00:00,127,6,0.0,12.7,0.0,46.12,14.519999
2026-04-13 21:00:00+00:00,129,3,0.0,13.3,0.0,46.02,14.519999
2026-04-13 21:00:00+00:00,129,6,0.0,13.1,0.0,46.02,14.519999
2026-04-13 21:00:00+00:00,177,3,0.0,9.2,0.0,45.6,14.859999
2026-04-13 21:00:00+00:00,177,6,0.0,9.1,0.0,45.6,14.859999
2026-04-13 21:00:00+00:00,194,3,0.0,10.8,0.0,46.52,15.039999
2026-04-13 21:00:00+00:00,194,6,0.0,10.7,0.0,46.52,15.039999
2026-04-13 21:00:00+00:00,236,3,0.0,11.7,0.0,45.8,15.179998
2026-04-13 21:00:00+00:00,236,6,0.0,11.6,0.0,45.8,15.179998
2026-04-13 21:00:00+00:00,325,3,0.0,12.5,0.0,46.56,15.639999
2026-04-13 21:00:00+00:00,325,6,0.0,11.5,0.0,46.56,15.639999
2026-04-13 21:00:00+00:00,391,3,0.0,12.4,0.0,46.7,16.099998
2026-04-13 21:00:00+00:00,391,6,0.0,11.8,0.0,46.7,16.099998
2026-04-13 21:00:00+00:00,422,3,0.0,11.2,0.0,46.24,15.219999
2026-04-13 21:00:00+00:00,422,6,0.0,10.6,0.0,46.24,15.219999
2026-04-13 21:00:00+00:00,425,3,0.0,13.4,0.0,45.94,15.519999
2026-04-13 21:00:00+00:00,425,6,0.0,12.9,0.0,45.94,15.519999
2026-04-13 21:00:00+00:00,426,3,0.0,15.4,0.0,45.54,13.719999
2026-04-13 21:00:00+00:00,426,6,0.0,16.0,0.0,45.54,13.719999
2026-04-13 22:00:00+00:00,63,1,0.0,9.6,0.2,46.420002,14.08
2026-04-13 22:00:00+00:00,76,1,0.0,10.2,0.2,46.34,14.199999
2026-04-13 22:00:00+00:00,106,1,0.0,11.1,0.1,46.260002,14.4
2026-04-13 22:00:00+00:00,122,1,0.0,13.0,0.0,46.02,14.459999
2026-04-13 22:00:00+00:00,127,1,0.0,13.0,0.0,46.12,14.519999
2026-04-13 22:00:00+00:00,129,1,0.0,13.1,0.0,46.02,14.519999
2026-04-13 22:00:00+00:00,177,1,0.0,8.7,0.0,45.6,14.859999
2026-04-13 22:00:00+00:00,194,1,0.0,11.1,0.0,46.52,15.039999
2026-04-13 22:00:00+00:00,236,1,0.0,11.7,0.0,45.8,15.179998
2026-04-13 22:00:00+00:00,325,1,0.0,12.7,0.1,46.56,15.639999
2026-04-13 22:00:00+00:00,391,1,0.0,12.4,0.0,46.7,16.099998
2026-04-13 22:00:00+00:00,422,1,0.0,10.4,0.0,46.24,15.219999
2026-04-13 22:00:00+00:00,425,1,0.0,12.6,0.0,45.94,15.519999
2026-04-13 22:00:00+00:00,426,1,0.0,16.2,0.0,45.54,13.719999
2026-04-13 23:00:00+00:00,63,2,0.0,9.7,0.3,46.420002,14.08
2026-04-13 23:00:00+00:00,76,2,0.0,10.3,0.0,46.34,14.199999
2026-04-13 23:00:00+00:00,106,2,0.0,10.7,0.0,46.260002,14.4
2026-04-13 23:00:00+00:00,122,2,0.0,12.2,0.0,46.02,14.459999
2026-04-13 23:00:00+00:00,127,2,0.0,12.0,0.0,46.12,14.519999
2026-04-13 23:00:00+00:00,129,2,0.0,12.6,0.0,46.02,14.519999
2026-04-13 23:00:00+00:00,177,2,0.0,8.6,0.0,45.6,14.859999
2026-04-13 23:00:00+00:00,194,2,0.0,10.7,0.0,46.52,15.039999
2026-04-13 23:00:00+00:00,236,2,0.0,10.8,0.0,45.8,15.179998
2026-04-13 23:00:00+00:00,325,2,0.0,11.7,0.0,46.56,15.639999
2026-04-13 23:00:00+00:00,391,2,0.0,12.2,0.0,46.7,16.099998
2026-04-13 23:00:00+00:00,422,2,0.0,9.5,0.0,46.24,15.219999
2026-04-13 23:00:00+00:00,425,2,0.0,11.9,0.0,45.94,15.519999
2026-04-13 23:00:00+00:00,426,2,0.0,16.0,0.0,45.54,13.719999
2026-04-14 00:00:00+00:00,63,3,0.0,9.6,0.2,46.420002,14.08
2026-04-14 00:00:00+00:00,63,6,0.0,9.8,0.3,46.420002,14.08
2026-04-14 00:00:00+00:00,63,24,0.0,10.1,0.0,46.420002,14.08
2026-04-14 00:00:00+00:00,76,3,0.0,9.8,0.6,46.34,14.199999
2026-04-14 00:00:00+00:00,76,6,0.0,10.0,0.2,46.34,14.199999
2026-04-14 00:00:00+00:00,76,24,0.0,9.9,0.0,46.34,14.199999
2026-04-14 00:00:00+00:00,106,3,0.0,10.5,0.0,46.260002,14.4
2026-04-14 00:00:00+00:00,106,6,0.0,10.8,0.0,46.260002,14.4
2026-04-14 00:00:00+00:00,106,24,0.0,9.9,0.0,46.260002,14.4
2026-04-14 00:00:00+00:00,122,3,0.0,12.0,0.0,46.02,14.459999
2026-04-14 00:00:00+00:00,122,6,0.0,11.9,0.0,46.02,14.459999
2026-04-14 00:00:00+00:00,122,24,0.0,11.1,0.0,46.02,14.459999
2026-04-14 00:00:00+00:00,127,3,0.0,11.5,0.0,46.12,14.519999
2026-04-14 00:00:00+00:00,127,6,0.0,11.8,0.0,46.12,14.519999
2026-04-14 00:00:00+00:00,127,24,0.0,11.6,0.0,46.12,14.519999
2026-04-14 00:00:00+00:00,129,3,0.0,12.2,0.0,46.02,14.519999
2026-04-14 00:00:00+00:00,129,6,0.0,12.4,0.0,46.02,14.519999
2026-04-14 00:00:00+00:00,129,24,0.0,11.9,0.0,46.02,14.519999
2026-04-14 00:00:00+00:00,177,3,0.0,8.2,0.0,45.6,14.859999
2026-04-14 00:00:00+00:00,177,6,0.0,8.4,0.0,45.6,14.859999
2026-04-14 00:00:00+00:00,177,24,0.0,8.6,0.4,45.6,14.859999
2026-04-14 00:00:00+00:00,194,3,0.0,10.1,0.0,46.52,15.039999
2026-04-14 00:00:00+00:00,194,6,0.0,9.9,0.0,46.52,15.039999
2026-04-14 00:00:00+00:00,194,24,0.0,11.3,0.0,46.52,15.039999
2026-04-14 00:00:00+00:00,236,3,0.0,9.8,0.0,45.8,15.179998
2026-04-14 00:00:00+00:00,236,6,0.0,9.8,0.0,45.8,15.179998
2026-04-14 00:00:00+00:00,236,24,0.0,11.3,0.0,45.8,15.179998
2026-04-14 00:00:00+00:00,325,3,0.0,11.2,0.0,46.56,15.639999
2026-04-14 00:00:00+00:00,325,6,0.0,9.7,0.0,46.56,15.639999
2026-04-14 00:00:00+00:00,325,24,0.0,11.0,0.0,46.56,15.639999
2026-04-14 00:00:00+00:00,391,3,0.0,11.4,0.0,46.7,16.099998
2026-04-14 00:00:00+00:00,391,6,0.0,10.7,0.0,46.7,16.099998
2026-04-14 00:00:00+00:00,391,24,0.0,11.8,0.0,46.7,16.099998
2026-04-14 00:00:00+00:00,422,3,0.0,8.3,0.0,46.24,15.219999
2026-04-14 00:00:00+00:00,422,6,0.0,8.6,0.0,46.24,15.219999
2026-04-14 00:00:00+00:00,422,24,0.0,9.3,0.0,46.24,15.219999
2026-04-14 00:00:00+00:00,425,3,0.0,11.4,0.0,45.94,15.519999
2026-04-14 00:00:00+00:00,425,6,0.0,11.7,0.0,45.94,15.519999
2026-04-14 00:00:00+00:00,425,24,0.0,12.6,0.0,45.94,15.519999
2026-04-14 00:00:00+00:00,426,3,0.0,15.8,0.0,45.54,13.719999
2026-04-14 00:00:00+00:00,426,6,0.0,14.8,0.0,45.54,13.719999
2026-04-14 00:00:00+00:00,426,24,0.0,15.1,0.3,45.54,13.719999
2026-04-14 03:00:00+00:00,63,6,0.0,10.0,0.0,46.420002,14.08
2026-04-14 03:00:00+00:00,76,6,0.0,9.7,0.0,46.34,14.199999
2026-04-14 03:00:00+00:00,106,6,0.0,9.9,0.0,46.260002,14.4
2026-04-14 03:00:00+00:00,122,6,0.0,10.0,0.0,46.02,14.459999
2026-04-14 03:00:00+00:00,127,6,0.0,10.4,0.0,46.12,14.519999
2026-04-14 03:00:00+00:00,129,6,0.0,10.4,0.0,46.02,14.519999
2026-04-14 03:00:00+00:00,177,6,0.0,7.4,0.0,45.6,14.859999
2026-04-14 03:00:00+00:00,194,6,0.0,10.0,0.0,46.52,15.039999
2026-04-14 03:00:00+00:00,236,6,0.0,9.6,0.1,45.8,15.179998
2026-04-14 03:00:00+00:00,325,6,0.0,10.2,0.0,46.56,15.639999
2026-04-14 03:00:00+00:00,391,6,0.0,9.3,0.0,46.7,16.099998
2026-04-14 03:00:00+00:00,422,6,0.0,8.1,0.0,46.24,15.219999
2026-04-14 03:00:00+00:00,425,6,0.0,10.3,0.0,45.94,15.519999
2026-04-14 03:00:00+00:00,426,6,0.0,14.3,2.4,45.54,13.719999
2026-04-14 06:00:00+00:00,63,24,26.0,10.6,1.5,46.420002,14.08
2026-04-14 06:00:00+00:00,76,24,24.8,9.5,0.2,46.34,14.199999
2026-04-14 06:00:00+00:00,106,24,19.8,9.5,0.3,46.260002,14.4
2026-04-14 06:00:00+00:00,122,24,35.5,10.4,0.0,46.02,14.459999
2026-04-14 06:00:00+00:00,127,24,32.3,9.8,0.2,46.12,14.519999
2026-04-14 06:00:00+00:00,129,24,45.0,10.7,0.0,46.02,14.519999
2026-04-14 06:00:00+00:00,177,24,37.5,6.4,0.0,45.6,14.859999
2026-04-14 06:00:00+00:00,194,24,32.0,10.0,0.8,46.52,15.039999
2026-04-14 06:00:00+00:00,236,24,40.8,10.4,0.6,45.8,15.179998
2026-04-14 06:00:00+00:00,325,24,38.8,10.6,0.0,46.56,15.639999
2026-04-14 06:00:00+00:00,391,24,95.3,9.5,0.0,46.7,16.099998
2026-04-14 06:00:00+00:00,422,24,28.0,10.3,0.6,46.24,15.219999
2026-04-14 06:00:00+00:00,425,24,37.5,11.0,0.0,45.94,15.519999
2026-04-14 06:00:00+00:00,426,24,31.0,15.2,0.0,45.54,13.719999
2026-04-14 09:00:00+00:00,63,24,146.0,11.5,0.0,46.420002,14.08
2026-04-14 09:00:00+00:00,76,24,90.0,10.0,0.0,46.34,14.199999
2026-04-14 09:00:00+00:00,106,24,141.3,10.8,0.0,46.260002,14.4
2026-04-14 09:00:00+00:00,122,24,139.3,11.1,0.0,46.02,14.459999
2026-04-14 09:00:00+00:00,127,24,110.3,10.5,0.0,46.12,14.519999
2026-04-14 09:00:00+00:00,129,24,118.0,11.2,0.0,46.02,14.519999
2026-04-14 09:00:00+00:00,177,24,97.5,6.4,0.0,45.6,14.859999
2026-04-14 09:00:00+00:00,194,24,170.3,10.8,0.0,46.52,15.039999
2026-04-14 09:00:00+00:00,236,24,99.0,10.6,0.4,45.8,15.179998
2026-04-14 09:00:00+00:00,325,24,180.3,11.6,0.0,46.56,15.639999
2026-04-14 09:00:00+00:00,391,24,350.5,13.1,0.0,46.7,16.099998
2026-04-14 09:00:00+00:00,422,24,134.5,11.4,0.1,46.24,15.219999
2026-04-14 09:00:00+00:00,425,24,71.0,11.0,0.0,45.94,15.519999
2026-04-14 09:00:00+00:00,426,24,73.0,15.2,0.5,45.54,13.719999
2026-04-14 12:00:00+00:00,63,24,243.3,11.6,0.4,46.420002,14.08
2026-04-14 12:00:00+00:00,76,24,223.3,11.3,0.4,46.34,14.199999
2026-04-14 12:00:00+00:00,106,24,264.3,12.1,0.6,46.260002,14.4
2026-04-14 12:00:00+00:00,122,24,231.8,12.1,0.1,46.02,14.459999
2026-04-14 12:00:00+00:00,127,24,248.0,11.7,0.6,46.12,14.519999
2026-04-14 12:00:00+00:00,129,24,263.3,12.5,0.4,46.02,14.519999
2026-04-14 12:00:00+00:00,177,24,144.0,7.5,1.1,45.6,14.859999
2026-04-14 12:00:00+00:00,194,24,210.3,13.3,0.0,46.52,15.039999
2026-04-14 12:00:00+00:00,236,24,279.5,12.6,0.3,45.8,15.179998
2026-04-14 12:00:00+00:00,325,24,259.0,14.4,0.0,46.56,15.639999
2026-04-14 12:00:00+00:00,391,24,533.3,14.6,0.0,46.7,16.099998
2026-04-14 12:00:00+00:00,422,24,241.3,14.2,0.0,46.24,15.219999
2026-04-14 12:00:00+00:00,425,24,143.5,13.4,1.0,45.94,15.519999
2026-04-14 12:00:00+00:00,426,24,196.8,16.7,1.3,45.54,13.719999
2026-04-14 15:00:00+00:00,63,24,181.3,12.2,0.0,46.420002,14.08
2026-04-14 15:00:00+00:00,76,24,174.8,12.0,0.0,46.34,14.199999
2026-04-14 15:00:00+00:00,106,24,172.3,12.1,0.0,46.260002,14.4
2026-04-14 15:00:00+00:00,122,24,110.8,11.9,0.0,46.02,14.459999
2026-04-14 15:00:00+00:00,127,24,138.8,11.8,0.0,46.12,14.519999
2026-04-14 15:00:00+00:00,129,24,156.5,12.0,0.0,46.02,14.519999
2026-04-14 15:00:00+00:00,177,24,59.8,7.2,0.3,45.6,14.859999
2026-04-14 15:00:00+00:00,194,24,121.5,12.0,0.1,46.52,15.039999
2026-04-14 15:00:00+00:00,236,24,199.8,12.1,0.0,45.8,15.179998
2026-04-14 15:00:00+00:00,325,24,69.8,12.2,0.0,46.56,15.639999
2026-04-14 15:00:00+00:00,391,24,162.5,13.9,0.0,46.7,16.099998
2026-04-14 15:00:00+00:00,422,24,157.3,12.3,0.0,46.24,15.219999
2026-04-14 15:00:00+00:00,425,24,178.5,13.0,0.0,45.94,15.519999
2026-04-14 15:00:00+00:00,426,24,85.5,16.8,0.5,45.54,13.719999
2026-04-14 18:00:00+00:00,63,24,4.8,10.4,0.0,46.420002,14.08
2026-04-14 18:00:00+00:00,76,24,4.0,10.8,0.1,46.34,14.199999
2026-04-14 18:00:00+00:00,106,24,7.8,11.2,0.0,46.260002,14.4
2026-04-14 18:00:00+00:00,122,24,4.5,11.7,0.0,46.02,14.459999
2026-04-14 18:00:00+00:00,127,24,5.5,10.8,0.0,46.12,14.519999
2026-04-14 18:00:00+00:00,129,24,4.5,11.6,0.0,46.02,14.519999
2026-04-14 18:00:00+00:00,177,24,2.3,7.3,0.7,45.6,14.859999
2026-04-14 18:00:00+00:00,194,24,5.5,11.0,0.0,46.52,15.039999
2026-04-14 18:00:00+00:00,236,24,7.3,11.7,0.0,45.8,15.179998
2026-04-14 18:00:00+00:00,325,24,6.3,12.3,0.0,46.56,15.639999
2026-04-14 18:00:00+00:00,391,24,2.0,12.2,0.0,46.7,16.099998
2026-04-14 18:00:00+00:00,422,24,10.5,11.9,0.0,46.24,15.219999
2026-04-14 18:00:00+00:00,425,24,6.5,12.7,0.0,45.94,15.519999
2026-04-14 18:00:00+00:00,426,24,6.0,15.2,1.4,45.54,13.719999
2026-04-14 21:00:00+00:00,63,24,0.0,10.0,0.0,46.420002,14.08
2026-04-14 21:00:00+00:00,76,24,0.0,10.4,0.4,46.34,14.199999
2026-04-14 21:00:00+00:00,106,24,0.0,10.8,0.0,46.260002,14.4
2026-04-14 21:00:00+00:00,122,24,0.0,10.6,0.4,46.02,14.459999
2026-04-14 21:00:00+00:00,127,24,0.0,10.3,0.3,46.12,14.519999
2026-04-14 21:00:00+00:00,129,24,0.0,11.0,0.4,46.02,14.519999
2026-04-14 21:00:00+00:00,177,24,0.0,7.4,0.4,45.6,14.859999
2026-04-14 21:00:00+00:00,194,24,0.3,11.3,0.0,46.52,15.039999
2026-04-14 21:00:00+00:00,236,24,0.0,10.1,0.4,45.8,15.179998
2026-04-14 21:00:00+00:00,325,24,0.0,12.0,0.0,46.56,15.639999
2026-04-14 21:00:00+00:00,391,24,0.3,12.0,0.0,46.7,16.099998
2026-04-14 21:00:00+00:00,422,24,0.0,10.5,0.0,46.24,15.219999
2026-04-14 21:00:00+00:00,425,24,0.0,10.6,0.1,45.94,15.519999
2026-04-14 21:00:00+00:00,426,24,0.0,15.2,0.0,45.54,13.719999
2026-04-14 01:00:00+00:00,63,1,0.0,10.4,0.0,46.420002,14.08
2026-04-14 01:00:00+00:00,76,1,0.0,10.3,0.1,46.34,14.199999
2026-04-14 01:00:00+00:00,106,1,0.0,10.5,0.0,46.260002,14.4
2026-04-14 01:00:00+00:00,122,1,0.0,12.4,0.1,46.02,14.459999
2026-04-14 01:00:00+00:00,127,1,0.0,11.6,0.2,46.12,14.519999
2026-04-14 01:00:00+00:00,129,1,0.0,12.6,0.1,46.02,14.519999
2026-04-14 01:00:00+00:00,177,1,0.0,8.0,0.0,45.6,14.859999
2026-04-14 01:00:00+00:00,194,1,0.0,10.3,0.0,46.52,15.039999
2026-04-14 01:00:00+00:00,236,1,0.0,11.4,0.0,45.8,15.179998
2026-04-14 01:00:00+00:00,325,1,0.0,11.4,0.0,46.56,15.639999
2026-04-14 01:00:00+00:00,391,1,0.0,11.2,0.0,46.7,16.099998
2026-04-14 01:00:00+00:00,422,1,0.0,9.0,0.0,46.24,15.219999
2026-04-14 01:00:00+00:00,425,1,0.0,11.0,0.0,45.94,15.519999
2026-04-14 01:00:00+00:00,426,1,0.0,16.2,0.0,45.54,13.719999
2026-04-14 02:00:00+00:00,63,2,0.0,10.2,0.0,46.420002,14.08
2026-04-14 02:00:00+00:00,76,2,0.0,10.1,0.6,46.34,14.199999
2026-04-14 02:00:00+00:00,106,2,0.0,10.3,0.0,46.260002,14.4
2026-04-14 02:00:00+00:00,122,2,0.0,11.6,0.3,46.02,14.459999
2026-04-14 02:00:00+00:00,127,2,0.0,10.9,0.3,46.12,14.519999
2026-04-14 02:00:00+00:00,129,2,0.0,12.0,0.2,46.02,14.519999
2026-04-14 02:00:00+00:00,177,2,0.0,7.4,1.7,45.6,14.859999
2026-04-14 02:00:00+00:00,194,2,0.0,10.3,0.0,46.52,15.039999
2026-04-14 02:00:00+00:00,236,2,0.0,11.3,0.0,45.8,15.179998
2026-04-14 02:00:00+00:00,325,2,0.0,11.1,0.0,46.56,15.639999
2026-04-14 02:00:00+00:00,391,2,0.0,10.7,0.0,46.7,16.099998
2026-04-14 02:00:00+00:00,422,2,0.0,9.1,0.0,46.24,15.219999
2026-04-14 02:00:00+00:00,425,2,0.0,10.7,0.0,45.94,15.519999
2026-04-14 02:00:00+00:00,426,2,0.0,14.6,3.5,45.54,13.719999
2026-04-14 03:00:00+00:00,63,3,0.0,10.0,0.0,46.420002,14.08
2026-04-14 03:00:00+00:00,76,3,0.0,10.0,0.4,46.34,14.199999
2026-04-14 03:00:00+00:00,106,3,0.0,10.2,0.1,46.260002,14.4
2026-04-14 03:00:00+00:00,122,3,0.0,10.9,0.3,46.02,14.459999
2026-04-14 03:00:00+00:00,127,3,0.0,10.7,0.0,46.12,14.519999
2026-04-14 03:00:00+00:00,129,3,0.0,11.6,0.3,46.02,14.519999
2026-04-14 03:00:00+00:00,177,3,0.0,7.0,0.8,45.6,14.859999
2026-04-14 03:00:00+00:00,194,3,0.0,10.4,0.0,46.52,15.039999
2026-04-14 03:00:00+00:00,236,3,0.0,11.1,0.7,45.8,15.179998
2026-04-14 03:00:00+00:00,325,3,0.0,10.8,0.0,46.56,15.639999
2026-04-14 03:00:00+00:00,391,3,0.0,10.0,0.0,46.7,16.099998
2026-04-14 03:00:00+00:00,422,3,0.0,9.7,0.0,46.24,15.219999
2026-04-14 03:00:00+00:00,425,3,0.0,10.5,0.0,45.94,15.519999
2026-04-14 03:00:00+00:00,426,3,0.0,14.2,3.5,45.54,13.719999
2026-04-14 06:00:00+00:00,63,6,50.0,11.4,0.0,46.420002,14.08
2026-04-14 06:00:00+00:00,76,6,46.0,9.9,0.1,46.34,14.199999
2026-04-14 06:00:00+00:00,106,6,43.0,10.3,0.1,46.260002,14.4
2026-04-14 06:00:00+00:00,122,6,51.8,10.5,0.0,46.02,14.459999
2026-04-14 06:00:00+00:00,127,6,44.0,9.7,0.4,46.12,14.519999
2026-04-14 06:00:00+00:00,129,6,47.5,10.4,0.6,46.02,14.519999
2026-04-14 06:00:00+00:00,177,6,42.3,6.5,0.0,45.6,14.859999
2026-04-14 06:00:00+00:00,194,6,47.0,10.7,0.1,46.52,15.039999
2026-04-14 06:00:00+00:00,236,6,16.5,9.8,1.2,45.8,15.179998
2026-04-14 06:00:00+00:00,325,6,48.0,10.9,0.0,46.56,15.639999
2026-04-14 06:00:00+00:00,391,6,35.5,10.0,0.0,46.7,16.099998
2026-04-14 06:00:00+00:00,422,6,32.0,10.0,1.5,46.24,15.219999
2026-04-14 06:00:00+00:00,425,6,33.8,10.2,0.3,45.94,15.519999
2026-04-14 06:00:00+00:00,426,6,16.5,15.5,0.5,45.54,13.719999
2026-04-14 07:00:00+00:00,63,1,150.0,12.2,0.0,46.420002,14.08
2026-04-14 07:00:00+00:00,76,1,90.5,11.1,0.0,46.34,14.199999
2026-04-14 07:00:00+00:00,106,1,113.8,10.7,0.6,46.260002,14.4
2026-04-14 07:00:00+00:00,122,1,102.5,11.1,0.0,46.02,14.459999
2026-04-14 07:00:00+00:00,127,1,122.8,10.3,0.0,46.12,14.519999
2026-04-14 07:00:00+00:00,129,1,96.5,11.2,0.0,46.02,14.519999
2026-04-14 07:00:00+00:00,177,1,33.5,6.3,0.0,45.6,14.859999
2026-04-14 07:00:00+00:00,194,1,108.5,11.0,0.0,46.52,15.039999
2026-04-14 07:00:00+00:00,236,1,47.5,10.0,0.1,45.8,15.179998
2026-04-14 07:00:00+00:00,325,1,96.0,11.5,0.0,46.56,15.639999
2026-04-14 07:00:00+00:00,391,1,112.8,11.0,0.0,46.7,16.099998
2026-04-14 07:00:00+00:00,422,1,79.8,10.3,0.4,46.24,15.219999
2026-04-14 07:00:00+00:00,425,1,35.0,10.2,0.3,45.94,15.519999
2026-04-14 07:00:00+00:00,426,1,89.0,15.2,0.0,45.54,13.719999
2026-04-14 08:00:00+00:00,63,2,170.5,12.4,0.2,46.420002,14.08
2026-04-14 08:00:00+00:00,76,2,120.5,11.1,0.0,46.34,14.199999
2026-04-14 08:00:00+00:00,106,2,215.0,11.4,0.0,46.260002,14.4
2026-04-14 08:00:00+00:00,122,2,115.8,11.2,0.0,46.02,14.459999
2026-04-14 08:00:00+00:00,127,2,115.0,10.5,0.0,46.12,14.519999
2026-04-14 08:00:00+00:00,129,2,104.5,11.3,0.0,46.02,14.519999
2026-04-14 08:00:00+00:00,177,2,60.3,6.5,0.3,45.6,14.859999
2026-04-14 08:00:00+00:00,194,2,131.0,11.1,0.5,46.52,15.039999
2026-04-14 08:00:00+00:00,236,2,146.8,11.0,0.1,45.8,15.179998
2026-04-14 08:00:00+00:00,325,2,128.3,11.7,0.0,46.56,15.639999
2026-04-14 08:00:00+00:00,391,2,135.3,11.2,0.0,46.7,16.099998
2026-04-14 08:00:00+00:00,422,2,103.5,10.6,0.2,46.24,15.219999
2026-04-14 08:00:00+00:00,425,2,119.0,11.4,0.4,45.94,15.519999
2026-04-14 08:00:00+00:00,426,2,161.0,15.4,0.1,45.54,13.719999
2026-04-14 09:00:00+00:00,63,3,257.0,13.0,0.0,46.420002,14.08
2026-04-14 09:00:00+00:00,76,3,259.0,11.8,0.0,46.34,14.199999
2026-04-14 09:00:00+00:00,106,3,205.5,11.5,0.0,46.260002,14.4
2026-04-14 09:00:00+00:00,122,3,115.0,11.3,0.0,46.02,14.459999
2026-04-14 09:00:00+00:00,127,3,139.3,10.9,0.1,46.12,14.519999
2026-04-14 09:00:00+00:00,129,3,129.8,11.4,0.0,46.02,14.519999
2026-04-14 09:00:00+00:00,177,3,194.3,7.2,0.0,45.6,14.859999
2026-04-14 09:00:00+00:00,194,3,179.0,11.2,0.5,46.52,15.039999
2026-04-14 09:00:00+00:00,236,3,359.0,12.0,0.0,45.8,15.179998
2026-04-14 09:00:00+00:00,325,3,235.8,12.0,0.3,46.56,15.639999
2026-04-14 09:00:00+00:00,391,3,302.8,13.0,0.0,46.7,16.099998
2026-04-14 09:00:00+00:00,422,3,180.8,11.3,0.3,46.24,15.219999
2026-04-14 09:00:00+00:00,425,3,248.8,12.2,0.3,45.94,15.519999
2026-04-14 09:00:00+00:00,426,3,304.5,17.0,0.1,45.54,13.719999
2026-04-14 10:00:00+00:00,63,1,207.0,11.5,0.0,46.420002,14.08
2026-04-14 10:00:00+00:00,76,1,124.5,10.4,0.0,46.34,14.199999
2026-04-14 10:00:00+00:00,106,1,163.8,10.9,0.0,46.260002,14.4
2026-04-14 10:00:00+00:00,122,1,158.5,11.6,0.0,46.02,14.459999
2026-04-14 10:00:00+00:00,127,1,153.5,10.7,0.0,46.12,14.519999
2026-04-14 10:00:00+00:00,129,1,172.5,12.1,0.0,46.02,14.519999
2026-04-14 10:00:00+00:00,177,1,102.8,6.8,0.2,45.6,14.859999
2026-04-14 10:00:00+00:00,194,1,192.8,11.7,0.0,46.52,15.039999
2026-04-14 10:00:00+00:00,236,1,286.5,11.9,0.0,45.8,15.179998
2026-04-14 10:00:00+00:00,325,1,248.3,12.5,0.1,46.56,15.639999
2026-04-14 10:00:00+00:00,391,1,356.5,13.6,0.0,46.7,16.099998
2026-04-14 10:00:00+00:00,422,1,305.8,12.1,0.0,46.24,15.219999
2026-04-14 10:00:00+00:00,425,1,403.5,12.9,0.0,45.94,15.519999
2026-04-14 10:00:00+00:00,426,1,60.5,13.8,5.8,45.54,13.719999
2026-04-14 11:00:00+00:00,63,2,162.3,12.1,0.0,46.420002,14.08
2026-04-14 11:00:00+00:00,76,2,147.5,10.9,0.0,46.34,14.199999
2026-04-14 11:00:00+00:00,106,2,128.5,11.1,0.0,46.260002,14.4
2026-04-14 11:00:00+00:00,122,2,268.8,12.7,0.0,46.02,14.459999
2026-04-14 11:00:00+00:00,127,2,223.5,11.4,0.0,46.12,14.519999
2026-04-14 11:00:00+00:00,129,2,269.3,13.2,0.0,46.02,14.519999
2026-04-14 11:00:00+00:00,177,2,224.8,7.9,0.0,45.6,14.859999
2026-04-14 11:00:00+00:00,194,2,250.8,12.1,0.0,46.52,15.039999
2026-04-14 11:00:00+00:00,236,2,258.8,12.4,0.0,45.8,15.179998
2026-04-14 11:00:00+00:00,325,2,194.5,12.5,0.6,46.56,15.639999
2026-04-14 11:00:00+00:00,391,2,323.5,13.7,0.0,46.7,16.099998
2026-04-14 11:00:00+00:00,422,2,251.0,11.8,0.3,46.24,15.219999
2026-04-14 11:00:00+00:00,425,2,387.8,13.3,0.0,45.94,15.519999
2026-04-14 11:00:00+00:00,426,2,153.3,15.1,1.9,45.54,13.719999
2026-04-14 12:00:00+00:00,63,3,187.3,11.3,0.0,46.420002,14.08
2026-04-14 12:00:00+00:00,63,6,381.5,12.9,0.0,46.420002,14.08
2026-04-14 12:00:00+00:00,76,3,170.0,11.0,0.0,46.34,14.199999
2026-04-14 12:00:00+00:00,76,6,215.5,12.1,0.0,46.34,14.199999
2026-04-14 12:00:00+00:00,106,3,213.5,11.8,0.0,46.260002,14.4
2026-04-14 12:00:00+00:00,106,6,252.5,12.7,0.0,46.260002,14.4
2026-04-14 12:00:00+00:00,122,3,200.8,12.9,0.0,46.02,14.459999
2026-04-14 12:00:00+00:00,122,6,382.5,13.5,0.0,46.02,14.459999
2026-04-14 12:00:00+00:00,127,3,175.0,11.6,0.0,46.12,14.519999
2026-04-14 12:00:00+00:00,127,6,347.0,13.2,0.0,46.12,14.519999
2026-04-14 12:00:00+00:00,129,3,204.3,13.1,0.0,46.02,14.519999
2026-04-14 12:00:00+00:00,129,6,424.0,14.5,0.0,46.02,14.519999
2026-04-14 12:00:00+00:00,177,3,390.3,8.9,0.0,45.6,14.859999
2026-04-14 12:00:00+00:00,177,6,168.0,8.5,0.5,45.6,14.859999
2026-04-14 12:00:00+00:00,194,3,210.0,11.9,0.4,46.52,15.039999
2026-04-14 12:00:00+00:00,194,6,311.5,12.7,0.0,46.52,15.039999
2026-04-14 12:00:00+00:00,236,3,423.3,13.7,0.0,45.8,15.179998
2026-04-14 12:00:00+00:00,236,6,387.8,13.9,0.0,45.8,15.179998
2026-04-14 12:00:00+00:00,325,3,292.8,13.0,0.5,46.56,15.639999
2026-04-14 12:00:00+00:00,325,6,313.3,13.4,0.1,46.56,15.639999
2026-04-14 12:00:00+00:00,391,3,381.8,14.4,0.0,46.7,16.099998
2026-04-14 12:00:00+00:00,391,6,320.3,13.9,0.2,46.7,16.099998
2026-04-14 12:00:00+00:00,422,3,356.3,13.1,0.1,46.24,15.219999
2026-04-14 12:00:00+00:00,422,6,201.3,12.6,0.0,46.24,15.219999
2026-04-14 12:00:00+00:00,425,3,336.8,13.8,0.0,45.94,15.519999
2026-04-14 12:00:00+00:00,425,6,360.5,13.6,0.0,45.94,15.519999
2026-04-14 12:00:00+00:00,426,3,160.3,16.2,0.9,45.54,13.719999
2026-04-14 12:00:00+00:00,426,6,128.0,16.8,3.4,45.54,13.719999
2026-04-14 13:00:00+00:00,63,1,280.3,13.3,0.0,46.420002,14.08
2026-04-14 13:00:00+00:00,76,1,281.5,12.8,0.0,46.34,14.199999
2026-04-14 13:00:00+00:00,106,1,412.3,13.5,0.0,46.260002,14.4
2026-04-14 13:00:00+00:00,122,1,221.8,12.9,0.0,46.02,14.459999
2026-04-14 13:00:00+00:00,127,1,260.8,12.6,0.0,46.12,14.519999
2026-04-14 13:00:00+00:00,129,1,290.0,13.9,0.0,46.02,14.519999
2026-04-14 13:00:00+00:00,177,1,183.5,7.6,0.0,45.6,14.859999
2026-04-14 13:00:00+00:00,194,1,360.0,12.4,0.0,46.52,15.039999
2026-04-14 13:00:00+00:00,236,1,242.3,12.4,0.0,45.8,15.179998
2026-04-14 13:00:00+00:00,325,1,145.8,12.9,0.0,46.56,15.639999
2026-04-14 13:00:00+00:00,391,1,260.8,14.2,0.0,46.7,16.099998
2026-04-14 13:00:00+00:00,422,1,232.8,12.0,0.0,46.24,15.219999
2026-04-14 13:00:00+00:00,425,1,399.8,13.9,0.0,45.94,15.519999
2026-04-14 13:00:00+00:00,426,1,123.5,14.0,3.2,45.54,13.719999
2026-04-14 14:00:00+00:00,63,2,350.8,13.8,0.0,46.420002,14.08
2026-04-14 14:00:00+00:00,76,2,335.5,13.6,0.0,46.34,14.199999
2026-04-14 14:00:00+00:00,106,2,340.0,13.8,0.0,46.260002,14.4
2026-04-14 14:00:00+00:00,122,2,217.3,13.2,0.0,46.02,14.459999
2026-04-14 14:00:00+00:00,127,2,206.8,12.8,0.0,46.12,14.519999
2026-04-14 14:00:00+00:00,129,2,234.5,14.2,0.0,46.02,14.519999
2026-04-14 14:00:00+00:00,177,2,96.0,7.2,0.6,45.6,14.859999
2026-04-14 14:00:00+00:00,194,2,147.0,12.3,0.0,46.52,15.039999
2026-04-14 14:00:00+00:00,236,2,255.8,13.3,0.0,45.8,15.179998
2026-04-14 14:00:00+00:00,325,2,135.0,13.1,0.0,46.56,15.639999
2026-04-14 14:00:00+00:00,391,2,108.5,13.6,0.0,46.7,16.099998
2026-04-14 14:00:00+00:00,422,2,220.5,12.6,0.0,46.24,15.219999
2026-04-14 14:00:00+00:00,425,2,237.0,13.6,0.0,45.94,15.519999
2026-04-14 14:00:00+00:00,426,2,76.5,14.5,2.9,45.54,13.719999
2026-04-14 15:00:00+00:00,63,3,247.3,14.0,0.0,46.420002,14.08
2026-04-14 15:00:00+00:00,63,6,274.5,14.5,0.0,46.420002,14.08
2026-04-14 15:00:00+00:00,76,3,190.3,13.8,0.0,46.34,14.199999
2026-04-14 15:00:00+00:00,76,6,200.5,13.1,0.0,46.34,14.199999
2026-04-14 15:00:00+00:00,106,3,157.8,12.9,0.0,46.260002,14.4
2026-04-14 15:00:00+00:00,106,6,166.3,13.0,0.0,46.260002,14.4
2026-04-14 15:00:00+00:00,122,3,167.0,12.9,0.0,46.02,14.459999
2026-04-14 15:00:00+00:00,122,6,187.0,13.8,0.1,46.02,14.459999
2026-04-14 15:00:00+00:00,127,3,163.8,12.8,0.0,46.12,14.519999
2026-04-14 15:00:00+00:00,127,6,172.5,12.8,0.0,46.12,14.519999
2026-04-14 15:00:00+00:00,129,3,178.3,13.2,0.0,46.02,14.519999
2026-04-14 15:00:00+00:00,129,6,212.0,14.7,0.0,46.02,14.519999
2026-04-14 15:00:00+00:00,177,3,69.8,7.4,0.1,45.6,14.859999
2026-04-14 15:00:00+00:00,177,6,79.0,8.4,0.4,45.6,14.859999
2026-04-14 15:00:00+00:00,194,3,156.0,12.2,0.0,46.52,15.039999
2026-04-14 15:00:00+00:00,194,6,357.8,13.2,0.0,46.52,15.039999
2026-04-14 15:00:00+00:00,236,3,187.8,12.9,0.0,45.8,15.179998
2026-04-14 15:00:00+00:00,236,6,191.3,13.7,0.0,45.8,15.179998
2026-04-14 15:00:00+00:00,325,3,102.0,13.2,0.0,46.56,15.639999
2026-04-14 15:00:00+00:00,325,6,137.3,13.3,0.0,46.56,15.639999
2026-04-14 15:00:00+00:00,391,3,78.0,13.4,0.0,46.7,16.099998
2026-04-14 15:00:00+00:00,391,6,153.8,13.9,0.0,46.7,16.099998
2026-04-14 15:00:00+00:00,422,3,184.3,12.9,0.0,46.24,15.219999
2026-04-14 15:00:00+00:00,422,6,284.8,13.9,0.0,46.24,15.219999
2026-04-14 15:00:00+00:00,425,3,128.8,13.3,0.0,45.94,15.519999
2026-04-14 15:00:00+00:00,425,6,220.5,14.1,0.0,45.94,15.519999
2026-04-14 15:00:00+00:00,426,3,94.0,15.4,0.0,45.54,13.719999
2026-04-14 15:00:00+00:00,426,6,68.8,16.3,0.5,45.54,13.719999
2026-04-14 16:00:00+00:00,63,1,111.3,12.5,0.0,46.420002,14.08
2026-04-14 16:00:00+00:00,76,1,104.5,12.3,0.0,46.34,14.199999
2026-04-14 16:00:00+00:00,106,1,70.3,12.1,0.0,46.260002,14.4
2026-04-14 16:00:00+00:00,122,1,114.0,11.9,0.0,46.02,14.459999
2026-04-14 16:00:00+00:00,127,1,125.5,11.8,0.1,46.12,14.519999
2026-04-14 16:00:00+00:00,129,1,107.5,11.9,0.0,46.02,14.519999
2026-04-14 16:00:00+00:00,177,1,48.3,7.0,0.0,45.6,14.859999
2026-04-14 16:00:00+00:00,194,1,110.5,11.6,0.0,46.52,15.039999
2026-04-14 16:00:00+00:00,236,1,71.5,11.8,0.0,45.8,15.179998
2026-04-14 16:00:00+00:00,325,1,68.0,12.5,0.0,46.56,15.639999
2026-04-14 16:00:00+00:00,391,1,52.3,13.5,0.0,46.7,16.099998
2026-04-14 16:00:00+00:00,422,1,95.0,12.2,0.0,46.24,15.219999
2026-04-14 16:00:00+00:00,425,1,66.3,12.6,0.0,45.94,15.519999
2026-04-14 16:00:00+00:00,426,1,47.0,13.8,1.8,45.54,13.719999
2026-04-14 17:00:00+00:00,63,2,63.8,12.0,0.0,46.420002,14.08
2026-04-14 17:00:00+00:00,76,2,44.5,11.3,0.0,46.34,14.199999
2026-04-14 17:00:00+00:00,106,2,30.8,11.8,0.0,46.260002,14.4
2026-04-14 17:00:00+00:00,122,2,25.8,11.5,0.0,46.02,14.459999
2026-04-14 17:00:00+00:00,127,2,29.5,10.8,0.0,46.12,14.519999
2026-04-14 17:00:00+00:00,129,2,27.0,11.5,0.0,46.02,14.519999
2026-04-14 17:00:00+00:00,177,2,16.8,6.8,0.5,45.6,14.859999
2026-04-14 17:00:00+00:00,194,2,37.0,11.4,0.0,46.52,15.039999
2026-04-14 17:00:00+00:00,236,2,21.8,11.7,0.0,45.8,15.179998
2026-04-14 17:00:00+00:00,325,2,24.8,12.2,0.0,46.56,15.639999
2026-04-14 17:00:00+00:00,391,2,18.3,13.3,0.0,46.7,16.099998
2026-04-14 17:00:00+00:00,422,2,37.0,12.0,0.0,46.24,15.219999
2026-04-14 17:00:00+00:00,425,2,34.8,12.5,0.0,45.94,15.519999
2026-04-14 17:00:00+00:00,426,2,22.8,13.9,1.9,45.54,13.719999
2026-04-14 18:00:00+00:00,63,3,6.5,10.2,0.0,46.420002,14.08
2026-04-14 18:00:00+00:00,63,6,11.3,10.6,0.0,46.420002,14.08
2026-04-14 18:00:00+00:00,76,3,4.8,10.7,0.1,46.34,14.199999
2026-04-14 18:00:00+00:00,76,6,8.3,11.2,0.0,46.34,14.199999
2026-04-14 18:00:00+00:00,106,3,4.5,10.9,0.0,46.260002,14.4
2026-04-14 18:00:00+00:00,106,6,8.8,11.6,0.0,46.260002,14.4
2026-04-14 18:00:00+00:00,122,3,4.0,10.9,0.2,46.02,14.459999
2026-04-14 18:00:00+00:00,122,6,3.3,11.7,0.1,46.02,14.459999
2026-04-14 18:00:00+00:00,127,3,2.8,10.3,0.0,46.12,14.519999
2026-04-14 18:00:00+00:00,127,6,5.5,10.8,0.0,46.12,14.519999
2026-04-14 18:00:00+00:00,129,3,3.3,11.1,0.2,46.02,14.519999
2026-04-14 18:00:00+00:00,129,6,3.5,11.7,0.0,46.02,14.519999
2026-04-14 18:00:00+00:00,177,3,2.0,6.6,0.3,45.6,14.859999
2026-04-14 18:00:00+00:00,177,6,2.5,7.0,1.6,45.6,14.859999
2026-04-14 18:00:00+00:00,194,3,4.8,11.1,0.0,46.52,15.039999
2026-04-14 18:00:00+00:00,194,6,6.5,11.4,0.0,46.52,15.039999
2026-04-14 18:00:00+00:00,236,3,2.5,11.2,0.3,45.8,15.179998
2026-04-14 18:00:00+00:00,236,6,4.5,11.9,0.1,45.8,15.179998
2026-04-14 18:00:00+00:00,325,3,4.0,11.9,0.0,46.56,15.639999
2026-04-14 18:00:00+00:00,325,6,4.8,12.3,0.0,46.56,15.639999
2026-04-14 18:00:00+00:00,391,3,2.0,12.8,0.0,46.7,16.099998
2026-04-14 18:00:00+00:00,391,6,2.5,12.2,0.0,46.7,16.099998
2026-04-14 18:00:00+00:00,422,3,3.0,11.4,0.0,46.24,15.219999
2026-04-14 18:00:00+00:00,422,6,4.0,12.1,0.0,46.24,15.219999
2026-04-14 18:00:00+00:00,425,3,4.3,12.3,0.0,45.94,15.519999
2026-04-14 18:00:00+00:00,425,6,6.8,12.9,0.0,45.94,15.519999
2026-04-14 18:00:00+00:00,426,3,5.8,13.8,0.8,45.54,13.719999
2026-04-14 18:00:00+00:00,426,6,6.0,15.2,0.0,45.54,13.719999
2026-04-14 19:00:00+00:00,63,1,0.0,9.4,0.0,46.420002,14.08
2026-04-14 19:00:00+00:00,76,1,0.0,9.9,0.3,46.34,14.199999
2026-04-14 19:00:00+00:00,106,1,0.0,10.1,0.0,46.260002,14.4
2026-04-14 19:00:00+00:00,122,1,0.0,10.2,0.1,46.02,14.459999
2026-04-14 19:00:00+00:00,127,1,0.0,9.4,0.4,46.12,14.519999
2026-04-14 19:00:00+00:00,129,1,0.0,10.3,0.1,46.02,14.519999
2026-04-14 19:00:00+00:00,177,1,0.0,6.4,0.9,45.6,14.859999
2026-04-14 19:00:00+00:00,194,1,0.0,9.5,0.0,46.52,15.039999
2026-04-14 19:00:00+00:00,236,1,0.0,10.4,0.0,45.8,15.179998
2026-04-14 19:00:00+00:00,325,1,0.0,10.9,0.0,46.56,15.639999
2026-04-14 19:00:00+00:00,391,1,0.0,11.9,0.0,46.7,16.099998
2026-04-14 19:00:00+00:00,422,1,0.0,10.4,0.0,46.24,15.219999
2026-04-14 19:00:00+00:00,425,1,0.0,11.5,0.1,45.94,15.519999
2026-04-14 19:00:00+00:00,426,1,0.0,13.8,0.0,45.54,13.719999
2026-04-14 20:00:00+00:00,63,2,0.0,8.9,0.0,46.420002,14.08
2026-04-14 20:00:00+00:00,76,2,0.0,9.7,0.1,46.34,14.199999
2026-04-14 20:00:00+00:00,106,2,0.0,9.9,0.2,46.260002,14.4
2026-04-14 20:00:00+00:00,122,2,0.0,10.1,0.0,46.02,14.459999
2026-04-14 20:00:00+00:00,127,2,0.0,9.4,0.0,46.12,14.519999
2026-04-14 20:00:00+00:00,129,2,0.0,10.2,0.1,46.02,14.519999
2026-04-14 20:00:00+00:00,177,2,0.0,6.6,1.8,45.6,14.859999
2026-04-14 20:00:00+00:00,194,2,0.0,9.3,0.0,46.52,15.039999
2026-04-14 20:00:00+00:00,236,2,0.0,9.9,0.7,45.8,15.179998
2026-04-14 20:00:00+00:00,325,2,0.0,10.9,0.0,46.56,15.639999
2026-04-14 20:00:00+00:00,391,2,0.0,11.4,0.0,46.7,16.099998
2026-04-14 20:00:00+00:00,422,2,0.0,10.0,0.0,46.24,15.219999
2026-04-14 20:00:00+00:00,425,2,0.0,10.5,0.0,45.94,15.519999
2026-04-14 20:00:00+00:00,426,2,0.0,13.5,0.1,45.54,13.719999
2026-04-14 21:00:00+00:00,63,3,0.0,8.7,0.5,46.420002,14.08
2026-04-14 21:00:00+00:00,63,6,0.0,8.7,0.2,46.420002,14.08
2026-04-14 21:00:00+00:00,76,3,0.0,9.3,0.4,46.34,14.199999
2026-04-14 21:00:00+00:00,76,6,0.0,9.5,0.5,46.34,14.199999
2026-04-14 21:00:00+00:00,106,3,0.0,9.7,0.0,46.260002,14.4
2026-04-14 21:00:00+00:00,106,6,0.0,10.1,0.0,46.260002,14.4
2026-04-14 21:00:00+00:00,122,3,0.0,9.9,0.2,46.02,14.459999
2026-04-14 21:00:00+00:00,122,6,0.0,10.2,0.8,46.02,14.459999
2026-04-14 21:00:00+00:00,127,3,0.0,9.2,0.0,46.12,14.519999
2026-04-14 21:00:00+00:00,127,6,0.0,9.5,0.2,46.12,14.519999
2026-04-14 21:00:00+00:00,129,3,0.0,10.1,0.3,46.02,14.519999
2026-04-14 21:00:00+00:00,129,6,0.0,10.6,0.9,46.02,14.519999
2026-04-14 21:00:00+00:00,177,3,0.0,6.7,1.7,45.6,14.859999
2026-04-14 21:00:00+00:00,177,6,0.0,6.8,0.4,45.6,14.859999
2026-04-14 21:00:00+00:00,194,3,0.0,9.0,0.0,46.52,15.039999
2026-04-14 21:00:00+00:00,194,6,0.0,10.2,0.1,46.52,15.039999
2026-04-14 21:00:00+00:00,236,3,0.0,9.8,0.6,45.8,15.179998
2026-04-14 21:00:00+00:00,236,6,0.0,10.0,0.3,45.8,15.179998
2026-04-14 21:00:00+00:00,325,3,0.0,10.8,0.0,46.56,15.639999
2026-04-14 21:00:00+00:00,325,6,0.0,11.3,0.0,46.56,15.639999
2026-04-14 21:00:00+00:00,391,3,0.0,11.3,0.0,46.7,16.099998
2026-04-14 21:00:00+00:00,391,6,0.0,11.8,0.0,46.7,16.099998
2026-04-14 21:00:00+00:00,422,3,0.0,9.9,0.0,46.24,15.219999
2026-04-14 21:00:00+00:00,422,6,0.0,10.3,0.0,46.24,15.219999
2026-04-14 21:00:00+00:00,425,3,0.0,10.4,0.1,45.94,15.519999
2026-04-14 21:00:00+00:00,425,6,0.0,10.9,0.0,45.94,15.519999
2026-04-14 21:00:00+00:00,426,3,0.0,13.4,0.0,45.54,13.719999
2026-04-14 21:00:00+00:00,426,6,0.0,13.8,0.0,45.54,13.719999
2026-04-14 22:00:00+00:00,63,1,0.0,8.6,0.0,46.420002,14.08
2026-04-14 22:00:00+00:00,76,1,0.0,8.9,0.0,46.34,14.199999
2026-04-14 22:00:00+00:00,106,1,0.0,9.6,0.2,46.260002,14.4
2026-04-14 22:00:00+00:00,122,1,0.0,9.7,0.8,46.02,14.459999
2026-04-14 22:00:00+00:00,127,1,0.0,9.1,0.6,46.12,14.519999
2026-04-14 22:00:00+00:00,129,1,0.0,10.1,0.9,46.02,14.519999
2026-04-14 22:00:00+00:00,177,1,0.0,6.7,0.0,45.6,14.859999
2026-04-14 22:00:00+00:00,194,1,0.0,9.0,0.0,46.52,15.039999
2026-04-14 22:00:00+00:00,236,1,0.0,9.8,0.8,45.8,15.179998
2026-04-14 22:00:00+00:00,325,1,0.0,10.7,0.0,46.56,15.639999
2026-04-14 22:00:00+00:00,391,1,0.0,11.2,0.0,46.7,16.099998
2026-04-14 22:00:00+00:00,422,1,0.0,9.9,0.0,46.24,15.219999
2026-04-14 22:00:00+00:00,425,1,0.0,10.2,0.4,45.94,15.519999
2026-04-14 22:00:00+00:00,426,1,0.0,13.5,0.0,45.54,13.719999
2026-04-14 23:00:00+00:00,63,2,0.0,8.6,0.0,46.420002,14.08
2026-04-14 23:00:00+00:00,76,2,0.0,8.7,0.6,46.34,14.199999
2026-04-14 23:00:00+00:00,106,2,0.0,9.3,0.3,46.260002,14.4
2026-04-14 23:00:00+00:00,122,2,0.0,9.7,2.1,46.02,14.459999
2026-04-14 23:00:00+00:00,127,2,0.0,9.3,1.1,46.12,14.519999
2026-04-14 23:00:00+00:00,129,2,0.0,10.1,2.6,46.02,14.519999
2026-04-14 23:00:00+00:00,177,2,0.0,6.8,0.0,45.6,14.859999
2026-04-14 23:00:00+00:00,194,2,0.0,8.8,0.0,46.52,15.039999
2026-04-14 23:00:00+00:00,236,2,0.0,9.7,0.1,45.8,15.179998
2026-04-14 23:00:00+00:00,325,2,0.0,10.7,0.0,46.56,15.639999
2026-04-14 23:00:00+00:00,391,2,0.0,10.9,0.0,46.7,16.099998
2026-04-14 23:00:00+00:00,422,2,0.0,9.7,0.1,46.24,15.219999
2026-04-14 23:00:00+00:00,425,2,0.0,10.4,0.5,45.94,15.519999
2026-04-14 23:00:00+00:00,426,2,0.0,12.8,1.2,45.54,13.719999
2026-04-15 00:00:00+00:00,63,3,0.0,9.0,0.3,46.420002,14.08
2026-04-15 00:00:00+00:00,63,6,0.0,9.1,0.3,46.420002,14.08
2026-04-15 00:00:00+00:00,63,24,0.0,9.8,0.0,46.420002,14.08
2026-04-15 00:00:00+00:00,76,3,0.0,8.7,0.5,46.34,14.199999
2026-04-15 00:00:00+00:00,76,6,0.0,8.8,0.5,46.34,14.199999
2026-04-15 00:00:00+00:00,76,24,0.0,9.5,0.0,46.34,14.199999
2026-04-15 00:00:00+00:00,106,3,0.0,9.1,0.5,46.260002,14.4
2026-04-15 00:00:00+00:00,106,6,0.0,9.3,0.6,46.260002,14.4
2026-04-15 00:00:00+00:00,106,24,0.0,10.0,0.0,46.260002,14.4
2026-04-15 00:00:00+00:00,122,3,0.0,9.7,0.1,46.02,14.459999
2026-04-15 00:00:00+00:00,122,6,0.0,9.9,0.1,46.02,14.459999
2026-04-15 00:00:00+00:00,122,24,0.0,10.3,0.4,46.02,14.459999
2026-04-15 00:00:00+00:00,127,3,0.0,8.8,1.2,46.12,14.519999
2026-04-15 00:00:00+00:00,127,6,0.0,9.0,0.2,46.12,14.519999
2026-04-15 00:00:00+00:00,127,24,0.0,9.7,0.3,46.12,14.519999
2026-04-15 00:00:00+00:00,129,3,0.0,10.0,0.1,46.02,14.519999
2026-04-15 00:00:00+00:00,129,6,0.0,10.1,0.1,46.02,14.519999
2026-04-15 00:00:00+00:00,129,24,0.0,10.3,0.4,46.02,14.519999
2026-04-15 00:00:00+00:00,177,3,0.0,6.9,0.0,45.6,14.859999
2026-04-15 00:00:00+00:00,177,6,0.0,7.1,0.1,45.6,14.859999
2026-04-15 00:00:00+00:00,177,24,0.3,7.9,0.5,45.6,14.859999
2026-04-15 00:00:00+00:00,194,3,0.0,8.9,0.0,46.52,15.039999
2026-04-15 00:00:00+00:00,194,6,0.0,8.8,0.0,46.52,15.039999
2026-04-15 00:00:00+00:00,194,24,0.3,10.5,0.1,46.52,15.039999
2026-04-15 00:00:00+00:00,236,3,0.0,9.7,0.0,45.8,15.179998
2026-04-15 00:00:00+00:00,236,6,0.0,9.7,0.0,45.8,15.179998
2026-04-15 00:00:00+00:00,236,24,0.3,10.4,0.0,45.8,15.179998
2026-04-15 00:00:00+00:00,325,3,0.0,10.6,0.0,46.56,15.639999
2026-04-15 00:00:00+00:00,325,6,0.0,10.6,0.0,46.56,15.639999
2026-04-15 00:00:00+00:00,325,24,0.0,11.7,0.2,46.56,15.639999
2026-04-15 00:00:00+00:00,391,3,0.0,10.6,0.0,46.7,16.099998
2026-04-15 00:00:00+00:00,391,6,0.0,10.4,0.0,46.7,16.099998
2026-04-15 00:00:00+00:00,391,24,0.0,11.7,0.0,46.7,16.099998
2026-04-15 00:00:00+00:00,422,3,0.0,9.6,0.4,46.24,15.219999
2026-04-15 00:00:00+00:00,422,6,0.0,9.9,0.0,46.24,15.219999
2026-04-15 00:00:00+00:00,422,24,0.0,10.4,0.0,46.24,15.219999
2026-04-15 00:00:00+00:00,425,3,0.0,10.3,0.1,45.94,15.519999
2026-04-15 00:00:00+00:00,425,6,0.0,10.6,0.0,45.94,15.519999
2026-04-15 00:00:00+00:00,425,24,0.0,11.2,0.0,45.94,15.519999
2026-04-15 00:00:00+00:00,426,3,0.0,12.9,0.2,45.54,13.719999
2026-04-15 00:00:00+00:00,426,6,0.0,13.1,0.1,45.54,13.719999
2026-04-15 00:00:00+00:00,426,24,0.0,14.1,0.1,45.54,13.719999
2026-04-15 03:00:00+00:00,63,6,0.0,9.4,0.0,46.420002,14.08
2026-04-15 03:00:00+00:00,76,6,0.0,8.2,0.0,46.34,14.199999
2026-04-15 03:00:00+00:00,106,6,0.0,8.4,0.0,46.260002,14.4
2026-04-15 03:00:00+00:00,122,6,0.0,9.3,0.0,46.02,14.459999
2026-04-15 03:00:00+00:00,127,6,0.0,8.7,0.0,46.12,14.519999
2026-04-15 03:00:00+00:00,129,6,0.0,9.6,0.0,46.02,14.519999
2026-04-15 03:00:00+00:00,177,6,0.0,7.1,0.0,45.6,14.859999
2026-04-15 03:00:00+00:00,194,6,0.0,8.5,0.0,46.52,15.039999
2026-04-15 03:00:00+00:00,236,6,0.0,9.6,0.3,45.8,15.179998
2026-04-15 03:00:00+00:00,325,6,0.0,9.9,0.0,46.56,15.639999
2026-04-15 03:00:00+00:00,391,6,0.0,10.0,0.0,46.7,16.099998
2026-04-15 03:00:00+00:00,422,6,0.0,9.6,0.0,46.24,15.219999
2026-04-15 03:00:00+00:00,425,6,0.0,10.1,0.0,45.94,15.519999
2026-04-15 03:00:00+00:00,426,6,0.0,12.9,0.0,45.54,13.719999
2026-04-15 06:00:00+00:00,63,24,43.8,9.4,0.0,46.420002,14.08
2026-04-15 06:00:00+00:00,76,24,38.5,9.3,0.0,46.34,14.199999
2026-04-15 06:00:00+00:00,106,24,27.3,9.9,0.0,46.260002,14.4
2026-04-15 06:00:00+00:00,122,24,23.5,10.8,0.0,46.02,14.459999
2026-04-15 06:00:00+00:00,127,24,22.0,10.1,0.0,46.12,14.519999
2026-04-15 06:00:00+00:00,129,24,19.5,10.8,0.0,46.02,14.519999
2026-04-15 06:00:00+00:00,177,24,30.5,7.7,0.0,45.6,14.859999
2026-04-15 06:00:00+00:00,194,24,24.5,10.3,0.0,46.52,15.039999
2026-04-15 06:00:00+00:00,236,24,27.0,10.6,0.0,45.8,15.179998
2026-04-15 06:00:00+00:00,325,24,16.8,11.5,0.0,46.56,15.639999
2026-04-15 06:00:00+00:00,391,24,25.0,10.9,0.0,46.7,16.099998
2026-04-15 06:00:00+00:00,422,24,20.5,10.4,0.0,46.24,15.219999
2026-04-15 06:00:00+00:00,425,24,15.3,11.0,0.0,45.94,15.519999
2026-04-15 06:00:00+00:00,426,24,39.0,14.8,0.0,45.54,13.719999
2026-04-15 09:00:00+00:00,63,24,166.8,11.2,0.0,46.420002,14.08
2026-04-15 09:00:00+00:00,76,24,173.3,11.1,0.0,46.34,14.199999
2026-04-15 09:00:00+00:00,106,24,207.3,12.1,0.0,46.260002,14.4
2026-04-15 09:00:00+00:00,122,24,219.0,12.7,0.0,46.02,14.459999
2026-04-15 09:00:00+00:00,127,24,295.5,12.4,0.0,46.12,14.519999
2026-04-15 09:00:00+00:00,129,24,232.3,13.1,0.0,46.02,14.519999
2026-04-15 09:00:00+00:00,177,24,127.5,8.6,0.0,45.6,14.859999
2026-04-15 09:00:00+00:00,194,24,190.8,12.8,0.0,46.52,15.039999
2026-04-15 09:00:00+00:00,236,24,135.8,13.0,0.0,45.8,15.179998
2026-04-15 09:00:00+00:00,325,24,233.3,13.8,0.0,46.56,15.639999
2026-04-15 09:00:00+00:00,391,24,373.0,15.3,0.0,46.7,16.099998
2026-04-15 09:00:00+00:00,422,24,297.5,13.4,0.0,46.24,15.219999
2026-04-15 09:00:00+00:00,425,24,175.5,14.4,0.0,45.94,15.519999
2026-04-15 09:00:00+00:00,426,24,584.5,20.1,0.0,45.54,13.719999
2026-04-15 12:00:00+00:00,63,24,256.8,14.0,0.0,46.420002,14.08
2026-04-15 12:00:00+00:00,76,24,391.3,14.4,0.0,46.34,14.199999
2026-04-15 12:00:00+00:00,106,24,216.3,14.2,0.0,46.260002,14.4
2026-04-15 12:00:00+00:00,122,24,383.5,15.6,0.0,46.02,14.459999
2026-04-15 12:00:00+00:00,127,24,279.3,14.5,0.0,46.12,14.519999
2026-04-15 12:00:00+00:00,129,24,350.3,16.0,0.0,46.02,14.519999
2026-04-15 12:00:00+00:00,177,24,300.0,11.7,0.0,45.6,14.859999
2026-04-15 12:00:00+00:00,194,24,363.5,15.6,0.0,46.52,15.039999
2026-04-15 12:00:00+00:00,236,24,514.0,16.3,0.0,45.8,15.179998
2026-04-15 12:00:00+00:00,325,24,322.5,15.5,0.0,46.56,15.639999
2026-04-15 12:00:00+00:00,391,24,331.8,17.5,0.0,46.7,16.099998
2026-04-15 12:00:00+00:00,422,24,268.0,15.5,0.0,46.24,15.219999
2026-04-15 12:00:00+00:00,425,24,357.5,17.0,0.0,45.94,15.519999
2026-04-15 12:00:00+00:00,426,24,187.0,19.7,0.0,45.54,13.719999
2026-04-15 15:00:00+00:00,63,24,323.8,14.8,0.0,46.420002,14.08
2026-04-15 15:00:00+00:00,76,24,435.8,15.9,0.0,46.34,14.199999
2026-04-15 15:00:00+00:00,106,24,196.5,16.1,0.0,46.260002,14.4
2026-04-15 15:00:00+00:00,122,24,273.5,16.0,0.0,46.02,14.459999
2026-04-15 15:00:00+00:00,127,24,199.8,15.4,0.0,46.12,14.519999
2026-04-15 15:00:00+00:00,129,24,170.0,16.0,0.0,46.02,14.519999
2026-04-15 15:00:00+00:00,177,24,92.0,11.0,0.0,45.6,14.859999
2026-04-15 15:00:00+00:00,194,24,130.8,15.6,0.0,46.52,15.039999
2026-04-15 15:00:00+00:00,236,24,123.0,16.1,0.0,45.8,15.179998
2026-04-15 15:00:00+00:00,325,24,184.5,17.1,0.0,46.56,15.639999
2026-04-15 15:00:00+00:00,391,24,212.8,17.8,0.0,46.7,16.099998
2026-04-15 15:00:00+00:00,422,24,209.8,17.3,0.0,46.24,15.219999
2026-04-15 15:00:00+00:00,425,24,135.0,16.8,0.0,45.94,15.519999
2026-04-15 15:00:00+00:00,426,24,292.0,18.3,0.0,45.54,13.719999
2026-04-15 18:00:00+00:00,63,24,14.3,12.7,0.0,46.420002,14.08
2026-04-15 18:00:00+00:00,76,24,19.5,13.4,0.0,46.34,14.199999
2026-04-15 18:00:00+00:00,106,24,11.3,13.9,0.0,46.260002,14.4
2026-04-15 18:00:00+00:00,122,24,12.3,13.9,0.0,46.02,14.459999
2026-04-15 18:00:00+00:00,127,24,11.8,13.1,0.0,46.12,14.519999
2026-04-15 18:00:00+00:00,129,24,11.3,14.4,0.0,46.02,14.519999
2026-04-15 18:00:00+00:00,177,24,3.3,9.9,0.0,45.6,14.859999
2026-04-15 18:00:00+00:00,194,24,14.3,13.0,0.0,46.52,15.039999
2026-04-15 18:00:00+00:00,236,24,7.8,14.1,0.0,45.8,15.179998
2026-04-15 18:00:00+00:00,325,24,14.0,15.2,0.0,46.56,15.639999
2026-04-15 18:00:00+00:00,391,24,9.8,15.4,0.0,46.7,16.099998
2026-04-15 18:00:00+00:00,422,24,8.8,15.8,0.0,46.24,15.219999
2026-04-15 18:00:00+00:00,425,24,7.0,15.2,0.0,45.94,15.519999
2026-04-15 18:00:00+00:00,426,24,22.3,17.7,0.0,45.54,13.719999
2026-04-15 21:00:00+00:00,63,24,0.0,11.2,0.0,46.420002,14.08
2026-04-15 21:00:00+00:00,76,24,0.3,11.6,0.0,46.34,14.199999
2026-04-15 21:00:00+00:00,106,24,0.0,12.6,0.0,46.260002,14.4
2026-04-15 21:00:00+00:00,122,24,0.0,10.7,0.0,46.02,14.459999
2026-04-15 21:00:00+00:00,127,24,0.0,11.5,0.0,46.12,14.519999
2026-04-15 21:00:00+00:00,129,24,0.3,11.6,0.0,46.02,14.519999
2026-04-15 21:00:00+00:00,177,24,0.0,9.3,0.0,45.6,14.859999
2026-04-15 21:00:00+00:00,194,24,0.0,10.1,0.0,46.52,15.039999
2026-04-15 21:00:00+00:00,236,24,0.0,11.2,0.0,45.8,15.179998
2026-04-15 21:00:00+00:00,325,24,0.0,10.2,0.0,46.56,15.639999
2026-04-15 21:00:00+00:00,391,24,0.0,9.6,0.0,46.7,16.099998
2026-04-15 21:00:00+00:00,422,24,0.0,10.2,0.0,46.24,15.219999
2026-04-15 21:00:00+00:00,425,24,0.0,12.9,0.0,45.94,15.519999
2026-04-15 21:00:00+00:00,426,24,0.0,13.4,0.0,45.54,13.719999
2026-04-16 01:00:00+00:00,63,1,0.0,8.5,0.0,46.420002,14.08
2026-04-16 01:00:00+00:00,76,1,0.0,9.3,0.0,46.34,14.199999
2026-04-16 01:00:00+00:00,106,1,0.0,8.5,0.0,46.260002,14.4
2026-04-16 01:00:00+00:00,122,1,0.0,8.6,0.0,46.02,14.459999
2026-04-16 01:00:00+00:00,127,1,0.0,9.5,0.0,46.12,14.519999
2026-04-16 01:00:00+00:00,129,1,0.0,9.0,0.0,46.02,14.519999
2026-04-16 01:00:00+00:00,177,1,0.0,7.8,0.0,45.6,14.859999
2026-04-16 01:00:00+00:00,194,1,0.0,8.2,0.0,46.52,15.039999
2026-04-16 01:00:00+00:00,236,1,0.0,9.2,0.0,45.8,15.179998
2026-04-16 01:00:00+00:00,325,1,0.0,9.3,0.0,46.56,15.639999
2026-04-16 01:00:00+00:00,391,1,0.0,8.1,0.0,46.7,16.099998
2026-04-16 01:00:00+00:00,422,1,0.0,6.8,0.0,46.24,15.219999
2026-04-16 01:00:00+00:00,425,1,0.0,9.0,0.0,45.94,15.519999
2026-04-16 01:00:00+00:00,426,1,0.0,12.0,0.0,45.54,13.719999
2026-04-16 02:00:00+00:00,63,2,0.0,8.4,0.0,46.420002,14.08
2026-04-16 02:00:00+00:00,76,2,0.0,9.0,0.0,46.34,14.199999
2026-04-16 02:00:00+00:00,106,2,0.0,7.8,0.0,46.260002,14.4
2026-04-16 02:00:00+00:00,122,2,0.0,8.8,0.0,46.02,14.459999
2026-04-16 02:00:00+00:00,127,2,0.0,9.0,0.0,46.12,14.519999
2026-04-16 02:00:00+00:00,129,2,0.0,9.1,0.0,46.02,14.519999
2026-04-16 02:00:00+00:00,177,2,0.0,7.8,0.0,45.6,14.859999
2026-04-16 02:00:00+00:00,194,2,0.0,8.3,0.0,46.52,15.039999
2026-04-16 02:00:00+00:00,236,2,0.0,9.3,0.0,45.8,15.179998
2026-04-16 02:00:00+00:00,325,2,0.0,9.3,0.0,46.56,15.639999
2026-04-16 02:00:00+00:00,391,2,0.0,7.0,0.0,46.7,16.099998
2026-04-16 02:00:00+00:00,422,2,0.0,7.0,0.0,46.24,15.219999
2026-04-16 02:00:00+00:00,425,2,0.0,9.0,0.0,45.94,15.519999
2026-04-16 02:00:00+00:00,426,2,0.0,11.4,0.0,45.54,13.719999
2026-04-16 03:00:00+00:00,63,3,0.0,8.1,0.0,46.420002,14.08
2026-04-16 03:00:00+00:00,76,3,0.0,8.6,0.0,46.34,14.199999
2026-04-16 03:00:00+00:00,106,3,0.0,8.0,0.0,46.260002,14.4
2026-04-16 03:00:00+00:00,122,3,0.0,8.8,0.0,46.02,14.459999
2026-04-16 03:00:00+00:00,127,3,0.0,8.4,0.0,46.12,14.519999
2026-04-16 03:00:00+00:00,129,3,0.0,9.3,0.0,46.02,14.519999
2026-04-16 03:00:00+00:00,177,3,0.0,7.8,0.0,45.6,14.859999
2026-04-16 03:00:00+00:00,194,3,0.0,7.7,0.0,46.52,15.039999
2026-04-16 03:00:00+00:00,236,3,0.0,9.1,0.0,45.8,15.179998
2026-04-16 03:00:00+00:00,325,3,0.0,9.3,0.0,46.56,15.639999
2026-04-16 03:00:00+00:00,391,3,0.0,6.1,0.0,46.7,16.099998
2026-04-16 03:00:00+00:00,422,3,0.0,6.8,0.0,46.24,15.219999
2026-04-16 03:00:00+00:00,425,3,0.0,9.4,0.0,45.94,15.519999
2026-04-16 03:00:00+00:00,426,3,0.0,11.3,0.0,45.54,13.719999
2026-04-16 06:00:00+00:00,63,6,121.3,9.5,0.0,46.420002,14.08
2026-04-16 06:00:00+00:00,76,6,126.5,9.2,0.0,46.34,14.199999
2026-04-16 06:00:00+00:00,106,6,135.3,9.0,0.0,46.260002,14.4
2026-04-16 06:00:00+00:00,122,6,55.3,9.6,0.0,46.02,14.459999
2026-04-16 06:00:00+00:00,127,6,83.0,9.4,0.0,46.12,14.519999
2026-04-16 06:00:00+00:00,129,6,50.8,9.9,0.0,46.02,14.519999
2026-04-16 06:00:00+00:00,177,6,82.3,9.4,0.0,45.6,14.859999
2026-04-16 06:00:00+00:00,194,6,125.5,9.8,0.0,46.52,15.039999
2026-04-16 06:00:00+00:00,236,6,58.3,9.9,0.0,45.8,15.179998
2026-04-16 06:00:00+00:00,325,6,103.5,11.2,0.0,46.56,15.639999
2026-04-16 06:00:00+00:00,391,6,94.0,10.1,0.0,46.7,16.099998
2026-04-16 06:00:00+00:00,422,6,73.5,7.5,0.0,46.24,15.219999
2026-04-16 06:00:00+00:00,425,6,68.5,9.9,0.0,45.94,15.519999
2026-04-16 06:00:00+00:00,426,6,129.8,12.7,0.0,45.54,13.719999
2026-04-16 07:00:00+00:00,63,1,257.0,13.4,0.0,46.420002,14.08
2026-04-16 07:00:00+00:00,76,1,285.8,12.0,0.0,46.34,14.199999
2026-04-16 07:00:00+00:00,106,1,292.8,12.1,0.0,46.260002,14.4
2026-04-16 07:00:00+00:00,122,1,127.3,11.0,0.0,46.02,14.459999
2026-04-16 07:00:00+00:00,127,1,220.0,11.6,0.0,46.12,14.519999
2026-04-16 07:00:00+00:00,129,1,134.3,11.0,0.0,46.02,14.519999
2026-04-16 07:00:00+00:00,177,1,133.0,10.7,0.0,45.6,14.859999
2026-04-16 07:00:00+00:00,194,1,231.3,12.6,0.0,46.52,15.039999
2026-04-16 07:00:00+00:00,236,1,158.8,12.2,0.0,45.8,15.179998
2026-04-16 07:00:00+00:00,325,1,204.0,12.8,0.0,46.56,15.639999
2026-04-16 07:00:00+00:00,391,1,174.5,13.3,0.0,46.7,16.099998
2026-04-16 07:00:00+00:00,422,1,179.5,10.4,0.0,46.24,15.219999
2026-04-16 07:00:00+00:00,425,1,175.8,12.4,0.0,45.94,15.519999
2026-04-16 07:00:00+00:00,426,1,300.8,16.0,0.0,45.54,13.719999
2026-04-16 08:00:00+00:00,63,2,383.3,14.7,0.0,46.420002,14.08
2026-04-16 08:00:00+00:00,76,2,437.5,14.7,0.0,46.34,14.199999
2026-04-16 08:00:00+00:00,106,2,458.5,14.5,0.0,46.260002,14.4
2026-04-16 08:00:00+00:00,122,2,246.8,13.1,0.0,46.02,14.459999
2026-04-16 08:00:00+00:00,127,2,413.3,13.1,0.0,46.12,14.519999
2026-04-16 08:00:00+00:00,129,2,281.5,13.7,0.0,46.02,14.519999
2026-04-16 08:00:00+00:00,177,2,194.8,11.2,0.0,45.6,14.859999
2026-04-16 08:00:00+00:00,194,2,331.0,14.5,0.0,46.52,15.039999
2026-04-16 08:00:00+00:00,236,2,273.3,13.9,0.0,45.8,15.179998
2026-04-16 08:00:00+00:00,325,2,268.3,14.0,0.0,46.56,15.639999
2026-04-16 08:00:00+00:00,391,2,267.8,15.2,0.0,46.7,16.099998
2026-04-16 08:00:00+00:00,422,2,411.8,13.6,0.0,46.24,15.219999
2026-04-16 08:00:00+00:00,425,2,232.0,13.6,0.0,45.94,15.519999
2026-04-16 08:00:00+00:00,426,2,473.8,18.5,0.0,45.54,13.719999
2026-04-16 09:00:00+00:00,63,3,409.3,15.6,0.0,46.420002,14.08
2026-04-16 09:00:00+00:00,76,3,595.5,16.1,0.0,46.34,14.199999
2026-04-16 09:00:00+00:00,106,3,595.3,15.9,0.0,46.260002,14.4
2026-04-16 09:00:00+00:00,122,3,480.3,15.7,0.0,46.02,14.459999
2026-04-16 09:00:00+00:00,127,3,600.8,15.0,0.0,46.12,14.519999
2026-04-16 09:00:00+00:00,129,3,496.8,16.5,0.0,46.02,14.519999
2026-04-16 09:00:00+00:00,177,3,300.8,12.5,0.0,45.6,14.859999
2026-04-16 09:00:00+00:00,194,3,352.5,15.9,0.0,46.52,15.039999
2026-04-16 09:00:00+00:00,236,3,450.0,16.2,0.0,45.8,15.179998
2026-04-16 09:00:00+00:00,325,3,349.3,14.8,0.0,46.56,15.639999
2026-04-16 09:00:00+00:00,391,3,464.8,16.9,0.0,46.7,16.099998
2026-04-16 09:00:00+00:00,422,3,561.8,16.1,0.0,46.24,15.219999
2026-04-16 09:00:00+00:00,425,3,300.5,15.3,0.0,45.94,15.519999
2026-04-16 09:00:00+00:00,426,3,625.0,21.9,0.0,45.54,13.719999
2026-04-16 10:00:00+00:00,63,1,497.3,17.0,0.0,46.420002,14.08
2026-04-16 10:00:00+00:00,76,1,691.8,17.2,0.0,46.34,14.199999
2026-04-16 10:00:00+00:00,106,1,671.8,17.2,0.0,46.260002,14.4
2026-04-16 10:00:00+00:00,122,1,573.8,17.7,0.0,46.02,14.459999
2026-04-16 10:00:00+00:00,127,1,639.5,16.8,0.0,46.12,14.519999
2026-04-16 10:00:00+00:00,129,1,538.0,18.1,0.0,46.02,14.519999
2026-04-16 10:00:00+00:00,177,1,454.3,13.6,0.0,45.6,14.859999
2026-04-16 10:00:00+00:00,194,1,540.0,17.7,0.0,46.52,15.039999
2026-04-16 10:00:00+00:00,236,1,665.3,17.7,0.0,45.8,15.179998
2026-04-16 10:00:00+00:00,325,1,581.8,17.2,0.0,46.56,15.639999
2026-04-16 10:00:00+00:00,391,1,552.3,18.1,0.0,46.7,16.099998
2026-04-16 10:00:00+00:00,422,1,630.3,18.2,0.0,46.24,15.219999
2026-04-16 10:00:00+00:00,425,1,684.0,17.8,0.0,45.94,15.519999
2026-04-16 10:00:00+00:00,426,1,728.8,23.4,0.0,45.54,13.719999
2026-04-16 11:00:00+00:00,63,2,633.8,17.5,0.0,46.420002,14.08
2026-04-16 11:00:00+00:00,76,2,736.3,18.0,0.0,46.34,14.199999
2026-04-16 11:00:00+00:00,106,2,405.8,17.3,0.0,46.260002,14.4
2026-04-16 11:00:00+00:00,122,2,546.3,18.3,0.0,46.02,14.459999
2026-04-16 11:00:00+00:00,127,2,603.0,18.1,0.0,46.12,14.519999
2026-04-16 11:00:00+00:00,129,2,514.0,18.4,0.0,46.02,14.519999
2026-04-16 11:00:00+00:00,177,2,476.3,14.1,0.0,45.6,14.859999
2026-04-16 11:00:00+00:00,194,2,459.0,17.9,0.0,46.52,15.039999
2026-04-16 11:00:00+00:00,236,2,667.5,18.8,0.0,45.8,15.179998
2026-04-16 11:00:00+00:00,325,2,521.8,17.9,0.0,46.56,15.639999
2026-04-16 11:00:00+00:00,391,2,461.8,18.5,0.0,46.7,16.099998
2026-04-16 11:00:00+00:00,422,2,532.3,18.8,0.0,46.24,15.219999
2026-04-16 11:00:00+00:00,425,2,612.5,19.2,0.0,45.94,15.519999
2026-04-16 11:00:00+00:00,426,2,721.3,23.9,0.0,45.54,13.719999
2026-04-16 12:00:00+00:00,63,3,661.5,17.5,0.0,46.420002,14.08
2026-04-16 12:00:00+00:00,63,6,587.5,16.9,0.0,46.420002,14.08
2026-04-16 12:00:00+00:00,76,3,741.3,18.3,0.0,46.34,14.199999
2026-04-16 12:00:00+00:00,76,6,642.5,17.7,0.0,46.34,14.199999
2026-04-16 12:00:00+00:00,106,3,462.8,18.6,0.0,46.260002,14.4
2026-04-16 12:00:00+00:00,106,6,489.0,18.0,0.0,46.260002,14.4
2026-04-16 12:00:00+00:00,122,3,529.8,19.2,0.0,46.02,14.459999
2026-04-16 12:00:00+00:00,122,6,663.3,19.3,0.0,46.02,14.459999
2026-04-16 12:00:00+00:00,127,3,530.0,18.4,0.0,46.12,14.519999
2026-04-16 12:00:00+00:00,127,6,154.0,16.8,0.0,46.12,14.519999
2026-04-16 12:00:00+00:00,129,3,597.3,19.7,0.0,46.02,14.519999
2026-04-16 12:00:00+00:00,129,6,643.3,19.4,0.0,46.02,14.519999
2026-04-16 12:00:00+00:00,177,3,452.3,14.2,0.0,45.6,14.859999
2026-04-16 12:00:00+00:00,177,6,546.8,14.4,0.0,45.6,14.859999
2026-04-16 12:00:00+00:00,194,3,496.5,18.1,0.0,46.52,15.039999
2026-04-16 12:00:00+00:00,194,6,567.3,18.6,0.0,46.52,15.039999
2026-04-16 12:00:00+00:00,236,3,474.5,18.0,0.0,45.8,15.179998
2026-04-16 12:00:00+00:00,236,6,479.0,19.2,0.0,45.8,15.179998
2026-04-16 12:00:00+00:00,325,3,497.3,18.6,0.0,46.56,15.639999
2026-04-16 12:00:00+00:00,325,6,536.8,18.4,0.0,46.56,15.639999
2026-04-16 12:00:00+00:00,391,3,405.3,19.0,0.0,46.7,16.099998
2026-04-16 12:00:00+00:00,391,6,590.5,19.3,0.0,46.7,16.099998
2026-04-16 12:00:00+00:00,422,3,478.5,19.2,0.0,46.24,15.219999
2026-04-16 12:00:00+00:00,422,6,273.8,18.4,0.0,46.24,15.219999
2026-04-16 12:00:00+00:00,425,3,561.5,19.9,0.0,45.94,15.519999
2026-04-16 12:00:00+00:00,425,6,616.0,19.8,0.0,45.94,15.519999
2026-04-16 12:00:00+00:00,426,3,797.8,22.3,0.0,45.54,13.719999
2026-04-16 12:00:00+00:00,426,6,782.0,21.6,0.0,45.54,13.719999
2026-04-16 13:00:00+00:00,63,1,534.3,17.8,0.0,46.420002,14.08
2026-04-16 13:00:00+00:00,76,1,661.8,18.9,0.0,46.34,14.199999
2026-04-16 13:00:00+00:00,106,1,417.8,18.9,0.0,46.260002,14.4
2026-04-16 13:00:00+00:00,122,1,566.5,20.1,0.0,46.02,14.459999
2026-04-16 13:00:00+00:00,127,1,553.0,19.0,0.0,46.12,14.519999
2026-04-16 13:00:00+00:00,129,1,629.0,20.2,0.0,46.02,14.519999
2026-04-16 13:00:00+00:00,177,1,409.3,14.3,0.0,45.6,14.859999
2026-04-16 13:00:00+00:00,194,1,342.0,18.0,0.0,46.52,15.039999
2026-04-16 13:00:00+00:00,236,1,573.3,19.5,0.0,45.8,15.179998
2026-04-16 13:00:00+00:00,325,1,362.5,18.7,0.0,46.56,15.639999
2026-04-16 13:00:00+00:00,391,1,283.0,19.2,0.0,46.7,16.099998
2026-04-16 13:00:00+00:00,422,1,342.0,19.4,0.0,46.24,15.219999
2026-04-16 13:00:00+00:00,425,1,388.8,19.9,0.0,45.94,15.519999
2026-04-16 13:00:00+00:00,426,1,752.0,22.2,0.0,45.54,13.719999
2026-04-16 14:00:00+00:00,63,2,446.8,17.7,0.0,46.420002,14.08
2026-04-16 14:00:00+00:00,76,2,468.3,18.6,0.0,46.34,14.199999
2026-04-16 14:00:00+00:00,106,2,482.3,18.5,0.0,46.260002,14.4
2026-04-16 14:00:00+00:00,122,2,553.0,20.2,0.0,46.02,14.459999
2026-04-16 14:00:00+00:00,127,2,200.8,17.9,0.1,46.12,14.519999
2026-04-16 14:00:00+00:00,129,2,552.5,20.3,0.0,46.02,14.519999
2026-04-16 14:00:00+00:00,177,2,316.8,14.5,0.0,45.6,14.859999
2026-04-16 14:00:00+00:00,194,2,372.5,18.6,0.0,46.52,15.039999
2026-04-16 14:00:00+00:00,236,2,518.3,20.4,0.0,45.8,15.179998
2026-04-16 14:00:00+00:00,325,2,352.3,18.8,0.0,46.56,15.639999
2026-04-16 14:00:00+00:00,391,2,262.5,18.9,0.0,46.7,16.099998
2026-04-16 14:00:00+00:00,422,2,393.8,20.0,0.0,46.24,15.219999
2026-04-16 14:00:00+00:00,425,2,369.0,20.0,0.0,45.94,15.519999
2026-04-16 14:00:00+00:00,426,2,651.5,22.4,0.0,45.54,13.719999
2026-04-16 15:00:00+00:00,63,3,338.5,16.9,0.0,46.420002,14.08
2026-04-16 15:00:00+00:00,63,6,299.3,16.2,0.0,46.420002,14.08
2026-04-16 15:00:00+00:00,76,3,267.0,16.9,0.0,46.34,14.199999
2026-04-16 15:00:00+00:00,76,6,245.0,17.1,0.0,46.34,14.199999
2026-04-16 15:00:00+00:00,106,3,231.0,17.9,0.0,46.260002,14.4
2026-04-16 15:00:00+00:00,106,6,225.3,17.6,0.0,46.260002,14.4
2026-04-16 15:00:00+00:00,122,3,397.3,19.8,0.0,46.02,14.459999
2026-04-16 15:00:00+00:00,122,6,370.8,19.5,0.0,46.02,14.459999
2026-04-16 15:00:00+00:00,127,3,263.0,18.3,0.0,46.12,14.519999
2026-04-16 15:00:00+00:00,127,6,244.0,17.4,0.0,46.12,14.519999
2026-04-16 15:00:00+00:00,129,3,420.3,20.1,0.0,46.02,14.519999
2026-04-16 15:00:00+00:00,129,6,370.8,19.7,0.0,46.02,14.519999
2026-04-16 15:00:00+00:00,177,3,372.3,14.8,0.0,45.6,14.859999
2026-04-16 15:00:00+00:00,177,6,269.5,13.7,0.0,45.6,14.859999
2026-04-16 15:00:00+00:00,194,3,259.8,18.0,0.0,46.52,15.039999
2026-04-16 15:00:00+00:00,194,6,350.0,17.7,0.0,46.52,15.039999
2026-04-16 15:00:00+00:00,236,3,316.0,18.1,0.0,45.8,15.179998
2026-04-16 15:00:00+00:00,236,6,304.3,18.8,0.0,45.8,15.179998
2026-04-16 15:00:00+00:00,325,3,280.0,18.9,0.0,46.56,15.639999
2026-04-16 15:00:00+00:00,325,6,203.3,17.6,0.0,46.56,15.639999
2026-04-16 15:00:00+00:00,391,3,303.0,18.9,0.0,46.7,16.099998
2026-04-16 15:00:00+00:00,391,6,263.3,18.0,0.0,46.7,16.099998
2026-04-16 15:00:00+00:00,422,3,317.3,19.9,0.0,46.24,15.219999
2026-04-16 15:00:00+00:00,422,6,132.5,18.8,0.0,46.24,15.219999
2026-04-16 15:00:00+00:00,425,3,291.3,19.3,0.0,45.94,15.519999
2026-04-16 15:00:00+00:00,425,6,384.3,19.8,0.0,45.94,15.519999
2026-04-16 15:00:00+00:00,426,3,463.3,21.4,0.0,45.54,13.719999
2026-04-16 15:00:00+00:00,426,6,455.5,21.6,0.0,45.54,13.719999
2026-04-16 16:00:00+00:00,63,1,157.5,15.5,0.0,46.420002,14.08
2026-04-16 16:00:00+00:00,76,1,240.0,15.8,0.0,46.34,14.199999
2026-04-16 16:00:00+00:00,106,1,87.3,16.5,0.1,46.260002,14.4
2026-04-16 16:00:00+00:00,122,1,252.5,19.6,0.0,46.02,14.459999
2026-04-16 16:00:00+00:00,127,1,121.5,17.0,0.0,46.12,14.519999
2026-04-16 16:00:00+00:00,129,1,230.5,19.6,0.0,46.02,14.519999
2026-04-16 16:00:00+00:00,177,1,233.0,14.6,0.0,45.6,14.859999
2026-04-16 16:00:00+00:00,194,1,129.0,17.0,0.0,46.52,15.039999
2026-04-16 16:00:00+00:00,236,1,250.5,19.6,0.0,45.8,15.179998
2026-04-16 16:00:00+00:00,325,1,206.8,18.4,0.0,46.56,15.639999
2026-04-16 16:00:00+00:00,391,1,215.5,18.5,0.0,46.7,16.099998
2026-04-16 16:00:00+00:00,422,1,63.8,19.0,0.1,46.24,15.219999
2026-04-16 16:00:00+00:00,425,1,266.8,19.7,0.0,45.94,15.519999
2026-04-16 16:00:00+00:00,426,1,332.5,19.3,0.0,45.54,13.719999
2026-04-16 17:00:00+00:00,63,2,107.5,14.8,0.0,46.420002,14.08
2026-04-16 17:00:00+00:00,76,2,132.8,15.6,0.0,46.34,14.199999
2026-04-16 17:00:00+00:00,106,2,118.3,16.1,0.0,46.260002,14.4
2026-04-16 17:00:00+00:00,122,2,88.0,18.7,0.0,46.02,14.459999
2026-04-16 17:00:00+00:00,127,2,64.5,16.8,0.0,46.12,14.519999
2026-04-16 17:00:00+00:00,129,2,73.3,18.7,0.0,46.02,14.519999
2026-04-16 17:00:00+00:00,177,2,143.0,13.5,0.0,45.6,14.859999
2026-04-16 17:00:00+00:00,194,2,79.0,16.2,0.0,46.52,15.039999
2026-04-16 17:00:00+00:00,236,2,125.5,18.8,0.0,45.8,15.179998
2026-04-16 17:00:00+00:00,325,2,87.3,17.8,0.0,46.56,15.639999
2026-04-16 17:00:00+00:00,391,2,90.0,17.9,0.0,46.7,16.099998
2026-04-16 17:00:00+00:00,422,2,71.5,18.5,0.0,46.24,15.219999
2026-04-16 17:00:00+00:00,425,2,103.3,18.8,0.0,45.94,15.519999
2026-04-16 17:00:00+00:00,426,2,155.5,17.8,0.0,45.54,13.719999
2026-04-16 18:00:00+00:00,63,3,16.5,13.8,0.0,46.420002,14.08
2026-04-16 18:00:00+00:00,63,6,15.0,14.3,0.0,46.420002,14.08
2026-04-16 18:00:00+00:00,76,3,19.0,14.4,0.0,46.34,14.199999
2026-04-16 18:00:00+00:00,76,6,13.0,15.1,0.0,46.34,14.199999
2026-04-16 18:00:00+00:00,106,3,17.3,15.0,0.0,46.260002,14.4
2026-04-16 18:00:00+00:00,106,6,22.3,14.9,0.0,46.260002,14.4
2026-04-16 18:00:00+00:00,122,3,12.8,16.6,0.0,46.02,14.459999
2026-04-16 18:00:00+00:00,122,6,15.3,15.9,0.0,46.02,14.459999
2026-04-16 18:00:00+00:00,127,3,15.0,15.1,0.0,46.12,14.519999
2026-04-16 18:00:00+00:00,127,6,17.8,14.6,0.0,46.12,14.519999
2026-04-16 18:00:00+00:00,129,3,8.5,17.2,0.0,46.02,14.519999
2026-04-16 18:00:00+00:00,129,6,12.8,16.8,0.0,46.02,14.519999
2026-04-16 18:00:00+00:00,177,3,22.5,11.9,0.0,45.6,14.859999
2026-04-16 18:00:00+00:00,177,6,21.0,11.8,0.0,45.6,14.859999
2026-04-16 18:00:00+00:00,194,3,14.8,14.5,0.0,46.52,15.039999
2026-04-16 18:00:00+00:00,194,6,16.3,14.3,0.0,46.52,15.039999
2026-04-16 18:00:00+00:00,236,3,14.0,16.5,0.0,45.8,15.179998
2026-04-16 18:00:00+00:00,236,6,19.5,16.1,0.0,45.8,15.179998
2026-04-16 18:00:00+00:00,325,3,7.8,16.7,0.0,46.56,15.639999
2026-04-16 18:00:00+00:00,325,6,7.0,16.7,0.0,46.56,15.639999
2026-04-16 18:00:00+00:00,391,3,7.8,16.2,0.0,46.7,16.099998
2026-04-16 18:00:00+00:00,391,6,9.8,15.9,0.0,46.7,16.099998
2026-04-16 18:00:00+00:00,422,3,6.3,16.7,0.4,46.24,15.219999
2026-04-16 18:00:00+00:00,422,6,6.0,17.3,0.2,46.24,15.219999
2026-04-16 18:00:00+00:00,425,3,16.8,16.0,0.0,45.94,15.519999
2026-04-16 18:00:00+00:00,425,6,17.0,15.6,0.0,45.94,15.519999
2026-04-16 18:00:00+00:00,426,3,23.3,17.7,0.0,45.54,13.719999
2026-04-16 18:00:00+00:00,426,6,24.8,16.9,0.0,45.54,13.719999
2026-04-16 19:00:00+00:00,63,1,0.0,13.2,0.0,46.420002,14.08
2026-04-16 19:00:00+00:00,76,1,0.0,13.3,0.0,46.34,14.199999
2026-04-16 19:00:00+00:00,106,1,0.0,14.0,0.0,46.260002,14.4
2026-04-16 19:00:00+00:00,122,1,0.0,15.6,0.0,46.02,14.459999
2026-04-16 19:00:00+00:00,127,1,0.0,14.4,0.0,46.12,14.519999
2026-04-16 19:00:00+00:00,129,1,0.0,16.2,0.0,46.02,14.519999
2026-04-16 19:00:00+00:00,177,1,0.0,11.9,0.0,45.6,14.859999
2026-04-16 19:00:00+00:00,194,1,0.0,13.8,0.0,46.52,15.039999
2026-04-16 19:00:00+00:00,236,1,0.0,15.0,0.0,45.8,15.179998
2026-04-16 19:00:00+00:00,325,1,0.0,15.9,0.0,46.56,15.639999
2026-04-16 19:00:00+00:00,391,1,0.0,14.5,0.0,46.7,16.099998
2026-04-16 19:00:00+00:00,422,1,0.0,15.7,0.0,46.24,15.219999
2026-04-16 19:00:00+00:00,425,1,0.0,15.6,0.0,45.94,15.519999
2026-04-16 19:00:00+00:00,426,1,0.0,17.7,0.0,45.54,13.719999
2026-04-16 20:00:00+00:00,63,2,0.0,12.4,0.0,46.420002,14.08
2026-04-16 20:00:00+00:00,76,2,0.0,12.4,0.0,46.34,14.199999
2026-04-16 20:00:00+00:00,106,2,0.0,13.5,0.0,46.260002,14.4
2026-04-16 20:00:00+00:00,122,2,0.0,14.7,0.0,46.02,14.459999
2026-04-16 20:00:00+00:00,127,2,0.0,13.9,0.0,46.12,14.519999
2026-04-16 20:00:00+00:00,129,2,0.0,14.9,0.0,46.02,14.519999
2026-04-16 20:00:00+00:00,177,2,0.0,11.4,0.0,45.6,14.859999
2026-04-16 20:00:00+00:00,194,2,0.0,12.6,0.0,46.52,15.039999
2026-04-16 20:00:00+00:00,236,2,0.0,14.5,0.0,45.8,15.179998
2026-04-16 20:00:00+00:00,325,2,0.0,13.9,0.0,46.56,15.639999
2026-04-16 20:00:00+00:00,391,2,0.0,12.4,0.0,46.7,16.099998
2026-04-16 20:00:00+00:00,422,2,0.0,14.5,0.0,46.24,15.219999
2026-04-16 20:00:00+00:00,425,2,0.0,15.3,0.0,45.94,15.519999
2026-04-16 20:00:00+00:00,426,2,0.0,17.2,0.0,45.54,13.719999
2026-04-16 21:00:00+00:00,63,3,0.0,11.4,0.0,46.420002,14.08
2026-04-16 21:00:00+00:00,63,6,0.0,12.2,0.0,46.420002,14.08
2026-04-16 21:00:00+00:00,76,3,0.0,11.7,0.0,46.34,14.199999
2026-04-16 21:00:00+00:00,76,6,0.0,12.3,0.0,46.34,14.199999
2026-04-16 21:00:00+00:00,106,3,0.0,12.6,0.0,46.260002,14.4
2026-04-16 21:00:00+00:00,106,6,0.0,12.5,0.0,46.260002,14.4
2026-04-16 21:00:00+00:00,122,3,0.0,13.9,0.0,46.02,14.459999
2026-04-16 21:00:00+00:00,122,6,0.0,13.3,0.0,46.02,14.459999
2026-04-16 21:00:00+00:00,127,3,0.0,13.0,0.0,46.12,14.519999
2026-04-16 21:00:00+00:00,127,6,0.0,12.9,0.0,46.12,14.519999
2026-04-16 21:00:00+00:00,129,3,0.0,14.1,0.0,46.02,14.519999
2026-04-16 21:00:00+00:00,129,6,0.0,13.7,0.0,46.02,14.519999
2026-04-16 21:00:00+00:00,177,3,0.0,11.1,0.0,45.6,14.859999
2026-04-16 21:00:00+00:00,177,6,0.0,11.1,0.0,45.6,14.859999
2026-04-16 21:00:00+00:00,194,3,0.0,10.8,0.0,46.52,15.039999
2026-04-16 21:00:00+00:00,194,6,0.0,11.0,0.0,46.52,15.039999
2026-04-16 21:00:00+00:00,236,3,0.0,13.2,0.0,45.8,15.179998
2026-04-16 21:00:00+00:00,236,6,0.0,12.9,0.0,45.8,15.179998
2026-04-16 21:00:00+00:00,325,3,0.0,12.7,0.0,46.56,15.639999
2026-04-16 21:00:00+00:00,325,6,0.0,12.8,0.0,46.56,15.639999
2026-04-16 21:00:00+00:00,391,3,0.0,10.2,0.0,46.7,16.099998
2026-04-16 21:00:00+00:00,391,6,0.0,10.0,0.0,46.7,16.099998
2026-04-16 21:00:00+00:00,422,3,0.0,12.8,0.0,46.24,15.219999
2026-04-16 21:00:00+00:00,422,6,0.0,12.1,0.0,46.24,15.219999
2026-04-16 21:00:00+00:00,425,3,0.0,13.9,0.0,45.94,15.519999
2026-04-16 21:00:00+00:00,425,6,0.0,14.2,0.0,45.94,15.519999
2026-04-16 21:00:00+00:00,426,3,0.0,16.0,0.0,45.54,13.719999
2026-04-16 21:00:00+00:00,426,6,0.0,15.7,0.0,45.54,13.719999
2026-04-16 22:00:00+00:00,63,1,0.0,10.8,0.0,46.420002,14.08
2026-04-16 22:00:00+00:00,76,1,0.0,11.6,0.0,46.34,14.199999
2026-04-16 22:00:00+00:00,106,1,0.0,11.5,0.0,46.260002,14.4
2026-04-16 22:00:00+00:00,122,1,0.0,13.2,0.0,46.02,14.459999
2026-04-16 22:00:00+00:00,127,1,0.0,12.8,0.0,46.12,14.519999
2026-04-16 22:00:00+00:00,129,1,0.0,13.2,0.0,46.02,14.519999
2026-04-16 22:00:00+00:00,177,1,0.0,10.7,0.0,45.6,14.859999
2026-04-16 22:00:00+00:00,194,1,0.0,10.2,0.0,46.52,15.039999
2026-04-16 22:00:00+00:00,236,1,0.0,12.2,0.0,45.8,15.179998
2026-04-16 22:00:00+00:00,325,1,0.0,11.5,0.0,46.56,15.639999
2026-04-16 22:00:00+00:00,391,1,0.0,7.3,0.0,46.7,16.099998
2026-04-16 22:00:00+00:00,422,1,0.0,10.5,0.0,46.24,15.219999
2026-04-16 22:00:00+00:00,425,1,0.0,13.7,0.0,45.94,15.519999
2026-04-16 22:00:00+00:00,426,1,0.0,16.4,0.0,45.54,13.719999
2026-04-16 23:00:00+00:00,63,2,0.0,10.3,0.0,46.420002,14.08
2026-04-16 23:00:00+00:00,76,2,0.0,11.0,0.0,46.34,14.199999
2026-04-16 23:00:00+00:00,106,2,0.0,11.3,0.0,46.260002,14.4
2026-04-16 23:00:00+00:00,122,2,0.0,12.5,0.0,46.02,14.459999
2026-04-16 23:00:00+00:00,127,2,0.0,12.7,0.0,46.12,14.519999
2026-04-16 23:00:00+00:00,129,2,0.0,13.0,0.0,46.02,14.519999
2026-04-16 23:00:00+00:00,177,2,0.0,10.7,0.0,45.6,14.859999
2026-04-16 23:00:00+00:00,194,2,0.0,9.2,0.0,46.52,15.039999
2026-04-16 23:00:00+00:00,236,2,0.0,11.7,0.0,45.8,15.179998
2026-04-16 23:00:00+00:00,325,2,0.0,10.4,0.0,46.56,15.639999
2026-04-16 23:00:00+00:00,391,2,0.0,6.6,0.0,46.7,16.099998
2026-04-16 23:00:00+00:00,422,2,0.0,9.0,0.0,46.24,15.219999
2026-04-16 23:00:00+00:00,425,2,0.0,13.7,0.0,45.94,15.519999
2026-04-16 23:00:00+00:00,426,2,0.0,14.2,0.0,45.54,13.719999
2026-04-17 00:00:00+00:00,63,3,0.0,9.7,0.0,46.420002,14.08
2026-04-17 00:00:00+00:00,63,6,0.0,9.7,0.0,46.420002,14.08
2026-04-17 00:00:00+00:00,63,24,0.0,9.9,0.0,46.420002,14.08
2026-04-17 00:00:00+00:00,76,3,0.0,10.0,0.0,46.34,14.199999
2026-04-17 00:00:00+00:00,76,6,0.0,10.0,0.0,46.34,14.199999
2026-04-17 00:00:00+00:00,76,24,0.0,10.4,0.0,46.34,14.199999
2026-04-17 00:00:00+00:00,106,3,0.0,10.8,0.0,46.260002,14.4
2026-04-17 00:00:00+00:00,106,6,0.0,10.0,0.0,46.260002,14.4
2026-04-17 00:00:00+00:00,106,24,0.0,10.2,0.0,46.260002,14.4
2026-04-17 00:00:00+00:00,122,3,0.0,11.6,0.0,46.02,14.459999
2026-04-17 00:00:00+00:00,122,6,0.0,11.4,0.0,46.02,14.459999
2026-04-17 00:00:00+00:00,122,24,0.3,10.2,0.0,46.02,14.459999
2026-04-17 00:00:00+00:00,127,3,0.0,13.0,0.0,46.12,14.519999
2026-04-17 00:00:00+00:00,127,6,0.0,12.7,0.0,46.12,14.519999
2026-04-17 00:00:00+00:00,127,24,0.3,11.8,0.0,46.12,14.519999
2026-04-17 00:00:00+00:00,129,3,0.0,11.8,0.0,46.02,14.519999
2026-04-17 00:00:00+00:00,129,6,0.0,11.2,0.0,46.02,14.519999
2026-04-17 00:00:00+00:00,129,24,0.0,11.2,0.0,46.02,14.519999
2026-04-17 00:00:00+00:00,177,3,0.0,10.4,0.0,45.6,14.859999
2026-04-17 00:00:00+00:00,177,6,0.0,10.3,0.0,45.6,14.859999
2026-04-17 00:00:00+00:00,177,24,0.0,9.4,0.0,45.6,14.859999
2026-04-17 00:00:00+00:00,194,3,0.0,8.5,0.0,46.52,15.039999
2026-04-17 00:00:00+00:00,194,6,0.0,8.4,0.0,46.52,15.039999
2026-04-17 00:00:00+00:00,194,24,0.0,9.7,0.0,46.52,15.039999
2026-04-17 00:00:00+00:00,236,3,0.0,11.8,0.0,45.8,15.179998
2026-04-17 00:00:00+00:00,236,6,0.0,10.1,0.0,45.8,15.179998
2026-04-17 00:00:00+00:00,236,24,0.0,10.1,0.0,45.8,15.179998
2026-04-17 00:00:00+00:00,325,3,0.0,9.6,0.0,46.56,15.639999
2026-04-17 00:00:00+00:00,325,6,0.0,10.2,0.0,46.56,15.639999
2026-04-17 00:00:00+00:00,325,24,0.0,9.7,0.0,46.56,15.639999
2026-04-17 00:00:00+00:00,391,3,0.0,6.6,0.0,46.7,16.099998
2026-04-17 00:00:00+00:00,391,6,0.0,7.0,0.0,46.7,16.099998
2026-04-17 00:00:00+00:00,391,24,0.3,6.7,0.0,46.7,16.099998
2026-04-17 00:00:00+00:00,422,3,0.0,8.8,0.0,46.24,15.219999
2026-04-17 00:00:00+00:00,422,6,0.0,8.8,0.0,46.24,15.219999
2026-04-17 00:00:00+00:00,422,24,0.0,10.4,0.0,46.24,15.219999
2026-04-17 00:00:00+00:00,425,3,0.0,12.2,0.0,45.94,15.519999
2026-04-17 00:00:00+00:00,425,6,0.0,11.4,0.0,45.94,15.519999
2026-04-17 00:00:00+00:00,425,24,0.0,11.8,0.0,45.94,15.519999
2026-04-17 00:00:00+00:00,426,3,0.0,13.9,0.0,45.54,13.719999
2026-04-17 00:00:00+00:00,426,6,0.0,13.7,0.0,45.54,13.719999
2026-04-17 00:00:00+00:00,426,24,0.0,13.7,0.0,45.54,13.719999
2026-04-17 03:00:00+00:00,63,6,0.0,8.3,0.0,46.420002,14.08
2026-04-17 03:00:00+00:00,76,6,0.0,8.7,0.0,46.34,14.199999
2026-04-17 03:00:00+00:00,106,6,0.0,9.4,0.0,46.260002,14.4
2026-04-17 03:00:00+00:00,122,6,0.0,9.0,0.0,46.02,14.459999
2026-04-17 03:00:00+00:00,127,6,0.0,10.7,0.0,46.12,14.519999
2026-04-17 03:00:00+00:00,129,6,0.0,9.4,0.0,46.02,14.519999
2026-04-17 03:00:00+00:00,177,6,0.0,8.9,0.0,45.6,14.859999
2026-04-17 03:00:00+00:00,194,6,0.0,7.2,0.0,46.52,15.039999
2026-04-17 03:00:00+00:00,236,6,0.0,10.0,0.0,45.8,15.179998
2026-04-17 03:00:00+00:00,325,6,0.0,9.0,0.0,46.56,15.639999
2026-04-17 03:00:00+00:00,391,6,0.0,5.9,0.0,46.7,16.099998
2026-04-17 03:00:00+00:00,422,6,0.0,8.7,0.0,46.24,15.219999
2026-04-17 03:00:00+00:00,425,6,0.0,10.1,0.0,45.94,15.519999
2026-04-17 03:00:00+00:00,426,6,0.0,14.2,0.0,45.54,13.719999
2026-04-17 06:00:00+00:00,63,24,147.8,11.0,0.0,46.420002,14.08
2026-04-17 06:00:00+00:00,76,24,139.5,10.1,0.0,46.34,14.199999
2026-04-17 06:00:00+00:00,106,24,140.3,10.5,0.0,46.260002,14.4
2026-04-17 06:00:00+00:00,122,24,98.5,7.7,0.0,46.02,14.459999
2026-04-17 06:00:00+00:00,127,24,133.3,10.8,0.0,46.12,14.519999
2026-04-17 06:00:00+00:00,129,24,106.8,8.1,0.0,46.02,14.519999
2026-04-17 06:00:00+00:00,177,24,162.3,10.6,0.0,45.6,14.859999
2026-04-17 06:00:00+00:00,194,24,151.3,10.4,0.0,46.52,15.039999
2026-04-17 06:00:00+00:00,236,24,129.3,9.7,0.0,45.8,15.179998
2026-04-17 06:00:00+00:00,325,24,158.3,11.8,0.0,46.56,15.639999
2026-04-17 06:00:00+00:00,391,24,160.0,9.8,0.0,46.7,16.099998
2026-04-17 06:00:00+00:00,422,24,134.5,8.8,0.0,46.24,15.219999
2026-04-17 06:00:00+00:00,425,24,136.3,11.1,0.0,45.94,15.519999
2026-04-17 06:00:00+00:00,426,24,138.5,14.0,0.0,45.54,13.719999
2026-04-17 09:00:00+00:00,63,24,647.3,16.8,0.0,46.420002,14.08
2026-04-17 09:00:00+00:00,76,24,650.3,16.8,0.0,46.34,14.199999
2026-04-17 09:00:00+00:00,106,24,654.8,16.7,0.0,46.260002,14.4
2026-04-17 09:00:00+00:00,122,24,648.0,17.1,0.0,46.02,14.459999
2026-04-17 09:00:00+00:00,127,24,649.8,16.7,0.0,46.12,14.519999
2026-04-17 09:00:00+00:00,129,24,650.3,16.9,0.0,46.02,14.519999
2026-04-17 09:00:00+00:00,177,24,526.5,14.0,0.0,45.6,14.859999
2026-04-17 09:00:00+00:00,194,24,644.3,18.0,0.0,46.52,15.039999
2026-04-17 09:00:00+00:00,236,24,653.8,18.0,0.0,45.8,15.179998
2026-04-17 09:00:00+00:00,325,24,649.0,18.6,0.0,46.56,15.639999
2026-04-17 09:00:00+00:00,391,24,652.5,18.6,0.0,46.7,16.099998
2026-04-17 09:00:00+00:00,422,24,656.5,18.4,0.0,46.24,15.219999
2026-04-17 09:00:00+00:00,425,24,649.8,18.5,0.0,45.94,15.519999
2026-04-17 09:00:00+00:00,426,24,627.8,19.8,0.0,45.54,13.719999
2026-04-17 12:00:00+00:00,63,24,811.3,19.8,0.0,46.420002,14.08
2026-04-17 12:00:00+00:00,76,24,710.5,19.4,0.0,46.34,14.199999
2026-04-17 12:00:00+00:00,106,24,688.8,19.9,0.0,46.260002,14.4
2026-04-17 12:00:00+00:00,122,24,749.3,20.9,0.0,46.02,14.459999
2026-04-17 12:00:00+00:00,127,24,606.8,19.6,0.0,46.12,14.519999
2026-04-17 12:00:00+00:00,129,24,708.3,21.4,0.0,46.02,14.519999
2026-04-17 12:00:00+00:00,177,24,733.0,16.2,0.0,45.6,14.859999
2026-04-17 12:00:00+00:00,194,24,390.0,19.0,0.0,46.52,15.039999
2026-04-17 12:00:00+00:00,236,24,680.8,20.8,0.0,45.8,15.179998
2026-04-17 12:00:00+00:00,325,24,610.5,20.8,0.0,46.56,15.639999
2026-04-17 12:00:00+00:00,391,24,284.0,20.5,0.0,46.7,16.099998
2026-04-17 12:00:00+00:00,422,24,596.5,20.8,0.0,46.24,15.219999
2026-04-17 12:00:00+00:00,425,24,720.3,21.6,0.0,45.94,15.519999
2026-04-17 12:00:00+00:00,426,24,785.0,23.8,0.0,45.54,13.719999
2026-04-17 15:00:00+00:00,63,24,520.3,19.7,0.0,46.420002,14.08
2026-04-17 15:00:00+00:00,76,24,469.3,19.7,0.0,46.34,14.199999
2026-04-17 15:00:00+00:00,106,24,491.3,20.4,0.0,46.260002,14.4
2026-04-17 15:00:00+00:00,122,24,484.5,21.3,0.0,46.02,14.459999
2026-04-17 15:00:00+00:00,127,24,445.5,20.2,0.0,46.12,14.519999
2026-04-17 15:00:00+00:00,129,24,400.5,21.5,0.0,46.02,14.519999
2026-04-17 15:00:00+00:00,177,24,433.3,16.4,0.0,45.6,14.859999
2026-04-17 15:00:00+00:00,194,24,249.3,19.2,0.0,46.52,15.039999
2026-04-17 15:00:00+00:00,236,24,447.3,21.2,0.0,45.8,15.179998
2026-04-17 15:00:00+00:00,325,24,422.0,21.4,0.0,46.56,15.639999
2026-04-17 15:00:00+00:00,391,24,341.5,20.9,0.0,46.7,16.099998
2026-04-17 15:00:00+00:00,422,24,475.3,21.8,0.0,46.24,15.219999
2026-04-17 15:00:00+00:00,425,24,498.8,22.0,0.0,45.94,15.519999
2026-04-17 15:00:00+00:00,426,24,521.0,20.2,0.0,45.54,13.719999
2026-04-17 18:00:00+00:00,63,24,26.0,15.0,0.0,46.420002,14.08
2026-04-17 18:00:00+00:00,76,24,25.8,16.1,0.0,46.34,14.199999
2026-04-17 18:00:00+00:00,106,24,26.5,16.5,0.0,46.260002,14.4
2026-04-17 18:00:00+00:00,122,24,25.8,16.9,0.0,46.02,14.459999
2026-04-17 18:00:00+00:00,127,24,26.0,16.0,0.0,46.12,14.519999
2026-04-17 18:00:00+00:00,129,24,24.8,17.5,0.0,46.02,14.519999
2026-04-17 18:00:00+00:00,177,24,25.0,12.8,0.0,45.6,14.859999
2026-04-17 18:00:00+00:00,194,24,20.3,14.4,0.0,46.52,15.039999
2026-04-17 18:00:00+00:00,236,24,21.5,16.8,0.0,45.8,15.179998
2026-04-17 18:00:00+00:00,325,24,17.8,18.2,0.0,46.56,15.639999
2026-04-17 18:00:00+00:00,391,24,16.5,16.3,0.0,46.7,16.099998
2026-04-17 18:00:00+00:00,422,24,22.0,17.2,0.0,46.24,15.219999
2026-04-17 18:00:00+00:00,425,24,20.5,16.7,0.0,45.94,15.519999
2026-04-17 18:00:00+00:00,426,24,28.5,17.8,0.0,45.54,13.719999
2026-04-17 21:00:00+00:00,63,24,0.0,12.4,0.0,46.420002,14.08
2026-04-17 21:00:00+00:00,76,24,0.5,12.3,0.0,46.34,14.199999
2026-04-17 21:00:00+00:00,106,24,0.0,11.8,0.0,46.260002,14.4
2026-04-17 21:00:00+00:00,122,24,0.0,11.3,0.0,46.02,14.459999
2026-04-17 21:00:00+00:00,127,24,0.0,13.9,0.0,46.12,14.519999
2026-04-17 21:00:00+00:00,129,24,0.3,12.5,0.0,46.02,14.519999
2026-04-17 21:00:00+00:00,177,24,0.0,11.3,0.0,45.6,14.859999
2026-04-17 21:00:00+00:00,194,24,0.0,12.5,0.0,46.52,15.039999
2026-04-17 21:00:00+00:00,236,24,0.0,10.7,0.0,45.8,15.179998
2026-04-17 21:00:00+00:00,325,24,0.3,13.4,0.0,46.56,15.639999
2026-04-17 21:00:00+00:00,391,24,0.3,14.0,0.0,46.7,16.099998
2026-04-17 21:00:00+00:00,422,24,0.0,10.6,0.0,46.24,15.219999
2026-04-17 21:00:00+00:00,425,24,0.0,10.3,0.0,45.94,15.519999
2026-04-17 21:00:00+00:00,426,24,0.3,14.8,0.0,45.54,13.719999
2026-04-17 01:00:00+00:00,63,1,0.0,9.2,0.0,46.420002,14.08
2026-04-17 01:00:00+00:00,76,1,0.0,9.2,0.0,46.34,14.199999
2026-04-17 01:00:00+00:00,106,1,0.0,9.4,0.0,46.260002,14.4
2026-04-17 01:00:00+00:00,122,1,0.0,9.6,0.0,46.02,14.459999
2026-04-17 01:00:00+00:00,127,1,0.0,11.0,0.0,46.12,14.519999
2026-04-17 01:00:00+00:00,129,1,0.0,11.4,0.0,46.02,14.519999
2026-04-17 01:00:00+00:00,177,1,0.0,9.8,0.0,45.6,14.859999
2026-04-17 01:00:00+00:00,194,1,0.0,6.8,0.0,46.52,15.039999
2026-04-17 01:00:00+00:00,236,1,0.0,10.9,0.0,45.8,15.179998
2026-04-17 01:00:00+00:00,325,1,0.0,8.6,0.0,46.56,15.639999
2026-04-17 01:00:00+00:00,391,1,0.0,6.3,0.0,46.7,16.099998
2026-04-17 01:00:00+00:00,422,1,0.0,8.1,0.0,46.24,15.219999
2026-04-17 01:00:00+00:00,425,1,0.0,10.3,0.0,45.94,15.519999
2026-04-17 01:00:00+00:00,426,1,0.0,14.1,0.0,45.54,13.719999
2026-04-17 02:00:00+00:00,63,2,0.0,8.4,0.0,46.420002,14.08
2026-04-17 02:00:00+00:00,76,2,0.0,8.5,0.0,46.34,14.199999
2026-04-17 02:00:00+00:00,106,2,0.0,9.1,0.0,46.260002,14.4
2026-04-17 02:00:00+00:00,122,2,0.0,8.1,0.0,46.02,14.459999
2026-04-17 02:00:00+00:00,127,2,0.0,10.8,0.0,46.12,14.519999
2026-04-17 02:00:00+00:00,129,2,0.0,10.2,0.0,46.02,14.519999
2026-04-17 02:00:00+00:00,177,2,0.0,9.3,0.0,45.6,14.859999
2026-04-17 02:00:00+00:00,194,2,0.0,6.6,0.0,46.52,15.039999
2026-04-17 02:00:00+00:00,236,2,0.0,10.1,0.0,45.8,15.179998
2026-04-17 02:00:00+00:00,325,2,0.0,8.5,0.0,46.56,15.639999
2026-04-17 02:00:00+00:00,391,2,0.0,5.8,0.0,46.7,16.099998
2026-04-17 02:00:00+00:00,422,2,0.0,7.8,0.0,46.24,15.219999
2026-04-17 02:00:00+00:00,425,2,0.0,9.5,0.0,45.94,15.519999
2026-04-17 02:00:00+00:00,426,2,0.0,13.8,0.0,45.54,13.719999
2026-04-17 03:00:00+00:00,63,3,0.0,8.0,0.0,46.420002,14.08
2026-04-17 03:00:00+00:00,76,3,0.0,8.1,0.0,46.34,14.199999
2026-04-17 03:00:00+00:00,106,3,0.0,8.4,0.0,46.260002,14.4
2026-04-17 03:00:00+00:00,122,3,0.0,7.1,0.0,46.02,14.459999
2026-04-17 03:00:00+00:00,127,3,0.0,10.4,0.0,46.12,14.519999
2026-04-17 03:00:00+00:00,129,3,0.0,8.3,0.0,46.02,14.519999
2026-04-17 03:00:00+00:00,177,3,0.0,8.9,0.0,45.6,14.859999
2026-04-17 03:00:00+00:00,194,3,0.0,6.0,0.0,46.52,15.039999
2026-04-17 03:00:00+00:00,236,3,0.0,8.8,0.0,45.8,15.179998
2026-04-17 03:00:00+00:00,325,3,0.0,8.8,0.0,46.56,15.639999
2026-04-17 03:00:00+00:00,391,3,0.0,5.6,0.0,46.7,16.099998
2026-04-17 03:00:00+00:00,422,3,0.0,6.6,0.0,46.24,15.219999
2026-04-17 03:00:00+00:00,425,3,0.0,8.9,0.0,45.94,15.519999
2026-04-17 03:00:00+00:00,426,3,0.0,14.0,0.0,45.54,13.719999
2026-04-17 06:00:00+00:00,63,6,150.0,11.4,0.0,46.420002,14.08
2026-04-17 06:00:00+00:00,76,6,143.0,9.7,0.0,46.34,14.199999
2026-04-17 06:00:00+00:00,106,6,150.3,9.6,0.0,46.260002,14.4
2026-04-17 06:00:00+00:00,122,6,97.5,8.4,0.0,46.02,14.459999
2026-04-17 06:00:00+00:00,127,6,146.3,11.1,0.0,46.12,14.519999
2026-04-17 06:00:00+00:00,129,6,96.3,8.3,0.0,46.02,14.519999
2026-04-17 06:00:00+00:00,177,6,163.3,10.6,0.0,45.6,14.859999
2026-04-17 06:00:00+00:00,194,6,150.5,9.4,0.0,46.52,15.039999
2026-04-17 06:00:00+00:00,236,6,131.0,9.7,0.0,45.8,15.179998
2026-04-17 06:00:00+00:00,325,6,160.0,11.9,0.0,46.56,15.639999
2026-04-17 06:00:00+00:00,391,6,162.0,9.3,0.0,46.7,16.099998
2026-04-17 06:00:00+00:00,422,6,103.5,6.3,0.0,46.24,15.219999
2026-04-17 06:00:00+00:00,425,6,134.8,10.2,0.0,45.94,15.519999
2026-04-17 06:00:00+00:00,426,6,131.3,14.3,0.0,45.54,13.719999
2026-04-17 07:00:00+00:00,63,1,330.5,14.4,0.0,46.420002,14.08
2026-04-17 07:00:00+00:00,76,1,318.3,12.6,0.0,46.34,14.199999
2026-04-17 07:00:00+00:00,106,1,328.0,12.6,0.0,46.260002,14.4
2026-04-17 07:00:00+00:00,122,1,293.8,12.3,0.0,46.02,14.459999
2026-04-17 07:00:00+00:00,127,1,327.3,13.3,0.0,46.12,14.519999
2026-04-17 07:00:00+00:00,129,1,286.3,11.8,0.0,46.02,14.519999
2026-04-17 07:00:00+00:00,177,1,350.0,12.0,0.0,45.6,14.859999
2026-04-17 07:00:00+00:00,194,1,325.3,12.9,0.0,46.52,15.039999
2026-04-17 07:00:00+00:00,236,1,330.8,13.9,0.0,45.8,15.179998
2026-04-17 07:00:00+00:00,325,1,322.0,15.3,0.0,46.56,15.639999
2026-04-17 07:00:00+00:00,391,1,319.0,13.4,0.0,46.7,16.099998
2026-04-17 07:00:00+00:00,422,1,315.3,11.7,0.0,46.24,15.219999
2026-04-17 07:00:00+00:00,425,1,322.8,13.4,0.0,45.94,15.519999
2026-04-17 07:00:00+00:00,426,1,312.8,17.6,0.0,45.54,13.719999
2026-04-17 08:00:00+00:00,63,2,510.0,15.7,0.0,46.420002,14.08
2026-04-17 08:00:00+00:00,76,2,496.3,15.4,0.0,46.34,14.199999
2026-04-17 08:00:00+00:00,106,2,506.5,15.2,0.0,46.260002,14.4
2026-04-17 08:00:00+00:00,122,2,498.8,15.5,0.0,46.02,14.459999
2026-04-17 08:00:00+00:00,127,2,503.3,15.2,0.0,46.12,14.519999
2026-04-17 08:00:00+00:00,129,2,501.5,15.3,0.0,46.02,14.519999
2026-04-17 08:00:00+00:00,177,2,514.3,12.9,0.0,45.6,14.859999
2026-04-17 08:00:00+00:00,194,2,502.3,15.4,0.0,46.52,15.039999
2026-04-17 08:00:00+00:00,236,2,508.3,16.4,0.0,45.8,15.179998
2026-04-17 08:00:00+00:00,325,2,444.0,17.0,0.0,46.56,15.639999
2026-04-17 08:00:00+00:00,391,2,487.3,16.3,0.0,46.7,16.099998
2026-04-17 08:00:00+00:00,422,2,505.3,15.6,0.0,46.24,15.219999
2026-04-17 08:00:00+00:00,425,2,506.8,16.5,0.0,45.94,15.519999
2026-04-17 08:00:00+00:00,426,2,492.3,20.2,0.0,45.54,13.719999
2026-04-17 09:00:00+00:00,63,3,661.5,16.8,0.0,46.420002,14.08
2026-04-17 09:00:00+00:00,76,3,650.0,16.8,0.0,46.34,14.199999
2026-04-17 09:00:00+00:00,106,3,656.8,16.6,0.0,46.260002,14.4
2026-04-17 09:00:00+00:00,122,3,650.5,17.5,0.0,46.02,14.459999
2026-04-17 09:00:00+00:00,127,3,649.0,16.9,0.0,46.12,14.519999
2026-04-17 09:00:00+00:00,129,3,651.5,17.5,0.0,46.02,14.519999
2026-04-17 09:00:00+00:00,177,3,467.0,13.6,0.0,45.6,14.859999
2026-04-17 09:00:00+00:00,194,3,653.0,17.3,0.0,46.52,15.039999
2026-04-17 09:00:00+00:00,236,3,658.3,18.3,0.0,45.8,15.179998
2026-04-17 09:00:00+00:00,325,3,635.5,18.2,0.0,46.56,15.639999
2026-04-17 09:00:00+00:00,391,3,653.8,18.6,0.0,46.7,16.099998
2026-04-17 09:00:00+00:00,422,3,653.8,18.0,0.0,46.24,15.219999
2026-04-17 09:00:00+00:00,425,3,636.3,18.4,0.0,45.94,15.519999
2026-04-17 09:00:00+00:00,426,3,647.3,22.4,0.0,45.54,13.719999
2026-04-17 10:00:00+00:00,63,1,765.8,17.9,0.0,46.420002,14.08
2026-04-17 10:00:00+00:00,76,1,748.0,17.8,0.0,46.34,14.199999
2026-04-17 10:00:00+00:00,106,1,763.0,18.2,0.0,46.260002,14.4
2026-04-17 10:00:00+00:00,122,1,650.5,19.2,0.0,46.02,14.459999
2026-04-17 10:00:00+00:00,127,1,562.8,18.4,0.0,46.12,14.519999
2026-04-17 10:00:00+00:00,129,1,566.5,19.6,0.0,46.02,14.519999
2026-04-17 10:00:00+00:00,177,1,502.0,15.0,0.0,45.6,14.859999
2026-04-17 10:00:00+00:00,194,1,757.5,18.9,0.0,46.52,15.039999
2026-04-17 10:00:00+00:00,236,1,705.0,19.6,0.0,45.8,15.179998
2026-04-17 10:00:00+00:00,325,1,716.5,19.1,0.0,46.56,15.639999
2026-04-17 10:00:00+00:00,391,1,636.3,20.5,0.0,46.7,16.099998
2026-04-17 10:00:00+00:00,422,1,651.0,19.3,0.0,46.24,15.219999
2026-04-17 10:00:00+00:00,425,1,697.5,20.0,0.0,45.94,15.519999
2026-04-17 10:00:00+00:00,426,1,763.5,23.7,0.0,45.54,13.719999
2026-04-17 11:00:00+00:00,63,2,805.0,18.8,0.0,46.420002,14.08
2026-04-17 11:00:00+00:00,76,2,804.5,18.5,0.0,46.34,14.199999
2026-04-17 11:00:00+00:00,106,2,791.3,19.2,0.0,46.260002,14.4
2026-04-17 11:00:00+00:00,122,2,730.0,20.5,0.0,46.02,14.459999
2026-04-17 11:00:00+00:00,127,2,674.8,19.1,0.0,46.12,14.519999
2026-04-17 11:00:00+00:00,129,2,760.3,20.8,0.0,46.02,14.519999
2026-04-17 11:00:00+00:00,177,2,519.5,15.3,0.0,45.6,14.859999
2026-04-17 11:00:00+00:00,194,2,687.8,19.2,0.0,46.52,15.039999
2026-04-17 11:00:00+00:00,236,2,713.8,20.0,0.0,45.8,15.179998
2026-04-17 11:00:00+00:00,325,2,811.5,20.1,0.0,46.56,15.639999
2026-04-17 11:00:00+00:00,391,2,712.8,21.1,0.0,46.7,16.099998
2026-04-17 11:00:00+00:00,422,2,724.0,20.7,0.0,46.24,15.219999
2026-04-17 11:00:00+00:00,425,2,652.3,20.9,0.0,45.94,15.519999
2026-04-17 11:00:00+00:00,426,2,826.5,24.4,0.0,45.54,13.719999
2026-04-17 12:00:00+00:00,63,3,811.3,19.0,0.0,46.420002,14.08
2026-04-17 12:00:00+00:00,63,6,804.0,18.9,0.0,46.420002,14.08
2026-04-17 12:00:00+00:00,76,3,785.5,19.3,0.0,46.34,14.199999
2026-04-17 12:00:00+00:00,76,6,804.0,19.1,0.0,46.34,14.199999
2026-04-17 12:00:00+00:00,106,3,689.3,20.1,0.0,46.260002,14.4
2026-04-17 12:00:00+00:00,106,6,631.5,19.5,0.0,46.260002,14.4
2026-04-17 12:00:00+00:00,122,3,731.3,21.0,0.0,46.02,14.459999
2026-04-17 12:00:00+00:00,122,6,585.0,20.7,0.0,46.02,14.459999
2026-04-17 12:00:00+00:00,127,3,647.8,19.7,0.0,46.12,14.519999
2026-04-17 12:00:00+00:00,127,6,582.5,19.5,0.0,46.12,14.519999
2026-04-17 12:00:00+00:00,129,3,777.3,21.6,0.0,46.02,14.519999
2026-04-17 12:00:00+00:00,129,6,640.8,21.4,0.0,46.02,14.519999
2026-04-17 12:00:00+00:00,177,3,479.5,15.6,0.0,45.6,14.859999
2026-04-17 12:00:00+00:00,177,6,458.8,15.4,0.0,45.6,14.859999
2026-04-17 12:00:00+00:00,194,3,516.5,19.9,0.0,46.52,15.039999
2026-04-17 12:00:00+00:00,194,6,443.5,19.3,0.0,46.52,15.039999
2026-04-17 12:00:00+00:00,236,3,695.0,21.1,0.0,45.8,15.179998
2026-04-17 12:00:00+00:00,236,6,664.3,20.9,0.0,45.8,15.179998
2026-04-17 12:00:00+00:00,325,3,809.0,20.9,0.0,46.56,15.639999
2026-04-17 12:00:00+00:00,325,6,784.8,20.9,0.0,46.56,15.639999
2026-04-17 12:00:00+00:00,391,3,404.3,21.1,0.0,46.7,16.099998
2026-04-17 12:00:00+00:00,391,6,649.8,20.9,0.0,46.7,16.099998
2026-04-17 12:00:00+00:00,422,3,702.5,20.8,0.0,46.24,15.219999
2026-04-17 12:00:00+00:00,422,6,260.3,16.9,0.7,46.24,15.219999
2026-04-17 12:00:00+00:00,425,3,701.3,21.4,0.0,45.94,15.519999
2026-04-17 12:00:00+00:00,425,6,775.8,21.3,0.0,45.94,15.519999
2026-04-17 12:00:00+00:00,426,3,830.5,24.7,0.0,45.54,13.719999
2026-04-17 12:00:00+00:00,426,6,825.8,23.6,0.0,45.54,13.719999
2026-04-17 13:00:00+00:00,63,1,673.3,20.0,0.0,46.420002,14.08
2026-04-17 13:00:00+00:00,76,1,721.0,19.9,0.0,46.34,14.199999
2026-04-17 13:00:00+00:00,106,1,684.5,20.8,0.0,46.260002,14.4
2026-04-17 13:00:00+00:00,122,1,474.0,20.5,0.0,46.02,14.459999
2026-04-17 13:00:00+00:00,127,1,493.0,19.8,0.0,46.12,14.519999
2026-04-17 13:00:00+00:00,129,1,480.0,21.3,0.0,46.02,14.519999
2026-04-17 13:00:00+00:00,177,1,469.5,16.2,0.0,45.6,14.859999
2026-04-17 13:00:00+00:00,194,1,571.3,20.5,0.0,46.52,15.039999
2026-04-17 13:00:00+00:00,236,1,715.5,21.8,0.0,45.8,15.179998
2026-04-17 13:00:00+00:00,325,1,508.8,20.8,0.0,46.56,15.639999
2026-04-17 13:00:00+00:00,391,1,415.0,20.7,0.0,46.7,16.099998
2026-04-17 13:00:00+00:00,422,1,715.5,21.5,0.0,46.24,15.219999
2026-04-17 13:00:00+00:00,425,1,635.3,21.6,0.0,45.94,15.519999
2026-04-17 13:00:00+00:00,426,1,777.0,23.8,0.0,45.54,13.719999
2026-04-17 14:00:00+00:00,63,2,659.5,20.1,0.0,46.420002,14.08
2026-04-17 14:00:00+00:00,76,2,598.0,20.1,0.0,46.34,14.199999
2026-04-17 14:00:00+00:00,106,2,582.3,20.6,0.0,46.260002,14.4
2026-04-17 14:00:00+00:00,122,2,590.0,21.6,0.0,46.02,14.459999
2026-04-17 14:00:00+00:00,127,2,485.3,20.2,0.0,46.12,14.519999
2026-04-17 14:00:00+00:00,129,2,544.8,21.3,0.0,46.02,14.519999
2026-04-17 14:00:00+00:00,177,2,490.3,16.6,0.0,45.6,14.859999
2026-04-17 14:00:00+00:00,194,2,276.0,19.4,0.0,46.52,15.039999
2026-04-17 14:00:00+00:00,236,2,589.5,21.7,0.0,45.8,15.179998
2026-04-17 14:00:00+00:00,325,2,487.3,20.8,0.0,46.56,15.639999
2026-04-17 14:00:00+00:00,391,2,315.0,19.7,0.0,46.7,16.099998
2026-04-17 14:00:00+00:00,422,2,631.3,21.6,0.0,46.24,15.219999
2026-04-17 14:00:00+00:00,425,2,576.8,21.8,0.0,45.94,15.519999
2026-04-17 14:00:00+00:00,426,2,671.0,23.9,0.0,45.54,13.719999
2026-04-17 15:00:00+00:00,63,3,517.3,19.9,0.0,46.420002,14.08
2026-04-17 15:00:00+00:00,63,6,514.8,19.7,0.0,46.420002,14.08
2026-04-17 15:00:00+00:00,76,3,461.5,19.7,0.0,46.34,14.199999
2026-04-17 15:00:00+00:00,76,6,473.8,19.7,0.0,46.34,14.199999
2026-04-17 15:00:00+00:00,106,3,451.8,20.4,0.0,46.260002,14.4
2026-04-17 15:00:00+00:00,106,6,475.3,20.4,0.0,46.260002,14.4
2026-04-17 15:00:00+00:00,122,3,381.8,21.1,0.0,46.02,14.459999
2026-04-17 15:00:00+00:00,122,6,453.5,21.2,0.0,46.02,14.459999
2026-04-17 15:00:00+00:00,127,3,431.8,20.2,0.0,46.12,14.519999
2026-04-17 15:00:00+00:00,127,6,471.0,20.2,0.0,46.12,14.519999
2026-04-17 15:00:00+00:00,129,3,361.0,21.0,0.0,46.02,14.519999
2026-04-17 15:00:00+00:00,129,6,432.0,21.2,0.0,46.02,14.519999
2026-04-17 15:00:00+00:00,177,3,528.5,16.5,0.0,45.6,14.859999
2026-04-17 15:00:00+00:00,177,6,522.3,16.4,0.0,45.6,14.859999
2026-04-17 15:00:00+00:00,194,3,211.3,19.2,0.0,46.52,15.039999
2026-04-17 15:00:00+00:00,194,6,262.0,19.1,0.0,46.52,15.039999
2026-04-17 15:00:00+00:00,236,3,488.3,21.2,0.0,45.8,15.179998
2026-04-17 15:00:00+00:00,236,6,428.3,21.4,0.0,45.8,15.179998
2026-04-17 15:00:00+00:00,325,3,413.3,20.6,0.0,46.56,15.639999
2026-04-17 15:00:00+00:00,325,6,381.3,20.4,0.0,46.56,15.639999
2026-04-17 15:00:00+00:00,391,3,314.8,20.3,0.0,46.7,16.099998
2026-04-17 15:00:00+00:00,391,6,379.5,20.4,0.0,46.7,16.099998
2026-04-17 15:00:00+00:00,422,3,394.8,21.4,0.0,46.24,15.219999
2026-04-17 15:00:00+00:00,422,6,471.3,21.5,0.0,46.24,15.219999
2026-04-17 15:00:00+00:00,425,3,486.3,21.6,0.0,45.94,15.519999
2026-04-17 15:00:00+00:00,425,6,435.3,21.7,0.0,45.94,15.519999
2026-04-17 15:00:00+00:00,426,3,521.8,22.7,0.0,45.54,13.719999
2026-04-17 15:00:00+00:00,426,6,518.8,23.4,0.0,45.54,13.719999
2026-04-17 16:00:00+00:00,63,1,299.0,18.3,0.0,46.420002,14.08
2026-04-17 16:00:00+00:00,76,1,315.0,19.0,0.0,46.34,14.199999
2026-04-17 16:00:00+00:00,106,1,275.0,19.6,0.0,46.260002,14.4
2026-04-17 16:00:00+00:00,122,1,293.5,20.5,0.0,46.02,14.459999
2026-04-17 16:00:00+00:00,127,1,274.0,19.4,0.0,46.12,14.519999
2026-04-17 16:00:00+00:00,129,1,267.5,20.6,0.0,46.02,14.519999
2026-04-17 16:00:00+00:00,177,1,316.8,16.0,0.0,45.6,14.859999
2026-04-17 16:00:00+00:00,194,1,208.8,19.0,0.0,46.52,15.039999
2026-04-17 16:00:00+00:00,236,1,304.8,20.9,0.0,45.8,15.179998
2026-04-17 16:00:00+00:00,325,1,294.8,19.6,0.0,46.56,15.639999
2026-04-17 16:00:00+00:00,391,1,188.3,19.6,0.0,46.7,16.099998
2026-04-17 16:00:00+00:00,422,1,310.5,20.5,0.0,46.24,15.219999
2026-04-17 16:00:00+00:00,425,1,286.8,20.8,0.0,45.94,15.519999
2026-04-17 16:00:00+00:00,426,1,343.0,21.3,0.0,45.54,13.719999
2026-04-17 17:00:00+00:00,63,2,147.8,17.0,0.0,46.420002,14.08
2026-04-17 17:00:00+00:00,76,2,156.5,18.2,0.0,46.34,14.199999
2026-04-17 17:00:00+00:00,106,2,145.0,18.7,0.0,46.260002,14.4
2026-04-17 17:00:00+00:00,122,2,155.3,20.0,0.0,46.02,14.459999
2026-04-17 17:00:00+00:00,127,2,161.5,18.6,0.0,46.12,14.519999
2026-04-17 17:00:00+00:00,129,2,149.3,20.1,0.0,46.02,14.519999
2026-04-17 17:00:00+00:00,177,2,166.5,14.7,0.0,45.6,14.859999
2026-04-17 17:00:00+00:00,194,2,117.3,16.9,0.0,46.52,15.039999
2026-04-17 17:00:00+00:00,236,2,145.5,20.0,0.0,45.8,15.179998
2026-04-17 17:00:00+00:00,325,2,135.8,19.0,0.0,46.56,15.639999
2026-04-17 17:00:00+00:00,391,2,129.3,19.0,0.0,46.7,16.099998
2026-04-17 17:00:00+00:00,422,2,144.3,19.7,0.0,46.24,15.219999
2026-04-17 17:00:00+00:00,425,2,149.3,20.0,0.0,45.94,15.519999
2026-04-17 17:00:00+00:00,426,2,165.0,21.3,0.0,45.54,13.719999
2026-04-17 18:00:00+00:00,63,3,27.0,14.2,0.0,46.420002,14.08
2026-04-17 18:00:00+00:00,63,6,27.5,14.6,0.0,46.420002,14.08
2026-04-17 18:00:00+00:00,76,3,25.3,15.8,0.0,46.34,14.199999
2026-04-17 18:00:00+00:00,76,6,25.5,15.8,0.0,46.34,14.199999
2026-04-17 18:00:00+00:00,106,3,26.3,16.1,0.0,46.260002,14.4
2026-04-17 18:00:00+00:00,106,6,26.5,16.2,0.0,46.260002,14.4
2026-04-17 18:00:00+00:00,122,3,25.8,16.4,0.0,46.02,14.459999
2026-04-17 18:00:00+00:00,122,6,25.5,16.7,0.0,46.02,14.459999
2026-04-17 18:00:00+00:00,127,3,26.3,15.5,0.0,46.12,14.519999
2026-04-17 18:00:00+00:00,127,6,25.5,15.7,0.0,46.12,14.519999
2026-04-17 18:00:00+00:00,129,3,25.5,17.2,0.0,46.02,14.519999
2026-04-17 18:00:00+00:00,129,6,25.3,17.0,0.0,46.02,14.519999
2026-04-17 18:00:00+00:00,177,3,25.0,12.6,0.0,45.6,14.859999
2026-04-17 18:00:00+00:00,177,6,25.5,12.6,0.0,45.6,14.859999
2026-04-17 18:00:00+00:00,194,3,21.3,14.3,0.0,46.52,15.039999
2026-04-17 18:00:00+00:00,194,6,21.0,13.9,0.0,46.52,15.039999
2026-04-17 18:00:00+00:00,236,3,22.0,16.9,0.0,45.8,15.179998
2026-04-17 18:00:00+00:00,236,6,21.8,16.9,0.0,45.8,15.179998
2026-04-17 18:00:00+00:00,325,3,19.0,17.2,0.0,46.56,15.639999
2026-04-17 18:00:00+00:00,325,6,16.5,17.6,0.0,46.56,15.639999
2026-04-17 18:00:00+00:00,391,3,16.3,16.1,0.0,46.7,16.099998
2026-04-17 18:00:00+00:00,391,6,14.3,14.8,0.0,46.7,16.099998
2026-04-17 18:00:00+00:00,422,3,21.3,16.9,0.0,46.24,15.219999
2026-04-17 18:00:00+00:00,422,6,21.8,17.1,0.0,46.24,15.219999
2026-04-17 18:00:00+00:00,425,3,20.0,16.2,0.0,45.94,15.519999
2026-04-17 18:00:00+00:00,425,6,20.3,16.0,0.0,45.94,15.519999
2026-04-17 18:00:00+00:00,426,3,28.5,18.8,0.0,45.54,13.719999
2026-04-17 18:00:00+00:00,426,6,28.5,18.9,0.0,45.54,13.719999
2026-04-17 19:00:00+00:00,63,1,0.0,11.8,0.0,46.420002,14.08
2026-04-17 19:00:00+00:00,76,1,0.0,13.4,0.0,46.34,14.199999
2026-04-17 19:00:00+00:00,106,1,0.0,12.4,0.0,46.260002,14.4
2026-04-17 19:00:00+00:00,122,1,0.0,14.3,0.0,46.02,14.459999
2026-04-17 19:00:00+00:00,127,1,0.0,14.4,0.0,46.12,14.519999
2026-04-17 19:00:00+00:00,129,1,0.0,14.9,0.0,46.02,14.519999
2026-04-17 19:00:00+00:00,177,1,0.0,12.3,0.0,45.6,14.859999
2026-04-17 19:00:00+00:00,194,1,0.0,14.0,0.0,46.52,15.039999
2026-04-17 19:00:00+00:00,236,1,0.0,14.7,0.0,45.8,15.179998
2026-04-17 19:00:00+00:00,325,1,0.0,13.5,0.0,46.56,15.639999
2026-04-17 19:00:00+00:00,391,1,0.0,12.8,0.0,46.7,16.099998
2026-04-17 19:00:00+00:00,422,1,0.0,14.8,0.0,46.24,15.219999
2026-04-17 19:00:00+00:00,425,1,0.0,13.8,0.0,45.94,15.519999
2026-04-17 19:00:00+00:00,426,1,0.0,18.6,0.0,45.54,13.719999
2026-04-17 20:00:00+00:00,63,2,0.0,11.1,0.0,46.420002,14.08
2026-04-17 20:00:00+00:00,76,2,0.0,12.7,0.0,46.34,14.199999
2026-04-17 20:00:00+00:00,106,2,0.0,10.1,0.0,46.260002,14.4
2026-04-17 20:00:00+00:00,122,2,0.0,13.7,0.0,46.02,14.459999
2026-04-17 20:00:00+00:00,127,2,0.0,14.1,0.0,46.12,14.519999
2026-04-17 20:00:00+00:00,129,2,0.0,14.0,0.0,46.02,14.519999
2026-04-17 20:00:00+00:00,177,2,0.0,12.1,0.0,45.6,14.859999
2026-04-17 20:00:00+00:00,194,2,0.0,13.2,0.0,46.52,15.039999
2026-04-17 20:00:00+00:00,236,2,0.0,13.1,0.0,45.8,15.179998
2026-04-17 20:00:00+00:00,325,2,0.0,12.3,0.0,46.56,15.639999
2026-04-17 20:00:00+00:00,391,2,0.0,11.8,0.0,46.7,16.099998
2026-04-17 20:00:00+00:00,422,2,0.0,13.3,0.0,46.24,15.219999
2026-04-17 20:00:00+00:00,425,2,0.0,12.3,0.0,45.94,15.519999
2026-04-17 20:00:00+00:00,426,2,0.0,17.5,0.0,45.54,13.719999
2026-04-17 21:00:00+00:00,63,3,0.0,11.0,0.0,46.420002,14.08
2026-04-17 21:00:00+00:00,63,6,0.0,11.8,0.0,46.420002,14.08
2026-04-17 21:00:00+00:00,76,3,0.0,10.4,0.0,46.34,14.199999
2026-04-17 21:00:00+00:00,76,6,0.0,10.4,0.0,46.34,14.199999
2026-04-17 21:00:00+00:00,106,3,0.0,10.5,0.0,46.260002,14.4
2026-04-17 21:00:00+00:00,106,6,0.0,10.8,0.0,46.260002,14.4
2026-04-17 21:00:00+00:00,122,3,0.0,10.9,0.0,46.02,14.459999
2026-04-17 21:00:00+00:00,122,6,0.0,10.6,0.0,46.02,14.459999
2026-04-17 21:00:00+00:00,127,3,0.0,13.2,0.0,46.12,14.519999
2026-04-17 21:00:00+00:00,127,6,0.0,13.1,0.0,46.12,14.519999
2026-04-17 21:00:00+00:00,129,3,0.0,13.2,0.0,46.02,14.519999
2026-04-17 21:00:00+00:00,129,6,0.0,13.2,0.0,46.02,14.519999
2026-04-17 21:00:00+00:00,177,3,0.0,11.8,0.0,45.6,14.859999
2026-04-17 21:00:00+00:00,177,6,0.0,11.5,0.0,45.6,14.859999
2026-04-17 21:00:00+00:00,194,3,0.0,11.8,0.0,46.52,15.039999
2026-04-17 21:00:00+00:00,194,6,0.0,10.3,0.0,46.52,15.039999
2026-04-17 21:00:00+00:00,236,3,0.0,11.5,0.0,45.8,15.179998
2026-04-17 21:00:00+00:00,236,6,0.0,11.7,0.0,45.8,15.179998
2026-04-17 21:00:00+00:00,325,3,0.0,11.5,0.0,46.56,15.639999
2026-04-17 21:00:00+00:00,325,6,0.0,11.8,0.0,46.56,15.639999
2026-04-17 21:00:00+00:00,391,3,0.0,10.2,0.0,46.7,16.099998
2026-04-17 21:00:00+00:00,391,6,0.0,10.6,0.0,46.7,16.099998
2026-04-17 21:00:00+00:00,422,3,0.0,9.8,0.0,46.24,15.219999
2026-04-17 21:00:00+00:00,422,6,0.0,9.3,0.0,46.24,15.219999
2026-04-17 21:00:00+00:00,425,3,0.0,11.5,0.0,45.94,15.519999
2026-04-17 21:00:00+00:00,425,6,0.0,11.3,0.0,45.94,15.519999
2026-04-17 21:00:00+00:00,426,3,0.0,14.9,0.0,45.54,13.719999
2026-04-17 21:00:00+00:00,426,6,0.0,14.7,0.0,45.54,13.719999
2026-04-17 22:00:00+00:00,63,1,0.0,8.1,0.0,46.420002,14.08
2026-04-17 22:00:00+00:00,76,1,0.0,9.9,0.0,46.34,14.199999
2026-04-17 22:00:00+00:00,106,1,0.0,10.2,0.0,46.260002,14.4
2026-04-17 22:00:00+00:00,122,1,0.0,10.5,0.0,46.02,14.459999
2026-04-17 22:00:00+00:00,127,1,0.0,12.3,0.0,46.12,14.519999
2026-04-17 22:00:00+00:00,129,1,0.0,12.3,0.0,46.02,14.519999
2026-04-17 22:00:00+00:00,177,1,0.0,10.9,0.0,45.6,14.859999
2026-04-17 22:00:00+00:00,194,1,0.0,10.8,0.0,46.52,15.039999
2026-04-17 22:00:00+00:00,236,1,0.0,10.0,0.0,45.8,15.179998
2026-04-17 22:00:00+00:00,325,1,0.0,10.9,0.0,46.56,15.639999
2026-04-17 22:00:00+00:00,391,1,0.0,9.6,0.0,46.7,16.099998
2026-04-17 22:00:00+00:00,422,1,0.0,8.7,0.0,46.24,15.219999
2026-04-17 22:00:00+00:00,425,1,0.0,9.2,0.0,45.94,15.519999
2026-04-17 22:00:00+00:00,426,1,0.0,15.0,0.0,45.54,13.719999
2026-04-17 23:00:00+00:00,63,2,0.0,8.2,0.0,46.420002,14.08
2026-04-17 23:00:00+00:00,76,2,0.0,9.5,0.0,46.34,14.199999
2026-04-17 23:00:00+00:00,106,2,0.0,9.4,0.0,46.260002,14.4
2026-04-17 23:00:00+00:00,122,2,0.0,9.3,0.0,46.02,14.459999
2026-04-17 23:00:00+00:00,127,2,0.0,12.4,0.0,46.12,14.519999
2026-04-17 23:00:00+00:00,129,2,0.0,11.9,0.0,46.02,14.519999
2026-04-17 23:00:00+00:00,177,2,0.0,10.5,0.0,45.6,14.859999
2026-04-17 23:00:00+00:00,194,2,0.0,9.3,0.0,46.52,15.039999
2026-04-17 23:00:00+00:00,236,2,0.0,9.5,0.0,45.8,15.179998
2026-04-17 23:00:00+00:00,325,2,0.0,11.2,0.0,46.56,15.639999
2026-04-17 23:00:00+00:00,391,2,0.0,11.0,0.0,46.7,16.099998
2026-04-17 23:00:00+00:00,422,2,0.0,7.9,0.0,46.24,15.219999
2026-04-17 23:00:00+00:00,425,2,0.0,9.5,0.0,45.94,15.519999
2026-04-17 23:00:00+00:00,426,2,0.0,14.3,0.0,45.54,13.719999
2026-04-18 00:00:00+00:00,63,3,0.0,7.6,0.0,46.420002,14.08
2026-04-18 00:00:00+00:00,63,6,0.0,8.4,0.0,46.420002,14.08
2026-04-18 00:00:00+00:00,63,24,0.0,9.5,0.0,46.420002,14.08
2026-04-18 00:00:00+00:00,76,3,0.0,9.5,0.0,46.34,14.199999
2026-04-18 00:00:00+00:00,76,6,0.0,9.8,0.0,46.34,14.199999
2026-04-18 00:00:00+00:00,76,24,0.0,10.6,0.0,46.34,14.199999
2026-04-18 00:00:00+00:00,106,3,0.0,8.9,0.0,46.260002,14.4
2026-04-18 00:00:00+00:00,106,6,0.0,8.9,0.0,46.260002,14.4
2026-04-18 00:00:00+00:00,106,24,0.0,10.2,0.0,46.260002,14.4
2026-04-18 00:00:00+00:00,122,3,0.0,9.1,0.0,46.02,14.459999
2026-04-18 00:00:00+00:00,122,6,0.0,8.8,0.0,46.02,14.459999
2026-04-18 00:00:00+00:00,122,24,0.0,9.8,0.0,46.02,14.459999
2026-04-18 00:00:00+00:00,127,3,0.0,12.2,0.0,46.12,14.519999
2026-04-18 00:00:00+00:00,127,6,0.0,11.3,0.0,46.12,14.519999
2026-04-18 00:00:00+00:00,127,24,0.0,11.9,0.0,46.12,14.519999
2026-04-18 00:00:00+00:00,129,3,0.0,10.6,0.0,46.02,14.519999
2026-04-18 00:00:00+00:00,129,6,0.0,9.6,0.0,46.02,14.519999
2026-04-18 00:00:00+00:00,129,24,0.0,11.3,0.0,46.02,14.519999
2026-04-18 00:00:00+00:00,177,3,0.0,10.2,0.0,45.6,14.859999
2026-04-18 00:00:00+00:00,177,6,0.0,10.7,0.0,45.6,14.859999
2026-04-18 00:00:00+00:00,177,24,0.0,10.7,0.0,45.6,14.859999
2026-04-18 00:00:00+00:00,194,3,0.0,8.0,0.0,46.52,15.039999
2026-04-18 00:00:00+00:00,194,6,0.0,8.1,0.0,46.52,15.039999
2026-04-18 00:00:00+00:00,194,24,0.0,8.6,0.0,46.52,15.039999
2026-04-18 00:00:00+00:00,236,3,0.0,8.8,0.0,45.8,15.179998
2026-04-18 00:00:00+00:00,236,6,0.0,9.2,0.0,45.8,15.179998
2026-04-18 00:00:00+00:00,236,24,0.0,8.9,0.0,45.8,15.179998
2026-04-18 00:00:00+00:00,325,3,0.0,11.3,0.0,46.56,15.639999
2026-04-18 00:00:00+00:00,325,6,0.0,11.6,0.0,46.56,15.639999
2026-04-18 00:00:00+00:00,325,24,0.0,12.9,0.0,46.56,15.639999
2026-04-18 00:00:00+00:00,391,3,0.0,12.6,0.0,46.7,16.099998
2026-04-18 00:00:00+00:00,391,6,0.0,12.7,0.0,46.7,16.099998
2026-04-18 00:00:00+00:00,391,24,0.0,11.6,0.0,46.7,16.099998
2026-04-18 00:00:00+00:00,422,3,0.0,8.0,0.0,46.24,15.219999
2026-04-18 00:00:00+00:00,422,6,0.0,7.6,0.0,46.24,15.219999
2026-04-18 00:00:00+00:00,422,24,0.0,9.2,0.0,46.24,15.219999
2026-04-18 00:00:00+00:00,425,3,0.0,10.0,0.0,45.94,15.519999
2026-04-18 00:00:00+00:00,425,6,0.0,9.5,0.0,45.94,15.519999
2026-04-18 00:00:00+00:00,425,24,0.3,8.6,0.0,45.94,15.519999
2026-04-18 00:00:00+00:00,426,3,0.0,14.5,0.0,45.54,13.719999
2026-04-18 00:00:00+00:00,426,6,0.0,14.1,0.0,45.54,13.719999
2026-04-18 00:00:00+00:00,426,24,0.5,13.8,0.0,45.54,13.719999
2026-04-18 03:00:00+00:00,63,6,0.0,7.2,0.0,46.420002,14.08
2026-04-18 03:00:00+00:00,76,6,0.0,8.8,0.0,46.34,14.199999
2026-04-18 03:00:00+00:00,106,6,0.0,8.9,0.0,46.260002,14.4
2026-04-18 03:00:00+00:00,122,6,0.0,8.5,0.0,46.02,14.459999
2026-04-18 03:00:00+00:00,127,6,0.0,10.2,0.0,46.12,14.519999
2026-04-18 03:00:00+00:00,129,6,0.0,9.3,0.0,46.02,14.519999
2026-04-18 03:00:00+00:00,177,6,0.0,9.3,0.0,45.6,14.859999
2026-04-18 03:00:00+00:00,194,6,0.0,7.4,0.0,46.52,15.039999
2026-04-18 03:00:00+00:00,236,6,0.0,7.4,0.0,45.8,15.179998
2026-04-18 03:00:00+00:00,325,6,0.0,9.6,0.0,46.56,15.639999
2026-04-18 03:00:00+00:00,391,6,0.0,9.7,0.0,46.7,16.099998
2026-04-18 03:00:00+00:00,422,6,0.0,6.6,0.0,46.24,15.219999
2026-04-18 03:00:00+00:00,425,6,0.0,7.1,0.0,45.94,15.519999
2026-04-18 03:00:00+00:00,426,6,0.0,13.2,0.0,45.54,13.719999
2026-04-18 06:00:00+00:00,63,24,152.3,10.8,0.0,46.420002,14.08
2026-04-18 06:00:00+00:00,76,24,144.5,9.9,0.0,46.34,14.199999
2026-04-18 06:00:00+00:00,106,24,154.3,10.2,0.0,46.260002,14.4
2026-04-18 06:00:00+00:00,122,24,145.8,10.4,0.0,46.02,14.459999
2026-04-18 06:00:00+00:00,127,24,154.0,11.6,0.0,46.12,14.519999
2026-04-18 06:00:00+00:00,129,24,148.3,10.9,0.0,46.02,14.519999
2026-04-18 06:00:00+00:00,177,24,157.0,10.5,0.0,45.6,14.859999
2026-04-18 06:00:00+00:00,194,24,145.0,10.5,0.0,46.52,15.039999
2026-04-18 06:00:00+00:00,236,24,151.5,9.2,0.0,45.8,15.179998
2026-04-18 06:00:00+00:00,325,24,164.0,11.3,0.0,46.56,15.639999
2026-04-18 06:00:00+00:00,391,24,172.0,9.0,0.0,46.7,16.099998
2026-04-18 06:00:00+00:00,422,24,151.3,8.0,0.0,46.24,15.219999
2026-04-18 06:00:00+00:00,425,24,162.0,9.6,0.0,45.94,15.519999
2026-04-18 06:00:00+00:00,426,24,143.0,13.4,0.0,45.54,13.719999
2026-04-18 09:00:00+00:00,63,24,624.8,16.5,0.0,46.420002,14.08
2026-04-18 09:00:00+00:00,76,24,647.5,16.6,0.0,46.34,14.199999
2026-04-18 09:00:00+00:00,106,24,656.8,16.9,0.0,46.260002,14.4
2026-04-18 09:00:00+00:00,122,24,654.8,17.8,0.0,46.02,14.459999
2026-04-18 09:00:00+00:00,127,24,657.8,16.8,0.0,46.12,14.519999
2026-04-18 09:00:00+00:00,129,24,656.0,17.9,0.0,46.02,14.519999
2026-04-18 09:00:00+00:00,177,24,663.0,14.1,0.0,45.6,14.859999
2026-04-18 09:00:00+00:00,194,24,657.0,17.5,0.0,46.52,15.039999
2026-04-18 09:00:00+00:00,236,24,663.8,17.7,0.0,45.8,15.179998
2026-04-18 09:00:00+00:00,325,24,658.0,16.7,0.0,46.56,15.639999
2026-04-18 09:00:00+00:00,391,24,670.5,17.3,0.0,46.7,16.099998
2026-04-18 09:00:00+00:00,422,24,662.3,18.0,0.0,46.24,15.219999
2026-04-18 09:00:00+00:00,425,24,648.8,18.1,0.0,45.94,15.519999
2026-04-18 09:00:00+00:00,426,24,640.0,22.4,0.0,45.54,13.719999
2026-04-18 12:00:00+00:00,63,24,808.8,19.8,0.0,46.420002,14.08
2026-04-18 12:00:00+00:00,76,24,758.0,19.9,0.0,46.34,14.199999
2026-04-18 12:00:00+00:00,106,24,730.3,20.0,0.0,46.260002,14.4
2026-04-18 12:00:00+00:00,122,24,701.3,21.0,0.0,46.02,14.459999
2026-04-18 12:00:00+00:00,127,24,747.0,20.2,0.0,46.12,14.519999
2026-04-18 12:00:00+00:00,129,24,663.0,21.0,0.0,46.02,14.519999
2026-04-18 12:00:00+00:00,177,24,850.3,16.3,0.0,45.6,14.859999
2026-04-18 12:00:00+00:00,194,24,639.0,20.2,0.0,46.52,15.039999
2026-04-18 12:00:00+00:00,236,24,702.8,20.4,0.0,45.8,15.179998
2026-04-18 12:00:00+00:00,325,24,796.5,19.7,0.0,46.56,15.639999
2026-04-18 12:00:00+00:00,391,24,816.8,20.2,0.0,46.7,16.099998
2026-04-18 12:00:00+00:00,422,24,771.0,21.1,0.0,46.24,15.219999
2026-04-18 12:00:00+00:00,425,24,784.3,20.5,0.0,45.94,15.519999
2026-04-18 12:00:00+00:00,426,24,797.8,21.1,0.0,45.54,13.719999
2026-04-18 15:00:00+00:00,63,24,305.8,18.2,0.0,46.420002,14.08
2026-04-18 15:00:00+00:00,76,24,252.3,19.0,0.0,46.34,14.199999
2026-04-18 15:00:00+00:00,106,24,336.5,20.2,0.0,46.260002,14.4
2026-04-18 15:00:00+00:00,122,24,508.3,21.3,0.0,46.02,14.459999
2026-04-18 15:00:00+00:00,127,24,448.5,20.3,0.0,46.12,14.519999
2026-04-18 15:00:00+00:00,129,24,494.3,21.3,0.0,46.02,14.519999
2026-04-18 15:00:00+00:00,177,24,533.3,16.6,0.0,45.6,14.859999
2026-04-18 15:00:00+00:00,194,24,431.8,20.0,0.0,46.52,15.039999
2026-04-18 15:00:00+00:00,236,24,511.8,21.2,0.0,45.8,15.179998
2026-04-18 15:00:00+00:00,325,24,494.3,20.3,0.0,46.56,15.639999
2026-04-18 15:00:00+00:00,391,24,495.8,20.1,0.0,46.7,16.099998
2026-04-18 15:00:00+00:00,422,24,453.5,21.3,0.0,46.24,15.219999
2026-04-18 15:00:00+00:00,425,24,505.0,20.8,0.0,45.94,15.519999
2026-04-18 15:00:00+00:00,426,24,446.3,21.2,0.0,45.54,13.719999
2026-04-18 18:00:00+00:00,63,24,24.3,14.3,0.0,46.420002,14.08
2026-04-18 18:00:00+00:00,76,24,22.3,15.9,0.0,46.34,14.199999
2026-04-18 18:00:00+00:00,106,24,22.3,16.5,0.0,46.260002,14.4
2026-04-18 18:00:00+00:00,122,24,20.0,16.4,0.0,46.02,14.459999
2026-04-18 18:00:00+00:00,127,24,24.5,15.9,0.0,46.12,14.519999
2026-04-18 18:00:00+00:00,129,24,22.5,17.3,0.0,46.02,14.519999
2026-04-18 18:00:00+00:00,177,24,25.3,12.2,0.0,45.6,14.859999
2026-04-18 18:00:00+00:00,194,24,21.8,14.7,0.0,46.52,15.039999
2026-04-18 18:00:00+00:00,236,24,21.0,16.3,0.0,45.8,15.179998
2026-04-18 18:00:00+00:00,325,24,21.5,17.4,0.0,46.56,15.639999
2026-04-18 18:00:00+00:00,391,24,19.5,15.1,0.0,46.7,16.099998
2026-04-18 18:00:00+00:00,422,24,16.8,17.1,0.0,46.24,15.219999
2026-04-18 18:00:00+00:00,425,24,21.3,15.6,0.0,45.94,15.519999
2026-04-18 18:00:00+00:00,426,24,28.0,18.6,0.0,45.54,13.719999
2026-04-18 21:00:00+00:00,63,24,0.0,12.0,0.0,46.420002,14.08
2026-04-18 21:00:00+00:00,76,24,0.3,11.8,0.0,46.34,14.199999
2026-04-18 21:00:00+00:00,106,24,0.0,12.6,0.0,46.260002,14.4
2026-04-18 21:00:00+00:00,122,24,0.3,13.3,0.0,46.02,14.459999
2026-04-18 21:00:00+00:00,127,24,0.3,13.6,0.0,46.12,14.519999
2026-04-18 21:00:00+00:00,129,24,0.3,14.0,0.0,46.02,14.519999
2026-04-18 21:00:00+00:00,177,24,0.0,10.6,0.0,45.6,14.859999
2026-04-18 21:00:00+00:00,194,24,0.0,9.9,0.0,46.52,15.039999
2026-04-18 21:00:00+00:00,236,24,0.0,12.0,0.0,45.8,15.179998
2026-04-18 21:00:00+00:00,325,24,0.5,11.9,0.0,46.56,15.639999
2026-04-18 21:00:00+00:00,391,24,0.3,9.5,0.0,46.7,16.099998
2026-04-18 21:00:00+00:00,422,24,0.3,9.5,0.0,46.24,15.219999
2026-04-18 21:00:00+00:00,425,24,0.0,10.6,0.0,45.94,15.519999
2026-04-18 21:00:00+00:00,426,24,0.0,13.7,0.0,45.54,13.719999
2026-04-18 01:00:00+00:00,63,1,0.0,7.6,0.0,46.420002,14.08
2026-04-18 01:00:00+00:00,76,1,0.0,8.3,0.0,46.34,14.199999
2026-04-18 01:00:00+00:00,106,1,0.0,8.1,0.0,46.260002,14.4
2026-04-18 01:00:00+00:00,122,1,0.0,7.7,0.0,46.02,14.459999
2026-04-18 01:00:00+00:00,127,1,0.0,10.7,0.0,46.12,14.519999
2026-04-18 01:00:00+00:00,129,1,0.0,9.7,0.0,46.02,14.519999
2026-04-18 01:00:00+00:00,177,1,0.0,10.0,0.0,45.6,14.859999
2026-04-18 01:00:00+00:00,194,1,0.0,7.5,0.0,46.52,15.039999
2026-04-18 01:00:00+00:00,236,1,0.0,8.2,0.0,45.8,15.179998
2026-04-18 01:00:00+00:00,325,1,0.0,11.3,0.0,46.56,15.639999
2026-04-18 01:00:00+00:00,391,1,0.0,11.3,0.0,46.7,16.099998
2026-04-18 01:00:00+00:00,422,1,0.0,6.0,0.0,46.24,15.219999
2026-04-18 01:00:00+00:00,425,1,0.0,8.3,0.0,45.94,15.519999
2026-04-18 01:00:00+00:00,426,1,0.0,14.0,0.0,45.54,13.719999
2026-04-18 02:00:00+00:00,63,2,0.0,7.4,0.0,46.420002,14.08
2026-04-18 02:00:00+00:00,76,2,0.0,8.3,0.0,46.34,14.199999
2026-04-18 02:00:00+00:00,106,2,0.0,8.7,0.0,46.260002,14.4
2026-04-18 02:00:00+00:00,122,2,0.0,7.8,0.0,46.02,14.459999
2026-04-18 02:00:00+00:00,127,2,0.0,11.0,0.0,46.12,14.519999
2026-04-18 02:00:00+00:00,129,2,0.0,9.5,0.0,46.02,14.519999
2026-04-18 02:00:00+00:00,177,2,0.0,9.6,0.0,45.6,14.859999
2026-04-18 02:00:00+00:00,194,2,0.0,5.8,0.0,46.52,15.039999
2026-04-18 02:00:00+00:00,236,2,0.0,7.7,0.0,45.8,15.179998
2026-04-18 02:00:00+00:00,325,2,0.0,10.2,0.0,46.56,15.639999
2026-04-18 02:00:00+00:00,391,2,0.0,10.1,0.0,46.7,16.099998
2026-04-18 02:00:00+00:00,422,2,0.0,5.3,0.0,46.24,15.219999
2026-04-18 02:00:00+00:00,425,2,0.0,7.4,0.0,45.94,15.519999
2026-04-18 02:00:00+00:00,426,2,0.0,14.5,0.0,45.54,13.719999
2026-04-18 03:00:00+00:00,63,3,0.0,7.1,0.0,46.420002,14.08
2026-04-18 03:00:00+00:00,76,3,0.0,8.6,0.0,46.34,14.199999
2026-04-18 03:00:00+00:00,106,3,0.0,8.3,0.0,46.260002,14.4
2026-04-18 03:00:00+00:00,122,3,0.0,7.7,0.0,46.02,14.459999
2026-04-18 03:00:00+00:00,127,3,0.0,10.5,0.0,46.12,14.519999
2026-04-18 03:00:00+00:00,129,3,0.0,9.2,0.0,46.02,14.519999
2026-04-18 03:00:00+00:00,177,3,0.0,9.2,0.0,45.6,14.859999
2026-04-18 03:00:00+00:00,194,3,0.0,6.4,0.0,46.52,15.039999
2026-04-18 03:00:00+00:00,236,3,0.0,6.8,0.0,45.8,15.179998
2026-04-18 03:00:00+00:00,325,3,0.0,9.1,0.0,46.56,15.639999
2026-04-18 03:00:00+00:00,391,3,0.0,9.2,0.0,46.7,16.099998
2026-04-18 03:00:00+00:00,422,3,0.0,5.2,0.0,46.24,15.219999
2026-04-18 03:00:00+00:00,425,3,0.0,6.5,0.0,45.94,15.519999
2026-04-18 03:00:00+00:00,426,3,0.0,13.6,0.0,45.54,13.719999
2026-04-18 06:00:00+00:00,63,6,152.8,11.4,0.0,46.420002,14.08
2026-04-18 06:00:00+00:00,76,6,146.5,9.9,0.0,46.34,14.199999
2026-04-18 06:00:00+00:00,106,6,154.8,9.6,0.0,46.260002,14.4
2026-04-18 06:00:00+00:00,122,6,144.5,9.3,0.0,46.02,14.459999
2026-04-18 06:00:00+00:00,127,6,156.8,10.9,0.0,46.12,14.519999
2026-04-18 06:00:00+00:00,129,6,153.5,10.2,0.0,46.02,14.519999
2026-04-18 06:00:00+00:00,177,6,171.5,10.9,0.0,45.6,14.859999
2026-04-18 06:00:00+00:00,194,6,150.8,10.3,0.0,46.52,15.039999
2026-04-18 06:00:00+00:00,236,6,144.3,9.3,0.0,45.8,15.179998
2026-04-18 06:00:00+00:00,325,6,165.5,12.0,0.0,46.56,15.639999
2026-04-18 06:00:00+00:00,391,6,172.8,10.3,0.0,46.7,16.099998
2026-04-18 06:00:00+00:00,422,6,157.0,7.6,0.0,46.24,15.219999
2026-04-18 06:00:00+00:00,425,6,158.5,9.2,0.0,45.94,15.519999
2026-04-18 06:00:00+00:00,426,6,143.5,14.4,0.0,45.54,13.719999
2026-04-18 07:00:00+00:00,63,1,327.5,14.6,0.0,46.420002,14.08
2026-04-18 07:00:00+00:00,76,1,320.5,13.3,0.0,46.34,14.199999
2026-04-18 07:00:00+00:00,106,1,331.5,13.2,0.0,46.260002,14.4
2026-04-18 07:00:00+00:00,122,1,323.8,12.1,0.0,46.02,14.459999
2026-04-18 07:00:00+00:00,127,1,332.5,12.9,0.0,46.12,14.519999
2026-04-18 07:00:00+00:00,129,1,327.5,12.1,0.0,46.02,14.519999
2026-04-18 07:00:00+00:00,177,1,356.0,11.9,0.0,45.6,14.859999
2026-04-18 07:00:00+00:00,194,1,322.5,13.8,0.0,46.52,15.039999
2026-04-18 07:00:00+00:00,236,1,332.5,12.3,0.0,45.8,15.179998
2026-04-18 07:00:00+00:00,325,1,343.5,14.9,0.0,46.56,15.639999
2026-04-18 07:00:00+00:00,391,1,353.0,14.7,0.0,46.7,16.099998
2026-04-18 07:00:00+00:00,422,1,334.5,11.6,0.0,46.24,15.219999
2026-04-18 07:00:00+00:00,425,1,338.8,13.1,0.0,45.94,15.519999
2026-04-18 07:00:00+00:00,426,1,321.0,17.5,0.0,45.54,13.719999
2026-04-18 08:00:00+00:00,63,2,481.3,16.2,0.0,46.420002,14.08
2026-04-18 08:00:00+00:00,76,2,492.3,16.0,0.0,46.34,14.199999
2026-04-18 08:00:00+00:00,106,2,507.5,15.5,0.0,46.260002,14.4
2026-04-18 08:00:00+00:00,122,2,501.8,15.1,0.0,46.02,14.459999
2026-04-18 08:00:00+00:00,127,2,508.0,15.0,0.0,46.12,14.519999
2026-04-18 08:00:00+00:00,129,2,503.5,15.3,0.0,46.02,14.519999
2026-04-18 08:00:00+00:00,177,2,539.3,13.0,0.0,45.6,14.859999
2026-04-18 08:00:00+00:00,194,2,506.8,15.7,0.0,46.52,15.039999
2026-04-18 08:00:00+00:00,236,2,513.5,16.1,0.0,45.8,15.179998
2026-04-18 08:00:00+00:00,325,2,517.3,15.8,0.0,46.56,15.639999
2026-04-18 08:00:00+00:00,391,2,527.8,16.3,0.0,46.7,16.099998
2026-04-18 08:00:00+00:00,422,2,512.8,15.6,0.0,46.24,15.219999
2026-04-18 08:00:00+00:00,425,2,518.3,16.2,0.0,45.94,15.519999
2026-04-18 08:00:00+00:00,426,2,495.5,19.6,0.0,45.54,13.719999
2026-04-18 09:00:00+00:00,63,3,655.8,17.6,0.0,46.420002,14.08
2026-04-18 09:00:00+00:00,76,3,647.3,17.3,0.0,46.34,14.199999
2026-04-18 09:00:00+00:00,106,3,657.0,17.1,0.0,46.260002,14.4
2026-04-18 09:00:00+00:00,122,3,652.8,17.3,0.0,46.02,14.459999
2026-04-18 09:00:00+00:00,127,3,657.8,16.8,0.0,46.12,14.519999
2026-04-18 09:00:00+00:00,129,3,655.3,17.4,0.0,46.02,14.519999
2026-04-18 09:00:00+00:00,177,3,689.0,14.0,0.0,45.6,14.859999
2026-04-18 09:00:00+00:00,194,3,660.3,17.4,0.0,46.52,15.039999
2026-04-18 09:00:00+00:00,236,3,667.3,17.5,0.0,45.8,15.179998
2026-04-18 09:00:00+00:00,325,3,664.0,16.9,0.0,46.56,15.639999
2026-04-18 09:00:00+00:00,391,3,672.5,17.6,0.0,46.7,16.099998
2026-04-18 09:00:00+00:00,422,3,664.0,17.9,0.0,46.24,15.219999
2026-04-18 09:00:00+00:00,425,3,666.5,18.3,0.0,45.94,15.519999
2026-04-18 09:00:00+00:00,426,3,649.3,22.3,0.0,45.54,13.719999
2026-04-18 10:00:00+00:00,63,1,717.3,17.6,0.0,46.420002,14.08
2026-04-18 10:00:00+00:00,76,1,739.8,17.8,0.0,46.34,14.199999
2026-04-18 10:00:00+00:00,106,1,763.3,18.2,0.0,46.260002,14.4
2026-04-18 10:00:00+00:00,122,1,763.0,18.8,0.0,46.02,14.459999
2026-04-18 10:00:00+00:00,127,1,766.5,18.2,0.0,46.12,14.519999
2026-04-18 10:00:00+00:00,129,1,738.5,19.2,0.0,46.02,14.519999
2026-04-18 10:00:00+00:00,177,1,805.3,15.0,0.0,45.6,14.859999
2026-04-18 10:00:00+00:00,194,1,712.8,18.7,0.0,46.52,15.039999
2026-04-18 10:00:00+00:00,236,1,778.5,18.9,0.0,45.8,15.179998
2026-04-18 10:00:00+00:00,325,1,768.8,18.2,0.0,46.56,15.639999
2026-04-18 10:00:00+00:00,391,1,776.5,18.9,0.0,46.7,16.099998
2026-04-18 10:00:00+00:00,422,1,771.0,19.5,0.0,46.24,15.219999
2026-04-18 10:00:00+00:00,425,1,770.5,19.6,0.0,45.94,15.519999
2026-04-18 10:00:00+00:00,426,1,759.0,20.4,0.0,45.54,13.719999
2026-04-18 11:00:00+00:00,63,2,715.0,18.1,0.0,46.420002,14.08
2026-04-18 11:00:00+00:00,76,2,790.3,18.6,0.0,46.34,14.199999
2026-04-18 11:00:00+00:00,106,2,815.8,19.2,0.0,46.260002,14.4
2026-04-18 11:00:00+00:00,122,2,722.3,20.1,0.0,46.02,14.459999
2026-04-18 11:00:00+00:00,127,2,790.3,19.3,0.0,46.12,14.519999
2026-04-18 11:00:00+00:00,129,2,670.5,20.2,0.0,46.02,14.519999
2026-04-18 11:00:00+00:00,177,2,870.0,15.6,0.0,45.6,14.859999
2026-04-18 11:00:00+00:00,194,2,794.3,19.8,0.0,46.52,15.039999
2026-04-18 11:00:00+00:00,236,2,831.8,19.9,0.0,45.8,15.179998
2026-04-18 11:00:00+00:00,325,2,820.8,19.4,0.0,46.56,15.639999
2026-04-18 11:00:00+00:00,391,2,773.0,19.9,0.0,46.7,16.099998
2026-04-18 11:00:00+00:00,422,2,826.0,20.4,0.0,46.24,15.219999
2026-04-18 11:00:00+00:00,425,2,820.0,20.2,0.0,45.94,15.519999
2026-04-18 11:00:00+00:00,426,2,816.5,21.2,0.0,45.54,13.719999
2026-04-18 12:00:00+00:00,63,3,717.8,18.9,0.0,46.420002,14.08
2026-04-18 12:00:00+00:00,63,6,737.8,19.2,0.0,46.420002,14.08
2026-04-18 12:00:00+00:00,76,3,806.5,19.3,0.0,46.34,14.199999
2026-04-18 12:00:00+00:00,76,6,808.3,19.5,0.0,46.34,14.199999
2026-04-18 12:00:00+00:00,106,3,800.0,19.9,0.0,46.260002,14.4
2026-04-18 12:00:00+00:00,106,6,787.5,20.0,0.0,46.260002,14.4
2026-04-18 12:00:00+00:00,122,3,731.8,20.7,0.0,46.02,14.459999
2026-04-18 12:00:00+00:00,122,6,657.5,20.5,0.0,46.02,14.459999
2026-04-18 12:00:00+00:00,127,3,763.5,20.1,0.0,46.12,14.519999
2026-04-18 12:00:00+00:00,127,6,706.8,19.8,0.0,46.12,14.519999
2026-04-18 12:00:00+00:00,129,3,760.0,20.6,0.0,46.02,14.519999
2026-04-18 12:00:00+00:00,129,6,644.8,20.7,0.0,46.02,14.519999
2026-04-18 12:00:00+00:00,177,3,856.5,16.1,0.0,45.6,14.859999
2026-04-18 12:00:00+00:00,177,6,850.5,15.9,0.0,45.6,14.859999
2026-04-18 12:00:00+00:00,194,3,761.8,20.9,0.0,46.52,15.039999
2026-04-18 12:00:00+00:00,194,6,756.3,20.8,0.0,46.52,15.039999
2026-04-18 12:00:00+00:00,236,3,799.0,20.5,0.0,45.8,15.179998
2026-04-18 12:00:00+00:00,236,6,758.8,20.2,0.0,45.8,15.179998
2026-04-18 12:00:00+00:00,325,3,788.8,20.5,0.0,46.56,15.639999
2026-04-18 12:00:00+00:00,325,6,744.5,19.7,0.0,46.56,15.639999
2026-04-18 12:00:00+00:00,391,3,760.0,20.4,0.0,46.7,16.099998
2026-04-18 12:00:00+00:00,391,6,818.8,20.3,0.0,46.7,16.099998
2026-04-18 12:00:00+00:00,422,3,825.8,21.3,0.0,46.24,15.219999
2026-04-18 12:00:00+00:00,422,6,822.5,21.2,0.0,46.24,15.219999
2026-04-18 12:00:00+00:00,425,3,771.5,20.6,0.0,45.94,15.519999
2026-04-18 12:00:00+00:00,425,6,780.0,20.3,0.0,45.94,15.519999
2026-04-18 12:00:00+00:00,426,3,818.5,21.2,0.0,45.54,13.719999
2026-04-18 12:00:00+00:00,426,6,815.3,20.7,0.0,45.54,13.719999
2026-04-18 13:00:00+00:00,63,1,639.3,18.8,0.0,46.420002,14.08
2026-04-18 13:00:00+00:00,76,1,759.3,19.9,0.0,46.34,14.199999
2026-04-18 13:00:00+00:00,106,1,753.3,20.6,0.0,46.260002,14.4
2026-04-18 13:00:00+00:00,122,1,766.5,21.3,0.0,46.02,14.459999
2026-04-18 13:00:00+00:00,127,1,731.0,20.7,0.0,46.12,14.519999
2026-04-18 13:00:00+00:00,129,1,735.8,21.4,0.0,46.02,14.519999
2026-04-18 13:00:00+00:00,177,1,800.5,16.6,0.0,45.6,14.859999
2026-04-18 13:00:00+00:00,194,1,756.5,21.0,0.0,46.52,15.039999
2026-04-18 13:00:00+00:00,236,1,771.8,21.2,0.0,45.8,15.179998
2026-04-18 13:00:00+00:00,325,1,743.8,20.9,0.0,46.56,15.639999
2026-04-18 13:00:00+00:00,391,1,719.0,20.7,0.0,46.7,16.099998
2026-04-18 13:00:00+00:00,422,1,769.3,21.9,0.0,46.24,15.219999
2026-04-18 13:00:00+00:00,425,1,719.0,21.2,0.0,45.94,15.519999
2026-04-18 13:00:00+00:00,426,1,747.3,20.9,0.0,45.54,13.719999
2026-04-18 14:00:00+00:00,63,2,487.3,18.9,0.0,46.420002,14.08
2026-04-18 14:00:00+00:00,76,2,587.0,19.7,0.0,46.34,14.199999
2026-04-18 14:00:00+00:00,106,2,616.3,20.7,0.0,46.260002,14.4
2026-04-18 14:00:00+00:00,122,2,667.8,21.3,0.0,46.02,14.459999
2026-04-18 14:00:00+00:00,127,2,649.5,20.7,0.0,46.12,14.519999
2026-04-18 14:00:00+00:00,129,2,622.5,21.6,0.0,46.02,14.519999
2026-04-18 14:00:00+00:00,177,2,666.3,16.7,0.0,45.6,14.859999
2026-04-18 14:00:00+00:00,194,2,575.0,20.8,0.0,46.52,15.039999
2026-04-18 14:00:00+00:00,236,2,645.3,21.2,0.0,45.8,15.179998
2026-04-18 14:00:00+00:00,325,2,642.8,21.1,0.0,46.56,15.639999
2026-04-18 14:00:00+00:00,391,2,649.8,20.5,0.0,46.7,16.099998
2026-04-18 14:00:00+00:00,422,2,656.0,21.6,0.0,46.24,15.219999
2026-04-18 14:00:00+00:00,425,2,620.5,21.0,0.0,45.94,15.519999
2026-04-18 14:00:00+00:00,426,2,643.0,21.0,0.0,45.54,13.719999
2026-04-18 15:00:00+00:00,63,3,407.3,18.5,0.0,46.420002,14.08
2026-04-18 15:00:00+00:00,63,6,407.5,18.6,0.0,46.420002,14.08
2026-04-18 15:00:00+00:00,76,3,316.0,19.0,0.0,46.34,14.199999
2026-04-18 15:00:00+00:00,76,6,368.0,19.2,0.0,46.34,14.199999
2026-04-18 15:00:00+00:00,106,3,427.0,20.6,0.0,46.260002,14.4
2026-04-18 15:00:00+00:00,106,6,448.3,20.6,0.0,46.260002,14.4
2026-04-18 15:00:00+00:00,122,3,515.3,21.3,0.0,46.02,14.459999
2026-04-18 15:00:00+00:00,122,6,511.3,21.2,0.0,46.02,14.459999
2026-04-18 15:00:00+00:00,127,3,511.3,20.5,0.0,46.12,14.519999
2026-04-18 15:00:00+00:00,127,6,464.5,20.5,0.0,46.12,14.519999
2026-04-18 15:00:00+00:00,129,3,517.3,21.4,0.0,46.02,14.519999
2026-04-18 15:00:00+00:00,129,6,516.5,21.5,0.0,46.02,14.519999
2026-04-18 15:00:00+00:00,177,3,502.3,16.3,0.0,45.6,14.859999
2026-04-18 15:00:00+00:00,177,6,541.0,16.5,0.0,45.6,14.859999
2026-04-18 15:00:00+00:00,194,3,426.3,20.6,0.0,46.52,15.039999
2026-04-18 15:00:00+00:00,194,6,475.8,20.6,0.0,46.52,15.039999
2026-04-18 15:00:00+00:00,236,3,509.3,21.0,0.0,45.8,15.179998
2026-04-18 15:00:00+00:00,236,6,511.0,20.9,0.0,45.8,15.179998
2026-04-18 15:00:00+00:00,325,3,503.5,20.5,0.0,46.56,15.639999
2026-04-18 15:00:00+00:00,325,6,501.5,20.7,0.0,46.56,15.639999
2026-04-18 15:00:00+00:00,391,3,502.0,20.1,0.0,46.7,16.099998
2026-04-18 15:00:00+00:00,391,6,502.0,20.2,0.0,46.7,16.099998
2026-04-18 15:00:00+00:00,422,3,498.0,21.4,0.0,46.24,15.219999
2026-04-18 15:00:00+00:00,422,6,493.5,21.4,0.0,46.24,15.219999
2026-04-18 15:00:00+00:00,425,3,509.8,20.6,0.0,45.94,15.519999
2026-04-18 15:00:00+00:00,425,6,504.8,20.6,0.0,45.94,15.519999
2026-04-18 15:00:00+00:00,426,3,508.8,21.1,0.0,45.54,13.719999
2026-04-18 15:00:00+00:00,426,6,321.8,20.3,0.0,45.54,13.719999
2026-04-18 16:00:00+00:00,63,1,228.5,18.0,0.0,46.420002,14.08
2026-04-18 16:00:00+00:00,76,1,209.8,18.9,0.0,46.34,14.199999
2026-04-18 16:00:00+00:00,106,1,302.8,20.1,0.0,46.260002,14.4
2026-04-18 16:00:00+00:00,122,1,337.3,20.6,0.0,46.02,14.459999
2026-04-18 16:00:00+00:00,127,1,317.0,20.0,0.0,46.12,14.519999
2026-04-18 16:00:00+00:00,129,1,342.8,20.7,0.0,46.02,14.519999
2026-04-18 16:00:00+00:00,177,1,359.0,15.9,0.0,45.6,14.859999
2026-04-18 16:00:00+00:00,194,1,246.8,19.6,0.0,46.52,15.039999
2026-04-18 16:00:00+00:00,236,1,339.3,20.6,0.0,45.8,15.179998
2026-04-18 16:00:00+00:00,325,1,327.3,20.0,0.0,46.56,15.639999
2026-04-18 16:00:00+00:00,391,1,324.8,19.3,0.0,46.7,16.099998
2026-04-18 16:00:00+00:00,422,1,333.3,20.7,0.0,46.24,15.219999
2026-04-18 16:00:00+00:00,425,1,330.8,20.2,0.0,45.94,15.519999
2026-04-18 16:00:00+00:00,426,1,345.3,20.5,0.0,45.54,13.719999
2026-04-18 17:00:00+00:00,63,2,147.0,16.7,0.0,46.420002,14.08
2026-04-18 17:00:00+00:00,76,2,119.3,18.1,0.0,46.34,14.199999
2026-04-18 17:00:00+00:00,106,2,144.8,19.2,0.0,46.260002,14.4
2026-04-18 17:00:00+00:00,122,2,143.3,19.7,0.0,46.02,14.459999
2026-04-18 17:00:00+00:00,127,2,130.5,18.5,0.0,46.12,14.519999
2026-04-18 17:00:00+00:00,129,2,152.0,19.8,0.0,46.02,14.519999
2026-04-18 17:00:00+00:00,177,2,171.8,14.1,0.0,45.6,14.859999
2026-04-18 17:00:00+00:00,194,2,148.0,18.1,0.0,46.52,15.039999
2026-04-18 17:00:00+00:00,236,2,157.5,19.5,0.0,45.8,15.179998
2026-04-18 17:00:00+00:00,325,2,148.5,19.2,0.0,46.56,15.639999
2026-04-18 17:00:00+00:00,391,2,138.5,18.3,0.0,46.7,16.099998
2026-04-18 17:00:00+00:00,422,2,150.3,19.9,0.0,46.24,15.219999
2026-04-18 17:00:00+00:00,425,2,153.5,19.2,0.0,45.94,15.519999
2026-04-18 17:00:00+00:00,426,2,151.5,19.0,0.0,45.54,13.719999
2026-04-18 18:00:00+00:00,63,3,27.8,14.1,0.0,46.420002,14.08
2026-04-18 18:00:00+00:00,63,6,25.3,13.8,0.0,46.420002,14.08
2026-04-18 18:00:00+00:00,76,3,26.0,15.2,0.0,46.34,14.199999
2026-04-18 18:00:00+00:00,76,6,21.8,15.4,0.0,46.34,14.199999
2026-04-18 18:00:00+00:00,106,3,27.8,15.9,0.0,46.260002,14.4
2026-04-18 18:00:00+00:00,106,6,24.3,16.0,0.0,46.260002,14.4
2026-04-18 18:00:00+00:00,122,3,25.5,16.0,0.0,46.02,14.459999
2026-04-18 18:00:00+00:00,122,6,26.5,15.9,0.0,46.02,14.459999
2026-04-18 18:00:00+00:00,127,3,24.8,15.9,0.0,46.12,14.519999
2026-04-18 18:00:00+00:00,127,6,25.8,15.9,0.0,46.12,14.519999
2026-04-18 18:00:00+00:00,129,3,25.8,17.3,0.0,46.02,14.519999
2026-04-18 18:00:00+00:00,129,6,25.8,17.3,0.0,46.02,14.519999
2026-04-18 18:00:00+00:00,177,3,25.8,12.4,0.0,45.6,14.859999
2026-04-18 18:00:00+00:00,177,6,26.3,12.2,0.0,45.6,14.859999
2026-04-18 18:00:00+00:00,194,3,24.0,14.6,0.0,46.52,15.039999
2026-04-18 18:00:00+00:00,194,6,21.0,15.0,0.0,46.52,15.039999
2026-04-18 18:00:00+00:00,236,3,23.3,15.8,0.0,45.8,15.179998
2026-04-18 18:00:00+00:00,236,6,23.0,15.6,0.0,45.8,15.179998
2026-04-18 18:00:00+00:00,325,3,21.8,17.7,0.0,46.56,15.639999
2026-04-18 18:00:00+00:00,325,6,21.8,17.6,0.0,46.56,15.639999
2026-04-18 18:00:00+00:00,391,3,19.0,15.2,0.0,46.7,16.099998
2026-04-18 18:00:00+00:00,391,6,18.8,15.2,0.0,46.7,16.099998
2026-04-18 18:00:00+00:00,422,3,22.0,16.7,0.0,46.24,15.219999
2026-04-18 18:00:00+00:00,422,6,22.8,16.2,0.0,46.24,15.219999
2026-04-18 18:00:00+00:00,425,3,21.5,14.6,0.0,45.94,15.519999
2026-04-18 18:00:00+00:00,425,6,21.8,14.5,0.0,45.94,15.519999
2026-04-18 18:00:00+00:00,426,3,28.3,18.7,0.0,45.54,13.719999
2026-04-18 18:00:00+00:00,426,6,29.0,18.1,0.0,45.54,13.719999
2026-04-18 19:00:00+00:00,63,1,0.0,11.9,0.0,46.420002,14.08
2026-04-18 19:00:00+00:00,76,1,0.0,12.5,0.0,46.34,14.199999
2026-04-18 19:00:00+00:00,106,1,0.0,14.5,0.0,46.260002,14.4
2026-04-18 19:00:00+00:00,122,1,0.0,14.0,0.0,46.02,14.459999
2026-04-18 19:00:00+00:00,127,1,0.0,14.9,0.0,46.12,14.519999
2026-04-18 19:00:00+00:00,129,1,0.0,15.4,0.0,46.02,14.519999
2026-04-18 19:00:00+00:00,177,1,0.0,11.4,0.0,45.6,14.859999
2026-04-18 19:00:00+00:00,194,1,0.0,12.4,0.0,46.52,15.039999
2026-04-18 19:00:00+00:00,236,1,0.0,12.5,0.0,45.8,15.179998
2026-04-18 19:00:00+00:00,325,1,0.0,16.0,0.0,46.56,15.639999
2026-04-18 19:00:00+00:00,391,1,0.0,13.0,0.0,46.7,16.099998
2026-04-18 19:00:00+00:00,422,1,0.0,13.3,0.0,46.24,15.219999
2026-04-18 19:00:00+00:00,425,1,0.0,13.2,0.0,45.94,15.519999
2026-04-18 19:00:00+00:00,426,1,0.0,16.1,0.0,45.54,13.719999
2026-04-18 20:00:00+00:00,63,2,0.0,12.0,0.0,46.420002,14.08
2026-04-18 20:00:00+00:00,76,2,0.0,11.8,0.0,46.34,14.199999
2026-04-18 20:00:00+00:00,106,2,0.0,12.5,0.0,46.260002,14.4
2026-04-18 20:00:00+00:00,122,2,0.0,13.0,0.0,46.02,14.459999
2026-04-18 20:00:00+00:00,127,2,0.0,14.1,0.0,46.12,14.519999
2026-04-18 20:00:00+00:00,129,2,0.0,14.3,0.0,46.02,14.519999
2026-04-18 20:00:00+00:00,177,2,0.0,11.0,0.0,45.6,14.859999
2026-04-18 20:00:00+00:00,194,2,0.0,10.9,0.0,46.52,15.039999
2026-04-18 20:00:00+00:00,236,2,0.0,11.9,0.0,45.8,15.179998
2026-04-18 20:00:00+00:00,325,2,0.0,13.9,0.0,46.56,15.639999
2026-04-18 20:00:00+00:00,391,2,0.0,10.8,0.0,46.7,16.099998
2026-04-18 20:00:00+00:00,422,2,0.0,10.2,0.0,46.24,15.219999
2026-04-18 20:00:00+00:00,425,2,0.0,11.9,0.0,45.94,15.519999
2026-04-18 20:00:00+00:00,426,2,0.0,14.5,0.0,45.54,13.719999
2026-04-18 21:00:00+00:00,63,3,0.0,11.5,0.0,46.420002,14.08
2026-04-18 21:00:00+00:00,63,6,0.0,12.1,0.0,46.420002,14.08
2026-04-18 21:00:00+00:00,76,3,0.0,10.4,0.0,46.34,14.199999
2026-04-18 21:00:00+00:00,76,6,0.0,10.6,0.0,46.34,14.199999
2026-04-18 21:00:00+00:00,106,3,0.0,11.4,0.0,46.260002,14.4
2026-04-18 21:00:00+00:00,106,6,0.0,11.0,0.0,46.260002,14.4
2026-04-18 21:00:00+00:00,122,3,0.0,13.1,0.0,46.02,14.459999
2026-04-18 21:00:00+00:00,122,6,0.0,12.7,0.0,46.02,14.459999
2026-04-18 21:00:00+00:00,127,3,0.0,14.1,0.0,46.12,14.519999
2026-04-18 21:00:00+00:00,127,6,0.0,13.8,0.0,46.12,14.519999
2026-04-18 21:00:00+00:00,129,3,0.0,13.6,0.0,46.02,14.519999
2026-04-18 21:00:00+00:00,129,6,0.0,13.2,0.0,46.02,14.519999
2026-04-18 21:00:00+00:00,177,3,0.0,10.6,0.0,45.6,14.859999
2026-04-18 21:00:00+00:00,177,6,0.0,10.5,0.0,45.6,14.859999
2026-04-18 21:00:00+00:00,194,3,0.0,10.2,0.0,46.52,15.039999
2026-04-18 21:00:00+00:00,194,6,0.0,10.3,0.0,46.52,15.039999
2026-04-18 21:00:00+00:00,236,3,0.0,11.6,0.0,45.8,15.179998
2026-04-18 21:00:00+00:00,236,6,0.0,11.1,0.0,45.8,15.179998
2026-04-18 21:00:00+00:00,325,3,0.0,12.8,0.0,46.56,15.639999
2026-04-18 21:00:00+00:00,325,6,0.0,11.4,0.0,46.56,15.639999
2026-04-18 21:00:00+00:00,391,3,0.0,9.9,0.0,46.7,16.099998
2026-04-18 21:00:00+00:00,391,6,0.0,9.7,0.0,46.7,16.099998
2026-04-18 21:00:00+00:00,422,3,0.0,8.5,0.0,46.24,15.219999
2026-04-18 21:00:00+00:00,422,6,0.0,8.8,0.0,46.24,15.219999
2026-04-18 21:00:00+00:00,425,3,0.0,10.5,0.0,45.94,15.519999
2026-04-18 21:00:00+00:00,425,6,0.0,10.1,0.0,45.94,15.519999
2026-04-18 21:00:00+00:00,426,3,0.0,13.8,0.0,45.54,13.719999
2026-04-18 21:00:00+00:00,426,6,0.0,13.5,0.0,45.54,13.719999
2026-04-18 22:00:00+00:00,63,1,0.0,11.5,0.0,46.420002,14.08
2026-04-18 22:00:00+00:00,76,1,0.0,9.9,0.0,46.34,14.199999
2026-04-18 22:00:00+00:00,106,1,0.0,10.4,0.0,46.260002,14.4
2026-04-18 22:00:00+00:00,122,1,0.0,10.3,0.0,46.02,14.459999
2026-04-18 22:00:00+00:00,127,1,0.0,12.1,0.0,46.12,14.519999
2026-04-18 22:00:00+00:00,129,1,0.0,11.7,0.0,46.02,14.519999
2026-04-18 22:00:00+00:00,177,1,0.0,10.0,0.0,45.6,14.859999
2026-04-18 22:00:00+00:00,194,1,0.0,10.1,0.0,46.52,15.039999
2026-04-18 22:00:00+00:00,236,1,0.0,10.4,0.0,45.8,15.179998
2026-04-18 22:00:00+00:00,325,1,0.0,11.7,0.0,46.56,15.639999
2026-04-18 22:00:00+00:00,391,1,0.0,8.0,0.0,46.7,16.099998
2026-04-18 22:00:00+00:00,422,1,0.0,7.8,0.0,46.24,15.219999
2026-04-18 22:00:00+00:00,425,1,0.0,9.9,0.0,45.94,15.519999
2026-04-18 22:00:00+00:00,426,1,0.0,13.0,0.0,45.54,13.719999
2026-04-18 23:00:00+00:00,63,2,0.0,8.7,0.0,46.420002,14.08
2026-04-18 23:00:00+00:00,76,2,0.0,9.1,0.0,46.34,14.199999
2026-04-18 23:00:00+00:00,106,2,0.0,8.4,0.0,46.260002,14.4
2026-04-18 23:00:00+00:00,122,2,0.0,8.8,0.0,46.02,14.459999
2026-04-18 23:00:00+00:00,127,2,0.0,11.9,0.0,46.12,14.519999
2026-04-18 23:00:00+00:00,129,2,0.0,10.2,0.0,46.02,14.519999
2026-04-18 23:00:00+00:00,177,2,0.0,10.0,0.0,45.6,14.859999
2026-04-18 23:00:00+00:00,194,2,0.0,9.3,0.0,46.52,15.039999
2026-04-18 23:00:00+00:00,236,2,0.0,10.0,0.0,45.8,15.179998
2026-04-18 23:00:00+00:00,325,2,0.0,10.9,0.0,46.56,15.639999
2026-04-18 23:00:00+00:00,391,2,0.0,6.0,0.0,46.7,16.099998
2026-04-18 23:00:00+00:00,422,2,0.0,7.5,0.0,46.24,15.219999
2026-04-18 23:00:00+00:00,425,2,0.0,10.0,0.0,45.94,15.519999
2026-04-18 23:00:00+00:00,426,2,0.0,12.8,0.0,45.54,13.719999
2026-04-19 00:00:00+00:00,63,3,0.0,8.0,0.0,46.420002,14.08
2026-04-19 00:00:00+00:00,63,6,0.0,10.0,0.0,46.420002,14.08
2026-04-19 00:00:00+00:00,63,24,0.0,10.3,0.0,46.420002,14.08
2026-04-19 00:00:00+00:00,76,3,0.0,8.8,0.0,46.34,14.199999
2026-04-19 00:00:00+00:00,76,6,0.0,9.0,0.0,46.34,14.199999
2026-04-19 00:00:00+00:00,76,24,0.0,9.4,0.0,46.34,14.199999
2026-04-19 00:00:00+00:00,106,3,0.0,8.3,0.0,46.260002,14.4
2026-04-19 00:00:00+00:00,106,6,0.0,8.8,0.0,46.260002,14.4
2026-04-19 00:00:00+00:00,106,24,0.0,8.8,0.0,46.260002,14.4
2026-04-19 00:00:00+00:00,122,3,0.0,8.5,0.0,46.02,14.459999
2026-04-19 00:00:00+00:00,122,6,0.0,8.2,0.0,46.02,14.459999
2026-04-19 00:00:00+00:00,122,24,0.5,9.3,0.0,46.02,14.459999
2026-04-19 00:00:00+00:00,127,3,0.0,11.3,0.0,46.12,14.519999
2026-04-19 00:00:00+00:00,127,6,0.0,11.6,0.0,46.12,14.519999
2026-04-19 00:00:00+00:00,127,24,0.3,10.8,0.0,46.12,14.519999
2026-04-19 00:00:00+00:00,129,3,0.0,9.7,0.0,46.02,14.519999
2026-04-19 00:00:00+00:00,129,6,0.0,9.6,0.0,46.02,14.519999
2026-04-19 00:00:00+00:00,129,24,0.0,9.7,0.0,46.02,14.519999
2026-04-19 00:00:00+00:00,177,3,0.0,9.7,0.0,45.6,14.859999
2026-04-19 00:00:00+00:00,177,6,0.0,9.6,0.0,45.6,14.859999
2026-04-19 00:00:00+00:00,177,24,0.0,9.6,0.0,45.6,14.859999
2026-04-19 00:00:00+00:00,194,3,0.0,8.5,0.0,46.52,15.039999
2026-04-19 00:00:00+00:00,194,6,0.0,7.5,0.0,46.52,15.039999
2026-04-19 00:00:00+00:00,194,24,0.0,7.9,0.0,46.52,15.039999
2026-04-19 00:00:00+00:00,236,3,0.0,9.7,0.0,45.8,15.179998
2026-04-19 00:00:00+00:00,236,6,0.0,9.4,0.0,45.8,15.179998
2026-04-19 00:00:00+00:00,236,24,0.0,8.7,0.0,45.8,15.179998
2026-04-19 00:00:00+00:00,325,3,0.0,10.4,0.0,46.56,15.639999
2026-04-19 00:00:00+00:00,325,6,0.0,12.1,0.0,46.56,15.639999
2026-04-19 00:00:00+00:00,325,24,0.3,9.9,0.0,46.56,15.639999
2026-04-19 00:00:00+00:00,391,3,0.0,6.7,0.0,46.7,16.099998
2026-04-19 00:00:00+00:00,391,6,0.0,8.4,0.0,46.7,16.099998
2026-04-19 00:00:00+00:00,391,24,0.0,8.3,0.0,46.7,16.099998
2026-04-19 00:00:00+00:00,422,3,0.0,7.4,0.0,46.24,15.219999
2026-04-19 00:00:00+00:00,422,6,0.0,8.1,0.0,46.24,15.219999
2026-04-19 00:00:00+00:00,422,24,0.0,8.6,0.0,46.24,15.219999
2026-04-19 00:00:00+00:00,425,3,0.0,9.4,0.0,45.94,15.519999
2026-04-19 00:00:00+00:00,425,6,0.0,9.2,0.0,45.94,15.519999
2026-04-19 00:00:00+00:00,425,24,0.0,8.4,0.0,45.94,15.519999
2026-04-19 00:00:00+00:00,426,3,0.0,12.4,0.0,45.54,13.719999
2026-04-19 00:00:00+00:00,426,6,0.0,12.6,0.0,45.54,13.719999
2026-04-19 00:00:00+00:00,426,24,0.0,12.7,0.0,45.54,13.719999
2026-04-19 03:00:00+00:00,63,6,0.0,7.4,0.0,46.420002,14.08
2026-04-19 03:00:00+00:00,76,6,0.0,8.0,0.0,46.34,14.199999
2026-04-19 03:00:00+00:00,106,6,0.0,7.1,0.0,46.260002,14.4
2026-04-19 03:00:00+00:00,122,6,0.0,6.0,0.0,46.02,14.459999
2026-04-19 03:00:00+00:00,127,6,0.0,9.2,0.0,46.12,14.519999
2026-04-19 03:00:00+00:00,129,6,0.0,8.4,0.0,46.02,14.519999
2026-04-19 03:00:00+00:00,177,6,0.0,8.6,0.0,45.6,14.859999
2026-04-19 03:00:00+00:00,194,6,0.0,6.7,0.0,46.52,15.039999
2026-04-19 03:00:00+00:00,236,6,0.0,7.5,0.0,45.8,15.179998
2026-04-19 03:00:00+00:00,325,6,0.0,8.7,0.0,46.56,15.639999
2026-04-19 03:00:00+00:00,391,6,0.0,4.9,0.0,46.7,16.099998
2026-04-19 03:00:00+00:00,422,6,0.0,5.8,0.0,46.24,15.219999
2026-04-19 03:00:00+00:00,425,6,0.0,7.0,0.0,45.94,15.519999
2026-04-19 03:00:00+00:00,426,6,0.0,11.1,0.0,45.54,13.719999
2026-04-19 06:00:00+00:00,63,24,135.3,10.7,0.0,46.420002,14.08
2026-04-19 06:00:00+00:00,76,24,132.8,9.4,0.0,46.34,14.199999
2026-04-19 06:00:00+00:00,106,24,151.3,9.5,0.0,46.260002,14.4
2026-04-19 06:00:00+00:00,122,24,146.0,8.4,0.0,46.02,14.459999
2026-04-19 06:00:00+00:00,127,24,152.5,10.5,0.0,46.12,14.519999
2026-04-19 06:00:00+00:00,129,24,152.5,9.4,0.0,46.02,14.519999
2026-04-19 06:00:00+00:00,177,24,171.8,11.1,0.0,45.6,14.859999
2026-04-19 06:00:00+00:00,194,24,142.8,8.6,0.0,46.52,15.039999
2026-04-19 06:00:00+00:00,236,24,156.3,9.4,0.0,45.8,15.179998
2026-04-19 06:00:00+00:00,325,24,161.3,10.3,0.0,46.56,15.639999
2026-04-19 06:00:00+00:00,391,24,171.3,8.5,0.0,46.7,16.099998
2026-04-19 06:00:00+00:00,422,24,152.8,7.8,0.0,46.24,15.219999
2026-04-19 06:00:00+00:00,425,24,157.3,9.3,0.0,45.94,15.519999
2026-04-19 06:00:00+00:00,426,24,131.8,13.2,0.0,45.54,13.719999
2026-04-19 09:00:00+00:00,63,24,417.5,16.1,0.0,46.420002,14.08
2026-04-19 09:00:00+00:00,76,24,443.3,16.1,0.0,46.34,14.199999
2026-04-19 09:00:00+00:00,106,24,503.8,16.8,0.0,46.260002,14.4
2026-04-19 09:00:00+00:00,122,24,481.0,16.8,0.0,46.02,14.459999
2026-04-19 09:00:00+00:00,127,24,495.8,16.3,0.0,46.12,14.519999
2026-04-19 09:00:00+00:00,129,24,508.3,17.3,0.0,46.02,14.519999
2026-04-19 09:00:00+00:00,177,24,646.5,16.3,0.0,45.6,14.859999
2026-04-19 09:00:00+00:00,194,24,605.8,18.2,0.0,46.52,15.039999
2026-04-19 09:00:00+00:00,236,24,643.3,18.9,0.0,45.8,15.179998
2026-04-19 09:00:00+00:00,325,24,605.0,17.8,0.0,46.56,15.639999
2026-04-19 09:00:00+00:00,391,24,516.0,17.6,0.0,46.7,16.099998
2026-04-19 09:00:00+00:00,422,24,612.5,19.2,0.0,46.24,15.219999
2026-04-19 09:00:00+00:00,425,24,639.8,18.7,0.0,45.94,15.519999
2026-04-19 09:00:00+00:00,426,24,525.0,19.8,0.0,45.54,13.719999
2026-04-19 12:00:00+00:00,63,24,444.3,16.9,0.3,46.420002,14.08
2026-04-19 12:00:00+00:00,76,24,238.8,15.9,1.8,46.34,14.199999
2026-04-19 12:00:00+00:00,106,24,685.5,20.8,0.0,46.260002,14.4
2026-04-19 12:00:00+00:00,122,24,648.5,21.6,0.0,46.02,14.459999
2026-04-19 12:00:00+00:00,127,24,730.3,20.9,0.0,46.12,14.519999
2026-04-19 12:00:00+00:00,129,24,678.0,22.6,0.0,46.02,14.519999
2026-04-19 12:00:00+00:00,177,24,368.0,17.4,0.0,45.6,14.859999
2026-04-19 12:00:00+00:00,194,24,584.3,21.0,0.0,46.52,15.039999
2026-04-19 12:00:00+00:00,236,24,620.8,22.6,0.0,45.8,15.179998
2026-04-19 12:00:00+00:00,325,24,595.3,21.2,0.0,46.56,15.639999
2026-04-19 12:00:00+00:00,391,24,589.3,21.7,0.0,46.7,16.099998
2026-04-19 12:00:00+00:00,422,24,568.8,22.9,0.0,46.24,15.219999
2026-04-19 12:00:00+00:00,425,24,578.5,21.9,0.0,45.94,15.519999
2026-04-19 12:00:00+00:00,426,24,364.3,18.0,0.0,45.54,13.719999
2026-04-19 15:00:00+00:00,63,24,145.0,14.7,0.8,46.420002,14.08
2026-04-19 15:00:00+00:00,76,24,118.0,13.8,1.5,46.34,14.199999
2026-04-19 15:00:00+00:00,106,24,206.0,18.2,0.1,46.260002,14.4
2026-04-19 15:00:00+00:00,122,24,236.8,17.9,0.0,46.02,14.459999
2026-04-19 15:00:00+00:00,127,24,244.8,18.0,0.0,46.12,14.519999
2026-04-19 15:00:00+00:00,129,24,231.5,18.0,0.0,46.02,14.519999
2026-04-19 15:00:00+00:00,177,24,233.5,15.1,0.0,45.6,14.859999
2026-04-19 15:00:00+00:00,194,24,124.5,14.3,1.0,46.52,15.039999
2026-04-19 15:00:00+00:00,236,24,164.0,18.0,0.0,45.8,15.179998
2026-04-19 15:00:00+00:00,325,24,294.0,22.2,0.0,46.56,15.639999
2026-04-19 15:00:00+00:00,391,24,436.3,22.1,0.0,46.7,16.099998
2026-04-19 15:00:00+00:00,422,24,109.8,19.8,0.3,46.24,15.219999
2026-04-19 15:00:00+00:00,425,24,73.8,19.1,0.7,45.94,15.519999
2026-04-19 15:00:00+00:00,426,24,416.5,18.6,0.0,45.54,13.719999
2026-04-19 18:00:00+00:00,63,24,21.0,11.4,0.0,46.420002,14.08
2026-04-19 18:00:00+00:00,76,24,15.5,12.1,0.0,46.34,14.199999
2026-04-19 18:00:00+00:00,106,24,13.0,13.3,0.0,46.260002,14.4
2026-04-19 18:00:00+00:00,122,24,9.8,13.1,0.8,46.02,14.459999
2026-04-19 18:00:00+00:00,127,24,8.0,12.7,0.2,46.12,14.519999
2026-04-19 18:00:00+00:00,129,24,8.5,14.0,0.7,46.02,14.519999
2026-04-19 18:00:00+00:00,177,24,5.5,11.1,0.2,45.6,14.859999
2026-04-19 18:00:00+00:00,194,24,6.5,12.0,0.7,46.52,15.039999
2026-04-19 18:00:00+00:00,236,24,6.5,15.1,0.1,45.8,15.179998
2026-04-19 18:00:00+00:00,325,24,3.8,14.1,0.5,46.56,15.639999
2026-04-19 18:00:00+00:00,391,24,3.3,13.6,1.9,46.7,16.099998
2026-04-19 18:00:00+00:00,422,24,3.0,14.4,2.8,46.24,15.219999
2026-04-19 18:00:00+00:00,425,24,5.3,15.6,0.5,45.94,15.519999
2026-04-19 18:00:00+00:00,426,24,25.0,16.3,0.0,45.54,13.719999
2026-04-19 21:00:00+00:00,63,24,0.0,9.6,0.0,46.420002,14.08
2026-04-19 21:00:00+00:00,76,24,0.5,9.8,0.0,46.34,14.199999
2026-04-19 21:00:00+00:00,106,24,0.0,9.5,0.0,46.260002,14.4
2026-04-19 21:00:00+00:00,122,24,0.0,10.0,0.0,46.02,14.459999
2026-04-19 21:00:00+00:00,127,24,0.3,11.7,0.0,46.12,14.519999
2026-04-19 21:00:00+00:00,129,24,0.0,12.3,0.0,46.02,14.519999
2026-04-19 21:00:00+00:00,177,24,0.0,9.7,0.1,45.6,14.859999
2026-04-19 21:00:00+00:00,194,24,0.0,10.9,0.6,46.52,15.039999
2026-04-19 21:00:00+00:00,236,24,0.0,12.8,0.1,45.8,15.179998
2026-04-19 21:00:00+00:00,325,24,0.0,12.5,0.0,46.56,15.639999
2026-04-19 21:00:00+00:00,391,24,0.0,11.5,0.0,46.7,16.099998
2026-04-19 21:00:00+00:00,422,24,0.0,12.3,0.0,46.24,15.219999
2026-04-19 21:00:00+00:00,425,24,0.0,12.5,0.2,45.94,15.519999
2026-04-19 21:00:00+00:00,426,24,0.0,12.8,0.0,45.54,13.719999
2026-04-19 01:00:00+00:00,63,1,0.0,6.6,0.0,46.420002,14.08
2026-04-19 01:00:00+00:00,76,1,0.0,7.6,0.0,46.34,14.199999
2026-04-19 01:00:00+00:00,106,1,0.0,6.6,0.0,46.260002,14.4
2026-04-19 01:00:00+00:00,122,1,0.0,6.8,0.0,46.02,14.459999
2026-04-19 01:00:00+00:00,127,1,0.0,8.7,0.0,46.12,14.519999
2026-04-19 01:00:00+00:00,129,1,0.0,7.6,0.0,46.02,14.519999
2026-04-19 01:00:00+00:00,177,1,0.0,8.7,0.0,45.6,14.859999
2026-04-19 01:00:00+00:00,194,1,0.0,6.6,0.0,46.52,15.039999
2026-04-19 01:00:00+00:00,236,1,0.0,7.7,0.0,45.8,15.179998
2026-04-19 01:00:00+00:00,325,1,0.0,8.6,0.0,46.56,15.639999
2026-04-19 01:00:00+00:00,391,1,0.0,5.7,0.0,46.7,16.099998
2026-04-19 01:00:00+00:00,422,1,0.0,6.1,0.0,46.24,15.219999
2026-04-19 01:00:00+00:00,425,1,0.0,5.8,0.0,45.94,15.519999
2026-04-19 01:00:00+00:00,426,1,0.0,11.6,0.0,45.54,13.719999
2026-04-19 02:00:00+00:00,63,2,0.0,6.5,0.0,46.420002,14.08
2026-04-19 02:00:00+00:00,76,2,0.0,7.2,0.0,46.34,14.199999
2026-04-19 02:00:00+00:00,106,2,0.0,6.7,0.0,46.260002,14.4
2026-04-19 02:00:00+00:00,122,2,0.0,6.0,0.0,46.02,14.459999
2026-04-19 02:00:00+00:00,127,2,0.0,9.1,0.0,46.12,14.519999
2026-04-19 02:00:00+00:00,129,2,0.0,7.4,0.0,46.02,14.519999
2026-04-19 02:00:00+00:00,177,2,0.0,8.3,0.0,45.6,14.859999
2026-04-19 02:00:00+00:00,194,2,0.0,6.3,0.0,46.52,15.039999
2026-04-19 02:00:00+00:00,236,2,0.0,7.2,0.0,45.8,15.179998
2026-04-19 02:00:00+00:00,325,2,0.0,8.5,0.0,46.56,15.639999
2026-04-19 02:00:00+00:00,391,2,0.0,4.5,0.0,46.7,16.099998
2026-04-19 02:00:00+00:00,422,2,0.0,5.1,0.0,46.24,15.219999
2026-04-19 02:00:00+00:00,425,2,0.0,6.4,0.0,45.94,15.519999
2026-04-19 02:00:00+00:00,426,2,0.0,11.1,0.0,45.54,13.719999
2026-04-19 03:00:00+00:00,63,3,0.0,6.3,0.0,46.420002,14.08
2026-04-19 03:00:00+00:00,76,3,0.0,7.1,0.0,46.34,14.199999
2026-04-19 03:00:00+00:00,106,3,0.0,6.0,0.0,46.260002,14.4
2026-04-19 03:00:00+00:00,122,3,0.0,5.3,0.0,46.02,14.459999
2026-04-19 03:00:00+00:00,127,3,0.0,8.6,0.0,46.12,14.519999
2026-04-19 03:00:00+00:00,129,3,0.0,7.9,0.0,46.02,14.519999
2026-04-19 03:00:00+00:00,177,3,0.0,8.4,0.0,45.6,14.859999
2026-04-19 03:00:00+00:00,194,3,0.0,6.1,0.0,46.52,15.039999
2026-04-19 03:00:00+00:00,236,3,0.0,6.4,0.0,45.8,15.179998
2026-04-19 03:00:00+00:00,325,3,0.0,7.8,0.0,46.56,15.639999
2026-04-19 03:00:00+00:00,391,3,0.0,4.2,0.0,46.7,16.099998
2026-04-19 03:00:00+00:00,422,3,0.0,4.1,0.0,46.24,15.219999
2026-04-19 03:00:00+00:00,425,3,0.0,6.4,0.0,45.94,15.519999
2026-04-19 03:00:00+00:00,426,3,0.0,10.8,0.0,45.54,13.719999
2026-04-19 06:00:00+00:00,63,6,154.0,10.0,0.0,46.420002,14.08
2026-04-19 06:00:00+00:00,76,6,145.5,8.8,0.0,46.34,14.199999
2026-04-19 06:00:00+00:00,106,6,155.3,9.0,0.0,46.260002,14.4
2026-04-19 06:00:00+00:00,122,6,133.3,8.0,0.0,46.02,14.459999
2026-04-19 06:00:00+00:00,127,6,157.0,10.0,0.0,46.12,14.519999
2026-04-19 06:00:00+00:00,129,6,150.8,8.6,0.0,46.02,14.519999
2026-04-19 06:00:00+00:00,177,6,169.5,11.3,0.0,45.6,14.859999
2026-04-19 06:00:00+00:00,194,6,149.3,9.0,0.0,46.52,15.039999
2026-04-19 06:00:00+00:00,236,6,146.0,9.2,0.0,45.8,15.179998
2026-04-19 06:00:00+00:00,325,6,154.0,10.6,0.0,46.56,15.639999
2026-04-19 06:00:00+00:00,391,6,170.3,8.4,0.0,46.7,16.099998
2026-04-19 06:00:00+00:00,422,6,154.3,7.6,0.0,46.24,15.219999
2026-04-19 06:00:00+00:00,425,6,157.0,9.9,0.0,45.94,15.519999
2026-04-19 06:00:00+00:00,426,6,129.8,13.1,0.0,45.54,13.719999
2026-04-19 07:00:00+00:00,63,1,332.0,14.6,0.0,46.420002,14.08
2026-04-19 07:00:00+00:00,76,1,319.3,12.5,0.0,46.34,14.199999
2026-04-19 07:00:00+00:00,106,1,330.3,12.7,0.0,46.260002,14.4
2026-04-19 07:00:00+00:00,122,1,323.5,11.4,0.0,46.02,14.459999
2026-04-19 07:00:00+00:00,127,1,330.8,12.5,0.0,46.12,14.519999
2026-04-19 07:00:00+00:00,129,1,325.8,11.6,0.0,46.02,14.519999
2026-04-19 07:00:00+00:00,177,1,352.3,13.2,0.0,45.6,14.859999
2026-04-19 07:00:00+00:00,194,1,324.8,13.4,0.0,46.52,15.039999
2026-04-19 07:00:00+00:00,236,1,324.0,12.4,0.0,45.8,15.179998
2026-04-19 07:00:00+00:00,325,1,329.5,13.6,0.0,46.56,15.639999
2026-04-19 07:00:00+00:00,391,1,342.3,12.7,0.0,46.7,16.099998
2026-04-19 07:00:00+00:00,422,1,325.8,12.3,0.0,46.24,15.219999
2026-04-19 07:00:00+00:00,425,1,317.5,12.2,0.0,45.94,15.519999
2026-04-19 07:00:00+00:00,426,1,287.3,16.1,0.0,45.54,13.719999
2026-04-19 08:00:00+00:00,63,2,504.8,15.8,0.0,46.420002,14.08
2026-04-19 08:00:00+00:00,76,2,490.5,14.9,0.0,46.34,14.199999
2026-04-19 08:00:00+00:00,106,2,505.5,15.0,0.0,46.260002,14.4
2026-04-19 08:00:00+00:00,122,2,498.8,14.8,0.0,46.02,14.459999
2026-04-19 08:00:00+00:00,127,2,504.5,14.7,0.0,46.12,14.519999
2026-04-19 08:00:00+00:00,129,2,501.0,14.9,0.0,46.02,14.519999
2026-04-19 08:00:00+00:00,177,2,515.3,14.6,0.0,45.6,14.859999
2026-04-19 08:00:00+00:00,194,2,500.8,16.6,0.0,46.52,15.039999
2026-04-19 08:00:00+00:00,236,2,502.5,16.0,0.0,45.8,15.179998
2026-04-19 08:00:00+00:00,325,2,498.8,15.5,0.0,46.56,15.639999
2026-04-19 08:00:00+00:00,391,2,516.8,16.0,0.0,46.7,16.099998
2026-04-19 08:00:00+00:00,422,2,508.5,16.7,0.0,46.24,15.219999
2026-04-19 08:00:00+00:00,425,2,498.0,15.8,0.0,45.94,15.519999
2026-04-19 08:00:00+00:00,426,2,441.8,17.7,0.0,45.54,13.719999
2026-04-19 09:00:00+00:00,63,3,644.3,17.1,0.0,46.420002,14.08
2026-04-19 09:00:00+00:00,76,3,632.8,16.7,0.0,46.34,14.199999
2026-04-19 09:00:00+00:00,106,3,654.0,17.2,0.0,46.260002,14.4
2026-04-19 09:00:00+00:00,122,3,611.0,17.4,0.0,46.02,14.459999
2026-04-19 09:00:00+00:00,127,3,644.3,16.8,0.0,46.12,14.519999
2026-04-19 09:00:00+00:00,129,3,605.5,17.5,0.0,46.02,14.519999
2026-04-19 09:00:00+00:00,177,3,635.0,15.9,0.0,45.6,14.859999
2026-04-19 09:00:00+00:00,194,3,642.3,18.5,0.0,46.52,15.039999
2026-04-19 09:00:00+00:00,236,3,649.8,18.9,0.0,45.8,15.179998
2026-04-19 09:00:00+00:00,325,3,641.3,18.1,0.0,46.56,15.639999
2026-04-19 09:00:00+00:00,391,3,657.8,18.4,0.0,46.7,16.099998
2026-04-19 09:00:00+00:00,422,3,643.5,19.4,0.0,46.24,15.219999
2026-04-19 09:00:00+00:00,425,3,650.0,18.7,0.0,45.94,15.519999
2026-04-19 09:00:00+00:00,426,3,452.0,18.3,0.0,45.54,13.719999
2026-04-19 10:00:00+00:00,63,1,760.0,18.3,0.0,46.420002,14.08
2026-04-19 10:00:00+00:00,76,1,746.0,18.4,0.0,46.34,14.199999
2026-04-19 10:00:00+00:00,106,1,744.0,19.1,0.0,46.260002,14.4
2026-04-19 10:00:00+00:00,122,1,748.3,19.7,0.0,46.02,14.459999
2026-04-19 10:00:00+00:00,127,1,753.0,18.8,0.0,46.12,14.519999
2026-04-19 10:00:00+00:00,129,1,749.8,20.0,0.0,46.02,14.519999
2026-04-19 10:00:00+00:00,177,1,717.3,17.4,0.0,45.6,14.859999
2026-04-19 10:00:00+00:00,194,1,753.3,19.8,0.0,46.52,15.039999
2026-04-19 10:00:00+00:00,236,1,705.5,20.7,0.0,45.8,15.179998
2026-04-19 10:00:00+00:00,325,1,750.5,20.5,0.0,46.56,15.639999
2026-04-19 10:00:00+00:00,391,1,755.3,20.8,0.0,46.7,16.099998
2026-04-19 10:00:00+00:00,422,1,757.3,21.4,0.0,46.24,15.219999
2026-04-19 10:00:00+00:00,425,1,725.0,20.8,0.0,45.94,15.519999
2026-04-19 10:00:00+00:00,426,1,595.3,19.0,0.0,45.54,13.719999
2026-04-19 11:00:00+00:00,63,2,809.5,19.4,0.0,46.420002,14.08
2026-04-19 11:00:00+00:00,76,2,788.8,19.3,0.0,46.34,14.199999
2026-04-19 11:00:00+00:00,106,2,815.8,20.8,0.0,46.260002,14.4
2026-04-19 11:00:00+00:00,122,2,781.8,22.1,0.0,46.02,14.459999
2026-04-19 11:00:00+00:00,127,2,807.3,20.4,0.0,46.12,14.519999
2026-04-19 11:00:00+00:00,129,2,796.8,22.0,0.0,46.02,14.519999
2026-04-19 11:00:00+00:00,177,2,732.5,18.2,0.0,45.6,14.859999
2026-04-19 11:00:00+00:00,194,2,799.5,20.9,0.0,46.52,15.039999
2026-04-19 11:00:00+00:00,236,2,794.0,22.5,0.0,45.8,15.179998
2026-04-19 11:00:00+00:00,325,2,792.5,22.1,0.0,46.56,15.639999
2026-04-19 11:00:00+00:00,391,2,804.5,22.0,0.0,46.7,16.099998
2026-04-19 11:00:00+00:00,422,2,804.5,23.0,0.0,46.24,15.219999
2026-04-19 11:00:00+00:00,425,2,804.3,22.4,0.0,45.94,15.519999
2026-04-19 11:00:00+00:00,426,2,557.0,19.5,0.0,45.54,13.719999
2026-04-19 12:00:00+00:00,63,3,739.8,18.7,0.0,46.420002,14.08
2026-04-19 12:00:00+00:00,63,6,728.3,17.5,0.0,46.420002,14.08
2026-04-19 12:00:00+00:00,76,3,386.5,16.8,1.2,46.34,14.199999
2026-04-19 12:00:00+00:00,76,6,590.8,19.0,0.1,46.34,14.199999
2026-04-19 12:00:00+00:00,106,3,624.0,21.0,0.0,46.260002,14.4
2026-04-19 12:00:00+00:00,106,6,703.5,21.7,0.0,46.260002,14.4
2026-04-19 12:00:00+00:00,122,3,748.5,22.7,0.0,46.02,14.459999
2026-04-19 12:00:00+00:00,122,6,679.8,22.4,0.0,46.02,14.459999
2026-04-19 12:00:00+00:00,127,3,746.5,21.4,0.0,46.12,14.519999
2026-04-19 12:00:00+00:00,127,6,691.5,21.0,0.0,46.12,14.519999
2026-04-19 12:00:00+00:00,129,3,739.3,23.0,0.0,46.02,14.519999
2026-04-19 12:00:00+00:00,129,6,729.0,22.7,0.0,46.02,14.519999
2026-04-19 12:00:00+00:00,177,3,553.8,18.7,0.0,45.6,14.859999
2026-04-19 12:00:00+00:00,177,6,245.8,14.9,4.2,45.6,14.859999
2026-04-19 12:00:00+00:00,194,3,690.0,21.8,0.0,46.52,15.039999
2026-04-19 12:00:00+00:00,194,6,614.5,21.6,0.0,46.52,15.039999
2026-04-19 12:00:00+00:00,236,3,804.8,23.2,0.0,45.8,15.179998
2026-04-19 12:00:00+00:00,236,6,771.3,22.9,0.0,45.8,15.179998
2026-04-19 12:00:00+00:00,325,3,714.5,22.6,0.0,46.56,15.639999
2026-04-19 12:00:00+00:00,325,6,737.0,22.5,0.0,46.56,15.639999
2026-04-19 12:00:00+00:00,391,3,742.3,22.8,0.0,46.7,16.099998
2026-04-19 12:00:00+00:00,391,6,733.3,22.4,0.0,46.7,16.099998
2026-04-19 12:00:00+00:00,422,3,773.0,23.5,0.0,46.24,15.219999
2026-04-19 12:00:00+00:00,422,6,775.3,23.7,0.0,46.24,15.219999
2026-04-19 12:00:00+00:00,425,3,808.3,23.5,0.0,45.94,15.519999
2026-04-19 12:00:00+00:00,425,6,794.3,22.6,0.0,45.94,15.519999
2026-04-19 12:00:00+00:00,426,3,421.5,18.5,0.0,45.54,13.719999
2026-04-19 12:00:00+00:00,426,6,387.8,18.9,0.0,45.54,13.719999
2026-04-19 13:00:00+00:00,63,1,339.3,18.6,0.0,46.420002,14.08
2026-04-19 13:00:00+00:00,76,1,372.8,19.6,0.0,46.34,14.199999
2026-04-19 13:00:00+00:00,106,1,414.8,19.8,0.0,46.260002,14.4
2026-04-19 13:00:00+00:00,122,1,573.3,21.3,0.0,46.02,14.459999
2026-04-19 13:00:00+00:00,127,1,348.5,20.6,0.0,46.12,14.519999
2026-04-19 13:00:00+00:00,129,1,603.8,21.7,0.0,46.02,14.519999
2026-04-19 13:00:00+00:00,177,1,259.3,16.4,0.6,45.6,14.859999
2026-04-19 13:00:00+00:00,194,1,612.5,22.1,0.0,46.52,15.039999
2026-04-19 13:00:00+00:00,236,1,730.0,23.8,0.0,45.8,15.179998
2026-04-19 13:00:00+00:00,325,1,424.8,22.5,0.0,46.56,15.639999
2026-04-19 13:00:00+00:00,391,1,744.8,23.7,0.0,46.7,16.099998
2026-04-19 13:00:00+00:00,422,1,593.8,23.9,0.0,46.24,15.219999
2026-04-19 13:00:00+00:00,425,1,728.0,24.2,0.0,45.94,15.519999
2026-04-19 13:00:00+00:00,426,1,384.0,17.6,0.2,45.54,13.719999
2026-04-19 14:00:00+00:00,63,2,213.5,16.5,0.5,46.420002,14.08
2026-04-19 14:00:00+00:00,76,2,388.0,18.3,0.1,46.34,14.199999
2026-04-19 14:00:00+00:00,106,2,478.3,19.4,0.0,46.260002,14.4
2026-04-19 14:00:00+00:00,122,2,480.3,19.6,0.0,46.02,14.459999
2026-04-19 14:00:00+00:00,127,2,448.3,17.9,0.0,46.12,14.519999
2026-04-19 14:00:00+00:00,129,2,487.5,19.7,0.0,46.02,14.519999
2026-04-19 14:00:00+00:00,177,2,232.0,16.4,0.0,45.6,14.859999
2026-04-19 14:00:00+00:00,194,2,426.3,21.2,0.0,46.52,15.039999
2026-04-19 14:00:00+00:00,236,2,273.5,18.8,2.3,45.8,15.179998
2026-04-19 14:00:00+00:00,325,2,583.0,23.3,0.0,46.56,15.639999
2026-04-19 14:00:00+00:00,391,2,542.8,23.4,0.0,46.7,16.099998
2026-04-19 14:00:00+00:00,422,2,471.3,23.7,0.0,46.24,15.219999
2026-04-19 14:00:00+00:00,425,2,556.3,23.7,0.0,45.94,15.519999
2026-04-19 14:00:00+00:00,426,2,384.5,18.4,0.0,45.54,13.719999
2026-04-19 15:00:00+00:00,63,3,304.0,17.1,0.0,46.420002,14.08
2026-04-19 15:00:00+00:00,63,6,136.5,13.6,0.9,46.420002,14.08
2026-04-19 15:00:00+00:00,76,3,317.5,18.3,0.1,46.34,14.199999
2026-04-19 15:00:00+00:00,76,6,164.8,14.3,0.2,46.34,14.199999
2026-04-19 15:00:00+00:00,106,3,181.5,16.1,0.2,46.260002,14.4
2026-04-19 15:00:00+00:00,106,6,242.3,15.8,0.0,46.260002,14.4
2026-04-19 15:00:00+00:00,122,3,239.3,18.5,0.0,46.02,14.459999
2026-04-19 15:00:00+00:00,122,6,328.5,20.1,0.0,46.02,14.459999
2026-04-19 15:00:00+00:00,127,3,224.8,17.3,0.0,46.12,14.519999
2026-04-19 15:00:00+00:00,127,6,295.3,19.1,0.0,46.12,14.519999
2026-04-19 15:00:00+00:00,129,3,266.5,18.9,0.0,46.02,14.519999
2026-04-19 15:00:00+00:00,129,6,316.0,20.1,0.0,46.02,14.519999
2026-04-19 15:00:00+00:00,177,3,238.5,14.4,0.0,45.6,14.859999
2026-04-19 15:00:00+00:00,177,6,315.5,16.2,0.0,45.6,14.859999
2026-04-19 15:00:00+00:00,194,3,86.8,13.7,4.8,46.52,15.039999
2026-04-19 15:00:00+00:00,194,6,149.0,15.0,2.2,46.52,15.039999
2026-04-19 15:00:00+00:00,236,3,257.3,19.8,0.0,45.8,15.179998
2026-04-19 15:00:00+00:00,236,6,331.8,22.0,0.0,45.8,15.179998
2026-04-19 15:00:00+00:00,325,3,197.3,22.8,0.0,46.56,15.639999
2026-04-19 15:00:00+00:00,325,6,279.5,23.2,0.0,46.56,15.639999
2026-04-19 15:00:00+00:00,391,3,383.0,22.7,0.0,46.7,16.099998
2026-04-19 15:00:00+00:00,391,6,376.0,22.5,0.0,46.7,16.099998
2026-04-19 15:00:00+00:00,422,3,197.5,20.5,0.0,46.24,15.219999
2026-04-19 15:00:00+00:00,422,6,143.0,18.1,1.9,46.24,15.219999
2026-04-19 15:00:00+00:00,425,3,156.8,20.4,0.0,45.94,15.519999
2026-04-19 15:00:00+00:00,425,6,266.0,21.6,0.0,45.94,15.519999
2026-04-19 15:00:00+00:00,426,3,216.0,18.1,0.0,45.54,13.719999
2026-04-19 15:00:00+00:00,426,6,196.0,17.1,0.1,45.54,13.719999
2026-04-19 16:00:00+00:00,63,1,74.8,13.0,0.6,46.420002,14.08
2026-04-19 16:00:00+00:00,76,1,107.5,14.2,0.2,46.34,14.199999
2026-04-19 16:00:00+00:00,106,1,116.8,15.4,0.1,46.260002,14.4
2026-04-19 16:00:00+00:00,122,1,119.5,16.2,0.4,46.02,14.459999
2026-04-19 16:00:00+00:00,127,1,100.5,15.0,0.6,46.12,14.519999
2026-04-19 16:00:00+00:00,129,1,132.3,16.7,0.2,46.02,14.519999
2026-04-19 16:00:00+00:00,177,1,159.8,14.8,0.0,45.6,14.859999
2026-04-19 16:00:00+00:00,194,1,57.8,12.5,3.5,46.52,15.039999
2026-04-19 16:00:00+00:00,236,1,123.3,19.2,0.0,45.8,15.179998
2026-04-19 16:00:00+00:00,325,1,38.5,14.2,11.3,46.56,15.639999
2026-04-19 16:00:00+00:00,391,1,61.0,13.9,1.8,46.7,16.099998
2026-04-19 16:00:00+00:00,422,1,104.5,16.2,0.3,46.24,15.219999
2026-04-19 16:00:00+00:00,425,1,110.0,19.5,0.0,45.94,15.519999
2026-04-19 16:00:00+00:00,426,1,173.5,17.9,0.0,45.54,13.719999
2026-04-19 17:00:00+00:00,63,2,93.8,13.3,0.0,46.420002,14.08
2026-04-19 17:00:00+00:00,76,2,78.3,13.3,0.0,46.34,14.199999
2026-04-19 17:00:00+00:00,106,2,82.5,14.9,0.0,46.260002,14.4
2026-04-19 17:00:00+00:00,122,2,75.3,15.2,0.5,46.02,14.459999
2026-04-19 17:00:00+00:00,127,2,49.0,13.6,0.4,46.12,14.519999
2026-04-19 17:00:00+00:00,129,2,61.0,15.4,0.2,46.02,14.519999
2026-04-19 17:00:00+00:00,177,2,36.8,13.4,0.0,45.6,14.859999
2026-04-19 17:00:00+00:00,194,2,36.5,12.2,0.7,46.52,15.039999
2026-04-19 17:00:00+00:00,236,2,63.3,17.3,0.0,45.8,15.179998
2026-04-19 17:00:00+00:00,325,2,21.5,13.9,2.0,46.56,15.639999
2026-04-19 17:00:00+00:00,391,2,17.8,13.7,3.6,46.7,16.099998
2026-04-19 17:00:00+00:00,422,2,69.0,15.6,0.0,46.24,15.219999
2026-04-19 17:00:00+00:00,425,2,51.8,16.5,0.1,45.94,15.519999
2026-04-19 17:00:00+00:00,426,2,105.8,18.0,0.0,45.54,13.719999
2026-04-19 18:00:00+00:00,63,3,23.0,11.1,0.0,46.420002,14.08
2026-04-19 18:00:00+00:00,63,6,22.8,12.9,0.0,46.420002,14.08
2026-04-19 18:00:00+00:00,76,3,22.0,11.8,0.0,46.34,14.199999
2026-04-19 18:00:00+00:00,76,6,23.8,13.2,0.0,46.34,14.199999
2026-04-19 18:00:00+00:00,106,3,18.5,12.9,0.0,46.260002,14.4
2026-04-19 18:00:00+00:00,106,6,20.3,13.7,0.0,46.260002,14.4
2026-04-19 18:00:00+00:00,122,3,16.5,13.5,0.0,46.02,14.459999
2026-04-19 18:00:00+00:00,122,6,12.0,13.7,0.2,46.02,14.459999
2026-04-19 18:00:00+00:00,127,3,12.5,12.9,0.0,46.12,14.519999
2026-04-19 18:00:00+00:00,127,6,12.8,13.4,0.0,46.12,14.519999
2026-04-19 18:00:00+00:00,129,3,14.3,14.9,0.0,46.02,14.519999
2026-04-19 18:00:00+00:00,129,6,8.8,14.8,0.4,46.02,14.519999
2026-04-19 18:00:00+00:00,177,3,8.5,11.8,0.0,45.6,14.859999
2026-04-19 18:00:00+00:00,177,6,4.8,12.7,0.0,45.6,14.859999
2026-04-19 18:00:00+00:00,194,3,12.5,11.3,0.0,46.52,15.039999
2026-04-19 18:00:00+00:00,194,6,21.3,12.1,0.0,46.52,15.039999
2026-04-19 18:00:00+00:00,236,3,8.3,16.0,0.0,45.8,15.179998
2026-04-19 18:00:00+00:00,236,6,7.5,16.2,0.0,45.8,15.179998
2026-04-19 18:00:00+00:00,325,3,4.5,13.3,3.3,46.56,15.639999
2026-04-19 18:00:00+00:00,325,6,6.8,14.1,0.2,46.56,15.639999
2026-04-19 18:00:00+00:00,391,3,4.5,13.3,2.2,46.7,16.099998
2026-04-19 18:00:00+00:00,391,6,2.8,12.7,3.1,46.7,16.099998
2026-04-19 18:00:00+00:00,422,3,10.3,13.9,0.5,46.24,15.219999
2026-04-19 18:00:00+00:00,422,6,7.8,14.4,0.7,46.24,15.219999
2026-04-19 18:00:00+00:00,425,3,9.5,14.8,0.0,45.94,15.519999
2026-04-19 18:00:00+00:00,425,6,11.5,16.7,0.2,45.94,15.519999
2026-04-19 18:00:00+00:00,426,3,24.0,17.0,0.0,45.54,13.719999
2026-04-19 18:00:00+00:00,426,6,21.3,16.9,0.0,45.54,13.719999
2026-04-19 19:00:00+00:00,63,1,0.0,8.6,0.0,46.420002,14.08
2026-04-19 19:00:00+00:00,76,1,0.0,9.5,0.0,46.34,14.199999
2026-04-19 19:00:00+00:00,106,1,0.0,10.3,0.0,46.260002,14.4
2026-04-19 19:00:00+00:00,122,1,0.0,11.7,0.0,46.02,14.459999
2026-04-19 19:00:00+00:00,127,1,0.0,12.0,0.0,46.12,14.519999
2026-04-19 19:00:00+00:00,129,1,0.0,13.9,0.0,46.02,14.519999
2026-04-19 19:00:00+00:00,177,1,0.0,11.1,0.1,45.6,14.859999
2026-04-19 19:00:00+00:00,194,1,0.0,10.0,0.0,46.52,15.039999
2026-04-19 19:00:00+00:00,236,1,0.0,15.4,0.3,45.8,15.179998
2026-04-19 19:00:00+00:00,325,1,0.0,11.9,0.0,46.56,15.639999
2026-04-19 19:00:00+00:00,391,1,0.0,11.9,0.1,46.7,16.099998
2026-04-19 19:00:00+00:00,422,1,0.0,12.3,0.1,46.24,15.219999
2026-04-19 19:00:00+00:00,425,1,0.0,13.7,0.0,45.94,15.519999
2026-04-19 19:00:00+00:00,426,1,0.0,16.4,0.0,45.54,13.719999
2026-04-19 20:00:00+00:00,63,2,0.0,8.1,0.0,46.420002,14.08
2026-04-19 20:00:00+00:00,76,2,0.0,8.4,0.0,46.34,14.199999
2026-04-19 20:00:00+00:00,106,2,0.0,8.9,0.0,46.260002,14.4
2026-04-19 20:00:00+00:00,122,2,0.0,9.9,0.0,46.02,14.459999
2026-04-19 20:00:00+00:00,127,2,0.0,12.0,0.0,46.12,14.519999
2026-04-19 20:00:00+00:00,129,2,0.0,12.3,0.0,46.02,14.519999
2026-04-19 20:00:00+00:00,177,2,0.0,10.7,1.2,45.6,14.859999
2026-04-19 20:00:00+00:00,194,2,0.0,9.2,0.0,46.52,15.039999
2026-04-19 20:00:00+00:00,236,2,0.0,13.9,1.1,45.8,15.179998
2026-04-19 20:00:00+00:00,325,2,0.0,10.9,0.0,46.56,15.639999
2026-04-19 20:00:00+00:00,391,2,0.0,11.1,0.0,46.7,16.099998
2026-04-19 20:00:00+00:00,422,2,0.0,11.2,0.0,46.24,15.219999
2026-04-19 20:00:00+00:00,425,2,0.0,12.2,0.9,45.94,15.519999
2026-04-19 20:00:00+00:00,426,2,0.0,15.7,0.0,45.54,13.719999
2026-04-19 21:00:00+00:00,63,3,0.0,8.1,0.0,46.420002,14.08
2026-04-19 21:00:00+00:00,63,6,0.0,8.5,0.0,46.420002,14.08
2026-04-19 21:00:00+00:00,76,3,0.0,7.9,0.0,46.34,14.199999
2026-04-19 21:00:00+00:00,76,6,0.0,8.6,0.0,46.34,14.199999
2026-04-19 21:00:00+00:00,106,3,0.0,8.7,0.0,46.260002,14.4
2026-04-19 21:00:00+00:00,106,6,0.0,9.3,0.0,46.260002,14.4
2026-04-19 21:00:00+00:00,122,3,0.0,9.2,0.0,46.02,14.459999
2026-04-19 21:00:00+00:00,122,6,0.0,9.7,0.0,46.02,14.459999
2026-04-19 21:00:00+00:00,127,3,0.0,11.4,0.0,46.12,14.519999
2026-04-19 21:00:00+00:00,127,6,0.0,11.8,0.0,46.12,14.519999
2026-04-19 21:00:00+00:00,129,3,0.0,11.0,0.0,46.02,14.519999
2026-04-19 21:00:00+00:00,129,6,0.0,11.9,0.0,46.02,14.519999
2026-04-19 21:00:00+00:00,177,3,0.0,10.4,1.0,45.6,14.859999
2026-04-19 21:00:00+00:00,177,6,0.0,10.1,0.1,45.6,14.859999
2026-04-19 21:00:00+00:00,194,3,0.0,8.4,0.0,46.52,15.039999
2026-04-19 21:00:00+00:00,194,6,0.0,9.6,0.0,46.52,15.039999
2026-04-19 21:00:00+00:00,236,3,0.0,12.8,0.0,45.8,15.179998
2026-04-19 21:00:00+00:00,236,6,0.0,12.9,0.0,45.8,15.179998
2026-04-19 21:00:00+00:00,325,3,0.0,11.2,0.0,46.56,15.639999
2026-04-19 21:00:00+00:00,325,6,0.0,11.7,0.1,46.56,15.639999
2026-04-19 21:00:00+00:00,391,3,0.0,11.3,0.0,46.7,16.099998
2026-04-19 21:00:00+00:00,391,6,0.0,11.1,0.1,46.7,16.099998
2026-04-19 21:00:00+00:00,422,3,0.0,10.5,0.0,46.24,15.219999
2026-04-19 21:00:00+00:00,422,6,0.0,11.8,0.0,46.24,15.219999
2026-04-19 21:00:00+00:00,425,3,0.0,11.5,0.0,45.94,15.519999
2026-04-19 21:00:00+00:00,425,6,0.0,11.6,0.0,45.94,15.519999
2026-04-19 21:00:00+00:00,426,3,0.0,14.8,0.0,45.54,13.719999
2026-04-19 21:00:00+00:00,426,6,0.0,13.7,0.0,45.54,13.719999
2026-04-19 22:00:00+00:00,63,1,0.0,7.9,0.0,46.420002,14.08
2026-04-19 22:00:00+00:00,76,1,0.0,8.0,0.0,46.34,14.199999
2026-04-19 22:00:00+00:00,106,1,0.0,8.3,0.0,46.260002,14.4
2026-04-19 22:00:00+00:00,122,1,0.0,10.2,0.0,46.02,14.459999
2026-04-19 22:00:00+00:00,127,1,0.0,10.9,0.0,46.12,14.519999
2026-04-19 22:00:00+00:00,129,1,0.0,11.0,0.0,46.02,14.519999
2026-04-19 22:00:00+00:00,177,1,0.0,9.5,0.0,45.6,14.859999
2026-04-19 22:00:00+00:00,194,1,0.0,9.0,0.0,46.52,15.039999
2026-04-19 22:00:00+00:00,236,1,0.0,11.7,0.0,45.8,15.179998
2026-04-19 22:00:00+00:00,325,1,0.0,11.2,0.1,46.56,15.639999
2026-04-19 22:00:00+00:00,391,1,0.0,11.4,0.0,46.7,16.099998
2026-04-19 22:00:00+00:00,422,1,0.0,10.0,0.0,46.24,15.219999
2026-04-19 22:00:00+00:00,425,1,0.0,11.2,0.0,45.94,15.519999
2026-04-19 22:00:00+00:00,426,1,0.0,13.7,0.0,45.54,13.719999
2026-04-19 23:00:00+00:00,63,2,0.0,7.8,0.0,46.420002,14.08
2026-04-19 23:00:00+00:00,76,2,0.0,8.2,0.0,46.34,14.199999
2026-04-19 23:00:00+00:00,106,2,0.0,8.4,0.0,46.260002,14.4
2026-04-19 23:00:00+00:00,122,2,0.0,9.3,0.0,46.02,14.459999
2026-04-19 23:00:00+00:00,127,2,0.0,10.3,0.0,46.12,14.519999
2026-04-19 23:00:00+00:00,129,2,0.0,10.0,0.0,46.02,14.519999
2026-04-19 23:00:00+00:00,177,2,0.0,9.3,0.0,45.6,14.859999
2026-04-19 23:00:00+00:00,194,2,0.0,9.1,0.0,46.52,15.039999
2026-04-19 23:00:00+00:00,236,2,0.0,11.2,0.0,45.8,15.179998
2026-04-19 23:00:00+00:00,325,2,0.0,10.8,0.0,46.56,15.639999
2026-04-19 23:00:00+00:00,391,2,0.0,11.2,0.0,46.7,16.099998
2026-04-19 23:00:00+00:00,422,2,0.0,9.5,0.0,46.24,15.219999
2026-04-19 23:00:00+00:00,425,2,0.0,11.1,0.4,45.94,15.519999
2026-04-19 23:00:00+00:00,426,2,0.0,12.9,0.0,45.54,13.719999
2026-04-20 00:00:00+00:00,63,3,0.0,8.2,0.0,46.420002,14.08
2026-04-20 00:00:00+00:00,63,6,0.0,7.2,0.0,46.420002,14.08
2026-04-20 00:00:00+00:00,63,24,0.0,9.7,0.0,46.420002,14.08
2026-04-20 00:00:00+00:00,76,3,0.0,8.5,0.0,46.34,14.199999
2026-04-20 00:00:00+00:00,76,6,0.0,7.7,0.0,46.34,14.199999
2026-04-20 00:00:00+00:00,76,24,0.0,9.4,0.0,46.34,14.199999
2026-04-20 00:00:00+00:00,106,3,0.0,9.0,0.0,46.260002,14.4
2026-04-20 00:00:00+00:00,106,6,0.0,8.8,0.0,46.260002,14.4
2026-04-20 00:00:00+00:00,106,24,0.0,9.9,0.0,46.260002,14.4
2026-04-20 00:00:00+00:00,122,3,0.0,9.0,0.0,46.02,14.459999
2026-04-20 00:00:00+00:00,122,6,0.0,7.9,0.0,46.02,14.459999
2026-04-20 00:00:00+00:00,122,24,0.0,10.4,0.2,46.02,14.459999
2026-04-20 00:00:00+00:00,127,3,0.0,10.4,0.0,46.12,14.519999
2026-04-20 00:00:00+00:00,127,6,0.0,10.4,0.0,46.12,14.519999
2026-04-20 00:00:00+00:00,127,24,0.0,11.0,0.1,46.12,14.519999
2026-04-20 00:00:00+00:00,129,3,0.0,10.0,0.0,46.02,14.519999
2026-04-20 00:00:00+00:00,129,6,0.0,9.0,0.0,46.02,14.519999
2026-04-20 00:00:00+00:00,129,24,0.0,10.8,0.2,46.02,14.519999
2026-04-20 00:00:00+00:00,177,3,0.0,9.1,0.0,45.6,14.859999
2026-04-20 00:00:00+00:00,177,6,0.0,8.5,0.0,45.6,14.859999
2026-04-20 00:00:00+00:00,177,24,0.3,8.9,0.0,45.6,14.859999
2026-04-20 00:00:00+00:00,194,3,0.0,8.4,0.0,46.52,15.039999
2026-04-20 00:00:00+00:00,194,6,0.0,9.0,0.0,46.52,15.039999
2026-04-20 00:00:00+00:00,194,24,0.0,9.0,0.0,46.52,15.039999
2026-04-20 00:00:00+00:00,236,3,0.0,11.0,0.0,45.8,15.179998
2026-04-20 00:00:00+00:00,236,6,0.0,10.1,0.0,45.8,15.179998
2026-04-20 00:00:00+00:00,236,24,0.0,11.4,0.0,45.8,15.179998
2026-04-20 00:00:00+00:00,325,3,0.0,10.7,0.0,46.56,15.639999
2026-04-20 00:00:00+00:00,325,6,0.0,10.5,0.0,46.56,15.639999
2026-04-20 00:00:00+00:00,325,24,0.3,11.7,0.0,46.56,15.639999
2026-04-20 00:00:00+00:00,391,3,0.0,10.9,0.0,46.7,16.099998
2026-04-20 00:00:00+00:00,391,6,0.0,10.8,0.0,46.7,16.099998
2026-04-20 00:00:00+00:00,391,24,0.0,11.3,0.2,46.7,16.099998
2026-04-20 00:00:00+00:00,422,3,0.0,9.5,0.3,46.24,15.219999
2026-04-20 00:00:00+00:00,422,6,0.0,9.4,0.0,46.24,15.219999
2026-04-20 00:00:00+00:00,422,24,0.0,10.2,0.0,46.24,15.219999
2026-04-20 00:00:00+00:00,425,3,0.0,10.9,0.0,45.94,15.519999
2026-04-20 00:00:00+00:00,425,6,0.0,10.3,0.0,45.94,15.519999
2026-04-20 00:00:00+00:00,425,24,0.0,11.2,0.2,45.94,15.519999
2026-04-20 00:00:00+00:00,426,3,0.0,12.9,0.0,45.54,13.719999
2026-04-20 00:00:00+00:00,426,6,0.0,12.7,0.0,45.54,13.719999
2026-04-20 00:00:00+00:00,426,24,0.0,11.6,0.0,45.54,13.719999
2026-04-20 03:00:00+00:00,63,6,0.0,8.1,0.0,46.420002,14.08
2026-04-20 03:00:00+00:00,76,6,0.0,8.5,0.0,46.34,14.199999
2026-04-20 03:00:00+00:00,106,6,0.0,8.2,0.0,46.260002,14.4
2026-04-20 03:00:00+00:00,122,6,0.0,8.8,0.0,46.02,14.459999
2026-04-20 03:00:00+00:00,127,6,0.0,8.7,0.0,46.12,14.519999
2026-04-20 03:00:00+00:00,129,6,0.0,9.6,0.0,46.02,14.519999
2026-04-20 03:00:00+00:00,177,6,0.0,8.7,0.0,45.6,14.859999
2026-04-20 03:00:00+00:00,194,6,0.0,8.9,0.0,46.52,15.039999
2026-04-20 03:00:00+00:00,236,6,0.0,10.3,0.3,45.8,15.179998
2026-04-20 03:00:00+00:00,325,6,0.0,10.2,0.0,46.56,15.639999
2026-04-20 03:00:00+00:00,391,6,0.0,9.7,0.0,46.7,16.099998
2026-04-20 03:00:00+00:00,422,6,0.0,9.4,0.1,46.24,15.219999
2026-04-20 03:00:00+00:00,425,6,0.0,9.9,0.8,45.94,15.519999
2026-04-20 03:00:00+00:00,426,6,0.0,11.6,0.0,45.54,13.719999
2026-04-20 06:00:00+00:00,63,24,78.0,10.2,0.0,46.420002,14.08
2026-04-20 06:00:00+00:00,76,24,71.0,9.4,0.0,46.34,14.199999
2026-04-20 06:00:00+00:00,106,24,53.3,10.3,0.4,46.260002,14.4
2026-04-20 06:00:00+00:00,122,24,37.3,10.1,0.4,46.02,14.459999
2026-04-20 06:00:00+00:00,127,24,35.3,10.8,0.3,46.12,14.519999
2026-04-20 06:00:00+00:00,129,24,35.5,10.9,0.4,46.02,14.519999
2026-04-20 06:00:00+00:00,177,24,81.8,9.4,0.0,45.6,14.859999
2026-04-20 06:00:00+00:00,194,24,90.5,10.6,0.0,46.52,15.039999
2026-04-20 06:00:00+00:00,236,24,47.8,11.3,0.2,45.8,15.179998
2026-04-20 06:00:00+00:00,325,24,80.8,11.6,0.0,46.56,15.639999
2026-04-20 06:00:00+00:00,391,24,116.3,9.6,0.0,46.7,16.099998
2026-04-20 06:00:00+00:00,422,24,47.8,11.3,0.2,46.24,15.219999
2026-04-20 06:00:00+00:00,425,24,18.5,11.5,0.7,45.94,15.519999
2026-04-20 06:00:00+00:00,426,24,71.5,12.6,0.0,45.54,13.719999
2026-04-20 09:00:00+00:00,63,24,233.3,11.7,0.0,46.420002,14.08
2026-04-20 09:00:00+00:00,76,24,119.5,11.0,0.2,46.34,14.199999
2026-04-20 09:00:00+00:00,106,24,158.3,12.6,0.1,46.260002,14.4
2026-04-20 09:00:00+00:00,122,24,245.3,13.8,0.0,46.02,14.459999
2026-04-20 09:00:00+00:00,127,24,190.0,12.7,0.0,46.12,14.519999
2026-04-20 09:00:00+00:00,129,24,265.8,14.3,0.0,46.02,14.519999
2026-04-20 09:00:00+00:00,177,24,135.0,8.9,0.0,45.6,14.859999
2026-04-20 09:00:00+00:00,194,24,275.5,12.3,0.0,46.52,15.039999
2026-04-20 09:00:00+00:00,236,24,112.0,12.2,0.2,45.8,15.179998
2026-04-20 09:00:00+00:00,325,24,377.8,12.6,0.0,46.56,15.639999
2026-04-20 09:00:00+00:00,391,24,516.0,12.9,0.0,46.7,16.099998
2026-04-20 09:00:00+00:00,422,24,132.5,12.3,0.5,46.24,15.219999
2026-04-20 09:00:00+00:00,425,24,46.8,11.0,0.4,45.94,15.519999
2026-04-20 09:00:00+00:00,426,24,446.5,17.2,0.0,45.54,13.719999
2026-04-20 12:00:00+00:00,63,24,481.8,13.1,0.0,46.420002,14.08
2026-04-20 12:00:00+00:00,76,24,381.5,13.6,0.0,46.34,14.199999
2026-04-20 12:00:00+00:00,106,24,657.8,15.7,0.0,46.260002,14.4
2026-04-20 12:00:00+00:00,122,24,504.0,15.9,0.0,46.02,14.459999
2026-04-20 12:00:00+00:00,127,24,543.8,15.3,0.0,46.12,14.519999
2026-04-20 12:00:00+00:00,129,24,478.5,16.2,0.0,46.02,14.519999
2026-04-20 12:00:00+00:00,177,24,143.8,8.1,0.4,45.6,14.859999
2026-04-20 12:00:00+00:00,194,24,257.3,12.5,3.0,46.52,15.039999
2026-04-20 12:00:00+00:00,236,24,430.3,14.4,0.0,45.8,15.179998
2026-04-20 12:00:00+00:00,325,24,352.8,14.3,0.0,46.56,15.639999
2026-04-20 12:00:00+00:00,391,24,570.3,15.4,0.0,46.7,16.099998
2026-04-20 12:00:00+00:00,422,24,461.8,15.8,0.0,46.24,15.219999
2026-04-20 12:00:00+00:00,425,24,385.3,13.9,0.0,45.94,15.519999
2026-04-20 12:00:00+00:00,426,24,679.3,17.9,0.0,45.54,13.719999
2026-04-20 15:00:00+00:00,63,24,374.8,10.4,0.1,46.420002,14.08
2026-04-20 15:00:00+00:00,76,24,142.0,10.1,13.4,46.34,14.199999
2026-04-20 15:00:00+00:00,106,24,44.0,10.0,8.0,46.260002,14.4
2026-04-20 15:00:00+00:00,122,24,176.5,11.2,0.1,46.02,14.459999
2026-04-20 15:00:00+00:00,127,24,91.5,10.0,0.5,46.12,14.519999
2026-04-20 15:00:00+00:00,129,24,177.3,11.3,0.2,46.02,14.519999
2026-04-20 15:00:00+00:00,177,24,266.8,7.5,0.0,45.6,14.859999
2026-04-20 15:00:00+00:00,194,24,59.8,10.0,0.6,46.52,15.039999
2026-04-20 15:00:00+00:00,236,24,134.0,11.4,0.3,45.8,15.179998
2026-04-20 15:00:00+00:00,325,24,79.5,10.7,3.4,46.56,15.639999
2026-04-20 15:00:00+00:00,391,24,245.3,11.0,0.1,46.7,16.099998
2026-04-20 15:00:00+00:00,422,24,58.3,10.2,0.1,46.24,15.219999
2026-04-20 15:00:00+00:00,425,24,125.8,10.3,0.1,45.94,15.519999
2026-04-20 15:00:00+00:00,426,24,453.0,17.4,0.0,45.54,13.719999
2026-04-20 18:00:00+00:00,63,24,22.3,8.9,0.1,46.420002,14.08
2026-04-20 18:00:00+00:00,76,24,12.5,8.5,0.1,46.34,14.199999
2026-04-20 18:00:00+00:00,106,24,4.8,9.8,3.2,46.260002,14.4
2026-04-20 18:00:00+00:00,122,24,7.5,10.4,0.3,46.02,14.459999
2026-04-20 18:00:00+00:00,127,24,4.3,9.4,1.6,46.12,14.519999
2026-04-20 18:00:00+00:00,129,24,7.5,10.8,0.2,46.02,14.519999
2026-04-20 18:00:00+00:00,177,24,9.5,6.3,0.3,45.6,14.859999
2026-04-20 18:00:00+00:00,194,24,8.0,9.3,0.0,46.52,15.039999
2026-04-20 18:00:00+00:00,236,24,1.8,9.0,1.7,45.8,15.179998
2026-04-20 18:00:00+00:00,325,24,10.0,9.9,0.1,46.56,15.639999
2026-04-20 18:00:00+00:00,391,24,16.0,9.3,0.0,46.7,16.099998
2026-04-20 18:00:00+00:00,422,24,4.3,9.3,0.5,46.24,15.219999
2026-04-20 18:00:00+00:00,425,24,3.5,9.1,2.5,45.94,15.519999
2026-04-20 18:00:00+00:00,426,24,22.8,16.2,0.0,45.54,13.719999
2026-04-20 21:00:00+00:00,63,24,0.0,8.1,0.0,46.420002,14.08
2026-04-20 21:00:00+00:00,76,24,0.0,8.0,0.5,46.34,14.199999
2026-04-20 21:00:00+00:00,106,24,0.3,8.8,0.3,46.260002,14.4
2026-04-20 21:00:00+00:00,122,24,0.0,8.8,0.1,46.02,14.459999
2026-04-20 21:00:00+00:00,127,24,0.0,8.0,2.0,46.12,14.519999
2026-04-20 21:00:00+00:00,129,24,0.0,9.0,0.1,46.02,14.519999
2026-04-20 21:00:00+00:00,177,24,0.3,5.7,0.9,45.6,14.859999
2026-04-20 21:00:00+00:00,194,24,0.0,8.1,0.0,46.52,15.039999
2026-04-20 21:00:00+00:00,236,24,0.0,9.3,0.0,45.8,15.179998
2026-04-20 21:00:00+00:00,325,24,0.0,9.3,0.0,46.56,15.639999
2026-04-20 21:00:00+00:00,391,24,0.0,8.7,0.0,46.7,16.099998
2026-04-20 21:00:00+00:00,422,24,0.0,8.4,0.7,46.24,15.219999
2026-04-20 21:00:00+00:00,425,24,0.0,8.9,0.6,45.94,15.519999
2026-04-20 21:00:00+00:00,426,24,0.0,14.7,0.2,45.54,13.719999
2026-04-20 01:00:00+00:00,63,1,0.0,8.1,0.0,46.420002,14.08
2026-04-20 01:00:00+00:00,76,1,0.0,8.2,0.0,46.34,14.199999
2026-04-20 01:00:00+00:00,106,1,0.0,8.4,0.0,46.260002,14.4
2026-04-20 01:00:00+00:00,122,1,0.0,9.2,0.0,46.02,14.459999
2026-04-20 01:00:00+00:00,127,1,0.0,9.9,0.1,46.12,14.519999
2026-04-20 01:00:00+00:00,129,1,0.0,9.7,0.0,46.02,14.519999
2026-04-20 01:00:00+00:00,177,1,0.0,8.4,0.0,45.6,14.859999
2026-04-20 01:00:00+00:00,194,1,0.0,9.2,0.0,46.52,15.039999
2026-04-20 01:00:00+00:00,236,1,0.0,10.9,0.0,45.8,15.179998
2026-04-20 01:00:00+00:00,325,1,0.0,9.9,0.0,46.56,15.639999
2026-04-20 01:00:00+00:00,391,1,0.0,11.3,0.0,46.7,16.099998
2026-04-20 01:00:00+00:00,422,1,0.0,9.6,0.0,46.24,15.219999
2026-04-20 01:00:00+00:00,425,1,0.0,9.8,0.0,45.94,15.519999
2026-04-20 01:00:00+00:00,426,1,0.0,12.6,0.0,45.54,13.719999
2026-04-20 02:00:00+00:00,63,2,0.0,8.3,0.0,46.420002,14.08
2026-04-20 02:00:00+00:00,76,2,0.0,8.4,0.0,46.34,14.199999
2026-04-20 02:00:00+00:00,106,2,0.0,8.1,0.0,46.260002,14.4
2026-04-20 02:00:00+00:00,122,2,0.0,9.3,0.0,46.02,14.459999
2026-04-20 02:00:00+00:00,127,2,0.0,10.2,0.0,46.12,14.519999
2026-04-20 02:00:00+00:00,129,2,0.0,9.9,0.0,46.02,14.519999
2026-04-20 02:00:00+00:00,177,2,0.0,8.5,0.0,45.6,14.859999
2026-04-20 02:00:00+00:00,194,2,0.0,9.2,0.0,46.52,15.039999
2026-04-20 02:00:00+00:00,236,2,0.0,10.7,0.2,45.8,15.179998
2026-04-20 02:00:00+00:00,325,2,0.0,10.1,0.0,46.56,15.639999
2026-04-20 02:00:00+00:00,391,2,0.0,10.8,0.0,46.7,16.099998
2026-04-20 02:00:00+00:00,422,2,0.0,9.7,0.0,46.24,15.219999
2026-04-20 02:00:00+00:00,425,2,0.0,10.3,0.2,45.94,15.519999
2026-04-20 02:00:00+00:00,426,2,0.0,11.9,0.0,45.54,13.719999
2026-04-20 03:00:00+00:00,63,3,0.0,7.7,0.0,46.420002,14.08
2026-04-20 03:00:00+00:00,76,3,0.0,7.9,0.0,46.34,14.199999
2026-04-20 03:00:00+00:00,106,3,0.0,8.9,0.0,46.260002,14.4
2026-04-20 03:00:00+00:00,122,3,0.0,9.3,0.0,46.02,14.459999
2026-04-20 03:00:00+00:00,127,3,0.0,9.6,0.0,46.12,14.519999
2026-04-20 03:00:00+00:00,129,3,0.0,10.3,0.0,46.02,14.519999
2026-04-20 03:00:00+00:00,177,3,0.0,8.8,0.3,45.6,14.859999
2026-04-20 03:00:00+00:00,194,3,0.0,9.3,0.0,46.52,15.039999
2026-04-20 03:00:00+00:00,236,3,0.0,10.7,0.0,45.8,15.179998
2026-04-20 03:00:00+00:00,325,3,0.0,10.7,0.0,46.56,15.639999
2026-04-20 03:00:00+00:00,391,3,0.0,10.2,0.1,46.7,16.099998
2026-04-20 03:00:00+00:00,422,3,0.0,9.7,0.0,46.24,15.219999
2026-04-20 03:00:00+00:00,425,3,0.0,10.0,0.0,45.94,15.519999
2026-04-20 03:00:00+00:00,426,3,0.0,12.2,0.0,45.54,13.719999
2026-04-20 06:00:00+00:00,63,6,57.8,8.9,0.0,46.420002,14.08
2026-04-20 06:00:00+00:00,76,6,59.5,9.0,0.0,46.34,14.199999
2026-04-20 06:00:00+00:00,106,6,63.3,10.0,0.0,46.260002,14.4
2026-04-20 06:00:00+00:00,122,6,63.0,10.5,0.0,46.02,14.459999
2026-04-20 06:00:00+00:00,127,6,50.8,10.6,0.4,46.12,14.519999
2026-04-20 06:00:00+00:00,129,6,62.0,11.0,0.0,46.02,14.519999
2026-04-20 06:00:00+00:00,177,6,66.0,9.7,0.0,45.6,14.859999
2026-04-20 06:00:00+00:00,194,6,80.5,10.5,0.0,46.52,15.039999
2026-04-20 06:00:00+00:00,236,6,46.8,11.0,0.0,45.8,15.179998
2026-04-20 06:00:00+00:00,325,6,63.0,11.2,0.0,46.56,15.639999
2026-04-20 06:00:00+00:00,391,6,127.8,11.3,0.0,46.7,16.099998
2026-04-20 06:00:00+00:00,422,6,38.8,10.7,0.3,46.24,15.219999
2026-04-20 06:00:00+00:00,425,6,32.5,10.7,0.1,45.94,15.519999
2026-04-20 06:00:00+00:00,426,6,76.3,13.0,0.0,45.54,13.719999
2026-04-20 07:00:00+00:00,63,1,287.5,10.8,0.0,46.420002,14.08
2026-04-20 07:00:00+00:00,76,1,266.0,10.5,0.0,46.34,14.199999
2026-04-20 07:00:00+00:00,106,1,147.3,10.8,0.0,46.260002,14.4
2026-04-20 07:00:00+00:00,122,1,150.3,11.3,0.1,46.02,14.459999
2026-04-20 07:00:00+00:00,127,1,169.3,10.9,0.0,46.12,14.519999
2026-04-20 07:00:00+00:00,129,1,155.8,11.8,0.1,46.02,14.519999
2026-04-20 07:00:00+00:00,177,1,154.5,9.8,0.0,45.6,14.859999
2026-04-20 07:00:00+00:00,194,1,170.0,11.5,0.0,46.52,15.039999
2026-04-20 07:00:00+00:00,236,1,77.3,12.0,0.1,45.8,15.179998
2026-04-20 07:00:00+00:00,325,1,219.3,12.1,0.0,46.56,15.639999
2026-04-20 07:00:00+00:00,391,1,226.3,12.0,0.0,46.7,16.099998
2026-04-20 07:00:00+00:00,422,1,103.3,12.0,0.1,46.24,15.219999
2026-04-20 07:00:00+00:00,425,1,98.8,12.3,0.4,45.94,15.519999
2026-04-20 07:00:00+00:00,426,1,210.0,14.9,0.0,45.54,13.719999
2026-04-20 08:00:00+00:00,63,2,411.8,11.9,0.0,46.420002,14.08
2026-04-20 08:00:00+00:00,76,2,355.0,11.8,0.0,46.34,14.199999
2026-04-20 08:00:00+00:00,106,2,303.8,12.3,0.0,46.260002,14.4
2026-04-20 08:00:00+00:00,122,2,278.8,13.3,0.0,46.02,14.459999
2026-04-20 08:00:00+00:00,127,2,262.8,11.9,0.0,46.12,14.519999
2026-04-20 08:00:00+00:00,129,2,279.8,13.7,0.0,46.02,14.519999
2026-04-20 08:00:00+00:00,177,2,305.8,10.1,0.0,45.6,14.859999
2026-04-20 08:00:00+00:00,194,2,367.5,12.7,0.0,46.52,15.039999
2026-04-20 08:00:00+00:00,236,2,263.3,14.1,0.0,45.8,15.179998
2026-04-20 08:00:00+00:00,325,2,150.3,12.2,0.0,46.56,15.639999
2026-04-20 08:00:00+00:00,391,2,307.3,12.6,0.0,46.7,16.099998
2026-04-20 08:00:00+00:00,422,2,120.8,12.3,0.0,46.24,15.219999
2026-04-20 08:00:00+00:00,425,2,147.3,13.2,0.1,45.94,15.519999
2026-04-20 08:00:00+00:00,426,2,381.8,16.3,0.0,45.54,13.719999
2026-04-20 09:00:00+00:00,63,3,454.3,12.6,0.0,46.420002,14.08
2026-04-20 09:00:00+00:00,76,3,341.5,12.3,0.0,46.34,14.199999
2026-04-20 09:00:00+00:00,106,3,461.3,13.7,0.0,46.260002,14.4
2026-04-20 09:00:00+00:00,122,3,336.0,14.6,0.0,46.02,14.459999
2026-04-20 09:00:00+00:00,127,3,314.8,13.0,0.0,46.12,14.519999
2026-04-20 09:00:00+00:00,129,3,374.0,14.8,0.0,46.02,14.519999
2026-04-20 09:00:00+00:00,177,3,362.0,10.9,0.0,45.6,14.859999
2026-04-20 09:00:00+00:00,194,3,264.0,12.5,0.0,46.52,15.039999
2026-04-20 09:00:00+00:00,236,3,295.0,14.9,0.0,45.8,15.179998
2026-04-20 09:00:00+00:00,325,3,133.8,11.7,0.0,46.56,15.639999
2026-04-20 09:00:00+00:00,391,3,387.8,13.5,0.0,46.7,16.099998
2026-04-20 09:00:00+00:00,422,3,214.0,13.0,0.1,46.24,15.219999
2026-04-20 09:00:00+00:00,425,3,140.5,13.2,0.3,45.94,15.519999
2026-04-20 09:00:00+00:00,426,3,474.5,16.7,0.0,45.54,13.719999
2026-04-20 10:00:00+00:00,63,1,480.5,13.1,0.0,46.420002,14.08
2026-04-20 10:00:00+00:00,76,1,367.0,12.9,0.0,46.34,14.199999
2026-04-20 10:00:00+00:00,106,1,411.3,14.0,0.0,46.260002,14.4
2026-04-20 10:00:00+00:00,122,1,117.8,13.4,0.7,46.02,14.459999
2026-04-20 10:00:00+00:00,127,1,356.8,13.5,0.1,46.12,14.519999
2026-04-20 10:00:00+00:00,129,1,171.0,13.9,1.7,46.02,14.519999
2026-04-20 10:00:00+00:00,177,1,165.0,9.3,10.0,45.6,14.859999
2026-04-20 10:00:00+00:00,194,1,280.0,11.8,0.2,46.52,15.039999
2026-04-20 10:00:00+00:00,236,1,183.0,13.1,0.0,45.8,15.179998
2026-04-20 10:00:00+00:00,325,1,147.3,11.6,0.0,46.56,15.639999
2026-04-20 10:00:00+00:00,391,1,490.0,13.2,0.0,46.7,16.099998
2026-04-20 10:00:00+00:00,422,1,143.0,12.2,0.0,46.24,15.219999
2026-04-20 10:00:00+00:00,425,1,31.3,9.6,3.1,45.94,15.519999
2026-04-20 10:00:00+00:00,426,1,556.5,17.0,0.0,45.54,13.719999
2026-04-20 11:00:00+00:00,63,2,544.8,13.2,0.0,46.420002,14.08
2026-04-20 11:00:00+00:00,76,2,468.3,13.2,0.0,46.34,14.199999
2026-04-20 11:00:00+00:00,106,2,309.0,12.9,0.7,46.260002,14.4
2026-04-20 11:00:00+00:00,122,2,128.5,13.0,1.2,46.02,14.459999
2026-04-20 11:00:00+00:00,127,2,218.0,13.7,1.4,46.12,14.519999
2026-04-20 11:00:00+00:00,129,2,131.5,13.5,0.7,46.02,14.519999
2026-04-20 11:00:00+00:00,177,2,129.0,9.6,2.9,45.6,14.859999
2026-04-20 11:00:00+00:00,194,2,366.5,12.5,0.0,46.52,15.039999
2026-04-20 11:00:00+00:00,236,2,227.8,11.2,0.7,45.8,15.179998
2026-04-20 11:00:00+00:00,325,2,174.3,11.5,0.0,46.56,15.639999
2026-04-20 11:00:00+00:00,391,2,232.8,12.1,0.1,46.7,16.099998
2026-04-20 11:00:00+00:00,422,2,135.3,11.1,0.2,46.24,15.219999
2026-04-20 11:00:00+00:00,425,2,77.8,10.6,0.7,45.94,15.519999
2026-04-20 11:00:00+00:00,426,2,659.3,17.2,0.0,45.54,13.719999
2026-04-20 12:00:00+00:00,63,3,486.5,13.5,0.0,46.420002,14.08
2026-04-20 12:00:00+00:00,63,6,562.5,14.2,0.1,46.420002,14.08
2026-04-20 12:00:00+00:00,76,3,511.3,13.5,0.0,46.34,14.199999
2026-04-20 12:00:00+00:00,76,6,217.0,12.3,8.7,46.34,14.199999
2026-04-20 12:00:00+00:00,106,3,575.8,14.8,0.0,46.260002,14.4
2026-04-20 12:00:00+00:00,106,6,487.3,15.0,0.0,46.260002,14.4
2026-04-20 12:00:00+00:00,122,3,471.8,14.9,0.0,46.02,14.459999
2026-04-20 12:00:00+00:00,122,6,629.3,17.1,0.0,46.02,14.459999
2026-04-20 12:00:00+00:00,127,3,408.5,12.8,0.0,46.12,14.519999
2026-04-20 12:00:00+00:00,127,6,554.3,15.5,0.0,46.12,14.519999
2026-04-20 12:00:00+00:00,129,3,365.5,15.1,0.1,46.02,14.519999
2026-04-20 12:00:00+00:00,129,6,564.8,17.1,0.0,46.02,14.519999
2026-04-20 12:00:00+00:00,177,3,277.3,10.5,0.0,45.6,14.859999
2026-04-20 12:00:00+00:00,177,6,243.0,11.7,1.2,45.6,14.859999
2026-04-20 12:00:00+00:00,194,3,394.8,12.2,0.0,46.52,15.039999
2026-04-20 12:00:00+00:00,194,6,305.3,12.7,0.2,46.52,15.039999
2026-04-20 12:00:00+00:00,236,3,78.5,11.1,10.9,45.8,15.179998
2026-04-20 12:00:00+00:00,236,6,257.5,12.2,0.6,45.8,15.179998
2026-04-20 12:00:00+00:00,325,3,164.0,11.4,0.0,46.56,15.639999
2026-04-20 12:00:00+00:00,325,6,243.3,11.1,0.4,46.56,15.639999
2026-04-20 12:00:00+00:00,391,3,320.0,12.0,0.2,46.7,16.099998
2026-04-20 12:00:00+00:00,391,6,438.0,13.4,0.0,46.7,16.099998
2026-04-20 12:00:00+00:00,422,3,131.0,10.3,0.0,46.24,15.219999
2026-04-20 12:00:00+00:00,422,6,251.3,12.1,0.1,46.24,15.219999
2026-04-20 12:00:00+00:00,425,3,162.3,10.7,0.3,45.94,15.519999
2026-04-20 12:00:00+00:00,425,6,311.0,12.6,0.0,45.94,15.519999
2026-04-20 12:00:00+00:00,426,3,736.5,17.8,0.0,45.54,13.719999
2026-04-20 12:00:00+00:00,426,6,747.0,17.8,0.0,45.54,13.719999
2026-04-20 13:00:00+00:00,63,1,328.8,12.2,0.0,46.420002,14.08
2026-04-20 13:00:00+00:00,76,1,454.8,13.3,0.0,46.34,14.199999
2026-04-20 13:00:00+00:00,106,1,232.8,12.9,0.0,46.260002,14.4
2026-04-20 13:00:00+00:00,122,1,454.5,13.0,0.2,46.02,14.459999
2026-04-20 13:00:00+00:00,127,1,301.5,12.7,0.0,46.12,14.519999
2026-04-20 13:00:00+00:00,129,1,363.5,13.1,0.0,46.02,14.519999
2026-04-20 13:00:00+00:00,177,1,171.0,6.6,0.4,45.6,14.859999
2026-04-20 13:00:00+00:00,194,1,267.0,10.7,0.0,46.52,15.039999
2026-04-20 13:00:00+00:00,236,1,109.0,9.6,1.8,45.8,15.179998
2026-04-20 13:00:00+00:00,325,1,230.8,11.4,0.0,46.56,15.639999
2026-04-20 13:00:00+00:00,391,1,485.8,12.6,0.0,46.7,16.099998
2026-04-20 13:00:00+00:00,422,1,318.8,10.8,1.1,46.24,15.219999
2026-04-20 13:00:00+00:00,425,1,310.0,10.4,0.3,45.94,15.519999
2026-04-20 13:00:00+00:00,426,1,745.3,18.1,0.0,45.54,13.719999
2026-04-20 14:00:00+00:00,63,2,181.3,9.3,5.1,46.420002,14.08
2026-04-20 14:00:00+00:00,76,2,427.3,11.5,0.2,46.34,14.199999
2026-04-20 14:00:00+00:00,106,2,180.5,12.2,0.1,46.260002,14.4
2026-04-20 14:00:00+00:00,122,2,547.0,12.6,0.0,46.02,14.459999
2026-04-20 14:00:00+00:00,127,2,336.3,11.9,0.1,46.12,14.519999
2026-04-20 14:00:00+00:00,129,2,555.3,12.6,0.0,46.02,14.519999
2026-04-20 14:00:00+00:00,177,2,189.3,7.4,0.1,45.6,14.859999
2026-04-20 14:00:00+00:00,194,2,172.8,10.3,0.2,46.52,15.039999
2026-04-20 14:00:00+00:00,236,2,215.0,11.1,0.4,45.8,15.179998
2026-04-20 14:00:00+00:00,325,2,239.8,11.3,0.5,46.56,15.639999
2026-04-20 14:00:00+00:00,391,2,303.8,11.7,0.3,46.7,16.099998
2026-04-20 14:00:00+00:00,422,2,251.3,10.6,0.0,46.24,15.219999
2026-04-20 14:00:00+00:00,425,2,177.3,10.4,0.5,45.94,15.519999
2026-04-20 14:00:00+00:00,426,2,664.0,18.3,0.0,45.54,13.719999
2026-04-20 15:00:00+00:00,63,3,257.0,10.1,5.6,46.420002,14.08
2026-04-20 15:00:00+00:00,63,6,111.0,9.0,10.8,46.420002,14.08
2026-04-20 15:00:00+00:00,76,3,61.3,9.7,5.9,46.34,14.199999
2026-04-20 15:00:00+00:00,76,6,139.5,11.7,0.5,46.34,14.199999
2026-04-20 15:00:00+00:00,106,3,90.8,11.0,0.4,46.260002,14.4
2026-04-20 15:00:00+00:00,106,6,265.0,12.9,0.0,46.260002,14.4
2026-04-20 15:00:00+00:00,122,3,321.5,11.9,0.0,46.02,14.459999
2026-04-20 15:00:00+00:00,122,6,354.5,13.7,0.0,46.02,14.459999
2026-04-20 15:00:00+00:00,127,3,219.8,10.7,0.3,46.12,14.519999
2026-04-20 15:00:00+00:00,127,6,268.5,12.3,0.2,46.12,14.519999
2026-04-20 15:00:00+00:00,129,3,313.0,12.1,0.0,46.02,14.519999
2026-04-20 15:00:00+00:00,129,6,286.3,13.5,0.0,46.02,14.519999
2026-04-20 15:00:00+00:00,177,3,199.0,6.3,0.0,45.6,14.859999
2026-04-20 15:00:00+00:00,177,6,134.8,7.3,0.2,45.6,14.859999
2026-04-20 15:00:00+00:00,194,3,211.3,10.2,0.2,46.52,15.039999
2026-04-20 15:00:00+00:00,194,6,79.8,10.1,1.0,46.52,15.039999
2026-04-20 15:00:00+00:00,236,3,207.5,11.4,0.0,45.8,15.179998
2026-04-20 15:00:00+00:00,236,6,266.3,12.5,0.0,45.8,15.179998
2026-04-20 15:00:00+00:00,325,3,101.0,10.6,0.0,46.56,15.639999
2026-04-20 15:00:00+00:00,325,6,114.0,11.5,0.2,46.56,15.639999
2026-04-20 15:00:00+00:00,391,3,277.3,11.9,0.2,46.7,16.099998
2026-04-20 15:00:00+00:00,391,6,198.8,12.8,0.3,46.7,16.099998
2026-04-20 15:00:00+00:00,422,3,68.0,10.2,0.7,46.24,15.219999
2026-04-20 15:00:00+00:00,422,6,152.5,11.4,0.1,46.24,15.219999
2026-04-20 15:00:00+00:00,425,3,309.8,11.5,0.1,45.94,15.519999
2026-04-20 15:00:00+00:00,425,6,396.0,12.1,0.0,45.94,15.519999
2026-04-20 15:00:00+00:00,426,3,521.8,18.0,0.0,45.54,13.719999
2026-04-20 15:00:00+00:00,426,6,486.8,17.6,0.0,45.54,13.719999
2026-04-20 16:00:00+00:00,63,1,156.3,10.5,0.0,46.420002,14.08
2026-04-20 16:00:00+00:00,76,1,131.0,9.9,0.2,46.34,14.199999
2026-04-20 16:00:00+00:00,106,1,184.3,10.2,0.0,46.260002,14.4
2026-04-20 16:00:00+00:00,122,1,52.8,9.8,8.6,46.02,14.459999
2026-04-20 16:00:00+00:00,127,1,55.8,9.0,10.9,46.12,14.519999
2026-04-20 16:00:00+00:00,129,1,30.0,10.0,20.7,46.02,14.519999
2026-04-20 16:00:00+00:00,177,1,95.8,5.1,1.2,45.6,14.859999
2026-04-20 16:00:00+00:00,194,1,140.3,9.9,0.0,46.52,15.039999
2026-04-20 16:00:00+00:00,236,1,25.8,9.9,0.3,45.8,15.179998
2026-04-20 16:00:00+00:00,325,1,148.0,11.3,0.0,46.56,15.639999
2026-04-20 16:00:00+00:00,391,1,236.8,12.2,0.0,46.7,16.099998
2026-04-20 16:00:00+00:00,422,1,125.8,10.2,1.5,46.24,15.219999
2026-04-20 16:00:00+00:00,425,1,48.5,10.4,1.1,45.94,15.519999
2026-04-20 16:00:00+00:00,426,1,293.8,17.3,0.0,45.54,13.719999
2026-04-20 17:00:00+00:00,63,2,44.0,8.9,0.2,46.420002,14.08
2026-04-20 17:00:00+00:00,76,2,22.3,8.4,0.7,46.34,14.199999
2026-04-20 17:00:00+00:00,106,2,27.5,9.3,0.2,46.260002,14.4
2026-04-20 17:00:00+00:00,122,2,23.3,9.7,1.8,46.02,14.459999
2026-04-20 17:00:00+00:00,127,2,20.3,8.9,6.4,46.12,14.519999
2026-04-20 17:00:00+00:00,129,2,21.0,9.9,5.4,46.02,14.519999
2026-04-20 17:00:00+00:00,177,2,20.0,5.4,0.6,45.6,14.859999
2026-04-20 17:00:00+00:00,194,2,38.0,9.3,0.4,46.52,15.039999
2026-04-20 17:00:00+00:00,236,2,11.0,9.6,2.9,45.8,15.179998
2026-04-20 17:00:00+00:00,325,2,49.3,10.2,0.1,46.56,15.639999
2026-04-20 17:00:00+00:00,391,2,101.8,11.2,0.0,46.7,16.099998
2026-04-20 17:00:00+00:00,422,2,66.8,10.1,0.0,46.24,15.219999
2026-04-20 17:00:00+00:00,425,2,22.0,10.0,2.7,45.94,15.519999
2026-04-20 17:00:00+00:00,426,2,122.5,16.9,0.0,45.54,13.719999
2026-04-20 18:00:00+00:00,63,3,3.5,7.9,0.9,46.420002,14.08
2026-04-20 18:00:00+00:00,63,6,6.0,9.0,1.9,46.420002,14.08
2026-04-20 18:00:00+00:00,76,3,2.8,7.8,5.3,46.34,14.199999
2026-04-20 18:00:00+00:00,76,6,4.3,8.9,1.4,46.34,14.199999
2026-04-20 18:00:00+00:00,106,3,3.5,9.1,3.1,46.260002,14.4
2026-04-20 18:00:00+00:00,106,6,5.3,9.6,0.8,46.260002,14.4
2026-04-20 18:00:00+00:00,122,3,9.0,9.5,0.1,46.02,14.459999
2026-04-20 18:00:00+00:00,122,6,3.3,10.1,1.6,46.02,14.459999
2026-04-20 18:00:00+00:00,127,3,5.5,8.4,2.3,46.12,14.519999
2026-04-20 18:00:00+00:00,127,6,10.0,9.2,1.3,46.12,14.519999
2026-04-20 18:00:00+00:00,129,3,9.0,9.6,0.1,46.02,14.519999
2026-04-20 18:00:00+00:00,129,6,3.5,10.4,1.5,46.02,14.519999
2026-04-20 18:00:00+00:00,177,3,2.8,5.6,0.9,45.6,14.859999
2026-04-20 18:00:00+00:00,177,6,6.5,5.5,0.2,45.6,14.859999
2026-04-20 18:00:00+00:00,194,3,9.0,8.6,0.1,46.52,15.039999
2026-04-20 18:00:00+00:00,194,6,6.5,8.9,1.0,46.52,15.039999
2026-04-20 18:00:00+00:00,236,3,5.5,9.4,0.8,45.8,15.179998
2026-04-20 18:00:00+00:00,236,6,3.8,10.2,0.4,45.8,15.179998
2026-04-20 18:00:00+00:00,325,3,9.0,9.8,0.1,46.56,15.639999
2026-04-20 18:00:00+00:00,325,6,9.0,10.1,0.3,46.56,15.639999
2026-04-20 18:00:00+00:00,391,3,9.8,10.5,0.0,46.7,16.099998
2026-04-20 18:00:00+00:00,391,6,6.5,9.9,0.7,46.7,16.099998
2026-04-20 18:00:00+00:00,422,3,7.0,9.8,0.0,46.24,15.219999
2026-04-20 18:00:00+00:00,422,6,6.8,9.5,1.3,46.24,15.219999
2026-04-20 18:00:00+00:00,425,3,7.8,9.7,0.2,45.94,15.519999
2026-04-20 18:00:00+00:00,425,6,3.5,9.7,1.8,45.94,15.519999
2026-04-20 18:00:00+00:00,426,3,19.5,16.8,0.0,45.54,13.719999
2026-04-20 18:00:00+00:00,426,6,20.3,16.7,0.0,45.54,13.719999
2026-04-20 19:00:00+00:00,63,1,0.0,7.5,0.8,46.420002,14.08
2026-04-20 19:00:00+00:00,76,1,0.0,7.7,0.0,46.34,14.199999
2026-04-20 19:00:00+00:00,106,1,0.0,8.6,0.1,46.260002,14.4
2026-04-20 19:00:00+00:00,122,1,0.0,9.0,0.0,46.02,14.459999
2026-04-20 19:00:00+00:00,127,1,0.0,8.2,0.0,46.12,14.519999
2026-04-20 19:00:00+00:00,129,1,0.0,9.1,0.0,46.02,14.519999
2026-04-20 19:00:00+00:00,177,1,0.0,5.3,0.7,45.6,14.859999
2026-04-20 19:00:00+00:00,194,1,0.0,8.0,0.2,46.52,15.039999
2026-04-20 19:00:00+00:00,236,1,0.0,9.0,0.3,45.8,15.179998
2026-04-20 19:00:00+00:00,325,1,0.0,9.6,0.0,46.56,15.639999
2026-04-20 19:00:00+00:00,391,1,0.0,9.5,0.0,46.7,16.099998
2026-04-20 19:00:00+00:00,422,1,0.0,9.3,0.2,46.24,15.219999
2026-04-20 19:00:00+00:00,425,1,0.0,9.1,0.8,45.94,15.519999
2026-04-20 19:00:00+00:00,426,1,0.0,15.6,0.0,45.54,13.719999
2026-04-20 20:00:00+00:00,63,2,0.0,7.4,0.5,46.420002,14.08
2026-04-20 20:00:00+00:00,76,2,0.0,7.7,0.6,46.34,14.199999
2026-04-20 20:00:00+00:00,106,2,0.0,8.6,1.7,46.260002,14.4
2026-04-20 20:00:00+00:00,122,2,0.0,8.9,0.7,46.02,14.459999
2026-04-20 20:00:00+00:00,127,2,0.0,8.2,0.2,46.12,14.519999
2026-04-20 20:00:00+00:00,129,2,0.0,9.1,0.6,46.02,14.519999
2026-04-20 20:00:00+00:00,177,2,0.0,5.6,0.2,45.6,14.859999
2026-04-20 20:00:00+00:00,194,2,0.0,7.9,0.3,46.52,15.039999
2026-04-20 20:00:00+00:00,236,2,0.0,8.9,0.3,45.8,15.179998
2026-04-20 20:00:00+00:00,325,2,0.0,9.6,0.4,46.56,15.639999
2026-04-20 20:00:00+00:00,391,2,0.0,9.3,0.0,46.7,16.099998
2026-04-20 20:00:00+00:00,422,2,0.0,8.7,0.0,46.24,15.219999
2026-04-20 20:00:00+00:00,425,2,0.0,8.8,0.0,45.94,15.519999
2026-04-20 20:00:00+00:00,426,2,0.0,15.2,0.0,45.54,13.719999
2026-04-20 21:00:00+00:00,63,3,0.0,7.0,0.0,46.420002,14.08
2026-04-20 21:00:00+00:00,63,6,0.0,7.8,0.0,46.420002,14.08
2026-04-20 21:00:00+00:00,76,3,0.0,7.5,0.0,46.34,14.199999
2026-04-20 21:00:00+00:00,76,6,0.0,8.1,0.2,46.34,14.199999
2026-04-20 21:00:00+00:00,106,3,0.0,8.5,0.4,46.260002,14.4
2026-04-20 21:00:00+00:00,106,6,0.0,8.8,0.1,46.260002,14.4
2026-04-20 21:00:00+00:00,122,3,0.0,8.8,3.3,46.02,14.459999
2026-04-20 21:00:00+00:00,122,6,0.0,8.9,4.1,46.02,14.459999
2026-04-20 21:00:00+00:00,127,3,0.0,7.9,2.6,46.12,14.519999
2026-04-20 21:00:00+00:00,127,6,0.0,8.2,1.1,46.12,14.519999
2026-04-20 21:00:00+00:00,129,3,0.0,9.0,3.5,46.02,14.519999
2026-04-20 21:00:00+00:00,129,6,0.0,9.1,3.6,46.02,14.519999
2026-04-20 21:00:00+00:00,177,3,0.0,5.7,0.1,45.6,14.859999
2026-04-20 21:00:00+00:00,177,6,0.0,5.6,1.1,45.6,14.859999
2026-04-20 21:00:00+00:00,194,3,0.0,7.4,0.0,46.52,15.039999
2026-04-20 21:00:00+00:00,194,6,0.0,8.0,0.2,46.52,15.039999
2026-04-20 21:00:00+00:00,236,3,0.0,8.8,0.2,45.8,15.179998
2026-04-20 21:00:00+00:00,236,6,0.0,9.0,0.1,45.8,15.179998
2026-04-20 21:00:00+00:00,325,3,0.0,9.6,0.0,46.56,15.639999
2026-04-20 21:00:00+00:00,325,6,0.0,9.7,0.4,46.56,15.639999
2026-04-20 21:00:00+00:00,391,3,0.0,9.6,0.8,46.7,16.099998
2026-04-20 21:00:00+00:00,391,6,0.0,9.7,0.8,46.7,16.099998
2026-04-20 21:00:00+00:00,422,3,0.0,8.9,0.0,46.24,15.219999
2026-04-20 21:00:00+00:00,422,6,0.0,9.1,0.3,46.24,15.219999
2026-04-20 21:00:00+00:00,425,3,0.0,8.7,0.0,45.94,15.519999
2026-04-20 21:00:00+00:00,425,6,0.0,8.8,1.4,45.94,15.519999
2026-04-20 21:00:00+00:00,426,3,0.0,14.9,0.0,45.54,13.719999
2026-04-20 21:00:00+00:00,426,6,0.0,14.4,0.0,45.54,13.719999
2026-04-20 22:00:00+00:00,63,1,0.0,6.7,0.0,46.420002,14.08
2026-04-20 22:00:00+00:00,76,1,0.0,7.1,0.0,46.34,14.199999
2026-04-20 22:00:00+00:00,106,1,0.0,8.3,0.0,46.260002,14.4
2026-04-20 22:00:00+00:00,122,1,0.0,8.2,1.6,46.02,14.459999
2026-04-20 22:00:00+00:00,127,1,0.0,7.7,0.6,46.12,14.519999
2026-04-20 22:00:00+00:00,129,1,0.0,8.5,1.7,46.02,14.519999
2026-04-20 22:00:00+00:00,177,1,0.0,5.7,2.9,45.6,14.859999
2026-04-20 22:00:00+00:00,194,1,0.0,7.2,0.0,46.52,15.039999
2026-04-20 22:00:00+00:00,236,1,0.0,8.9,1.4,45.8,15.179998
2026-04-20 22:00:00+00:00,325,1,0.0,9.4,0.0,46.56,15.639999
2026-04-20 22:00:00+00:00,391,1,0.0,9.3,0.1,46.7,16.099998
2026-04-20 22:00:00+00:00,422,1,0.0,8.5,0.0,46.24,15.219999
2026-04-20 22:00:00+00:00,425,1,0.0,8.7,0.2,45.94,15.519999
2026-04-20 22:00:00+00:00,426,1,0.0,14.4,0.4,45.54,13.719999
2026-04-20 23:00:00+00:00,63,2,0.0,6.4,0.0,46.420002,14.08
2026-04-20 23:00:00+00:00,76,2,0.0,6.8,0.0,46.34,14.199999
2026-04-20 23:00:00+00:00,106,2,0.0,8.1,0.0,46.260002,14.4
2026-04-20 23:00:00+00:00,122,2,0.0,8.2,0.0,46.02,14.459999
2026-04-20 23:00:00+00:00,127,2,0.0,7.6,0.2,46.12,14.519999
2026-04-20 23:00:00+00:00,129,2,0.0,8.4,0.0,46.02,14.519999
2026-04-20 23:00:00+00:00,177,2,0.0,6.1,1.5,45.6,14.859999
2026-04-20 23:00:00+00:00,194,2,0.0,6.7,0.0,46.52,15.039999
2026-04-20 23:00:00+00:00,236,2,0.0,8.6,0.4,45.8,15.179998
2026-04-20 23:00:00+00:00,325,2,0.0,8.5,0.0,46.56,15.639999
2026-04-20 23:00:00+00:00,391,2,0.0,8.8,0.0,46.7,16.099998
2026-04-20 23:00:00+00:00,422,2,0.0,8.0,0.0,46.24,15.219999
2026-04-20 23:00:00+00:00,425,2,0.0,8.4,0.3,45.94,15.519999
2026-04-20 23:00:00+00:00,426,2,0.0,14.1,0.6,45.54,13.719999
2026-04-21 00:00:00+00:00,63,3,0.0,5.9,0.0,46.420002,14.08
2026-04-21 00:00:00+00:00,63,6,0.0,5.8,0.0,46.420002,14.08
2026-04-21 00:00:00+00:00,63,24,0.0,7.9,0.0,46.420002,14.08
2026-04-21 00:00:00+00:00,76,3,0.0,6.6,0.0,46.34,14.199999
2026-04-21 00:00:00+00:00,76,6,0.0,6.5,0.0,46.34,14.199999
2026-04-21 00:00:00+00:00,76,24,0.0,7.9,0.0,46.34,14.199999
2026-04-21 00:00:00+00:00,106,3,0.0,7.3,0.0,46.260002,14.4
2026-04-21 00:00:00+00:00,106,6,0.0,7.2,0.0,46.260002,14.4
2026-04-21 00:00:00+00:00,106,24,0.3,8.4,0.0,46.260002,14.4
2026-04-21 00:00:00+00:00,122,3,0.0,8.5,0.0,46.02,14.459999
2026-04-21 00:00:00+00:00,122,6,0.0,8.1,0.0,46.02,14.459999
2026-04-21 00:00:00+00:00,122,24,0.0,8.6,0.7,46.02,14.459999
2026-04-21 00:00:00+00:00,127,3,0.0,7.5,0.0,46.12,14.519999
2026-04-21 00:00:00+00:00,127,6,0.0,7.4,0.0,46.12,14.519999
2026-04-21 00:00:00+00:00,127,24,0.0,8.1,0.0,46.12,14.519999
2026-04-21 00:00:00+00:00,129,3,0.0,8.6,0.0,46.02,14.519999
2026-04-21 00:00:00+00:00,129,6,0.0,8.3,0.0,46.02,14.519999
2026-04-21 00:00:00+00:00,129,24,0.0,9.0,0.6,46.02,14.519999
2026-04-21 00:00:00+00:00,177,3,0.0,5.9,0.0,45.6,14.859999
2026-04-21 00:00:00+00:00,177,6,0.0,5.9,1.8,45.6,14.859999
2026-04-21 00:00:00+00:00,177,24,0.0,5.8,0.6,45.6,14.859999
2026-04-21 00:00:00+00:00,194,3,0.0,6.7,0.0,46.52,15.039999
2026-04-21 00:00:00+00:00,194,6,0.0,6.7,0.0,46.52,15.039999
2026-04-21 00:00:00+00:00,194,24,0.0,7.5,0.0,46.52,15.039999
2026-04-21 00:00:00+00:00,236,3,0.0,8.1,0.0,45.8,15.179998
2026-04-21 00:00:00+00:00,236,6,0.0,8.3,0.3,45.8,15.179998
2026-04-21 00:00:00+00:00,236,24,0.0,8.7,1.4,45.8,15.179998
2026-04-21 00:00:00+00:00,325,3,0.0,7.9,0.0,46.56,15.639999
2026-04-21 00:00:00+00:00,325,6,0.0,8.4,0.0,46.56,15.639999
2026-04-21 00:00:00+00:00,325,24,0.0,8.5,0.0,46.56,15.639999
2026-04-21 00:00:00+00:00,391,3,0.0,8.8,0.0,46.7,16.099998
2026-04-21 00:00:00+00:00,391,6,0.0,8.2,0.0,46.7,16.099998
2026-04-21 00:00:00+00:00,391,24,0.0,8.1,0.0,46.7,16.099998
2026-04-21 00:00:00+00:00,422,3,0.0,7.2,0.0,46.24,15.219999
2026-04-21 00:00:00+00:00,422,6,0.0,7.7,0.0,46.24,15.219999
2026-04-21 00:00:00+00:00,422,24,0.3,8.4,0.1,46.24,15.219999
2026-04-21 00:00:00+00:00,425,3,0.0,8.2,0.0,45.94,15.519999
2026-04-21 00:00:00+00:00,425,6,0.0,8.4,0.0,45.94,15.519999
2026-04-21 00:00:00+00:00,425,24,0.0,8.2,0.5,45.94,15.519999
2026-04-21 00:00:00+00:00,426,3,0.0,13.6,2.8,45.54,13.719999
2026-04-21 00:00:00+00:00,426,6,0.0,14.0,1.3,45.54,13.719999
2026-04-21 00:00:00+00:00,426,24,0.0,14.4,0.0,45.54,13.719999
2026-04-21 03:00:00+00:00,63,6,0.0,4.0,0.0,46.420002,14.08
2026-04-21 03:00:00+00:00,76,6,0.0,5.3,0.0,46.34,14.199999
2026-04-21 03:00:00+00:00,106,6,0.0,4.8,0.0,46.260002,14.4
2026-04-21 03:00:00+00:00,122,6,0.0,7.2,0.0,46.02,14.459999
2026-04-21 03:00:00+00:00,127,6,0.0,6.3,0.0,46.12,14.519999
2026-04-21 03:00:00+00:00,129,6,0.0,8.0,0.0,46.02,14.519999
2026-04-21 03:00:00+00:00,177,6,0.0,5.0,0.0,45.6,14.859999
2026-04-21 03:00:00+00:00,194,6,0.0,5.5,0.0,46.52,15.039999
2026-04-21 03:00:00+00:00,236,6,0.0,6.5,0.0,45.8,15.179998
2026-04-21 03:00:00+00:00,325,6,0.0,7.0,0.0,46.56,15.639999
2026-04-21 03:00:00+00:00,391,6,0.0,7.1,0.0,46.7,16.099998
2026-04-21 03:00:00+00:00,422,6,0.0,5.8,0.0,46.24,15.219999
2026-04-21 03:00:00+00:00,425,6,0.0,7.4,0.0,45.94,15.519999
2026-04-21 03:00:00+00:00,426,6,0.0,12.0,0.0,45.54,13.719999
2026-04-21 06:00:00+00:00,63,24,124.0,7.5,0.0,46.420002,14.08
2026-04-21 06:00:00+00:00,76,24,109.0,8.1,0.0,46.34,14.199999
2026-04-21 06:00:00+00:00,106,24,115.5,8.2,0.0,46.260002,14.4
2026-04-21 06:00:00+00:00,122,24,99.3,8.5,0.0,46.02,14.459999
2026-04-21 06:00:00+00:00,127,24,111.8,8.4,0.0,46.12,14.519999
2026-04-21 06:00:00+00:00,129,24,100.0,8.2,0.0,46.02,14.519999
2026-04-21 06:00:00+00:00,177,24,172.3,6.6,0.0,45.6,14.859999
2026-04-21 06:00:00+00:00,194,24,139.5,7.6,0.0,46.52,15.039999
2026-04-21 06:00:00+00:00,236,24,74.0,8.7,0.0,45.8,15.179998
2026-04-21 06:00:00+00:00,325,24,136.0,8.6,0.0,46.56,15.639999
2026-04-21 06:00:00+00:00,391,24,144.0,7.9,0.0,46.7,16.099998
2026-04-21 06:00:00+00:00,422,24,64.3,8.9,0.0,46.24,15.219999
2026-04-21 06:00:00+00:00,425,24,120.3,8.1,0.0,45.94,15.519999
2026-04-21 06:00:00+00:00,426,24,138.0,12.2,0.0,45.54,13.719999
2026-04-21 09:00:00+00:00,63,24,544.8,11.7,0.0,46.420002,14.08
2026-04-21 09:00:00+00:00,76,24,625.8,12.0,0.0,46.34,14.199999
2026-04-21 09:00:00+00:00,106,24,426.5,12.0,0.0,46.260002,14.4
2026-04-21 09:00:00+00:00,122,24,510.3,12.8,0.0,46.02,14.459999
2026-04-21 09:00:00+00:00,127,24,509.5,12.1,0.0,46.12,14.519999
2026-04-21 09:00:00+00:00,129,24,362.3,12.5,0.0,46.02,14.519999
2026-04-21 09:00:00+00:00,177,24,468.5,8.7,0.0,45.6,14.859999
2026-04-21 09:00:00+00:00,194,24,563.8,11.8,0.0,46.52,15.039999
2026-04-21 09:00:00+00:00,236,24,428.5,12.4,0.0,45.8,15.179998
2026-04-21 09:00:00+00:00,325,24,513.3,11.7,0.0,46.56,15.639999
2026-04-21 09:00:00+00:00,391,24,605.0,12.4,0.0,46.7,16.099998
2026-04-21 09:00:00+00:00,422,24,592.8,12.4,0.0,46.24,15.219999
2026-04-21 09:00:00+00:00,425,24,460.8,12.7,0.0,45.94,15.519999
2026-04-21 09:00:00+00:00,426,24,630.3,18.6,0.0,45.54,13.719999
2026-04-21 12:00:00+00:00,63,24,627.0,12.9,0.0,46.420002,14.08
2026-04-21 12:00:00+00:00,76,24,518.0,12.4,0.1,46.34,14.199999
2026-04-21 12:00:00+00:00,106,24,553.3,13.5,0.0,46.260002,14.4
2026-04-21 12:00:00+00:00,122,24,827.0,13.7,0.0,46.02,14.459999
2026-04-21 12:00:00+00:00,127,24,753.5,13.3,0.0,46.12,14.519999
2026-04-21 12:00:00+00:00,129,24,759.5,14.2,0.7,46.02,14.519999
2026-04-21 12:00:00+00:00,177,24,554.8,9.2,0.0,45.6,14.859999
2026-04-21 12:00:00+00:00,194,24,779.5,12.9,0.0,46.52,15.039999
2026-04-21 12:00:00+00:00,236,24,727.0,14.8,0.1,45.8,15.179998
2026-04-21 12:00:00+00:00,325,24,536.0,13.6,0.0,46.56,15.639999
2026-04-21 12:00:00+00:00,391,24,385.0,12.0,0.3,46.7,16.099998
2026-04-21 12:00:00+00:00,422,24,609.3,12.8,0.0,46.24,15.219999
2026-04-21 12:00:00+00:00,425,24,686.5,14.5,0.0,45.94,15.519999
2026-04-21 12:00:00+00:00,426,24,825.8,20.5,0.0,45.54,13.719999
2026-04-21 15:00:00+00:00,63,24,301.3,9.9,0.2,46.420002,14.08
2026-04-21 15:00:00+00:00,76,24,280.3,10.1,0.4,46.34,14.199999
2026-04-21 15:00:00+00:00,106,24,293.0,11.4,0.5,46.260002,14.4
2026-04-21 15:00:00+00:00,122,24,383.5,12.9,0.0,46.02,14.459999
2026-04-21 15:00:00+00:00,127,24,399.5,12.1,0.0,46.12,14.519999
2026-04-21 15:00:00+00:00,129,24,388.3,13.2,0.0,46.02,14.519999
2026-04-21 15:00:00+00:00,177,24,173.8,7.6,4.3,45.6,14.859999
2026-04-21 15:00:00+00:00,194,24,239.5,10.2,0.0,46.52,15.039999
2026-04-21 15:00:00+00:00,236,24,334.5,13.3,0.0,45.8,15.179998
2026-04-21 15:00:00+00:00,325,24,302.8,11.8,0.4,46.56,15.639999
2026-04-21 15:00:00+00:00,391,24,243.8,11.9,0.0,46.7,16.099998
2026-04-21 15:00:00+00:00,422,24,183.3,11.0,0.3,46.24,15.219999
2026-04-21 15:00:00+00:00,425,24,351.0,13.1,0.0,45.94,15.519999
2026-04-21 15:00:00+00:00,426,24,394.3,20.3,0.0,45.54,13.719999
2026-04-21 18:00:00+00:00,63,24,20.5,7.7,0.1,46.420002,14.08
2026-04-21 18:00:00+00:00,76,24,23.5,8.1,0.0,46.34,14.199999
2026-04-21 18:00:00+00:00,106,24,24.0,9.5,0.0,46.260002,14.4
2026-04-21 18:00:00+00:00,122,24,11.3,10.5,0.0,46.02,14.459999
2026-04-21 18:00:00+00:00,127,24,13.5,9.2,0.0,46.12,14.519999
2026-04-21 18:00:00+00:00,129,24,13.3,11.0,0.0,46.02,14.519999
2026-04-21 18:00:00+00:00,177,24,27.0,5.5,0.0,45.6,14.859999
2026-04-21 18:00:00+00:00,194,24,19.8,8.5,0.0,46.52,15.039999
2026-04-21 18:00:00+00:00,236,24,19.8,9.7,0.0,45.8,15.179998
2026-04-21 18:00:00+00:00,325,24,16.3,11.0,0.0,46.56,15.639999
2026-04-21 18:00:00+00:00,391,24,21.3,10.1,0.0,46.7,16.099998
2026-04-21 18:00:00+00:00,422,24,19.3,10.1,0.0,46.24,15.219999
2026-04-21 18:00:00+00:00,425,24,16.3,10.1,0.0,45.94,15.519999
2026-04-21 18:00:00+00:00,426,24,28.8,14.9,0.0,45.54,13.719999
2026-04-21 21:00:00+00:00,63,24,0.0,6.5,0.0,46.420002,14.08
2026-04-21 21:00:00+00:00,76,24,0.0,6.1,0.0,46.34,14.199999
2026-04-21 21:00:00+00:00,106,24,0.0,7.6,0.0,46.260002,14.4
2026-04-21 21:00:00+00:00,122,24,0.0,7.9,0.0,46.02,14.459999
2026-04-21 21:00:00+00:00,127,24,0.0,7.2,0.0,46.12,14.519999
2026-04-21 21:00:00+00:00,129,24,0.0,8.6,0.0,46.02,14.519999
2026-04-21 21:00:00+00:00,177,24,0.0,4.7,0.0,45.6,14.859999
2026-04-21 21:00:00+00:00,194,24,0.0,7.0,0.0,46.52,15.039999
2026-04-21 21:00:00+00:00,236,24,0.0,8.1,0.0,45.8,15.179998
2026-04-21 21:00:00+00:00,325,24,0.0,9.5,0.0,46.56,15.639999
2026-04-21 21:00:00+00:00,391,24,0.0,7.6,0.0,46.7,16.099998
2026-04-21 21:00:00+00:00,422,24,0.0,9.0,0.0,46.24,15.219999
2026-04-21 21:00:00+00:00,425,24,0.0,7.4,0.0,45.94,15.519999
2026-04-21 21:00:00+00:00,426,24,0.0,13.4,0.0,45.54,13.719999
