TimeStampUTC,WPointID,tplusH,GHI,temp,Rainfall,latitude,longitude
2026-04-02 01:00:00+00:00,63,1,0.0,3.8,0.0,46.375,14.0625
2026-04-02 01:00:00+00:00,76,1,0.0,4.6,0.0,46.3125,14.1875
2026-04-02 01:00:00+00:00,106,1,0.0,4.2,0.0,46.25,14.375
2026-04-02 01:00:00+00:00,122,1,0.0,5.6,0.0,46.0,14.4375
2026-04-02 01:00:00+00:00,127,1,0.0,5.4,0.0,46.125,14.5
2026-04-02 01:00:00+00:00,129,1,0.0,6.0,0.0,46.0,14.5
2026-04-02 01:00:00+00:00,177,1,0.0,3.2,0.0,45.625,14.8125
2026-04-02 01:00:00+00:00,194,1,0.0,5.9,0.0,46.5,15.0625
2026-04-02 01:00:00+00:00,236,1,0.0,7.1,0.0,45.8125,15.1875
2026-04-02 01:00:00+00:00,325,1,0.0,6.9,0.0,46.5625,15.625
2026-04-02 01:00:00+00:00,391,1,0.0,6.5,0.0,46.6875,16.0625
2026-04-02 01:00:00+00:00,422,1,0.0,6.0,0.0,46.25,15.25
2026-04-02 01:00:00+00:00,425,1,0.0,7.6,0.0,45.9375,15.5
2026-04-02 01:00:00+00:00,426,1,0.0,10.6,0.0,45.5625,13.75
2026-04-02 02:00:00+00:00,63,2,0.0,3.8,0.0,46.375,14.0625
2026-04-02 02:00:00+00:00,76,2,0.0,4.7,0.0,46.3125,14.1875
2026-04-02 02:00:00+00:00,106,2,0.0,4.3,0.0,46.25,14.375
2026-04-02 02:00:00+00:00,122,2,0.0,5.6,0.0,46.0,14.4375
2026-04-02 02:00:00+00:00,127,2,0.0,4.9,0.0,46.125,14.5
2026-04-02 02:00:00+00:00,129,2,0.0,6.1,0.0,46.0,14.5
2026-04-02 02:00:00+00:00,177,2,0.0,3.1,0.0,45.625,14.8125
2026-04-02 02:00:00+00:00,194,2,0.0,5.8,0.0,46.5,15.0625
2026-04-02 02:00:00+00:00,236,2,0.0,7.1,0.0,45.8125,15.1875
2026-04-02 02:00:00+00:00,325,2,0.0,6.9,0.0,46.5625,15.625
2026-04-02 02:00:00+00:00,391,2,0.0,6.4,0.0,46.6875,16.0625
2026-04-02 02:00:00+00:00,422,2,0.0,6.3,0.0,46.25,15.25
2026-04-02 02:00:00+00:00,425,2,0.0,7.6,0.0,45.9375,15.5
2026-04-02 02:00:00+00:00,426,2,0.0,10.6,0.0,45.5625,13.75
2026-04-02 03:00:00+00:00,63,3,0.0,3.6,0.0,46.375,14.0625
2026-04-02 03:00:00+00:00,76,3,0.0,4.6,0.0,46.3125,14.1875
2026-04-02 03:00:00+00:00,106,3,0.0,4.1,0.0,46.25,14.375
2026-04-02 03:00:00+00:00,122,3,0.0,5.6,0.0,46.0,14.4375
2026-04-02 03:00:00+00:00,127,3,0.0,4.5,0.0,46.125,14.5
2026-04-02 03:00:00+00:00,129,3,0.0,6.4,0.0,46.0,14.5
2026-04-02 03:00:00+00:00,177,3,0.0,2.9,0.0,45.625,14.8125
2026-04-02 03:00:00+00:00,194,3,0.0,5.6,0.0,46.5,15.0625
2026-04-02 03:00:00+00:00,236,3,0.0,7.0,0.0,45.8125,15.1875
2026-04-02 03:00:00+00:00,325,3,0.0,6.9,0.0,46.5625,15.625
2026-04-02 03:00:00+00:00,391,3,0.0,6.5,0.0,46.6875,16.0625
2026-04-02 03:00:00+00:00,422,3,0.0,6.4,0.0,46.25,15.25
2026-04-02 03:00:00+00:00,425,3,0.0,7.4,0.0,45.9375,15.5
2026-04-02 03:00:00+00:00,426,3,0.0,10.4,0.0,45.5625,13.75
2026-04-02 04:00:00+00:00,63,1,0.0,3.8,0.0,46.375,14.0625
2026-04-02 04:00:00+00:00,76,1,0.0,4.7,0.0,46.3125,14.1875
2026-04-02 04:00:00+00:00,106,1,0.0,4.1,0.0,46.25,14.375
2026-04-02 04:00:00+00:00,122,1,0.0,5.4,0.0,46.0,14.4375
2026-04-02 04:00:00+00:00,127,1,0.0,4.5,0.0,46.125,14.5
2026-04-02 04:00:00+00:00,129,1,0.0,6.2,0.0,46.0,14.5
2026-04-02 04:00:00+00:00,177,1,0.0,2.9,0.0,45.625,14.8125
2026-04-02 04:00:00+00:00,194,1,0.0,5.4,0.0,46.5,15.0625
2026-04-02 04:00:00+00:00,236,1,0.0,6.9,0.0,45.8125,15.1875
2026-04-02 04:00:00+00:00,325,1,0.0,7.1,0.0,46.5625,15.625
2026-04-02 04:00:00+00:00,391,1,0.0,6.6,0.0,46.6875,16.0625
2026-04-02 04:00:00+00:00,422,1,0.0,6.5,0.0,46.25,15.25
2026-04-02 04:00:00+00:00,425,1,0.0,7.3,0.0,45.9375,15.5
2026-04-02 04:00:00+00:00,426,1,0.0,10.4,0.0,45.5625,13.75
2026-04-02 05:00:00+00:00,63,2,2.0,3.8,0.0,46.375,14.0625
2026-04-02 05:00:00+00:00,76,2,2.0,4.5,0.0,46.3125,14.1875
2026-04-02 05:00:00+00:00,106,2,2.0,4.3,0.0,46.25,14.375
2026-04-02 05:00:00+00:00,122,2,2.0,5.5,0.0,46.0,14.4375
2026-04-02 05:00:00+00:00,127,2,2.0,4.0,0.0,46.125,14.5
2026-04-02 05:00:00+00:00,129,2,2.0,6.1,0.0,46.0,14.5
2026-04-02 05:00:00+00:00,177,2,1.0,2.8,0.0,45.625,14.8125
2026-04-02 05:00:00+00:00,194,2,2.0,5.1,0.0,46.5,15.0625
2026-04-02 05:00:00+00:00,236,2,2.0,6.8,0.0,45.8125,15.1875
2026-04-02 05:00:00+00:00,325,2,2.0,7.0,0.0,46.5625,15.625
2026-04-02 05:00:00+00:00,391,2,3.0,6.6,0.0,46.6875,16.0625
2026-04-02 05:00:00+00:00,422,2,2.0,6.1,0.0,46.25,15.25
2026-04-02 05:00:00+00:00,425,2,2.0,7.2,0.0,45.9375,15.5
2026-04-02 05:00:00+00:00,426,2,1.0,10.3,0.0,45.5625,13.75
2026-04-02 06:00:00+00:00,63,3,59.0,4.6,0.0,46.375,14.0625
2026-04-02 06:00:00+00:00,63,6,61.0,4.3,0.0,46.375,14.0625
2026-04-02 06:00:00+00:00,76,3,65.0,5.7,0.0,46.3125,14.1875
2026-04-02 06:00:00+00:00,76,6,63.0,5.6,0.0,46.3125,14.1875
2026-04-02 06:00:00+00:00,106,3,67.0,5.0,0.0,46.25,14.375
2026-04-02 06:00:00+00:00,106,6,64.0,4.9,0.0,46.25,14.375
2026-04-02 06:00:00+00:00,122,3,50.0,6.3,0.0,46.0,14.4375
2026-04-02 06:00:00+00:00,122,6,54.0,6.2,0.0,46.0,14.4375
2026-04-02 06:00:00+00:00,127,3,63.0,4.1,0.0,46.125,14.5
2026-04-02 06:00:00+00:00,127,6,68.0,4.1,0.0,46.125,14.5
2026-04-02 06:00:00+00:00,129,3,50.0,6.8,0.0,46.0,14.5
2026-04-02 06:00:00+00:00,129,6,58.0,7.0,0.0,46.0,14.5
2026-04-02 06:00:00+00:00,177,3,52.0,3.2,0.0,45.625,14.8125
2026-04-02 06:00:00+00:00,177,6,53.0,3.1,0.0,45.625,14.8125
2026-04-02 06:00:00+00:00,194,3,57.0,5.6,0.0,46.5,15.0625
2026-04-02 06:00:00+00:00,194,6,56.0,5.6,0.0,46.5,15.0625
2026-04-02 06:00:00+00:00,236,3,35.0,7.0,0.0,45.8125,15.1875
2026-04-02 06:00:00+00:00,236,6,46.0,7.1,0.0,45.8125,15.1875
2026-04-02 06:00:00+00:00,325,3,35.0,7.4,0.0,46.5625,15.625
2026-04-02 06:00:00+00:00,325,6,43.0,7.4,0.0,46.5625,15.625
2026-04-02 06:00:00+00:00,391,3,38.0,7.0,0.0,46.6875,16.0625
2026-04-02 06:00:00+00:00,391,6,35.0,7.1,0.0,46.6875,16.0625
2026-04-02 06:00:00+00:00,422,3,55.0,6.2,0.0,46.25,15.25
2026-04-02 06:00:00+00:00,422,6,53.0,6.3,0.0,46.25,15.25
2026-04-02 06:00:00+00:00,425,3,51.0,7.7,0.0,45.9375,15.5
2026-04-02 06:00:00+00:00,425,6,56.0,7.8,0.0,45.9375,15.5
2026-04-02 06:00:00+00:00,426,3,59.0,10.6,0.0,45.5625,13.75
2026-04-02 06:00:00+00:00,426,6,62.0,10.7,0.0,45.5625,13.75
2026-04-02 07:00:00+00:00,63,1,166.0,6.2,0.0,46.375,14.0625
2026-04-02 07:00:00+00:00,76,1,188.0,7.2,0.0,46.3125,14.1875
2026-04-02 07:00:00+00:00,106,1,180.0,6.4,0.0,46.25,14.375
2026-04-02 07:00:00+00:00,122,1,156.0,7.8,0.0,46.0,14.4375
2026-04-02 07:00:00+00:00,127,1,172.0,6.0,0.0,46.125,14.5
2026-04-02 07:00:00+00:00,129,1,147.0,8.3,0.0,46.0,14.5
2026-04-02 07:00:00+00:00,177,1,101.0,3.8,0.0,45.625,14.8125
2026-04-02 07:00:00+00:00,194,1,119.0,6.9,0.0,46.5,15.0625
2026-04-02 07:00:00+00:00,236,1,129.0,8.0,0.0,45.8125,15.1875
2026-04-02 07:00:00+00:00,325,1,93.0,8.1,0.0,46.5625,15.625
2026-04-02 07:00:00+00:00,391,1,115.0,7.8,0.0,46.6875,16.0625
2026-04-02 07:00:00+00:00,422,1,151.0,7.7,0.0,46.25,15.25
2026-04-02 07:00:00+00:00,425,1,153.0,8.5,0.0,45.9375,15.5
2026-04-02 07:00:00+00:00,426,1,196.0,11.5,0.0,45.5625,13.75
2026-04-02 08:00:00+00:00,63,2,299.0,7.4,0.0,46.375,14.0625
2026-04-02 08:00:00+00:00,76,2,342.0,8.5,0.0,46.3125,14.1875
2026-04-02 08:00:00+00:00,106,2,345.0,8.6,0.0,46.25,14.375
2026-04-02 08:00:00+00:00,122,2,277.0,9.4,0.0,46.0,14.4375
2026-04-02 08:00:00+00:00,127,2,304.0,8.2,0.0,46.125,14.5
2026-04-02 08:00:00+00:00,129,2,265.0,9.9,0.0,46.0,14.5
2026-04-02 08:00:00+00:00,177,2,217.0,4.8,0.0,45.625,14.8125
2026-04-02 08:00:00+00:00,194,2,240.0,8.1,0.0,46.5,15.0625
2026-04-02 08:00:00+00:00,236,2,195.0,8.9,0.0,45.8125,15.1875
2026-04-02 08:00:00+00:00,325,2,126.0,8.5,0.0,46.5625,15.625
2026-04-02 08:00:00+00:00,391,2,243.0,8.7,0.0,46.6875,16.0625
2026-04-02 08:00:00+00:00,422,2,222.0,8.8,0.0,46.25,15.25
2026-04-02 08:00:00+00:00,425,2,229.0,9.2,0.0,45.9375,15.5
2026-04-02 08:00:00+00:00,426,2,375.0,12.7,0.0,45.5625,13.75
2026-04-02 09:00:00+00:00,63,3,431.0,8.4,0.0,46.375,14.0625
2026-04-02 09:00:00+00:00,63,6,426.0,8.5,0.0,46.375,14.0625
2026-04-02 09:00:00+00:00,76,3,454.0,9.5,0.0,46.3125,14.1875
2026-04-02 09:00:00+00:00,76,6,474.0,9.7,0.0,46.3125,14.1875
2026-04-02 09:00:00+00:00,106,3,501.0,10.1,0.0,46.25,14.375
2026-04-02 09:00:00+00:00,106,6,474.0,9.9,0.0,46.25,14.375
2026-04-02 09:00:00+00:00,122,3,396.0,11.1,0.0,46.0,14.4375
2026-04-02 09:00:00+00:00,122,6,442.0,11.3,0.0,46.0,14.4375
2026-04-02 09:00:00+00:00,127,3,444.0,10.0,0.0,46.125,14.5
2026-04-02 09:00:00+00:00,127,6,473.0,10.5,0.0,46.125,14.5
2026-04-02 09:00:00+00:00,129,3,380.0,11.5,0.0,46.0,14.5
2026-04-02 09:00:00+00:00,129,6,419.0,11.6,0.0,46.0,14.5
2026-04-02 09:00:00+00:00,177,3,273.0,5.6,0.0,45.625,14.8125
2026-04-02 09:00:00+00:00,177,6,328.0,5.6,0.0,45.625,14.8125
2026-04-02 09:00:00+00:00,194,3,291.0,8.8,0.0,46.5,15.0625
2026-04-02 09:00:00+00:00,194,6,279.0,8.6,0.0,46.5,15.0625
2026-04-02 09:00:00+00:00,236,3,292.0,10.1,0.0,45.8125,15.1875
2026-04-02 09:00:00+00:00,236,6,341.0,10.1,0.0,45.8125,15.1875
2026-04-02 09:00:00+00:00,325,3,179.0,9.0,0.0,46.5625,15.625
2026-04-02 09:00:00+00:00,325,6,214.0,8.8,0.0,46.5625,15.625
2026-04-02 09:00:00+00:00,391,3,237.0,9.5,0.0,46.6875,16.0625
2026-04-02 09:00:00+00:00,391,6,305.0,9.6,0.0,46.6875,16.0625
2026-04-02 09:00:00+00:00,422,3,263.0,10.7,0.0,46.25,15.25
2026-04-02 09:00:00+00:00,422,6,282.0,10.8,0.0,46.25,15.25
2026-04-02 09:00:00+00:00,425,3,366.0,10.4,0.0,45.9375,15.5
2026-04-02 09:00:00+00:00,425,6,408.0,10.3,0.0,45.9375,15.5
2026-04-02 09:00:00+00:00,426,3,567.0,14.0,0.0,45.5625,13.75
2026-04-02 09:00:00+00:00,426,6,548.0,14.1,0.0,45.5625,13.75
2026-04-02 10:00:00+00:00,63,1,567.0,9.1,0.0,46.375,14.0625
2026-04-02 10:00:00+00:00,76,1,594.0,10.3,0.0,46.3125,14.1875
2026-04-02 10:00:00+00:00,106,1,453.0,10.4,0.0,46.25,14.375
2026-04-02 10:00:00+00:00,122,1,391.0,11.4,0.0,46.0,14.4375
2026-04-02 10:00:00+00:00,127,1,417.0,11.3,0.0,46.125,14.5
2026-04-02 10:00:00+00:00,129,1,367.0,11.6,0.0,46.0,14.5
2026-04-02 10:00:00+00:00,177,1,262.0,5.8,0.0,45.625,14.8125
2026-04-02 10:00:00+00:00,194,1,318.0,9.3,0.0,46.5,15.0625
2026-04-02 10:00:00+00:00,236,1,328.0,10.5,0.0,45.8125,15.1875
2026-04-02 10:00:00+00:00,325,1,204.0,9.4,0.0,46.5625,15.625
2026-04-02 10:00:00+00:00,391,1,293.0,10.0,0.0,46.6875,16.0625
2026-04-02 10:00:00+00:00,422,1,320.0,11.6,0.0,46.25,15.25
2026-04-02 10:00:00+00:00,425,1,477.0,11.0,0.0,45.9375,15.5
2026-04-02 10:00:00+00:00,426,1,656.0,14.6,0.0,45.5625,13.75
2026-04-02 11:00:00+00:00,63,2,593.0,9.8,0.0,46.375,14.0625
2026-04-02 11:00:00+00:00,76,2,618.0,10.8,0.0,46.3125,14.1875
2026-04-02 11:00:00+00:00,106,2,530.0,11.4,0.0,46.25,14.375
2026-04-02 11:00:00+00:00,122,2,401.0,12.1,0.0,46.0,14.4375
2026-04-02 11:00:00+00:00,127,2,372.0,11.8,0.0,46.125,14.5
2026-04-02 11:00:00+00:00,129,2,437.0,12.2,0.0,46.0,14.5
2026-04-02 11:00:00+00:00,177,2,300.0,6.5,0.0,45.625,14.8125
2026-04-02 11:00:00+00:00,194,2,340.0,10.0,0.0,46.5,15.0625
2026-04-02 11:00:00+00:00,236,2,422.0,11.4,0.0,45.8125,15.1875
2026-04-02 11:00:00+00:00,325,2,210.0,9.9,0.0,46.5625,15.625
2026-04-02 11:00:00+00:00,391,2,296.0,10.4,0.0,46.6875,16.0625
2026-04-02 11:00:00+00:00,422,2,278.0,11.8,0.0,46.25,15.25
2026-04-02 11:00:00+00:00,425,2,508.0,11.7,0.0,45.9375,15.5
2026-04-02 11:00:00+00:00,426,2,688.0,15.4,0.0,45.5625,13.75
2026-04-02 12:00:00+00:00,63,3,636.0,10.6,0.0,46.375,14.0625
2026-04-02 12:00:00+00:00,63,6,626.0,10.8,0.0,46.375,14.0625
2026-04-02 12:00:00+00:00,76,3,599.0,11.5,0.0,46.3125,14.1875
2026-04-02 12:00:00+00:00,76,6,567.0,11.6,0.0,46.3125,14.1875
2026-04-02 12:00:00+00:00,106,3,528.0,12.6,0.0,46.25,14.375
2026-04-02 12:00:00+00:00,106,6,595.0,13.4,0.0,46.25,14.375
2026-04-02 12:00:00+00:00,122,3,376.0,12.7,0.0,46.0,14.4375
2026-04-02 12:00:00+00:00,122,6,382.0,13.1,0.0,46.0,14.4375
2026-04-02 12:00:00+00:00,127,3,448.0,12.7,0.0,46.125,14.5
2026-04-02 12:00:00+00:00,127,6,445.0,13.2,0.0,46.125,14.5
2026-04-02 12:00:00+00:00,129,3,375.0,12.7,0.0,46.0,14.5
2026-04-02 12:00:00+00:00,129,6,364.0,13.1,0.0,46.0,14.5
2026-04-02 12:00:00+00:00,177,3,383.0,7.5,0.0,45.625,14.8125
2026-04-02 12:00:00+00:00,177,6,395.0,8.0,0.0,45.625,14.8125
2026-04-02 12:00:00+00:00,194,3,356.0,10.6,0.0,46.5,15.0625
2026-04-02 12:00:00+00:00,194,6,340.0,10.6,0.0,46.5,15.0625
2026-04-02 12:00:00+00:00,236,3,393.0,11.6,0.0,45.8125,15.1875
2026-04-02 12:00:00+00:00,236,6,449.0,12.2,0.0,45.8125,15.1875
2026-04-02 12:00:00+00:00,325,3,212.0,10.3,0.0,46.5625,15.625
2026-04-02 12:00:00+00:00,325,6,221.0,10.7,0.0,46.5625,15.625
2026-04-02 12:00:00+00:00,391,3,327.0,11.1,0.0,46.6875,16.0625
2026-04-02 12:00:00+00:00,391,6,434.0,11.8,0.0,46.6875,16.0625
2026-04-02 12:00:00+00:00,422,3,312.0,12.5,0.0,46.25,15.25
2026-04-02 12:00:00+00:00,422,6,412.0,12.9,0.0,46.25,15.25
2026-04-02 12:00:00+00:00,425,3,505.0,12.0,0.0,45.9375,15.5
2026-04-02 12:00:00+00:00,425,6,498.0,12.4,0.0,45.9375,15.5
2026-04-02 12:00:00+00:00,426,3,653.0,15.9,0.0,45.5625,13.75
2026-04-02 12:00:00+00:00,426,6,702.0,16.5,0.0,45.5625,13.75
2026-04-02 13:00:00+00:00,63,1,530.0,10.4,0.0,46.375,14.0625
2026-04-02 13:00:00+00:00,76,1,503.0,11.5,0.0,46.3125,14.1875
2026-04-02 13:00:00+00:00,106,1,538.0,13.2,0.0,46.25,14.375
2026-04-02 13:00:00+00:00,122,1,406.0,12.9,0.0,46.0,14.4375
2026-04-02 13:00:00+00:00,127,1,480.0,13.2,0.0,46.125,14.5
2026-04-02 13:00:00+00:00,129,1,393.0,13.0,0.0,46.0,14.5
2026-04-02 13:00:00+00:00,177,1,310.0,7.3,0.0,45.625,14.8125
2026-04-02 13:00:00+00:00,194,1,367.0,11.0,0.0,46.5,15.0625
2026-04-02 13:00:00+00:00,236,1,285.0,11.6,0.0,45.8125,15.1875
2026-04-02 13:00:00+00:00,325,1,229.0,11.0,0.0,46.5625,15.625
2026-04-02 13:00:00+00:00,391,1,383.0,11.6,0.0,46.6875,16.0625
2026-04-02 13:00:00+00:00,422,1,326.0,13.1,0.0,46.25,15.25
2026-04-02 13:00:00+00:00,425,1,436.0,12.0,0.0,45.9375,15.5
2026-04-02 13:00:00+00:00,426,1,607.0,15.8,0.0,45.5625,13.75
2026-04-02 14:00:00+00:00,63,2,429.0,10.2,0.0,46.375,14.0625
2026-04-02 14:00:00+00:00,76,2,414.0,11.3,0.0,46.3125,14.1875
2026-04-02 14:00:00+00:00,106,2,462.0,13.2,0.0,46.25,14.375
2026-04-02 14:00:00+00:00,122,2,356.0,13.0,0.0,46.0,14.4375
2026-04-02 14:00:00+00:00,127,2,357.0,13.3,0.0,46.125,14.5
2026-04-02 14:00:00+00:00,129,2,343.0,13.1,0.0,46.0,14.5
2026-04-02 14:00:00+00:00,177,2,240.0,7.4,0.0,45.625,14.8125
2026-04-02 14:00:00+00:00,194,2,314.0,11.1,0.0,46.5,15.0625
2026-04-02 14:00:00+00:00,236,2,282.0,11.7,0.0,45.8125,15.1875
2026-04-02 14:00:00+00:00,325,2,164.0,11.0,0.0,46.5625,15.625
2026-04-02 14:00:00+00:00,391,2,294.0,11.6,0.0,46.6875,16.0625
2026-04-02 14:00:00+00:00,422,2,335.0,13.3,0.0,46.25,15.25
2026-04-02 14:00:00+00:00,425,2,384.0,12.2,0.0,45.9375,15.5
2026-04-02 14:00:00+00:00,426,2,506.0,15.9,0.0,45.5625,13.75
2026-04-02 15:00:00+00:00,63,3,327.0,10.2,0.0,46.375,14.0625
2026-04-02 15:00:00+00:00,63,6,343.0,10.4,0.0,46.375,14.0625
2026-04-02 15:00:00+00:00,76,3,315.0,11.2,0.0,46.3125,14.1875
2026-04-02 15:00:00+00:00,76,6,310.0,11.3,0.0,46.3125,14.1875
2026-04-02 15:00:00+00:00,106,3,290.0,12.8,0.0,46.25,14.375
2026-04-02 15:00:00+00:00,106,6,303.0,12.8,0.0,46.25,14.375
2026-04-02 15:00:00+00:00,122,3,262.0,12.9,0.0,46.0,14.4375
2026-04-02 15:00:00+00:00,122,6,293.0,12.9,0.0,46.0,14.4375
2026-04-02 15:00:00+00:00,127,3,245.0,13.0,0.0,46.125,14.5
2026-04-02 15:00:00+00:00,127,6,226.0,12.8,0.0,46.125,14.5
2026-04-02 15:00:00+00:00,129,3,275.0,13.1,0.0,46.0,14.5
2026-04-02 15:00:00+00:00,129,6,306.0,13.0,0.0,46.0,14.5
2026-04-02 15:00:00+00:00,177,3,218.0,7.3,0.0,45.625,14.8125
2026-04-02 15:00:00+00:00,177,6,189.0,7.4,0.0,45.625,14.8125
2026-04-02 15:00:00+00:00,194,3,215.0,10.9,0.0,46.5,15.0625
2026-04-02 15:00:00+00:00,194,6,264.0,10.8,0.0,46.5,15.0625
2026-04-02 15:00:00+00:00,236,3,255.0,11.9,0.0,45.8125,15.1875
2026-04-02 15:00:00+00:00,236,6,243.0,11.9,0.0,45.8125,15.1875
2026-04-02 15:00:00+00:00,325,3,99.0,10.9,0.1,46.5625,15.625
2026-04-02 15:00:00+00:00,325,6,73.0,10.2,0.2,46.5625,15.625
2026-04-02 15:00:00+00:00,391,3,228.0,11.7,0.0,46.6875,16.0625
2026-04-02 15:00:00+00:00,391,6,225.0,11.0,0.0,46.6875,16.0625
2026-04-02 15:00:00+00:00,422,3,223.0,12.9,0.0,46.25,15.25
2026-04-02 15:00:00+00:00,422,6,201.0,12.3,0.0,46.25,15.25
2026-04-02 15:00:00+00:00,425,3,328.0,12.5,0.0,45.9375,15.5
2026-04-02 15:00:00+00:00,425,6,279.0,12.3,0.0,45.9375,15.5
2026-04-02 15:00:00+00:00,426,3,349.0,15.9,0.0,45.5625,13.75
2026-04-02 15:00:00+00:00,426,6,353.0,16.1,0.0,45.5625,13.75
2026-04-02 16:00:00+00:00,63,1,187.0,9.6,0.0,46.375,14.0625
2026-04-02 16:00:00+00:00,76,1,196.0,10.5,0.0,46.3125,14.1875
2026-04-02 16:00:00+00:00,106,1,166.0,12.2,0.0,46.25,14.375
2026-04-02 16:00:00+00:00,122,1,143.0,12.3,0.0,46.0,14.4375
2026-04-02 16:00:00+00:00,127,1,150.0,12.6,0.0,46.125,14.5
2026-04-02 16:00:00+00:00,129,1,149.0,12.5,0.0,46.0,14.5
2026-04-02 16:00:00+00:00,177,1,134.0,7.3,0.0,45.625,14.8125
2026-04-02 16:00:00+00:00,194,1,133.0,10.6,0.0,46.5,15.0625
2026-04-02 16:00:00+00:00,236,1,149.0,11.7,0.0,45.8125,15.1875
2026-04-02 16:00:00+00:00,325,1,58.0,11.2,0.1,46.5625,15.625
2026-04-02 16:00:00+00:00,391,1,154.0,11.5,0.0,46.6875,16.0625
2026-04-02 16:00:00+00:00,422,1,143.0,12.4,0.0,46.25,15.25
2026-04-02 16:00:00+00:00,425,1,179.0,12.0,0.0,45.9375,15.5
2026-04-02 16:00:00+00:00,426,1,202.0,15.2,0.0,45.5625,13.75
2026-04-02 17:00:00+00:00,63,2,75.0,9.1,0.0,46.375,14.0625
2026-04-02 17:00:00+00:00,76,2,78.0,9.9,0.0,46.3125,14.1875
2026-04-02 17:00:00+00:00,106,2,67.0,11.4,0.0,46.25,14.375
2026-04-02 17:00:00+00:00,122,2,49.0,11.8,0.0,46.0,14.4375
2026-04-02 17:00:00+00:00,127,2,56.0,11.8,0.0,46.125,14.5
2026-04-02 17:00:00+00:00,129,2,50.0,12.0,0.0,46.0,14.5
2026-04-02 17:00:00+00:00,177,2,43.0,6.9,0.0,45.625,14.8125
2026-04-02 17:00:00+00:00,194,2,48.0,10.0,0.0,46.5,15.0625
2026-04-02 17:00:00+00:00,236,2,47.0,11.2,0.0,45.8125,15.1875
2026-04-02 17:00:00+00:00,325,2,28.0,11.1,0.0,46.5625,15.625
2026-04-02 17:00:00+00:00,391,2,57.0,11.0,0.0,46.6875,16.0625
2026-04-02 17:00:00+00:00,422,2,50.0,12.1,0.0,46.25,15.25
2026-04-02 17:00:00+00:00,425,2,61.0,11.7,0.0,45.9375,15.5
2026-04-02 17:00:00+00:00,426,2,84.0,14.9,0.0,45.5625,13.75
2026-04-02 18:00:00+00:00,63,3,6.0,8.1,0.0,46.375,14.0625
2026-04-02 18:00:00+00:00,63,6,5.0,8.0,0.0,46.375,14.0625
2026-04-02 18:00:00+00:00,76,3,6.0,9.0,0.0,46.3125,14.1875
2026-04-02 18:00:00+00:00,76,6,6.0,9.0,0.0,46.3125,14.1875
2026-04-02 18:00:00+00:00,106,3,5.0,10.2,0.0,46.25,14.375
2026-04-02 18:00:00+00:00,106,6,5.0,10.1,0.0,46.25,14.375
2026-04-02 18:00:00+00:00,122,3,4.0,10.8,0.0,46.0,14.4375
2026-04-02 18:00:00+00:00,122,6,4.0,11.0,0.0,46.0,14.4375
2026-04-02 18:00:00+00:00,127,3,4.0,10.7,0.0,46.125,14.5
2026-04-02 18:00:00+00:00,127,6,4.0,10.7,0.0,46.125,14.5
2026-04-02 18:00:00+00:00,129,3,4.0,11.0,0.0,46.0,14.5
2026-04-02 18:00:00+00:00,129,6,4.0,11.2,0.0,46.0,14.5
2026-04-02 18:00:00+00:00,177,3,2.0,6.5,0.0,45.625,14.8125
2026-04-02 18:00:00+00:00,177,6,2.0,6.4,0.0,45.625,14.8125
2026-04-02 18:00:00+00:00,194,3,3.0,9.5,0.0,46.5,15.0625
2026-04-02 18:00:00+00:00,194,6,3.0,9.2,0.0,46.5,15.0625
2026-04-02 18:00:00+00:00,236,3,3.0,10.6,0.0,45.8125,15.1875
2026-04-02 18:00:00+00:00,236,6,2.0,10.4,0.0,45.8125,15.1875
2026-04-02 18:00:00+00:00,325,3,2.0,10.1,0.0,46.5625,15.625
2026-04-02 18:00:00+00:00,325,6,2.0,10.1,0.0,46.5625,15.625
2026-04-02 18:00:00+00:00,391,3,3.0,10.2,0.2,46.6875,16.0625
2026-04-02 18:00:00+00:00,391,6,3.0,9.9,0.0,46.6875,16.0625
2026-04-02 18:00:00+00:00,422,3,3.0,11.4,0.0,46.25,15.25
2026-04-02 18:00:00+00:00,422,6,2.0,11.1,0.0,46.25,15.25
2026-04-02 18:00:00+00:00,425,3,3.0,11.1,0.0,45.9375,15.5
2026-04-02 18:00:00+00:00,425,6,2.0,11.1,0.1,45.9375,15.5
2026-04-02 18:00:00+00:00,426,3,7.0,14.0,0.0,45.5625,13.75
2026-04-02 18:00:00+00:00,426,6,6.0,14.0,0.0,45.5625,13.75
2026-04-02 19:00:00+00:00,63,1,0.0,7.6,0.0,46.375,14.0625
2026-04-02 19:00:00+00:00,76,1,0.0,8.5,0.0,46.3125,14.1875
2026-04-02 19:00:00+00:00,106,1,0.0,9.3,0.0,46.25,14.375
2026-04-02 19:00:00+00:00,122,1,0.0,10.2,0.0,46.0,14.4375
2026-04-02 19:00:00+00:00,127,1,0.0,10.2,0.0,46.125,14.5
2026-04-02 19:00:00+00:00,129,1,0.0,10.6,0.0,46.0,14.5
2026-04-02 19:00:00+00:00,177,1,0.0,6.3,0.0,45.625,14.8125
2026-04-02 19:00:00+00:00,194,1,0.0,9.0,0.0,46.5,15.0625
2026-04-02 19:00:00+00:00,236,1,0.0,10.2,0.0,45.8125,15.1875
2026-04-02 19:00:00+00:00,325,1,0.0,9.2,0.1,46.5625,15.625
2026-04-02 19:00:00+00:00,391,1,0.0,9.6,0.2,46.6875,16.0625
2026-04-02 19:00:00+00:00,422,1,0.0,10.8,0.0,46.25,15.25
2026-04-02 19:00:00+00:00,425,1,0.0,11.0,0.0,45.9375,15.5
2026-04-02 19:00:00+00:00,426,1,0.0,13.7,0.0,45.5625,13.75
2026-04-02 20:00:00+00:00,63,2,0.0,7.1,0.0,46.375,14.0625
2026-04-02 20:00:00+00:00,76,2,0.0,8.1,0.0,46.3125,14.1875
2026-04-02 20:00:00+00:00,106,2,0.0,8.6,0.0,46.25,14.375
2026-04-02 20:00:00+00:00,122,2,0.0,9.7,0.0,46.0,14.4375
2026-04-02 20:00:00+00:00,127,2,0.0,9.6,0.0,46.125,14.5
2026-04-02 20:00:00+00:00,129,2,0.0,10.0,0.0,46.0,14.5
2026-04-02 20:00:00+00:00,177,2,0.0,6.2,0.1,45.625,14.8125
2026-04-02 20:00:00+00:00,194,2,0.0,8.6,0.0,46.5,15.0625
2026-04-02 20:00:00+00:00,236,2,0.0,9.6,0.0,45.8125,15.1875
2026-04-02 20:00:00+00:00,325,2,0.0,9.0,0.0,46.5625,15.625
2026-04-02 20:00:00+00:00,391,2,0.0,9.3,0.1,46.6875,16.0625
2026-04-02 20:00:00+00:00,422,2,0.0,9.9,0.0,46.25,15.25
2026-04-02 20:00:00+00:00,425,2,0.0,10.8,0.1,45.9375,15.5
2026-04-02 20:00:00+00:00,426,2,0.0,13.4,0.0,45.5625,13.75
2026-04-02 21:00:00+00:00,63,3,0.0,6.8,0.1,46.375,14.0625
2026-04-02 21:00:00+00:00,63,6,0.0,6.9,0.1,46.375,14.0625
2026-04-02 21:00:00+00:00,76,3,0.0,7.8,0.0,46.3125,14.1875
2026-04-02 21:00:00+00:00,76,6,0.0,7.8,0.0,46.3125,14.1875
2026-04-02 21:00:00+00:00,106,3,0.0,8.4,0.0,46.25,14.375
2026-04-02 21:00:00+00:00,106,6,0.0,8.5,0.0,46.25,14.375
2026-04-02 21:00:00+00:00,122,3,0.0,9.4,0.0,46.0,14.4375
2026-04-02 21:00:00+00:00,122,6,0.0,9.3,0.0,46.0,14.4375
2026-04-02 21:00:00+00:00,127,3,0.0,8.9,0.0,46.125,14.5
2026-04-02 21:00:00+00:00,127,6,0.0,8.8,0.0,46.125,14.5
2026-04-02 21:00:00+00:00,129,3,0.0,9.7,0.0,46.0,14.5
2026-04-02 21:00:00+00:00,129,6,0.0,9.4,0.0,46.0,14.5
2026-04-02 21:00:00+00:00,177,3,0.0,6.3,0.0,45.625,14.8125
2026-04-02 21:00:00+00:00,177,6,0.0,6.2,0.0,45.625,14.8125
2026-04-02 21:00:00+00:00,194,3,0.0,8.2,0.0,46.5,15.0625
2026-04-02 21:00:00+00:00,194,6,0.0,8.0,0.0,46.5,15.0625
2026-04-02 21:00:00+00:00,236,3,0.0,9.3,0.0,45.8125,15.1875
2026-04-02 21:00:00+00:00,236,6,0.0,9.4,0.0,45.8125,15.1875
2026-04-02 21:00:00+00:00,325,3,0.0,8.7,0.2,46.5625,15.625
2026-04-02 21:00:00+00:00,325,6,0.0,8.7,0.2,46.5625,15.625
2026-04-02 21:00:00+00:00,391,3,0.0,8.9,0.0,46.6875,16.0625
2026-04-02 21:00:00+00:00,391,6,0.0,8.6,0.1,46.6875,16.0625
2026-04-02 21:00:00+00:00,422,3,0.0,8.7,0.2,46.25,15.25
2026-04-02 21:00:00+00:00,422,6,0.0,8.8,0.1,46.25,15.25
2026-04-02 21:00:00+00:00,425,3,0.0,10.8,0.0,45.9375,15.5
2026-04-02 21:00:00+00:00,425,6,0.0,10.7,0.0,45.9375,15.5
2026-04-02 21:00:00+00:00,426,3,0.0,12.9,0.0,45.5625,13.75
2026-04-02 21:00:00+00:00,426,6,0.0,12.8,0.0,45.5625,13.75
2026-04-02 22:00:00+00:00,63,1,0.0,6.5,0.0,46.375,14.0625
2026-04-02 22:00:00+00:00,76,1,0.0,7.6,0.0,46.3125,14.1875
2026-04-02 22:00:00+00:00,106,1,0.0,8.0,0.0,46.25,14.375
2026-04-02 22:00:00+00:00,122,1,0.0,8.8,0.0,46.0,14.4375
2026-04-02 22:00:00+00:00,127,1,0.0,8.1,0.0,46.125,14.5
2026-04-02 22:00:00+00:00,129,1,0.0,8.7,0.0,46.0,14.5
2026-04-02 22:00:00+00:00,177,1,0.0,6.2,0.1,45.625,14.8125
2026-04-02 22:00:00+00:00,194,1,0.0,8.1,0.0,46.5,15.0625
2026-04-02 22:00:00+00:00,236,1,0.0,9.1,0.0,45.8125,15.1875
2026-04-02 22:00:00+00:00,325,1,0.0,8.8,0.1,46.5625,15.625
2026-04-02 22:00:00+00:00,391,1,0.0,8.7,0.0,46.6875,16.0625
2026-04-02 22:00:00+00:00,422,1,0.0,8.5,0.2,46.25,15.25
2026-04-02 22:00:00+00:00,425,1,0.0,10.8,0.0,45.9375,15.5
2026-04-02 22:00:00+00:00,426,1,0.0,12.7,0.0,45.5625,13.75
2026-04-02 23:00:00+00:00,63,2,0.0,6.3,0.0,46.375,14.0625
2026-04-02 23:00:00+00:00,76,2,0.0,7.6,0.0,46.3125,14.1875
2026-04-02 23:00:00+00:00,106,2,0.0,8.0,0.0,46.25,14.375
2026-04-02 23:00:00+00:00,122,2,0.0,8.3,0.0,46.0,14.4375
2026-04-02 23:00:00+00:00,127,2,0.0,7.9,0.0,46.125,14.5
2026-04-02 23:00:00+00:00,129,2,0.0,8.0,0.0,46.0,14.5
2026-04-02 23:00:00+00:00,177,2,0.0,6.3,0.0,45.625,14.8125
2026-04-02 23:00:00+00:00,194,2,0.0,7.6,0.0,46.5,15.0625
2026-04-02 23:00:00+00:00,236,2,0.0,9.2,0.0,45.8125,15.1875
2026-04-02 23:00:00+00:00,325,2,0.0,8.7,0.1,46.5625,15.625
2026-04-02 23:00:00+00:00,391,2,0.0,8.3,0.0,46.6875,16.0625
2026-04-02 23:00:00+00:00,422,2,0.0,8.3,0.1,46.25,15.25
2026-04-02 23:00:00+00:00,425,2,0.0,10.6,0.0,45.9375,15.5
2026-04-02 23:00:00+00:00,426,2,0.0,12.3,0.0,45.5625,13.75
2026-04-03 00:00:00+00:00,63,3,0.0,5.9,0.0,46.375,14.0625
2026-04-03 00:00:00+00:00,63,6,0.0,5.6,0.0,46.375,14.0625
2026-04-03 00:00:00+00:00,63,24,0.0,5.8,0.0,46.375,14.0625
2026-04-03 00:00:00+00:00,76,3,0.0,7.7,0.0,46.3125,14.1875
2026-04-03 00:00:00+00:00,76,6,0.0,7.6,0.0,46.3125,14.1875
2026-04-03 00:00:00+00:00,76,24,0.0,7.2,0.0,46.3125,14.1875
2026-04-03 00:00:00+00:00,106,3,0.0,7.9,0.0,46.25,14.375
2026-04-03 00:00:00+00:00,106,6,0.0,8.1,0.0,46.25,14.375
2026-04-03 00:00:00+00:00,106,24,0.0,7.5,0.0,46.25,14.375
2026-04-03 00:00:00+00:00,122,3,0.0,7.8,0.0,46.0,14.4375
2026-04-03 00:00:00+00:00,122,6,0.0,7.5,0.0,46.0,14.4375
2026-04-03 00:00:00+00:00,122,24,0.0,8.4,0.0,46.0,14.4375
2026-04-03 00:00:00+00:00,127,3,0.0,7.6,0.0,46.125,14.5
2026-04-03 00:00:00+00:00,127,6,0.0,7.6,0.0,46.125,14.5
2026-04-03 00:00:00+00:00,127,24,0.0,8.0,0.0,46.125,14.5
2026-04-03 00:00:00+00:00,129,3,0.0,7.7,0.0,46.0,14.5
2026-04-03 00:00:00+00:00,129,6,0.0,7.4,0.0,46.0,14.5
2026-04-03 00:00:00+00:00,129,24,0.0,8.4,0.0,46.0,14.5
2026-04-03 00:00:00+00:00,177,3,0.0,6.1,0.1,45.625,14.8125
2026-04-03 00:00:00+00:00,177,6,0.0,6.2,0.1,45.625,14.8125
2026-04-03 00:00:00+00:00,177,24,0.0,5.7,0.1,45.625,14.8125
2026-04-03 00:00:00+00:00,194,3,0.0,7.3,0.0,46.5,15.0625
2026-04-03 00:00:00+00:00,194,6,0.0,7.0,0.0,46.5,15.0625
2026-04-03 00:00:00+00:00,194,24,0.0,6.8,0.0,46.5,15.0625
2026-04-03 00:00:00+00:00,236,3,0.0,8.9,0.0,45.8125,15.1875
2026-04-03 00:00:00+00:00,236,6,0.0,9.0,0.1,45.8125,15.1875
2026-04-03 00:00:00+00:00,236,24,0.0,8.9,0.0,45.8125,15.1875
2026-04-03 00:00:00+00:00,325,3,0.0,8.9,0.2,46.5625,15.625
2026-04-03 00:00:00+00:00,325,6,0.0,8.9,0.1,46.5625,15.625
2026-04-03 00:00:00+00:00,325,24,0.0,9.0,0.0,46.5625,15.625
2026-04-03 00:00:00+00:00,391,3,0.0,8.1,0.1,46.6875,16.0625
2026-04-03 00:00:00+00:00,391,6,0.0,7.6,0.2,46.6875,16.0625
2026-04-03 00:00:00+00:00,391,24,0.0,7.9,0.0,46.6875,16.0625
2026-04-03 00:00:00+00:00,422,3,0.0,7.7,0.0,46.25,15.25
2026-04-03 00:00:00+00:00,422,6,0.0,7.3,0.0,46.25,15.25
2026-04-03 00:00:00+00:00,422,24,0.0,8.3,0.0,46.25,15.25
2026-04-03 00:00:00+00:00,425,3,0.0,10.5,0.1,45.9375,15.5
2026-04-03 00:00:00+00:00,425,6,0.0,10.6,0.0,45.9375,15.5
2026-04-03 00:00:00+00:00,425,24,0.0,10.3,0.1,45.9375,15.5
2026-04-03 00:00:00+00:00,426,3,0.0,11.5,0.0,45.5625,13.75
2026-04-03 00:00:00+00:00,426,6,0.0,12.0,0.0,45.5625,13.75
2026-04-03 00:00:00+00:00,426,24,0.0,11.8,0.0,45.5625,13.75
2026-04-03 03:00:00+00:00,63,6,0.0,4.8,0.0,46.375,14.0625
2026-04-03 03:00:00+00:00,63,24,0.0,4.4,0.0,46.375,14.0625
2026-04-03 03:00:00+00:00,76,6,0.0,6.8,0.0,46.3125,14.1875
2026-04-03 03:00:00+00:00,76,24,0.0,6.9,0.0,46.3125,14.1875
2026-04-03 03:00:00+00:00,106,6,0.0,7.4,0.0,46.25,14.375
2026-04-03 03:00:00+00:00,106,24,0.0,7.0,0.0,46.25,14.375
2026-04-03 03:00:00+00:00,122,6,0.0,7.3,0.0,46.0,14.4375
2026-04-03 03:00:00+00:00,122,24,0.0,7.0,0.0,46.0,14.4375
2026-04-03 03:00:00+00:00,127,6,0.0,7.0,0.0,46.125,14.5
2026-04-03 03:00:00+00:00,127,24,0.0,6.6,0.0,46.125,14.5
2026-04-03 03:00:00+00:00,129,6,0.0,7.5,0.0,46.0,14.5
2026-04-03 03:00:00+00:00,129,24,0.0,6.9,0.0,46.0,14.5
2026-04-03 03:00:00+00:00,177,6,0.0,5.6,0.0,45.625,14.8125
2026-04-03 03:00:00+00:00,177,24,0.0,4.6,0.0,45.625,14.8125
2026-04-03 03:00:00+00:00,194,6,0.0,6.2,0.0,46.5,15.0625
2026-04-03 03:00:00+00:00,194,24,0.0,6.2,0.0,46.5,15.0625
2026-04-03 03:00:00+00:00,236,6,0.0,8.2,0.0,45.8125,15.1875
2026-04-03 03:00:00+00:00,236,24,0.0,7.7,0.0,45.8125,15.1875
2026-04-03 03:00:00+00:00,325,6,0.0,9.1,0.0,46.5625,15.625
2026-04-03 03:00:00+00:00,325,24,0.0,8.9,0.0,46.5625,15.625
2026-04-03 03:00:00+00:00,391,6,0.0,7.5,0.0,46.6875,16.0625
2026-04-03 03:00:00+00:00,391,24,0.0,7.2,0.0,46.6875,16.0625
2026-04-03 03:00:00+00:00,422,6,0.0,7.7,0.0,46.25,15.25
2026-04-03 03:00:00+00:00,422,24,0.0,7.3,0.0,46.25,15.25
2026-04-03 03:00:00+00:00,425,6,0.0,10.1,0.1,45.9375,15.5
2026-04-03 03:00:00+00:00,425,24,0.0,9.5,0.0,45.9375,15.5
2026-04-03 03:00:00+00:00,426,6,0.0,10.7,0.0,45.5625,13.75
2026-04-03 03:00:00+00:00,426,24,0.0,11.7,0.0,45.5625,13.75
2026-04-03 06:00:00+00:00,63,24,81.0,4.9,0.0,46.375,14.0625
2026-04-03 06:00:00+00:00,76,24,79.0,7.6,0.0,46.3125,14.1875
2026-04-03 06:00:00+00:00,106,24,85.0,7.9,0.0,46.25,14.375
2026-04-03 06:00:00+00:00,122,24,78.0,6.4,0.0,46.0,14.4375
2026-04-03 06:00:00+00:00,127,24,78.0,5.7,0.0,46.125,14.5
2026-04-03 06:00:00+00:00,129,24,78.0,6.2,0.0,46.0,14.5
2026-04-03 06:00:00+00:00,177,24,59.0,5.8,0.0,45.625,14.8125
2026-04-03 06:00:00+00:00,194,24,83.0,6.8,0.0,46.5,15.0625
2026-04-03 06:00:00+00:00,236,24,54.0,6.7,0.0,45.8125,15.1875
2026-04-03 06:00:00+00:00,325,24,52.0,9.5,0.0,46.5625,15.625
2026-04-03 06:00:00+00:00,391,24,65.0,7.9,0.0,46.6875,16.0625
2026-04-03 06:00:00+00:00,422,24,58.0,7.7,0.0,46.25,15.25
2026-04-03 06:00:00+00:00,425,24,59.0,9.9,0.0,45.9375,15.5
2026-04-03 06:00:00+00:00,426,24,75.0,10.7,0.0,45.5625,13.75
2026-04-03 09:00:00+00:00,63,24,582.0,10.5,0.0,46.375,14.0625
2026-04-03 09:00:00+00:00,76,24,570.0,11.5,0.0,46.3125,14.1875
2026-04-03 09:00:00+00:00,106,24,551.0,13.4,0.0,46.25,14.375
2026-04-03 09:00:00+00:00,122,24,493.0,12.7,0.0,46.0,14.4375
2026-04-03 09:00:00+00:00,127,24,551.0,12.3,0.0,46.125,14.5
2026-04-03 09:00:00+00:00,129,24,467.0,12.7,0.0,46.0,14.5
2026-04-03 09:00:00+00:00,177,24,403.0,9.2,0.0,45.625,14.8125
2026-04-03 09:00:00+00:00,194,24,532.0,11.5,0.0,46.5,15.0625
2026-04-03 09:00:00+00:00,236,24,464.0,12.9,0.0,45.8125,15.1875
2026-04-03 09:00:00+00:00,325,24,448.0,12.5,0.0,46.5625,15.625
2026-04-03 09:00:00+00:00,391,24,465.0,12.9,0.0,46.6875,16.0625
2026-04-03 09:00:00+00:00,422,24,390.0,12.3,0.0,46.25,15.25
2026-04-03 09:00:00+00:00,425,24,319.0,13.0,0.0,45.9375,15.5
2026-04-03 09:00:00+00:00,426,24,561.0,16.3,0.0,45.5625,13.75
2026-04-03 12:00:00+00:00,63,24,785.0,13.3,0.0,46.375,14.0625
2026-04-03 12:00:00+00:00,76,24,783.0,14.3,0.0,46.3125,14.1875
2026-04-03 12:00:00+00:00,106,24,770.0,15.9,0.0,46.25,14.375
2026-04-03 12:00:00+00:00,122,24,624.0,16.0,0.0,46.0,14.4375
2026-04-03 12:00:00+00:00,127,24,570.0,15.3,0.0,46.125,14.5
2026-04-03 12:00:00+00:00,129,24,544.0,16.2,0.0,46.0,14.5
2026-04-03 12:00:00+00:00,177,24,708.0,12.1,0.0,45.625,14.8125
2026-04-03 12:00:00+00:00,194,24,597.0,14.5,0.0,46.5,15.0625
2026-04-03 12:00:00+00:00,236,24,744.0,16.1,0.0,45.8125,15.1875
2026-04-03 12:00:00+00:00,325,24,748.0,15.6,0.0,46.5625,15.625
2026-04-03 12:00:00+00:00,391,24,712.0,15.8,0.0,46.6875,16.0625
2026-04-03 12:00:00+00:00,422,24,755.0,16.7,0.0,46.25,15.25
2026-04-03 12:00:00+00:00,425,24,728.0,16.0,0.0,45.9375,15.5
2026-04-03 12:00:00+00:00,426,24,755.0,18.8,0.0,45.5625,13.75
2026-04-03 15:00:00+00:00,63,24,481.0,12.9,0.0,46.375,14.0625
2026-04-03 15:00:00+00:00,76,24,489.0,14.0,0.0,46.3125,14.1875
2026-04-03 15:00:00+00:00,106,24,477.0,16.0,0.0,46.25,14.375
2026-04-03 15:00:00+00:00,122,24,381.0,16.5,0.0,46.0,14.4375
2026-04-03 15:00:00+00:00,127,24,360.0,16.4,0.0,46.125,14.5
2026-04-03 15:00:00+00:00,129,24,385.0,16.7,0.0,46.0,14.5
2026-04-03 15:00:00+00:00,177,24,386.0,11.9,0.0,45.625,14.8125
2026-04-03 15:00:00+00:00,194,24,400.0,14.2,0.0,46.5,15.0625
2026-04-03 15:00:00+00:00,236,24,421.0,16.1,0.0,45.8125,15.1875
2026-04-03 15:00:00+00:00,325,24,395.0,15.4,0.0,46.5625,15.625
2026-04-03 15:00:00+00:00,391,24,433.0,15.6,0.0,46.6875,16.0625
2026-04-03 15:00:00+00:00,422,24,451.0,16.4,0.0,46.25,15.25
2026-04-03 15:00:00+00:00,425,24,460.0,16.5,0.0,45.9375,15.5
2026-04-03 15:00:00+00:00,426,24,475.0,18.1,0.0,45.5625,13.75
2026-04-03 18:00:00+00:00,63,24,10.0,9.2,0.0,46.375,14.0625
2026-04-03 18:00:00+00:00,76,24,10.0,9.8,0.0,46.3125,14.1875
2026-04-03 18:00:00+00:00,106,24,9.0,12.0,0.0,46.25,14.375
2026-04-03 18:00:00+00:00,122,24,8.0,12.6,0.0,46.0,14.4375
2026-04-03 18:00:00+00:00,127,24,6.0,12.7,0.0,46.125,14.5
2026-04-03 18:00:00+00:00,129,24,8.0,12.7,0.0,46.0,14.5
2026-04-03 18:00:00+00:00,177,24,8.0,8.8,0.0,45.625,14.8125
2026-04-03 18:00:00+00:00,194,24,6.0,10.7,0.0,46.5,15.0625
2026-04-03 18:00:00+00:00,236,24,6.0,12.7,0.0,45.8125,15.1875
2026-04-03 18:00:00+00:00,325,24,5.0,12.1,0.0,46.5625,15.625
2026-04-03 18:00:00+00:00,391,24,5.0,12.0,0.0,46.6875,16.0625
2026-04-03 18:00:00+00:00,422,24,6.0,13.0,0.0,46.25,15.25
2026-04-03 18:00:00+00:00,425,24,5.0,13.3,0.0,45.9375,15.5
2026-04-03 18:00:00+00:00,426,24,9.0,14.9,0.0,45.5625,13.75
2026-04-03 21:00:00+00:00,63,24,0.0,5.1,0.0,46.375,14.0625
2026-04-03 21:00:00+00:00,76,24,0.0,7.0,0.0,46.3125,14.1875
2026-04-03 21:00:00+00:00,106,24,0.0,8.1,0.0,46.25,14.375
2026-04-03 21:00:00+00:00,122,24,0.0,9.8,0.0,46.0,14.4375
2026-04-03 21:00:00+00:00,127,24,0.0,9.5,0.0,46.125,14.5
2026-04-03 21:00:00+00:00,129,24,0.0,9.2,0.0,46.0,14.5
2026-04-03 21:00:00+00:00,177,24,0.0,6.7,0.0,45.625,14.8125
2026-04-03 21:00:00+00:00,194,24,0.0,7.8,0.0,46.5,15.0625
2026-04-03 21:00:00+00:00,236,24,0.0,9.2,0.0,45.8125,15.1875
2026-04-03 21:00:00+00:00,325,24,0.0,9.4,0.0,46.5625,15.625
2026-04-03 21:00:00+00:00,391,24,0.0,9.0,0.0,46.6875,16.0625
2026-04-03 21:00:00+00:00,422,24,0.0,10.1,0.0,46.25,15.25
2026-04-03 21:00:00+00:00,425,24,0.0,10.8,0.0,45.9375,15.5
2026-04-03 21:00:00+00:00,426,24,0.0,11.8,0.0,45.5625,13.75
2026-04-03 01:00:00+00:00,63,1,0.0,6.0,0.0,46.375,14.0625
2026-04-03 01:00:00+00:00,76,1,0.0,7.6,0.0,46.3125,14.1875
2026-04-03 01:00:00+00:00,106,1,0.0,7.8,0.0,46.25,14.375
2026-04-03 01:00:00+00:00,122,1,0.0,7.3,0.0,46.0,14.4375
2026-04-03 01:00:00+00:00,127,1,0.0,7.8,0.0,46.125,14.5
2026-04-03 01:00:00+00:00,129,1,0.0,7.4,0.0,46.0,14.5
2026-04-03 01:00:00+00:00,177,1,0.0,5.8,0.1,45.625,14.8125
2026-04-03 01:00:00+00:00,194,1,0.0,7.4,0.0,46.5,15.0625
2026-04-03 01:00:00+00:00,236,1,0.0,9.1,0.0,45.8125,15.1875
2026-04-03 01:00:00+00:00,325,1,0.0,9.3,0.0,46.5625,15.625
2026-04-03 01:00:00+00:00,391,1,0.0,8.0,0.0,46.6875,16.0625
2026-04-03 01:00:00+00:00,422,1,0.0,8.0,0.0,46.25,15.25
2026-04-03 01:00:00+00:00,425,1,0.0,10.6,0.1,45.9375,15.5
2026-04-03 01:00:00+00:00,426,1,0.0,11.8,0.0,45.5625,13.75
2026-04-03 02:00:00+00:00,63,2,0.0,5.7,0.0,46.375,14.0625
2026-04-03 02:00:00+00:00,76,2,0.0,7.4,0.0,46.3125,14.1875
2026-04-03 02:00:00+00:00,106,2,0.0,7.5,0.0,46.25,14.375
2026-04-03 02:00:00+00:00,122,2,0.0,7.1,0.0,46.0,14.4375
2026-04-03 02:00:00+00:00,127,2,0.0,7.6,0.0,46.125,14.5
2026-04-03 02:00:00+00:00,129,2,0.0,7.2,0.0,46.0,14.5
2026-04-03 02:00:00+00:00,177,2,0.0,5.7,0.1,45.625,14.8125
2026-04-03 02:00:00+00:00,194,2,0.0,6.9,0.0,46.5,15.0625
2026-04-03 02:00:00+00:00,236,2,0.0,8.9,0.1,45.8125,15.1875
2026-04-03 02:00:00+00:00,325,2,0.0,9.4,0.0,46.5625,15.625
2026-04-03 02:00:00+00:00,391,2,0.0,7.8,0.0,46.6875,16.0625
2026-04-03 02:00:00+00:00,422,2,0.0,7.9,0.0,46.25,15.25
2026-04-03 02:00:00+00:00,425,2,0.0,10.5,0.0,45.9375,15.5
2026-04-03 02:00:00+00:00,426,2,0.0,11.3,0.0,45.5625,13.75
2026-04-03 03:00:00+00:00,63,3,0.0,5.2,0.0,46.375,14.0625
2026-04-03 03:00:00+00:00,76,3,0.0,7.1,0.0,46.3125,14.1875
2026-04-03 03:00:00+00:00,106,3,0.0,7.4,0.0,46.25,14.375
2026-04-03 03:00:00+00:00,122,3,0.0,7.4,0.0,46.0,14.4375
2026-04-03 03:00:00+00:00,127,3,0.0,7.2,0.0,46.125,14.5
2026-04-03 03:00:00+00:00,129,3,0.0,7.4,0.0,46.0,14.5
2026-04-03 03:00:00+00:00,177,3,0.0,5.5,0.1,45.625,14.8125
2026-04-03 03:00:00+00:00,194,3,0.0,6.5,0.0,46.5,15.0625
2026-04-03 03:00:00+00:00,236,3,0.0,8.4,0.0,45.8125,15.1875
2026-04-03 03:00:00+00:00,325,3,0.0,9.4,0.0,46.5625,15.625
2026-04-03 03:00:00+00:00,391,3,0.0,7.6,0.0,46.6875,16.0625
2026-04-03 03:00:00+00:00,422,3,0.0,7.6,0.0,46.25,15.25
2026-04-03 03:00:00+00:00,425,3,0.0,10.4,0.2,45.9375,15.5
2026-04-03 03:00:00+00:00,426,3,0.0,11.0,0.0,45.5625,13.75
2026-04-03 04:00:00+00:00,63,1,0.0,5.1,0.0,46.375,14.0625
2026-04-03 04:00:00+00:00,76,1,0.0,6.7,0.0,46.3125,14.1875
2026-04-03 04:00:00+00:00,106,1,0.0,6.9,0.0,46.25,14.375
2026-04-03 04:00:00+00:00,122,1,0.0,7.0,0.0,46.0,14.4375
2026-04-03 04:00:00+00:00,127,1,0.0,7.5,0.0,46.125,14.5
2026-04-03 04:00:00+00:00,129,1,0.0,7.0,0.0,46.0,14.5
2026-04-03 04:00:00+00:00,177,1,0.0,4.7,0.1,45.625,14.8125
2026-04-03 04:00:00+00:00,194,1,0.0,6.0,0.0,46.5,15.0625
2026-04-03 04:00:00+00:00,236,1,0.0,8.1,0.0,45.8125,15.1875
2026-04-03 04:00:00+00:00,325,1,0.0,9.2,0.0,46.5625,15.625
2026-04-03 04:00:00+00:00,391,1,0.0,7.1,0.0,46.6875,16.0625
2026-04-03 04:00:00+00:00,422,1,0.0,7.2,0.0,46.25,15.25
2026-04-03 04:00:00+00:00,425,1,0.0,10.1,0.0,45.9375,15.5
2026-04-03 04:00:00+00:00,426,1,0.0,11.4,0.0,45.5625,13.75
2026-04-03 05:00:00+00:00,63,2,2.0,4.4,0.0,46.375,14.0625
2026-04-03 05:00:00+00:00,76,2,2.0,6.5,0.0,46.3125,14.1875
2026-04-03 05:00:00+00:00,106,2,2.0,6.5,0.0,46.25,14.375
2026-04-03 05:00:00+00:00,122,2,2.0,6.6,0.0,46.0,14.4375
2026-04-03 05:00:00+00:00,127,2,2.0,7.0,0.0,46.125,14.5
2026-04-03 05:00:00+00:00,129,2,2.0,6.5,0.0,46.0,14.5
2026-04-03 05:00:00+00:00,177,2,2.0,4.4,0.1,45.625,14.8125
2026-04-03 05:00:00+00:00,194,2,4.0,5.7,0.0,46.5,15.0625
2026-04-03 05:00:00+00:00,236,2,3.0,7.4,0.0,45.8125,15.1875
2026-04-03 05:00:00+00:00,325,2,4.0,9.1,0.0,46.5625,15.625
2026-04-03 05:00:00+00:00,391,2,6.0,6.8,0.0,46.6875,16.0625
2026-04-03 05:00:00+00:00,422,2,5.0,7.0,0.0,46.25,15.25
2026-04-03 05:00:00+00:00,425,2,4.0,9.7,0.0,45.9375,15.5
2026-04-03 05:00:00+00:00,426,2,2.0,11.2,0.0,45.5625,13.75
2026-04-03 06:00:00+00:00,63,3,78.0,5.2,0.0,46.375,14.0625
2026-04-03 06:00:00+00:00,63,6,72.0,5.4,0.0,46.375,14.0625
2026-04-03 06:00:00+00:00,76,3,81.0,7.7,0.0,46.3125,14.1875
2026-04-03 06:00:00+00:00,76,6,75.0,7.9,0.0,46.3125,14.1875
2026-04-03 06:00:00+00:00,106,3,83.0,7.5,0.0,46.25,14.375
2026-04-03 06:00:00+00:00,106,6,80.0,7.9,0.0,46.25,14.375
2026-04-03 06:00:00+00:00,122,3,86.0,7.3,0.0,46.0,14.4375
2026-04-03 06:00:00+00:00,122,6,82.0,7.4,0.0,46.0,14.4375
2026-04-03 06:00:00+00:00,127,3,87.0,7.0,0.0,46.125,14.5
2026-04-03 06:00:00+00:00,127,6,85.0,6.7,0.0,46.125,14.5
2026-04-03 06:00:00+00:00,129,3,88.0,7.2,0.0,46.0,14.5
2026-04-03 06:00:00+00:00,129,6,81.0,7.7,0.0,46.0,14.5
2026-04-03 06:00:00+00:00,177,3,63.0,5.8,0.0,45.625,14.8125
2026-04-03 06:00:00+00:00,177,6,55.0,6.0,0.1,45.625,14.8125
2026-04-03 06:00:00+00:00,194,3,87.0,6.7,0.0,46.5,15.0625
2026-04-03 06:00:00+00:00,194,6,83.0,6.7,0.0,46.5,15.0625
2026-04-03 06:00:00+00:00,236,3,81.0,7.4,0.0,45.8125,15.1875
2026-04-03 06:00:00+00:00,236,6,66.0,7.6,0.0,45.8125,15.1875
2026-04-03 06:00:00+00:00,325,3,83.0,9.5,0.0,46.5625,15.625
2026-04-03 06:00:00+00:00,325,6,63.0,9.7,0.0,46.5625,15.625
2026-04-03 06:00:00+00:00,391,3,86.0,7.9,0.0,46.6875,16.0625
2026-04-03 06:00:00+00:00,391,6,74.0,8.4,0.0,46.6875,16.0625
2026-04-03 06:00:00+00:00,422,3,91.0,7.8,0.0,46.25,15.25
2026-04-03 06:00:00+00:00,422,6,87.0,7.9,0.0,46.25,15.25
2026-04-03 06:00:00+00:00,425,3,79.0,10.5,0.0,45.9375,15.5
2026-04-03 06:00:00+00:00,425,6,61.0,10.6,0.0,45.9375,15.5
2026-04-03 06:00:00+00:00,426,3,78.0,10.9,0.0,45.5625,13.75
2026-04-03 06:00:00+00:00,426,6,69.0,11.2,0.0,45.5625,13.75
2026-04-03 07:00:00+00:00,63,1,240.0,8.1,0.0,46.375,14.0625
2026-04-03 07:00:00+00:00,76,1,233.0,9.2,0.0,46.3125,14.1875
2026-04-03 07:00:00+00:00,106,1,230.0,9.7,0.0,46.25,14.375
2026-04-03 07:00:00+00:00,122,1,240.0,9.5,0.0,46.0,14.4375
2026-04-03 07:00:00+00:00,127,1,225.0,8.7,0.0,46.125,14.5
2026-04-03 07:00:00+00:00,129,1,239.0,9.5,0.0,46.0,14.5
2026-04-03 07:00:00+00:00,177,1,207.0,7.5,0.0,45.625,14.8125
2026-04-03 07:00:00+00:00,194,1,221.0,8.8,0.0,46.5,15.0625
2026-04-03 07:00:00+00:00,236,1,202.0,9.5,0.0,45.8125,15.1875
2026-04-03 07:00:00+00:00,325,1,198.0,10.5,0.0,46.5625,15.625
2026-04-03 07:00:00+00:00,391,1,186.0,9.6,0.0,46.6875,16.0625
2026-04-03 07:00:00+00:00,422,1,228.0,9.7,0.0,46.25,15.25
2026-04-03 07:00:00+00:00,425,1,208.0,11.7,0.0,45.9375,15.5
2026-04-03 07:00:00+00:00,426,1,236.0,12.1,0.0,45.5625,13.75
2026-04-03 08:00:00+00:00,63,2,406.0,9.5,0.0,46.375,14.0625
2026-04-03 08:00:00+00:00,76,2,416.0,10.5,0.0,46.3125,14.1875
2026-04-03 08:00:00+00:00,106,2,393.0,12.0,0.0,46.25,14.375
2026-04-03 08:00:00+00:00,122,2,374.0,11.9,0.0,46.0,14.4375
2026-04-03 08:00:00+00:00,127,2,363.0,10.9,0.0,46.125,14.5
2026-04-03 08:00:00+00:00,129,2,381.0,11.9,0.0,46.0,14.5
2026-04-03 08:00:00+00:00,177,2,332.0,8.5,0.0,45.625,14.8125
2026-04-03 08:00:00+00:00,194,2,351.0,10.3,0.0,46.5,15.0625
2026-04-03 08:00:00+00:00,236,2,335.0,11.6,0.0,45.8125,15.1875
2026-04-03 08:00:00+00:00,325,2,298.0,11.3,0.0,46.5625,15.625
2026-04-03 08:00:00+00:00,391,2,312.0,11.3,0.0,46.6875,16.0625
2026-04-03 08:00:00+00:00,422,2,340.0,11.8,0.0,46.25,15.25
2026-04-03 08:00:00+00:00,425,2,297.0,12.6,0.0,45.9375,15.5
2026-04-03 08:00:00+00:00,426,2,395.0,14.3,0.0,45.5625,13.75
2026-04-03 09:00:00+00:00,63,3,538.0,10.4,0.0,46.375,14.0625
2026-04-03 09:00:00+00:00,63,6,544.0,10.4,0.0,46.375,14.0625
2026-04-03 09:00:00+00:00,76,3,547.0,11.5,0.0,46.3125,14.1875
2026-04-03 09:00:00+00:00,76,6,548.0,11.4,0.0,46.3125,14.1875
2026-04-03 09:00:00+00:00,106,3,567.0,13.4,0.0,46.25,14.375
2026-04-03 09:00:00+00:00,106,6,575.0,13.4,0.0,46.25,14.375
2026-04-03 09:00:00+00:00,122,3,535.0,13.5,0.0,46.0,14.4375
2026-04-03 09:00:00+00:00,122,6,562.0,13.6,0.0,46.0,14.4375
2026-04-03 09:00:00+00:00,127,3,542.0,12.9,0.0,46.125,14.5
2026-04-03 09:00:00+00:00,127,6,572.0,12.8,0.0,46.125,14.5
2026-04-03 09:00:00+00:00,129,3,532.0,13.5,0.0,46.0,14.5
2026-04-03 09:00:00+00:00,129,6,553.0,13.6,0.0,46.0,14.5
2026-04-03 09:00:00+00:00,177,3,417.0,9.4,0.0,45.625,14.8125
2026-04-03 09:00:00+00:00,177,6,444.0,9.5,0.0,45.625,14.8125
2026-04-03 09:00:00+00:00,194,3,522.0,11.7,0.0,46.5,15.0625
2026-04-03 09:00:00+00:00,194,6,533.0,11.7,0.0,46.5,15.0625
2026-04-03 09:00:00+00:00,236,3,459.0,13.1,0.0,45.8125,15.1875
2026-04-03 09:00:00+00:00,236,6,481.0,13.2,0.0,45.8125,15.1875
2026-04-03 09:00:00+00:00,325,3,417.0,12.5,0.0,46.5625,15.625
2026-04-03 09:00:00+00:00,325,6,470.0,12.7,0.0,46.5625,15.625
2026-04-03 09:00:00+00:00,391,3,411.0,12.6,0.0,46.6875,16.0625
2026-04-03 09:00:00+00:00,391,6,440.0,12.6,0.0,46.6875,16.0625
2026-04-03 09:00:00+00:00,422,3,415.0,13.0,0.0,46.25,15.25
2026-04-03 09:00:00+00:00,422,6,510.0,13.4,0.0,46.25,15.25
2026-04-03 09:00:00+00:00,425,3,354.0,13.3,0.0,45.9375,15.5
2026-04-03 09:00:00+00:00,425,6,416.0,13.5,0.0,45.9375,15.5
2026-04-03 09:00:00+00:00,426,3,508.0,15.6,0.0,45.5625,13.75
2026-04-03 09:00:00+00:00,426,6,545.0,15.9,0.0,45.5625,13.75
2026-04-03 10:00:00+00:00,63,1,691.0,11.8,0.0,46.375,14.0625
2026-04-03 10:00:00+00:00,76,1,671.0,12.7,0.0,46.3125,14.1875
2026-04-03 10:00:00+00:00,106,1,668.0,14.5,0.0,46.25,14.375
2026-04-03 10:00:00+00:00,122,1,681.0,14.8,0.0,46.0,14.4375
2026-04-03 10:00:00+00:00,127,1,671.0,14.3,0.0,46.125,14.5
2026-04-03 10:00:00+00:00,129,1,675.0,14.8,0.0,46.0,14.5
2026-04-03 10:00:00+00:00,177,1,469.0,10.1,0.0,45.625,14.8125
2026-04-03 10:00:00+00:00,194,1,662.0,13.0,0.0,46.5,15.0625
2026-04-03 10:00:00+00:00,236,1,484.0,14.4,0.0,45.8125,15.1875
2026-04-03 10:00:00+00:00,325,1,605.0,14.1,0.0,46.5625,15.625
2026-04-03 10:00:00+00:00,391,1,540.0,14.1,0.0,46.6875,16.0625
2026-04-03 10:00:00+00:00,422,1,594.0,15.1,0.0,46.25,15.25
2026-04-03 10:00:00+00:00,425,1,466.0,14.3,0.0,45.9375,15.5
2026-04-03 10:00:00+00:00,426,1,696.0,17.8,0.0,45.5625,13.75
2026-04-03 11:00:00+00:00,63,2,777.0,12.9,0.0,46.375,14.0625
2026-04-03 11:00:00+00:00,76,2,774.0,13.9,0.0,46.3125,14.1875
2026-04-03 11:00:00+00:00,106,2,761.0,15.6,0.0,46.25,14.375
2026-04-03 11:00:00+00:00,122,2,719.0,15.7,0.0,46.0,14.4375
2026-04-03 11:00:00+00:00,127,2,716.0,15.3,0.0,46.125,14.5
2026-04-03 11:00:00+00:00,129,2,709.0,15.8,0.0,46.0,14.5
2026-04-03 11:00:00+00:00,177,2,542.0,11.0,0.0,45.625,14.8125
2026-04-03 11:00:00+00:00,194,2,655.0,14.0,0.0,46.5,15.0625
2026-04-03 11:00:00+00:00,236,2,639.0,15.5,0.0,45.8125,15.1875
2026-04-03 11:00:00+00:00,325,2,706.0,15.1,0.0,46.5625,15.625
2026-04-03 11:00:00+00:00,391,2,649.0,15.2,0.0,46.6875,16.0625
2026-04-03 11:00:00+00:00,422,2,687.0,16.2,0.0,46.25,15.25
2026-04-03 11:00:00+00:00,425,2,571.0,15.3,0.0,45.9375,15.5
2026-04-03 11:00:00+00:00,426,2,741.0,18.6,0.0,45.5625,13.75
2026-04-03 12:00:00+00:00,63,3,785.0,13.6,0.0,46.375,14.0625
2026-04-03 12:00:00+00:00,63,6,782.0,13.3,0.0,46.375,14.0625
2026-04-03 12:00:00+00:00,76,3,784.0,14.7,0.0,46.3125,14.1875
2026-04-03 12:00:00+00:00,76,6,783.0,14.4,0.0,46.3125,14.1875
2026-04-03 12:00:00+00:00,106,3,780.0,16.5,0.0,46.25,14.375
2026-04-03 12:00:00+00:00,106,6,782.0,16.2,0.0,46.25,14.375
2026-04-03 12:00:00+00:00,122,3,738.0,16.7,0.0,46.0,14.4375
2026-04-03 12:00:00+00:00,122,6,719.0,16.5,0.0,46.0,14.4375
2026-04-03 12:00:00+00:00,127,3,703.0,16.1,0.0,46.125,14.5
2026-04-03 12:00:00+00:00,127,6,723.0,15.9,0.0,46.125,14.5
2026-04-03 12:00:00+00:00,129,3,711.0,16.8,0.0,46.0,14.5
2026-04-03 12:00:00+00:00,129,6,682.0,16.7,0.0,46.0,14.5
2026-04-03 12:00:00+00:00,177,3,618.0,11.9,0.0,45.625,14.8125
2026-04-03 12:00:00+00:00,177,6,655.0,11.8,0.0,45.625,14.8125
2026-04-03 12:00:00+00:00,194,3,646.0,14.7,0.0,46.5,15.0625
2026-04-03 12:00:00+00:00,194,6,685.0,14.6,0.0,46.5,15.0625
2026-04-03 12:00:00+00:00,236,3,691.0,16.2,0.0,45.8125,15.1875
2026-04-03 12:00:00+00:00,236,6,667.0,15.8,0.0,45.8125,15.1875
2026-04-03 12:00:00+00:00,325,3,728.0,15.9,0.0,46.5625,15.625
2026-04-03 12:00:00+00:00,325,6,704.0,15.5,0.0,46.5625,15.625
2026-04-03 12:00:00+00:00,391,3,689.0,16.0,0.0,46.6875,16.0625
2026-04-03 12:00:00+00:00,391,6,677.0,15.6,0.0,46.6875,16.0625
2026-04-03 12:00:00+00:00,422,3,710.0,16.9,0.0,46.25,15.25
2026-04-03 12:00:00+00:00,422,6,689.0,16.5,0.0,46.25,15.25
2026-04-03 12:00:00+00:00,425,3,634.0,16.0,0.0,45.9375,15.5
2026-04-03 12:00:00+00:00,425,6,668.0,15.8,0.0,45.9375,15.5
2026-04-03 12:00:00+00:00,426,3,763.0,19.2,0.0,45.5625,13.75
2026-04-03 12:00:00+00:00,426,6,758.0,18.9,0.0,45.5625,13.75
2026-04-03 13:00:00+00:00,63,1,740.0,14.3,0.0,46.375,14.0625
2026-04-03 13:00:00+00:00,76,1,735.0,15.3,0.0,46.3125,14.1875
2026-04-03 13:00:00+00:00,106,1,730.0,17.0,0.0,46.25,14.375
2026-04-03 13:00:00+00:00,122,1,626.0,17.5,0.0,46.0,14.4375
2026-04-03 13:00:00+00:00,127,1,610.0,16.8,0.0,46.125,14.5
2026-04-03 13:00:00+00:00,129,1,591.0,17.8,0.0,46.0,14.5
2026-04-03 13:00:00+00:00,177,1,629.0,12.4,0.0,45.625,14.8125
2026-04-03 13:00:00+00:00,194,1,624.0,15.3,0.0,46.5,15.0625
2026-04-03 13:00:00+00:00,236,1,641.0,16.5,0.0,45.8125,15.1875
2026-04-03 13:00:00+00:00,325,1,699.0,16.5,0.0,46.5625,15.625
2026-04-03 13:00:00+00:00,391,1,673.0,16.5,0.0,46.6875,16.0625
2026-04-03 13:00:00+00:00,422,1,718.0,17.4,0.0,46.25,15.25
2026-04-03 13:00:00+00:00,425,1,625.0,16.6,0.0,45.9375,15.5
2026-04-03 13:00:00+00:00,426,1,729.0,19.4,0.0,45.5625,13.75
2026-04-03 14:00:00+00:00,63,2,625.0,14.2,0.0,46.375,14.0625
2026-04-03 14:00:00+00:00,76,2,640.0,15.2,0.0,46.3125,14.1875
2026-04-03 14:00:00+00:00,106,2,626.0,17.0,0.0,46.25,14.375
2026-04-03 14:00:00+00:00,122,2,542.0,17.5,0.0,46.0,14.4375
2026-04-03 14:00:00+00:00,127,2,491.0,17.2,0.0,46.125,14.5
2026-04-03 14:00:00+00:00,129,2,535.0,17.7,0.0,46.0,14.5
2026-04-03 14:00:00+00:00,177,2,514.0,12.4,0.0,45.625,14.8125
2026-04-03 14:00:00+00:00,194,2,538.0,15.1,0.0,46.5,15.0625
2026-04-03 14:00:00+00:00,236,2,608.0,16.6,0.0,45.8125,15.1875
2026-04-03 14:00:00+00:00,325,2,577.0,16.5,0.0,46.5625,15.625
2026-04-03 14:00:00+00:00,391,2,538.0,16.5,0.0,46.6875,16.0625
2026-04-03 14:00:00+00:00,422,2,615.0,17.5,0.0,46.25,15.25
2026-04-03 14:00:00+00:00,425,2,598.0,16.9,0.0,45.9375,15.5
2026-04-03 14:00:00+00:00,426,2,590.0,18.5,0.0,45.5625,13.75
2026-04-03 15:00:00+00:00,63,3,470.0,13.6,0.0,46.375,14.0625
2026-04-03 15:00:00+00:00,63,6,471.0,13.4,0.0,46.375,14.0625
2026-04-03 15:00:00+00:00,76,3,494.0,14.7,0.0,46.3125,14.1875
2026-04-03 15:00:00+00:00,76,6,491.0,14.4,0.0,46.3125,14.1875
2026-04-03 15:00:00+00:00,106,3,476.0,16.6,0.0,46.25,14.375
2026-04-03 15:00:00+00:00,106,6,477.0,16.3,0.0,46.25,14.375
2026-04-03 15:00:00+00:00,122,3,397.0,17.0,0.0,46.0,14.4375
2026-04-03 15:00:00+00:00,122,6,389.0,17.0,0.0,46.0,14.4375
2026-04-03 15:00:00+00:00,127,3,382.0,16.9,0.0,46.125,14.5
2026-04-03 15:00:00+00:00,127,6,398.0,17.0,0.0,46.125,14.5
2026-04-03 15:00:00+00:00,129,3,387.0,17.0,0.0,46.0,14.5
2026-04-03 15:00:00+00:00,129,6,375.0,17.1,0.0,46.0,14.5
2026-04-03 15:00:00+00:00,177,3,442.0,12.2,0.0,45.625,14.8125
2026-04-03 15:00:00+00:00,177,6,416.0,12.1,0.0,45.625,14.8125
2026-04-03 15:00:00+00:00,194,3,416.0,14.5,0.0,46.5,15.0625
2026-04-03 15:00:00+00:00,194,6,370.0,14.4,0.0,46.5,15.0625
2026-04-03 15:00:00+00:00,236,3,469.0,16.3,0.0,45.8125,15.1875
2026-04-03 15:00:00+00:00,236,6,468.0,16.3,0.0,45.8125,15.1875
2026-04-03 15:00:00+00:00,325,3,406.0,15.9,0.0,46.5625,15.625
2026-04-03 15:00:00+00:00,325,6,400.0,15.8,0.0,46.5625,15.625
2026-04-03 15:00:00+00:00,391,3,382.0,15.9,0.0,46.6875,16.0625
2026-04-03 15:00:00+00:00,391,6,404.0,15.9,0.0,46.6875,16.0625
2026-04-03 15:00:00+00:00,422,3,459.0,17.0,0.0,46.25,15.25
2026-04-03 15:00:00+00:00,422,6,457.0,16.9,0.0,46.25,15.25
2026-04-03 15:00:00+00:00,425,3,463.0,16.7,0.0,45.9375,15.5
2026-04-03 15:00:00+00:00,425,6,461.0,16.6,0.0,45.9375,15.5
2026-04-03 15:00:00+00:00,426,3,471.0,17.4,0.0,45.5625,13.75
2026-04-03 15:00:00+00:00,426,6,460.0,17.3,0.0,45.5625,13.75
2026-04-03 16:00:00+00:00,63,1,308.0,12.8,0.0,46.375,14.0625
2026-04-03 16:00:00+00:00,76,1,309.0,13.9,0.0,46.3125,14.1875
2026-04-03 16:00:00+00:00,106,1,301.0,16.1,0.0,46.25,14.375
2026-04-03 16:00:00+00:00,122,1,247.0,16.3,0.0,46.0,14.4375
2026-04-03 16:00:00+00:00,127,1,212.0,16.1,0.0,46.125,14.5
2026-04-03 16:00:00+00:00,129,1,267.0,16.6,0.0,46.0,14.5
2026-04-03 16:00:00+00:00,177,1,272.0,11.7,0.0,45.625,14.8125
2026-04-03 16:00:00+00:00,194,1,283.0,13.7,0.0,46.5,15.0625
2026-04-03 16:00:00+00:00,236,1,269.0,15.8,0.0,45.8125,15.1875
2026-04-03 16:00:00+00:00,325,1,247.0,15.3,0.0,46.5625,15.625
2026-04-03 16:00:00+00:00,391,1,253.0,15.3,0.0,46.6875,16.0625
2026-04-03 16:00:00+00:00,422,1,272.0,16.5,0.0,46.25,15.25
2026-04-03 16:00:00+00:00,425,1,277.0,16.3,0.0,45.9375,15.5
2026-04-03 16:00:00+00:00,426,1,296.0,17.4,0.0,45.5625,13.75
2026-04-03 17:00:00+00:00,63,2,127.0,11.7,0.0,46.375,14.0625
2026-04-03 17:00:00+00:00,76,2,125.0,12.9,0.0,46.3125,14.1875
2026-04-03 17:00:00+00:00,106,2,122.0,15.1,0.0,46.25,14.375
2026-04-03 17:00:00+00:00,122,2,111.0,15.3,0.0,46.0,14.4375
2026-04-03 17:00:00+00:00,127,2,98.0,15.0,0.0,46.125,14.5
2026-04-03 17:00:00+00:00,129,2,110.0,15.7,0.0,46.0,14.5
2026-04-03 17:00:00+00:00,177,2,107.0,10.8,0.0,45.625,14.8125
2026-04-03 17:00:00+00:00,194,2,111.0,12.5,0.0,46.5,15.0625
2026-04-03 17:00:00+00:00,236,2,108.0,15.2,0.0,45.8125,15.1875
2026-04-03 17:00:00+00:00,325,2,97.0,14.1,0.0,46.5625,15.625
2026-04-03 17:00:00+00:00,391,2,98.0,14.3,0.0,46.6875,16.0625
2026-04-03 17:00:00+00:00,422,2,105.0,15.3,0.0,46.25,15.25
2026-04-03 17:00:00+00:00,425,2,103.0,15.8,0.0,45.9375,15.5
2026-04-03 17:00:00+00:00,426,2,112.0,16.6,0.0,45.5625,13.75
2026-04-03 18:00:00+00:00,63,3,10.0,9.7,0.0,46.375,14.0625
2026-04-03 18:00:00+00:00,63,6,10.0,9.3,0.0,46.375,14.0625
2026-04-03 18:00:00+00:00,76,3,10.0,10.2,0.0,46.3125,14.1875
2026-04-03 18:00:00+00:00,76,6,10.0,10.0,0.0,46.3125,14.1875
2026-04-03 18:00:00+00:00,106,3,9.0,12.9,0.0,46.25,14.375
2026-04-03 18:00:00+00:00,106,6,8.0,12.2,0.0,46.25,14.375
2026-04-03 18:00:00+00:00,122,3,8.0,12.8,0.0,46.0,14.4375
2026-04-03 18:00:00+00:00,122,6,8.0,12.8,0.0,46.0,14.4375
2026-04-03 18:00:00+00:00,127,3,8.0,13.0,0.0,46.125,14.5
2026-04-03 18:00:00+00:00,127,6,8.0,12.6,0.0,46.125,14.5
2026-04-03 18:00:00+00:00,129,3,8.0,12.9,0.0,46.0,14.5
2026-04-03 18:00:00+00:00,129,6,8.0,12.9,0.0,46.0,14.5
2026-04-03 18:00:00+00:00,177,3,7.0,8.6,0.0,45.625,14.8125
2026-04-03 18:00:00+00:00,177,6,7.0,8.5,0.0,45.625,14.8125
2026-04-03 18:00:00+00:00,194,3,7.0,10.9,0.0,46.5,15.0625
2026-04-03 18:00:00+00:00,194,6,6.0,10.8,0.0,46.5,15.0625
2026-04-03 18:00:00+00:00,236,3,7.0,12.8,0.0,45.8125,15.1875
2026-04-03 18:00:00+00:00,236,6,6.0,12.5,0.0,45.8125,15.1875
2026-04-03 18:00:00+00:00,325,3,5.0,12.4,0.0,46.5625,15.625
2026-04-03 18:00:00+00:00,325,6,5.0,12.3,0.0,46.5625,15.625
2026-04-03 18:00:00+00:00,391,3,5.0,12.2,0.0,46.6875,16.0625
2026-04-03 18:00:00+00:00,391,6,5.0,12.1,0.0,46.6875,16.0625
2026-04-03 18:00:00+00:00,422,3,7.0,13.9,0.0,46.25,15.25
2026-04-03 18:00:00+00:00,422,6,6.0,13.5,0.0,46.25,15.25
2026-04-03 18:00:00+00:00,425,3,5.0,13.6,0.0,45.9375,15.5
2026-04-03 18:00:00+00:00,425,6,5.0,13.3,0.0,45.9375,15.5
2026-04-03 18:00:00+00:00,426,3,9.0,15.1,0.0,45.5625,13.75
2026-04-03 18:00:00+00:00,426,6,9.0,15.0,0.0,45.5625,13.75
2026-04-03 19:00:00+00:00,63,1,0.0,8.7,0.0,46.375,14.0625
2026-04-03 19:00:00+00:00,76,1,0.0,8.9,0.0,46.3125,14.1875
2026-04-03 19:00:00+00:00,106,1,0.0,11.4,0.0,46.25,14.375
2026-04-03 19:00:00+00:00,122,1,0.0,11.9,0.0,46.0,14.4375
2026-04-03 19:00:00+00:00,127,1,0.0,11.9,0.0,46.125,14.5
2026-04-03 19:00:00+00:00,129,1,0.0,11.3,0.0,46.0,14.5
2026-04-03 19:00:00+00:00,177,1,0.0,7.9,0.0,45.625,14.8125
2026-04-03 19:00:00+00:00,194,1,0.0,10.0,0.0,46.5,15.0625
2026-04-03 19:00:00+00:00,236,1,0.0,11.2,0.0,45.8125,15.1875
2026-04-03 19:00:00+00:00,325,1,0.0,11.4,0.0,46.5625,15.625
2026-04-03 19:00:00+00:00,391,1,0.0,10.9,0.0,46.6875,16.0625
2026-04-03 19:00:00+00:00,422,1,0.0,12.3,0.0,46.25,15.25
2026-04-03 19:00:00+00:00,425,1,0.0,12.5,0.0,45.9375,15.5
2026-04-03 19:00:00+00:00,426,1,0.0,13.6,0.0,45.5625,13.75
2026-04-03 20:00:00+00:00,63,2,0.0,7.5,0.0,46.375,14.0625
2026-04-03 20:00:00+00:00,76,2,0.0,8.1,0.0,46.3125,14.1875
2026-04-03 20:00:00+00:00,106,2,0.0,10.5,0.0,46.25,14.375
2026-04-03 20:00:00+00:00,122,2,0.0,10.5,0.0,46.0,14.4375
2026-04-03 20:00:00+00:00,127,2,0.0,11.1,0.0,46.125,14.5
2026-04-03 20:00:00+00:00,129,2,0.0,9.8,0.0,46.0,14.5
2026-04-03 20:00:00+00:00,177,2,0.0,7.1,0.0,45.625,14.8125
2026-04-03 20:00:00+00:00,194,2,0.0,9.1,0.0,46.5,15.0625
2026-04-03 20:00:00+00:00,236,2,0.0,10.3,0.0,45.8125,15.1875
2026-04-03 20:00:00+00:00,325,2,0.0,10.2,0.0,46.5625,15.625
2026-04-03 20:00:00+00:00,391,2,0.0,9.7,0.0,46.6875,16.0625
2026-04-03 20:00:00+00:00,422,2,0.0,11.0,0.0,46.25,15.25
2026-04-03 20:00:00+00:00,425,2,0.0,11.6,0.0,45.9375,15.5
2026-04-03 20:00:00+00:00,426,2,0.0,12.8,0.0,45.5625,13.75
2026-04-03 21:00:00+00:00,63,3,0.0,5.9,0.0,46.375,14.0625
2026-04-03 21:00:00+00:00,63,6,0.0,5.3,0.0,46.375,14.0625
2026-04-03 21:00:00+00:00,76,3,0.0,7.5,0.0,46.3125,14.1875
2026-04-03 21:00:00+00:00,76,6,0.0,7.3,0.0,46.3125,14.1875
2026-04-03 21:00:00+00:00,106,3,0.0,9.4,0.0,46.25,14.375
2026-04-03 21:00:00+00:00,106,6,0.0,9.0,0.0,46.25,14.375
2026-04-03 21:00:00+00:00,122,3,0.0,9.3,0.0,46.0,14.4375
2026-04-03 21:00:00+00:00,122,6,0.0,9.3,0.0,46.0,14.4375
2026-04-03 21:00:00+00:00,127,3,0.0,9.7,0.0,46.125,14.5
2026-04-03 21:00:00+00:00,127,6,0.0,9.6,0.0,46.125,14.5
2026-04-03 21:00:00+00:00,129,3,0.0,8.1,0.0,46.0,14.5
2026-04-03 21:00:00+00:00,129,6,0.0,8.3,0.0,46.0,14.5
2026-04-03 21:00:00+00:00,177,3,0.0,6.2,0.0,45.625,14.8125
2026-04-03 21:00:00+00:00,177,6,0.0,6.6,0.0,45.625,14.8125
2026-04-03 21:00:00+00:00,194,3,0.0,8.3,0.0,46.5,15.0625
2026-04-03 21:00:00+00:00,194,6,0.0,8.2,0.0,46.5,15.0625
2026-04-03 21:00:00+00:00,236,3,0.0,9.5,0.0,45.8125,15.1875
2026-04-03 21:00:00+00:00,236,6,0.0,9.4,0.0,45.8125,15.1875
2026-04-03 21:00:00+00:00,325,3,0.0,9.6,0.0,46.5625,15.625
2026-04-03 21:00:00+00:00,325,6,0.0,9.4,0.0,46.5625,15.625
2026-04-03 21:00:00+00:00,391,3,0.0,9.0,0.0,46.6875,16.0625
2026-04-03 21:00:00+00:00,391,6,0.0,9.1,0.0,46.6875,16.0625
2026-04-03 21:00:00+00:00,422,3,0.0,10.1,0.0,46.25,15.25
2026-04-03 21:00:00+00:00,422,6,0.0,9.8,0.0,46.25,15.25
2026-04-03 21:00:00+00:00,425,3,0.0,10.8,0.0,45.9375,15.5
2026-04-03 21:00:00+00:00,425,6,0.0,10.7,0.0,45.9375,15.5
2026-04-03 21:00:00+00:00,426,3,0.0,11.8,0.0,45.5625,13.75
2026-04-03 21:00:00+00:00,426,6,0.0,11.6,0.0,45.5625,13.75
2026-04-03 22:00:00+00:00,63,1,0.0,4.6,0.0,46.375,14.0625
2026-04-03 22:00:00+00:00,76,1,0.0,6.7,0.0,46.3125,14.1875
2026-04-03 22:00:00+00:00,106,1,0.0,8.2,0.0,46.25,14.375
2026-04-03 22:00:00+00:00,122,1,0.0,7.9,0.0,46.0,14.4375
2026-04-03 22:00:00+00:00,127,1,0.0,8.2,0.0,46.125,14.5
2026-04-03 22:00:00+00:00,129,1,0.0,6.6,0.0,46.0,14.5
2026-04-03 22:00:00+00:00,177,1,0.0,5.9,0.0,45.625,14.8125
2026-04-03 22:00:00+00:00,194,1,0.0,7.5,0.0,46.5,15.0625
2026-04-03 22:00:00+00:00,236,1,0.0,9.0,0.0,45.8125,15.1875
2026-04-03 22:00:00+00:00,325,1,0.0,8.4,0.0,46.5625,15.625
2026-04-03 22:00:00+00:00,391,1,0.0,8.0,0.0,46.6875,16.0625
2026-04-03 22:00:00+00:00,422,1,0.0,8.8,0.0,46.25,15.25
2026-04-03 22:00:00+00:00,425,1,0.0,9.5,0.0,45.9375,15.5
2026-04-03 22:00:00+00:00,426,1,0.0,11.3,0.0,45.5625,13.75
2026-04-03 23:00:00+00:00,63,2,0.0,4.0,0.0,46.375,14.0625
2026-04-03 23:00:00+00:00,76,2,0.0,6.3,0.0,46.3125,14.1875
2026-04-03 23:00:00+00:00,106,2,0.0,7.5,0.0,46.25,14.375
2026-04-03 23:00:00+00:00,122,2,0.0,7.0,0.0,46.0,14.4375
2026-04-03 23:00:00+00:00,127,2,0.0,6.9,0.0,46.125,14.5
2026-04-03 23:00:00+00:00,129,2,0.0,5.6,0.0,46.0,14.5
2026-04-03 23:00:00+00:00,177,2,0.0,5.1,0.0,45.625,14.8125
2026-04-03 23:00:00+00:00,194,2,0.0,6.7,0.0,46.5,15.0625
2026-04-03 23:00:00+00:00,236,2,0.0,8.4,0.0,45.8125,15.1875
2026-04-03 23:00:00+00:00,325,2,0.0,7.7,0.0,46.5625,15.625
2026-04-03 23:00:00+00:00,391,2,0.0,7.1,0.0,46.6875,16.0625
2026-04-03 23:00:00+00:00,422,2,0.0,8.2,0.0,46.25,15.25
2026-04-03 23:00:00+00:00,425,2,0.0,8.4,0.0,45.9375,15.5
2026-04-03 23:00:00+00:00,426,2,0.0,11.1,0.0,45.5625,13.75
2026-04-04 00:00:00+00:00,63,3,0.0,3.5,0.0,46.375,14.0625
2026-04-04 00:00:00+00:00,63,6,0.0,4.0,0.0,46.375,14.0625
2026-04-04 00:00:00+00:00,63,24,0.0,4.1,0.0,46.375,14.0625
2026-04-04 00:00:00+00:00,76,3,0.0,6.2,0.0,46.3125,14.1875
2026-04-04 00:00:00+00:00,76,6,0.0,6.3,0.0,46.3125,14.1875
2026-04-04 00:00:00+00:00,76,24,0.0,5.9,0.0,46.3125,14.1875
2026-04-04 00:00:00+00:00,106,3,0.0,7.0,0.0,46.25,14.375
2026-04-04 00:00:00+00:00,106,6,0.0,7.3,0.0,46.25,14.375
2026-04-04 00:00:00+00:00,106,24,0.0,7.7,0.0,46.25,14.375
2026-04-04 00:00:00+00:00,122,3,0.0,6.1,0.0,46.0,14.4375
2026-04-04 00:00:00+00:00,122,6,0.0,6.2,0.0,46.0,14.4375
2026-04-04 00:00:00+00:00,122,24,0.0,6.7,0.0,46.0,14.4375
2026-04-04 00:00:00+00:00,127,3,0.0,5.7,0.0,46.125,14.5
2026-04-04 00:00:00+00:00,127,6,0.0,5.9,0.0,46.125,14.5
2026-04-04 00:00:00+00:00,127,24,0.0,6.2,0.0,46.125,14.5
2026-04-04 00:00:00+00:00,129,3,0.0,4.8,0.0,46.0,14.5
2026-04-04 00:00:00+00:00,129,6,0.0,5.3,0.0,46.0,14.5
2026-04-04 00:00:00+00:00,129,24,0.0,5.4,0.0,46.0,14.5
2026-04-04 00:00:00+00:00,177,3,0.0,4.6,0.0,45.625,14.8125
2026-04-04 00:00:00+00:00,177,6,0.0,5.1,0.0,45.625,14.8125
2026-04-04 00:00:00+00:00,177,24,0.0,5.6,0.0,45.625,14.8125
2026-04-04 00:00:00+00:00,194,3,0.0,6.3,0.0,46.5,15.0625
2026-04-04 00:00:00+00:00,194,6,0.0,6.5,0.0,46.5,15.0625
2026-04-04 00:00:00+00:00,194,24,0.0,6.2,0.0,46.5,15.0625
2026-04-04 00:00:00+00:00,236,3,0.0,7.5,0.0,45.8125,15.1875
2026-04-04 00:00:00+00:00,236,6,0.0,7.4,0.0,45.8125,15.1875
2026-04-04 00:00:00+00:00,236,24,0.0,6.9,0.0,45.8125,15.1875
2026-04-04 00:00:00+00:00,325,3,0.0,6.9,0.0,46.5625,15.625
2026-04-04 00:00:00+00:00,325,6,0.0,7.2,0.0,46.5625,15.625
2026-04-04 00:00:00+00:00,325,24,0.0,7.1,0.0,46.5625,15.625
2026-04-04 00:00:00+00:00,391,3,0.0,6.6,0.0,46.6875,16.0625
2026-04-04 00:00:00+00:00,391,6,0.0,7.3,0.0,46.6875,16.0625
2026-04-04 00:00:00+00:00,391,24,0.0,8.3,0.0,46.6875,16.0625
2026-04-04 00:00:00+00:00,422,3,0.0,7.3,0.0,46.25,15.25
2026-04-04 00:00:00+00:00,422,6,0.0,7.2,0.0,46.25,15.25
2026-04-04 00:00:00+00:00,422,24,0.0,7.6,0.0,46.25,15.25
2026-04-04 00:00:00+00:00,425,3,0.0,7.3,0.0,45.9375,15.5
2026-04-04 00:00:00+00:00,425,6,0.0,7.8,0.0,45.9375,15.5
2026-04-04 00:00:00+00:00,425,24,0.0,8.1,0.0,45.9375,15.5
2026-04-04 00:00:00+00:00,426,3,0.0,11.3,0.0,45.5625,13.75
2026-04-04 00:00:00+00:00,426,6,0.0,11.4,0.0,45.5625,13.75
2026-04-04 00:00:00+00:00,426,24,0.0,11.2,0.0,45.5625,13.75
2026-04-04 03:00:00+00:00,63,6,0.0,3.7,0.0,46.375,14.0625
2026-04-04 03:00:00+00:00,63,24,0.0,4.3,0.0,46.375,14.0625
2026-04-04 03:00:00+00:00,76,6,0.0,5.6,0.0,46.3125,14.1875
2026-04-04 03:00:00+00:00,76,24,0.0,5.4,0.0,46.3125,14.1875
2026-04-04 03:00:00+00:00,106,6,0.0,6.0,0.0,46.25,14.375
2026-04-04 03:00:00+00:00,106,24,0.0,6.0,0.0,46.25,14.375
2026-04-04 03:00:00+00:00,122,6,0.0,3.9,0.0,46.0,14.4375
2026-04-04 03:00:00+00:00,122,24,0.0,4.2,0.0,46.0,14.4375
2026-04-04 03:00:00+00:00,127,6,0.0,4.1,0.0,46.125,14.5
2026-04-04 03:00:00+00:00,127,24,0.0,4.3,0.0,46.125,14.5
2026-04-04 03:00:00+00:00,129,6,0.0,3.2,0.0,46.0,14.5
2026-04-04 03:00:00+00:00,129,24,0.0,3.9,0.0,46.0,14.5
2026-04-04 03:00:00+00:00,177,6,0.0,4.3,0.0,45.625,14.8125
2026-04-04 03:00:00+00:00,177,24,0.0,4.6,0.0,45.625,14.8125
2026-04-04 03:00:00+00:00,194,6,0.0,5.8,0.0,46.5,15.0625
2026-04-04 03:00:00+00:00,194,24,0.0,5.8,0.0,46.5,15.0625
2026-04-04 03:00:00+00:00,236,6,0.0,5.2,0.0,45.8125,15.1875
2026-04-04 03:00:00+00:00,236,24,0.0,4.9,0.0,45.8125,15.1875
2026-04-04 03:00:00+00:00,325,6,0.0,5.1,0.0,46.5625,15.625
2026-04-04 03:00:00+00:00,325,24,0.0,6.3,0.0,46.5625,15.625
2026-04-04 03:00:00+00:00,391,6,0.0,5.7,0.0,46.6875,16.0625
2026-04-04 03:00:00+00:00,391,24,0.0,6.8,0.0,46.6875,16.0625
2026-04-04 03:00:00+00:00,422,6,0.0,6.2,0.0,46.25,15.25
2026-04-04 03:00:00+00:00,422,24,0.0,6.2,0.0,46.25,15.25
2026-04-04 03:00:00+00:00,425,6,0.0,6.0,0.0,45.9375,15.5
2026-04-04 03:00:00+00:00,425,24,0.0,6.8,0.0,45.9375,15.5
2026-04-04 03:00:00+00:00,426,6,0.0,10.4,0.0,45.5625,13.75
2026-04-04 03:00:00+00:00,426,24,0.0,10.1,0.0,45.5625,13.75
2026-04-04 06:00:00+00:00,63,24,91.0,5.6,0.0,46.375,14.0625
2026-04-04 06:00:00+00:00,76,24,91.0,6.6,0.0,46.3125,14.1875
2026-04-04 06:00:00+00:00,106,24,93.0,6.6,0.0,46.25,14.375
2026-04-04 06:00:00+00:00,122,24,88.0,4.8,0.0,46.0,14.4375
2026-04-04 06:00:00+00:00,127,24,89.0,4.3,0.0,46.125,14.5
2026-04-04 06:00:00+00:00,129,24,86.0,4.5,0.0,46.0,14.5
2026-04-04 06:00:00+00:00,177,24,97.0,4.6,0.0,45.625,14.8125
2026-04-04 06:00:00+00:00,194,24,92.0,6.6,0.0,46.5,15.0625
2026-04-04 06:00:00+00:00,236,24,96.0,4.8,0.0,45.8125,15.1875
2026-04-04 06:00:00+00:00,325,24,87.0,7.6,0.0,46.5625,15.625
2026-04-04 06:00:00+00:00,391,24,94.0,6.7,0.0,46.6875,16.0625
2026-04-04 06:00:00+00:00,422,24,81.0,6.2,0.0,46.25,15.25
2026-04-04 06:00:00+00:00,425,24,102.0,6.6,0.0,45.9375,15.5
2026-04-04 06:00:00+00:00,426,24,84.0,10.1,0.0,45.5625,13.75
2026-04-04 09:00:00+00:00,63,24,563.0,11.7,0.0,46.375,14.0625
2026-04-04 09:00:00+00:00,76,24,553.0,12.9,0.0,46.3125,14.1875
2026-04-04 09:00:00+00:00,106,24,524.0,12.3,0.0,46.25,14.375
2026-04-04 09:00:00+00:00,122,24,510.0,13.2,0.0,46.0,14.4375
2026-04-04 09:00:00+00:00,127,24,533.0,11.9,0.0,46.125,14.5
2026-04-04 09:00:00+00:00,129,24,500.0,12.7,0.0,46.0,14.5
2026-04-04 09:00:00+00:00,177,24,602.0,11.4,0.0,45.625,14.8125
2026-04-04 09:00:00+00:00,194,24,482.0,12.8,0.0,46.5,15.0625
2026-04-04 09:00:00+00:00,236,24,571.0,13.5,0.0,45.8125,15.1875
2026-04-04 09:00:00+00:00,325,24,429.0,14.9,0.0,46.5625,15.625
2026-04-04 09:00:00+00:00,391,24,502.0,13.9,0.0,46.6875,16.0625
2026-04-04 09:00:00+00:00,422,24,557.0,14.3,0.0,46.25,15.25
2026-04-04 09:00:00+00:00,425,24,564.0,13.9,0.0,45.9375,15.5
2026-04-04 09:00:00+00:00,426,24,514.0,15.9,0.0,45.5625,13.75
2026-04-04 12:00:00+00:00,63,24,646.0,14.9,0.0,46.375,14.0625
2026-04-04 12:00:00+00:00,76,24,606.0,15.4,0.0,46.3125,14.1875
2026-04-04 12:00:00+00:00,106,24,477.0,15.5,0.0,46.25,14.375
2026-04-04 12:00:00+00:00,122,24,599.0,17.3,0.0,46.0,14.4375
2026-04-04 12:00:00+00:00,127,24,599.0,16.2,0.0,46.125,14.5
2026-04-04 12:00:00+00:00,129,24,623.0,17.2,0.0,46.0,14.5
2026-04-04 12:00:00+00:00,177,24,631.0,13.9,0.0,45.625,14.8125
2026-04-04 12:00:00+00:00,194,24,526.0,15.8,0.0,46.5,15.0625
2026-04-04 12:00:00+00:00,236,24,529.0,16.7,0.0,45.8125,15.1875
2026-04-04 12:00:00+00:00,325,24,640.0,17.6,0.0,46.5625,15.625
2026-04-04 12:00:00+00:00,391,24,555.0,17.1,0.0,46.6875,16.0625
2026-04-04 12:00:00+00:00,422,24,668.0,18.1,0.0,46.25,15.25
2026-04-04 12:00:00+00:00,425,24,587.0,17.2,0.0,45.9375,15.5
2026-04-04 12:00:00+00:00,426,24,655.0,16.7,0.0,45.5625,13.75
2026-04-04 15:00:00+00:00,63,24,214.0,14.5,0.0,46.375,14.0625
2026-04-04 15:00:00+00:00,76,24,240.0,15.6,0.0,46.3125,14.1875
2026-04-04 15:00:00+00:00,106,24,238.0,17.0,0.0,46.25,14.375
2026-04-04 15:00:00+00:00,122,24,397.0,18.2,0.0,46.0,14.4375
2026-04-04 15:00:00+00:00,127,24,336.0,18.1,0.0,46.125,14.5
2026-04-04 15:00:00+00:00,129,24,385.0,18.5,0.0,46.0,14.5
2026-04-04 15:00:00+00:00,177,24,263.0,14.5,0.0,45.625,14.8125
2026-04-04 15:00:00+00:00,194,24,261.0,16.4,0.0,46.5,15.0625
2026-04-04 15:00:00+00:00,236,24,231.0,17.5,0.0,45.8125,15.1875
2026-04-04 15:00:00+00:00,325,24,179.0,17.1,0.0,46.5625,15.625
2026-04-04 15:00:00+00:00,391,24,211.0,17.1,0.0,46.6875,16.0625
2026-04-04 15:00:00+00:00,422,24,241.0,18.0,0.0,46.25,15.25
2026-04-04 15:00:00+00:00,425,24,234.0,17.7,0.0,45.9375,15.5
2026-04-04 15:00:00+00:00,426,24,331.0,16.3,0.0,45.5625,13.75
2026-04-04 18:00:00+00:00,63,24,7.0,11.2,0.0,46.375,14.0625
2026-04-04 18:00:00+00:00,76,24,7.0,12.6,0.0,46.3125,14.1875
2026-04-04 18:00:00+00:00,106,24,6.0,14.6,0.0,46.25,14.375
2026-04-04 18:00:00+00:00,122,24,8.0,13.9,0.0,46.0,14.4375
2026-04-04 18:00:00+00:00,127,24,8.0,14.6,0.0,46.125,14.5
2026-04-04 18:00:00+00:00,129,24,9.0,14.1,0.0,46.0,14.5
2026-04-04 18:00:00+00:00,177,24,8.0,10.4,0.0,45.625,14.8125
2026-04-04 18:00:00+00:00,194,24,5.0,14.0,0.0,46.5,15.0625
2026-04-04 18:00:00+00:00,236,24,6.0,13.9,0.0,45.8125,15.1875
2026-04-04 18:00:00+00:00,325,24,5.0,15.0,0.0,46.5625,15.625
2026-04-04 18:00:00+00:00,391,24,3.0,14.9,0.0,46.6875,16.0625
2026-04-04 18:00:00+00:00,422,24,4.0,15.6,0.0,46.25,15.25
2026-04-04 18:00:00+00:00,425,24,6.0,13.9,0.0,45.9375,15.5
2026-04-04 18:00:00+00:00,426,24,10.0,13.8,0.0,45.5625,13.75
2026-04-04 21:00:00+00:00,63,24,0.0,9.0,0.0,46.375,14.0625
2026-04-04 21:00:00+00:00,76,24,0.0,10.0,0.0,46.3125,14.1875
2026-04-04 21:00:00+00:00,106,24,0.0,11.4,0.0,46.25,14.375
2026-04-04 21:00:00+00:00,122,24,0.0,9.4,0.0,46.0,14.4375
2026-04-04 21:00:00+00:00,127,24,0.0,10.7,0.0,46.125,14.5
2026-04-04 21:00:00+00:00,129,24,0.0,9.5,0.0,46.0,14.5
2026-04-04 21:00:00+00:00,177,24,0.0,8.1,0.0,45.625,14.8125
2026-04-04 21:00:00+00:00,194,24,0.0,11.6,0.0,46.5,15.0625
2026-04-04 21:00:00+00:00,236,24,0.0,11.3,0.0,45.8125,15.1875
2026-04-04 21:00:00+00:00,325,24,0.0,12.6,0.0,46.5625,15.625
2026-04-04 21:00:00+00:00,391,24,0.0,12.2,0.0,46.6875,16.0625
2026-04-04 21:00:00+00:00,422,24,0.0,12.2,0.0,46.25,15.25
2026-04-04 21:00:00+00:00,425,24,0.0,12.2,0.0,45.9375,15.5
2026-04-04 21:00:00+00:00,426,24,0.0,10.9,0.0,45.5625,13.75
2026-04-04 01:00:00+00:00,63,1,0.0,4.2,0.0,46.375,14.0625
2026-04-04 01:00:00+00:00,76,1,0.0,5.5,0.0,46.3125,14.1875
2026-04-04 01:00:00+00:00,106,1,0.0,6.6,0.0,46.25,14.375
2026-04-04 01:00:00+00:00,122,1,0.0,4.6,0.0,46.0,14.4375
2026-04-04 01:00:00+00:00,127,1,0.0,4.5,0.0,46.125,14.5
2026-04-04 01:00:00+00:00,129,1,0.0,3.3,0.0,46.0,14.5
2026-04-04 01:00:00+00:00,177,1,0.0,4.1,0.0,45.625,14.8125
2026-04-04 01:00:00+00:00,194,1,0.0,5.9,0.0,46.5,15.0625
2026-04-04 01:00:00+00:00,236,1,0.0,7.2,0.0,45.8125,15.1875
2026-04-04 01:00:00+00:00,325,1,0.0,5.0,0.0,46.5625,15.625
2026-04-04 01:00:00+00:00,391,1,0.0,4.6,0.0,46.6875,16.0625
2026-04-04 01:00:00+00:00,422,1,0.0,5.6,0.0,46.25,15.25
2026-04-04 01:00:00+00:00,425,1,0.0,5.1,0.0,45.9375,15.5
2026-04-04 01:00:00+00:00,426,1,0.0,11.2,0.0,45.5625,13.75
2026-04-04 02:00:00+00:00,63,2,0.0,4.3,0.0,46.375,14.0625
2026-04-04 02:00:00+00:00,76,2,0.0,5.6,0.0,46.3125,14.1875
2026-04-04 02:00:00+00:00,106,2,0.0,6.2,0.0,46.25,14.375
2026-04-04 02:00:00+00:00,122,2,0.0,4.2,0.0,46.0,14.4375
2026-04-04 02:00:00+00:00,127,2,0.0,4.2,0.0,46.125,14.5
2026-04-04 02:00:00+00:00,129,2,0.0,2.8,0.0,46.0,14.5
2026-04-04 02:00:00+00:00,177,2,0.0,4.0,0.0,45.625,14.8125
2026-04-04 02:00:00+00:00,194,2,0.0,5.6,0.0,46.5,15.0625
2026-04-04 02:00:00+00:00,236,2,0.0,6.1,0.0,45.8125,15.1875
2026-04-04 02:00:00+00:00,325,2,0.0,4.7,0.0,46.5625,15.625
2026-04-04 02:00:00+00:00,391,2,0.0,4.1,0.0,46.6875,16.0625
2026-04-04 02:00:00+00:00,422,2,0.0,5.3,0.0,46.25,15.25
2026-04-04 02:00:00+00:00,425,2,0.0,4.1,0.0,45.9375,15.5
2026-04-04 02:00:00+00:00,426,2,0.0,11.0,0.0,45.5625,13.75
2026-04-04 03:00:00+00:00,63,3,0.0,4.5,0.0,46.375,14.0625
2026-04-04 03:00:00+00:00,76,3,0.0,5.7,0.0,46.3125,14.1875
2026-04-04 03:00:00+00:00,106,3,0.0,5.9,0.0,46.25,14.375
2026-04-04 03:00:00+00:00,122,3,0.0,3.8,0.0,46.0,14.4375
2026-04-04 03:00:00+00:00,127,3,0.0,3.6,0.0,46.125,14.5
2026-04-04 03:00:00+00:00,129,3,0.0,2.8,0.0,46.0,14.5
2026-04-04 03:00:00+00:00,177,3,0.0,4.4,0.0,45.625,14.8125
2026-04-04 03:00:00+00:00,194,3,0.0,5.9,0.0,46.5,15.0625
2026-04-04 03:00:00+00:00,236,3,0.0,4.6,0.0,45.8125,15.1875
2026-04-04 03:00:00+00:00,325,3,0.0,4.4,0.0,46.5625,15.625
2026-04-04 03:00:00+00:00,391,3,0.0,3.8,0.0,46.6875,16.0625
2026-04-04 03:00:00+00:00,422,3,0.0,5.3,0.0,46.25,15.25
2026-04-04 03:00:00+00:00,425,3,0.0,4.1,0.0,45.9375,15.5
2026-04-04 03:00:00+00:00,426,3,0.0,10.3,0.0,45.5625,13.75
2026-04-04 04:00:00+00:00,63,1,0.0,4.2,0.0,46.375,14.0625
2026-04-04 04:00:00+00:00,76,1,0.0,5.3,0.0,46.3125,14.1875
2026-04-04 04:00:00+00:00,106,1,0.0,4.8,0.0,46.25,14.375
2026-04-04 04:00:00+00:00,122,1,0.0,2.5,0.0,46.0,14.4375
2026-04-04 04:00:00+00:00,127,1,0.0,2.5,0.0,46.125,14.5
2026-04-04 04:00:00+00:00,129,1,0.0,1.7,0.0,46.0,14.5
2026-04-04 04:00:00+00:00,177,1,0.0,4.1,0.0,45.625,14.8125
2026-04-04 04:00:00+00:00,194,1,0.0,5.6,0.0,46.5,15.0625
2026-04-04 04:00:00+00:00,236,1,0.0,2.1,0.0,45.8125,15.1875
2026-04-04 04:00:00+00:00,325,1,0.0,3.8,0.0,46.5625,15.625
2026-04-04 04:00:00+00:00,391,1,0.0,2.2,0.0,46.6875,16.0625
2026-04-04 04:00:00+00:00,422,1,0.0,4.0,0.0,46.25,15.25
2026-04-04 04:00:00+00:00,425,1,0.0,2.3,0.0,45.9375,15.5
2026-04-04 04:00:00+00:00,426,1,0.0,9.4,0.0,45.5625,13.75
2026-04-04 05:00:00+00:00,63,2,3.0,4.0,0.0,46.375,14.0625
2026-04-04 05:00:00+00:00,76,2,4.0,5.4,0.0,46.3125,14.1875
2026-04-04 05:00:00+00:00,106,2,3.0,4.9,0.0,46.25,14.375
2026-04-04 05:00:00+00:00,122,2,3.0,2.5,0.0,46.0,14.4375
2026-04-04 05:00:00+00:00,127,2,3.0,2.2,0.0,46.125,14.5
2026-04-04 05:00:00+00:00,129,2,3.0,2.3,0.0,46.0,14.5
2026-04-04 05:00:00+00:00,177,2,4.0,4.0,0.0,45.625,14.8125
2026-04-04 05:00:00+00:00,194,2,3.0,5.6,0.0,46.5,15.0625
2026-04-04 05:00:00+00:00,236,2,5.0,1.8,0.0,45.8125,15.1875
2026-04-04 05:00:00+00:00,325,2,5.0,4.5,0.0,46.5625,15.625
2026-04-04 05:00:00+00:00,391,2,6.0,2.0,0.0,46.6875,16.0625
2026-04-04 05:00:00+00:00,422,2,4.0,4.1,0.0,46.25,15.25
2026-04-04 05:00:00+00:00,425,2,6.0,2.5,0.0,45.9375,15.5
2026-04-04 05:00:00+00:00,426,2,2.0,8.7,0.0,45.5625,13.75
2026-04-04 06:00:00+00:00,63,3,88.0,4.8,0.0,46.375,14.0625
2026-04-04 06:00:00+00:00,63,6,90.0,5.1,0.0,46.375,14.0625
2026-04-04 06:00:00+00:00,76,3,93.0,6.6,0.0,46.3125,14.1875
2026-04-04 06:00:00+00:00,76,6,92.0,6.9,0.0,46.3125,14.1875
2026-04-04 06:00:00+00:00,106,3,92.0,6.0,0.0,46.25,14.375
2026-04-04 06:00:00+00:00,106,6,91.0,6.6,0.0,46.25,14.375
2026-04-04 06:00:00+00:00,122,3,78.0,3.9,0.0,46.0,14.4375
2026-04-04 06:00:00+00:00,122,6,77.0,5.1,0.0,46.0,14.4375
2026-04-04 06:00:00+00:00,127,3,79.0,3.0,0.0,46.125,14.5
2026-04-04 06:00:00+00:00,127,6,79.0,4.2,0.0,46.125,14.5
2026-04-04 06:00:00+00:00,129,3,76.0,3.7,0.0,46.0,14.5
2026-04-04 06:00:00+00:00,129,6,74.0,4.9,0.0,46.0,14.5
2026-04-04 06:00:00+00:00,177,3,100.0,5.1,0.0,45.625,14.8125
2026-04-04 06:00:00+00:00,177,6,96.0,5.4,0.0,45.625,14.8125
2026-04-04 06:00:00+00:00,194,3,82.0,6.7,0.0,46.5,15.0625
2026-04-04 06:00:00+00:00,194,6,83.0,7.1,0.0,46.5,15.0625
2026-04-04 06:00:00+00:00,236,3,89.0,3.6,0.0,45.8125,15.1875
2026-04-04 06:00:00+00:00,236,6,92.0,4.7,0.0,45.8125,15.1875
2026-04-04 06:00:00+00:00,325,3,77.0,6.5,0.0,46.5625,15.625
2026-04-04 06:00:00+00:00,325,6,77.0,6.8,0.0,46.5625,15.625
2026-04-04 06:00:00+00:00,391,3,88.0,3.3,0.0,46.6875,16.0625
2026-04-04 06:00:00+00:00,391,6,89.0,4.8,0.0,46.6875,16.0625
2026-04-04 06:00:00+00:00,422,3,86.0,5.4,0.0,46.25,15.25
2026-04-04 06:00:00+00:00,422,6,85.0,6.6,0.0,46.25,15.25
2026-04-04 06:00:00+00:00,425,3,96.0,4.1,0.0,45.9375,15.5
2026-04-04 06:00:00+00:00,425,6,92.0,5.7,0.0,45.9375,15.5
2026-04-04 06:00:00+00:00,426,3,85.0,9.3,0.0,45.5625,13.75
2026-04-04 06:00:00+00:00,426,6,81.0,9.8,0.0,45.5625,13.75
2026-04-04 07:00:00+00:00,63,1,227.0,6.7,0.0,46.375,14.0625
2026-04-04 07:00:00+00:00,76,1,262.0,9.3,0.0,46.3125,14.1875
2026-04-04 07:00:00+00:00,106,1,260.0,8.5,0.0,46.25,14.375
2026-04-04 07:00:00+00:00,122,1,243.0,7.6,0.0,46.0,14.4375
2026-04-04 07:00:00+00:00,127,1,248.0,5.7,0.0,46.125,14.5
2026-04-04 07:00:00+00:00,129,1,234.0,6.5,0.0,46.0,14.5
2026-04-04 07:00:00+00:00,177,1,273.0,8.0,0.0,45.625,14.8125
2026-04-04 07:00:00+00:00,194,1,220.0,9.2,0.0,46.5,15.0625
2026-04-04 07:00:00+00:00,236,1,248.0,7.4,0.0,45.8125,15.1875
2026-04-04 07:00:00+00:00,325,1,208.0,10.3,0.0,46.5625,15.625
2026-04-04 07:00:00+00:00,391,1,251.0,7.5,0.0,46.6875,16.0625
2026-04-04 07:00:00+00:00,422,1,247.0,8.8,0.0,46.25,15.25
2026-04-04 07:00:00+00:00,425,1,264.0,8.1,0.0,45.9375,15.5
2026-04-04 07:00:00+00:00,426,1,251.0,12.3,0.0,45.5625,13.75
2026-04-04 08:00:00+00:00,63,2,379.0,9.1,0.0,46.375,14.0625
2026-04-04 08:00:00+00:00,76,2,404.0,11.3,0.0,46.3125,14.1875
2026-04-04 08:00:00+00:00,106,2,399.0,10.6,0.0,46.25,14.375
2026-04-04 08:00:00+00:00,122,2,418.0,10.3,0.0,46.0,14.4375
2026-04-04 08:00:00+00:00,127,2,407.0,8.7,0.0,46.125,14.5
2026-04-04 08:00:00+00:00,129,2,415.0,9.3,0.0,46.0,14.5
2026-04-04 08:00:00+00:00,177,2,447.0,9.8,0.0,45.625,14.8125
2026-04-04 08:00:00+00:00,194,2,350.0,11.2,0.0,46.5,15.0625
2026-04-04 08:00:00+00:00,236,2,437.0,11.2,0.0,45.8125,15.1875
2026-04-04 08:00:00+00:00,325,2,308.0,13.6,0.0,46.5625,15.625
2026-04-04 08:00:00+00:00,391,2,413.0,11.2,0.0,46.6875,16.0625
2026-04-04 08:00:00+00:00,422,2,363.0,11.3,0.0,46.25,15.25
2026-04-04 08:00:00+00:00,425,2,440.0,11.3,0.0,45.9375,15.5
2026-04-04 08:00:00+00:00,426,2,432.0,14.8,0.0,45.5625,13.75
2026-04-04 09:00:00+00:00,63,3,502.0,11.1,0.0,46.375,14.0625
2026-04-04 09:00:00+00:00,63,6,503.0,11.4,0.0,46.375,14.0625
2026-04-04 09:00:00+00:00,76,3,499.0,12.4,0.0,46.3125,14.1875
2026-04-04 09:00:00+00:00,76,6,510.0,12.9,0.0,46.3125,14.1875
2026-04-04 09:00:00+00:00,106,3,481.0,12.4,0.0,46.25,14.375
2026-04-04 09:00:00+00:00,106,6,510.0,12.6,0.0,46.25,14.375
2026-04-04 09:00:00+00:00,122,3,484.0,12.6,0.0,46.0,14.4375
2026-04-04 09:00:00+00:00,122,6,528.0,13.1,0.0,46.0,14.4375
2026-04-04 09:00:00+00:00,127,3,467.0,11.3,0.0,46.125,14.5
2026-04-04 09:00:00+00:00,127,6,533.0,12.0,0.0,46.125,14.5
2026-04-04 09:00:00+00:00,129,3,487.0,12.0,0.0,46.0,14.5
2026-04-04 09:00:00+00:00,129,6,527.0,12.6,0.0,46.0,14.5
2026-04-04 09:00:00+00:00,177,3,600.0,11.3,0.0,45.625,14.8125
2026-04-04 09:00:00+00:00,177,6,592.0,11.5,0.0,45.625,14.8125
2026-04-04 09:00:00+00:00,194,3,414.0,12.5,0.0,46.5,15.0625
2026-04-04 09:00:00+00:00,194,6,531.0,13.5,0.0,46.5,15.0625
2026-04-04 09:00:00+00:00,236,3,587.0,13.6,0.0,45.8125,15.1875
2026-04-04 09:00:00+00:00,236,6,587.0,13.6,0.0,45.8125,15.1875
2026-04-04 09:00:00+00:00,325,3,476.0,15.4,0.0,46.5625,15.625
2026-04-04 09:00:00+00:00,325,6,520.0,15.6,0.0,46.5625,15.625
2026-04-04 09:00:00+00:00,391,3,540.0,13.9,0.0,46.6875,16.0625
2026-04-04 09:00:00+00:00,391,6,556.0,13.8,0.0,46.6875,16.0625
2026-04-04 09:00:00+00:00,422,3,509.0,14.3,0.0,46.25,15.25
2026-04-04 09:00:00+00:00,422,6,547.0,14.5,0.0,46.25,15.25
2026-04-04 09:00:00+00:00,425,3,571.0,13.9,0.0,45.9375,15.5
2026-04-04 09:00:00+00:00,425,6,578.0,14.0,0.0,45.9375,15.5
2026-04-04 09:00:00+00:00,426,3,511.0,15.5,0.0,45.5625,13.75
2026-04-04 09:00:00+00:00,426,6,553.0,15.8,0.0,45.5625,13.75
2026-04-04 10:00:00+00:00,63,1,613.0,13.7,0.0,46.375,14.0625
2026-04-04 10:00:00+00:00,76,1,606.0,14.4,0.0,46.3125,14.1875
2026-04-04 10:00:00+00:00,106,1,506.0,14.3,0.0,46.25,14.375
2026-04-04 10:00:00+00:00,122,1,465.0,14.7,0.0,46.0,14.4375
2026-04-04 10:00:00+00:00,127,1,442.0,13.8,0.0,46.125,14.5
2026-04-04 10:00:00+00:00,129,1,457.0,14.3,0.0,46.0,14.5
2026-04-04 10:00:00+00:00,177,1,645.0,12.6,0.0,45.625,14.8125
2026-04-04 10:00:00+00:00,194,1,287.0,13.2,0.1,46.5,15.0625
2026-04-04 10:00:00+00:00,236,1,636.0,15.7,0.0,45.8125,15.1875
2026-04-04 10:00:00+00:00,325,1,470.0,16.5,0.0,46.5625,15.625
2026-04-04 10:00:00+00:00,391,1,537.0,15.9,0.0,46.6875,16.0625
2026-04-04 10:00:00+00:00,422,1,565.0,16.7,0.0,46.25,15.25
2026-04-04 10:00:00+00:00,425,1,607.0,16.0,0.0,45.9375,15.5
2026-04-04 10:00:00+00:00,426,1,586.0,16.3,0.0,45.5625,13.75
2026-04-04 11:00:00+00:00,63,2,696.0,15.0,0.0,46.375,14.0625
2026-04-04 11:00:00+00:00,76,2,732.0,15.6,0.0,46.3125,14.1875
2026-04-04 11:00:00+00:00,106,2,696.0,15.8,0.0,46.25,14.375
2026-04-04 11:00:00+00:00,122,2,593.0,16.6,0.0,46.0,14.4375
2026-04-04 11:00:00+00:00,127,2,666.0,15.8,0.0,46.125,14.5
2026-04-04 11:00:00+00:00,129,2,558.0,16.4,0.0,46.0,14.5
2026-04-04 11:00:00+00:00,177,2,507.0,12.9,0.0,45.625,14.8125
2026-04-04 11:00:00+00:00,194,2,418.0,15.0,0.0,46.5,15.0625
2026-04-04 11:00:00+00:00,236,2,589.0,16.6,0.0,45.8125,15.1875
2026-04-04 11:00:00+00:00,325,2,430.0,16.8,0.0,46.5625,15.625
2026-04-04 11:00:00+00:00,391,2,392.0,15.9,0.0,46.6875,16.0625
2026-04-04 11:00:00+00:00,422,2,515.0,16.5,0.1,46.25,15.25
2026-04-04 11:00:00+00:00,425,2,597.0,17.0,0.0,45.9375,15.5
2026-04-04 11:00:00+00:00,426,2,563.0,16.6,0.0,45.5625,13.75
2026-04-04 12:00:00+00:00,63,3,644.0,15.5,0.0,46.375,14.0625
2026-04-04 12:00:00+00:00,63,6,696.0,15.3,0.0,46.375,14.0625
2026-04-04 12:00:00+00:00,76,3,669.0,16.2,0.0,46.3125,14.1875
2026-04-04 12:00:00+00:00,76,6,713.0,15.8,0.0,46.3125,14.1875
2026-04-04 12:00:00+00:00,106,3,698.0,16.8,0.0,46.25,14.375
2026-04-04 12:00:00+00:00,106,6,663.0,16.1,0.0,46.25,14.375
2026-04-04 12:00:00+00:00,122,3,673.0,17.9,0.0,46.0,14.4375
2026-04-04 12:00:00+00:00,122,6,682.0,17.3,0.0,46.0,14.4375
2026-04-04 12:00:00+00:00,127,3,699.0,17.0,0.0,46.125,14.5
2026-04-04 12:00:00+00:00,127,6,703.0,16.4,0.0,46.125,14.5
2026-04-04 12:00:00+00:00,129,3,648.0,17.8,0.0,46.0,14.5
2026-04-04 12:00:00+00:00,129,6,675.0,17.1,0.0,46.0,14.5
2026-04-04 12:00:00+00:00,177,3,403.0,13.2,0.0,45.625,14.8125
2026-04-04 12:00:00+00:00,177,6,443.0,13.2,0.0,45.625,14.8125
2026-04-04 12:00:00+00:00,194,3,639.0,16.5,0.0,46.5,15.0625
2026-04-04 12:00:00+00:00,194,6,697.0,16.2,0.0,46.5,15.0625
2026-04-04 12:00:00+00:00,236,3,365.0,16.3,0.0,45.8125,15.1875
2026-04-04 12:00:00+00:00,236,6,422.0,16.3,0.0,45.8125,15.1875
2026-04-04 12:00:00+00:00,325,3,568.0,17.5,0.0,46.5625,15.625
2026-04-04 12:00:00+00:00,325,6,563.0,17.4,0.0,46.5625,15.625
2026-04-04 12:00:00+00:00,391,3,506.0,17.3,0.0,46.6875,16.0625
2026-04-04 12:00:00+00:00,391,6,516.0,17.1,0.0,46.6875,16.0625
2026-04-04 12:00:00+00:00,422,3,606.0,17.7,0.0,46.25,15.25
2026-04-04 12:00:00+00:00,422,6,613.0,17.5,0.0,46.25,15.25
2026-04-04 12:00:00+00:00,425,3,475.0,17.1,0.0,45.9375,15.5
2026-04-04 12:00:00+00:00,425,6,534.0,16.8,0.0,45.9375,15.5
2026-04-04 12:00:00+00:00,426,3,653.0,17.2,0.0,45.5625,13.75
2026-04-04 12:00:00+00:00,426,6,635.0,17.0,0.0,45.5625,13.75
2026-04-04 13:00:00+00:00,63,1,472.0,15.6,0.0,46.375,14.0625
2026-04-04 13:00:00+00:00,76,1,502.0,16.3,0.0,46.3125,14.1875
2026-04-04 13:00:00+00:00,106,1,526.0,17.2,0.0,46.25,14.375
2026-04-04 13:00:00+00:00,122,1,629.0,18.7,0.0,46.0,14.4375
2026-04-04 13:00:00+00:00,127,1,666.0,17.9,0.0,46.125,14.5
2026-04-04 13:00:00+00:00,129,1,624.0,18.6,0.0,46.0,14.5
2026-04-04 13:00:00+00:00,177,1,550.0,14.5,0.0,45.625,14.8125
2026-04-04 13:00:00+00:00,194,1,570.0,17.1,0.0,46.5,15.0625
2026-04-04 13:00:00+00:00,236,1,486.0,17.7,0.0,45.8125,15.1875
2026-04-04 13:00:00+00:00,325,1,541.0,18.1,0.0,46.5625,15.625
2026-04-04 13:00:00+00:00,391,1,615.0,18.3,0.0,46.6875,16.0625
2026-04-04 13:00:00+00:00,422,1,672.0,18.5,0.0,46.25,15.25
2026-04-04 13:00:00+00:00,425,1,525.0,18.0,0.0,45.9375,15.5
2026-04-04 13:00:00+00:00,426,1,666.0,17.4,0.0,45.5625,13.75
2026-04-04 14:00:00+00:00,63,2,376.0,15.6,0.0,46.375,14.0625
2026-04-04 14:00:00+00:00,76,2,354.0,16.2,0.0,46.3125,14.1875
2026-04-04 14:00:00+00:00,106,2,382.0,17.5,0.0,46.25,14.375
2026-04-04 14:00:00+00:00,122,2,560.0,19.0,0.0,46.0,14.4375
2026-04-04 14:00:00+00:00,127,2,535.0,18.2,0.0,46.125,14.5
2026-04-04 14:00:00+00:00,129,2,569.0,18.9,0.0,46.0,14.5
2026-04-04 14:00:00+00:00,177,2,506.0,14.7,0.0,45.625,14.8125
2026-04-04 14:00:00+00:00,194,2,463.0,17.0,0.0,46.5,15.0625
2026-04-04 14:00:00+00:00,236,2,476.0,17.9,0.0,45.8125,15.1875
2026-04-04 14:00:00+00:00,325,2,404.0,18.1,0.0,46.5625,15.625
2026-04-04 14:00:00+00:00,391,2,406.0,18.0,0.0,46.6875,16.0625
2026-04-04 14:00:00+00:00,422,2,549.0,18.8,0.0,46.25,15.25
2026-04-04 14:00:00+00:00,425,2,495.0,18.2,0.0,45.9375,15.5
2026-04-04 14:00:00+00:00,426,2,555.0,17.1,0.0,45.5625,13.75
2026-04-04 15:00:00+00:00,63,3,218.0,14.9,0.0,46.375,14.0625
2026-04-04 15:00:00+00:00,63,6,202.0,14.4,0.0,46.375,14.0625
2026-04-04 15:00:00+00:00,76,3,215.0,15.7,0.0,46.3125,14.1875
2026-04-04 15:00:00+00:00,76,6,197.0,15.5,0.0,46.3125,14.1875
2026-04-04 15:00:00+00:00,106,3,227.0,17.1,0.0,46.25,14.375
2026-04-04 15:00:00+00:00,106,6,206.0,16.8,0.0,46.25,14.375
2026-04-04 15:00:00+00:00,122,3,382.0,18.8,0.0,46.0,14.4375
2026-04-04 15:00:00+00:00,122,6,327.0,18.4,0.0,46.0,14.4375
2026-04-04 15:00:00+00:00,127,3,335.0,18.0,0.0,46.125,14.5
2026-04-04 15:00:00+00:00,127,6,255.0,17.9,0.0,46.125,14.5
2026-04-04 15:00:00+00:00,129,3,392.0,18.8,0.0,46.0,14.5
2026-04-04 15:00:00+00:00,129,6,321.0,18.7,0.0,46.0,14.5
2026-04-04 15:00:00+00:00,177,3,335.0,14.7,0.0,45.625,14.8125
2026-04-04 15:00:00+00:00,177,6,339.0,14.6,0.0,45.625,14.8125
2026-04-04 15:00:00+00:00,194,3,310.0,16.7,0.0,46.5,15.0625
2026-04-04 15:00:00+00:00,194,6,259.0,16.5,0.0,46.5,15.0625
2026-04-04 15:00:00+00:00,236,3,325.0,17.9,0.0,45.8125,15.1875
2026-04-04 15:00:00+00:00,236,6,332.0,17.8,0.0,45.8125,15.1875
2026-04-04 15:00:00+00:00,325,3,282.0,17.7,0.0,46.5625,15.625
2026-04-04 15:00:00+00:00,325,6,262.0,17.5,0.0,46.5625,15.625
2026-04-04 15:00:00+00:00,391,3,295.0,18.0,0.0,46.6875,16.0625
2026-04-04 15:00:00+00:00,391,6,243.0,17.7,0.0,46.6875,16.0625
2026-04-04 15:00:00+00:00,422,3,362.0,18.5,0.0,46.25,15.25
2026-04-04 15:00:00+00:00,422,6,329.0,18.4,0.0,46.25,15.25
2026-04-04 15:00:00+00:00,425,3,381.0,18.2,0.0,45.9375,15.5
2026-04-04 15:00:00+00:00,425,6,359.0,17.9,0.0,45.9375,15.5
2026-04-04 15:00:00+00:00,426,3,392.0,16.7,0.0,45.5625,13.75
2026-04-04 15:00:00+00:00,426,6,372.0,16.5,0.0,45.5625,13.75
2026-04-04 16:00:00+00:00,63,1,163.0,14.8,0.0,46.375,14.0625
2026-04-04 16:00:00+00:00,76,1,151.0,15.8,0.0,46.3125,14.1875
2026-04-04 16:00:00+00:00,106,1,134.0,17.4,0.0,46.25,14.375
2026-04-04 16:00:00+00:00,122,1,220.0,18.9,0.0,46.0,14.4375
2026-04-04 16:00:00+00:00,127,1,185.0,18.4,0.0,46.125,14.5
2026-04-04 16:00:00+00:00,129,1,221.0,19.1,0.0,46.0,14.5
2026-04-04 16:00:00+00:00,177,1,223.0,14.9,0.0,45.625,14.8125
2026-04-04 16:00:00+00:00,194,1,170.0,16.6,0.0,46.5,15.0625
2026-04-04 16:00:00+00:00,236,1,211.0,18.1,0.0,45.8125,15.1875
2026-04-04 16:00:00+00:00,325,1,138.0,17.6,0.0,46.5625,15.625
2026-04-04 16:00:00+00:00,391,1,143.0,17.8,0.0,46.6875,16.0625
2026-04-04 16:00:00+00:00,422,1,185.0,18.6,0.0,46.25,15.25
2026-04-04 16:00:00+00:00,425,1,243.0,18.3,0.0,45.9375,15.5
2026-04-04 16:00:00+00:00,426,1,285.0,16.4,0.0,45.5625,13.75
2026-04-04 17:00:00+00:00,63,2,87.0,14.0,0.0,46.375,14.0625
2026-04-04 17:00:00+00:00,76,2,76.0,15.1,0.0,46.3125,14.1875
2026-04-04 17:00:00+00:00,106,2,69.0,16.4,0.0,46.25,14.375
2026-04-04 17:00:00+00:00,122,2,95.0,17.6,0.0,46.0,14.4375
2026-04-04 17:00:00+00:00,127,2,76.0,17.3,0.0,46.125,14.5
2026-04-04 17:00:00+00:00,129,2,93.0,17.9,0.0,46.0,14.5
2026-04-04 17:00:00+00:00,177,2,99.0,13.9,0.0,45.625,14.8125
2026-04-04 17:00:00+00:00,194,2,76.0,15.8,0.0,46.5,15.0625
2026-04-04 17:00:00+00:00,236,2,84.0,17.4,0.0,45.8125,15.1875
2026-04-04 17:00:00+00:00,325,2,52.0,17.0,0.0,46.5625,15.625
2026-04-04 17:00:00+00:00,391,2,53.0,16.9,0.0,46.6875,16.0625
2026-04-04 17:00:00+00:00,422,2,65.0,17.6,0.0,46.25,15.25
2026-04-04 17:00:00+00:00,425,2,87.0,17.4,0.0,45.9375,15.5
2026-04-04 17:00:00+00:00,426,2,118.0,15.5,0.0,45.5625,13.75
2026-04-04 18:00:00+00:00,63,3,7.0,11.8,0.0,46.375,14.0625
2026-04-04 18:00:00+00:00,63,6,6.0,11.9,0.0,46.375,14.0625
2026-04-04 18:00:00+00:00,76,3,7.0,13.1,0.0,46.3125,14.1875
2026-04-04 18:00:00+00:00,76,6,5.0,12.8,0.0,46.3125,14.1875
2026-04-04 18:00:00+00:00,106,3,7.0,15.3,0.0,46.25,14.375
2026-04-04 18:00:00+00:00,106,6,6.0,14.1,0.0,46.25,14.375
2026-04-04 18:00:00+00:00,122,3,8.0,14.7,0.0,46.0,14.4375
2026-04-04 18:00:00+00:00,122,6,8.0,13.9,0.0,46.0,14.4375
2026-04-04 18:00:00+00:00,127,3,7.0,15.3,0.0,46.125,14.5
2026-04-04 18:00:00+00:00,127,6,7.0,14.6,0.0,46.125,14.5
2026-04-04 18:00:00+00:00,129,3,8.0,15.6,0.0,46.0,14.5
2026-04-04 18:00:00+00:00,129,6,8.0,14.6,0.0,46.0,14.5
2026-04-04 18:00:00+00:00,177,3,7.0,11.4,0.0,45.625,14.8125
2026-04-04 18:00:00+00:00,177,6,5.0,11.3,0.0,45.625,14.8125
2026-04-04 18:00:00+00:00,194,3,4.0,14.1,0.0,46.5,15.0625
2026-04-04 18:00:00+00:00,194,6,3.0,13.8,0.0,46.5,15.0625
2026-04-04 18:00:00+00:00,236,3,6.0,14.8,0.0,45.8125,15.1875
2026-04-04 18:00:00+00:00,236,6,4.0,14.3,0.0,45.8125,15.1875
2026-04-04 18:00:00+00:00,325,3,4.0,15.0,0.0,46.5625,15.625
2026-04-04 18:00:00+00:00,325,6,3.0,15.0,0.0,46.5625,15.625
2026-04-04 18:00:00+00:00,391,3,3.0,14.1,0.0,46.6875,16.0625
2026-04-04 18:00:00+00:00,391,6,2.0,13.9,0.0,46.6875,16.0625
2026-04-04 18:00:00+00:00,422,3,4.0,15.5,0.0,46.25,15.25
2026-04-04 18:00:00+00:00,422,6,4.0,15.5,0.0,46.25,15.25
2026-04-04 18:00:00+00:00,425,3,5.0,14.5,0.0,45.9375,15.5
2026-04-04 18:00:00+00:00,425,6,6.0,14.3,0.0,45.9375,15.5
2026-04-04 18:00:00+00:00,426,3,10.0,14.2,0.0,45.5625,13.75
2026-04-04 18:00:00+00:00,426,6,9.0,14.2,0.0,45.5625,13.75
2026-04-04 19:00:00+00:00,63,1,0.0,10.7,0.0,46.375,14.0625
2026-04-04 19:00:00+00:00,76,1,0.0,12.4,0.0,46.3125,14.1875
2026-04-04 19:00:00+00:00,106,1,0.0,14.2,0.0,46.25,14.375
2026-04-04 19:00:00+00:00,122,1,0.0,12.9,0.0,46.0,14.4375
2026-04-04 19:00:00+00:00,127,1,0.0,14.1,0.0,46.125,14.5
2026-04-04 19:00:00+00:00,129,1,0.0,13.2,0.0,46.0,14.5
2026-04-04 19:00:00+00:00,177,1,0.0,10.4,0.0,45.625,14.8125
2026-04-04 19:00:00+00:00,194,1,0.0,13.3,0.0,46.5,15.0625
2026-04-04 19:00:00+00:00,236,1,0.0,13.0,0.0,45.8125,15.1875
2026-04-04 19:00:00+00:00,325,1,0.0,14.7,0.0,46.5625,15.625
2026-04-04 19:00:00+00:00,391,1,0.0,13.2,0.0,46.6875,16.0625
2026-04-04 19:00:00+00:00,422,1,0.0,14.6,0.0,46.25,15.25
2026-04-04 19:00:00+00:00,425,1,0.0,13.3,0.0,45.9375,15.5
2026-04-04 19:00:00+00:00,426,1,0.0,13.7,0.0,45.5625,13.75
2026-04-04 20:00:00+00:00,63,2,0.0,9.8,0.0,46.375,14.0625
2026-04-04 20:00:00+00:00,76,2,0.0,11.5,0.0,46.3125,14.1875
2026-04-04 20:00:00+00:00,106,2,0.0,12.7,0.0,46.25,14.375
2026-04-04 20:00:00+00:00,122,2,0.0,11.1,0.0,46.0,14.4375
2026-04-04 20:00:00+00:00,127,2,0.0,12.6,0.0,46.125,14.5
2026-04-04 20:00:00+00:00,129,2,0.0,11.3,0.0,46.0,14.5
2026-04-04 20:00:00+00:00,177,2,0.0,9.7,0.0,45.625,14.8125
2026-04-04 20:00:00+00:00,194,2,0.0,12.6,0.0,46.5,15.0625
2026-04-04 20:00:00+00:00,236,2,0.0,12.3,0.0,45.8125,15.1875
2026-04-04 20:00:00+00:00,325,2,0.0,14.1,0.0,46.5625,15.625
2026-04-04 20:00:00+00:00,391,2,0.0,12.3,0.0,46.6875,16.0625
2026-04-04 20:00:00+00:00,422,2,0.0,13.7,0.0,46.25,15.25
2026-04-04 20:00:00+00:00,425,2,0.0,12.6,0.0,45.9375,15.5
2026-04-04 20:00:00+00:00,426,2,0.0,12.5,0.0,45.5625,13.75
2026-04-04 21:00:00+00:00,63,3,0.0,9.3,0.0,46.375,14.0625
2026-04-04 21:00:00+00:00,63,6,0.0,9.6,0.0,46.375,14.0625
2026-04-04 21:00:00+00:00,76,3,0.0,10.8,0.0,46.3125,14.1875
2026-04-04 21:00:00+00:00,76,6,0.0,10.8,0.0,46.3125,14.1875
2026-04-04 21:00:00+00:00,106,3,0.0,11.6,0.0,46.25,14.375
2026-04-04 21:00:00+00:00,106,6,0.0,11.5,0.0,46.25,14.375
2026-04-04 21:00:00+00:00,122,3,0.0,9.9,0.0,46.0,14.4375
2026-04-04 21:00:00+00:00,122,6,0.0,10.0,0.0,46.0,14.4375
2026-04-04 21:00:00+00:00,127,3,0.0,11.5,0.0,46.125,14.5
2026-04-04 21:00:00+00:00,127,6,0.0,11.2,0.0,46.125,14.5
2026-04-04 21:00:00+00:00,129,3,0.0,9.8,0.0,46.0,14.5
2026-04-04 21:00:00+00:00,129,6,0.0,9.7,0.0,46.0,14.5
2026-04-04 21:00:00+00:00,177,3,0.0,8.9,0.0,45.625,14.8125
2026-04-04 21:00:00+00:00,177,6,0.0,8.8,0.0,45.625,14.8125
2026-04-04 21:00:00+00:00,194,3,0.0,12.1,0.0,46.5,15.0625
2026-04-04 21:00:00+00:00,194,6,0.0,11.8,0.0,46.5,15.0625
2026-04-04 21:00:00+00:00,236,3,0.0,11.8,0.0,45.8125,15.1875
2026-04-04 21:00:00+00:00,236,6,0.0,11.8,0.0,45.8125,15.1875
2026-04-04 21:00:00+00:00,325,3,0.0,13.5,0.0,46.5625,15.625
2026-04-04 21:00:00+00:00,325,6,0.0,13.4,0.0,46.5625,15.625
2026-04-04 21:00:00+00:00,391,3,0.0,12.1,0.0,46.6875,16.0625
2026-04-04 21:00:00+00:00,391,6,0.0,11.7,0.0,46.6875,16.0625
2026-04-04 21:00:00+00:00,422,3,0.0,12.8,0.0,46.25,15.25
2026-04-04 21:00:00+00:00,422,6,0.0,12.4,0.0,46.25,15.25
2026-04-04 21:00:00+00:00,425,3,0.0,11.8,0.0,45.9375,15.5
2026-04-04 21:00:00+00:00,425,6,0.0,12.0,0.0,45.9375,15.5
2026-04-04 21:00:00+00:00,426,3,0.0,11.5,0.0,45.5625,13.75
2026-04-04 21:00:00+00:00,426,6,0.0,11.7,0.0,45.5625,13.75
2026-04-04 22:00:00+00:00,63,1,0.0,9.0,0.0,46.375,14.0625
2026-04-04 22:00:00+00:00,76,1,0.0,10.4,0.0,46.3125,14.1875
2026-04-04 22:00:00+00:00,106,1,0.0,10.7,0.0,46.25,14.375
2026-04-04 22:00:00+00:00,122,1,0.0,8.7,0.0,46.0,14.4375
2026-04-04 22:00:00+00:00,127,1,0.0,10.2,0.0,46.125,14.5
2026-04-04 22:00:00+00:00,129,1,0.0,8.7,0.0,46.0,14.5
2026-04-04 22:00:00+00:00,177,1,0.0,7.5,0.0,45.625,14.8125
2026-04-04 22:00:00+00:00,194,1,0.0,11.8,0.0,46.5,15.0625
2026-04-04 22:00:00+00:00,236,1,0.0,10.7,0.0,45.8125,15.1875
2026-04-04 22:00:00+00:00,325,1,0.0,12.9,0.0,46.5625,15.625
2026-04-04 22:00:00+00:00,391,1,0.0,11.2,0.0,46.6875,16.0625
2026-04-04 22:00:00+00:00,422,1,0.0,11.3,0.0,46.25,15.25
2026-04-04 22:00:00+00:00,425,1,0.0,10.8,0.0,45.9375,15.5
2026-04-04 22:00:00+00:00,426,1,0.0,10.4,0.0,45.5625,13.75
2026-04-04 23:00:00+00:00,63,2,0.0,8.6,0.0,46.375,14.0625
2026-04-04 23:00:00+00:00,76,2,0.0,10.1,0.0,46.3125,14.1875
2026-04-04 23:00:00+00:00,106,2,0.0,9.9,0.0,46.25,14.375
2026-04-04 23:00:00+00:00,122,2,0.0,7.9,0.0,46.0,14.4375
2026-04-04 23:00:00+00:00,127,2,0.0,9.2,0.0,46.125,14.5
2026-04-04 23:00:00+00:00,129,2,0.0,7.8,0.0,46.0,14.5
2026-04-04 23:00:00+00:00,177,2,0.0,7.4,0.0,45.625,14.8125
2026-04-04 23:00:00+00:00,194,2,0.0,11.4,0.0,46.5,15.0625
2026-04-04 23:00:00+00:00,236,2,0.0,10.7,0.0,45.8125,15.1875
2026-04-04 23:00:00+00:00,325,2,0.0,11.9,0.0,46.5625,15.625
2026-04-04 23:00:00+00:00,391,2,0.0,11.0,0.0,46.6875,16.0625
2026-04-04 23:00:00+00:00,422,2,0.0,10.7,0.0,46.25,15.25
2026-04-04 23:00:00+00:00,425,2,0.0,10.3,0.0,45.9375,15.5
2026-04-04 23:00:00+00:00,426,2,0.0,10.0,0.0,45.5625,13.75
2026-04-05 00:00:00+00:00,63,3,0.0,8.4,0.0,46.375,14.0625
2026-04-05 00:00:00+00:00,63,6,0.0,8.3,0.0,46.375,14.0625
2026-04-05 00:00:00+00:00,63,24,0.0,7.8,0.0,46.375,14.0625
2026-04-05 00:00:00+00:00,76,3,0.0,9.7,0.0,46.3125,14.1875
2026-04-05 00:00:00+00:00,76,6,0.0,10.1,0.0,46.3125,14.1875
2026-04-05 00:00:00+00:00,76,24,0.0,9.4,0.0,46.3125,14.1875
2026-04-05 00:00:00+00:00,106,3,0.0,9.6,0.0,46.25,14.375
2026-04-05 00:00:00+00:00,106,6,0.0,9.9,0.0,46.25,14.375
2026-04-05 00:00:00+00:00,106,24,0.0,9.1,0.0,46.25,14.375
2026-04-05 00:00:00+00:00,122,3,0.0,7.2,0.0,46.0,14.4375
2026-04-05 00:00:00+00:00,122,6,0.0,7.3,0.0,46.0,14.4375
2026-04-05 00:00:00+00:00,122,24,0.0,6.8,0.0,46.0,14.4375
2026-04-05 00:00:00+00:00,127,3,0.0,8.2,0.0,46.125,14.5
2026-04-05 00:00:00+00:00,127,6,0.0,8.3,0.0,46.125,14.5
2026-04-05 00:00:00+00:00,127,24,0.0,7.5,0.0,46.125,14.5
2026-04-05 00:00:00+00:00,129,3,0.0,7.1,0.0,46.0,14.5
2026-04-05 00:00:00+00:00,129,6,0.0,7.0,0.0,46.0,14.5
2026-04-05 00:00:00+00:00,129,24,0.0,6.8,0.0,46.0,14.5
2026-04-05 00:00:00+00:00,177,3,0.0,7.7,0.0,45.625,14.8125
2026-04-05 00:00:00+00:00,177,6,0.0,8.4,0.0,45.625,14.8125
2026-04-05 00:00:00+00:00,177,24,0.0,6.7,0.0,45.625,14.8125
2026-04-05 00:00:00+00:00,194,3,0.0,11.2,0.0,46.5,15.0625
2026-04-05 00:00:00+00:00,194,6,0.0,11.1,0.0,46.5,15.0625
2026-04-05 00:00:00+00:00,194,24,0.0,9.9,0.0,46.5,15.0625
2026-04-05 00:00:00+00:00,236,3,0.0,10.4,0.0,45.8125,15.1875
2026-04-05 00:00:00+00:00,236,6,0.0,10.6,0.0,45.8125,15.1875
2026-04-05 00:00:00+00:00,236,24,0.0,9.2,0.0,45.8125,15.1875
2026-04-05 00:00:00+00:00,325,3,0.0,11.3,0.0,46.5625,15.625
2026-04-05 00:00:00+00:00,325,6,0.0,11.2,0.0,46.5625,15.625
2026-04-05 00:00:00+00:00,325,24,0.0,10.4,0.0,46.5625,15.625
2026-04-05 00:00:00+00:00,391,3,0.0,10.9,0.0,46.6875,16.0625
2026-04-05 00:00:00+00:00,391,6,0.0,11.0,0.0,46.6875,16.0625
2026-04-05 00:00:00+00:00,391,24,0.0,11.2,0.0,46.6875,16.0625
2026-04-05 00:00:00+00:00,422,3,0.0,9.9,0.0,46.25,15.25
2026-04-05 00:00:00+00:00,422,6,0.0,10.1,0.0,46.25,15.25
2026-04-05 00:00:00+00:00,422,24,0.0,9.0,0.0,46.25,15.25
2026-04-05 00:00:00+00:00,425,3,0.0,10.1,0.0,45.9375,15.5
2026-04-05 00:00:00+00:00,425,6,0.0,10.2,0.0,45.9375,15.5
2026-04-05 00:00:00+00:00,425,24,0.0,10.5,0.0,45.9375,15.5
2026-04-05 00:00:00+00:00,426,3,0.0,9.9,0.0,45.5625,13.75
2026-04-05 00:00:00+00:00,426,6,0.0,10.0,0.0,45.5625,13.75
2026-04-05 00:00:00+00:00,426,24,0.0,9.3,0.0,45.5625,13.75
2026-04-05 03:00:00+00:00,63,6,0.0,7.1,0.0,46.375,14.0625
2026-04-05 03:00:00+00:00,63,24,0.0,6.7,0.0,46.375,14.0625
2026-04-05 03:00:00+00:00,76,6,0.0,8.7,0.0,46.3125,14.1875
2026-04-05 03:00:00+00:00,76,24,0.0,8.4,0.0,46.3125,14.1875
2026-04-05 03:00:00+00:00,106,6,0.0,9.1,0.0,46.25,14.375
2026-04-05 03:00:00+00:00,106,24,0.0,7.7,0.0,46.25,14.375
2026-04-05 03:00:00+00:00,122,6,0.0,5.7,0.0,46.0,14.4375
2026-04-05 03:00:00+00:00,122,24,0.0,4.9,0.0,46.0,14.4375
2026-04-05 03:00:00+00:00,127,6,0.0,5.6,0.0,46.125,14.5
2026-04-05 03:00:00+00:00,127,24,0.0,4.9,0.0,46.125,14.5
2026-04-05 03:00:00+00:00,129,6,0.0,6.0,0.0,46.0,14.5
2026-04-05 03:00:00+00:00,129,24,0.0,5.1,0.0,46.0,14.5
2026-04-05 03:00:00+00:00,177,6,0.0,6.3,0.0,45.625,14.8125
2026-04-05 03:00:00+00:00,177,24,0.0,6.6,0.0,45.625,14.8125
2026-04-05 03:00:00+00:00,194,6,0.0,10.0,0.0,46.5,15.0625
2026-04-05 03:00:00+00:00,194,24,0.0,8.8,0.0,46.5,15.0625
2026-04-05 03:00:00+00:00,236,6,0.0,9.2,0.0,45.8125,15.1875
2026-04-05 03:00:00+00:00,236,24,0.0,7.5,0.0,45.8125,15.1875
2026-04-05 03:00:00+00:00,325,6,0.0,9.9,0.0,46.5625,15.625
2026-04-05 03:00:00+00:00,325,24,0.0,9.9,0.0,46.5625,15.625
2026-04-05 03:00:00+00:00,391,6,0.0,9.1,0.0,46.6875,16.0625
2026-04-05 03:00:00+00:00,391,24,0.0,9.9,0.0,46.6875,16.0625
2026-04-05 03:00:00+00:00,422,6,0.0,8.3,0.0,46.25,15.25
2026-04-05 03:00:00+00:00,422,24,0.0,7.9,0.0,46.25,15.25
2026-04-05 03:00:00+00:00,425,6,0.0,9.5,0.0,45.9375,15.5
2026-04-05 03:00:00+00:00,425,24,0.0,9.0,0.0,45.9375,15.5
2026-04-05 03:00:00+00:00,426,6,0.0,9.3,0.0,45.5625,13.75
2026-04-05 03:00:00+00:00,426,24,0.0,8.7,0.0,45.5625,13.75
2026-04-05 06:00:00+00:00,63,24,94.0,6.8,0.0,46.375,14.0625
2026-04-05 06:00:00+00:00,76,24,93.0,9.0,0.0,46.3125,14.1875
2026-04-05 06:00:00+00:00,106,24,96.0,8.4,0.0,46.25,14.375
2026-04-05 06:00:00+00:00,122,24,92.0,6.3,0.0,46.0,14.4375
2026-04-05 06:00:00+00:00,127,24,91.0,4.5,0.0,46.125,14.5
2026-04-05 06:00:00+00:00,129,24,93.0,6.1,0.0,46.0,14.5
2026-04-05 06:00:00+00:00,177,24,103.0,8.0,0.0,45.625,14.8125
2026-04-05 06:00:00+00:00,194,24,101.0,9.4,0.0,46.5,15.0625
2026-04-05 06:00:00+00:00,236,24,102.0,7.7,0.0,45.8125,15.1875
2026-04-05 06:00:00+00:00,325,24,105.0,10.0,0.0,46.5625,15.625
2026-04-05 06:00:00+00:00,391,24,109.0,9.3,0.0,46.6875,16.0625
2026-04-05 06:00:00+00:00,422,24,102.0,7.6,0.0,46.25,15.25
2026-04-05 06:00:00+00:00,425,24,104.0,8.4,0.0,45.9375,15.5
2026-04-05 06:00:00+00:00,426,24,87.0,9.3,0.0,45.5625,13.75
2026-04-05 09:00:00+00:00,63,24,592.0,14.6,0.0,46.375,14.0625
2026-04-05 09:00:00+00:00,76,24,589.0,15.8,0.0,46.3125,14.1875
2026-04-05 09:00:00+00:00,106,24,586.0,15.6,0.0,46.25,14.375
2026-04-05 09:00:00+00:00,122,24,587.0,15.9,0.0,46.0,14.4375
2026-04-05 09:00:00+00:00,127,24,583.0,14.7,0.0,46.125,14.5
2026-04-05 09:00:00+00:00,129,24,587.0,15.5,0.0,46.0,14.5
2026-04-05 09:00:00+00:00,177,24,614.0,15.3,0.0,45.625,14.8125
2026-04-05 09:00:00+00:00,194,24,593.0,16.7,0.0,46.5,15.0625
2026-04-05 09:00:00+00:00,236,24,603.0,16.8,0.0,45.8125,15.1875
2026-04-05 09:00:00+00:00,325,24,590.0,17.7,0.0,46.5625,15.625
2026-04-05 09:00:00+00:00,391,24,595.0,16.7,0.0,46.6875,16.0625
2026-04-05 09:00:00+00:00,422,24,596.0,17.4,0.0,46.25,15.25
2026-04-05 09:00:00+00:00,425,24,599.0,16.6,0.0,45.9375,15.5
2026-04-05 09:00:00+00:00,426,24,583.0,17.4,0.0,45.5625,13.75
2026-04-05 12:00:00+00:00,63,24,782.0,19.1,0.0,46.375,14.0625
2026-04-05 12:00:00+00:00,76,24,781.0,19.9,0.0,46.3125,14.1875
2026-04-05 12:00:00+00:00,106,24,778.0,20.2,0.0,46.25,14.375
2026-04-05 12:00:00+00:00,122,24,778.0,22.0,0.0,46.0,14.4375
2026-04-05 12:00:00+00:00,127,24,772.0,20.8,0.0,46.125,14.5
2026-04-05 12:00:00+00:00,129,24,776.0,21.9,0.0,46.0,14.5
2026-04-05 12:00:00+00:00,177,24,794.0,19.7,0.0,45.625,14.8125
2026-04-05 12:00:00+00:00,194,24,770.0,20.7,0.0,46.5,15.0625
2026-04-05 12:00:00+00:00,236,24,778.0,21.4,0.0,45.8125,15.1875
2026-04-05 12:00:00+00:00,325,24,754.0,22.4,0.0,46.5625,15.625
2026-04-05 12:00:00+00:00,391,24,754.0,21.3,0.0,46.6875,16.0625
2026-04-05 12:00:00+00:00,422,24,771.0,22.3,0.0,46.25,15.25
2026-04-05 12:00:00+00:00,425,24,771.0,21.7,0.0,45.9375,15.5
2026-04-05 12:00:00+00:00,426,24,769.0,19.3,0.0,45.5625,13.75
2026-04-05 15:00:00+00:00,63,24,465.0,18.8,0.0,46.375,14.0625
2026-04-05 15:00:00+00:00,76,24,487.0,20.0,0.0,46.3125,14.1875
2026-04-05 15:00:00+00:00,106,24,480.0,21.2,0.0,46.25,14.375
2026-04-05 15:00:00+00:00,122,24,475.0,21.3,0.0,46.0,14.4375
2026-04-05 15:00:00+00:00,127,24,474.0,21.6,0.0,46.125,14.5
2026-04-05 15:00:00+00:00,129,24,474.0,21.7,0.0,46.0,14.5
2026-04-05 15:00:00+00:00,177,24,479.0,19.0,0.0,45.625,14.8125
2026-04-05 15:00:00+00:00,194,24,469.0,21.8,0.0,46.5,15.0625
2026-04-05 15:00:00+00:00,236,24,468.0,22.5,0.0,45.8125,15.1875
2026-04-05 15:00:00+00:00,325,24,455.0,23.1,0.0,46.5625,15.625
2026-04-05 15:00:00+00:00,391,24,447.0,22.0,0.0,46.6875,16.0625
2026-04-05 15:00:00+00:00,422,24,465.0,23.4,0.0,46.25,15.25
2026-04-05 15:00:00+00:00,425,24,462.0,23.3,0.0,45.9375,15.5
2026-04-05 15:00:00+00:00,426,24,476.0,19.3,0.0,45.5625,13.75
2026-04-05 18:00:00+00:00,63,24,11.0,13.5,0.0,46.375,14.0625
2026-04-05 18:00:00+00:00,76,24,11.0,14.5,0.0,46.3125,14.1875
2026-04-05 18:00:00+00:00,106,24,11.0,15.3,0.0,46.25,14.375
2026-04-05 18:00:00+00:00,122,24,10.0,15.8,0.0,46.0,14.4375
2026-04-05 18:00:00+00:00,127,24,10.0,15.8,0.0,46.125,14.5
2026-04-05 18:00:00+00:00,129,24,9.0,15.8,0.0,46.0,14.5
2026-04-05 18:00:00+00:00,177,24,9.0,12.2,0.0,45.625,14.8125
2026-04-05 18:00:00+00:00,194,24,8.0,16.4,0.0,46.5,15.0625
2026-04-05 18:00:00+00:00,236,24,8.0,17.1,0.0,45.8125,15.1875
2026-04-05 18:00:00+00:00,325,24,6.0,18.9,0.0,46.5625,15.625
2026-04-05 18:00:00+00:00,391,24,6.0,17.2,0.0,46.6875,16.0625
2026-04-05 18:00:00+00:00,422,24,8.0,18.1,0.0,46.25,15.25
2026-04-05 18:00:00+00:00,425,24,7.0,17.7,0.0,45.9375,15.5
2026-04-05 18:00:00+00:00,426,24,12.0,15.7,0.0,45.5625,13.75
2026-04-05 21:00:00+00:00,63,24,0.0,9.7,0.0,46.375,14.0625
2026-04-05 21:00:00+00:00,76,24,0.0,11.0,0.0,46.3125,14.1875
2026-04-05 21:00:00+00:00,106,24,0.0,10.6,0.0,46.25,14.375
2026-04-05 21:00:00+00:00,122,24,0.0,11.0,0.0,46.0,14.4375
2026-04-05 21:00:00+00:00,127,24,0.0,11.7,0.0,46.125,14.5
2026-04-05 21:00:00+00:00,129,24,0.0,11.0,0.0,46.0,14.5
2026-04-05 21:00:00+00:00,177,24,0.0,7.3,0.0,45.625,14.8125
2026-04-05 21:00:00+00:00,194,24,0.0,13.2,0.0,46.5,15.0625
2026-04-05 21:00:00+00:00,236,24,0.0,11.8,0.0,45.8125,15.1875
2026-04-05 21:00:00+00:00,325,24,0.0,14.6,0.0,46.5625,15.625
2026-04-05 21:00:00+00:00,391,24,0.0,13.1,0.0,46.6875,16.0625
2026-04-05 21:00:00+00:00,422,24,0.0,11.4,0.0,46.25,15.25
2026-04-05 21:00:00+00:00,425,24,0.0,12.0,0.0,45.9375,15.5
2026-04-05 21:00:00+00:00,426,24,0.0,11.6,0.0,45.5625,13.75
2026-04-05 01:00:00+00:00,63,1,0.0,7.6,0.0,46.375,14.0625
2026-04-05 01:00:00+00:00,76,1,0.0,9.3,0.0,46.3125,14.1875
2026-04-05 01:00:00+00:00,106,1,0.0,9.8,0.0,46.25,14.375
2026-04-05 01:00:00+00:00,122,1,0.0,6.0,0.0,46.0,14.4375
2026-04-05 01:00:00+00:00,127,1,0.0,7.2,0.0,46.125,14.5
2026-04-05 01:00:00+00:00,129,1,0.0,6.0,0.0,46.0,14.5
2026-04-05 01:00:00+00:00,177,1,0.0,7.4,0.0,45.625,14.8125
2026-04-05 01:00:00+00:00,194,1,0.0,11.2,0.0,46.5,15.0625
2026-04-05 01:00:00+00:00,236,1,0.0,10.1,0.0,45.8125,15.1875
2026-04-05 01:00:00+00:00,325,1,0.0,10.7,0.0,46.5625,15.625
2026-04-05 01:00:00+00:00,391,1,0.0,10.4,0.0,46.6875,16.0625
2026-04-05 01:00:00+00:00,422,1,0.0,9.0,0.0,46.25,15.25
2026-04-05 01:00:00+00:00,425,1,0.0,10.0,0.0,45.9375,15.5
2026-04-05 01:00:00+00:00,426,1,0.0,9.7,0.0,45.5625,13.75
2026-04-05 02:00:00+00:00,63,2,0.0,7.3,0.0,46.375,14.0625
2026-04-05 02:00:00+00:00,76,2,0.0,9.1,0.0,46.3125,14.1875
2026-04-05 02:00:00+00:00,106,2,0.0,9.6,0.0,46.25,14.375
2026-04-05 02:00:00+00:00,122,2,0.0,5.6,0.0,46.0,14.4375
2026-04-05 02:00:00+00:00,127,2,0.0,6.4,0.0,46.125,14.5
2026-04-05 02:00:00+00:00,129,2,0.0,5.6,0.0,46.0,14.5
2026-04-05 02:00:00+00:00,177,2,0.0,7.4,0.0,45.625,14.8125
2026-04-05 02:00:00+00:00,194,2,0.0,10.5,0.0,46.5,15.0625
2026-04-05 02:00:00+00:00,236,2,0.0,9.8,0.0,45.8125,15.1875
2026-04-05 02:00:00+00:00,325,2,0.0,10.5,0.0,46.5625,15.625
2026-04-05 02:00:00+00:00,391,2,0.0,10.0,0.0,46.6875,16.0625
2026-04-05 02:00:00+00:00,422,2,0.0,8.5,0.0,46.25,15.25
2026-04-05 02:00:00+00:00,425,2,0.0,9.8,0.0,45.9375,15.5
2026-04-05 02:00:00+00:00,426,2,0.0,9.3,0.0,45.5625,13.75
2026-04-05 03:00:00+00:00,63,3,0.0,6.9,0.0,46.375,14.0625
2026-04-05 03:00:00+00:00,76,3,0.0,8.7,0.0,46.3125,14.1875
2026-04-05 03:00:00+00:00,106,3,0.0,9.1,0.0,46.25,14.375
2026-04-05 03:00:00+00:00,122,3,0.0,5.7,0.0,46.0,14.4375
2026-04-05 03:00:00+00:00,127,3,0.0,5.5,0.0,46.125,14.5
2026-04-05 03:00:00+00:00,129,3,0.0,5.8,0.0,46.0,14.5
2026-04-05 03:00:00+00:00,177,3,0.0,7.5,0.0,45.625,14.8125
2026-04-05 03:00:00+00:00,194,3,0.0,10.1,0.0,46.5,15.0625
2026-04-05 03:00:00+00:00,236,3,0.0,9.4,0.0,45.8125,15.1875
2026-04-05 03:00:00+00:00,325,3,0.0,10.2,0.0,46.5625,15.625
2026-04-05 03:00:00+00:00,391,3,0.0,9.2,0.0,46.6875,16.0625
2026-04-05 03:00:00+00:00,422,3,0.0,8.2,0.0,46.25,15.25
2026-04-05 03:00:00+00:00,425,3,0.0,9.5,0.0,45.9375,15.5
2026-04-05 03:00:00+00:00,426,3,0.0,9.2,0.0,45.5625,13.75
2026-04-05 04:00:00+00:00,63,1,0.0,5.9,0.0,46.375,14.0625
2026-04-05 04:00:00+00:00,76,1,0.0,8.1,0.0,46.3125,14.1875
2026-04-05 04:00:00+00:00,106,1,0.0,8.2,0.0,46.25,14.375
2026-04-05 04:00:00+00:00,122,1,0.0,4.5,0.0,46.0,14.4375
2026-04-05 04:00:00+00:00,127,1,0.0,4.3,0.0,46.125,14.5
2026-04-05 04:00:00+00:00,129,1,0.0,4.4,0.0,46.0,14.5
2026-04-05 04:00:00+00:00,177,1,0.0,5.3,0.0,45.625,14.8125
2026-04-05 04:00:00+00:00,194,1,0.0,9.1,0.0,46.5,15.0625
2026-04-05 04:00:00+00:00,236,1,0.0,8.0,0.0,45.8125,15.1875
2026-04-05 04:00:00+00:00,325,1,0.0,9.1,0.0,46.5625,15.625
2026-04-05 04:00:00+00:00,391,1,0.0,8.0,0.0,46.6875,16.0625
2026-04-05 04:00:00+00:00,422,1,0.0,7.0,0.0,46.25,15.25
2026-04-05 04:00:00+00:00,425,1,0.0,8.3,0.0,45.9375,15.5
2026-04-05 04:00:00+00:00,426,1,0.0,8.5,0.0,45.5625,13.75
2026-04-05 05:00:00+00:00,63,2,4.0,5.5,0.0,46.375,14.0625
2026-04-05 05:00:00+00:00,76,2,4.0,7.8,0.0,46.3125,14.1875
2026-04-05 05:00:00+00:00,106,2,5.0,7.7,0.0,46.25,14.375
2026-04-05 05:00:00+00:00,122,2,4.0,4.3,0.0,46.0,14.4375
2026-04-05 05:00:00+00:00,127,2,4.0,3.5,0.0,46.125,14.5
2026-04-05 05:00:00+00:00,129,2,4.0,4.2,0.0,46.0,14.5
2026-04-05 05:00:00+00:00,177,2,5.0,5.0,0.0,45.625,14.8125
2026-04-05 05:00:00+00:00,194,2,6.0,8.3,0.0,46.5,15.0625
2026-04-05 05:00:00+00:00,236,2,6.0,7.2,0.0,45.8125,15.1875
2026-04-05 05:00:00+00:00,325,2,7.0,8.8,0.0,46.5625,15.625
2026-04-05 05:00:00+00:00,391,2,8.0,7.7,0.0,46.6875,16.0625
2026-04-05 05:00:00+00:00,422,2,6.0,6.8,0.0,46.25,15.25
2026-04-05 05:00:00+00:00,425,2,6.0,7.6,0.0,45.9375,15.5
2026-04-05 05:00:00+00:00,426,2,3.0,8.2,0.0,45.5625,13.75
2026-04-05 06:00:00+00:00,63,3,93.0,6.5,0.0,46.375,14.0625
2026-04-05 06:00:00+00:00,63,6,94.0,7.1,0.0,46.375,14.0625
2026-04-05 06:00:00+00:00,76,3,94.0,9.2,0.0,46.3125,14.1875
2026-04-05 06:00:00+00:00,76,6,94.0,9.5,0.0,46.3125,14.1875
2026-04-05 06:00:00+00:00,106,3,97.0,8.8,0.0,46.25,14.375
2026-04-05 06:00:00+00:00,106,6,98.0,9.4,0.0,46.25,14.375
2026-04-05 06:00:00+00:00,122,3,92.0,6.2,0.0,46.0,14.4375
2026-04-05 06:00:00+00:00,122,6,93.0,6.5,0.0,46.0,14.4375
2026-04-05 06:00:00+00:00,127,3,90.0,4.6,0.0,46.125,14.5
2026-04-05 06:00:00+00:00,127,6,92.0,5.0,0.0,46.125,14.5
2026-04-05 06:00:00+00:00,129,3,93.0,5.7,0.0,46.0,14.5
2026-04-05 06:00:00+00:00,129,6,94.0,6.3,0.0,46.0,14.5
2026-04-05 06:00:00+00:00,177,3,104.0,7.1,0.0,45.625,14.8125
2026-04-05 06:00:00+00:00,177,6,104.0,7.6,0.0,45.625,14.8125
2026-04-05 06:00:00+00:00,194,3,101.0,9.5,0.0,46.5,15.0625
2026-04-05 06:00:00+00:00,194,6,102.0,10.6,0.0,46.5,15.0625
2026-04-05 06:00:00+00:00,236,3,103.0,8.5,0.0,45.8125,15.1875
2026-04-05 06:00:00+00:00,236,6,100.0,9.4,0.0,45.8125,15.1875
2026-04-05 06:00:00+00:00,325,3,104.0,10.3,0.0,46.5625,15.625
2026-04-05 06:00:00+00:00,325,6,102.0,10.9,0.0,46.5625,15.625
2026-04-05 06:00:00+00:00,391,3,107.0,8.8,0.0,46.6875,16.0625
2026-04-05 06:00:00+00:00,391,6,107.0,9.2,0.0,46.6875,16.0625
2026-04-05 06:00:00+00:00,422,3,102.0,8.3,0.0,46.25,15.25
2026-04-05 06:00:00+00:00,422,6,102.0,8.8,0.0,46.25,15.25
2026-04-05 06:00:00+00:00,425,3,104.0,8.9,0.0,45.9375,15.5
2026-04-05 06:00:00+00:00,425,6,104.0,9.7,0.0,45.9375,15.5
2026-04-05 06:00:00+00:00,426,3,87.0,9.5,0.0,45.5625,13.75
2026-04-05 06:00:00+00:00,426,6,87.0,9.8,0.0,45.5625,13.75
2026-04-05 07:00:00+00:00,63,1,262.0,9.6,0.0,46.375,14.0625
2026-04-05 07:00:00+00:00,76,1,262.0,12.1,0.0,46.3125,14.1875
2026-04-05 07:00:00+00:00,106,1,266.0,11.6,0.0,46.25,14.375
2026-04-05 07:00:00+00:00,122,1,260.0,10.6,0.0,46.0,14.4375
2026-04-05 07:00:00+00:00,127,1,256.0,7.8,0.0,46.125,14.5
2026-04-05 07:00:00+00:00,129,1,260.0,9.5,0.0,46.0,14.5
2026-04-05 07:00:00+00:00,177,1,279.0,10.6,0.0,45.625,14.8125
2026-04-05 07:00:00+00:00,194,1,269.0,12.3,0.0,46.5,15.0625
2026-04-05 07:00:00+00:00,236,1,273.0,12.0,0.0,45.8125,15.1875
2026-04-05 07:00:00+00:00,325,1,271.0,13.9,0.0,46.5625,15.625
2026-04-05 07:00:00+00:00,391,1,274.0,12.7,0.0,46.6875,16.0625
2026-04-05 07:00:00+00:00,422,1,270.0,11.9,0.0,46.25,15.25
2026-04-05 07:00:00+00:00,425,1,274.0,12.4,0.0,45.9375,15.5
2026-04-05 07:00:00+00:00,426,1,253.0,13.0,0.0,45.5625,13.75
2026-04-05 08:00:00+00:00,63,2,438.0,12.7,0.0,46.375,14.0625
2026-04-05 08:00:00+00:00,76,2,439.0,14.2,0.0,46.3125,14.1875
2026-04-05 08:00:00+00:00,106,2,442.0,13.6,0.0,46.25,14.375
2026-04-05 08:00:00+00:00,122,2,435.0,13.5,0.0,46.0,14.4375
2026-04-05 08:00:00+00:00,127,2,433.0,11.6,0.0,46.125,14.5
2026-04-05 08:00:00+00:00,129,2,435.0,12.6,0.0,46.0,14.5
2026-04-05 08:00:00+00:00,177,2,459.0,13.2,0.0,45.625,14.8125
2026-04-05 08:00:00+00:00,194,2,442.0,14.7,0.0,46.5,15.0625
2026-04-05 08:00:00+00:00,236,2,450.0,14.8,0.0,45.8125,15.1875
2026-04-05 08:00:00+00:00,325,2,442.0,16.0,0.0,46.5625,15.625
2026-04-05 08:00:00+00:00,391,2,446.0,15.2,0.0,46.6875,16.0625
2026-04-05 08:00:00+00:00,422,2,445.0,14.8,0.0,46.25,15.25
2026-04-05 08:00:00+00:00,425,2,448.0,14.6,0.0,45.9375,15.5
2026-04-05 08:00:00+00:00,426,2,429.0,15.8,0.0,45.5625,13.75
2026-04-05 09:00:00+00:00,63,3,595.0,15.0,0.0,46.375,14.0625
2026-04-05 09:00:00+00:00,63,6,592.0,14.8,0.0,46.375,14.0625
2026-04-05 09:00:00+00:00,76,3,593.0,16.0,0.0,46.3125,14.1875
2026-04-05 09:00:00+00:00,76,6,592.0,16.0,0.0,46.3125,14.1875
2026-04-05 09:00:00+00:00,106,3,596.0,15.8,0.0,46.25,14.375
2026-04-05 09:00:00+00:00,106,6,595.0,15.7,0.0,46.25,14.375
2026-04-05 09:00:00+00:00,122,3,589.0,16.3,0.0,46.0,14.4375
2026-04-05 09:00:00+00:00,122,6,590.0,16.3,0.0,46.0,14.4375
2026-04-05 09:00:00+00:00,127,3,587.0,15.0,0.0,46.125,14.5
2026-04-05 09:00:00+00:00,127,6,587.0,15.0,0.0,46.125,14.5
2026-04-05 09:00:00+00:00,129,3,589.0,15.7,0.0,46.0,14.5
2026-04-05 09:00:00+00:00,129,6,589.0,15.8,0.0,46.0,14.5
2026-04-05 09:00:00+00:00,177,3,614.0,15.5,0.0,45.625,14.8125
2026-04-05 09:00:00+00:00,177,6,615.0,15.5,0.0,45.625,14.8125
2026-04-05 09:00:00+00:00,194,3,592.0,16.7,0.0,46.5,15.0625
2026-04-05 09:00:00+00:00,194,6,592.0,16.7,0.0,46.5,15.0625
2026-04-05 09:00:00+00:00,236,3,603.0,17.0,0.0,45.8125,15.1875
2026-04-05 09:00:00+00:00,236,6,603.0,17.0,0.0,45.8125,15.1875
2026-04-05 09:00:00+00:00,325,3,590.0,18.0,0.0,46.5625,15.625
2026-04-05 09:00:00+00:00,325,6,590.0,17.8,0.0,46.5625,15.625
2026-04-05 09:00:00+00:00,391,3,594.0,17.3,0.0,46.6875,16.0625
2026-04-05 09:00:00+00:00,391,6,594.0,17.2,0.0,46.6875,16.0625
2026-04-05 09:00:00+00:00,422,3,596.0,17.4,0.0,46.25,15.25
2026-04-05 09:00:00+00:00,422,6,595.0,17.3,0.0,46.25,15.25
2026-04-05 09:00:00+00:00,425,3,599.0,16.6,0.0,45.9375,15.5
2026-04-05 09:00:00+00:00,425,6,598.0,16.5,0.0,45.9375,15.5
2026-04-05 09:00:00+00:00,426,3,583.0,17.2,0.0,45.5625,13.75
2026-04-05 09:00:00+00:00,426,6,581.0,16.8,0.0,45.5625,13.75
2026-04-05 10:00:00+00:00,63,1,710.0,16.9,0.0,46.375,14.0625
2026-04-05 10:00:00+00:00,76,1,707.0,17.5,0.0,46.3125,14.1875
2026-04-05 10:00:00+00:00,106,1,707.0,17.5,0.0,46.25,14.375
2026-04-05 10:00:00+00:00,122,1,704.0,18.4,0.0,46.0,14.4375
2026-04-05 10:00:00+00:00,127,1,702.0,17.2,0.0,46.125,14.5
2026-04-05 10:00:00+00:00,129,1,704.0,18.0,0.0,46.0,14.5
2026-04-05 10:00:00+00:00,177,1,726.0,17.6,0.0,45.625,14.8125
2026-04-05 10:00:00+00:00,194,1,703.0,18.2,0.0,46.5,15.0625
2026-04-05 10:00:00+00:00,236,1,715.0,19.0,0.0,45.8125,15.1875
2026-04-05 10:00:00+00:00,325,1,698.0,19.6,0.0,46.5625,15.625
2026-04-05 10:00:00+00:00,391,1,701.0,19.2,0.0,46.6875,16.0625
2026-04-05 10:00:00+00:00,422,1,706.0,19.7,0.0,46.25,15.25
2026-04-05 10:00:00+00:00,425,1,709.0,18.5,0.0,45.9375,15.5
2026-04-05 10:00:00+00:00,426,1,698.0,18.3,0.0,45.5625,13.75
2026-04-05 11:00:00+00:00,63,2,774.0,18.3,0.0,46.375,14.0625
2026-04-05 11:00:00+00:00,76,2,773.0,18.9,0.0,46.3125,14.1875
2026-04-05 11:00:00+00:00,106,2,769.0,19.1,0.0,46.25,14.375
2026-04-05 11:00:00+00:00,122,2,767.0,20.7,0.0,46.0,14.4375
2026-04-05 11:00:00+00:00,127,2,763.0,19.2,0.0,46.125,14.5
2026-04-05 11:00:00+00:00,129,2,766.0,20.1,0.0,46.0,14.5
2026-04-05 11:00:00+00:00,177,2,790.0,19.1,0.0,45.625,14.8125
2026-04-05 11:00:00+00:00,194,2,763.0,19.7,0.0,46.5,15.0625
2026-04-05 11:00:00+00:00,236,2,774.0,20.2,0.0,45.8125,15.1875
2026-04-05 11:00:00+00:00,325,2,756.0,21.2,0.0,46.5625,15.625
2026-04-05 11:00:00+00:00,391,2,756.0,20.5,0.0,46.6875,16.0625
2026-04-05 11:00:00+00:00,422,2,765.0,21.3,0.0,46.25,15.25
2026-04-05 11:00:00+00:00,425,2,767.0,20.4,0.0,45.9375,15.5
2026-04-05 11:00:00+00:00,426,2,762.0,18.8,0.0,45.5625,13.75
2026-04-05 12:00:00+00:00,63,3,778.0,19.2,0.0,46.375,14.0625
2026-04-05 12:00:00+00:00,63,6,775.0,19.4,0.0,46.375,14.0625
2026-04-05 12:00:00+00:00,76,3,781.0,20.0,0.0,46.3125,14.1875
2026-04-05 12:00:00+00:00,76,6,780.0,20.2,0.0,46.3125,14.1875
2026-04-05 12:00:00+00:00,106,3,778.0,20.5,0.0,46.25,14.375
2026-04-05 12:00:00+00:00,106,6,779.0,20.6,0.0,46.25,14.375
2026-04-05 12:00:00+00:00,122,3,778.0,22.2,0.0,46.0,14.4375
2026-04-05 12:00:00+00:00,122,6,778.0,22.2,0.0,46.0,14.4375
2026-04-05 12:00:00+00:00,127,3,772.0,21.2,0.0,46.125,14.5
2026-04-05 12:00:00+00:00,127,6,772.0,21.4,0.0,46.125,14.5
2026-04-05 12:00:00+00:00,129,3,776.0,22.3,0.0,46.0,14.5
2026-04-05 12:00:00+00:00,129,6,777.0,22.5,0.0,46.0,14.5
2026-04-05 12:00:00+00:00,177,3,793.0,19.7,0.0,45.625,14.8125
2026-04-05 12:00:00+00:00,177,6,795.0,19.8,0.0,45.625,14.8125
2026-04-05 12:00:00+00:00,194,3,768.0,20.8,0.0,46.5,15.0625
2026-04-05 12:00:00+00:00,194,6,761.0,20.9,0.0,46.5,15.0625
2026-04-05 12:00:00+00:00,236,3,775.0,21.3,0.0,45.8125,15.1875
2026-04-05 12:00:00+00:00,236,6,775.0,21.4,0.0,45.8125,15.1875
2026-04-05 12:00:00+00:00,325,3,757.0,22.5,0.0,46.5625,15.625
2026-04-05 12:00:00+00:00,325,6,754.0,22.6,0.0,46.5625,15.625
2026-04-05 12:00:00+00:00,391,3,754.0,21.4,0.0,46.6875,16.0625
2026-04-05 12:00:00+00:00,391,6,754.0,21.5,0.0,46.6875,16.0625
2026-04-05 12:00:00+00:00,422,3,769.0,22.5,0.0,46.25,15.25
2026-04-05 12:00:00+00:00,422,6,767.0,22.6,0.0,46.25,15.25
2026-04-05 12:00:00+00:00,425,3,769.0,21.9,0.0,45.9375,15.5
2026-04-05 12:00:00+00:00,425,6,768.0,21.8,0.0,45.9375,15.5
2026-04-05 12:00:00+00:00,426,3,770.0,19.1,0.0,45.5625,13.75
2026-04-05 12:00:00+00:00,426,6,770.0,19.0,0.0,45.5625,13.75
2026-04-05 13:00:00+00:00,63,1,718.0,19.5,0.0,46.375,14.0625
2026-04-05 13:00:00+00:00,76,1,739.0,20.7,0.0,46.3125,14.1875
2026-04-05 13:00:00+00:00,106,1,730.0,21.6,0.0,46.25,14.375
2026-04-05 13:00:00+00:00,122,1,729.0,22.5,0.0,46.0,14.4375
2026-04-05 13:00:00+00:00,127,1,724.0,22.4,0.0,46.125,14.5
2026-04-05 13:00:00+00:00,129,1,728.0,22.8,0.0,46.0,14.5
2026-04-05 13:00:00+00:00,177,1,739.0,20.1,0.0,45.625,14.8125
2026-04-05 13:00:00+00:00,194,1,719.0,21.7,0.0,46.5,15.0625
2026-04-05 13:00:00+00:00,236,1,721.0,22.2,0.0,45.8125,15.1875
2026-04-05 13:00:00+00:00,325,1,706.0,23.3,0.0,46.5625,15.625
2026-04-05 13:00:00+00:00,391,1,700.0,22.3,0.0,46.6875,16.0625
2026-04-05 13:00:00+00:00,422,1,718.0,23.3,0.0,46.25,15.25
2026-04-05 13:00:00+00:00,425,1,715.0,22.9,0.0,45.9375,15.5
2026-04-05 13:00:00+00:00,426,1,723.0,19.4,0.0,45.5625,13.75
2026-04-05 14:00:00+00:00,63,2,619.0,19.3,0.0,46.375,14.0625
2026-04-05 14:00:00+00:00,76,2,635.0,20.5,0.0,46.3125,14.1875
2026-04-05 14:00:00+00:00,106,2,628.0,21.9,0.0,46.25,14.375
2026-04-05 14:00:00+00:00,122,2,626.0,22.1,0.0,46.0,14.4375
2026-04-05 14:00:00+00:00,127,2,622.0,22.3,0.0,46.125,14.5
2026-04-05 14:00:00+00:00,129,2,625.0,22.4,0.0,46.0,14.5
2026-04-05 14:00:00+00:00,177,2,632.0,19.6,0.0,45.625,14.8125
2026-04-05 14:00:00+00:00,194,2,614.0,22.0,0.0,46.5,15.0625
2026-04-05 14:00:00+00:00,236,2,617.0,22.6,0.0,45.8125,15.1875
2026-04-05 14:00:00+00:00,325,2,603.0,23.6,0.0,46.5625,15.625
2026-04-05 14:00:00+00:00,391,2,595.0,22.7,0.0,46.6875,16.0625
2026-04-05 14:00:00+00:00,422,2,614.0,23.6,0.0,46.25,15.25
2026-04-05 14:00:00+00:00,425,2,610.0,23.3,0.0,45.9375,15.5
2026-04-05 14:00:00+00:00,426,2,622.0,19.4,0.0,45.5625,13.75
2026-04-05 15:00:00+00:00,63,3,479.0,18.7,0.0,46.375,14.0625
2026-04-05 15:00:00+00:00,63,6,468.0,18.6,0.0,46.375,14.0625
2026-04-05 15:00:00+00:00,76,3,484.0,19.9,0.0,46.3125,14.1875
2026-04-05 15:00:00+00:00,76,6,484.0,19.8,0.0,46.3125,14.1875
2026-04-05 15:00:00+00:00,106,3,483.0,21.1,0.0,46.25,14.375
2026-04-05 15:00:00+00:00,106,6,480.0,21.0,0.0,46.25,14.375
2026-04-05 15:00:00+00:00,122,3,479.0,21.2,0.0,46.0,14.4375
2026-04-05 15:00:00+00:00,122,6,477.0,21.1,0.0,46.0,14.4375
2026-04-05 15:00:00+00:00,127,3,476.0,21.5,0.0,46.125,14.5
2026-04-05 15:00:00+00:00,127,6,475.0,21.3,0.0,46.125,14.5
2026-04-05 15:00:00+00:00,129,3,478.0,21.5,0.0,46.0,14.5
2026-04-05 15:00:00+00:00,129,6,477.0,21.4,0.0,46.0,14.5
2026-04-05 15:00:00+00:00,177,3,487.0,18.7,0.0,45.625,14.8125
2026-04-05 15:00:00+00:00,177,6,487.0,18.4,0.0,45.625,14.8125
2026-04-05 15:00:00+00:00,194,3,462.0,21.8,0.0,46.5,15.0625
2026-04-05 15:00:00+00:00,194,6,453.0,21.8,0.0,46.5,15.0625
2026-04-05 15:00:00+00:00,236,3,469.0,22.4,0.0,45.8125,15.1875
2026-04-05 15:00:00+00:00,236,6,468.0,22.4,0.0,45.8125,15.1875
2026-04-05 15:00:00+00:00,325,3,455.0,23.5,0.0,46.5625,15.625
2026-04-05 15:00:00+00:00,325,6,453.0,23.3,0.0,46.5625,15.625
2026-04-05 15:00:00+00:00,391,3,448.0,22.6,0.0,46.6875,16.0625
2026-04-05 15:00:00+00:00,391,6,447.0,22.4,0.0,46.6875,16.0625
2026-04-05 15:00:00+00:00,422,3,465.0,23.4,0.0,46.25,15.25
2026-04-05 15:00:00+00:00,422,6,465.0,23.3,0.0,46.25,15.25
2026-04-05 15:00:00+00:00,425,3,462.0,23.4,0.0,45.9375,15.5
2026-04-05 15:00:00+00:00,425,6,461.0,23.2,0.0,45.9375,15.5
2026-04-05 15:00:00+00:00,426,3,477.0,19.0,0.0,45.5625,13.75
2026-04-05 15:00:00+00:00,426,6,476.0,18.8,0.0,45.5625,13.75
2026-04-05 16:00:00+00:00,63,1,306.0,17.8,0.0,46.375,14.0625
2026-04-05 16:00:00+00:00,76,1,307.0,19.1,0.0,46.3125,14.1875
2026-04-05 16:00:00+00:00,106,1,307.0,20.2,0.0,46.25,14.375
2026-04-05 16:00:00+00:00,122,1,303.0,20.4,0.0,46.0,14.4375
2026-04-05 16:00:00+00:00,127,1,301.0,20.6,0.0,46.125,14.5
2026-04-05 16:00:00+00:00,129,1,302.0,20.8,0.0,46.0,14.5
2026-04-05 16:00:00+00:00,177,1,309.0,17.9,0.0,45.625,14.8125
2026-04-05 16:00:00+00:00,194,1,292.0,21.5,0.0,46.5,15.0625
2026-04-05 16:00:00+00:00,236,1,294.0,22.3,0.0,45.8125,15.1875
2026-04-05 16:00:00+00:00,325,1,282.0,23.3,0.0,46.5625,15.625
2026-04-05 16:00:00+00:00,391,1,276.0,22.7,0.0,46.6875,16.0625
2026-04-05 16:00:00+00:00,422,1,291.0,23.2,0.0,46.25,15.25
2026-04-05 16:00:00+00:00,425,1,288.0,23.4,0.0,45.9375,15.5
2026-04-05 16:00:00+00:00,426,1,304.0,18.5,0.0,45.5625,13.75
2026-04-05 17:00:00+00:00,63,2,128.0,16.4,0.0,46.375,14.0625
2026-04-05 17:00:00+00:00,76,2,127.0,17.5,0.0,46.3125,14.1875
2026-04-05 17:00:00+00:00,106,2,126.0,18.5,0.0,46.25,14.375
2026-04-05 17:00:00+00:00,122,2,124.0,18.6,0.0,46.0,14.4375
2026-04-05 17:00:00+00:00,127,2,123.0,18.8,0.0,46.125,14.5
2026-04-05 17:00:00+00:00,129,2,123.0,19.1,0.0,46.0,14.5
2026-04-05 17:00:00+00:00,177,2,126.0,16.1,0.0,45.625,14.8125
2026-04-05 17:00:00+00:00,194,2,116.0,19.9,0.0,46.5,15.0625
2026-04-05 17:00:00+00:00,236,2,117.0,21.2,0.0,45.8125,15.1875
2026-04-05 17:00:00+00:00,325,2,110.0,21.9,0.0,46.5625,15.625
2026-04-05 17:00:00+00:00,391,2,104.0,21.0,0.0,46.6875,16.0625
2026-04-05 17:00:00+00:00,422,2,115.0,21.4,0.0,46.25,15.25
2026-04-05 17:00:00+00:00,425,2,113.0,21.9,0.0,45.9375,15.5
2026-04-05 17:00:00+00:00,426,2,128.0,17.1,0.0,45.5625,13.75
2026-04-05 18:00:00+00:00,63,3,11.0,13.6,0.0,46.375,14.0625
2026-04-05 18:00:00+00:00,63,6,11.0,13.3,0.0,46.375,14.0625
2026-04-05 18:00:00+00:00,76,3,11.0,14.6,0.0,46.3125,14.1875
2026-04-05 18:00:00+00:00,76,6,11.0,14.4,0.0,46.3125,14.1875
2026-04-05 18:00:00+00:00,106,3,10.0,15.4,0.0,46.25,14.375
2026-04-05 18:00:00+00:00,106,6,10.0,15.1,0.0,46.25,14.375
2026-04-05 18:00:00+00:00,122,3,10.0,15.9,0.0,46.0,14.4375
2026-04-05 18:00:00+00:00,122,6,9.0,15.6,0.0,46.0,14.4375
2026-04-05 18:00:00+00:00,127,3,10.0,15.9,0.0,46.125,14.5
2026-04-05 18:00:00+00:00,127,6,10.0,15.6,0.0,46.125,14.5
2026-04-05 18:00:00+00:00,129,3,10.0,16.0,0.0,46.0,14.5
2026-04-05 18:00:00+00:00,129,6,10.0,15.6,0.0,46.0,14.5
2026-04-05 18:00:00+00:00,177,3,9.0,12.0,0.0,45.625,14.8125
2026-04-05 18:00:00+00:00,177,6,9.0,11.7,0.0,45.625,14.8125
2026-04-05 18:00:00+00:00,194,3,8.0,16.4,0.0,46.5,15.0625
2026-04-05 18:00:00+00:00,194,6,8.0,16.1,0.0,46.5,15.0625
2026-04-05 18:00:00+00:00,236,3,8.0,17.4,0.0,45.8125,15.1875
2026-04-05 18:00:00+00:00,236,6,8.0,16.8,0.0,45.8125,15.1875
2026-04-05 18:00:00+00:00,325,3,7.0,19.3,0.0,46.5625,15.625
2026-04-05 18:00:00+00:00,325,6,6.0,18.7,0.0,46.5625,15.625
2026-04-05 18:00:00+00:00,391,3,6.0,17.6,0.0,46.6875,16.0625
2026-04-05 18:00:00+00:00,391,6,6.0,17.4,0.0,46.6875,16.0625
2026-04-05 18:00:00+00:00,422,3,8.0,17.6,0.0,46.25,15.25
2026-04-05 18:00:00+00:00,422,6,8.0,17.1,0.0,46.25,15.25
2026-04-05 18:00:00+00:00,425,3,7.0,17.7,0.0,45.9375,15.5
2026-04-05 18:00:00+00:00,425,6,7.0,17.2,0.0,45.9375,15.5
2026-04-05 18:00:00+00:00,426,3,12.0,15.4,0.0,45.5625,13.75
2026-04-05 18:00:00+00:00,426,6,12.0,15.3,0.0,45.5625,13.75
2026-04-05 19:00:00+00:00,63,1,0.0,11.9,0.0,46.375,14.0625
2026-04-05 19:00:00+00:00,76,1,0.0,13.3,0.0,46.3125,14.1875
2026-04-05 19:00:00+00:00,106,1,0.0,13.7,0.0,46.25,14.375
2026-04-05 19:00:00+00:00,122,1,0.0,14.5,0.0,46.0,14.4375
2026-04-05 19:00:00+00:00,127,1,0.0,14.4,0.0,46.125,14.5
2026-04-05 19:00:00+00:00,129,1,0.0,14.2,0.0,46.0,14.5
2026-04-05 19:00:00+00:00,177,1,0.0,9.9,0.0,45.625,14.8125
2026-04-05 19:00:00+00:00,194,1,0.0,14.7,0.0,46.5,15.0625
2026-04-05 19:00:00+00:00,236,1,0.0,15.1,0.0,45.8125,15.1875
2026-04-05 19:00:00+00:00,325,1,0.0,17.1,0.0,46.5625,15.625
2026-04-05 19:00:00+00:00,391,1,0.0,16.0,0.0,46.6875,16.0625
2026-04-05 19:00:00+00:00,422,1,0.0,15.3,0.0,46.25,15.25
2026-04-05 19:00:00+00:00,425,1,0.0,15.7,0.0,45.9375,15.5
2026-04-05 19:00:00+00:00,426,1,0.0,14.7,0.0,45.5625,13.75
2026-04-05 20:00:00+00:00,63,2,0.0,10.7,0.0,46.375,14.0625
2026-04-05 20:00:00+00:00,76,2,0.0,12.2,0.0,46.3125,14.1875
2026-04-05 20:00:00+00:00,106,2,0.0,11.8,0.0,46.25,14.375
2026-04-05 20:00:00+00:00,122,2,0.0,12.9,0.0,46.0,14.4375
2026-04-05 20:00:00+00:00,127,2,0.0,13.1,0.0,46.125,14.5
2026-04-05 20:00:00+00:00,129,2,0.0,12.8,0.0,46.0,14.5
2026-04-05 20:00:00+00:00,177,2,0.0,8.6,0.0,45.625,14.8125
2026-04-05 20:00:00+00:00,194,2,0.0,13.7,0.0,46.5,15.0625
2026-04-05 20:00:00+00:00,236,2,0.0,13.1,0.0,45.8125,15.1875
2026-04-05 20:00:00+00:00,325,2,0.0,15.5,0.0,46.5625,15.625
2026-04-05 20:00:00+00:00,391,2,0.0,14.5,0.0,46.6875,16.0625
2026-04-05 20:00:00+00:00,422,2,0.0,12.8,0.0,46.25,15.25
2026-04-05 20:00:00+00:00,425,2,0.0,13.8,0.0,45.9375,15.5
2026-04-05 20:00:00+00:00,426,2,0.0,13.0,0.0,45.5625,13.75
2026-04-05 21:00:00+00:00,63,3,0.0,10.1,0.0,46.375,14.0625
2026-04-05 21:00:00+00:00,63,6,0.0,10.3,0.0,46.375,14.0625
2026-04-05 21:00:00+00:00,76,3,0.0,11.4,0.0,46.3125,14.1875
2026-04-05 21:00:00+00:00,76,6,0.0,11.5,0.0,46.3125,14.1875
2026-04-05 21:00:00+00:00,106,3,0.0,10.8,0.0,46.25,14.375
2026-04-05 21:00:00+00:00,106,6,0.0,11.0,0.0,46.25,14.375
2026-04-05 21:00:00+00:00,122,3,0.0,11.5,0.0,46.0,14.4375
2026-04-05 21:00:00+00:00,122,6,0.0,11.2,0.0,46.0,14.4375
2026-04-05 21:00:00+00:00,127,3,0.0,12.0,0.0,46.125,14.5
2026-04-05 21:00:00+00:00,127,6,0.0,11.8,0.0,46.125,14.5
2026-04-05 21:00:00+00:00,129,3,0.0,11.4,0.0,46.0,14.5
2026-04-05 21:00:00+00:00,129,6,0.0,11.1,0.0,46.0,14.5
2026-04-05 21:00:00+00:00,177,3,0.0,7.5,0.0,45.625,14.8125
2026-04-05 21:00:00+00:00,177,6,0.0,7.3,0.0,45.625,14.8125
2026-04-05 21:00:00+00:00,194,3,0.0,13.1,0.0,46.5,15.0625
2026-04-05 21:00:00+00:00,194,6,0.0,13.4,0.0,46.5,15.0625
2026-04-05 21:00:00+00:00,236,3,0.0,11.8,0.0,45.8125,15.1875
2026-04-05 21:00:00+00:00,236,6,0.0,11.6,0.0,45.8125,15.1875
2026-04-05 21:00:00+00:00,325,3,0.0,14.5,0.0,46.5625,15.625
2026-04-05 21:00:00+00:00,325,6,0.0,14.2,0.0,46.5625,15.625
2026-04-05 21:00:00+00:00,391,3,0.0,13.5,0.0,46.6875,16.0625
2026-04-05 21:00:00+00:00,391,6,0.0,13.8,0.0,46.6875,16.0625
2026-04-05 21:00:00+00:00,422,3,0.0,11.5,0.0,46.25,15.25
2026-04-05 21:00:00+00:00,422,6,0.0,11.9,0.0,46.25,15.25
2026-04-05 21:00:00+00:00,425,3,0.0,12.2,0.0,45.9375,15.5
2026-04-05 21:00:00+00:00,425,6,0.0,12.0,0.0,45.9375,15.5
2026-04-05 21:00:00+00:00,426,3,0.0,11.1,0.0,45.5625,13.75
2026-04-05 21:00:00+00:00,426,6,0.0,11.1,0.0,45.5625,13.75
2026-04-05 22:00:00+00:00,63,1,0.0,9.6,0.0,46.375,14.0625
2026-04-05 22:00:00+00:00,76,1,0.0,11.0,0.0,46.3125,14.1875
2026-04-05 22:00:00+00:00,106,1,0.0,10.3,0.0,46.25,14.375
2026-04-05 22:00:00+00:00,122,1,0.0,10.7,0.0,46.0,14.4375
2026-04-05 22:00:00+00:00,127,1,0.0,11.1,0.0,46.125,14.5
2026-04-05 22:00:00+00:00,129,1,0.0,10.8,0.0,46.0,14.5
2026-04-05 22:00:00+00:00,177,1,0.0,6.2,0.0,45.625,14.8125
2026-04-05 22:00:00+00:00,194,1,0.0,12.5,0.0,46.5,15.0625
2026-04-05 22:00:00+00:00,236,1,0.0,10.1,0.0,45.8125,15.1875
2026-04-05 22:00:00+00:00,325,1,0.0,13.8,0.0,46.5625,15.625
2026-04-05 22:00:00+00:00,391,1,0.0,13.3,0.0,46.6875,16.0625
2026-04-05 22:00:00+00:00,422,1,0.0,11.1,0.0,46.25,15.25
2026-04-05 22:00:00+00:00,425,1,0.0,10.8,0.0,45.9375,15.5
2026-04-05 22:00:00+00:00,426,1,0.0,10.2,0.0,45.5625,13.75
2026-04-05 23:00:00+00:00,63,2,0.0,9.0,0.0,46.375,14.0625
2026-04-05 23:00:00+00:00,76,2,0.0,10.1,0.0,46.3125,14.1875
2026-04-05 23:00:00+00:00,106,2,0.0,9.7,0.0,46.25,14.375
2026-04-05 23:00:00+00:00,122,2,0.0,10.0,0.0,46.0,14.4375
2026-04-05 23:00:00+00:00,127,2,0.0,9.7,0.0,46.125,14.5
2026-04-05 23:00:00+00:00,129,2,0.0,10.0,0.0,46.0,14.5
2026-04-05 23:00:00+00:00,177,2,0.0,6.1,0.0,45.625,14.8125
2026-04-05 23:00:00+00:00,194,2,0.0,12.1,0.0,46.5,15.0625
2026-04-05 23:00:00+00:00,236,2,0.0,9.9,0.0,45.8125,15.1875
2026-04-05 23:00:00+00:00,325,2,0.0,13.5,0.0,46.5625,15.625
2026-04-05 23:00:00+00:00,391,2,0.0,13.2,0.0,46.6875,16.0625
2026-04-05 23:00:00+00:00,422,2,0.0,10.3,0.0,46.25,15.25
2026-04-05 23:00:00+00:00,425,2,0.0,10.2,0.0,45.9375,15.5
2026-04-05 23:00:00+00:00,426,2,0.0,9.9,0.0,45.5625,13.75
2026-04-06 00:00:00+00:00,63,3,0.0,8.6,0.0,46.375,14.0625
2026-04-06 00:00:00+00:00,63,6,0.0,8.6,0.0,46.375,14.0625
2026-04-06 00:00:00+00:00,63,24,0.0,7.8,0.0,46.375,14.0625
2026-04-06 00:00:00+00:00,76,3,0.0,9.9,0.0,46.3125,14.1875
2026-04-06 00:00:00+00:00,76,6,0.0,10.0,0.0,46.3125,14.1875
2026-04-06 00:00:00+00:00,76,24,0.0,9.6,0.0,46.3125,14.1875
2026-04-06 00:00:00+00:00,106,3,0.0,9.3,0.0,46.25,14.375
2026-04-06 00:00:00+00:00,106,6,0.0,9.5,0.0,46.25,14.375
2026-04-06 00:00:00+00:00,106,24,0.0,9.2,0.0,46.25,14.375
2026-04-06 00:00:00+00:00,122,3,0.0,9.3,0.0,46.0,14.4375
2026-04-06 00:00:00+00:00,122,6,0.0,9.5,0.0,46.0,14.4375
2026-04-06 00:00:00+00:00,122,24,0.0,8.1,0.0,46.0,14.4375
2026-04-06 00:00:00+00:00,127,3,0.0,8.3,0.0,46.125,14.5
2026-04-06 00:00:00+00:00,127,6,0.0,8.7,0.0,46.125,14.5
2026-04-06 00:00:00+00:00,127,24,0.0,8.1,0.0,46.125,14.5
2026-04-06 00:00:00+00:00,129,3,0.0,9.5,0.0,46.0,14.5
2026-04-06 00:00:00+00:00,129,6,0.0,9.7,0.0,46.0,14.5
2026-04-06 00:00:00+00:00,129,24,0.0,8.2,0.0,46.0,14.5
2026-04-06 00:00:00+00:00,177,3,0.0,6.1,0.0,45.625,14.8125
2026-04-06 00:00:00+00:00,177,6,0.0,6.2,0.0,45.625,14.8125
2026-04-06 00:00:00+00:00,177,24,0.0,5.9,0.0,45.625,14.8125
2026-04-06 00:00:00+00:00,194,3,0.0,11.9,0.0,46.5,15.0625
2026-04-06 00:00:00+00:00,194,6,0.0,12.0,0.0,46.5,15.0625
2026-04-06 00:00:00+00:00,194,24,0.0,12.1,0.0,46.5,15.0625
2026-04-06 00:00:00+00:00,236,3,0.0,9.5,0.0,45.8125,15.1875
2026-04-06 00:00:00+00:00,236,6,0.0,9.6,0.0,45.8125,15.1875
2026-04-06 00:00:00+00:00,236,24,0.0,9.1,0.0,45.8125,15.1875
2026-04-06 00:00:00+00:00,325,3,0.0,13.0,0.0,46.5625,15.625
2026-04-06 00:00:00+00:00,325,6,0.0,13.2,0.0,46.5625,15.625
2026-04-06 00:00:00+00:00,325,24,0.0,12.8,0.0,46.5625,15.625
2026-04-06 00:00:00+00:00,391,3,0.0,13.0,0.0,46.6875,16.0625
2026-04-06 00:00:00+00:00,391,6,0.0,12.9,0.0,46.6875,16.0625
2026-04-06 00:00:00+00:00,391,24,0.0,12.7,0.0,46.6875,16.0625
2026-04-06 00:00:00+00:00,422,3,0.0,9.7,0.0,46.25,15.25
2026-04-06 00:00:00+00:00,422,6,0.0,10.0,0.0,46.25,15.25
2026-04-06 00:00:00+00:00,422,24,0.0,9.6,0.0,46.25,15.25
2026-04-06 00:00:00+00:00,425,3,0.0,9.5,0.0,45.9375,15.5
2026-04-06 00:00:00+00:00,425,6,0.0,9.6,0.0,45.9375,15.5
2026-04-06 00:00:00+00:00,425,24,0.0,9.3,0.0,45.9375,15.5
2026-04-06 00:00:00+00:00,426,3,0.0,9.7,0.0,45.5625,13.75
2026-04-06 00:00:00+00:00,426,6,0.0,9.8,0.0,45.5625,13.75
2026-04-06 00:00:00+00:00,426,24,0.0,9.9,0.0,45.5625,13.75
2026-04-06 03:00:00+00:00,63,6,0.0,8.4,0.0,46.375,14.0625
2026-04-06 03:00:00+00:00,63,24,0.0,7.8,0.0,46.375,14.0625
2026-04-06 03:00:00+00:00,76,6,0.0,10.0,0.0,46.3125,14.1875
2026-04-06 03:00:00+00:00,76,24,0.0,9.6,0.0,46.3125,14.1875
2026-04-06 03:00:00+00:00,106,6,0.0,8.6,0.0,46.25,14.375
2026-04-06 03:00:00+00:00,106,24,0.0,7.9,0.0,46.25,14.375
2026-04-06 03:00:00+00:00,122,6,0.0,8.3,0.0,46.0,14.4375
2026-04-06 03:00:00+00:00,122,24,0.0,7.1,0.0,46.0,14.4375
2026-04-06 03:00:00+00:00,127,6,0.0,6.6,0.0,46.125,14.5
2026-04-06 03:00:00+00:00,127,24,0.0,6.4,0.0,46.125,14.5
2026-04-06 03:00:00+00:00,129,6,0.0,8.4,0.0,46.0,14.5
2026-04-06 03:00:00+00:00,129,24,0.0,7.2,0.0,46.0,14.5
2026-04-06 03:00:00+00:00,177,6,0.0,5.9,0.0,45.625,14.8125
2026-04-06 03:00:00+00:00,177,24,0.0,6.2,0.0,45.625,14.8125
2026-04-06 03:00:00+00:00,194,6,0.0,10.8,0.0,46.5,15.0625
2026-04-06 03:00:00+00:00,194,24,0.0,10.3,0.0,46.5,15.0625
2026-04-06 03:00:00+00:00,236,6,0.0,8.9,0.0,45.8125,15.1875
2026-04-06 03:00:00+00:00,236,24,0.0,8.5,0.0,45.8125,15.1875
2026-04-06 03:00:00+00:00,325,6,0.0,11.1,0.0,46.5625,15.625
2026-04-06 03:00:00+00:00,325,24,0.0,12.0,0.0,46.5625,15.625
2026-04-06 03:00:00+00:00,391,6,0.0,11.0,0.0,46.6875,16.0625
2026-04-06 03:00:00+00:00,391,24,0.0,10.4,0.0,46.6875,16.0625
2026-04-06 03:00:00+00:00,422,6,0.0,8.6,0.0,46.25,15.25
2026-04-06 03:00:00+00:00,422,24,0.0,8.4,0.0,46.25,15.25
2026-04-06 03:00:00+00:00,425,6,0.0,9.2,0.0,45.9375,15.5
2026-04-06 03:00:00+00:00,425,24,0.0,8.3,0.0,45.9375,15.5
2026-04-06 03:00:00+00:00,426,6,0.0,9.3,0.0,45.5625,13.75
2026-04-06 03:00:00+00:00,426,24,0.0,9.7,0.0,45.5625,13.75
2026-04-06 06:00:00+00:00,63,24,80.0,8.8,0.0,46.375,14.0625
2026-04-06 06:00:00+00:00,76,24,76.0,11.0,0.0,46.3125,14.1875
2026-04-06 06:00:00+00:00,106,24,76.0,9.0,0.0,46.25,14.375
2026-04-06 06:00:00+00:00,122,24,81.0,8.4,0.0,46.0,14.4375
2026-04-06 06:00:00+00:00,127,24,73.0,6.9,0.0,46.125,14.5
2026-04-06 06:00:00+00:00,129,24,80.0,7.8,0.0,46.0,14.5
2026-04-06 06:00:00+00:00,177,24,83.0,8.0,0.0,45.625,14.8125
2026-04-06 06:00:00+00:00,194,24,58.0,11.5,0.0,46.5,15.0625
2026-04-06 06:00:00+00:00,236,24,79.0,9.6,0.0,45.8125,15.1875
2026-04-06 06:00:00+00:00,325,24,78.0,12.8,0.0,46.5625,15.625
2026-04-06 06:00:00+00:00,391,24,77.0,11.8,0.0,46.6875,16.0625
2026-04-06 06:00:00+00:00,422,24,72.0,9.4,0.0,46.25,15.25
2026-04-06 06:00:00+00:00,425,24,91.0,9.7,0.0,45.9375,15.5
2026-04-06 06:00:00+00:00,426,24,83.0,11.0,0.0,45.5625,13.75
2026-04-06 09:00:00+00:00,63,24,564.0,16.5,0.0,46.375,14.0625
2026-04-06 09:00:00+00:00,76,24,539.0,17.4,0.0,46.3125,14.1875
2026-04-06 09:00:00+00:00,106,24,535.0,16.4,0.0,46.25,14.375
2026-04-06 09:00:00+00:00,122,24,558.0,17.4,0.0,46.0,14.4375
2026-04-06 09:00:00+00:00,127,24,562.0,16.0,0.0,46.125,14.5
2026-04-06 09:00:00+00:00,129,24,557.0,16.9,0.0,46.0,14.5
2026-04-06 09:00:00+00:00,177,24,616.0,16.5,0.0,45.625,14.8125
2026-04-06 09:00:00+00:00,194,24,557.0,18.5,0.0,46.5,15.0625
2026-04-06 09:00:00+00:00,236,24,599.0,18.4,0.0,45.8125,15.1875
2026-04-06 09:00:00+00:00,325,24,485.0,17.4,0.0,46.5625,15.625
2026-04-06 09:00:00+00:00,391,24,360.0,15.7,0.0,46.6875,16.0625
2026-04-06 09:00:00+00:00,422,24,579.0,18.6,0.0,46.25,15.25
2026-04-06 09:00:00+00:00,425,24,590.0,18.6,0.0,45.9375,15.5
2026-04-06 09:00:00+00:00,426,24,586.0,18.0,0.0,45.5625,13.75
2026-04-06 12:00:00+00:00,63,24,576.0,19.3,0.0,46.375,14.0625
2026-04-06 12:00:00+00:00,76,24,752.0,20.1,0.0,46.3125,14.1875
2026-04-06 12:00:00+00:00,106,24,770.0,21.0,0.0,46.25,14.375
2026-04-06 12:00:00+00:00,122,24,773.0,22.3,0.0,46.0,14.4375
2026-04-06 12:00:00+00:00,127,24,770.0,21.4,0.0,46.125,14.5
2026-04-06 12:00:00+00:00,129,24,772.0,22.3,0.0,46.0,14.5
2026-04-06 12:00:00+00:00,177,24,766.0,19.5,0.0,45.625,14.8125
2026-04-06 12:00:00+00:00,194,24,716.0,20.7,0.0,46.5,15.0625
2026-04-06 12:00:00+00:00,236,24,772.0,22.0,0.0,45.8125,15.1875
2026-04-06 12:00:00+00:00,325,24,751.0,20.6,0.0,46.5625,15.625
2026-04-06 12:00:00+00:00,391,24,746.0,19.9,0.0,46.6875,16.0625
2026-04-06 12:00:00+00:00,422,24,764.0,21.4,0.0,46.25,15.25
2026-04-06 12:00:00+00:00,425,24,765.0,21.7,0.0,45.9375,15.5
2026-04-06 12:00:00+00:00,426,24,766.0,19.6,0.0,45.5625,13.75
2026-04-06 15:00:00+00:00,63,24,320.0,19.2,0.0,46.375,14.0625
2026-04-06 15:00:00+00:00,76,24,377.0,20.1,0.0,46.3125,14.1875
2026-04-06 15:00:00+00:00,106,24,342.0,21.5,0.0,46.25,14.375
2026-04-06 15:00:00+00:00,122,24,448.0,23.0,0.0,46.0,14.4375
2026-04-06 15:00:00+00:00,127,24,408.0,22.4,0.0,46.125,14.5
2026-04-06 15:00:00+00:00,129,24,437.0,23.1,0.0,46.0,14.5
2026-04-06 15:00:00+00:00,177,24,304.0,19.6,0.0,45.625,14.8125
2026-04-06 15:00:00+00:00,194,24,447.0,20.8,0.0,46.5,15.0625
2026-04-06 15:00:00+00:00,236,24,462.0,22.5,0.0,45.8125,15.1875
2026-04-06 15:00:00+00:00,325,24,309.0,20.6,0.0,46.5625,15.625
2026-04-06 15:00:00+00:00,391,24,295.0,20.0,0.0,46.6875,16.0625
2026-04-06 15:00:00+00:00,422,24,458.0,22.0,0.0,46.25,15.25
2026-04-06 15:00:00+00:00,425,24,457.0,22.0,0.0,45.9375,15.5
2026-04-06 15:00:00+00:00,426,24,472.0,19.0,0.0,45.5625,13.75
2026-04-06 18:00:00+00:00,63,24,12.0,14.7,0.0,46.375,14.0625
2026-04-06 18:00:00+00:00,76,24,11.0,15.8,0.0,46.3125,14.1875
2026-04-06 18:00:00+00:00,106,24,11.0,17.1,0.0,46.25,14.375
2026-04-06 18:00:00+00:00,122,24,9.0,16.9,0.0,46.0,14.4375
2026-04-06 18:00:00+00:00,127,24,10.0,17.5,0.0,46.125,14.5
2026-04-06 18:00:00+00:00,129,24,9.0,17.3,0.0,46.0,14.5
2026-04-06 18:00:00+00:00,177,24,9.0,14.1,0.0,45.625,14.8125
2026-04-06 18:00:00+00:00,194,24,6.0,16.5,0.0,46.5,15.0625
2026-04-06 18:00:00+00:00,236,24,8.0,17.3,0.0,45.8125,15.1875
2026-04-06 18:00:00+00:00,325,24,4.0,17.3,0.0,46.5625,15.625
2026-04-06 18:00:00+00:00,391,24,4.0,16.0,0.0,46.6875,16.0625
2026-04-06 18:00:00+00:00,422,24,7.0,16.9,0.0,46.25,15.25
2026-04-06 18:00:00+00:00,425,24,7.0,17.2,0.0,45.9375,15.5
2026-04-06 18:00:00+00:00,426,24,12.0,15.8,0.0,45.5625,13.75
2026-04-06 21:00:00+00:00,63,24,0.0,11.1,0.0,46.375,14.0625
2026-04-06 21:00:00+00:00,76,24,0.0,13.2,0.0,46.3125,14.1875
2026-04-06 21:00:00+00:00,106,24,0.0,12.8,0.0,46.25,14.375
2026-04-06 21:00:00+00:00,122,24,0.0,10.9,0.0,46.0,14.4375
2026-04-06 21:00:00+00:00,127,24,0.0,12.7,0.0,46.125,14.5
2026-04-06 21:00:00+00:00,129,24,0.0,10.4,0.0,46.0,14.5
2026-04-06 21:00:00+00:00,177,24,0.0,10.9,0.0,45.625,14.8125
2026-04-06 21:00:00+00:00,194,24,0.0,13.6,0.0,46.5,15.0625
2026-04-06 21:00:00+00:00,236,24,0.0,12.4,0.0,45.8125,15.1875
2026-04-06 21:00:00+00:00,325,24,0.0,14.6,0.0,46.5625,15.625
2026-04-06 21:00:00+00:00,391,24,0.0,13.1,0.0,46.6875,16.0625
2026-04-06 21:00:00+00:00,422,24,0.0,13.7,0.0,46.25,15.25
2026-04-06 21:00:00+00:00,425,24,0.0,13.9,0.0,45.9375,15.5
2026-04-06 21:00:00+00:00,426,24,0.0,12.1,0.0,45.5625,13.75
2026-04-06 01:00:00+00:00,63,1,0.0,8.7,0.0,46.375,14.0625
2026-04-06 01:00:00+00:00,76,1,0.0,9.5,0.0,46.3125,14.1875
2026-04-06 01:00:00+00:00,106,1,0.0,9.3,0.0,46.25,14.375
2026-04-06 01:00:00+00:00,122,1,0.0,8.4,0.0,46.0,14.4375
2026-04-06 01:00:00+00:00,127,1,0.0,7.9,0.0,46.125,14.5
2026-04-06 01:00:00+00:00,129,1,0.0,8.7,0.0,46.0,14.5
2026-04-06 01:00:00+00:00,177,1,0.0,5.5,0.0,45.625,14.8125
2026-04-06 01:00:00+00:00,194,1,0.0,11.5,0.0,46.5,15.0625
2026-04-06 01:00:00+00:00,236,1,0.0,8.6,0.0,45.8125,15.1875
2026-04-06 01:00:00+00:00,325,1,0.0,12.4,0.0,46.5625,15.625
2026-04-06 01:00:00+00:00,391,1,0.0,12.7,0.0,46.6875,16.0625
2026-04-06 01:00:00+00:00,422,1,0.0,8.8,0.0,46.25,15.25
2026-04-06 01:00:00+00:00,425,1,0.0,9.2,0.0,45.9375,15.5
2026-04-06 01:00:00+00:00,426,1,0.0,9.1,0.0,45.5625,13.75
2026-04-06 02:00:00+00:00,63,2,0.0,8.4,0.0,46.375,14.0625
2026-04-06 02:00:00+00:00,76,2,0.0,9.8,0.0,46.3125,14.1875
2026-04-06 02:00:00+00:00,106,2,0.0,9.1,0.0,46.25,14.375
2026-04-06 02:00:00+00:00,122,2,0.0,8.0,0.0,46.0,14.4375
2026-04-06 02:00:00+00:00,127,2,0.0,7.5,0.0,46.125,14.5
2026-04-06 02:00:00+00:00,129,2,0.0,8.1,0.0,46.0,14.5
2026-04-06 02:00:00+00:00,177,2,0.0,5.9,0.0,45.625,14.8125
2026-04-06 02:00:00+00:00,194,2,0.0,11.0,0.0,46.5,15.0625
2026-04-06 02:00:00+00:00,236,2,0.0,8.6,0.0,45.8125,15.1875
2026-04-06 02:00:00+00:00,325,2,0.0,11.0,0.0,46.5625,15.625
2026-04-06 02:00:00+00:00,391,2,0.0,11.6,0.0,46.6875,16.0625
2026-04-06 02:00:00+00:00,422,2,0.0,8.6,0.0,46.25,15.25
2026-04-06 02:00:00+00:00,425,2,0.0,9.2,0.0,45.9375,15.5
2026-04-06 02:00:00+00:00,426,2,0.0,9.2,0.0,45.5625,13.75
2026-04-06 03:00:00+00:00,63,3,0.0,8.2,0.0,46.375,14.0625
2026-04-06 03:00:00+00:00,76,3,0.0,10.0,0.0,46.3125,14.1875
2026-04-06 03:00:00+00:00,106,3,0.0,8.9,0.0,46.25,14.375
2026-04-06 03:00:00+00:00,122,3,0.0,8.0,0.0,46.0,14.4375
2026-04-06 03:00:00+00:00,127,3,0.0,7.0,0.0,46.125,14.5
2026-04-06 03:00:00+00:00,129,3,0.0,7.9,0.0,46.0,14.5
2026-04-06 03:00:00+00:00,177,3,0.0,6.1,0.0,45.625,14.8125
2026-04-06 03:00:00+00:00,194,3,0.0,10.8,0.0,46.5,15.0625
2026-04-06 03:00:00+00:00,236,3,0.0,8.5,0.0,45.8125,15.1875
2026-04-06 03:00:00+00:00,325,3,0.0,10.8,0.0,46.5625,15.625
2026-04-06 03:00:00+00:00,391,3,0.0,10.9,0.0,46.6875,16.0625
2026-04-06 03:00:00+00:00,422,3,0.0,8.4,0.0,46.25,15.25
2026-04-06 03:00:00+00:00,425,3,0.0,9.1,0.0,45.9375,15.5
2026-04-06 03:00:00+00:00,426,3,0.0,9.4,0.0,45.5625,13.75
2026-04-06 04:00:00+00:00,63,1,0.0,7.5,0.0,46.375,14.0625
2026-04-06 04:00:00+00:00,76,1,0.0,9.3,0.0,46.3125,14.1875
2026-04-06 04:00:00+00:00,106,1,0.0,8.3,0.0,46.25,14.375
2026-04-06 04:00:00+00:00,122,1,0.0,7.0,0.0,46.0,14.4375
2026-04-06 04:00:00+00:00,127,1,0.0,6.6,0.0,46.125,14.5
2026-04-06 04:00:00+00:00,129,1,0.0,7.1,0.0,46.0,14.5
2026-04-06 04:00:00+00:00,177,1,0.0,5.5,0.0,45.625,14.8125
2026-04-06 04:00:00+00:00,194,1,0.0,10.1,0.0,46.5,15.0625
2026-04-06 04:00:00+00:00,236,1,0.0,8.2,0.0,45.8125,15.1875
2026-04-06 04:00:00+00:00,325,1,0.0,9.7,0.0,46.5625,15.625
2026-04-06 04:00:00+00:00,391,1,0.0,9.1,0.0,46.6875,16.0625
2026-04-06 04:00:00+00:00,422,1,0.0,7.5,0.0,46.25,15.25
2026-04-06 04:00:00+00:00,425,1,0.0,8.0,0.0,45.9375,15.5
2026-04-06 04:00:00+00:00,426,1,0.0,9.1,0.0,45.5625,13.75
2026-04-06 05:00:00+00:00,63,2,5.0,7.4,0.0,46.375,14.0625
2026-04-06 05:00:00+00:00,76,2,5.0,9.4,0.0,46.3125,14.1875
2026-04-06 05:00:00+00:00,106,2,5.0,8.2,0.0,46.25,14.375
2026-04-06 05:00:00+00:00,122,2,5.0,6.7,0.0,46.0,14.4375
2026-04-06 05:00:00+00:00,127,2,6.0,6.6,0.0,46.125,14.5
2026-04-06 05:00:00+00:00,129,2,5.0,6.6,0.0,46.0,14.5
2026-04-06 05:00:00+00:00,177,2,5.0,5.9,0.0,45.625,14.8125
2026-04-06 05:00:00+00:00,194,2,5.0,10.0,0.0,46.5,15.0625
2026-04-06 05:00:00+00:00,236,2,7.0,7.9,0.0,45.8125,15.1875
2026-04-06 05:00:00+00:00,325,2,6.0,9.5,0.0,46.5625,15.625
2026-04-06 05:00:00+00:00,391,2,6.0,8.3,0.0,46.6875,16.0625
2026-04-06 05:00:00+00:00,422,2,6.0,7.6,0.0,46.25,15.25
2026-04-06 05:00:00+00:00,425,2,7.0,7.5,0.0,45.9375,15.5
2026-04-06 05:00:00+00:00,426,2,3.0,9.0,0.0,45.5625,13.75
2026-04-06 06:00:00+00:00,63,3,94.0,9.0,0.0,46.375,14.0625
2026-04-06 06:00:00+00:00,63,6,96.0,9.6,0.0,46.375,14.0625
2026-04-06 06:00:00+00:00,76,3,92.0,11.4,0.0,46.3125,14.1875
2026-04-06 06:00:00+00:00,76,6,93.0,11.7,0.0,46.3125,14.1875
2026-04-06 06:00:00+00:00,106,3,89.0,8.8,0.0,46.25,14.375
2026-04-06 06:00:00+00:00,106,6,91.0,9.2,0.0,46.25,14.375
2026-04-06 06:00:00+00:00,122,3,94.0,8.7,0.0,46.0,14.4375
2026-04-06 06:00:00+00:00,122,6,92.0,9.4,0.0,46.0,14.4375
2026-04-06 06:00:00+00:00,127,3,91.0,7.4,0.0,46.125,14.5
2026-04-06 06:00:00+00:00,127,6,87.0,7.8,0.0,46.125,14.5
2026-04-06 06:00:00+00:00,129,3,95.0,8.2,0.0,46.0,14.5
2026-04-06 06:00:00+00:00,129,6,91.0,9.0,0.0,46.0,14.5
2026-04-06 06:00:00+00:00,177,3,105.0,8.3,0.0,45.625,14.8125
2026-04-06 06:00:00+00:00,177,6,104.0,8.5,0.0,45.625,14.8125
2026-04-06 06:00:00+00:00,194,3,76.0,11.9,0.0,46.5,15.0625
2026-04-06 06:00:00+00:00,194,6,86.0,12.0,0.0,46.5,15.0625
2026-04-06 06:00:00+00:00,236,3,104.0,9.3,0.0,45.8125,15.1875
2026-04-06 06:00:00+00:00,236,6,105.0,9.7,0.0,45.8125,15.1875
2026-04-06 06:00:00+00:00,325,3,76.0,12.5,0.0,46.5625,15.625
2026-04-06 06:00:00+00:00,325,6,88.0,13.4,0.0,46.5625,15.625
2026-04-06 06:00:00+00:00,391,3,88.0,10.6,0.0,46.6875,16.0625
2026-04-06 06:00:00+00:00,391,6,84.0,11.7,0.0,46.6875,16.0625
2026-04-06 06:00:00+00:00,422,3,85.0,9.1,0.0,46.25,15.25
2026-04-06 06:00:00+00:00,422,6,97.0,9.6,0.0,46.25,15.25
2026-04-06 06:00:00+00:00,425,3,103.0,9.4,0.0,45.9375,15.5
2026-04-06 06:00:00+00:00,425,6,91.0,10.3,0.0,45.9375,15.5
2026-04-06 06:00:00+00:00,426,3,92.0,10.4,0.0,45.5625,13.75
2026-04-06 06:00:00+00:00,426,6,92.0,10.7,0.0,45.5625,13.75
2026-04-06 07:00:00+00:00,63,1,266.0,12.8,0.0,46.375,14.0625
2026-04-06 07:00:00+00:00,76,1,261.0,14.9,0.0,46.3125,14.1875
2026-04-06 07:00:00+00:00,106,1,244.0,12.1,0.0,46.25,14.375
2026-04-06 07:00:00+00:00,122,1,252.0,12.7,0.0,46.0,14.4375
2026-04-06 07:00:00+00:00,127,1,242.0,10.2,0.0,46.125,14.5
2026-04-06 07:00:00+00:00,129,1,252.0,11.6,0.0,46.0,14.5
2026-04-06 07:00:00+00:00,177,1,281.0,13.1,0.0,45.625,14.8125
2026-04-06 07:00:00+00:00,194,1,193.0,14.6,0.0,46.5,15.0625
2026-04-06 07:00:00+00:00,236,1,273.0,12.5,0.0,45.8125,15.1875
2026-04-06 07:00:00+00:00,325,1,178.0,15.6,0.0,46.5625,15.625
2026-04-06 07:00:00+00:00,391,1,186.0,13.5,0.0,46.6875,16.0625
2026-04-06 07:00:00+00:00,422,1,244.0,13.4,0.0,46.25,15.25
2026-04-06 07:00:00+00:00,425,1,268.0,13.9,0.0,45.9375,15.5
2026-04-06 07:00:00+00:00,426,1,259.0,14.0,0.0,45.5625,13.75
2026-04-06 08:00:00+00:00,63,2,439.0,15.7,0.0,46.375,14.0625
2026-04-06 08:00:00+00:00,76,2,430.0,16.8,0.0,46.3125,14.1875
2026-04-06 08:00:00+00:00,106,2,432.0,14.7,0.0,46.25,14.375
2026-04-06 08:00:00+00:00,122,2,416.0,15.4,0.0,46.0,14.4375
2026-04-06 08:00:00+00:00,127,2,410.0,13.5,0.0,46.125,14.5
2026-04-06 08:00:00+00:00,129,2,410.0,14.4,0.0,46.0,14.5
2026-04-06 08:00:00+00:00,177,2,459.0,15.3,0.0,45.625,14.8125
2026-04-06 08:00:00+00:00,194,2,343.0,16.9,0.0,46.5,15.0625
2026-04-06 08:00:00+00:00,236,2,445.0,16.1,0.0,45.8125,15.1875
2026-04-06 08:00:00+00:00,325,2,338.0,18.6,0.0,46.5625,15.625
2026-04-06 08:00:00+00:00,391,2,276.0,16.4,0.0,46.6875,16.0625
2026-04-06 08:00:00+00:00,422,2,382.0,16.6,0.0,46.25,15.25
2026-04-06 08:00:00+00:00,425,2,444.0,17.0,0.0,45.9375,15.5
2026-04-06 08:00:00+00:00,426,2,432.0,16.9,0.0,45.5625,13.75
2026-04-06 09:00:00+00:00,63,3,597.0,17.8,0.0,46.375,14.0625
2026-04-06 09:00:00+00:00,63,6,591.0,17.5,0.0,46.375,14.0625
2026-04-06 09:00:00+00:00,76,3,593.0,18.1,0.0,46.3125,14.1875
2026-04-06 09:00:00+00:00,76,6,585.0,17.8,0.0,46.3125,14.1875
2026-04-06 09:00:00+00:00,106,3,588.0,17.2,0.0,46.25,14.375
2026-04-06 09:00:00+00:00,106,6,581.0,17.1,0.0,46.25,14.375
2026-04-06 09:00:00+00:00,122,3,587.0,18.3,0.0,46.0,14.4375
2026-04-06 09:00:00+00:00,122,6,587.0,18.3,0.0,46.0,14.4375
2026-04-06 09:00:00+00:00,127,3,579.0,16.6,0.0,46.125,14.5
2026-04-06 09:00:00+00:00,127,6,579.0,16.8,0.0,46.125,14.5
2026-04-06 09:00:00+00:00,129,3,587.0,17.6,0.0,46.0,14.5
2026-04-06 09:00:00+00:00,129,6,588.0,17.7,0.0,46.0,14.5
2026-04-06 09:00:00+00:00,177,3,614.0,17.2,0.0,45.625,14.8125
2026-04-06 09:00:00+00:00,177,6,613.0,17.0,0.0,45.625,14.8125
2026-04-06 09:00:00+00:00,194,3,535.0,19.1,0.0,46.5,15.0625
2026-04-06 09:00:00+00:00,194,6,499.0,18.8,0.0,46.5,15.0625
2026-04-06 09:00:00+00:00,236,3,582.0,18.6,0.0,45.8125,15.1875
2026-04-06 09:00:00+00:00,236,6,584.0,18.7,0.0,45.8125,15.1875
2026-04-06 09:00:00+00:00,325,3,458.0,18.9,0.0,46.5625,15.625
2026-04-06 09:00:00+00:00,325,6,449.0,18.7,0.0,46.5625,15.625
2026-04-06 09:00:00+00:00,391,3,336.0,17.4,0.0,46.6875,16.0625
2026-04-06 09:00:00+00:00,391,6,327.0,17.1,0.0,46.6875,16.0625
2026-04-06 09:00:00+00:00,422,3,553.0,19.1,0.0,46.25,15.25
2026-04-06 09:00:00+00:00,422,6,554.0,18.9,0.0,46.25,15.25
2026-04-06 09:00:00+00:00,425,3,570.0,19.1,0.0,45.9375,15.5
2026-04-06 09:00:00+00:00,425,6,562.0,19.2,0.0,45.9375,15.5
2026-04-06 09:00:00+00:00,426,3,583.0,17.7,0.0,45.5625,13.75
2026-04-06 09:00:00+00:00,426,6,584.0,17.8,0.0,45.5625,13.75
2026-04-06 10:00:00+00:00,63,1,696.0,19.3,0.0,46.375,14.0625
2026-04-06 10:00:00+00:00,76,1,716.0,19.4,0.0,46.3125,14.1875
2026-04-06 10:00:00+00:00,106,1,706.0,19.3,0.0,46.25,14.375
2026-04-06 10:00:00+00:00,122,1,705.0,20.3,0.0,46.0,14.4375
2026-04-06 10:00:00+00:00,127,1,703.0,19.3,0.0,46.125,14.5
2026-04-06 10:00:00+00:00,129,1,704.0,20.0,0.0,46.0,14.5
2026-04-06 10:00:00+00:00,177,1,728.0,18.5,0.0,45.625,14.8125
2026-04-06 10:00:00+00:00,194,1,700.0,21.1,0.0,46.5,15.0625
2026-04-06 10:00:00+00:00,236,1,681.0,20.7,0.0,45.8125,15.1875
2026-04-06 10:00:00+00:00,325,1,655.0,19.8,0.0,46.5625,15.625
2026-04-06 10:00:00+00:00,391,1,639.0,18.8,0.0,46.6875,16.0625
2026-04-06 10:00:00+00:00,422,1,693.0,21.0,0.0,46.25,15.25
2026-04-06 10:00:00+00:00,425,1,670.0,20.7,0.0,45.9375,15.5
2026-04-06 10:00:00+00:00,426,1,697.0,18.5,0.0,45.5625,13.75
2026-04-06 11:00:00+00:00,63,2,649.0,19.8,0.0,46.375,14.0625
2026-04-06 11:00:00+00:00,76,2,762.0,20.2,0.0,46.3125,14.1875
2026-04-06 11:00:00+00:00,106,2,766.0,20.9,0.0,46.25,14.375
2026-04-06 11:00:00+00:00,122,2,768.0,21.9,0.0,46.0,14.4375
2026-04-06 11:00:00+00:00,127,2,766.0,21.0,0.0,46.125,14.5
2026-04-06 11:00:00+00:00,129,2,768.0,21.8,0.0,46.0,14.5
2026-04-06 11:00:00+00:00,177,2,785.0,19.3,0.0,45.625,14.8125
2026-04-06 11:00:00+00:00,194,2,755.0,21.9,0.0,46.5,15.0625
2026-04-06 11:00:00+00:00,236,2,760.0,21.8,0.0,45.8125,15.1875
2026-04-06 11:00:00+00:00,325,2,729.0,20.5,0.0,46.5625,15.625
2026-04-06 11:00:00+00:00,391,2,741.0,19.8,0.0,46.6875,16.0625
2026-04-06 11:00:00+00:00,422,2,762.0,22.1,0.0,46.25,15.25
2026-04-06 11:00:00+00:00,425,2,750.0,21.6,0.0,45.9375,15.5
2026-04-06 11:00:00+00:00,426,2,759.0,19.3,0.0,45.5625,13.75
2026-04-06 12:00:00+00:00,63,3,532.0,19.9,0.0,46.375,14.0625
2026-04-06 12:00:00+00:00,63,6,529.0,19.9,0.0,46.375,14.0625
2026-04-06 12:00:00+00:00,76,3,701.0,20.7,0.0,46.3125,14.1875
2026-04-06 12:00:00+00:00,76,6,664.0,20.6,0.0,46.3125,14.1875
2026-04-06 12:00:00+00:00,106,3,773.0,21.7,0.0,46.25,14.375
2026-04-06 12:00:00+00:00,106,6,776.0,21.7,0.0,46.25,14.375
2026-04-06 12:00:00+00:00,122,3,775.0,23.0,0.0,46.0,14.4375
2026-04-06 12:00:00+00:00,122,6,776.0,23.0,0.0,46.0,14.4375
2026-04-06 12:00:00+00:00,127,3,773.0,22.1,0.0,46.125,14.5
2026-04-06 12:00:00+00:00,127,6,773.0,22.1,0.0,46.125,14.5
2026-04-06 12:00:00+00:00,129,3,775.0,23.0,0.0,46.0,14.5
2026-04-06 12:00:00+00:00,129,6,775.0,23.0,0.0,46.0,14.5
2026-04-06 12:00:00+00:00,177,3,788.0,20.0,0.0,45.625,14.8125
2026-04-06 12:00:00+00:00,177,6,788.0,19.9,0.0,45.625,14.8125
2026-04-06 12:00:00+00:00,194,3,657.0,22.1,0.0,46.5,15.0625
2026-04-06 12:00:00+00:00,194,6,679.0,22.1,0.0,46.5,15.0625
2026-04-06 12:00:00+00:00,236,3,771.0,22.6,0.0,45.8125,15.1875
2026-04-06 12:00:00+00:00,236,6,772.0,22.4,0.0,45.8125,15.1875
2026-04-06 12:00:00+00:00,325,3,724.0,21.1,0.0,46.5625,15.625
2026-04-06 12:00:00+00:00,325,6,717.0,21.0,0.0,46.5625,15.625
2026-04-06 12:00:00+00:00,391,3,749.0,20.5,0.0,46.6875,16.0625
2026-04-06 12:00:00+00:00,391,6,744.0,20.6,0.0,46.6875,16.0625
2026-04-06 12:00:00+00:00,422,3,763.0,22.6,0.0,46.25,15.25
2026-04-06 12:00:00+00:00,422,6,764.0,22.4,0.0,46.25,15.25
2026-04-06 12:00:00+00:00,425,3,767.0,22.1,0.0,45.9375,15.5
2026-04-06 12:00:00+00:00,425,6,765.0,22.2,0.0,45.9375,15.5
2026-04-06 12:00:00+00:00,426,3,765.0,19.5,0.0,45.5625,13.75
2026-04-06 12:00:00+00:00,426,6,766.0,19.4,0.0,45.5625,13.75
2026-04-06 13:00:00+00:00,63,1,534.0,20.4,0.0,46.375,14.0625
2026-04-06 13:00:00+00:00,76,1,656.0,21.4,0.0,46.3125,14.1875
2026-04-06 13:00:00+00:00,106,1,713.0,22.4,0.0,46.25,14.375
2026-04-06 13:00:00+00:00,122,1,725.0,23.8,0.0,46.0,14.4375
2026-04-06 13:00:00+00:00,127,1,724.0,22.9,0.0,46.125,14.5
2026-04-06 13:00:00+00:00,129,1,725.0,24.0,0.0,46.0,14.5
2026-04-06 13:00:00+00:00,177,1,736.0,20.8,0.0,45.625,14.8125
2026-04-06 13:00:00+00:00,194,1,587.0,22.4,0.0,46.5,15.0625
2026-04-06 13:00:00+00:00,236,1,722.0,23.2,0.0,45.8125,15.1875
2026-04-06 13:00:00+00:00,325,1,592.0,21.4,0.0,46.5625,15.625
2026-04-06 13:00:00+00:00,391,1,688.0,21.3,0.0,46.6875,16.0625
2026-04-06 13:00:00+00:00,422,1,665.0,22.5,0.0,46.25,15.25
2026-04-06 13:00:00+00:00,425,1,712.0,23.0,0.0,45.9375,15.5
2026-04-06 13:00:00+00:00,426,1,715.0,19.2,0.0,45.5625,13.75
2026-04-06 14:00:00+00:00,63,2,413.0,20.1,0.0,46.375,14.0625
2026-04-06 14:00:00+00:00,76,2,528.0,21.2,0.0,46.3125,14.1875
2026-04-06 14:00:00+00:00,106,2,551.0,22.5,0.0,46.25,14.375
2026-04-06 14:00:00+00:00,122,2,603.0,23.9,0.0,46.0,14.4375
2026-04-06 14:00:00+00:00,127,2,609.0,23.2,0.0,46.125,14.5
2026-04-06 14:00:00+00:00,129,2,591.0,24.1,0.0,46.0,14.5
2026-04-06 14:00:00+00:00,177,2,591.0,20.8,0.0,45.625,14.8125
2026-04-06 14:00:00+00:00,194,2,476.0,22.2,0.0,46.5,15.0625
2026-04-06 14:00:00+00:00,236,2,616.0,23.3,0.0,45.8125,15.1875
2026-04-06 14:00:00+00:00,325,2,479.0,21.2,0.0,46.5625,15.625
2026-04-06 14:00:00+00:00,391,2,585.0,21.4,0.0,46.6875,16.0625
2026-04-06 14:00:00+00:00,422,2,462.0,22.0,0.0,46.25,15.25
2026-04-06 14:00:00+00:00,425,2,608.0,22.8,0.0,45.9375,15.5
2026-04-06 14:00:00+00:00,426,2,614.0,19.3,0.0,45.5625,13.75
2026-04-06 15:00:00+00:00,63,3,329.0,19.8,0.0,46.375,14.0625
2026-04-06 15:00:00+00:00,63,6,319.0,19.6,0.0,46.375,14.0625
2026-04-06 15:00:00+00:00,76,3,383.0,20.7,0.0,46.3125,14.1875
2026-04-06 15:00:00+00:00,76,6,402.0,20.4,0.0,46.3125,14.1875
2026-04-06 15:00:00+00:00,106,3,363.0,22.1,0.0,46.25,14.375
2026-04-06 15:00:00+00:00,106,6,386.0,21.8,0.0,46.25,14.375
2026-04-06 15:00:00+00:00,122,3,438.0,23.7,0.0,46.0,14.4375
2026-04-06 15:00:00+00:00,122,6,442.0,23.3,0.0,46.0,14.4375
2026-04-06 15:00:00+00:00,127,3,450.0,23.1,0.0,46.125,14.5
2026-04-06 15:00:00+00:00,127,6,443.0,22.7,0.0,46.125,14.5
2026-04-06 15:00:00+00:00,129,3,419.0,23.8,0.0,46.0,14.5
2026-04-06 15:00:00+00:00,129,6,435.0,23.5,0.0,46.0,14.5
2026-04-06 15:00:00+00:00,177,3,327.0,20.1,0.0,45.625,14.8125
2026-04-06 15:00:00+00:00,177,6,335.0,19.9,0.0,45.625,14.8125
2026-04-06 15:00:00+00:00,194,3,318.0,21.0,0.0,46.5,15.0625
2026-04-06 15:00:00+00:00,194,6,344.0,20.8,0.0,46.5,15.0625
2026-04-06 15:00:00+00:00,236,3,455.0,22.9,0.0,45.8125,15.1875
2026-04-06 15:00:00+00:00,236,6,454.0,22.7,0.0,45.8125,15.1875
2026-04-06 15:00:00+00:00,325,3,349.0,20.9,0.0,46.5625,15.625
2026-04-06 15:00:00+00:00,325,6,358.0,20.8,0.0,46.5625,15.625
2026-04-06 15:00:00+00:00,391,3,405.0,20.9,0.0,46.6875,16.0625
2026-04-06 15:00:00+00:00,391,6,425.0,20.7,0.0,46.6875,16.0625
2026-04-06 15:00:00+00:00,422,3,336.0,21.5,0.0,46.25,15.25
2026-04-06 15:00:00+00:00,422,6,299.0,21.4,0.0,46.25,15.25
2026-04-06 15:00:00+00:00,425,3,431.0,22.2,0.0,45.9375,15.5
2026-04-06 15:00:00+00:00,425,6,450.0,21.9,0.0,45.9375,15.5
2026-04-06 15:00:00+00:00,426,3,470.0,19.3,0.0,45.5625,13.75
2026-04-06 15:00:00+00:00,426,6,471.0,19.0,0.0,45.5625,13.75
2026-04-06 16:00:00+00:00,63,1,197.0,19.5,0.0,46.375,14.0625
2026-04-06 16:00:00+00:00,76,1,205.0,20.5,0.0,46.3125,14.1875
2026-04-06 16:00:00+00:00,106,1,205.0,22.2,0.0,46.25,14.375
2026-04-06 16:00:00+00:00,122,1,270.0,22.7,0.0,46.0,14.4375
2026-04-06 16:00:00+00:00,127,1,241.0,23.0,0.0,46.125,14.5
2026-04-06 16:00:00+00:00,129,1,267.0,23.5,0.0,46.0,14.5
2026-04-06 16:00:00+00:00,177,1,209.0,20.0,0.0,45.625,14.8125
2026-04-06 16:00:00+00:00,194,1,204.0,20.7,0.0,46.5,15.0625
2026-04-06 16:00:00+00:00,236,1,292.0,22.9,0.0,45.8125,15.1875
2026-04-06 16:00:00+00:00,325,1,220.0,20.7,0.0,46.5625,15.625
2026-04-06 16:00:00+00:00,391,1,201.0,20.5,0.0,46.6875,16.0625
2026-04-06 16:00:00+00:00,422,1,213.0,21.6,0.0,46.25,15.25
2026-04-06 16:00:00+00:00,425,1,224.0,22.1,0.0,45.9375,15.5
2026-04-06 16:00:00+00:00,426,1,300.0,18.9,0.0,45.5625,13.75
2026-04-06 17:00:00+00:00,63,2,109.0,18.3,0.0,46.375,14.0625
2026-04-06 17:00:00+00:00,76,2,99.0,19.4,0.0,46.3125,14.1875
2026-04-06 17:00:00+00:00,106,2,89.0,21.3,0.0,46.25,14.375
2026-04-06 17:00:00+00:00,122,2,106.0,20.8,0.0,46.0,14.4375
2026-04-06 17:00:00+00:00,127,2,88.0,21.3,0.0,46.125,14.5
2026-04-06 17:00:00+00:00,129,2,104.0,21.2,0.0,46.0,14.5
2026-04-06 17:00:00+00:00,177,2,89.0,18.3,0.0,45.625,14.8125
2026-04-06 17:00:00+00:00,194,2,73.0,19.2,0.0,46.5,15.0625
2026-04-06 17:00:00+00:00,236,2,115.0,21.7,0.0,45.8125,15.1875
2026-04-06 17:00:00+00:00,325,2,80.0,19.7,0.0,46.5625,15.625
2026-04-06 17:00:00+00:00,391,2,72.0,19.0,0.0,46.6875,16.0625
2026-04-06 17:00:00+00:00,422,2,99.0,20.0,0.0,46.25,15.25
2026-04-06 17:00:00+00:00,425,2,82.0,20.9,0.0,45.9375,15.5
2026-04-06 17:00:00+00:00,426,2,127.0,17.3,0.0,45.5625,13.75
2026-04-06 18:00:00+00:00,63,3,12.0,14.9,0.0,46.375,14.0625
2026-04-06 18:00:00+00:00,63,6,12.0,15.0,0.0,46.375,14.0625
2026-04-06 18:00:00+00:00,76,3,12.0,16.3,0.0,46.3125,14.1875
2026-04-06 18:00:00+00:00,76,6,12.0,15.9,0.0,46.3125,14.1875
2026-04-06 18:00:00+00:00,106,3,11.0,18.2,0.0,46.25,14.375
2026-04-06 18:00:00+00:00,106,6,11.0,16.9,0.0,46.25,14.375
2026-04-06 18:00:00+00:00,122,3,8.0,17.9,0.0,46.0,14.4375
2026-04-06 18:00:00+00:00,122,6,8.0,17.6,0.0,46.0,14.4375
2026-04-06 18:00:00+00:00,127,3,8.0,18.4,0.0,46.125,14.5
2026-04-06 18:00:00+00:00,127,6,8.0,18.0,0.0,46.125,14.5
2026-04-06 18:00:00+00:00,129,3,8.0,18.2,0.0,46.0,14.5
2026-04-06 18:00:00+00:00,129,6,8.0,18.0,0.0,46.0,14.5
2026-04-06 18:00:00+00:00,177,3,8.0,14.9,0.0,45.625,14.8125
2026-04-06 18:00:00+00:00,177,6,9.0,13.9,0.0,45.625,14.8125
2026-04-06 18:00:00+00:00,194,3,7.0,17.0,0.0,46.5,15.0625
2026-04-06 18:00:00+00:00,194,6,5.0,16.5,0.0,46.5,15.0625
2026-04-06 18:00:00+00:00,236,3,8.0,18.1,0.0,45.8125,15.1875
2026-04-06 18:00:00+00:00,236,6,8.0,17.5,0.0,45.8125,15.1875
2026-04-06 18:00:00+00:00,325,3,6.0,17.7,0.0,46.5625,15.625
2026-04-06 18:00:00+00:00,325,6,5.0,17.4,0.0,46.5625,15.625
2026-04-06 18:00:00+00:00,391,3,3.0,16.8,0.0,46.6875,16.0625
2026-04-06 18:00:00+00:00,391,6,4.0,16.4,0.0,46.6875,16.0625
2026-04-06 18:00:00+00:00,422,3,8.0,17.2,0.0,46.25,15.25
2026-04-06 18:00:00+00:00,422,6,7.0,16.9,0.0,46.25,15.25
2026-04-06 18:00:00+00:00,425,3,6.0,18.0,0.0,45.9375,15.5
2026-04-06 18:00:00+00:00,425,6,6.0,17.9,0.0,45.9375,15.5
2026-04-06 18:00:00+00:00,426,3,12.0,15.5,0.0,45.5625,13.75
2026-04-06 18:00:00+00:00,426,6,12.0,15.5,0.0,45.5625,13.75
2026-04-06 19:00:00+00:00,63,1,0.0,13.2,0.0,46.375,14.0625
2026-04-06 19:00:00+00:00,76,1,0.0,15.0,0.0,46.3125,14.1875
2026-04-06 19:00:00+00:00,106,1,0.0,14.9,0.0,46.25,14.375
2026-04-06 19:00:00+00:00,122,1,0.0,16.0,0.0,46.0,14.4375
2026-04-06 19:00:00+00:00,127,1,0.0,16.0,0.0,46.125,14.5
2026-04-06 19:00:00+00:00,129,1,0.0,16.0,0.0,46.0,14.5
2026-04-06 19:00:00+00:00,177,1,0.0,13.4,0.0,45.625,14.8125
2026-04-06 19:00:00+00:00,194,1,0.0,15.4,0.0,46.5,15.0625
2026-04-06 19:00:00+00:00,236,1,0.0,15.9,0.0,45.8125,15.1875
2026-04-06 19:00:00+00:00,325,1,0.0,16.6,0.0,46.5625,15.625
2026-04-06 19:00:00+00:00,391,1,0.0,15.8,0.0,46.6875,16.0625
2026-04-06 19:00:00+00:00,422,1,0.0,16.3,0.0,46.25,15.25
2026-04-06 19:00:00+00:00,425,1,0.0,16.7,0.0,45.9375,15.5
2026-04-06 19:00:00+00:00,426,1,0.0,14.7,0.0,45.5625,13.75
2026-04-06 20:00:00+00:00,63,2,0.0,12.1,0.0,46.375,14.0625
2026-04-06 20:00:00+00:00,76,2,0.0,14.1,0.0,46.3125,14.1875
2026-04-06 20:00:00+00:00,106,2,0.0,14.1,0.0,46.25,14.375
2026-04-06 20:00:00+00:00,122,2,0.0,13.0,0.0,46.0,14.4375
2026-04-06 20:00:00+00:00,127,2,0.0,14.2,0.0,46.125,14.5
2026-04-06 20:00:00+00:00,129,2,0.0,12.7,0.0,46.0,14.5
2026-04-06 20:00:00+00:00,177,2,0.0,11.9,0.0,45.625,14.8125
2026-04-06 20:00:00+00:00,194,2,0.0,14.1,0.0,46.5,15.0625
2026-04-06 20:00:00+00:00,236,2,0.0,14.0,0.0,45.8125,15.1875
2026-04-06 20:00:00+00:00,325,2,0.0,15.4,0.0,46.5625,15.625
2026-04-06 20:00:00+00:00,391,2,0.0,14.2,0.0,46.6875,16.0625
2026-04-06 20:00:00+00:00,422,2,0.0,15.1,0.0,46.25,15.25
2026-04-06 20:00:00+00:00,425,2,0.0,15.5,0.0,45.9375,15.5
2026-04-06 20:00:00+00:00,426,2,0.0,12.9,0.0,45.5625,13.75
2026-04-06 21:00:00+00:00,63,3,0.0,11.0,0.0,46.375,14.0625
2026-04-06 21:00:00+00:00,63,6,0.0,11.2,0.0,46.375,14.0625
2026-04-06 21:00:00+00:00,76,3,0.0,13.6,0.0,46.3125,14.1875
2026-04-06 21:00:00+00:00,76,6,0.0,13.3,0.0,46.3125,14.1875
2026-04-06 21:00:00+00:00,106,3,0.0,12.7,0.0,46.25,14.375
2026-04-06 21:00:00+00:00,106,6,0.0,12.3,0.0,46.25,14.375
2026-04-06 21:00:00+00:00,122,3,0.0,11.0,0.0,46.0,14.4375
2026-04-06 21:00:00+00:00,122,6,0.0,10.5,0.0,46.0,14.4375
2026-04-06 21:00:00+00:00,127,3,0.0,12.9,0.0,46.125,14.5
2026-04-06 21:00:00+00:00,127,6,0.0,12.4,0.0,46.125,14.5
2026-04-06 21:00:00+00:00,129,3,0.0,10.6,0.0,46.0,14.5
2026-04-06 21:00:00+00:00,129,6,0.0,10.2,0.0,46.0,14.5
2026-04-06 21:00:00+00:00,177,3,0.0,10.9,0.0,45.625,14.8125
2026-04-06 21:00:00+00:00,177,6,0.0,11.3,0.0,45.625,14.8125
2026-04-06 21:00:00+00:00,194,3,0.0,13.3,0.0,46.5,15.0625
2026-04-06 21:00:00+00:00,194,6,0.0,13.2,0.0,46.5,15.0625
2026-04-06 21:00:00+00:00,236,3,0.0,12.4,0.0,45.8125,15.1875
2026-04-06 21:00:00+00:00,236,6,0.0,12.0,0.0,45.8125,15.1875
2026-04-06 21:00:00+00:00,325,3,0.0,14.8,0.0,46.5625,15.625
2026-04-06 21:00:00+00:00,325,6,0.0,14.7,0.0,46.5625,15.625
2026-04-06 21:00:00+00:00,391,3,0.0,12.8,0.0,46.6875,16.0625
2026-04-06 21:00:00+00:00,391,6,0.0,12.5,0.0,46.6875,16.0625
2026-04-06 21:00:00+00:00,422,3,0.0,14.2,0.0,46.25,15.25
2026-04-06 21:00:00+00:00,422,6,0.0,13.8,0.0,46.25,15.25
2026-04-06 21:00:00+00:00,425,3,0.0,14.7,0.0,45.9375,15.5
2026-04-06 21:00:00+00:00,425,6,0.0,14.5,0.0,45.9375,15.5
2026-04-06 21:00:00+00:00,426,3,0.0,11.9,0.0,45.5625,13.75
2026-04-06 21:00:00+00:00,426,6,0.0,11.9,0.0,45.5625,13.75
2026-04-06 22:00:00+00:00,63,1,0.0,10.5,0.0,46.375,14.0625
2026-04-06 22:00:00+00:00,76,1,0.0,12.8,0.0,46.3125,14.1875
2026-04-06 22:00:00+00:00,106,1,0.0,12.3,0.0,46.25,14.375
2026-04-06 22:00:00+00:00,122,1,0.0,9.6,0.0,46.0,14.4375
2026-04-06 22:00:00+00:00,127,1,0.0,11.4,0.0,46.125,14.5
2026-04-06 22:00:00+00:00,129,1,0.0,8.9,0.0,46.0,14.5
2026-04-06 22:00:00+00:00,177,1,0.0,9.3,0.0,45.625,14.8125
2026-04-06 22:00:00+00:00,194,1,0.0,12.6,0.0,46.5,15.0625
2026-04-06 22:00:00+00:00,236,1,0.0,10.8,0.0,45.8125,15.1875
2026-04-06 22:00:00+00:00,325,1,0.0,13.4,0.0,46.5625,15.625
2026-04-06 22:00:00+00:00,391,1,0.0,11.4,0.0,46.6875,16.0625
2026-04-06 22:00:00+00:00,422,1,0.0,13.2,0.0,46.25,15.25
2026-04-06 22:00:00+00:00,425,1,0.0,13.8,0.0,45.9375,15.5
2026-04-06 22:00:00+00:00,426,1,0.0,11.0,0.0,45.5625,13.75
2026-04-06 23:00:00+00:00,63,2,0.0,10.3,0.0,46.375,14.0625
2026-04-06 23:00:00+00:00,76,2,0.0,12.1,0.0,46.3125,14.1875
2026-04-06 23:00:00+00:00,106,2,0.0,12.0,0.0,46.25,14.375
2026-04-06 23:00:00+00:00,122,2,0.0,8.9,0.0,46.0,14.4375
2026-04-06 23:00:00+00:00,127,2,0.0,10.4,0.0,46.125,14.5
2026-04-06 23:00:00+00:00,129,2,0.0,8.1,0.0,46.0,14.5
2026-04-06 23:00:00+00:00,177,2,0.0,9.1,0.0,45.625,14.8125
2026-04-06 23:00:00+00:00,194,2,0.0,12.2,0.0,46.5,15.0625
2026-04-06 23:00:00+00:00,236,2,0.0,10.3,0.0,45.8125,15.1875
2026-04-06 23:00:00+00:00,325,2,0.0,12.3,0.0,46.5625,15.625
2026-04-06 23:00:00+00:00,391,2,0.0,10.2,0.0,46.6875,16.0625
2026-04-06 23:00:00+00:00,422,2,0.0,12.4,0.0,46.25,15.25
2026-04-06 23:00:00+00:00,425,2,0.0,13.4,0.0,45.9375,15.5
2026-04-06 23:00:00+00:00,426,2,0.0,10.5,0.0,45.5625,13.75
2026-04-07 00:00:00+00:00,63,3,0.0,9.8,0.0,46.375,14.0625
2026-04-07 00:00:00+00:00,63,6,0.0,10.0,0.0,46.375,14.0625
2026-04-07 00:00:00+00:00,63,24,0.0,9.8,0.0,46.375,14.0625
2026-04-07 00:00:00+00:00,76,3,0.0,11.1,0.0,46.3125,14.1875
2026-04-07 00:00:00+00:00,76,6,0.0,11.3,0.0,46.3125,14.1875
2026-04-07 00:00:00+00:00,76,24,0.0,11.5,0.0,46.3125,14.1875
2026-04-07 00:00:00+00:00,106,3,0.0,11.1,0.0,46.25,14.375
2026-04-07 00:00:00+00:00,106,6,0.0,11.4,0.0,46.25,14.375
2026-04-07 00:00:00+00:00,106,24,0.0,11.4,0.0,46.25,14.375
2026-04-07 00:00:00+00:00,122,3,0.0,9.4,0.0,46.0,14.4375
2026-04-07 00:00:00+00:00,122,6,0.0,9.7,0.0,46.0,14.4375
2026-04-07 00:00:00+00:00,122,24,0.0,8.5,0.0,46.0,14.4375
2026-04-07 00:00:00+00:00,127,3,0.0,9.9,0.0,46.125,14.5
2026-04-07 00:00:00+00:00,127,6,0.0,10.4,0.0,46.125,14.5
2026-04-07 00:00:00+00:00,127,24,0.0,9.2,0.0,46.125,14.5
2026-04-07 00:00:00+00:00,129,3,0.0,9.0,0.0,46.0,14.5
2026-04-07 00:00:00+00:00,129,6,0.0,9.7,0.0,46.0,14.5
2026-04-07 00:00:00+00:00,129,24,0.0,8.1,0.0,46.0,14.5
2026-04-07 00:00:00+00:00,177,3,0.0,8.5,0.0,45.625,14.8125
2026-04-07 00:00:00+00:00,177,6,0.0,8.8,0.0,45.625,14.8125
2026-04-07 00:00:00+00:00,177,24,0.0,8.8,0.0,45.625,14.8125
2026-04-07 00:00:00+00:00,194,3,0.0,11.2,0.0,46.5,15.0625
2026-04-07 00:00:00+00:00,194,6,0.0,11.7,0.0,46.5,15.0625
2026-04-07 00:00:00+00:00,194,24,0.0,11.9,0.0,46.5,15.0625
2026-04-07 00:00:00+00:00,236,3,0.0,10.1,0.0,45.8125,15.1875
2026-04-07 00:00:00+00:00,236,6,0.0,10.1,0.0,45.8125,15.1875
2026-04-07 00:00:00+00:00,236,24,0.0,10.1,0.0,45.8125,15.1875
2026-04-07 00:00:00+00:00,325,3,0.0,11.7,0.0,46.5625,15.625
2026-04-07 00:00:00+00:00,325,6,0.0,12.0,0.0,46.5625,15.625
2026-04-07 00:00:00+00:00,325,24,0.0,12.3,0.0,46.5625,15.625
2026-04-07 00:00:00+00:00,391,3,0.0,9.7,0.0,46.6875,16.0625
2026-04-07 00:00:00+00:00,391,6,0.0,10.2,0.0,46.6875,16.0625
2026-04-07 00:00:00+00:00,391,24,0.0,10.6,0.0,46.6875,16.0625
2026-04-07 00:00:00+00:00,422,3,0.0,12.0,0.0,46.25,15.25
2026-04-07 00:00:00+00:00,422,6,0.0,12.3,0.0,46.25,15.25
2026-04-07 00:00:00+00:00,422,24,0.0,11.9,0.0,46.25,15.25
2026-04-07 00:00:00+00:00,425,3,0.0,12.9,0.0,45.9375,15.5
2026-04-07 00:00:00+00:00,425,6,0.0,12.9,0.0,45.9375,15.5
2026-04-07 00:00:00+00:00,425,24,0.0,12.6,0.0,45.9375,15.5
2026-04-07 00:00:00+00:00,426,3,0.0,10.3,0.0,45.5625,13.75
2026-04-07 00:00:00+00:00,426,6,0.0,10.8,0.0,45.5625,13.75
2026-04-07 00:00:00+00:00,426,24,0.0,11.0,0.0,45.5625,13.75
2026-04-07 03:00:00+00:00,63,6,0.0,8.1,0.0,46.375,14.0625
2026-04-07 03:00:00+00:00,63,24,0.0,8.7,0.0,46.375,14.0625
2026-04-07 03:00:00+00:00,76,6,0.0,9.3,0.0,46.3125,14.1875
2026-04-07 03:00:00+00:00,76,24,0.0,9.7,0.0,46.3125,14.1875
2026-04-07 03:00:00+00:00,106,6,0.0,10.0,0.0,46.25,14.375
2026-04-07 03:00:00+00:00,106,24,0.0,10.2,0.0,46.25,14.375
2026-04-07 03:00:00+00:00,122,6,0.0,8.4,0.0,46.0,14.4375
2026-04-07 03:00:00+00:00,122,24,0.0,8.1,0.0,46.0,14.4375
2026-04-07 03:00:00+00:00,127,6,0.0,8.9,0.0,46.125,14.5
2026-04-07 03:00:00+00:00,127,24,0.0,8.8,0.0,46.125,14.5
2026-04-07 03:00:00+00:00,129,6,0.0,8.0,0.0,46.0,14.5
2026-04-07 03:00:00+00:00,129,24,0.0,8.1,0.0,46.0,14.5
2026-04-07 03:00:00+00:00,177,6,0.0,6.9,0.0,45.625,14.8125
2026-04-07 03:00:00+00:00,177,24,0.0,6.8,0.0,45.625,14.8125
2026-04-07 03:00:00+00:00,194,6,0.0,8.1,0.0,46.5,15.0625
2026-04-07 03:00:00+00:00,194,24,0.0,9.3,0.0,46.5,15.0625
2026-04-07 03:00:00+00:00,236,6,0.0,8.6,0.0,45.8125,15.1875
2026-04-07 03:00:00+00:00,236,24,0.0,7.9,0.0,45.8125,15.1875
2026-04-07 03:00:00+00:00,325,6,0.0,9.7,0.0,46.5625,15.625
2026-04-07 03:00:00+00:00,325,24,0.0,10.2,0.0,46.5625,15.625
2026-04-07 03:00:00+00:00,391,6,0.0,7.6,0.0,46.6875,16.0625
2026-04-07 03:00:00+00:00,391,24,0.0,9.0,0.0,46.6875,16.0625
2026-04-07 03:00:00+00:00,422,6,0.0,9.3,0.0,46.25,15.25
2026-04-07 03:00:00+00:00,422,24,0.0,10.0,0.0,46.25,15.25
2026-04-07 03:00:00+00:00,425,6,0.0,9.8,0.0,45.9375,15.5
2026-04-07 03:00:00+00:00,425,24,0.0,10.0,0.0,45.9375,15.5
2026-04-07 03:00:00+00:00,426,6,0.0,9.9,0.0,45.5625,13.75
2026-04-07 03:00:00+00:00,426,24,0.0,9.8,0.0,45.5625,13.75
2026-04-07 06:00:00+00:00,63,24,101.0,7.8,0.0,46.375,14.0625
2026-04-07 06:00:00+00:00,76,24,102.0,9.5,0.0,46.3125,14.1875
2026-04-07 06:00:00+00:00,106,24,103.0,9.8,0.0,46.25,14.375
2026-04-07 06:00:00+00:00,122,24,102.0,8.8,0.0,46.0,14.4375
2026-04-07 06:00:00+00:00,127,24,102.0,8.3,0.0,46.125,14.5
2026-04-07 06:00:00+00:00,129,24,103.0,7.6,0.0,46.0,14.5
2026-04-07 06:00:00+00:00,177,24,111.0,7.8,0.0,45.625,14.8125
2026-04-07 06:00:00+00:00,194,24,90.0,10.5,0.0,46.5,15.0625
2026-04-07 06:00:00+00:00,236,24,114.0,8.6,0.0,45.8125,15.1875
2026-04-07 06:00:00+00:00,325,24,88.0,10.5,0.0,46.5625,15.625
2026-04-07 06:00:00+00:00,391,24,88.0,9.0,0.0,46.6875,16.0625
2026-04-07 06:00:00+00:00,422,24,102.0,9.5,0.0,46.25,15.25
2026-04-07 06:00:00+00:00,425,24,108.0,9.5,0.0,45.9375,15.5
2026-04-07 06:00:00+00:00,426,24,94.0,12.5,0.0,45.5625,13.75
2026-04-07 09:00:00+00:00,63,24,599.0,14.4,0.0,46.375,14.0625
2026-04-07 09:00:00+00:00,76,24,602.0,14.6,0.0,46.3125,14.1875
2026-04-07 09:00:00+00:00,106,24,596.0,15.2,0.0,46.25,14.375
2026-04-07 09:00:00+00:00,122,24,601.0,16.2,0.0,46.0,14.4375
2026-04-07 09:00:00+00:00,127,24,599.0,15.6,0.0,46.125,14.5
2026-04-07 09:00:00+00:00,129,24,602.0,16.5,0.0,46.0,14.5
2026-04-07 09:00:00+00:00,177,24,620.0,13.1,0.0,45.625,14.8125
2026-04-07 09:00:00+00:00,194,24,506.0,15.4,0.0,46.5,15.0625
2026-04-07 09:00:00+00:00,236,24,620.0,16.4,0.0,45.8125,15.1875
2026-04-07 09:00:00+00:00,325,24,558.0,14.0,0.0,46.5625,15.625
2026-04-07 09:00:00+00:00,391,24,567.0,13.9,0.0,46.6875,16.0625
2026-04-07 09:00:00+00:00,422,24,575.0,15.8,0.0,46.25,15.25
2026-04-07 09:00:00+00:00,425,24,613.0,16.5,0.0,45.9375,15.5
2026-04-07 09:00:00+00:00,426,24,587.0,20.0,0.0,45.5625,13.75
2026-04-07 12:00:00+00:00,63,24,776.0,18.2,0.0,46.375,14.0625
2026-04-07 12:00:00+00:00,76,24,780.0,18.1,0.0,46.3125,14.1875
2026-04-07 12:00:00+00:00,106,24,780.0,18.7,0.0,46.25,14.375
2026-04-07 12:00:00+00:00,122,24,780.0,19.9,0.0,46.0,14.4375
2026-04-07 12:00:00+00:00,127,24,776.0,19.2,0.0,46.125,14.5
2026-04-07 12:00:00+00:00,129,24,779.0,20.0,0.0,46.0,14.5
2026-04-07 12:00:00+00:00,177,24,752.0,16.8,0.0,45.625,14.8125
2026-04-07 12:00:00+00:00,194,24,771.0,18.8,0.0,46.5,15.0625
2026-04-07 12:00:00+00:00,236,24,779.0,19.6,0.0,45.8125,15.1875
2026-04-07 12:00:00+00:00,325,24,763.0,17.7,0.0,46.5625,15.625
2026-04-07 12:00:00+00:00,391,24,764.0,16.8,0.0,46.6875,16.0625
2026-04-07 12:00:00+00:00,422,24,777.0,19.8,0.0,46.25,15.25
2026-04-07 12:00:00+00:00,425,24,775.0,19.3,0.0,45.9375,15.5
2026-04-07 12:00:00+00:00,426,24,756.0,20.3,0.0,45.5625,13.75
2026-04-07 15:00:00+00:00,63,24,461.0,19.7,0.0,46.375,14.0625
2026-04-07 15:00:00+00:00,76,24,488.0,20.5,0.0,46.3125,14.1875
2026-04-07 15:00:00+00:00,106,24,475.0,21.2,0.0,46.25,14.375
2026-04-07 15:00:00+00:00,122,24,479.0,22.5,0.0,46.0,14.4375
2026-04-07 15:00:00+00:00,127,24,475.0,21.7,0.0,46.125,14.5
2026-04-07 15:00:00+00:00,129,24,480.0,22.5,0.0,46.0,14.5
2026-04-07 15:00:00+00:00,177,24,470.0,19.1,0.0,45.625,14.8125
2026-04-07 15:00:00+00:00,194,24,466.0,20.3,0.0,46.5,15.0625
2026-04-07 15:00:00+00:00,236,24,472.0,21.2,0.0,45.8125,15.1875
2026-04-07 15:00:00+00:00,325,24,456.0,19.9,0.0,46.5625,15.625
2026-04-07 15:00:00+00:00,391,24,448.0,19.2,0.0,46.6875,16.0625
2026-04-07 15:00:00+00:00,422,24,467.0,21.6,0.0,46.25,15.25
2026-04-07 15:00:00+00:00,425,24,463.0,21.1,0.0,45.9375,15.5
2026-04-07 15:00:00+00:00,426,24,468.0,19.3,0.0,45.5625,13.75
2026-04-07 18:00:00+00:00,63,24,13.0,14.6,0.0,46.375,14.0625
2026-04-07 18:00:00+00:00,76,24,12.0,15.5,0.0,46.3125,14.1875
2026-04-07 18:00:00+00:00,106,24,12.0,16.4,0.0,46.25,14.375
2026-04-07 18:00:00+00:00,122,24,11.0,17.1,0.0,46.0,14.4375
2026-04-07 18:00:00+00:00,127,24,11.0,17.3,0.0,46.125,14.5
2026-04-07 18:00:00+00:00,129,24,11.0,17.3,0.0,46.0,14.5
2026-04-07 18:00:00+00:00,177,24,10.0,13.6,0.0,45.625,14.8125
2026-04-07 18:00:00+00:00,194,24,9.0,15.7,0.0,46.5,15.0625
2026-04-07 18:00:00+00:00,236,24,9.0,16.0,0.0,45.8125,15.1875
2026-04-07 18:00:00+00:00,325,24,9.0,15.7,0.0,46.5625,15.625
2026-04-07 18:00:00+00:00,391,24,7.0,14.1,0.0,46.6875,16.0625
2026-04-07 18:00:00+00:00,422,24,9.0,15.5,0.0,46.25,15.25
2026-04-07 18:00:00+00:00,425,24,8.0,15.2,0.0,45.9375,15.5
2026-04-07 18:00:00+00:00,426,24,13.0,15.7,0.0,45.5625,13.75
2026-04-07 21:00:00+00:00,63,24,0.0,9.9,0.0,46.375,14.0625
2026-04-07 21:00:00+00:00,76,24,0.0,11.8,0.0,46.3125,14.1875
2026-04-07 21:00:00+00:00,106,24,0.0,11.5,0.0,46.25,14.375
2026-04-07 21:00:00+00:00,122,24,0.0,10.1,0.0,46.0,14.4375
2026-04-07 21:00:00+00:00,127,24,0.0,11.2,0.0,46.125,14.5
2026-04-07 21:00:00+00:00,129,24,0.0,9.9,0.0,46.0,14.5
2026-04-07 21:00:00+00:00,177,24,0.0,8.5,0.0,45.625,14.8125
2026-04-07 21:00:00+00:00,194,24,0.0,11.3,0.0,46.5,15.0625
2026-04-07 21:00:00+00:00,236,24,0.0,10.7,0.0,45.8125,15.1875
2026-04-07 21:00:00+00:00,325,24,0.0,12.0,0.0,46.5625,15.625
2026-04-07 21:00:00+00:00,391,24,0.0,10.2,0.0,46.6875,16.0625
2026-04-07 21:00:00+00:00,422,24,0.0,11.6,0.0,46.25,15.25
2026-04-07 21:00:00+00:00,425,24,0.0,12.0,0.0,45.9375,15.5
2026-04-07 21:00:00+00:00,426,24,0.0,12.0,0.0,45.5625,13.75
2026-04-07 01:00:00+00:00,63,1,0.0,9.7,0.0,46.375,14.0625
2026-04-07 01:00:00+00:00,76,1,0.0,10.1,0.0,46.3125,14.1875
2026-04-07 01:00:00+00:00,106,1,0.0,10.9,0.0,46.25,14.375
2026-04-07 01:00:00+00:00,122,1,0.0,9.2,0.0,46.0,14.4375
2026-04-07 01:00:00+00:00,127,1,0.0,10.1,0.0,46.125,14.5
2026-04-07 01:00:00+00:00,129,1,0.0,9.5,0.0,46.0,14.5
2026-04-07 01:00:00+00:00,177,1,0.0,7.6,0.0,45.625,14.8125
2026-04-07 01:00:00+00:00,194,1,0.0,9.9,0.0,46.5,15.0625
2026-04-07 01:00:00+00:00,236,1,0.0,9.7,0.0,45.8125,15.1875
2026-04-07 01:00:00+00:00,325,1,0.0,10.8,0.0,46.5625,15.625
2026-04-07 01:00:00+00:00,391,1,0.0,8.6,0.0,46.6875,16.0625
2026-04-07 01:00:00+00:00,422,1,0.0,10.6,0.0,46.25,15.25
2026-04-07 01:00:00+00:00,425,1,0.0,11.8,0.0,45.9375,15.5
2026-04-07 01:00:00+00:00,426,1,0.0,9.6,0.0,45.5625,13.75
2026-04-07 02:00:00+00:00,63,2,0.0,8.8,0.0,46.375,14.0625
2026-04-07 02:00:00+00:00,76,2,0.0,9.8,0.0,46.3125,14.1875
2026-04-07 02:00:00+00:00,106,2,0.0,10.5,0.0,46.25,14.375
2026-04-07 02:00:00+00:00,122,2,0.0,9.1,0.0,46.0,14.4375
2026-04-07 02:00:00+00:00,127,2,0.0,9.8,0.0,46.125,14.5
2026-04-07 02:00:00+00:00,129,2,0.0,9.4,0.0,46.0,14.5
2026-04-07 02:00:00+00:00,177,2,0.0,7.2,0.0,45.625,14.8125
2026-04-07 02:00:00+00:00,194,2,0.0,9.0,0.0,46.5,15.0625
2026-04-07 02:00:00+00:00,236,2,0.0,9.3,0.0,45.8125,15.1875
2026-04-07 02:00:00+00:00,325,2,0.0,10.1,0.0,46.5625,15.625
2026-04-07 02:00:00+00:00,391,2,0.0,7.9,0.0,46.6875,16.0625
2026-04-07 02:00:00+00:00,422,2,0.0,9.8,0.0,46.25,15.25
2026-04-07 02:00:00+00:00,425,2,0.0,10.5,0.0,45.9375,15.5
2026-04-07 02:00:00+00:00,426,2,0.0,9.6,0.0,45.5625,13.75
2026-04-07 03:00:00+00:00,63,3,0.0,8.0,0.0,46.375,14.0625
2026-04-07 03:00:00+00:00,76,3,0.0,9.2,0.0,46.3125,14.1875
2026-04-07 03:00:00+00:00,106,3,0.0,9.8,0.0,46.25,14.375
2026-04-07 03:00:00+00:00,122,3,0.0,8.5,0.0,46.0,14.4375
2026-04-07 03:00:00+00:00,127,3,0.0,8.9,0.0,46.125,14.5
2026-04-07 03:00:00+00:00,129,3,0.0,8.3,0.0,46.0,14.5
2026-04-07 03:00:00+00:00,177,3,0.0,6.7,0.0,45.625,14.8125
2026-04-07 03:00:00+00:00,194,3,0.0,8.4,0.0,46.5,15.0625
2026-04-07 03:00:00+00:00,236,3,0.0,8.6,0.0,45.8125,15.1875
2026-04-07 03:00:00+00:00,325,3,0.0,9.7,0.0,46.5625,15.625
2026-04-07 03:00:00+00:00,391,3,0.0,7.1,0.0,46.6875,16.0625
2026-04-07 03:00:00+00:00,422,3,0.0,9.0,0.0,46.25,15.25
2026-04-07 03:00:00+00:00,425,3,0.0,9.4,0.0,45.9375,15.5
2026-04-07 03:00:00+00:00,426,3,0.0,9.6,0.0,45.5625,13.75
2026-04-07 04:00:00+00:00,63,1,0.0,6.7,0.0,46.375,14.0625
2026-04-07 04:00:00+00:00,76,1,0.0,8.2,0.0,46.3125,14.1875
2026-04-07 04:00:00+00:00,106,1,0.0,8.5,0.0,46.25,14.375
2026-04-07 04:00:00+00:00,122,1,0.0,7.4,0.0,46.0,14.4375
2026-04-07 04:00:00+00:00,127,1,0.0,7.7,0.0,46.125,14.5
2026-04-07 04:00:00+00:00,129,1,0.0,6.8,0.0,46.0,14.5
2026-04-07 04:00:00+00:00,177,1,0.0,6.0,0.0,45.625,14.8125
2026-04-07 04:00:00+00:00,194,1,0.0,8.0,0.0,46.5,15.0625
2026-04-07 04:00:00+00:00,236,1,0.0,7.4,0.0,45.8125,15.1875
2026-04-07 04:00:00+00:00,325,1,0.0,8.7,0.0,46.5625,15.625
2026-04-07 04:00:00+00:00,391,1,0.0,5.5,0.0,46.6875,16.0625
2026-04-07 04:00:00+00:00,422,1,0.0,7.8,0.0,46.25,15.25
2026-04-07 04:00:00+00:00,425,1,0.0,8.3,0.0,45.9375,15.5
2026-04-07 04:00:00+00:00,426,1,0.0,9.5,0.0,45.5625,13.75
2026-04-07 05:00:00+00:00,63,2,6.0,6.2,0.0,46.375,14.0625
2026-04-07 05:00:00+00:00,76,2,6.0,7.9,0.0,46.3125,14.1875
2026-04-07 05:00:00+00:00,106,2,6.0,8.1,0.0,46.25,14.375
2026-04-07 05:00:00+00:00,122,2,6.0,6.8,0.0,46.0,14.4375
2026-04-07 05:00:00+00:00,127,2,7.0,6.5,0.0,46.125,14.5
2026-04-07 05:00:00+00:00,129,2,6.0,5.7,0.0,46.0,14.5
2026-04-07 05:00:00+00:00,177,2,7.0,5.9,0.0,45.625,14.8125
2026-04-07 05:00:00+00:00,194,2,7.0,7.9,0.0,46.5,15.0625
2026-04-07 05:00:00+00:00,236,2,8.0,6.9,0.0,45.8125,15.1875
2026-04-07 05:00:00+00:00,325,2,9.0,8.5,0.0,46.5625,15.625
2026-04-07 05:00:00+00:00,391,2,10.0,5.1,0.0,46.6875,16.0625
2026-04-07 05:00:00+00:00,422,2,8.0,7.0,0.0,46.25,15.25
2026-04-07 05:00:00+00:00,425,2,8.0,7.4,0.0,45.9375,15.5
2026-04-07 05:00:00+00:00,426,2,5.0,10.0,0.0,45.5625,13.75
2026-04-07 06:00:00+00:00,63,3,99.0,7.4,0.0,46.375,14.0625
2026-04-07 06:00:00+00:00,63,6,100.0,7.6,0.0,46.375,14.0625
2026-04-07 06:00:00+00:00,76,3,100.0,9.3,0.0,46.3125,14.1875
2026-04-07 06:00:00+00:00,76,6,101.0,9.7,0.0,46.3125,14.1875
2026-04-07 06:00:00+00:00,106,3,103.0,9.5,0.0,46.25,14.375
2026-04-07 06:00:00+00:00,106,6,105.0,9.9,0.0,46.25,14.375
2026-04-07 06:00:00+00:00,122,3,101.0,8.5,0.0,46.0,14.4375
2026-04-07 06:00:00+00:00,122,6,102.0,8.8,0.0,46.0,14.4375
2026-04-07 06:00:00+00:00,127,3,101.0,7.5,0.0,46.125,14.5
2026-04-07 06:00:00+00:00,127,6,102.0,7.8,0.0,46.125,14.5
2026-04-07 06:00:00+00:00,129,3,102.0,7.4,0.0,46.0,14.5
2026-04-07 06:00:00+00:00,129,6,103.0,7.6,0.0,46.0,14.5
2026-04-07 06:00:00+00:00,177,3,111.0,8.0,0.0,45.625,14.8125
2026-04-07 06:00:00+00:00,177,6,109.0,8.2,0.0,45.625,14.8125
2026-04-07 06:00:00+00:00,194,3,98.0,10.0,0.0,46.5,15.0625
2026-04-07 06:00:00+00:00,194,6,92.0,10.0,0.0,46.5,15.0625
2026-04-07 06:00:00+00:00,236,3,114.0,8.2,0.0,45.8125,15.1875
2026-04-07 06:00:00+00:00,236,6,115.0,8.2,0.0,45.8125,15.1875
2026-04-07 06:00:00+00:00,325,3,105.0,9.5,0.0,46.5625,15.625
2026-04-07 06:00:00+00:00,325,6,106.0,9.9,0.0,46.5625,15.625
2026-04-07 06:00:00+00:00,391,3,113.0,6.7,0.0,46.6875,16.0625
2026-04-07 06:00:00+00:00,391,6,112.0,7.5,0.0,46.6875,16.0625
2026-04-07 06:00:00+00:00,422,3,106.0,8.2,0.0,46.25,15.25
2026-04-07 06:00:00+00:00,422,6,109.0,8.5,0.0,46.25,15.25
2026-04-07 06:00:00+00:00,425,3,112.0,9.0,0.0,45.9375,15.5
2026-04-07 06:00:00+00:00,425,6,113.0,9.3,0.0,45.9375,15.5
2026-04-07 06:00:00+00:00,426,3,95.0,12.0,0.0,45.5625,13.75
2026-04-07 06:00:00+00:00,426,6,96.0,12.5,0.0,45.5625,13.75
2026-04-07 07:00:00+00:00,63,1,267.0,10.2,0.0,46.375,14.0625
2026-04-07 07:00:00+00:00,76,1,269.0,11.4,0.0,46.3125,14.1875
2026-04-07 07:00:00+00:00,106,1,272.0,12.1,0.0,46.25,14.375
2026-04-07 07:00:00+00:00,122,1,268.0,11.9,0.0,46.0,14.4375
2026-04-07 07:00:00+00:00,127,1,271.0,11.7,0.0,46.125,14.5
2026-04-07 07:00:00+00:00,129,1,268.0,11.6,0.0,46.0,14.5
2026-04-07 07:00:00+00:00,177,1,288.0,10.1,0.0,45.625,14.8125
2026-04-07 07:00:00+00:00,194,1,265.0,12.4,0.0,46.5,15.0625
2026-04-07 07:00:00+00:00,236,1,288.0,12.3,0.0,45.8125,15.1875
2026-04-07 07:00:00+00:00,325,1,271.0,11.2,0.0,46.5625,15.625
2026-04-07 07:00:00+00:00,391,1,282.0,10.3,0.0,46.6875,16.0625
2026-04-07 07:00:00+00:00,422,1,271.0,11.8,0.0,46.25,15.25
2026-04-07 07:00:00+00:00,425,1,288.0,13.2,0.0,45.9375,15.5
2026-04-07 07:00:00+00:00,426,1,263.0,16.4,0.0,45.5625,13.75
2026-04-07 08:00:00+00:00,63,2,445.0,12.1,0.0,46.375,14.0625
2026-04-07 08:00:00+00:00,76,2,443.0,12.6,0.0,46.3125,14.1875
2026-04-07 08:00:00+00:00,106,2,445.0,13.6,0.0,46.25,14.375
2026-04-07 08:00:00+00:00,122,2,446.0,14.3,0.0,46.0,14.4375
2026-04-07 08:00:00+00:00,127,2,445.0,13.7,0.0,46.125,14.5
2026-04-07 08:00:00+00:00,129,2,445.0,14.6,0.0,46.0,14.5
2026-04-07 08:00:00+00:00,177,2,463.0,11.6,0.0,45.625,14.8125
2026-04-07 08:00:00+00:00,194,2,444.0,13.8,0.0,46.5,15.0625
2026-04-07 08:00:00+00:00,236,2,461.0,14.5,0.0,45.8125,15.1875
2026-04-07 08:00:00+00:00,325,2,450.0,12.7,0.0,46.5625,15.625
2026-04-07 08:00:00+00:00,391,2,458.0,12.4,0.0,46.6875,16.0625
2026-04-07 08:00:00+00:00,422,2,451.0,14.1,0.0,46.25,15.25
2026-04-07 08:00:00+00:00,425,2,464.0,15.1,0.0,45.9375,15.5
2026-04-07 08:00:00+00:00,426,2,439.0,18.8,0.0,45.5625,13.75
2026-04-07 09:00:00+00:00,63,3,599.0,13.8,0.0,46.375,14.0625
2026-04-07 09:00:00+00:00,63,6,581.0,13.8,0.0,46.375,14.0625
2026-04-07 09:00:00+00:00,76,3,597.0,14.0,0.0,46.3125,14.1875
2026-04-07 09:00:00+00:00,76,6,579.0,14.0,0.0,46.3125,14.1875
2026-04-07 09:00:00+00:00,106,3,600.0,14.9,0.0,46.25,14.375
2026-04-07 09:00:00+00:00,106,6,571.0,14.8,0.0,46.25,14.375
2026-04-07 09:00:00+00:00,122,3,599.0,15.9,0.0,46.0,14.4375
2026-04-07 09:00:00+00:00,122,6,593.0,15.8,0.0,46.0,14.4375
2026-04-07 09:00:00+00:00,127,3,596.0,15.3,0.0,46.125,14.5
2026-04-07 09:00:00+00:00,127,6,571.0,15.1,0.0,46.125,14.5
2026-04-07 09:00:00+00:00,129,3,598.0,16.1,0.0,46.0,14.5
2026-04-07 09:00:00+00:00,129,6,591.0,16.1,0.0,46.0,14.5
2026-04-07 09:00:00+00:00,177,3,613.0,12.9,0.0,45.625,14.8125
2026-04-07 09:00:00+00:00,177,6,593.0,12.7,0.0,45.625,14.8125
2026-04-07 09:00:00+00:00,194,3,596.0,15.3,0.0,46.5,15.0625
2026-04-07 09:00:00+00:00,194,6,590.0,15.3,0.0,46.5,15.0625
2026-04-07 09:00:00+00:00,236,3,580.0,16.2,0.0,45.8125,15.1875
2026-04-07 09:00:00+00:00,236,6,559.0,15.9,0.0,45.8125,15.1875
2026-04-07 09:00:00+00:00,325,3,599.0,14.3,0.0,46.5625,15.625
2026-04-07 09:00:00+00:00,325,6,594.0,13.8,0.0,46.5625,15.625
2026-04-07 09:00:00+00:00,391,3,607.0,13.9,0.0,46.6875,16.0625
2026-04-07 09:00:00+00:00,391,6,600.0,13.5,0.0,46.6875,16.0625
2026-04-07 09:00:00+00:00,422,3,606.0,15.7,0.0,46.25,15.25
2026-04-07 09:00:00+00:00,422,6,599.0,15.4,0.0,46.25,15.25
2026-04-07 09:00:00+00:00,425,3,614.0,16.4,0.0,45.9375,15.5
2026-04-07 09:00:00+00:00,425,6,607.0,16.1,0.0,45.9375,15.5
2026-04-07 09:00:00+00:00,426,3,594.0,20.3,0.0,45.5625,13.75
2026-04-07 09:00:00+00:00,426,6,591.0,20.1,0.0,45.5625,13.75
2026-04-07 10:00:00+00:00,63,1,713.0,15.5,0.0,46.375,14.0625
2026-04-07 10:00:00+00:00,76,1,706.0,15.5,0.0,46.3125,14.1875
2026-04-07 10:00:00+00:00,106,1,710.0,16.1,0.0,46.25,14.375
2026-04-07 10:00:00+00:00,122,1,705.0,17.2,0.0,46.0,14.4375
2026-04-07 10:00:00+00:00,127,1,709.0,16.7,0.0,46.125,14.5
2026-04-07 10:00:00+00:00,129,1,703.0,17.4,0.0,46.0,14.5
2026-04-07 10:00:00+00:00,177,1,723.0,14.1,0.0,45.625,14.8125
2026-04-07 10:00:00+00:00,194,1,707.0,16.5,0.0,46.5,15.0625
2026-04-07 10:00:00+00:00,236,1,634.0,17.5,0.0,45.8125,15.1875
2026-04-07 10:00:00+00:00,325,1,706.0,15.9,0.0,46.5625,15.625
2026-04-07 10:00:00+00:00,391,1,710.0,15.2,0.0,46.6875,16.0625
2026-04-07 10:00:00+00:00,422,1,715.0,17.7,0.0,46.25,15.25
2026-04-07 10:00:00+00:00,425,1,705.0,17.6,0.0,45.9375,15.5
2026-04-07 10:00:00+00:00,426,1,689.0,21.2,0.0,45.5625,13.75
2026-04-07 11:00:00+00:00,63,2,777.0,17.1,0.0,46.375,14.0625
2026-04-07 11:00:00+00:00,76,2,773.0,17.0,0.0,46.3125,14.1875
2026-04-07 11:00:00+00:00,106,2,772.0,17.5,0.0,46.25,14.375
2026-04-07 11:00:00+00:00,122,2,750.0,18.5,0.0,46.0,14.4375
2026-04-07 11:00:00+00:00,127,2,759.0,18.0,0.0,46.125,14.5
2026-04-07 11:00:00+00:00,129,2,750.0,18.7,0.0,46.0,14.5
2026-04-07 11:00:00+00:00,177,2,776.0,15.5,0.0,45.625,14.8125
2026-04-07 11:00:00+00:00,194,2,771.0,17.8,0.0,46.5,15.0625
2026-04-07 11:00:00+00:00,236,2,752.0,18.5,0.0,45.8125,15.1875
2026-04-07 11:00:00+00:00,325,2,763.0,17.6,0.0,46.5625,15.625
2026-04-07 11:00:00+00:00,391,2,762.0,16.6,0.0,46.6875,16.0625
2026-04-07 11:00:00+00:00,422,2,775.0,19.1,0.0,46.25,15.25
2026-04-07 11:00:00+00:00,425,2,769.0,18.8,0.0,45.9375,15.5
2026-04-07 11:00:00+00:00,426,2,676.0,19.8,0.0,45.5625,13.75
2026-04-07 12:00:00+00:00,63,3,781.0,18.3,0.0,46.375,14.0625
2026-04-07 12:00:00+00:00,63,6,782.0,18.5,0.0,46.375,14.0625
2026-04-07 12:00:00+00:00,76,3,781.0,18.2,0.0,46.3125,14.1875
2026-04-07 12:00:00+00:00,76,6,782.0,18.4,0.0,46.3125,14.1875
2026-04-07 12:00:00+00:00,106,3,780.0,18.7,0.0,46.25,14.375
2026-04-07 12:00:00+00:00,106,6,781.0,18.8,0.0,46.25,14.375
2026-04-07 12:00:00+00:00,122,3,773.0,19.9,0.0,46.0,14.4375
2026-04-07 12:00:00+00:00,122,6,779.0,20.0,0.0,46.0,14.4375
2026-04-07 12:00:00+00:00,127,3,775.0,19.1,0.0,46.125,14.5
2026-04-07 12:00:00+00:00,127,6,777.0,19.3,0.0,46.125,14.5
2026-04-07 12:00:00+00:00,129,3,772.0,20.0,0.0,46.0,14.5
2026-04-07 12:00:00+00:00,129,6,778.0,20.1,0.0,46.0,14.5
2026-04-07 12:00:00+00:00,177,3,745.0,16.7,0.0,45.625,14.8125
2026-04-07 12:00:00+00:00,177,6,776.0,17.1,0.0,45.625,14.8125
2026-04-07 12:00:00+00:00,194,3,775.0,19.0,0.0,46.5,15.0625
2026-04-07 12:00:00+00:00,194,6,776.0,19.1,0.0,46.5,15.0625
2026-04-07 12:00:00+00:00,236,3,769.0,19.4,0.0,45.8125,15.1875
2026-04-07 12:00:00+00:00,236,6,777.0,19.6,0.0,45.8125,15.1875
2026-04-07 12:00:00+00:00,325,3,763.0,18.8,0.0,46.5625,15.625
2026-04-07 12:00:00+00:00,325,6,764.0,18.9,0.0,46.5625,15.625
2026-04-07 12:00:00+00:00,391,3,760.0,17.6,0.0,46.6875,16.0625
2026-04-07 12:00:00+00:00,391,6,761.0,17.7,0.0,46.6875,16.0625
2026-04-07 12:00:00+00:00,422,3,776.0,20.0,0.0,46.25,15.25
2026-04-07 12:00:00+00:00,422,6,777.0,20.1,0.0,46.25,15.25
2026-04-07 12:00:00+00:00,425,3,771.0,19.8,0.0,45.9375,15.5
2026-04-07 12:00:00+00:00,425,6,776.0,19.9,0.0,45.9375,15.5
2026-04-07 12:00:00+00:00,426,3,695.0,19.9,0.0,45.5625,13.75
2026-04-07 12:00:00+00:00,426,6,718.0,19.9,0.0,45.5625,13.75
2026-04-07 13:00:00+00:00,63,1,721.0,19.2,0.0,46.375,14.0625
2026-04-07 13:00:00+00:00,76,1,729.0,19.4,0.0,46.3125,14.1875
2026-04-07 13:00:00+00:00,106,1,729.0,19.7,0.0,46.25,14.375
2026-04-07 13:00:00+00:00,122,1,728.0,20.9,0.0,46.0,14.4375
2026-04-07 13:00:00+00:00,127,1,724.0,20.1,0.0,46.125,14.5
2026-04-07 13:00:00+00:00,129,1,726.0,21.0,0.0,46.0,14.5
2026-04-07 13:00:00+00:00,177,1,734.0,17.7,0.0,45.625,14.8125
2026-04-07 13:00:00+00:00,194,1,722.0,19.8,0.0,46.5,15.0625
2026-04-07 13:00:00+00:00,236,1,724.0,20.3,0.0,45.8125,15.1875
2026-04-07 13:00:00+00:00,325,1,698.0,19.4,0.0,46.5625,15.625
2026-04-07 13:00:00+00:00,391,1,694.0,18.3,0.0,46.6875,16.0625
2026-04-07 13:00:00+00:00,422,1,721.0,20.7,0.0,46.25,15.25
2026-04-07 13:00:00+00:00,425,1,719.0,20.6,0.0,45.9375,15.5
2026-04-07 13:00:00+00:00,426,1,709.0,20.1,0.0,45.5625,13.75
2026-04-07 14:00:00+00:00,63,2,611.0,19.6,0.0,46.375,14.0625
2026-04-07 14:00:00+00:00,76,2,627.0,20.1,0.0,46.3125,14.1875
2026-04-07 14:00:00+00:00,106,2,626.0,20.4,0.0,46.25,14.375
2026-04-07 14:00:00+00:00,122,2,625.0,21.4,0.0,46.0,14.4375
2026-04-07 14:00:00+00:00,127,2,621.0,20.7,0.0,46.125,14.5
2026-04-07 14:00:00+00:00,129,2,623.0,21.4,0.0,46.0,14.5
2026-04-07 14:00:00+00:00,177,2,635.0,18.2,0.0,45.625,14.8125
2026-04-07 14:00:00+00:00,194,2,617.0,20.2,0.0,46.5,15.0625
2026-04-07 14:00:00+00:00,236,2,620.0,20.7,0.0,45.8125,15.1875
2026-04-07 14:00:00+00:00,325,2,600.0,19.7,0.0,46.5625,15.625
2026-04-07 14:00:00+00:00,391,2,591.0,19.0,0.0,46.6875,16.0625
2026-04-07 14:00:00+00:00,422,2,614.0,21.1,0.0,46.25,15.25
2026-04-07 14:00:00+00:00,425,2,612.0,20.9,0.0,45.9375,15.5
2026-04-07 14:00:00+00:00,426,2,621.0,19.7,0.0,45.5625,13.75
2026-04-07 15:00:00+00:00,63,3,478.0,19.5,0.0,46.375,14.0625
2026-04-07 15:00:00+00:00,63,6,459.0,19.3,0.0,46.375,14.0625
2026-04-07 15:00:00+00:00,76,3,483.0,20.1,0.0,46.3125,14.1875
2026-04-07 15:00:00+00:00,76,6,487.0,20.1,0.0,46.3125,14.1875
2026-04-07 15:00:00+00:00,106,3,476.0,20.6,0.0,46.25,14.375
2026-04-07 15:00:00+00:00,106,6,475.0,20.7,0.0,46.25,14.375
2026-04-07 15:00:00+00:00,122,3,478.0,21.7,0.0,46.0,14.4375
2026-04-07 15:00:00+00:00,122,6,479.0,22.2,0.0,46.0,14.4375
2026-04-07 15:00:00+00:00,127,3,473.0,21.0,0.0,46.125,14.5
2026-04-07 15:00:00+00:00,127,6,474.0,21.1,0.0,46.125,14.5
2026-04-07 15:00:00+00:00,129,3,477.0,21.6,0.0,46.0,14.5
2026-04-07 15:00:00+00:00,129,6,478.0,22.1,0.0,46.0,14.5
2026-04-07 15:00:00+00:00,177,3,484.0,18.3,0.0,45.625,14.8125
2026-04-07 15:00:00+00:00,177,6,470.0,19.1,0.0,45.625,14.8125
2026-04-07 15:00:00+00:00,194,3,468.0,20.1,0.0,46.5,15.0625
2026-04-07 15:00:00+00:00,194,6,468.0,20.1,0.0,46.5,15.0625
2026-04-07 15:00:00+00:00,236,3,470.0,20.6,0.0,45.8125,15.1875
2026-04-07 15:00:00+00:00,236,6,470.0,20.6,0.0,45.8125,15.1875
2026-04-07 15:00:00+00:00,325,3,456.0,19.7,0.0,46.5625,15.625
2026-04-07 15:00:00+00:00,325,6,457.0,19.9,0.0,46.5625,15.625
2026-04-07 15:00:00+00:00,391,3,451.0,19.0,0.0,46.6875,16.0625
2026-04-07 15:00:00+00:00,391,6,451.0,19.4,0.0,46.6875,16.0625
2026-04-07 15:00:00+00:00,422,3,467.0,21.3,0.0,46.25,15.25
2026-04-07 15:00:00+00:00,422,6,467.0,21.7,0.0,46.25,15.25
2026-04-07 15:00:00+00:00,425,3,463.0,20.9,0.0,45.9375,15.5
2026-04-07 15:00:00+00:00,425,6,463.0,21.1,0.0,45.9375,15.5
2026-04-07 15:00:00+00:00,426,3,477.0,19.0,0.0,45.5625,13.75
2026-04-07 15:00:00+00:00,426,6,476.0,18.9,0.0,45.5625,13.75
2026-04-07 16:00:00+00:00,63,1,303.0,18.9,0.0,46.375,14.0625
2026-04-07 16:00:00+00:00,76,1,310.0,20.0,0.0,46.3125,14.1875
2026-04-07 16:00:00+00:00,106,1,303.0,21.2,0.0,46.25,14.375
2026-04-07 16:00:00+00:00,122,1,305.0,22.0,0.0,46.0,14.4375
2026-04-07 16:00:00+00:00,127,1,303.0,21.7,0.0,46.125,14.5
2026-04-07 16:00:00+00:00,129,1,304.0,22.4,0.0,46.0,14.5
2026-04-07 16:00:00+00:00,177,1,305.0,19.0,0.0,45.625,14.8125
2026-04-07 16:00:00+00:00,194,1,292.0,20.0,0.0,46.5,15.0625
2026-04-07 16:00:00+00:00,236,1,295.0,20.6,0.0,45.8125,15.1875
2026-04-07 16:00:00+00:00,325,1,284.0,19.8,0.0,46.5625,15.625
2026-04-07 16:00:00+00:00,391,1,280.0,19.0,0.0,46.6875,16.0625
2026-04-07 16:00:00+00:00,422,1,295.0,21.7,0.0,46.25,15.25
2026-04-07 16:00:00+00:00,425,1,290.0,21.0,0.0,45.9375,15.5
2026-04-07 16:00:00+00:00,426,1,306.0,18.9,0.0,45.5625,13.75
2026-04-07 17:00:00+00:00,63,2,133.0,17.4,0.0,46.375,14.0625
2026-04-07 17:00:00+00:00,76,2,132.0,18.7,0.0,46.3125,14.1875
2026-04-07 17:00:00+00:00,106,2,128.0,20.3,0.0,46.25,14.375
2026-04-07 17:00:00+00:00,122,2,128.0,19.9,0.0,46.0,14.4375
2026-04-07 17:00:00+00:00,127,2,128.0,20.5,0.0,46.125,14.5
2026-04-07 17:00:00+00:00,129,2,128.0,20.4,0.0,46.0,14.5
2026-04-07 17:00:00+00:00,177,2,127.0,17.7,0.0,45.625,14.8125
2026-04-07 17:00:00+00:00,194,2,116.0,19.0,0.0,46.5,15.0625
2026-04-07 17:00:00+00:00,236,2,120.0,19.7,0.0,45.8125,15.1875
2026-04-07 17:00:00+00:00,325,2,113.0,18.9,0.0,46.5625,15.625
2026-04-07 17:00:00+00:00,391,2,109.0,17.9,0.0,46.6875,16.0625
2026-04-07 17:00:00+00:00,422,2,120.0,20.0,0.0,46.25,15.25
2026-04-07 17:00:00+00:00,425,2,115.0,19.7,0.0,45.9375,15.5
2026-04-07 17:00:00+00:00,426,2,131.0,17.6,0.0,45.5625,13.75
2026-04-07 18:00:00+00:00,63,3,13.0,14.4,0.0,46.375,14.0625
2026-04-07 18:00:00+00:00,63,6,13.0,14.3,0.0,46.375,14.0625
2026-04-07 18:00:00+00:00,76,3,13.0,15.7,0.0,46.3125,14.1875
2026-04-07 18:00:00+00:00,76,6,13.0,15.2,0.0,46.3125,14.1875
2026-04-07 18:00:00+00:00,106,3,12.0,17.3,0.0,46.25,14.375
2026-04-07 18:00:00+00:00,106,6,13.0,16.3,0.0,46.25,14.375
2026-04-07 18:00:00+00:00,122,3,11.0,17.2,0.0,46.0,14.4375
2026-04-07 18:00:00+00:00,122,6,11.0,16.8,0.0,46.0,14.4375
2026-04-07 18:00:00+00:00,127,3,11.0,17.2,0.0,46.125,14.5
2026-04-07 18:00:00+00:00,127,6,11.0,16.8,0.0,46.125,14.5
2026-04-07 18:00:00+00:00,129,3,11.0,17.5,0.0,46.0,14.5
2026-04-07 18:00:00+00:00,129,6,11.0,17.0,0.0,46.0,14.5
2026-04-07 18:00:00+00:00,177,3,11.0,13.2,0.0,45.625,14.8125
2026-04-07 18:00:00+00:00,177,6,10.0,13.2,0.0,45.625,14.8125
2026-04-07 18:00:00+00:00,194,3,9.0,15.7,0.0,46.5,15.0625
2026-04-07 18:00:00+00:00,194,6,10.0,15.3,0.0,46.5,15.0625
2026-04-07 18:00:00+00:00,236,3,10.0,16.2,0.0,45.8125,15.1875
2026-04-07 18:00:00+00:00,236,6,9.0,15.9,0.0,45.8125,15.1875
2026-04-07 18:00:00+00:00,325,3,8.0,16.0,0.0,46.5625,15.625
2026-04-07 18:00:00+00:00,325,6,8.0,15.4,0.0,46.5625,15.625
2026-04-07 18:00:00+00:00,391,3,7.0,14.1,0.0,46.6875,16.0625
2026-04-07 18:00:00+00:00,391,6,8.0,13.6,0.0,46.6875,16.0625
2026-04-07 18:00:00+00:00,422,3,10.0,16.2,0.0,46.25,15.25
2026-04-07 18:00:00+00:00,422,6,9.0,15.9,0.0,46.25,15.25
2026-04-07 18:00:00+00:00,425,3,8.0,15.8,0.0,45.9375,15.5
2026-04-07 18:00:00+00:00,425,6,8.0,15.4,0.0,45.9375,15.5
2026-04-07 18:00:00+00:00,426,3,13.0,16.0,0.0,45.5625,13.75
2026-04-07 18:00:00+00:00,426,6,14.0,15.7,0.0,45.5625,13.75
2026-04-07 19:00:00+00:00,63,1,0.0,12.5,0.0,46.375,14.0625
2026-04-07 19:00:00+00:00,76,1,0.0,14.5,0.0,46.3125,14.1875
2026-04-07 19:00:00+00:00,106,1,0.0,16.0,0.0,46.25,14.375
2026-04-07 19:00:00+00:00,122,1,0.0,15.9,0.0,46.0,14.4375
2026-04-07 19:00:00+00:00,127,1,0.0,15.7,0.0,46.125,14.5
2026-04-07 19:00:00+00:00,129,1,0.0,16.0,0.0,46.0,14.5
2026-04-07 19:00:00+00:00,177,1,0.0,11.1,0.0,45.625,14.8125
2026-04-07 19:00:00+00:00,194,1,0.0,14.3,0.0,46.5,15.0625
2026-04-07 19:00:00+00:00,236,1,0.0,14.7,0.0,45.8125,15.1875
2026-04-07 19:00:00+00:00,325,1,0.0,15.0,0.0,46.5625,15.625
2026-04-07 19:00:00+00:00,391,1,0.0,12.7,0.0,46.6875,16.0625
2026-04-07 19:00:00+00:00,422,1,0.0,14.8,0.0,46.25,15.25
2026-04-07 19:00:00+00:00,425,1,0.0,14.5,0.0,45.9375,15.5
2026-04-07 19:00:00+00:00,426,1,0.0,14.8,0.0,45.5625,13.75
2026-04-07 20:00:00+00:00,63,2,0.0,10.9,0.0,46.375,14.0625
2026-04-07 20:00:00+00:00,76,2,0.0,13.4,0.0,46.3125,14.1875
2026-04-07 20:00:00+00:00,106,2,0.0,13.1,0.0,46.25,14.375
2026-04-07 20:00:00+00:00,122,2,0.0,14.0,0.0,46.0,14.4375
2026-04-07 20:00:00+00:00,127,2,0.0,13.5,0.0,46.125,14.5
2026-04-07 20:00:00+00:00,129,2,0.0,14.7,0.0,46.0,14.5
2026-04-07 20:00:00+00:00,177,2,0.0,9.5,0.0,45.625,14.8125
2026-04-07 20:00:00+00:00,194,2,0.0,13.2,0.0,46.5,15.0625
2026-04-07 20:00:00+00:00,236,2,0.0,13.0,0.0,45.8125,15.1875
2026-04-07 20:00:00+00:00,325,2,0.0,14.0,0.0,46.5625,15.625
2026-04-07 20:00:00+00:00,391,2,0.0,11.8,0.0,46.6875,16.0625
2026-04-07 20:00:00+00:00,422,2,0.0,13.6,0.0,46.25,15.25
2026-04-07 20:00:00+00:00,425,2,0.0,13.9,0.0,45.9375,15.5
2026-04-07 20:00:00+00:00,426,2,0.0,13.0,0.0,45.5625,13.75
2026-04-07 21:00:00+00:00,63,3,0.0,10.0,0.0,46.375,14.0625
2026-04-07 21:00:00+00:00,63,6,0.0,9.8,0.0,46.375,14.0625
2026-04-07 21:00:00+00:00,76,3,0.0,12.4,0.0,46.3125,14.1875
2026-04-07 21:00:00+00:00,76,6,0.0,12.2,0.0,46.3125,14.1875
2026-04-07 21:00:00+00:00,106,3,0.0,11.8,0.0,46.25,14.375
2026-04-07 21:00:00+00:00,106,6,0.0,11.5,0.0,46.25,14.375
2026-04-07 21:00:00+00:00,122,3,0.0,11.5,0.0,46.0,14.4375
2026-04-07 21:00:00+00:00,122,6,0.0,10.6,0.0,46.0,14.4375
2026-04-07 21:00:00+00:00,127,3,0.0,12.1,0.0,46.125,14.5
2026-04-07 21:00:00+00:00,127,6,0.0,11.7,0.0,46.125,14.5
2026-04-07 21:00:00+00:00,129,3,0.0,11.8,0.0,46.0,14.5
2026-04-07 21:00:00+00:00,129,6,0.0,10.8,0.0,46.0,14.5
2026-04-07 21:00:00+00:00,177,3,0.0,8.9,0.0,45.625,14.8125
2026-04-07 21:00:00+00:00,177,6,0.0,9.0,0.0,45.625,14.8125
2026-04-07 21:00:00+00:00,194,3,0.0,12.3,0.0,46.5,15.0625
2026-04-07 21:00:00+00:00,194,6,0.0,11.9,0.0,46.5,15.0625
2026-04-07 21:00:00+00:00,236,3,0.0,12.0,0.0,45.8125,15.1875
2026-04-07 21:00:00+00:00,236,6,0.0,11.2,0.0,45.8125,15.1875
2026-04-07 21:00:00+00:00,325,3,0.0,13.4,0.0,46.5625,15.625
2026-04-07 21:00:00+00:00,325,6,0.0,13.0,0.0,46.5625,15.625
2026-04-07 21:00:00+00:00,391,3,0.0,11.7,0.0,46.6875,16.0625
2026-04-07 21:00:00+00:00,391,6,0.0,10.5,0.0,46.6875,16.0625
2026-04-07 21:00:00+00:00,422,3,0.0,13.5,0.0,46.25,15.25
2026-04-07 21:00:00+00:00,422,6,0.0,12.0,0.0,46.25,15.25
2026-04-07 21:00:00+00:00,425,3,0.0,14.0,0.0,45.9375,15.5
2026-04-07 21:00:00+00:00,425,6,0.0,12.7,0.0,45.9375,15.5
2026-04-07 21:00:00+00:00,426,3,0.0,12.2,0.0,45.5625,13.75
2026-04-07 21:00:00+00:00,426,6,0.0,12.0,0.0,45.5625,13.75
2026-04-07 22:00:00+00:00,63,1,0.0,9.1,0.0,46.375,14.0625
2026-04-07 22:00:00+00:00,76,1,0.0,11.6,0.0,46.3125,14.1875
2026-04-07 22:00:00+00:00,106,1,0.0,11.6,0.0,46.25,14.375
2026-04-07 22:00:00+00:00,122,1,0.0,9.5,0.0,46.0,14.4375
2026-04-07 22:00:00+00:00,127,1,0.0,11.1,0.0,46.125,14.5
2026-04-07 22:00:00+00:00,129,1,0.0,9.2,0.0,46.0,14.5
2026-04-07 22:00:00+00:00,177,1,0.0,9.5,0.0,45.625,14.8125
2026-04-07 22:00:00+00:00,194,1,0.0,11.0,0.0,46.5,15.0625
2026-04-07 22:00:00+00:00,236,1,0.0,12.2,0.0,45.8125,15.1875
2026-04-07 22:00:00+00:00,325,1,0.0,11.7,0.0,46.5625,15.625
2026-04-07 22:00:00+00:00,391,1,0.0,10.5,0.0,46.6875,16.0625
2026-04-07 22:00:00+00:00,422,1,0.0,13.3,0.0,46.25,15.25
2026-04-07 22:00:00+00:00,425,1,0.0,14.1,0.0,45.9375,15.5
2026-04-07 22:00:00+00:00,426,1,0.0,11.7,0.0,45.5625,13.75
2026-04-07 23:00:00+00:00,63,2,0.0,8.3,0.0,46.375,14.0625
2026-04-07 23:00:00+00:00,76,2,0.0,10.8,0.0,46.3125,14.1875
2026-04-07 23:00:00+00:00,106,2,0.0,11.7,0.0,46.25,14.375
2026-04-07 23:00:00+00:00,122,2,0.0,9.9,0.0,46.0,14.4375
2026-04-07 23:00:00+00:00,127,2,0.0,9.9,0.0,46.125,14.5
2026-04-07 23:00:00+00:00,129,2,0.0,9.3,0.0,46.0,14.5
2026-04-07 23:00:00+00:00,177,2,0.0,9.8,0.0,45.625,14.8125
2026-04-07 23:00:00+00:00,194,2,0.0,9.6,0.0,46.5,15.0625
2026-04-07 23:00:00+00:00,236,2,0.0,13.2,0.0,45.8125,15.1875
2026-04-07 23:00:00+00:00,325,2,0.0,10.4,0.0,46.5625,15.625
2026-04-07 23:00:00+00:00,391,2,0.0,9.3,0.0,46.6875,16.0625
2026-04-07 23:00:00+00:00,422,2,0.0,11.8,0.0,46.25,15.25
2026-04-07 23:00:00+00:00,425,2,0.0,12.5,0.0,45.9375,15.5
2026-04-07 23:00:00+00:00,426,2,0.0,11.8,0.0,45.5625,13.75
2026-04-08 00:00:00+00:00,63,3,0.0,9.4,0.0,46.375,14.0625
2026-04-08 00:00:00+00:00,63,6,0.0,8.4,0.0,46.375,14.0625
2026-04-08 00:00:00+00:00,63,24,0.0,8.4,0.0,46.375,14.0625
2026-04-08 00:00:00+00:00,76,3,0.0,10.4,0.0,46.3125,14.1875
2026-04-08 00:00:00+00:00,76,6,0.0,10.0,0.0,46.3125,14.1875
2026-04-08 00:00:00+00:00,76,24,0.0,10.1,0.0,46.3125,14.1875
2026-04-08 00:00:00+00:00,106,3,0.0,9.5,0.0,46.25,14.375
2026-04-08 00:00:00+00:00,106,6,0.0,9.5,0.0,46.25,14.375
2026-04-08 00:00:00+00:00,106,24,0.0,9.2,0.0,46.25,14.375
2026-04-08 00:00:00+00:00,122,3,0.0,10.4,0.0,46.0,14.4375
2026-04-08 00:00:00+00:00,122,6,0.0,10.2,0.0,46.0,14.4375
2026-04-08 00:00:00+00:00,122,24,0.0,10.2,0.0,46.0,14.4375
2026-04-08 00:00:00+00:00,127,3,0.0,10.2,0.0,46.125,14.5
2026-04-08 00:00:00+00:00,127,6,0.0,10.4,0.0,46.125,14.5
2026-04-08 00:00:00+00:00,127,24,0.0,9.8,0.0,46.125,14.5
2026-04-08 00:00:00+00:00,129,3,0.0,11.1,0.0,46.0,14.5
2026-04-08 00:00:00+00:00,129,6,0.0,11.0,0.0,46.0,14.5
2026-04-08 00:00:00+00:00,129,24,0.0,11.0,0.0,46.0,14.5
2026-04-08 00:00:00+00:00,177,3,0.0,7.9,0.0,45.625,14.8125
2026-04-08 00:00:00+00:00,177,6,0.0,8.2,0.0,45.625,14.8125
2026-04-08 00:00:00+00:00,177,24,0.0,8.1,0.0,45.625,14.8125
2026-04-08 00:00:00+00:00,194,3,0.0,8.3,0.0,46.5,15.0625
2026-04-08 00:00:00+00:00,194,6,0.0,8.8,0.0,46.5,15.0625
2026-04-08 00:00:00+00:00,194,24,0.0,8.4,0.0,46.5,15.0625
2026-04-08 00:00:00+00:00,236,3,0.0,11.7,0.0,45.8125,15.1875
2026-04-08 00:00:00+00:00,236,6,0.0,11.7,0.0,45.8125,15.1875
2026-04-08 00:00:00+00:00,236,24,0.0,10.9,0.0,45.8125,15.1875
2026-04-08 00:00:00+00:00,325,3,0.0,9.1,0.0,46.5625,15.625
2026-04-08 00:00:00+00:00,325,6,0.0,9.0,0.0,46.5625,15.625
2026-04-08 00:00:00+00:00,325,24,0.0,8.6,0.0,46.5625,15.625
2026-04-08 00:00:00+00:00,391,3,0.0,8.7,0.0,46.6875,16.0625
2026-04-08 00:00:00+00:00,391,6,0.0,8.3,0.0,46.6875,16.0625
2026-04-08 00:00:00+00:00,391,24,0.0,8.1,0.0,46.6875,16.0625
2026-04-08 00:00:00+00:00,422,3,0.0,10.6,0.0,46.25,15.25
2026-04-08 00:00:00+00:00,422,6,0.0,10.5,0.0,46.25,15.25
2026-04-08 00:00:00+00:00,422,24,0.0,10.0,0.0,46.25,15.25
2026-04-08 00:00:00+00:00,425,3,0.0,11.1,0.0,45.9375,15.5
2026-04-08 00:00:00+00:00,425,6,0.0,11.1,0.0,45.9375,15.5
2026-04-08 00:00:00+00:00,425,24,0.0,10.4,0.0,45.9375,15.5
2026-04-08 00:00:00+00:00,426,3,0.0,11.9,0.0,45.5625,13.75
2026-04-08 00:00:00+00:00,426,6,0.0,12.1,0.0,45.5625,13.75
2026-04-08 00:00:00+00:00,426,24,0.0,11.5,0.0,45.5625,13.75
2026-04-08 03:00:00+00:00,63,6,0.0,6.0,0.0,46.375,14.0625
2026-04-08 03:00:00+00:00,63,24,0.0,5.7,0.0,46.375,14.0625
2026-04-08 03:00:00+00:00,76,6,0.0,6.8,0.0,46.3125,14.1875
2026-04-08 03:00:00+00:00,76,24,0.0,6.2,0.0,46.3125,14.1875
2026-04-08 03:00:00+00:00,106,6,0.0,6.8,0.0,46.25,14.375
2026-04-08 03:00:00+00:00,106,24,0.0,6.6,0.0,46.25,14.375
2026-04-08 03:00:00+00:00,122,6,0.0,8.0,0.0,46.0,14.4375
2026-04-08 03:00:00+00:00,122,24,0.0,8.1,0.0,46.0,14.4375
2026-04-08 03:00:00+00:00,127,6,0.0,7.4,0.0,46.125,14.5
2026-04-08 03:00:00+00:00,127,24,0.0,7.5,0.0,46.125,14.5
2026-04-08 03:00:00+00:00,129,6,0.0,8.1,0.0,46.0,14.5
2026-04-08 03:00:00+00:00,129,24,0.0,8.2,0.0,46.0,14.5
2026-04-08 03:00:00+00:00,177,6,0.0,4.9,0.0,45.625,14.8125
2026-04-08 03:00:00+00:00,177,24,0.0,4.5,0.0,45.625,14.8125
2026-04-08 03:00:00+00:00,194,6,0.0,5.5,0.0,46.5,15.0625
2026-04-08 03:00:00+00:00,194,24,0.0,4.8,0.0,46.5,15.0625
2026-04-08 03:00:00+00:00,236,6,0.0,7.9,0.0,45.8125,15.1875
2026-04-08 03:00:00+00:00,236,24,0.0,7.3,0.0,45.8125,15.1875
2026-04-08 03:00:00+00:00,325,6,0.0,6.2,0.0,46.5625,15.625
2026-04-08 03:00:00+00:00,325,24,0.0,5.8,0.0,46.5625,15.625
2026-04-08 03:00:00+00:00,391,6,0.0,5.7,0.0,46.6875,16.0625
2026-04-08 03:00:00+00:00,391,24,0.0,4.4,0.0,46.6875,16.0625
2026-04-08 03:00:00+00:00,422,6,0.0,7.5,0.0,46.25,15.25
2026-04-08 03:00:00+00:00,422,24,0.0,6.8,0.0,46.25,15.25
2026-04-08 03:00:00+00:00,425,6,0.0,7.2,0.0,45.9375,15.5
2026-04-08 03:00:00+00:00,425,24,0.0,6.3,0.0,45.9375,15.5
2026-04-08 03:00:00+00:00,426,6,0.0,13.1,0.0,45.5625,13.75
2026-04-08 03:00:00+00:00,426,24,0.0,13.1,0.0,45.5625,13.75
2026-04-08 06:00:00+00:00,63,24,107.0,4.8,0.0,46.375,14.0625
2026-04-08 06:00:00+00:00,76,24,107.0,5.6,0.0,46.3125,14.1875
2026-04-08 06:00:00+00:00,106,24,113.0,6.0,0.0,46.25,14.375
2026-04-08 06:00:00+00:00,122,24,110.0,7.5,0.0,46.0,14.4375
2026-04-08 06:00:00+00:00,127,24,112.0,6.5,0.0,46.125,14.5
2026-04-08 06:00:00+00:00,129,24,111.0,7.6,0.0,46.0,14.5
2026-04-08 06:00:00+00:00,177,24,115.0,4.3,0.0,45.625,14.8125
2026-04-08 06:00:00+00:00,194,24,116.0,6.0,0.0,46.5,15.0625
2026-04-08 06:00:00+00:00,236,24,119.0,6.7,0.0,45.8125,15.1875
2026-04-08 06:00:00+00:00,325,24,122.0,6.6,0.0,46.5625,15.625
2026-04-08 06:00:00+00:00,391,24,130.0,5.6,0.0,46.6875,16.0625
2026-04-08 06:00:00+00:00,422,24,115.0,7.1,0.0,46.25,15.25
2026-04-08 06:00:00+00:00,425,24,116.0,6.7,0.0,45.9375,15.5
2026-04-08 06:00:00+00:00,426,24,101.0,13.1,0.0,45.5625,13.75
2026-04-08 09:00:00+00:00,63,24,609.0,9.2,0.0,46.375,14.0625
2026-04-08 09:00:00+00:00,76,24,610.0,9.3,0.0,46.3125,14.1875
2026-04-08 09:00:00+00:00,106,24,616.0,10.4,0.0,46.25,14.375
2026-04-08 09:00:00+00:00,122,24,615.0,11.4,0.0,46.0,14.4375
2026-04-08 09:00:00+00:00,127,24,616.0,11.0,0.0,46.125,14.5
2026-04-08 09:00:00+00:00,129,24,615.0,11.6,0.0,46.0,14.5
2026-04-08 09:00:00+00:00,177,24,631.0,8.2,0.0,45.625,14.8125
2026-04-08 09:00:00+00:00,194,24,620.0,10.6,0.0,46.5,15.0625
2026-04-08 09:00:00+00:00,236,24,626.0,11.9,0.0,45.8125,15.1875
2026-04-08 09:00:00+00:00,325,24,624.0,10.4,0.0,46.5625,15.625
2026-04-08 09:00:00+00:00,391,24,638.0,11.5,0.0,46.6875,16.0625
2026-04-08 09:00:00+00:00,422,24,623.0,11.3,0.0,46.25,15.25
2026-04-08 09:00:00+00:00,425,24,623.0,11.5,0.0,45.9375,15.5
2026-04-08 09:00:00+00:00,426,24,551.0,16.6,0.0,45.5625,13.75
2026-04-08 12:00:00+00:00,63,24,796.0,13.3,0.0,46.375,14.0625
2026-04-08 12:00:00+00:00,76,24,792.0,13.2,0.0,46.3125,14.1875
2026-04-08 12:00:00+00:00,106,24,794.0,14.0,0.0,46.25,14.375
2026-04-08 12:00:00+00:00,122,24,791.0,14.9,0.0,46.0,14.4375
2026-04-08 12:00:00+00:00,127,24,790.0,14.5,0.0,46.125,14.5
2026-04-08 12:00:00+00:00,129,24,791.0,15.1,0.0,46.0,14.5
2026-04-08 12:00:00+00:00,177,24,808.0,11.3,0.0,45.625,14.8125
2026-04-08 12:00:00+00:00,194,24,797.0,14.4,0.0,46.5,15.0625
2026-04-08 12:00:00+00:00,236,24,802.0,15.3,0.0,45.8125,15.1875
2026-04-08 12:00:00+00:00,325,24,794.0,14.2,0.0,46.5625,15.625
2026-04-08 12:00:00+00:00,391,24,800.0,14.3,0.0,46.6875,16.0625
2026-04-08 12:00:00+00:00,422,24,796.0,15.0,0.0,46.25,15.25
2026-04-08 12:00:00+00:00,425,24,797.0,14.9,0.0,45.9375,15.5
2026-04-08 12:00:00+00:00,426,24,663.0,20.0,0.0,45.5625,13.75
2026-04-08 15:00:00+00:00,63,24,493.0,14.4,0.0,46.375,14.0625
2026-04-08 15:00:00+00:00,76,24,488.0,14.1,0.0,46.3125,14.1875
2026-04-08 15:00:00+00:00,106,24,491.0,15.2,0.0,46.25,14.375
2026-04-08 15:00:00+00:00,122,24,488.0,16.2,0.0,46.0,14.4375
2026-04-08 15:00:00+00:00,127,24,488.0,15.5,0.0,46.125,14.5
2026-04-08 15:00:00+00:00,129,24,486.0,16.4,0.0,46.0,14.5
2026-04-08 15:00:00+00:00,177,24,496.0,11.9,0.0,45.625,14.8125
2026-04-08 15:00:00+00:00,194,24,484.0,15.2,0.0,46.5,15.0625
2026-04-08 15:00:00+00:00,236,24,487.0,16.0,0.0,45.8125,15.1875
2026-04-08 15:00:00+00:00,325,24,476.0,14.8,0.0,46.5625,15.625
2026-04-08 15:00:00+00:00,391,24,475.0,15.1,0.0,46.6875,16.0625
2026-04-08 15:00:00+00:00,422,24,484.0,15.8,0.0,46.25,15.25
2026-04-08 15:00:00+00:00,425,24,481.0,15.6,0.0,45.9375,15.5
2026-04-08 15:00:00+00:00,426,24,478.0,19.4,0.0,45.5625,13.75
2026-04-08 18:00:00+00:00,63,24,15.0,9.6,0.0,46.375,14.0625
2026-04-08 18:00:00+00:00,76,24,14.0,9.6,0.0,46.3125,14.1875
2026-04-08 18:00:00+00:00,106,24,14.0,10.8,0.0,46.25,14.375
2026-04-08 18:00:00+00:00,122,24,13.0,11.8,0.0,46.0,14.4375
2026-04-08 18:00:00+00:00,127,24,13.0,11.5,0.0,46.125,14.5
2026-04-08 18:00:00+00:00,129,24,13.0,11.8,0.0,46.0,14.5
2026-04-08 18:00:00+00:00,177,24,12.0,7.1,0.0,45.625,14.8125
2026-04-08 18:00:00+00:00,194,24,11.0,10.1,0.0,46.5,15.0625
2026-04-08 18:00:00+00:00,236,24,11.0,11.0,0.0,45.8125,15.1875
2026-04-08 18:00:00+00:00,325,24,9.0,10.8,0.0,46.5625,15.625
2026-04-08 18:00:00+00:00,391,24,8.0,9.7,0.0,46.6875,16.0625
2026-04-08 18:00:00+00:00,422,24,11.0,11.3,0.0,46.25,15.25
2026-04-08 18:00:00+00:00,425,24,10.0,11.0,0.0,45.9375,15.5
2026-04-08 18:00:00+00:00,426,24,16.0,14.9,0.0,45.5625,13.75
2026-04-08 21:00:00+00:00,63,24,0.0,5.5,0.0,46.375,14.0625
2026-04-08 21:00:00+00:00,76,24,0.0,7.3,0.0,46.3125,14.1875
2026-04-08 21:00:00+00:00,106,24,0.0,7.8,0.0,46.25,14.375
2026-04-08 21:00:00+00:00,122,24,0.0,7.5,0.0,46.0,14.4375
2026-04-08 21:00:00+00:00,127,24,0.0,7.0,0.0,46.125,14.5
2026-04-08 21:00:00+00:00,129,24,0.0,6.9,0.0,46.0,14.5
2026-04-08 21:00:00+00:00,177,24,0.0,5.0,0.0,45.625,14.8125
2026-04-08 21:00:00+00:00,194,24,0.0,5.9,0.0,46.5,15.0625
2026-04-08 21:00:00+00:00,236,24,0.0,5.9,0.0,45.8125,15.1875
2026-04-08 21:00:00+00:00,325,24,0.0,7.1,0.0,46.5625,15.625
2026-04-08 21:00:00+00:00,391,24,0.0,7.0,0.0,46.6875,16.0625
2026-04-08 21:00:00+00:00,422,24,0.0,7.2,0.0,46.25,15.25
2026-04-08 21:00:00+00:00,425,24,0.0,6.8,0.0,45.9375,15.5
2026-04-08 21:00:00+00:00,426,24,0.0,10.9,0.0,45.5625,13.75
2026-04-08 01:00:00+00:00,63,1,0.0,8.6,0.0,46.375,14.0625
2026-04-08 01:00:00+00:00,76,1,0.0,9.4,0.0,46.3125,14.1875
2026-04-08 01:00:00+00:00,106,1,0.0,9.0,0.0,46.25,14.375
2026-04-08 01:00:00+00:00,122,1,0.0,10.2,0.0,46.0,14.4375
2026-04-08 01:00:00+00:00,127,1,0.0,9.7,0.0,46.125,14.5
2026-04-08 01:00:00+00:00,129,1,0.0,10.3,0.0,46.0,14.5
2026-04-08 01:00:00+00:00,177,1,0.0,7.5,0.0,45.625,14.8125
2026-04-08 01:00:00+00:00,194,1,0.0,7.4,0.0,46.5,15.0625
2026-04-08 01:00:00+00:00,236,1,0.0,10.5,0.0,45.8125,15.1875
2026-04-08 01:00:00+00:00,325,1,0.0,8.0,0.0,46.5625,15.625
2026-04-08 01:00:00+00:00,391,1,0.0,7.6,0.0,46.6875,16.0625
2026-04-08 01:00:00+00:00,422,1,0.0,9.8,0.0,46.25,15.25
2026-04-08 01:00:00+00:00,425,1,0.0,9.9,0.0,45.9375,15.5
2026-04-08 01:00:00+00:00,426,1,0.0,11.1,0.0,45.5625,13.75
2026-04-08 02:00:00+00:00,63,2,0.0,7.6,0.0,46.375,14.0625
2026-04-08 02:00:00+00:00,76,2,0.0,8.4,0.0,46.3125,14.1875
2026-04-08 02:00:00+00:00,106,2,0.0,8.1,0.0,46.25,14.375
2026-04-08 02:00:00+00:00,122,2,0.0,9.4,0.0,46.0,14.4375
2026-04-08 02:00:00+00:00,127,2,0.0,8.9,0.0,46.125,14.5
2026-04-08 02:00:00+00:00,129,2,0.0,9.5,0.0,46.0,14.5
2026-04-08 02:00:00+00:00,177,2,0.0,6.6,0.0,45.625,14.8125
2026-04-08 02:00:00+00:00,194,2,0.0,6.8,0.0,46.5,15.0625
2026-04-08 02:00:00+00:00,236,2,0.0,9.4,0.0,45.8125,15.1875
2026-04-08 02:00:00+00:00,325,2,0.0,7.1,0.0,46.5625,15.625
2026-04-08 02:00:00+00:00,391,2,0.0,6.7,0.0,46.6875,16.0625
2026-04-08 02:00:00+00:00,422,2,0.0,8.6,0.0,46.25,15.25
2026-04-08 02:00:00+00:00,425,2,0.0,8.7,0.0,45.9375,15.5
2026-04-08 02:00:00+00:00,426,2,0.0,11.2,0.0,45.5625,13.75
2026-04-08 03:00:00+00:00,63,3,0.0,6.3,0.0,46.375,14.0625
2026-04-08 03:00:00+00:00,76,3,0.0,7.2,0.0,46.3125,14.1875
2026-04-08 03:00:00+00:00,106,3,0.0,7.2,0.0,46.25,14.375
2026-04-08 03:00:00+00:00,122,3,0.0,8.5,0.0,46.0,14.4375
2026-04-08 03:00:00+00:00,127,3,0.0,8.2,0.0,46.125,14.5
2026-04-08 03:00:00+00:00,129,3,0.0,8.5,0.0,46.0,14.5
2026-04-08 03:00:00+00:00,177,3,0.0,5.4,0.0,45.625,14.8125
2026-04-08 03:00:00+00:00,194,3,0.0,5.7,0.0,46.5,15.0625
2026-04-08 03:00:00+00:00,236,3,0.0,8.4,0.0,45.8125,15.1875
2026-04-08 03:00:00+00:00,325,3,0.0,6.5,0.0,46.5625,15.625
2026-04-08 03:00:00+00:00,391,3,0.0,6.2,0.0,46.6875,16.0625
2026-04-08 03:00:00+00:00,422,3,0.0,7.7,0.0,46.25,15.25
2026-04-08 03:00:00+00:00,425,3,0.0,7.5,0.0,45.9375,15.5
2026-04-08 03:00:00+00:00,426,3,0.0,12.8,0.0,45.5625,13.75
2026-04-08 04:00:00+00:00,63,1,0.0,5.8,0.0,46.375,14.0625
2026-04-08 04:00:00+00:00,76,1,0.0,6.0,0.0,46.3125,14.1875
2026-04-08 04:00:00+00:00,106,1,0.0,6.0,0.0,46.25,14.375
2026-04-08 04:00:00+00:00,122,1,0.0,7.4,0.0,46.0,14.4375
2026-04-08 04:00:00+00:00,127,1,0.0,7.3,0.0,46.125,14.5
2026-04-08 04:00:00+00:00,129,1,0.0,7.3,0.0,46.0,14.5
2026-04-08 04:00:00+00:00,177,1,0.0,4.3,0.0,45.625,14.8125
2026-04-08 04:00:00+00:00,194,1,0.0,4.4,0.0,46.5,15.0625
2026-04-08 04:00:00+00:00,236,1,0.0,7.1,0.0,45.8125,15.1875
2026-04-08 04:00:00+00:00,325,1,0.0,5.5,0.0,46.5625,15.625
2026-04-08 04:00:00+00:00,391,1,0.0,5.7,0.0,46.6875,16.0625
2026-04-08 04:00:00+00:00,422,1,0.0,6.9,0.0,46.25,15.25
2026-04-08 04:00:00+00:00,425,1,0.0,6.6,0.0,45.9375,15.5
2026-04-08 04:00:00+00:00,426,1,0.0,13.0,0.0,45.5625,13.75
2026-04-08 05:00:00+00:00,63,2,7.0,4.6,0.0,46.375,14.0625
2026-04-08 05:00:00+00:00,76,2,7.0,5.0,0.0,46.3125,14.1875
2026-04-08 05:00:00+00:00,106,2,8.0,5.3,0.0,46.25,14.375
2026-04-08 05:00:00+00:00,122,2,7.0,6.7,0.0,46.0,14.4375
2026-04-08 05:00:00+00:00,127,2,7.0,6.3,0.0,46.125,14.5
2026-04-08 05:00:00+00:00,129,2,7.0,6.7,0.0,46.0,14.5
2026-04-08 05:00:00+00:00,177,2,9.0,3.2,0.0,45.625,14.8125
2026-04-08 05:00:00+00:00,194,2,10.0,3.9,0.0,46.5,15.0625
2026-04-08 05:00:00+00:00,236,2,10.0,6.0,0.0,45.8125,15.1875
2026-04-08 05:00:00+00:00,325,2,12.0,4.5,0.0,46.5625,15.625
2026-04-08 05:00:00+00:00,391,2,13.0,5.3,0.0,46.6875,16.0625
2026-04-08 05:00:00+00:00,422,2,9.0,6.4,0.0,46.25,15.25
2026-04-08 05:00:00+00:00,425,2,9.0,6.0,0.0,45.9375,15.5
2026-04-08 05:00:00+00:00,426,2,6.0,12.5,0.0,45.5625,13.75
2026-04-08 06:00:00+00:00,63,3,107.0,5.5,0.0,46.375,14.0625
2026-04-08 06:00:00+00:00,63,6,106.0,5.5,0.0,46.375,14.0625
2026-04-08 06:00:00+00:00,76,3,107.0,6.0,0.0,46.3125,14.1875
2026-04-08 06:00:00+00:00,76,6,107.0,6.2,0.0,46.3125,14.1875
2026-04-08 06:00:00+00:00,106,3,111.0,6.4,0.0,46.25,14.375
2026-04-08 06:00:00+00:00,106,6,111.0,6.5,0.0,46.25,14.375
2026-04-08 06:00:00+00:00,122,3,110.0,7.7,0.0,46.0,14.4375
2026-04-08 06:00:00+00:00,122,6,110.0,7.7,0.0,46.0,14.4375
2026-04-08 06:00:00+00:00,127,3,110.0,7.2,0.0,46.125,14.5
2026-04-08 06:00:00+00:00,127,6,110.0,7.1,0.0,46.125,14.5
2026-04-08 06:00:00+00:00,129,3,110.0,7.8,0.0,46.0,14.5
2026-04-08 06:00:00+00:00,129,6,110.0,7.9,0.0,46.0,14.5
2026-04-08 06:00:00+00:00,177,3,118.0,4.5,0.0,45.625,14.8125
2026-04-08 06:00:00+00:00,177,6,117.0,4.6,0.0,45.625,14.8125
2026-04-08 06:00:00+00:00,194,3,114.0,6.3,0.0,46.5,15.0625
2026-04-08 06:00:00+00:00,194,6,113.0,6.4,0.0,46.5,15.0625
2026-04-08 06:00:00+00:00,236,3,113.0,7.7,0.0,45.8125,15.1875
2026-04-08 06:00:00+00:00,236,6,112.0,7.8,0.0,45.8125,15.1875
2026-04-08 06:00:00+00:00,325,3,122.0,6.4,0.0,46.5625,15.625
2026-04-08 06:00:00+00:00,325,6,122.0,6.7,0.0,46.5625,15.625
2026-04-08 06:00:00+00:00,391,3,130.0,6.5,0.0,46.6875,16.0625
2026-04-08 06:00:00+00:00,391,6,130.0,6.3,0.0,46.6875,16.0625
2026-04-08 06:00:00+00:00,422,3,112.0,7.7,0.0,46.25,15.25
2026-04-08 06:00:00+00:00,422,6,107.0,7.9,0.0,46.25,15.25
2026-04-08 06:00:00+00:00,425,3,100.0,7.6,0.0,45.9375,15.5
2026-04-08 06:00:00+00:00,425,6,104.0,7.7,0.0,45.9375,15.5
2026-04-08 06:00:00+00:00,426,3,101.0,13.6,0.0,45.5625,13.75
2026-04-08 06:00:00+00:00,426,6,101.0,13.6,0.0,45.5625,13.75
2026-04-08 07:00:00+00:00,63,1,279.0,7.0,0.0,46.375,14.0625
2026-04-08 07:00:00+00:00,76,1,280.0,7.3,0.0,46.3125,14.1875
2026-04-08 07:00:00+00:00,106,1,287.0,8.4,0.0,46.25,14.375
2026-04-08 07:00:00+00:00,122,1,285.0,9.4,0.0,46.0,14.4375
2026-04-08 07:00:00+00:00,127,1,285.0,9.0,0.0,46.125,14.5
2026-04-08 07:00:00+00:00,129,1,284.0,9.5,0.0,46.0,14.5
2026-04-08 07:00:00+00:00,177,1,297.0,6.2,0.0,45.625,14.8125
2026-04-08 07:00:00+00:00,194,1,290.0,8.4,0.0,46.5,15.0625
2026-04-08 07:00:00+00:00,236,1,270.0,9.9,0.0,45.8125,15.1875
2026-04-08 07:00:00+00:00,325,1,298.0,8.6,0.0,46.5625,15.625
2026-04-08 07:00:00+00:00,391,1,307.0,8.8,0.0,46.6875,16.0625
2026-04-08 07:00:00+00:00,422,1,286.0,9.7,0.0,46.25,15.25
2026-04-08 07:00:00+00:00,425,1,261.0,10.0,0.0,45.9375,15.5
2026-04-08 07:00:00+00:00,426,1,271.0,14.7,0.0,45.5625,13.75
2026-04-08 08:00:00+00:00,63,2,457.0,8.4,0.0,46.375,14.0625
2026-04-08 08:00:00+00:00,76,2,457.0,8.5,0.0,46.3125,14.1875
2026-04-08 08:00:00+00:00,106,2,464.0,9.8,0.0,46.25,14.375
2026-04-08 08:00:00+00:00,122,2,463.0,10.6,0.0,46.0,14.4375
2026-04-08 08:00:00+00:00,127,2,463.0,10.4,0.0,46.125,14.5
2026-04-08 08:00:00+00:00,129,2,463.0,10.9,0.0,46.0,14.5
2026-04-08 08:00:00+00:00,177,2,477.0,7.5,0.0,45.625,14.8125
2026-04-08 08:00:00+00:00,194,2,468.0,9.8,0.0,46.5,15.0625
2026-04-08 08:00:00+00:00,236,2,448.0,11.2,0.0,45.8125,15.1875
2026-04-08 08:00:00+00:00,325,2,474.0,9.7,0.0,46.5625,15.625
2026-04-08 08:00:00+00:00,391,2,485.0,10.4,0.0,46.6875,16.0625
2026-04-08 08:00:00+00:00,422,2,472.0,11.0,0.0,46.25,15.25
2026-04-08 08:00:00+00:00,425,2,452.0,11.0,0.0,45.9375,15.5
2026-04-08 08:00:00+00:00,426,2,448.0,15.8,0.0,45.5625,13.75
2026-04-08 09:00:00+00:00,63,3,611.0,9.9,0.0,46.375,14.0625
2026-04-08 09:00:00+00:00,63,6,610.0,9.7,0.0,46.375,14.0625
2026-04-08 09:00:00+00:00,76,3,611.0,9.9,0.0,46.3125,14.1875
2026-04-08 09:00:00+00:00,76,6,610.0,9.6,0.0,46.3125,14.1875
2026-04-08 09:00:00+00:00,106,3,617.0,11.2,0.0,46.25,14.375
2026-04-08 09:00:00+00:00,106,6,617.0,10.9,0.0,46.25,14.375
2026-04-08 09:00:00+00:00,122,3,617.0,12.0,0.0,46.0,14.4375
2026-04-08 09:00:00+00:00,122,6,617.0,11.7,0.0,46.0,14.4375
2026-04-08 09:00:00+00:00,127,3,617.0,11.7,0.0,46.125,14.5
2026-04-08 09:00:00+00:00,127,6,616.0,11.4,0.0,46.125,14.5
2026-04-08 09:00:00+00:00,129,3,616.0,12.2,0.0,46.0,14.5
2026-04-08 09:00:00+00:00,129,6,616.0,11.9,0.0,46.0,14.5
2026-04-08 09:00:00+00:00,177,3,632.0,8.8,0.0,45.625,14.8125
2026-04-08 09:00:00+00:00,177,6,631.0,8.5,0.0,45.625,14.8125
2026-04-08 09:00:00+00:00,194,3,621.0,11.3,0.0,46.5,15.0625
2026-04-08 09:00:00+00:00,194,6,621.0,11.0,0.0,46.5,15.0625
2026-04-08 09:00:00+00:00,236,3,619.0,12.5,0.0,45.8125,15.1875
2026-04-08 09:00:00+00:00,236,6,619.0,12.1,0.0,45.8125,15.1875
2026-04-08 09:00:00+00:00,325,3,625.0,11.0,0.0,46.5625,15.625
2026-04-08 09:00:00+00:00,325,6,624.0,10.6,0.0,46.5625,15.625
2026-04-08 09:00:00+00:00,391,3,638.0,11.9,0.0,46.6875,16.0625
2026-04-08 09:00:00+00:00,391,6,637.0,11.5,0.0,46.6875,16.0625
2026-04-08 09:00:00+00:00,422,3,626.0,12.1,0.0,46.25,15.25
2026-04-08 09:00:00+00:00,422,6,626.0,11.7,0.0,46.25,15.25
2026-04-08 09:00:00+00:00,425,3,621.0,12.3,0.0,45.9375,15.5
2026-04-08 09:00:00+00:00,425,6,622.0,11.9,0.0,45.9375,15.5
2026-04-08 09:00:00+00:00,426,3,599.0,17.3,0.0,45.5625,13.75
2026-04-08 09:00:00+00:00,426,6,598.0,16.9,0.0,45.5625,13.75
2026-04-08 10:00:00+00:00,63,1,726.0,11.4,0.0,46.375,14.0625
2026-04-08 10:00:00+00:00,76,1,726.0,11.4,0.0,46.3125,14.1875
2026-04-08 10:00:00+00:00,106,1,731.0,12.5,0.0,46.25,14.375
2026-04-08 10:00:00+00:00,122,1,730.0,13.2,0.0,46.0,14.4375
2026-04-08 10:00:00+00:00,127,1,730.0,13.0,0.0,46.125,14.5
2026-04-08 10:00:00+00:00,129,1,728.0,13.4,0.0,46.0,14.5
2026-04-08 10:00:00+00:00,177,1,744.0,9.9,0.0,45.625,14.8125
2026-04-08 10:00:00+00:00,194,1,734.0,12.7,0.0,46.5,15.0625
2026-04-08 10:00:00+00:00,236,1,739.0,13.7,0.0,45.8125,15.1875
2026-04-08 10:00:00+00:00,325,1,735.0,12.2,0.0,46.5625,15.625
2026-04-08 10:00:00+00:00,391,1,747.0,13.0,0.0,46.6875,16.0625
2026-04-08 10:00:00+00:00,422,1,736.0,13.4,0.0,46.25,15.25
2026-04-08 10:00:00+00:00,425,1,737.0,13.4,0.0,45.9375,15.5
2026-04-08 10:00:00+00:00,426,1,705.0,18.6,0.0,45.5625,13.75
2026-04-08 11:00:00+00:00,63,2,790.0,12.6,0.0,46.375,14.0625
2026-04-08 11:00:00+00:00,76,2,787.0,12.6,0.0,46.3125,14.1875
2026-04-08 11:00:00+00:00,106,2,792.0,13.6,0.0,46.25,14.375
2026-04-08 11:00:00+00:00,122,2,789.0,14.4,0.0,46.0,14.4375
2026-04-08 11:00:00+00:00,127,2,790.0,14.1,0.0,46.125,14.5
2026-04-08 11:00:00+00:00,129,2,788.0,14.6,0.0,46.0,14.5
2026-04-08 11:00:00+00:00,177,2,804.0,10.9,0.0,45.625,14.8125
2026-04-08 11:00:00+00:00,194,2,794.0,13.8,0.0,46.5,15.0625
2026-04-08 11:00:00+00:00,236,2,800.0,14.8,0.0,45.8125,15.1875
2026-04-08 11:00:00+00:00,325,2,793.0,13.4,0.0,46.5625,15.625
2026-04-08 11:00:00+00:00,391,2,805.0,13.9,0.0,46.6875,16.0625
2026-04-08 11:00:00+00:00,422,2,796.0,14.5,0.0,46.25,15.25
2026-04-08 11:00:00+00:00,425,2,797.0,14.4,0.0,45.9375,15.5
2026-04-08 11:00:00+00:00,426,2,734.0,19.7,0.0,45.5625,13.75
2026-04-08 12:00:00+00:00,63,3,796.0,13.8,0.0,46.375,14.0625
2026-04-08 12:00:00+00:00,63,6,796.0,14.0,0.0,46.375,14.0625
2026-04-08 12:00:00+00:00,76,3,793.0,13.7,0.0,46.3125,14.1875
2026-04-08 12:00:00+00:00,76,6,793.0,13.9,0.0,46.3125,14.1875
2026-04-08 12:00:00+00:00,106,3,796.0,14.7,0.0,46.25,14.375
2026-04-08 12:00:00+00:00,106,6,797.0,14.9,0.0,46.25,14.375
2026-04-08 12:00:00+00:00,122,3,793.0,15.5,0.0,46.0,14.4375
2026-04-08 12:00:00+00:00,122,6,792.0,15.6,0.0,46.0,14.4375
2026-04-08 12:00:00+00:00,127,3,793.0,15.1,0.0,46.125,14.5
2026-04-08 12:00:00+00:00,127,6,793.0,15.3,0.0,46.125,14.5
2026-04-08 12:00:00+00:00,129,3,792.0,15.7,0.0,46.0,14.5
2026-04-08 12:00:00+00:00,129,6,792.0,15.9,0.0,46.0,14.5
2026-04-08 12:00:00+00:00,177,3,809.0,11.8,0.0,45.625,14.8125
2026-04-08 12:00:00+00:00,177,6,808.0,12.1,0.0,45.625,14.8125
2026-04-08 12:00:00+00:00,194,3,794.0,14.7,0.0,46.5,15.0625
2026-04-08 12:00:00+00:00,194,6,798.0,15.0,0.0,46.5,15.0625
2026-04-08 12:00:00+00:00,236,3,803.0,15.7,0.0,45.8125,15.1875
2026-04-08 12:00:00+00:00,236,6,802.0,16.0,0.0,45.8125,15.1875
2026-04-08 12:00:00+00:00,325,3,793.0,14.4,0.0,46.5625,15.625
2026-04-08 12:00:00+00:00,325,6,793.0,14.7,0.0,46.5625,15.625
2026-04-08 12:00:00+00:00,391,3,801.0,14.7,0.0,46.6875,16.0625
2026-04-08 12:00:00+00:00,391,6,803.0,15.0,0.0,46.6875,16.0625
2026-04-08 12:00:00+00:00,422,3,798.0,15.5,0.0,46.25,15.25
2026-04-08 12:00:00+00:00,422,6,797.0,15.6,0.0,46.25,15.25
2026-04-08 12:00:00+00:00,425,3,798.0,15.3,0.0,45.9375,15.5
2026-04-08 12:00:00+00:00,425,6,798.0,15.6,0.0,45.9375,15.5
2026-04-08 12:00:00+00:00,426,3,740.0,20.8,0.0,45.5625,13.75
2026-04-08 12:00:00+00:00,426,6,722.0,20.9,0.0,45.5625,13.75
2026-04-08 13:00:00+00:00,63,1,744.0,14.8,0.0,46.375,14.0625
2026-04-08 13:00:00+00:00,76,1,741.0,14.6,0.0,46.3125,14.1875
2026-04-08 13:00:00+00:00,106,1,745.0,15.5,0.0,46.25,14.375
2026-04-08 13:00:00+00:00,122,1,740.0,16.4,0.0,46.0,14.4375
2026-04-08 13:00:00+00:00,127,1,741.0,15.9,0.0,46.125,14.5
2026-04-08 13:00:00+00:00,129,1,739.0,16.6,0.0,46.0,14.5
2026-04-08 13:00:00+00:00,177,1,754.0,12.5,0.0,45.625,14.8125
2026-04-08 13:00:00+00:00,194,1,741.0,15.5,0.0,46.5,15.0625
2026-04-08 13:00:00+00:00,236,1,746.0,16.8,0.0,45.8125,15.1875
2026-04-08 13:00:00+00:00,325,1,735.0,15.1,0.0,46.5625,15.625
2026-04-08 13:00:00+00:00,391,1,740.0,15.1,0.0,46.6875,16.0625
2026-04-08 13:00:00+00:00,422,1,743.0,16.2,0.0,46.25,15.25
2026-04-08 13:00:00+00:00,425,1,742.0,16.1,0.0,45.9375,15.5
2026-04-08 13:00:00+00:00,426,1,709.0,21.5,0.0,45.5625,13.75
2026-04-08 14:00:00+00:00,63,2,639.0,15.1,0.0,46.375,14.0625
2026-04-08 14:00:00+00:00,76,2,636.0,14.8,0.0,46.3125,14.1875
2026-04-08 14:00:00+00:00,106,2,640.0,15.7,0.0,46.25,14.375
2026-04-08 14:00:00+00:00,122,2,635.0,16.8,0.0,46.0,14.4375
2026-04-08 14:00:00+00:00,127,2,637.0,16.2,0.0,46.125,14.5
2026-04-08 14:00:00+00:00,129,2,634.0,17.0,0.0,46.0,14.5
2026-04-08 14:00:00+00:00,177,2,646.0,12.7,0.0,45.625,14.8125
2026-04-08 14:00:00+00:00,194,2,633.0,15.7,0.0,46.5,15.0625
2026-04-08 14:00:00+00:00,236,2,638.0,16.9,0.0,45.8125,15.1875
2026-04-08 14:00:00+00:00,325,2,626.0,15.2,0.0,46.5625,15.625
2026-04-08 14:00:00+00:00,391,2,627.0,15.3,0.0,46.6875,16.0625
2026-04-08 14:00:00+00:00,422,2,632.0,16.4,0.0,46.25,15.25
2026-04-08 14:00:00+00:00,425,2,634.0,16.4,0.0,45.9375,15.5
2026-04-08 14:00:00+00:00,426,2,628.0,21.5,0.0,45.5625,13.75
2026-04-08 15:00:00+00:00,63,3,486.0,14.8,0.0,46.375,14.0625
2026-04-08 15:00:00+00:00,63,6,486.0,14.6,0.0,46.375,14.0625
2026-04-08 15:00:00+00:00,76,3,482.0,14.5,0.0,46.3125,14.1875
2026-04-08 15:00:00+00:00,76,6,482.0,14.3,0.0,46.3125,14.1875
2026-04-08 15:00:00+00:00,106,3,490.0,15.6,0.0,46.25,14.375
2026-04-08 15:00:00+00:00,106,6,492.0,15.4,0.0,46.25,14.375
2026-04-08 15:00:00+00:00,122,3,488.0,16.6,0.0,46.0,14.4375
2026-04-08 15:00:00+00:00,122,6,489.0,16.4,0.0,46.0,14.4375
2026-04-08 15:00:00+00:00,127,3,490.0,16.0,0.0,46.125,14.5
2026-04-08 15:00:00+00:00,127,6,489.0,15.8,0.0,46.125,14.5
2026-04-08 15:00:00+00:00,129,3,487.0,16.8,0.0,46.0,14.5
2026-04-08 15:00:00+00:00,129,6,488.0,16.5,0.0,46.0,14.5
2026-04-08 15:00:00+00:00,177,3,495.0,12.4,0.0,45.625,14.8125
2026-04-08 15:00:00+00:00,177,6,496.0,12.1,0.0,45.625,14.8125
2026-04-08 15:00:00+00:00,194,3,483.0,15.4,0.0,46.5,15.0625
2026-04-08 15:00:00+00:00,194,6,485.0,15.4,0.0,46.5,15.0625
2026-04-08 15:00:00+00:00,236,3,487.0,16.3,0.0,45.8125,15.1875
2026-04-08 15:00:00+00:00,236,6,487.0,16.1,0.0,45.8125,15.1875
2026-04-08 15:00:00+00:00,325,3,474.0,15.0,0.0,46.5625,15.625
2026-04-08 15:00:00+00:00,325,6,476.0,14.7,0.0,46.5625,15.625
2026-04-08 15:00:00+00:00,391,3,475.0,15.3,0.0,46.6875,16.0625
2026-04-08 15:00:00+00:00,391,6,474.0,15.1,0.0,46.6875,16.0625
2026-04-08 15:00:00+00:00,422,3,480.0,16.1,0.0,46.25,15.25
2026-04-08 15:00:00+00:00,422,6,483.0,15.9,0.0,46.25,15.25
2026-04-08 15:00:00+00:00,425,3,481.0,16.1,0.0,45.9375,15.5
2026-04-08 15:00:00+00:00,425,6,481.0,15.7,0.0,45.9375,15.5
2026-04-08 15:00:00+00:00,426,3,486.0,19.3,0.0,45.5625,13.75
2026-04-08 15:00:00+00:00,426,6,486.0,19.0,0.0,45.5625,13.75
2026-04-08 16:00:00+00:00,63,1,317.0,14.8,0.0,46.375,14.0625
2026-04-08 16:00:00+00:00,76,1,314.0,14.5,0.0,46.3125,14.1875
2026-04-08 16:00:00+00:00,106,1,314.0,15.6,0.0,46.25,14.375
2026-04-08 16:00:00+00:00,122,1,313.0,16.5,0.0,46.0,14.4375
2026-04-08 16:00:00+00:00,127,1,313.0,16.0,0.0,46.125,14.5
2026-04-08 16:00:00+00:00,129,1,311.0,16.6,0.0,46.0,14.5
2026-04-08 16:00:00+00:00,177,1,316.0,12.1,0.0,45.625,14.8125
2026-04-08 16:00:00+00:00,194,1,307.0,15.3,0.0,46.5,15.0625
2026-04-08 16:00:00+00:00,236,1,308.0,16.1,0.0,45.8125,15.1875
2026-04-08 16:00:00+00:00,325,1,298.0,14.6,0.0,46.5625,15.625
2026-04-08 16:00:00+00:00,391,1,296.0,14.9,0.0,46.6875,16.0625
2026-04-08 16:00:00+00:00,422,1,306.0,15.9,0.0,46.25,15.25
2026-04-08 16:00:00+00:00,425,1,304.0,15.8,0.0,45.9375,15.5
2026-04-08 16:00:00+00:00,426,1,316.0,18.2,0.0,45.5625,13.75
2026-04-08 17:00:00+00:00,63,2,139.0,13.4,0.0,46.375,14.0625
2026-04-08 17:00:00+00:00,76,2,136.0,13.2,0.0,46.3125,14.1875
2026-04-08 17:00:00+00:00,106,2,135.0,14.7,0.0,46.25,14.375
2026-04-08 17:00:00+00:00,122,2,134.0,15.5,0.0,46.0,14.4375
2026-04-08 17:00:00+00:00,127,2,134.0,15.0,0.0,46.125,14.5
2026-04-08 17:00:00+00:00,129,2,132.0,15.6,0.0,46.0,14.5
2026-04-08 17:00:00+00:00,177,2,134.0,10.8,0.0,45.625,14.8125
2026-04-08 17:00:00+00:00,194,2,128.0,13.9,0.0,46.5,15.0625
2026-04-08 17:00:00+00:00,236,2,128.0,15.0,0.0,45.8125,15.1875
2026-04-08 17:00:00+00:00,325,2,121.0,13.5,0.0,46.5625,15.625
2026-04-08 17:00:00+00:00,391,2,120.0,13.5,0.0,46.6875,16.0625
2026-04-08 17:00:00+00:00,422,2,127.0,14.9,0.0,46.25,15.25
2026-04-08 17:00:00+00:00,425,2,123.0,14.7,0.0,45.9375,15.5
2026-04-08 17:00:00+00:00,426,2,138.0,17.2,0.0,45.5625,13.75
2026-04-08 18:00:00+00:00,63,3,14.0,10.5,0.0,46.375,14.0625
2026-04-08 18:00:00+00:00,63,6,15.0,9.9,0.0,46.375,14.0625
2026-04-08 18:00:00+00:00,76,3,14.0,10.5,0.0,46.3125,14.1875
2026-04-08 18:00:00+00:00,76,6,14.0,9.9,0.0,46.3125,14.1875
2026-04-08 18:00:00+00:00,106,3,13.0,11.6,0.0,46.25,14.375
2026-04-08 18:00:00+00:00,106,6,14.0,11.2,0.0,46.25,14.375
2026-04-08 18:00:00+00:00,122,3,13.0,12.5,0.0,46.0,14.4375
2026-04-08 18:00:00+00:00,122,6,13.0,12.1,0.0,46.0,14.4375
2026-04-08 18:00:00+00:00,127,3,13.0,12.4,0.0,46.125,14.5
2026-04-08 18:00:00+00:00,127,6,13.0,11.8,0.0,46.125,14.5
2026-04-08 18:00:00+00:00,129,3,13.0,12.6,0.0,46.0,14.5
2026-04-08 18:00:00+00:00,129,6,13.0,12.2,0.0,46.0,14.5
2026-04-08 18:00:00+00:00,177,3,12.0,7.9,0.0,45.625,14.8125
2026-04-08 18:00:00+00:00,177,6,12.0,7.5,0.0,45.625,14.8125
2026-04-08 18:00:00+00:00,194,3,11.0,10.8,0.0,46.5,15.0625
2026-04-08 18:00:00+00:00,194,6,11.0,10.2,0.0,46.5,15.0625
2026-04-08 18:00:00+00:00,236,3,11.0,11.8,0.0,45.8125,15.1875
2026-04-08 18:00:00+00:00,236,6,11.0,11.4,0.0,45.8125,15.1875
2026-04-08 18:00:00+00:00,325,3,10.0,11.4,0.0,46.5625,15.625
2026-04-08 18:00:00+00:00,325,6,9.0,11.0,0.0,46.5625,15.625
2026-04-08 18:00:00+00:00,391,3,9.0,10.8,0.0,46.6875,16.0625
2026-04-08 18:00:00+00:00,391,6,8.0,10.3,0.0,46.6875,16.0625
2026-04-08 18:00:00+00:00,422,3,11.0,11.8,0.0,46.25,15.25
2026-04-08 18:00:00+00:00,422,6,11.0,11.5,0.0,46.25,15.25
2026-04-08 18:00:00+00:00,425,3,10.0,11.8,0.0,45.9375,15.5
2026-04-08 18:00:00+00:00,425,6,10.0,11.4,0.0,45.9375,15.5
2026-04-08 18:00:00+00:00,426,3,15.0,15.5,0.0,45.5625,13.75
2026-04-08 18:00:00+00:00,426,6,16.0,15.4,0.0,45.5625,13.75
2026-04-08 19:00:00+00:00,63,1,0.0,8.9,0.0,46.375,14.0625
2026-04-08 19:00:00+00:00,76,1,0.0,9.4,0.0,46.3125,14.1875
2026-04-08 19:00:00+00:00,106,1,0.0,10.2,0.0,46.25,14.375
2026-04-08 19:00:00+00:00,122,1,0.0,11.3,0.0,46.0,14.4375
2026-04-08 19:00:00+00:00,127,1,0.0,10.9,0.0,46.125,14.5
2026-04-08 19:00:00+00:00,129,1,0.0,11.5,0.0,46.0,14.5
2026-04-08 19:00:00+00:00,177,1,0.0,6.8,0.0,45.625,14.8125
2026-04-08 19:00:00+00:00,194,1,0.0,9.1,0.0,46.5,15.0625
2026-04-08 19:00:00+00:00,236,1,0.0,9.8,0.0,45.8125,15.1875
2026-04-08 19:00:00+00:00,325,1,0.0,10.1,0.0,46.5625,15.625
2026-04-08 19:00:00+00:00,391,1,0.0,9.1,0.0,46.6875,16.0625
2026-04-08 19:00:00+00:00,422,1,0.0,10.7,0.0,46.25,15.25
2026-04-08 19:00:00+00:00,425,1,0.0,10.4,0.0,45.9375,15.5
2026-04-08 19:00:00+00:00,426,1,0.0,14.3,0.0,45.5625,13.75
2026-04-08 20:00:00+00:00,63,2,0.0,7.5,0.0,46.375,14.0625
2026-04-08 20:00:00+00:00,76,2,0.0,8.6,0.0,46.3125,14.1875
2026-04-08 20:00:00+00:00,106,2,0.0,9.1,0.0,46.25,14.375
2026-04-08 20:00:00+00:00,122,2,0.0,10.0,0.0,46.0,14.4375
2026-04-08 20:00:00+00:00,127,2,0.0,9.6,0.0,46.125,14.5
2026-04-08 20:00:00+00:00,129,2,0.0,10.1,0.0,46.0,14.5
2026-04-08 20:00:00+00:00,177,2,0.0,6.0,0.0,45.625,14.8125
2026-04-08 20:00:00+00:00,194,2,0.0,7.6,0.0,46.5,15.0625
2026-04-08 20:00:00+00:00,236,2,0.0,8.0,0.0,45.8125,15.1875
2026-04-08 20:00:00+00:00,325,2,0.0,9.2,0.0,46.5625,15.625
2026-04-08 20:00:00+00:00,391,2,0.0,7.6,0.0,46.6875,16.0625
2026-04-08 20:00:00+00:00,422,2,0.0,9.8,0.0,46.25,15.25
2026-04-08 20:00:00+00:00,425,2,0.0,9.4,0.0,45.9375,15.5
2026-04-08 20:00:00+00:00,426,2,0.0,12.5,0.0,45.5625,13.75
2026-04-08 21:00:00+00:00,63,3,0.0,6.7,0.0,46.375,14.0625
2026-04-08 21:00:00+00:00,63,6,0.0,6.2,0.0,46.375,14.0625
2026-04-08 21:00:00+00:00,76,3,0.0,7.9,0.0,46.3125,14.1875
2026-04-08 21:00:00+00:00,76,6,0.0,7.8,0.0,46.3125,14.1875
2026-04-08 21:00:00+00:00,106,3,0.0,8.3,0.0,46.25,14.375
2026-04-08 21:00:00+00:00,106,6,0.0,8.4,0.0,46.25,14.375
2026-04-08 21:00:00+00:00,122,3,0.0,9.1,0.0,46.0,14.4375
2026-04-08 21:00:00+00:00,122,6,0.0,8.5,0.0,46.0,14.4375
2026-04-08 21:00:00+00:00,127,3,0.0,8.7,0.0,46.125,14.5
2026-04-08 21:00:00+00:00,127,6,0.0,8.1,0.0,46.125,14.5
2026-04-08 21:00:00+00:00,129,3,0.0,9.0,0.0,46.0,14.5
2026-04-08 21:00:00+00:00,129,6,0.0,8.5,0.0,46.0,14.5
2026-04-08 21:00:00+00:00,177,3,0.0,5.4,0.0,45.625,14.8125
2026-04-08 21:00:00+00:00,177,6,0.0,5.2,0.0,45.625,14.8125
2026-04-08 21:00:00+00:00,194,3,0.0,6.3,0.0,46.5,15.0625
2026-04-08 21:00:00+00:00,194,6,0.0,6.1,0.0,46.5,15.0625
2026-04-08 21:00:00+00:00,236,3,0.0,7.0,0.0,45.8125,15.1875
2026-04-08 21:00:00+00:00,236,6,0.0,6.6,0.0,45.8125,15.1875
2026-04-08 21:00:00+00:00,325,3,0.0,8.5,0.0,46.5625,15.625
2026-04-08 21:00:00+00:00,325,6,0.0,8.4,0.0,46.5625,15.625
2026-04-08 21:00:00+00:00,391,3,0.0,6.8,0.0,46.6875,16.0625
2026-04-08 21:00:00+00:00,391,6,0.0,7.1,0.0,46.6875,16.0625
2026-04-08 21:00:00+00:00,422,3,0.0,8.8,0.0,46.25,15.25
2026-04-08 21:00:00+00:00,422,6,0.0,8.3,0.0,46.25,15.25
2026-04-08 21:00:00+00:00,425,3,0.0,8.7,0.0,45.9375,15.5
2026-04-08 21:00:00+00:00,425,6,0.0,8.1,0.0,45.9375,15.5
2026-04-08 21:00:00+00:00,426,3,0.0,12.0,0.0,45.5625,13.75
2026-04-08 21:00:00+00:00,426,6,0.0,11.4,0.0,45.5625,13.75
2026-04-08 22:00:00+00:00,63,1,0.0,6.1,0.0,46.375,14.0625
2026-04-08 22:00:00+00:00,76,1,0.0,7.0,0.0,46.3125,14.1875
2026-04-08 22:00:00+00:00,106,1,0.0,7.2,0.0,46.25,14.375
2026-04-08 22:00:00+00:00,122,1,0.0,8.1,0.0,46.0,14.4375
2026-04-08 22:00:00+00:00,127,1,0.0,8.0,0.0,46.125,14.5
2026-04-08 22:00:00+00:00,129,1,0.0,8.0,0.0,46.0,14.5
2026-04-08 22:00:00+00:00,177,1,0.0,4.9,0.0,45.625,14.8125
2026-04-08 22:00:00+00:00,194,1,0.0,5.4,0.0,46.5,15.0625
2026-04-08 22:00:00+00:00,236,1,0.0,6.5,0.0,45.8125,15.1875
2026-04-08 22:00:00+00:00,325,1,0.0,7.7,0.0,46.5625,15.625
2026-04-08 22:00:00+00:00,391,1,0.0,6.0,0.0,46.6875,16.0625
2026-04-08 22:00:00+00:00,422,1,0.0,7.6,0.0,46.25,15.25
2026-04-08 22:00:00+00:00,425,1,0.0,7.6,0.0,45.9375,15.5
2026-04-08 22:00:00+00:00,426,1,0.0,12.3,0.0,45.5625,13.75
2026-04-08 23:00:00+00:00,63,2,0.0,5.3,0.0,46.375,14.0625
2026-04-08 23:00:00+00:00,76,2,0.0,6.3,0.0,46.3125,14.1875
2026-04-08 23:00:00+00:00,106,2,0.0,6.2,0.0,46.25,14.375
2026-04-08 23:00:00+00:00,122,2,0.0,7.4,0.0,46.0,14.4375
2026-04-08 23:00:00+00:00,127,2,0.0,7.2,0.0,46.125,14.5
2026-04-08 23:00:00+00:00,129,2,0.0,7.1,0.0,46.0,14.5
2026-04-08 23:00:00+00:00,177,2,0.0,3.9,0.0,45.625,14.8125
2026-04-08 23:00:00+00:00,194,2,0.0,4.4,0.0,46.5,15.0625
2026-04-08 23:00:00+00:00,236,2,0.0,5.8,0.0,45.8125,15.1875
2026-04-08 23:00:00+00:00,325,2,0.0,6.6,0.0,46.5625,15.625
2026-04-08 23:00:00+00:00,391,2,0.0,4.8,0.0,46.6875,16.0625
2026-04-08 23:00:00+00:00,422,2,0.0,7.2,0.0,46.25,15.25
2026-04-08 23:00:00+00:00,425,2,0.0,7.2,0.0,45.9375,15.5
2026-04-08 23:00:00+00:00,426,2,0.0,12.3,0.0,45.5625,13.75
2026-04-09 00:00:00+00:00,63,3,0.0,4.4,0.0,46.375,14.0625
2026-04-09 00:00:00+00:00,63,6,0.0,4.3,0.0,46.375,14.0625
2026-04-09 00:00:00+00:00,63,24,0.0,3.8,0.0,46.375,14.0625
2026-04-09 00:00:00+00:00,76,3,0.0,5.5,0.0,46.3125,14.1875
2026-04-09 00:00:00+00:00,76,6,0.0,5.5,0.0,46.3125,14.1875
2026-04-09 00:00:00+00:00,76,24,0.0,5.3,0.0,46.3125,14.1875
2026-04-09 00:00:00+00:00,106,3,0.0,5.9,0.0,46.25,14.375
2026-04-09 00:00:00+00:00,106,6,0.0,5.6,0.0,46.25,14.375
2026-04-09 00:00:00+00:00,106,24,0.0,5.8,0.0,46.25,14.375
2026-04-09 00:00:00+00:00,122,3,0.0,6.5,0.0,46.0,14.4375
2026-04-09 00:00:00+00:00,122,6,0.0,6.4,0.0,46.0,14.4375
2026-04-09 00:00:00+00:00,122,24,0.0,5.2,0.0,46.0,14.4375
2026-04-09 00:00:00+00:00,127,3,0.0,6.1,0.0,46.125,14.5
2026-04-09 00:00:00+00:00,127,6,0.0,6.1,0.0,46.125,14.5
2026-04-09 00:00:00+00:00,127,24,0.0,5.0,0.0,46.125,14.5
2026-04-09 00:00:00+00:00,129,3,0.0,6.2,0.0,46.0,14.5
2026-04-09 00:00:00+00:00,129,6,0.0,6.2,0.0,46.0,14.5
2026-04-09 00:00:00+00:00,129,24,0.0,4.7,0.0,46.0,14.5
2026-04-09 00:00:00+00:00,177,3,0.0,3.4,0.0,45.625,14.8125
2026-04-09 00:00:00+00:00,177,6,0.0,3.1,0.0,45.625,14.8125
2026-04-09 00:00:00+00:00,177,24,0.0,3.6,0.0,45.625,14.8125
2026-04-09 00:00:00+00:00,194,3,0.0,3.7,0.0,46.5,15.0625
2026-04-09 00:00:00+00:00,194,6,0.0,3.5,0.0,46.5,15.0625
2026-04-09 00:00:00+00:00,194,24,0.0,3.5,0.0,46.5,15.0625
2026-04-09 00:00:00+00:00,236,3,0.0,5.1,0.0,45.8125,15.1875
2026-04-09 00:00:00+00:00,236,6,0.0,5.1,0.0,45.8125,15.1875
2026-04-09 00:00:00+00:00,236,24,0.0,4.4,0.0,45.8125,15.1875
2026-04-09 00:00:00+00:00,325,3,0.0,4.6,0.0,46.5625,15.625
2026-04-09 00:00:00+00:00,325,6,0.0,4.9,0.0,46.5625,15.625
2026-04-09 00:00:00+00:00,325,24,0.0,5.9,0.0,46.5625,15.625
2026-04-09 00:00:00+00:00,391,3,0.0,3.4,0.0,46.6875,16.0625
2026-04-09 00:00:00+00:00,391,6,0.0,3.3,0.0,46.6875,16.0625
2026-04-09 00:00:00+00:00,391,24,0.0,4.4,0.0,46.6875,16.0625
2026-04-09 00:00:00+00:00,422,3,0.0,6.1,0.0,46.25,15.25
2026-04-09 00:00:00+00:00,422,6,0.0,6.1,0.0,46.25,15.25
2026-04-09 00:00:00+00:00,422,24,0.0,5.7,0.0,46.25,15.25
2026-04-09 00:00:00+00:00,425,3,0.0,6.2,0.0,45.9375,15.5
2026-04-09 00:00:00+00:00,425,6,0.0,5.8,0.0,45.9375,15.5
2026-04-09 00:00:00+00:00,425,24,0.0,4.2,0.0,45.9375,15.5
2026-04-09 00:00:00+00:00,426,3,0.0,11.8,0.0,45.5625,13.75
2026-04-09 00:00:00+00:00,426,6,0.0,11.8,0.0,45.5625,13.75
2026-04-09 00:00:00+00:00,426,24,0.0,11.4,0.0,45.5625,13.75
2026-04-09 03:00:00+00:00,63,6,0.0,1.7,0.0,46.375,14.0625
2026-04-09 03:00:00+00:00,63,24,0.0,1.4,0.0,46.375,14.0625
2026-04-09 03:00:00+00:00,76,6,0.0,3.5,0.0,46.3125,14.1875
2026-04-09 03:00:00+00:00,76,24,0.0,3.5,0.0,46.3125,14.1875
2026-04-09 03:00:00+00:00,106,6,0.0,4.2,0.0,46.25,14.375
2026-04-09 03:00:00+00:00,106,24,0.0,4.1,0.0,46.25,14.375
2026-04-09 03:00:00+00:00,122,6,0.0,4.1,0.0,46.0,14.4375
2026-04-09 03:00:00+00:00,122,24,0.0,3.2,0.0,46.0,14.4375
2026-04-09 03:00:00+00:00,127,6,0.0,3.4,0.0,46.125,14.5
2026-04-09 03:00:00+00:00,127,24,0.0,2.2,0.0,46.125,14.5
2026-04-09 03:00:00+00:00,129,6,0.0,3.7,0.0,46.0,14.5
2026-04-09 03:00:00+00:00,129,24,0.0,2.2,0.0,46.0,14.5
2026-04-09 03:00:00+00:00,177,6,0.0,1.8,0.0,45.625,14.8125
2026-04-09 03:00:00+00:00,177,24,0.0,1.3,0.0,45.625,14.8125
2026-04-09 03:00:00+00:00,194,6,0.0,1.8,0.0,46.5,15.0625
2026-04-09 03:00:00+00:00,194,24,0.0,1.9,0.0,46.5,15.0625
2026-04-09 03:00:00+00:00,236,6,0.0,3.7,0.0,45.8125,15.1875
2026-04-09 03:00:00+00:00,236,24,0.0,2.5,0.0,45.8125,15.1875
2026-04-09 03:00:00+00:00,325,6,0.0,1.8,0.0,46.5625,15.625
2026-04-09 03:00:00+00:00,325,24,0.0,2.0,0.0,46.5625,15.625
2026-04-09 03:00:00+00:00,391,6,0.0,0.2,0.0,46.6875,16.0625
2026-04-09 03:00:00+00:00,391,24,0.0,0.4,0.0,46.6875,16.0625
2026-04-09 03:00:00+00:00,422,6,0.0,3.4,0.0,46.25,15.25
2026-04-09 03:00:00+00:00,422,24,0.0,3.5,0.0,46.25,15.25
2026-04-09 03:00:00+00:00,425,6,0.0,3.4,0.0,45.9375,15.5
2026-04-09 03:00:00+00:00,425,24,0.0,3.1,0.0,45.9375,15.5
2026-04-09 03:00:00+00:00,426,6,0.0,10.2,0.0,45.5625,13.75
2026-04-09 03:00:00+00:00,426,24,0.0,9.6,0.0,45.5625,13.75
2026-04-09 06:00:00+00:00,63,24,113.0,2.5,0.0,46.375,14.0625
2026-04-09 06:00:00+00:00,76,24,114.0,4.4,0.0,46.3125,14.1875
2026-04-09 06:00:00+00:00,106,24,118.0,5.2,0.0,46.25,14.375
2026-04-09 06:00:00+00:00,122,24,114.0,4.3,0.0,46.0,14.4375
2026-04-09 06:00:00+00:00,127,24,116.0,3.1,0.0,46.125,14.5
2026-04-09 06:00:00+00:00,129,24,114.0,3.6,0.0,46.0,14.5
2026-04-09 06:00:00+00:00,177,24,125.0,3.1,0.0,45.625,14.8125
2026-04-09 06:00:00+00:00,194,24,127.0,4.6,0.0,46.5,15.0625
2026-04-09 06:00:00+00:00,236,24,128.0,3.8,0.0,45.8125,15.1875
2026-04-09 06:00:00+00:00,325,24,131.0,4.9,0.0,46.5625,15.625
2026-04-09 06:00:00+00:00,391,24,137.0,1.8,0.0,46.6875,16.0625
2026-04-09 06:00:00+00:00,422,24,128.0,3.9,0.0,46.25,15.25
2026-04-09 06:00:00+00:00,425,24,132.0,3.9,0.0,45.9375,15.5
2026-04-09 06:00:00+00:00,426,24,93.0,11.0,0.0,45.5625,13.75
2026-04-09 09:00:00+00:00,63,24,621.0,9.0,0.0,46.375,14.0625
2026-04-09 09:00:00+00:00,76,24,620.0,9.0,0.0,46.3125,14.1875
2026-04-09 09:00:00+00:00,106,24,626.0,9.9,0.0,46.25,14.375
2026-04-09 09:00:00+00:00,122,24,621.0,11.0,0.0,46.0,14.4375
2026-04-09 09:00:00+00:00,127,24,624.0,10.4,0.0,46.125,14.5
2026-04-09 09:00:00+00:00,129,24,624.0,11.2,0.0,46.0,14.5
2026-04-09 09:00:00+00:00,177,24,639.0,7.4,0.0,45.625,14.8125
2026-04-09 09:00:00+00:00,194,24,637.0,10.4,0.0,46.5,15.0625
2026-04-09 09:00:00+00:00,236,24,645.0,11.4,0.0,45.8125,15.1875
2026-04-09 09:00:00+00:00,325,24,634.0,10.3,0.0,46.5625,15.625
2026-04-09 09:00:00+00:00,391,24,642.0,10.6,0.0,46.6875,16.0625
2026-04-09 09:00:00+00:00,422,24,638.0,11.1,0.0,46.25,15.25
2026-04-09 09:00:00+00:00,425,24,643.0,11.1,0.0,45.9375,15.5
2026-04-09 09:00:00+00:00,426,24,452.0,15.7,0.0,45.5625,13.75
2026-04-09 12:00:00+00:00,63,24,792.0,13.0,0.0,46.375,14.0625
2026-04-09 12:00:00+00:00,76,24,790.0,12.5,0.0,46.3125,14.1875
2026-04-09 12:00:00+00:00,106,24,793.0,13.4,0.0,46.25,14.375
2026-04-09 12:00:00+00:00,122,24,775.0,14.5,0.0,46.0,14.4375
2026-04-09 12:00:00+00:00,127,24,775.0,13.8,0.0,46.125,14.5
2026-04-09 12:00:00+00:00,129,24,773.0,14.7,0.0,46.0,14.5
2026-04-09 12:00:00+00:00,177,24,746.0,10.7,0.0,45.625,14.8125
2026-04-09 12:00:00+00:00,194,24,773.0,13.4,0.0,46.5,15.0625
2026-04-09 12:00:00+00:00,236,24,791.0,14.1,0.0,45.8125,15.1875
2026-04-09 12:00:00+00:00,325,24,751.0,13.7,0.0,46.5625,15.625
2026-04-09 12:00:00+00:00,391,24,780.0,13.4,0.0,46.6875,16.0625
2026-04-09 12:00:00+00:00,422,24,783.0,14.6,0.0,46.25,15.25
2026-04-09 12:00:00+00:00,425,24,802.0,14.3,0.0,45.9375,15.5
2026-04-09 12:00:00+00:00,426,24,550.0,17.4,0.0,45.5625,13.75
2026-04-09 15:00:00+00:00,63,24,493.0,14.7,0.0,46.375,14.0625
2026-04-09 15:00:00+00:00,76,24,490.0,14.5,0.0,46.3125,14.1875
2026-04-09 15:00:00+00:00,106,24,474.0,15.1,0.0,46.25,14.375
2026-04-09 15:00:00+00:00,122,24,424.0,16.1,0.0,46.0,14.4375
2026-04-09 15:00:00+00:00,127,24,453.0,15.5,0.0,46.125,14.5
2026-04-09 15:00:00+00:00,129,24,425.0,16.2,0.0,46.0,14.5
2026-04-09 15:00:00+00:00,177,24,370.0,11.3,0.0,45.625,14.8125
2026-04-09 15:00:00+00:00,194,24,474.0,14.5,0.0,46.5,15.0625
2026-04-09 15:00:00+00:00,236,24,340.0,14.6,0.0,45.8125,15.1875
2026-04-09 15:00:00+00:00,325,24,469.0,14.5,0.0,46.5625,15.625
2026-04-09 15:00:00+00:00,391,24,383.0,13.9,0.0,46.6875,16.0625
2026-04-09 15:00:00+00:00,422,24,478.0,15.5,0.0,46.25,15.25
2026-04-09 15:00:00+00:00,425,24,418.0,15.1,0.0,45.9375,15.5
2026-04-09 15:00:00+00:00,426,24,204.0,15.6,0.0,45.5625,13.75
2026-04-09 18:00:00+00:00,63,24,16.0,9.7,0.0,46.375,14.0625
2026-04-09 18:00:00+00:00,76,24,15.0,9.4,0.0,46.3125,14.1875
2026-04-09 18:00:00+00:00,106,24,15.0,10.3,0.0,46.25,14.375
2026-04-09 18:00:00+00:00,122,24,13.0,10.9,0.0,46.0,14.4375
2026-04-09 18:00:00+00:00,127,24,13.0,10.9,0.0,46.125,14.5
2026-04-09 18:00:00+00:00,129,24,13.0,11.0,0.0,46.0,14.5
2026-04-09 18:00:00+00:00,177,24,10.0,6.6,0.0,45.625,14.8125
2026-04-09 18:00:00+00:00,194,24,13.0,9.5,0.0,46.5,15.0625
2026-04-09 18:00:00+00:00,236,24,10.0,10.3,0.0,45.8125,15.1875
2026-04-09 18:00:00+00:00,325,24,11.0,10.3,0.0,46.5625,15.625
2026-04-09 18:00:00+00:00,391,24,9.0,9.2,0.0,46.6875,16.0625
2026-04-09 18:00:00+00:00,422,24,12.0,10.6,0.0,46.25,15.25
2026-04-09 18:00:00+00:00,425,24,11.0,10.2,0.0,45.9375,15.5
2026-04-09 18:00:00+00:00,426,24,9.0,13.8,0.0,45.5625,13.75
2026-04-09 21:00:00+00:00,63,24,0.0,4.9,0.0,46.375,14.0625
2026-04-09 21:00:00+00:00,76,24,0.0,6.6,0.0,46.3125,14.1875
2026-04-09 21:00:00+00:00,106,24,0.0,7.2,0.0,46.25,14.375
2026-04-09 21:00:00+00:00,122,24,0.0,6.7,0.0,46.0,14.4375
2026-04-09 21:00:00+00:00,127,24,0.0,6.1,0.0,46.125,14.5
2026-04-09 21:00:00+00:00,129,24,0.0,6.5,0.0,46.0,14.5
2026-04-09 21:00:00+00:00,177,24,0.0,4.1,0.0,45.625,14.8125
2026-04-09 21:00:00+00:00,194,24,0.0,5.6,0.0,46.5,15.0625
2026-04-09 21:00:00+00:00,236,24,0.0,6.7,0.0,45.8125,15.1875
2026-04-09 21:00:00+00:00,325,24,0.0,7.1,0.0,46.5625,15.625
2026-04-09 21:00:00+00:00,391,24,0.0,6.5,0.0,46.6875,16.0625
2026-04-09 21:00:00+00:00,422,24,0.0,6.8,0.0,46.25,15.25
2026-04-09 21:00:00+00:00,425,24,0.0,5.9,0.0,45.9375,15.5
2026-04-09 21:00:00+00:00,426,24,0.0,8.8,0.0,45.5625,13.75
2026-04-09 01:00:00+00:00,63,1,0.0,3.7,0.0,46.375,14.0625
2026-04-09 01:00:00+00:00,76,1,0.0,4.8,0.0,46.3125,14.1875
2026-04-09 01:00:00+00:00,106,1,0.0,5.3,0.0,46.25,14.375
2026-04-09 01:00:00+00:00,122,1,0.0,5.9,0.0,46.0,14.4375
2026-04-09 01:00:00+00:00,127,1,0.0,5.7,0.0,46.125,14.5
2026-04-09 01:00:00+00:00,129,1,0.0,5.8,0.0,46.0,14.5
2026-04-09 01:00:00+00:00,177,1,0.0,3.1,0.0,45.625,14.8125
2026-04-09 01:00:00+00:00,194,1,0.0,3.3,0.0,46.5,15.0625
2026-04-09 01:00:00+00:00,236,1,0.0,4.4,0.0,45.8125,15.1875
2026-04-09 01:00:00+00:00,325,1,0.0,4.0,0.0,46.5625,15.625
2026-04-09 01:00:00+00:00,391,1,0.0,1.5,0.0,46.6875,16.0625
2026-04-09 01:00:00+00:00,422,1,0.0,5.4,0.0,46.25,15.25
2026-04-09 01:00:00+00:00,425,1,0.0,5.7,0.0,45.9375,15.5
2026-04-09 01:00:00+00:00,426,1,0.0,11.6,0.0,45.5625,13.75
2026-04-09 02:00:00+00:00,63,2,0.0,3.0,0.0,46.375,14.0625
2026-04-09 02:00:00+00:00,76,2,0.0,4.2,0.0,46.3125,14.1875
2026-04-09 02:00:00+00:00,106,2,0.0,4.8,0.0,46.25,14.375
2026-04-09 02:00:00+00:00,122,2,0.0,5.2,0.0,46.0,14.4375
2026-04-09 02:00:00+00:00,127,2,0.0,4.9,0.0,46.125,14.5
2026-04-09 02:00:00+00:00,129,2,0.0,4.9,0.0,46.0,14.5
2026-04-09 02:00:00+00:00,177,2,0.0,2.5,0.0,45.625,14.8125
2026-04-09 02:00:00+00:00,194,2,0.0,2.4,0.0,46.5,15.0625
2026-04-09 02:00:00+00:00,236,2,0.0,4.0,0.0,45.8125,15.1875
2026-04-09 02:00:00+00:00,325,2,0.0,2.9,0.0,46.5625,15.625
2026-04-09 02:00:00+00:00,391,2,0.0,0.7,0.0,46.6875,16.0625
2026-04-09 02:00:00+00:00,422,2,0.0,4.5,0.0,46.25,15.25
2026-04-09 02:00:00+00:00,425,2,0.0,5.0,0.0,45.9375,15.5
2026-04-09 02:00:00+00:00,426,2,0.0,11.0,0.0,45.5625,13.75
2026-04-09 03:00:00+00:00,63,3,0.0,2.2,0.0,46.375,14.0625
2026-04-09 03:00:00+00:00,76,3,0.0,3.6,0.0,46.3125,14.1875
2026-04-09 03:00:00+00:00,106,3,0.0,4.2,0.0,46.25,14.375
2026-04-09 03:00:00+00:00,122,3,0.0,4.4,0.0,46.0,14.4375
2026-04-09 03:00:00+00:00,127,3,0.0,3.7,0.0,46.125,14.5
2026-04-09 03:00:00+00:00,129,3,0.0,3.9,0.0,46.0,14.5
2026-04-09 03:00:00+00:00,177,3,0.0,1.8,0.0,45.625,14.8125
2026-04-09 03:00:00+00:00,194,3,0.0,2.0,0.0,46.5,15.0625
2026-04-09 03:00:00+00:00,236,3,0.0,3.6,0.0,45.8125,15.1875
2026-04-09 03:00:00+00:00,325,3,0.0,1.8,0.0,46.5625,15.625
2026-04-09 03:00:00+00:00,391,3,0.0,0.1,0.0,46.6875,16.0625
2026-04-09 03:00:00+00:00,422,3,0.0,3.7,0.0,46.25,15.25
2026-04-09 03:00:00+00:00,425,3,0.0,3.7,0.0,45.9375,15.5
2026-04-09 03:00:00+00:00,426,3,0.0,10.5,0.0,45.5625,13.75
2026-04-09 04:00:00+00:00,63,1,0.0,1.0,0.0,46.375,14.0625
2026-04-09 04:00:00+00:00,76,1,0.0,2.8,0.0,46.3125,14.1875
2026-04-09 04:00:00+00:00,106,1,0.0,3.3,0.0,46.25,14.375
2026-04-09 04:00:00+00:00,122,1,0.0,3.1,0.0,46.0,14.4375
2026-04-09 04:00:00+00:00,127,1,0.0,2.5,0.0,46.125,14.5
2026-04-09 04:00:00+00:00,129,1,0.0,2.6,0.0,46.0,14.5
2026-04-09 04:00:00+00:00,177,1,0.0,0.7,0.0,45.625,14.8125
2026-04-09 04:00:00+00:00,194,1,0.0,1.2,0.0,46.5,15.0625
2026-04-09 04:00:00+00:00,236,1,0.0,2.1,0.0,45.8125,15.1875
2026-04-09 04:00:00+00:00,325,1,0.0,0.9,0.0,46.5625,15.625
2026-04-09 04:00:00+00:00,391,1,0.0,-1.3,0.0,46.6875,16.0625
2026-04-09 04:00:00+00:00,422,1,0.0,3.0,0.0,46.25,15.25
2026-04-09 04:00:00+00:00,425,1,0.0,2.4,0.0,45.9375,15.5
2026-04-09 04:00:00+00:00,426,1,0.0,10.4,0.0,45.5625,13.75
2026-04-09 05:00:00+00:00,63,2,8.0,0.5,0.0,46.375,14.0625
2026-04-09 05:00:00+00:00,76,2,8.0,2.3,0.0,46.3125,14.1875
2026-04-09 05:00:00+00:00,106,2,9.0,2.9,0.0,46.25,14.375
2026-04-09 05:00:00+00:00,122,2,9.0,2.5,0.0,46.0,14.4375
2026-04-09 05:00:00+00:00,127,2,10.0,1.6,0.0,46.125,14.5
2026-04-09 05:00:00+00:00,129,2,9.0,2.2,0.0,46.0,14.5
2026-04-09 05:00:00+00:00,177,2,10.0,-0.1,0.0,45.625,14.8125
2026-04-09 05:00:00+00:00,194,2,12.0,1.0,0.0,46.5,15.0625
2026-04-09 05:00:00+00:00,236,2,12.0,1.4,0.0,45.8125,15.1875
2026-04-09 05:00:00+00:00,325,2,13.0,0.9,0.0,46.5625,15.625
2026-04-09 05:00:00+00:00,391,2,15.0,-1.7,0.0,46.6875,16.0625
2026-04-09 05:00:00+00:00,422,2,12.0,2.4,0.0,46.25,15.25
2026-04-09 05:00:00+00:00,425,2,12.0,1.9,0.0,45.9375,15.5
2026-04-09 05:00:00+00:00,426,2,6.0,10.1,0.0,45.5625,13.75
2026-04-09 06:00:00+00:00,63,3,109.0,2.3,0.0,46.375,14.0625
2026-04-09 06:00:00+00:00,63,6,110.0,2.5,0.0,46.375,14.0625
2026-04-09 06:00:00+00:00,76,3,109.0,4.2,0.0,46.3125,14.1875
2026-04-09 06:00:00+00:00,76,6,110.0,4.4,0.0,46.3125,14.1875
2026-04-09 06:00:00+00:00,106,3,113.0,4.5,0.0,46.25,14.375
2026-04-09 06:00:00+00:00,106,6,115.0,5.0,0.0,46.25,14.375
2026-04-09 06:00:00+00:00,122,3,111.0,4.8,0.0,46.0,14.4375
2026-04-09 06:00:00+00:00,122,6,110.0,5.0,0.0,46.0,14.4375
2026-04-09 06:00:00+00:00,127,3,113.0,3.3,0.0,46.125,14.5
2026-04-09 06:00:00+00:00,127,6,113.0,3.6,0.0,46.125,14.5
2026-04-09 06:00:00+00:00,129,3,111.0,4.3,0.0,46.0,14.5
2026-04-09 06:00:00+00:00,129,6,110.0,4.6,0.0,46.0,14.5
2026-04-09 06:00:00+00:00,177,3,122.0,2.3,0.0,45.625,14.8125
2026-04-09 06:00:00+00:00,177,6,125.0,2.6,0.0,45.625,14.8125
2026-04-09 06:00:00+00:00,194,3,125.0,4.1,0.0,46.5,15.0625
2026-04-09 06:00:00+00:00,194,6,126.0,4.2,0.0,46.5,15.0625
2026-04-09 06:00:00+00:00,236,3,125.0,3.6,0.0,45.8125,15.1875
2026-04-09 06:00:00+00:00,236,6,128.0,4.0,0.0,45.8125,15.1875
2026-04-09 06:00:00+00:00,325,3,130.0,3.8,0.0,46.5625,15.625
2026-04-09 06:00:00+00:00,325,6,129.0,4.4,0.0,46.5625,15.625
2026-04-09 06:00:00+00:00,391,3,136.0,1.0,0.0,46.6875,16.0625
2026-04-09 06:00:00+00:00,391,6,136.0,1.4,0.0,46.6875,16.0625
2026-04-09 06:00:00+00:00,422,3,127.0,4.0,0.0,46.25,15.25
2026-04-09 06:00:00+00:00,422,6,127.0,4.0,0.0,46.25,15.25
2026-04-09 06:00:00+00:00,425,3,130.0,3.8,0.0,45.9375,15.5
2026-04-09 06:00:00+00:00,425,6,131.0,4.1,0.0,45.9375,15.5
2026-04-09 06:00:00+00:00,426,3,87.0,11.1,0.0,45.5625,13.75
2026-04-09 06:00:00+00:00,426,6,92.0,11.1,0.0,45.5625,13.75
2026-04-09 07:00:00+00:00,63,1,272.0,5.4,0.0,46.375,14.0625
2026-04-09 07:00:00+00:00,76,1,277.0,6.0,0.0,46.3125,14.1875
2026-04-09 07:00:00+00:00,106,1,286.0,6.7,0.0,46.25,14.375
2026-04-09 07:00:00+00:00,122,1,280.0,7.2,0.0,46.0,14.4375
2026-04-09 07:00:00+00:00,127,1,285.0,6.6,0.0,46.125,14.5
2026-04-09 07:00:00+00:00,129,1,277.0,7.5,0.0,46.0,14.5
2026-04-09 07:00:00+00:00,177,1,295.0,4.1,0.0,45.625,14.8125
2026-04-09 07:00:00+00:00,194,1,299.0,6.7,0.0,46.5,15.0625
2026-04-09 07:00:00+00:00,236,1,286.0,7.3,0.0,45.8125,15.1875
2026-04-09 07:00:00+00:00,325,1,305.0,7.0,0.0,46.5625,15.625
2026-04-09 07:00:00+00:00,391,1,312.0,6.3,0.0,46.6875,16.0625
2026-04-09 07:00:00+00:00,422,1,304.0,7.0,0.0,46.25,15.25
2026-04-09 07:00:00+00:00,425,1,308.0,7.9,0.0,45.9375,15.5
2026-04-09 07:00:00+00:00,426,1,237.0,13.3,0.0,45.5625,13.75
2026-04-09 08:00:00+00:00,63,2,444.0,7.2,0.0,46.375,14.0625
2026-04-09 08:00:00+00:00,76,2,445.0,7.3,0.0,46.3125,14.1875
2026-04-09 08:00:00+00:00,106,2,458.0,8.1,0.0,46.25,14.375
2026-04-09 08:00:00+00:00,122,2,450.0,9.0,0.0,46.0,14.4375
2026-04-09 08:00:00+00:00,127,2,457.0,8.3,0.0,46.125,14.5
2026-04-09 08:00:00+00:00,129,2,451.0,9.3,0.0,46.0,14.5
2026-04-09 08:00:00+00:00,177,2,472.0,5.7,0.0,45.625,14.8125
2026-04-09 08:00:00+00:00,194,2,473.0,8.5,0.0,46.5,15.0625
2026-04-09 08:00:00+00:00,236,2,459.0,9.2,0.0,45.8125,15.1875
2026-04-09 08:00:00+00:00,325,2,481.0,8.4,0.0,46.5625,15.625
2026-04-09 08:00:00+00:00,391,2,490.0,8.4,0.0,46.6875,16.0625
2026-04-09 08:00:00+00:00,422,2,478.0,9.0,0.0,46.25,15.25
2026-04-09 08:00:00+00:00,425,2,471.0,9.4,0.0,45.9375,15.5
2026-04-09 08:00:00+00:00,426,2,370.0,14.6,0.0,45.5625,13.75
2026-04-09 09:00:00+00:00,63,3,608.0,9.0,0.0,46.375,14.0625
2026-04-09 09:00:00+00:00,63,6,606.0,8.7,0.0,46.375,14.0625
2026-04-09 09:00:00+00:00,76,3,603.0,8.8,0.0,46.3125,14.1875
2026-04-09 09:00:00+00:00,76,6,603.0,8.6,0.0,46.3125,14.1875
2026-04-09 09:00:00+00:00,106,3,608.0,9.6,0.0,46.25,14.375
2026-04-09 09:00:00+00:00,106,6,607.0,9.4,0.0,46.25,14.375
2026-04-09 09:00:00+00:00,122,3,595.0,10.7,0.0,46.0,14.4375
2026-04-09 09:00:00+00:00,122,6,584.0,10.4,0.0,46.0,14.4375
2026-04-09 09:00:00+00:00,127,3,611.0,10.0,0.0,46.125,14.5
2026-04-09 09:00:00+00:00,127,6,606.0,9.8,0.0,46.125,14.5
2026-04-09 09:00:00+00:00,129,3,601.0,10.9,0.0,46.0,14.5
2026-04-09 09:00:00+00:00,129,6,587.0,10.6,0.0,46.0,14.5
2026-04-09 09:00:00+00:00,177,3,610.0,7.3,0.0,45.625,14.8125
2026-04-09 09:00:00+00:00,177,6,608.0,7.1,0.0,45.625,14.8125
2026-04-09 09:00:00+00:00,194,3,630.0,10.3,0.0,46.5,15.0625
2026-04-09 09:00:00+00:00,194,6,629.0,10.0,0.0,46.5,15.0625
2026-04-09 09:00:00+00:00,236,3,616.0,10.7,0.0,45.8125,15.1875
2026-04-09 09:00:00+00:00,236,6,627.0,10.6,0.0,45.8125,15.1875
2026-04-09 09:00:00+00:00,325,3,625.0,9.8,0.0,46.5625,15.625
2026-04-09 09:00:00+00:00,325,6,625.0,9.5,0.0,46.5625,15.625
2026-04-09 09:00:00+00:00,391,3,637.0,10.1,0.0,46.6875,16.0625
2026-04-09 09:00:00+00:00,391,6,636.0,9.9,0.0,46.6875,16.0625
2026-04-09 09:00:00+00:00,422,3,622.0,10.8,0.0,46.25,15.25
2026-04-09 09:00:00+00:00,422,6,623.0,10.5,0.0,46.25,15.25
2026-04-09 09:00:00+00:00,425,3,614.0,10.8,0.0,45.9375,15.5
2026-04-09 09:00:00+00:00,425,6,620.0,10.6,0.0,45.9375,15.5
2026-04-09 09:00:00+00:00,426,3,516.0,15.9,0.0,45.5625,13.75
2026-04-09 09:00:00+00:00,426,6,527.0,15.8,0.0,45.5625,13.75
2026-04-09 10:00:00+00:00,63,1,717.0,10.7,0.0,46.375,14.0625
2026-04-09 10:00:00+00:00,76,1,712.0,10.4,0.0,46.3125,14.1875
2026-04-09 10:00:00+00:00,106,1,714.0,11.0,0.0,46.25,14.375
2026-04-09 10:00:00+00:00,122,1,715.0,12.2,0.0,46.0,14.4375
2026-04-09 10:00:00+00:00,127,1,722.0,11.4,0.0,46.125,14.5
2026-04-09 10:00:00+00:00,129,1,713.0,12.3,0.0,46.0,14.5
2026-04-09 10:00:00+00:00,177,1,700.0,8.6,0.0,45.625,14.8125
2026-04-09 10:00:00+00:00,194,1,723.0,11.6,0.0,46.5,15.0625
2026-04-09 10:00:00+00:00,236,1,709.0,12.1,0.0,45.8125,15.1875
2026-04-09 10:00:00+00:00,325,1,723.0,11.2,0.0,46.5625,15.625
2026-04-09 10:00:00+00:00,391,1,738.0,11.4,0.0,46.6875,16.0625
2026-04-09 10:00:00+00:00,422,1,730.0,12.4,0.0,46.25,15.25
2026-04-09 10:00:00+00:00,425,1,706.0,12.0,0.0,45.9375,15.5
2026-04-09 10:00:00+00:00,426,1,542.0,16.7,0.0,45.5625,13.75
2026-04-09 11:00:00+00:00,63,2,777.0,12.2,0.0,46.375,14.0625
2026-04-09 11:00:00+00:00,76,2,768.0,11.7,0.0,46.3125,14.1875
2026-04-09 11:00:00+00:00,106,2,779.0,12.4,0.0,46.25,14.375
2026-04-09 11:00:00+00:00,122,2,761.0,13.6,0.0,46.0,14.4375
2026-04-09 11:00:00+00:00,127,2,773.0,12.9,0.0,46.125,14.5
2026-04-09 11:00:00+00:00,129,2,749.0,13.8,0.0,46.0,14.5
2026-04-09 11:00:00+00:00,177,2,741.0,9.9,0.0,45.625,14.8125
2026-04-09 11:00:00+00:00,194,2,757.0,12.6,0.0,46.5,15.0625
2026-04-09 11:00:00+00:00,236,2,778.0,13.2,0.0,45.8125,15.1875
2026-04-09 11:00:00+00:00,325,2,741.0,12.4,0.0,46.5625,15.625
2026-04-09 11:00:00+00:00,391,2,778.0,12.4,0.0,46.6875,16.0625
2026-04-09 11:00:00+00:00,422,2,774.0,13.8,0.0,46.25,15.25
2026-04-09 11:00:00+00:00,425,2,753.0,13.2,0.0,45.9375,15.5
2026-04-09 11:00:00+00:00,426,2,486.0,16.8,0.0,45.5625,13.75
2026-04-09 12:00:00+00:00,63,3,782.0,13.4,0.0,46.375,14.0625
2026-04-09 12:00:00+00:00,63,6,792.0,13.5,0.0,46.375,14.0625
2026-04-09 12:00:00+00:00,76,3,772.0,12.8,0.0,46.3125,14.1875
2026-04-09 12:00:00+00:00,76,6,783.0,12.9,0.0,46.3125,14.1875
2026-04-09 12:00:00+00:00,106,3,781.0,13.6,0.0,46.25,14.375
2026-04-09 12:00:00+00:00,106,6,788.0,13.8,0.0,46.25,14.375
2026-04-09 12:00:00+00:00,122,3,755.0,14.8,0.0,46.0,14.4375
2026-04-09 12:00:00+00:00,122,6,749.0,15.0,0.0,46.0,14.4375
2026-04-09 12:00:00+00:00,127,3,774.0,14.0,0.0,46.125,14.5
2026-04-09 12:00:00+00:00,127,6,779.0,14.2,0.0,46.125,14.5
2026-04-09 12:00:00+00:00,129,3,751.0,14.9,0.0,46.0,14.5
2026-04-09 12:00:00+00:00,129,6,742.0,15.0,0.0,46.0,14.5
2026-04-09 12:00:00+00:00,177,3,714.0,10.9,0.0,45.625,14.8125
2026-04-09 12:00:00+00:00,177,6,772.0,11.3,0.0,45.625,14.8125
2026-04-09 12:00:00+00:00,194,3,748.0,13.6,0.0,46.5,15.0625
2026-04-09 12:00:00+00:00,194,6,769.0,13.8,0.0,46.5,15.0625
2026-04-09 12:00:00+00:00,236,3,750.0,14.1,0.0,45.8125,15.1875
2026-04-09 12:00:00+00:00,236,6,741.0,14.2,0.0,45.8125,15.1875
2026-04-09 12:00:00+00:00,325,3,707.0,13.5,0.0,46.5625,15.625
2026-04-09 12:00:00+00:00,325,6,709.0,13.6,0.0,46.5625,15.625
2026-04-09 12:00:00+00:00,391,3,742.0,13.2,0.0,46.6875,16.0625
2026-04-09 12:00:00+00:00,391,6,749.0,13.4,0.0,46.6875,16.0625
2026-04-09 12:00:00+00:00,422,3,769.0,14.9,0.0,46.25,15.25
2026-04-09 12:00:00+00:00,422,6,775.0,15.0,0.0,46.25,15.25
2026-04-09 12:00:00+00:00,425,3,693.0,14.2,0.0,45.9375,15.5
2026-04-09 12:00:00+00:00,425,6,726.0,14.4,0.0,45.9375,15.5
2026-04-09 12:00:00+00:00,426,3,514.0,16.5,0.0,45.5625,13.75
2026-04-09 12:00:00+00:00,426,6,533.0,16.6,0.0,45.5625,13.75
2026-04-09 13:00:00+00:00,63,1,729.0,13.6,0.0,46.375,14.0625
2026-04-09 13:00:00+00:00,76,1,724.0,13.4,0.0,46.3125,14.1875
2026-04-09 13:00:00+00:00,106,1,721.0,13.9,0.0,46.25,14.375
2026-04-09 13:00:00+00:00,122,1,664.0,14.9,0.0,46.0,14.4375
2026-04-09 13:00:00+00:00,127,1,705.0,14.3,0.0,46.125,14.5
2026-04-09 13:00:00+00:00,129,1,662.0,15.1,0.0,46.0,14.5
2026-04-09 13:00:00+00:00,177,1,589.0,10.7,0.0,45.625,14.8125
2026-04-09 13:00:00+00:00,194,1,694.0,13.9,0.0,46.5,15.0625
2026-04-09 13:00:00+00:00,236,1,607.0,13.9,0.0,45.8125,15.1875
2026-04-09 13:00:00+00:00,325,1,692.0,14.1,0.0,46.5625,15.625
2026-04-09 13:00:00+00:00,391,1,662.0,13.4,0.0,46.6875,16.0625
2026-04-09 13:00:00+00:00,422,1,668.0,14.9,0.0,46.25,15.25
2026-04-09 13:00:00+00:00,425,1,618.0,14.5,0.0,45.9375,15.5
2026-04-09 13:00:00+00:00,426,1,410.0,16.1,0.0,45.5625,13.75
2026-04-09 14:00:00+00:00,63,2,629.0,14.1,0.0,46.375,14.0625
2026-04-09 14:00:00+00:00,76,2,621.0,13.8,0.0,46.3125,14.1875
2026-04-09 14:00:00+00:00,106,2,609.0,14.3,0.0,46.25,14.375
2026-04-09 14:00:00+00:00,122,2,556.0,15.3,0.0,46.0,14.4375
2026-04-09 14:00:00+00:00,127,2,585.0,14.7,0.0,46.125,14.5
2026-04-09 14:00:00+00:00,129,2,556.0,15.4,0.0,46.0,14.5
2026-04-09 14:00:00+00:00,177,2,486.0,10.8,0.0,45.625,14.8125
2026-04-09 14:00:00+00:00,194,2,620.0,14.1,0.0,46.5,15.0625
2026-04-09 14:00:00+00:00,236,2,452.0,14.0,0.0,45.8125,15.1875
2026-04-09 14:00:00+00:00,325,2,618.0,14.3,0.0,46.5625,15.625
2026-04-09 14:00:00+00:00,391,2,545.0,13.7,0.0,46.6875,16.0625
2026-04-09 14:00:00+00:00,422,2,599.0,14.9,0.0,46.25,15.25
2026-04-09 14:00:00+00:00,425,2,485.0,14.7,0.0,45.9375,15.5
2026-04-09 14:00:00+00:00,426,2,334.0,15.7,0.0,45.5625,13.75
2026-04-09 15:00:00+00:00,63,3,485.0,14.1,0.0,46.375,14.0625
2026-04-09 15:00:00+00:00,63,6,493.0,14.8,0.0,46.375,14.0625
2026-04-09 15:00:00+00:00,76,3,482.0,13.9,0.0,46.3125,14.1875
2026-04-09 15:00:00+00:00,76,6,483.0,14.7,0.0,46.3125,14.1875
2026-04-09 15:00:00+00:00,106,3,472.0,14.4,0.0,46.25,14.375
2026-04-09 15:00:00+00:00,106,6,466.0,15.1,0.0,46.25,14.375
2026-04-09 15:00:00+00:00,122,3,432.0,15.4,0.0,46.0,14.4375
2026-04-09 15:00:00+00:00,122,6,430.0,16.3,0.0,46.0,14.4375
2026-04-09 15:00:00+00:00,127,3,448.0,14.8,0.0,46.125,14.5
2026-04-09 15:00:00+00:00,127,6,442.0,15.5,0.0,46.125,14.5
2026-04-09 15:00:00+00:00,129,3,426.0,15.4,0.0,46.0,14.5
2026-04-09 15:00:00+00:00,129,6,425.0,16.3,0.0,46.0,14.5
2026-04-09 15:00:00+00:00,177,3,357.0,10.4,0.0,45.625,14.8125
2026-04-09 15:00:00+00:00,177,6,360.0,11.2,0.0,45.625,14.8125
2026-04-09 15:00:00+00:00,194,3,476.0,13.9,0.0,46.5,15.0625
2026-04-09 15:00:00+00:00,194,6,482.0,14.5,0.0,46.5,15.0625
2026-04-09 15:00:00+00:00,236,3,377.0,13.9,0.0,45.8125,15.1875
2026-04-09 15:00:00+00:00,236,6,374.0,14.5,0.0,45.8125,15.1875
2026-04-09 15:00:00+00:00,325,3,472.0,14.1,0.0,46.5625,15.625
2026-04-09 15:00:00+00:00,325,6,473.0,14.5,0.0,46.5625,15.625
2026-04-09 15:00:00+00:00,391,3,435.0,13.7,0.0,46.6875,16.0625
2026-04-09 15:00:00+00:00,391,6,407.0,14.0,0.0,46.6875,16.0625
2026-04-09 15:00:00+00:00,422,3,472.0,14.8,0.0,46.25,15.25
2026-04-09 15:00:00+00:00,422,6,474.0,15.4,0.0,46.25,15.25
2026-04-09 15:00:00+00:00,425,3,379.0,14.5,0.0,45.9375,15.5
2026-04-09 15:00:00+00:00,425,6,360.0,14.9,0.0,45.9375,15.5
2026-04-09 15:00:00+00:00,426,3,226.0,15.1,0.0,45.5625,13.75
2026-04-09 15:00:00+00:00,426,6,228.0,15.3,0.0,45.5625,13.75
2026-04-09 16:00:00+00:00,63,1,320.0,13.8,0.0,46.375,14.0625
2026-04-09 16:00:00+00:00,76,1,316.0,13.7,0.0,46.3125,14.1875
2026-04-09 16:00:00+00:00,106,1,316.0,14.4,0.0,46.25,14.375
2026-04-09 16:00:00+00:00,122,1,288.0,15.3,0.0,46.0,14.4375
2026-04-09 16:00:00+00:00,127,1,301.0,14.8,0.0,46.125,14.5
2026-04-09 16:00:00+00:00,129,1,286.0,15.4,0.0,46.0,14.5
2026-04-09 16:00:00+00:00,177,1,242.0,10.1,0.0,45.625,14.8125
2026-04-09 16:00:00+00:00,194,1,306.0,13.5,0.0,46.5,15.0625
2026-04-09 16:00:00+00:00,236,1,245.0,13.9,0.0,45.8125,15.1875
2026-04-09 16:00:00+00:00,325,1,294.0,13.8,0.0,46.5625,15.625
2026-04-09 16:00:00+00:00,391,1,287.0,13.4,0.0,46.6875,16.0625
2026-04-09 16:00:00+00:00,422,1,306.0,14.7,0.0,46.25,15.25
2026-04-09 16:00:00+00:00,425,1,278.0,14.2,0.0,45.9375,15.5
2026-04-09 16:00:00+00:00,426,1,141.0,14.8,0.0,45.5625,13.75
2026-04-09 17:00:00+00:00,63,2,142.0,12.5,0.0,46.375,14.0625
2026-04-09 17:00:00+00:00,76,2,139.0,12.2,0.0,46.3125,14.1875
2026-04-09 17:00:00+00:00,106,2,139.0,13.5,0.0,46.25,14.375
2026-04-09 17:00:00+00:00,122,2,134.0,14.3,0.0,46.0,14.4375
2026-04-09 17:00:00+00:00,127,2,133.0,14.0,0.0,46.125,14.5
2026-04-09 17:00:00+00:00,129,2,132.0,14.4,0.0,46.0,14.5
2026-04-09 17:00:00+00:00,177,2,113.0,9.0,0.0,45.625,14.8125
2026-04-09 17:00:00+00:00,194,2,130.0,12.3,0.0,46.5,15.0625
2026-04-09 17:00:00+00:00,236,2,111.0,13.0,0.0,45.8125,15.1875
2026-04-09 17:00:00+00:00,325,2,120.0,12.8,0.0,46.5625,15.625
2026-04-09 17:00:00+00:00,391,2,117.0,12.3,0.0,46.6875,16.0625
2026-04-09 17:00:00+00:00,422,2,129.0,13.8,0.0,46.25,15.25
2026-04-09 17:00:00+00:00,425,2,121.0,13.3,0.0,45.9375,15.5
2026-04-09 17:00:00+00:00,426,2,66.0,14.2,0.0,45.5625,13.75
2026-04-09 18:00:00+00:00,63,3,16.0,9.6,0.0,46.375,14.0625
2026-04-09 18:00:00+00:00,63,6,16.0,9.3,0.0,46.375,14.0625
2026-04-09 18:00:00+00:00,76,3,15.0,9.6,0.0,46.3125,14.1875
2026-04-09 18:00:00+00:00,76,6,15.0,9.2,0.0,46.3125,14.1875
2026-04-09 18:00:00+00:00,106,3,14.0,10.6,0.0,46.25,14.375
2026-04-09 18:00:00+00:00,106,6,15.0,10.2,0.0,46.25,14.375
2026-04-09 18:00:00+00:00,122,3,14.0,11.2,0.0,46.0,14.4375
2026-04-09 18:00:00+00:00,122,6,14.0,10.8,0.0,46.0,14.4375
2026-04-09 18:00:00+00:00,127,3,14.0,11.2,0.0,46.125,14.5
2026-04-09 18:00:00+00:00,127,6,14.0,10.8,0.0,46.125,14.5
2026-04-09 18:00:00+00:00,129,3,14.0,11.3,0.0,46.0,14.5
2026-04-09 18:00:00+00:00,129,6,14.0,10.9,0.0,46.0,14.5
2026-04-09 18:00:00+00:00,177,3,13.0,6.4,0.0,45.625,14.8125
2026-04-09 18:00:00+00:00,177,6,12.0,6.3,0.0,45.625,14.8125
2026-04-09 18:00:00+00:00,194,3,12.0,9.6,0.0,46.5,15.0625
2026-04-09 18:00:00+00:00,194,6,13.0,9.3,0.0,46.5,15.0625
2026-04-09 18:00:00+00:00,236,3,10.0,10.4,0.0,45.8125,15.1875
2026-04-09 18:00:00+00:00,236,6,10.0,10.1,0.0,45.8125,15.1875
2026-04-09 18:00:00+00:00,325,3,11.0,10.7,0.0,46.5625,15.625
2026-04-09 18:00:00+00:00,325,6,11.0,10.3,0.0,46.5625,15.625
2026-04-09 18:00:00+00:00,391,3,9.0,9.5,0.0,46.6875,16.0625
2026-04-09 18:00:00+00:00,391,6,9.0,9.2,0.0,46.6875,16.0625
2026-04-09 18:00:00+00:00,422,3,11.0,10.6,0.0,46.25,15.25
2026-04-09 18:00:00+00:00,422,6,11.0,10.4,0.0,46.25,15.25
2026-04-09 18:00:00+00:00,425,3,11.0,10.2,0.0,45.9375,15.5
2026-04-09 18:00:00+00:00,425,6,11.0,9.9,0.0,45.9375,15.5
2026-04-09 18:00:00+00:00,426,3,10.0,13.3,0.0,45.5625,13.75
2026-04-09 18:00:00+00:00,426,6,9.0,13.2,0.0,45.5625,13.75
2026-04-09 19:00:00+00:00,63,1,0.0,7.7,0.0,46.375,14.0625
2026-04-09 19:00:00+00:00,76,1,0.0,8.1,0.0,46.3125,14.1875
2026-04-09 19:00:00+00:00,106,1,0.0,9.0,0.0,46.25,14.375
2026-04-09 19:00:00+00:00,122,1,0.0,9.6,0.0,46.0,14.4375
2026-04-09 19:00:00+00:00,127,1,0.0,9.4,0.0,46.125,14.5
2026-04-09 19:00:00+00:00,129,1,0.0,9.6,0.0,46.0,14.5
2026-04-09 19:00:00+00:00,177,1,0.0,5.4,0.0,45.625,14.8125
2026-04-09 19:00:00+00:00,194,1,0.0,8.0,0.0,46.5,15.0625
2026-04-09 19:00:00+00:00,236,1,0.0,9.1,0.0,45.8125,15.1875
2026-04-09 19:00:00+00:00,325,1,0.0,9.3,0.0,46.5625,15.625
2026-04-09 19:00:00+00:00,391,1,0.0,7.8,0.0,46.6875,16.0625
2026-04-09 19:00:00+00:00,422,1,0.0,8.8,0.0,46.25,15.25
2026-04-09 19:00:00+00:00,425,1,0.0,8.4,0.0,45.9375,15.5
2026-04-09 19:00:00+00:00,426,1,0.0,12.0,0.0,45.5625,13.75
2026-04-09 20:00:00+00:00,63,2,0.0,6.1,0.0,46.375,14.0625
2026-04-09 20:00:00+00:00,76,2,0.0,7.2,0.0,46.3125,14.1875
2026-04-09 20:00:00+00:00,106,2,0.0,8.1,0.0,46.25,14.375
2026-04-09 20:00:00+00:00,122,2,0.0,8.2,0.0,46.0,14.4375
2026-04-09 20:00:00+00:00,127,2,0.0,8.1,0.0,46.125,14.5
2026-04-09 20:00:00+00:00,129,2,0.0,8.2,0.0,46.0,14.5
2026-04-09 20:00:00+00:00,177,2,0.0,4.7,0.0,45.625,14.8125
2026-04-09 20:00:00+00:00,194,2,0.0,6.8,0.0,46.5,15.0625
2026-04-09 20:00:00+00:00,236,2,0.0,8.0,0.0,45.8125,15.1875
2026-04-09 20:00:00+00:00,325,2,0.0,8.4,0.0,46.5625,15.625
2026-04-09 20:00:00+00:00,391,2,0.0,7.1,0.0,46.6875,16.0625
2026-04-09 20:00:00+00:00,422,2,0.0,7.6,0.0,46.25,15.25
2026-04-09 20:00:00+00:00,425,2,0.0,7.2,0.0,45.9375,15.5
2026-04-09 20:00:00+00:00,426,2,0.0,10.1,0.0,45.5625,13.75
2026-04-09 21:00:00+00:00,63,3,0.0,5.3,0.0,46.375,14.0625
2026-04-09 21:00:00+00:00,63,6,0.0,5.2,0.0,46.375,14.0625
2026-04-09 21:00:00+00:00,76,3,0.0,6.9,0.0,46.3125,14.1875
2026-04-09 21:00:00+00:00,76,6,0.0,6.8,0.0,46.3125,14.1875
2026-04-09 21:00:00+00:00,106,3,0.0,7.5,0.0,46.25,14.375
2026-04-09 21:00:00+00:00,106,6,0.0,7.4,0.0,46.25,14.375
2026-04-09 21:00:00+00:00,122,3,0.0,7.1,0.0,46.0,14.4375
2026-04-09 21:00:00+00:00,122,6,0.0,7.1,0.0,46.0,14.4375
2026-04-09 21:00:00+00:00,127,3,0.0,6.9,0.0,46.125,14.5
2026-04-09 21:00:00+00:00,127,6,0.0,6.7,0.0,46.125,14.5
2026-04-09 21:00:00+00:00,129,3,0.0,6.8,0.0,46.0,14.5
2026-04-09 21:00:00+00:00,129,6,0.0,6.7,0.0,46.0,14.5
2026-04-09 21:00:00+00:00,177,3,0.0,4.3,0.0,45.625,14.8125
2026-04-09 21:00:00+00:00,177,6,0.0,4.1,0.0,45.625,14.8125
2026-04-09 21:00:00+00:00,194,3,0.0,5.9,0.0,46.5,15.0625
2026-04-09 21:00:00+00:00,194,6,0.0,5.9,0.0,46.5,15.0625
2026-04-09 21:00:00+00:00,236,3,0.0,6.7,0.0,45.8125,15.1875
2026-04-09 21:00:00+00:00,236,6,0.0,6.7,0.0,45.8125,15.1875
2026-04-09 21:00:00+00:00,325,3,0.0,7.7,0.0,46.5625,15.625
2026-04-09 21:00:00+00:00,325,6,0.0,7.6,0.0,46.5625,15.625
2026-04-09 21:00:00+00:00,391,3,0.0,6.5,0.0,46.6875,16.0625
2026-04-09 21:00:00+00:00,391,6,0.0,6.5,0.0,46.6875,16.0625
2026-04-09 21:00:00+00:00,422,3,0.0,7.0,0.0,46.25,15.25
2026-04-09 21:00:00+00:00,422,6,0.0,6.8,0.0,46.25,15.25
2026-04-09 21:00:00+00:00,425,3,0.0,6.4,0.0,45.9375,15.5
2026-04-09 21:00:00+00:00,425,6,0.0,6.2,0.0,45.9375,15.5
2026-04-09 21:00:00+00:00,426,3,0.0,8.9,0.0,45.5625,13.75
2026-04-09 21:00:00+00:00,426,6,0.0,9.0,0.0,45.5625,13.75
2026-04-09 22:00:00+00:00,63,1,0.0,4.3,0.0,46.375,14.0625
2026-04-09 22:00:00+00:00,76,1,0.0,6.1,0.0,46.3125,14.1875
2026-04-09 22:00:00+00:00,106,1,0.0,7.6,0.0,46.25,14.375
2026-04-09 22:00:00+00:00,122,1,0.0,6.0,0.0,46.0,14.4375
2026-04-09 22:00:00+00:00,127,1,0.0,5.8,0.0,46.125,14.5
2026-04-09 22:00:00+00:00,129,1,0.0,5.1,0.0,46.0,14.5
2026-04-09 22:00:00+00:00,177,1,0.0,3.6,0.0,45.625,14.8125
2026-04-09 22:00:00+00:00,194,1,0.0,5.2,0.0,46.5,15.0625
2026-04-09 22:00:00+00:00,236,1,0.0,5.9,0.0,45.8125,15.1875
2026-04-09 22:00:00+00:00,325,1,0.0,6.7,0.0,46.5625,15.625
2026-04-09 22:00:00+00:00,391,1,0.0,4.3,0.0,46.6875,16.0625
2026-04-09 22:00:00+00:00,422,1,0.0,6.0,0.0,46.25,15.25
2026-04-09 22:00:00+00:00,425,1,0.0,5.3,0.0,45.9375,15.5
2026-04-09 22:00:00+00:00,426,1,0.0,7.9,0.0,45.5625,13.75
2026-04-09 23:00:00+00:00,63,2,0.0,3.9,0.0,46.375,14.0625
2026-04-09 23:00:00+00:00,76,2,0.0,5.6,0.0,46.3125,14.1875
2026-04-09 23:00:00+00:00,106,2,0.0,6.7,0.0,46.25,14.375
2026-04-09 23:00:00+00:00,122,2,0.0,4.9,0.0,46.0,14.4375
2026-04-09 23:00:00+00:00,127,2,0.0,4.9,0.0,46.125,14.5
2026-04-09 23:00:00+00:00,129,2,0.0,3.6,0.0,46.0,14.5
2026-04-09 23:00:00+00:00,177,2,0.0,3.2,0.0,45.625,14.8125
2026-04-09 23:00:00+00:00,194,2,0.0,4.7,0.0,46.5,15.0625
2026-04-09 23:00:00+00:00,236,2,0.0,5.2,0.0,45.8125,15.1875
2026-04-09 23:00:00+00:00,325,2,0.0,4.7,0.0,46.5625,15.625
2026-04-09 23:00:00+00:00,391,2,0.0,2.6,0.0,46.6875,16.0625
2026-04-09 23:00:00+00:00,422,2,0.0,5.3,0.0,46.25,15.25
2026-04-09 23:00:00+00:00,425,2,0.0,4.6,0.0,45.9375,15.5
2026-04-09 23:00:00+00:00,426,2,0.0,7.6,0.0,45.5625,13.75
2026-04-10 00:00:00+00:00,63,3,0.0,3.4,0.0,46.375,14.0625
2026-04-10 00:00:00+00:00,63,6,0.0,3.5,0.0,46.375,14.0625
2026-04-10 00:00:00+00:00,63,24,0.0,3.4,0.0,46.375,14.0625
2026-04-10 00:00:00+00:00,76,3,0.0,5.2,0.0,46.3125,14.1875
2026-04-10 00:00:00+00:00,76,6,0.0,5.4,0.0,46.3125,14.1875
2026-04-10 00:00:00+00:00,76,24,0.0,5.1,0.0,46.3125,14.1875
2026-04-10 00:00:00+00:00,106,3,0.0,5.5,0.0,46.25,14.375
2026-04-10 00:00:00+00:00,106,6,0.0,5.6,0.0,46.25,14.375
2026-04-10 00:00:00+00:00,106,24,0.0,5.0,0.0,46.25,14.375
2026-04-10 00:00:00+00:00,122,3,0.0,4.1,0.0,46.0,14.4375
2026-04-10 00:00:00+00:00,122,6,0.0,4.4,0.0,46.0,14.4375
2026-04-10 00:00:00+00:00,122,24,0.0,4.3,0.0,46.0,14.4375
2026-04-10 00:00:00+00:00,127,3,0.0,4.1,0.0,46.125,14.5
2026-04-10 00:00:00+00:00,127,6,0.0,4.2,0.0,46.125,14.5
2026-04-10 00:00:00+00:00,127,24,0.0,3.8,0.0,46.125,14.5
2026-04-10 00:00:00+00:00,129,3,0.0,2.7,0.0,46.0,14.5
2026-04-10 00:00:00+00:00,129,6,0.0,3.1,0.0,46.0,14.5
2026-04-10 00:00:00+00:00,129,24,0.0,2.7,0.0,46.0,14.5
2026-04-10 00:00:00+00:00,177,3,0.0,2.8,0.0,45.625,14.8125
2026-04-10 00:00:00+00:00,177,6,0.0,3.0,0.0,45.625,14.8125
2026-04-10 00:00:00+00:00,177,24,0.0,2.9,0.0,45.625,14.8125
2026-04-10 00:00:00+00:00,194,3,0.0,4.2,0.0,46.5,15.0625
2026-04-10 00:00:00+00:00,194,6,0.0,4.2,0.0,46.5,15.0625
2026-04-10 00:00:00+00:00,194,24,0.0,3.8,0.0,46.5,15.0625
2026-04-10 00:00:00+00:00,236,3,0.0,4.5,0.0,45.8125,15.1875
2026-04-10 00:00:00+00:00,236,6,0.0,4.6,0.0,45.8125,15.1875
2026-04-10 00:00:00+00:00,236,24,0.0,4.7,0.0,45.8125,15.1875
2026-04-10 00:00:00+00:00,325,3,0.0,3.3,0.0,46.5625,15.625
2026-04-10 00:00:00+00:00,325,6,0.0,3.9,0.0,46.5625,15.625
2026-04-10 00:00:00+00:00,325,24,0.0,4.4,0.0,46.5625,15.625
2026-04-10 00:00:00+00:00,391,3,0.0,2.9,0.0,46.6875,16.0625
2026-04-10 00:00:00+00:00,391,6,0.0,3.1,0.0,46.6875,16.0625
2026-04-10 00:00:00+00:00,391,24,0.0,2.3,0.0,46.6875,16.0625
2026-04-10 00:00:00+00:00,422,3,0.0,4.5,0.0,46.25,15.25
2026-04-10 00:00:00+00:00,422,6,0.0,4.7,0.0,46.25,15.25
2026-04-10 00:00:00+00:00,422,24,0.0,4.2,0.0,46.25,15.25
2026-04-10 00:00:00+00:00,425,3,0.0,4.0,0.0,45.9375,15.5
2026-04-10 00:00:00+00:00,425,6,0.0,4.5,0.0,45.9375,15.5
2026-04-10 00:00:00+00:00,425,24,0.0,4.2,0.0,45.9375,15.5
2026-04-10 00:00:00+00:00,426,3,0.0,7.3,0.0,45.5625,13.75
2026-04-10 00:00:00+00:00,426,6,0.0,7.7,0.0,45.5625,13.75
2026-04-10 00:00:00+00:00,426,24,0.0,7.6,0.0,45.5625,13.75
2026-04-10 03:00:00+00:00,63,6,0.0,2.9,0.0,46.375,14.0625
2026-04-10 03:00:00+00:00,63,24,0.0,2.6,0.0,46.375,14.0625
2026-04-10 03:00:00+00:00,76,6,0.0,4.1,0.0,46.3125,14.1875
2026-04-10 03:00:00+00:00,76,24,0.0,3.6,0.0,46.3125,14.1875
2026-04-10 03:00:00+00:00,106,6,0.0,4.7,0.0,46.25,14.375
2026-04-10 03:00:00+00:00,106,24,0.0,4.4,0.0,46.25,14.375
2026-04-10 03:00:00+00:00,122,6,0.0,3.3,0.0,46.0,14.4375
2026-04-10 03:00:00+00:00,122,24,0.0,2.6,0.0,46.0,14.4375
2026-04-10 03:00:00+00:00,127,6,0.0,2.0,0.0,46.125,14.5
2026-04-10 03:00:00+00:00,127,24,0.0,1.5,0.0,46.125,14.5
2026-04-10 03:00:00+00:00,129,6,0.0,1.7,0.0,46.0,14.5
2026-04-10 03:00:00+00:00,129,24,0.0,1.1,0.0,46.0,14.5
2026-04-10 03:00:00+00:00,177,6,0.0,2.0,0.0,45.625,14.8125
2026-04-10 03:00:00+00:00,177,24,0.0,1.9,0.0,45.625,14.8125
2026-04-10 03:00:00+00:00,194,6,0.0,3.5,0.0,46.5,15.0625
2026-04-10 03:00:00+00:00,194,24,0.0,3.1,0.0,46.5,15.0625
2026-04-10 03:00:00+00:00,236,6,0.0,3.1,0.0,45.8125,15.1875
2026-04-10 03:00:00+00:00,236,24,0.0,2.8,0.0,45.8125,15.1875
2026-04-10 03:00:00+00:00,325,6,0.0,3.4,0.0,46.5625,15.625
2026-04-10 03:00:00+00:00,325,24,0.0,4.3,0.0,46.5625,15.625
2026-04-10 03:00:00+00:00,391,6,0.0,1.7,0.0,46.6875,16.0625
2026-04-10 03:00:00+00:00,391,24,0.0,1.8,0.0,46.6875,16.0625
2026-04-10 03:00:00+00:00,422,6,0.0,2.1,0.0,46.25,15.25
2026-04-10 03:00:00+00:00,422,24,0.0,2.1,0.0,46.25,15.25
2026-04-10 03:00:00+00:00,425,6,0.0,3.8,0.0,45.9375,15.5
2026-04-10 03:00:00+00:00,425,24,0.0,3.3,0.0,45.9375,15.5
2026-04-10 03:00:00+00:00,426,6,0.0,7.5,0.0,45.5625,13.75
2026-04-10 03:00:00+00:00,426,24,0.0,8.0,0.0,45.5625,13.75
2026-04-10 06:00:00+00:00,63,24,77.0,4.4,0.0,46.375,14.0625
2026-04-10 06:00:00+00:00,76,24,80.0,6.2,0.0,46.3125,14.1875
2026-04-10 06:00:00+00:00,106,24,73.0,5.9,0.0,46.25,14.375
2026-04-10 06:00:00+00:00,122,24,86.0,4.8,0.0,46.0,14.4375
2026-04-10 06:00:00+00:00,127,24,80.0,3.4,0.0,46.125,14.5
2026-04-10 06:00:00+00:00,129,24,88.0,4.1,0.0,46.0,14.5
2026-04-10 06:00:00+00:00,177,24,95.0,4.5,0.0,45.625,14.8125
2026-04-10 06:00:00+00:00,194,24,63.0,6.1,0.0,46.5,15.0625
2026-04-10 06:00:00+00:00,236,24,87.0,4.7,0.0,45.8125,15.1875
2026-04-10 06:00:00+00:00,325,24,66.0,5.0,0.0,46.5625,15.625
2026-04-10 06:00:00+00:00,391,24,75.0,3.2,0.0,46.6875,16.0625
2026-04-10 06:00:00+00:00,422,24,75.0,4.6,0.0,46.25,15.25
2026-04-10 06:00:00+00:00,425,24,95.0,4.9,0.0,45.9375,15.5
2026-04-10 06:00:00+00:00,426,24,99.0,11.2,0.0,45.5625,13.75
2026-04-10 09:00:00+00:00,63,24,514.0,11.1,0.0,46.375,14.0625
2026-04-10 09:00:00+00:00,76,24,518.0,11.1,0.0,46.3125,14.1875
2026-04-10 09:00:00+00:00,106,24,493.0,11.5,0.0,46.25,14.375
2026-04-10 09:00:00+00:00,122,24,548.0,12.6,0.0,46.0,14.4375
2026-04-10 09:00:00+00:00,127,24,526.0,11.8,0.0,46.125,14.5
2026-04-10 09:00:00+00:00,129,24,549.0,13.0,0.0,46.0,14.5
2026-04-10 09:00:00+00:00,177,24,600.0,10.5,0.0,45.625,14.8125
2026-04-10 09:00:00+00:00,194,24,479.0,11.6,0.0,46.5,15.0625
2026-04-10 09:00:00+00:00,236,24,528.0,12.4,0.0,45.8125,15.1875
2026-04-10 09:00:00+00:00,325,24,437.0,9.1,0.0,46.5625,15.625
2026-04-10 09:00:00+00:00,391,24,341.0,7.9,0.0,46.6875,16.0625
2026-04-10 09:00:00+00:00,422,24,492.0,11.4,0.0,46.25,15.25
2026-04-10 09:00:00+00:00,425,24,456.0,11.8,0.0,45.9375,15.5
2026-04-10 09:00:00+00:00,426,24,594.0,17.4,0.0,45.5625,13.75
2026-04-10 12:00:00+00:00,63,24,462.0,13.9,0.0,46.375,14.0625
2026-04-10 12:00:00+00:00,76,24,433.0,13.5,0.0,46.3125,14.1875
2026-04-10 12:00:00+00:00,106,24,454.0,14.5,0.0,46.25,14.375
2026-04-10 12:00:00+00:00,122,24,483.0,15.9,0.0,46.0,14.4375
2026-04-10 12:00:00+00:00,127,24,438.0,14.9,0.0,46.125,14.5
2026-04-10 12:00:00+00:00,129,24,495.0,16.1,0.0,46.0,14.5
2026-04-10 12:00:00+00:00,177,24,517.0,13.5,0.0,45.625,14.8125
2026-04-10 12:00:00+00:00,194,24,416.0,13.7,0.0,46.5,15.0625
2026-04-10 12:00:00+00:00,236,24,428.0,15.0,0.0,45.8125,15.1875
2026-04-10 12:00:00+00:00,325,24,399.0,10.9,0.0,46.5625,15.625
2026-04-10 12:00:00+00:00,391,24,271.0,9.5,0.0,46.6875,16.0625
2026-04-10 12:00:00+00:00,422,24,415.0,15.1,0.0,46.25,15.25
2026-04-10 12:00:00+00:00,425,24,355.0,14.6,0.0,45.9375,15.5
2026-04-10 12:00:00+00:00,426,24,413.0,16.3,0.0,45.5625,13.75
2026-04-10 15:00:00+00:00,63,24,239.0,13.3,0.0,46.375,14.0625
2026-04-10 15:00:00+00:00,76,24,199.0,12.9,0.0,46.3125,14.1875
2026-04-10 15:00:00+00:00,106,24,192.0,14.3,0.0,46.25,14.375
2026-04-10 15:00:00+00:00,122,24,171.0,15.5,0.0,46.0,14.4375
2026-04-10 15:00:00+00:00,127,24,153.0,14.9,0.0,46.125,14.5
2026-04-10 15:00:00+00:00,129,24,168.0,15.5,0.0,46.0,14.5
2026-04-10 15:00:00+00:00,177,24,242.0,12.2,0.0,45.625,14.8125
2026-04-10 15:00:00+00:00,194,24,195.0,9.0,0.4,46.5,15.0625
2026-04-10 15:00:00+00:00,236,24,193.0,14.9,0.0,45.8125,15.1875
2026-04-10 15:00:00+00:00,325,24,133.0,8.1,0.3,46.5625,15.625
2026-04-10 15:00:00+00:00,391,24,99.0,7.0,1.0,46.6875,16.0625
2026-04-10 15:00:00+00:00,422,24,177.0,11.6,0.0,46.25,15.25
2026-04-10 15:00:00+00:00,425,24,162.0,14.4,0.0,45.9375,15.5
2026-04-10 15:00:00+00:00,426,24,179.0,15.8,0.0,45.5625,13.75
2026-04-10 18:00:00+00:00,63,24,7.0,9.2,0.0,46.375,14.0625
2026-04-10 18:00:00+00:00,76,24,6.0,9.2,0.0,46.3125,14.1875
2026-04-10 18:00:00+00:00,106,24,8.0,10.1,0.0,46.25,14.375
2026-04-10 18:00:00+00:00,122,24,5.0,10.1,0.1,46.0,14.4375
2026-04-10 18:00:00+00:00,127,24,6.0,10.1,0.0,46.125,14.5
2026-04-10 18:00:00+00:00,129,24,4.0,10.1,0.1,46.0,14.5
2026-04-10 18:00:00+00:00,177,24,7.0,7.5,0.0,45.625,14.8125
2026-04-10 18:00:00+00:00,194,24,7.0,6.7,0.0,46.5,15.0625
2026-04-10 18:00:00+00:00,236,24,4.0,9.0,0.0,45.8125,15.1875
2026-04-10 18:00:00+00:00,325,24,4.0,5.9,0.0,46.5625,15.625
2026-04-10 18:00:00+00:00,391,24,4.0,5.9,0.0,46.6875,16.0625
2026-04-10 18:00:00+00:00,422,24,5.0,7.3,0.0,46.25,15.25
2026-04-10 18:00:00+00:00,425,24,4.0,8.5,0.0,45.9375,15.5
2026-04-10 18:00:00+00:00,426,24,9.0,14.0,0.0,45.5625,13.75
2026-04-10 21:00:00+00:00,63,24,0.0,6.4,0.0,46.375,14.0625
2026-04-10 21:00:00+00:00,76,24,0.0,7.0,0.0,46.3125,14.1875
2026-04-10 21:00:00+00:00,106,24,0.0,7.8,0.0,46.25,14.375
2026-04-10 21:00:00+00:00,122,24,0.0,7.7,0.0,46.0,14.4375
2026-04-10 21:00:00+00:00,127,24,0.0,8.1,0.0,46.125,14.5
2026-04-10 21:00:00+00:00,129,24,0.0,7.7,0.0,46.0,14.5
2026-04-10 21:00:00+00:00,177,24,0.0,5.3,0.0,45.625,14.8125
2026-04-10 21:00:00+00:00,194,24,0.0,6.1,0.0,46.5,15.0625
2026-04-10 21:00:00+00:00,236,24,0.0,7.1,0.0,45.8125,15.1875
2026-04-10 21:00:00+00:00,325,24,0.0,5.5,0.0,46.5625,15.625
2026-04-10 21:00:00+00:00,391,24,0.0,4.5,0.0,46.6875,16.0625
2026-04-10 21:00:00+00:00,422,24,0.0,5.9,0.0,46.25,15.25
2026-04-10 21:00:00+00:00,425,24,0.0,7.0,0.0,45.9375,15.5
2026-04-10 21:00:00+00:00,426,24,0.0,11.3,0.0,45.5625,13.75
